time	whole_blood_radioactivity	plasma_radioactivity
-1874.0	34	0.0
-1873.0	36	0.0
-1872.0	23	0.0
-1871.0	35	0.0
-1870.0	28	0.0
-1869.0	33	0.0
-1868.0	27	0.0
-1867.0	38	0.0
-1866.0	35	0.0
-1865.0	27	0.0
-1864.0	36	0.0
-1863.0	32	0.0
-1862.0	30	0.0
-1861.0	29	0.0
-1860.0	35	0.0
-1859.0	34	0.0
-1858.0	23	0.0
-1857.0	34	0.0
-1856.0	41	0.0
-1855.0	32	0.0
-1854.0	30	0.0
-1853.0	23	0.0
-1852.0	38	0.0
-1851.0	43	0.0
-1850.0	24	0.0
-1849.0	38	0.0
-1848.0	32	0.0
-1847.0	35	0.0
-1846.0	28	0.0
-1845.0	35	0.0
-1844.0	33	0.0
-1843.0	28	0.0
-1842.0	28	0.0
-1841.0	37	0.0
-1840.0	30	0.0
-1839.0	29	0.0
-1838.0	35	0.0
-1837.0	21	0.0
-1836.0	26	0.0
-1835.0	31	0.0
-1834.0	40	0.0
-1833.0	32	0.0
-1832.0	30	0.0
-1831.0	35	0.0
-1830.0	30	0.0
-1829.0	23	0.0
-1828.0	32	0.0
-1827.0	41	0.0
-1826.0	27	0.0
-1825.0	27	0.0
-1824.0	33	0.0
-1823.0	30	0.0
-1822.0	18	0.0
-1821.0	29	0.0
-1820.0	34	0.0
-1819.0	30	0.0
-1818.0	32	0.0
-1817.0	29	0.0
-1816.0	32	0.0
-1815.0	39	0.0
-1814.0	30	0.0
-1813.0	35	0.0
-1812.0	32	0.0
-1811.0	26	0.0
-1810.0	35	0.0
-1809.0	23	0.0
-1808.0	33	0.0
-1807.0	36	0.0
-1806.0	32	0.0
-1805.0	34	0.0
-1804.0	19	0.0
-1803.0	26	0.0
-1802.0	33	0.0
-1801.0	12	0.0
-1800.0	26	0.0
-1799.0	19	0.0
-1798.0	30	0.0
-1797.0	30	0.0
-1796.0	29	0.0
-1795.0	25	0.0
-1794.0	30	0.0
-1793.0	28	0.0
-1792.0	26	0.0
-1791.0	34	0.0
-1790.0	32	0.0
-1789.0	26	0.0
-1788.0	33	0.0
-1787.0	24	0.0
-1786.0	28	0.0
-1785.0	28	0.0
-1784.0	26	0.0
-1783.0	33	0.0
-1782.0	27	0.0
-1781.0	22	0.0
-1780.0	26	0.0
-1779.0	27	0.0
-1778.0	29	0.0
-1777.0	31	0.0
-1776.0	35	0.0
-1775.0	42	0.0
-1774.0	20	0.0
-1773.0	27	0.0
-1772.0	21	0.0
-1771.0	29	0.0
-1770.0	30	0.0
-1769.0	27	0.0
-1768.0	30	0.0
-1767.0	30	0.0
-1766.0	33	0.0
-1765.0	30	0.0
-1764.0	31	0.0
-1763.0	33	0.0
-1762.0	26	0.0
-1761.0	37	0.0
-1760.0	24	0.0
-1759.0	28	0.0
-1758.0	34	0.0
-1757.0	27	0.0
-1756.0	23	0.0
-1755.0	27	0.0
-1754.0	34	0.0
-1753.0	34	0.0
-1752.0	40	0.0
-1751.0	27	0.0
-1750.0	28	0.0
-1749.0	36	0.0
-1748.0	32	0.0
-1747.0	14	0.0
-1746.0	35	0.0
-1745.0	23	0.0
-1744.0	36	0.0
-1743.0	24	0.0
-1742.0	32	0.0
-1741.0	31	0.0
-1740.0	28	0.0
-1739.0	27	0.0
-1738.0	31	0.0
-1737.0	29	0.0
-1736.0	31	0.0
-1735.0	31	0.0
-1734.0	37	0.0
-1733.0	35	0.0
-1732.0	31	0.0
-1731.0	33	0.0
-1730.0	31	0.0
-1729.0	28	0.0
-1728.0	33	0.0
-1727.0	30	0.0
-1726.0	28	0.0
-1725.0	34	0.0
-1724.0	27	0.0
-1723.0	29	0.0
-1722.0	33	0.0
-1721.0	31	0.0
-1720.0	39	0.0
-1719.0	33	0.0
-1718.0	38	0.0
-1717.0	26	0.0
-1716.0	23	0.0
-1715.0	27	0.0
-1714.0	32	0.0
-1713.0	27	0.0
-1712.0	36	0.0
-1711.0	30	0.0
-1710.0	31	0.0
-1709.0	27	0.0
-1708.0	30	0.0
-1707.0	30	0.0
-1706.0	25	0.0
-1705.0	34	0.0
-1704.0	32	0.0
-1703.0	24	0.0
-1702.0	31	0.0
-1701.0	32	0.0
-1700.0	32	0.0
-1699.0	35	0.0
-1698.0	34	0.0
-1697.0	27	0.0
-1696.0	33	0.0
-1695.0	33	0.0
-1694.0	37	0.0
-1693.0	33	0.0
-1692.0	42	0.0
-1691.0	24	0.0
-1690.0	32	0.0
-1689.0	28	0.0
-1688.0	29	0.0
-1687.0	30	0.0
-1686.0	24	0.0
-1685.0	39	0.0
-1684.0	30	0.0
-1683.0	40	0.0
-1682.0	29	0.0
-1681.0	41	0.0
-1680.0	29	0.0
-1679.0	24	0.0
-1678.0	32	0.0
-1677.0	33	0.0
-1676.0	40	0.0
-1675.0	34	0.0
-1674.0	29	0.0
-1673.0	27	0.0
-1672.0	38	0.0
-1671.0	28	0.0
-1670.0	31	0.0
-1669.0	34	0.0
-1668.0	36	0.0
-1667.0	31	0.0
-1666.0	31	0.0
-1665.0	28	0.0
-1664.0	29	0.0
-1663.0	21	0.0
-1662.0	33	0.0
-1661.0	25	0.0
-1660.0	26	0.0
-1659.0	28	0.0
-1658.0	23	0.0
-1657.0	24	0.0
-1656.0	28	0.0
-1655.0	22	0.0
-1654.0	28	0.0
-1653.0	31	0.0
-1652.0	29	0.0
-1651.0	36	0.0
-1650.0	27	0.0
-1649.0	30	0.0
-1648.0	27	0.0
-1647.0	38	0.0
-1646.0	40	0.0
-1645.0	23	0.0
-1644.0	31	0.0
-1643.0	32	0.0
-1642.0	34	0.0
-1641.0	29	0.0
-1640.0	22	0.0
-1639.0	36	0.0
-1638.0	34	0.0
-1637.0	24	0.0
-1636.0	32	0.0
-1635.0	29	0.0
-1634.0	39	0.0
-1633.0	38	0.0
-1632.0	37	0.0
-1631.0	43	0.0
-1630.0	31	0.0
-1629.0	29	0.0
-1628.0	33	0.0
-1627.0	26	0.0
-1626.0	34	0.0
-1625.0	26	0.0
-1624.0	16	0.0
-1623.0	28	0.0
-1622.0	40	0.0
-1621.0	29	0.0
-1620.0	19	0.0
-1619.0	35	0.0
-1618.0	25	0.0
-1617.0	28	0.0
-1616.0	35	0.0
-1615.0	25	0.0
-1614.0	33	0.0
-1613.0	31	0.0
-1612.0	31	0.0
-1611.0	33	0.0
-1610.0	29	0.0
-1609.0	34	0.0
-1608.0	35	0.0
-1607.0	28	0.0
-1606.0	39	0.0
-1605.0	20	0.0
-1604.0	31	0.0
-1603.0	34	0.0
-1602.0	37	0.0
-1601.0	38	0.0
-1600.0	27	0.0
-1599.0	32	0.0
-1598.0	39	0.0
-1597.0	28	0.0
-1596.0	29	0.0
-1595.0	35	0.0
-1594.0	40	0.0
-1593.0	29	0.0
-1592.0	23	0.0
-1591.0	27	0.0
-1590.0	42	0.0
-1589.0	29	0.0
-1588.0	38	0.0
-1587.0	32	0.0
-1586.0	38	0.0
-1585.0	34	0.0
-1584.0	24	0.0
-1583.0	23	0.0
-1582.0	30	0.0
-1581.0	31	0.0
-1580.0	28	0.0
-1579.0	31	0.0
-1578.0	27	0.0
-1577.0	23	0.0
-1576.0	32	0.0
-1575.0	42	0.0
-1574.0	33	0.0
-1573.0	26	0.0
-1572.0	35	0.0
-1571.0	29	0.0
-1570.0	27	0.0
-1569.0	18	0.0
-1568.0	35	0.0
-1567.0	37	0.0
-1566.0	25	0.0
-1565.0	33	0.0
-1564.0	35	0.0
-1563.0	25	0.0
-1562.0	31	0.0
-1561.0	30	0.0
-1560.0	37	0.0
-1559.0	23	0.0
-1558.0	24	0.0
-1557.0	26	0.0
-1556.0	41	0.0
-1555.0	30	0.0
-1554.0	36	0.0
-1553.0	23	0.0
-1552.0	28	0.0
-1551.0	30	0.0
-1550.0	38	0.0
-1549.0	31	0.0
-1548.0	33	0.0
-1547.0	27	0.0
-1546.0	33	0.0
-1545.0	35	0.0
-1544.0	41	0.0
-1543.0	37	0.0
-1542.0	28	0.0
-1541.0	23	0.0
-1540.0	28	0.0
-1539.0	36	0.0
-1538.0	29	0.0
-1537.0	28	0.0
-1536.0	24	0.0
-1535.0	30	0.0
-1534.0	30	0.0
-1533.0	31	0.0
-1532.0	29	0.0
-1531.0	28	0.0
-1530.0	12	0.0
-1529.0	34	0.0
-1528.0	32	0.0
-1527.0	23	0.0
-1526.0	29	0.0
-1525.0	38	0.0
-1524.0	28	0.0
-1523.0	29	0.0
-1522.0	39	0.0
-1521.0	36	0.0
-1520.0	32	0.0
-1519.0	31	0.0
-1518.0	31	0.0
-1517.0	30	0.0
-1516.0	25	0.0
-1515.0	18	0.0
-1514.0	39	0.0
-1513.0	33	0.0
-1512.0	32	0.0
-1511.0	30	0.0
-1510.0	16	0.0
-1509.0	32	0.0
-1508.0	36	0.0
-1507.0	20	0.0
-1506.0	32	0.0
-1505.0	29	0.0
-1504.0	38	0.0
-1503.0	32	0.0
-1502.0	31	0.0
-1501.0	25	0.0
-1500.0	21	0.0
-1499.0	32	0.0
-1498.0	31	0.0
-1497.0	37	0.0
-1496.0	24	0.0
-1495.0	26	0.0
-1494.0	41	0.0
-1493.0	26	0.0
-1492.0	32	0.0
-1491.0	36	0.0
-1490.0	27	0.0
-1489.0	25	0.0
-1488.0	27	0.0
-1487.0	29	0.0
-1486.0	32	0.0
-1485.0	31	0.0
-1484.0	35	0.0
-1483.0	25	0.0
-1482.0	45	0.0
-1481.0	25	0.0
-1480.0	30	0.0
-1479.0	33	0.0
-1478.0	29	0.0
-1477.0	18	0.0
-1476.0	24	0.0
-1475.0	25	0.0
-1474.0	30	0.0
-1473.0	39	0.0
-1472.0	27	0.0
-1471.0	23	0.0
-1470.0	26	0.0
-1469.0	36	0.0
-1468.0	23	0.0
-1467.0	24	0.0
-1466.0	28	0.0
-1465.0	23	0.0
-1464.0	31	0.0
-1463.0	31	0.0
-1462.0	27	0.0
-1461.0	25	0.0
-1460.0	31	0.0
-1459.0	33	0.0
-1458.0	37	0.0
-1457.0	37	0.0
-1456.0	23	0.0
-1455.0	33	0.0
-1454.0	27	0.0
-1453.0	41	0.0
-1452.0	43	0.0
-1451.0	23	0.0
-1450.0	22	0.0
-1449.0	31	0.0
-1448.0	43	0.0
-1447.0	25	0.0
-1446.0	31	0.0
-1445.0	31	0.0
-1444.0	26	0.0
-1443.0	26	0.0
-1442.0	32	0.0
-1441.0	30	0.0
-1440.0	35	0.0
-1439.0	32	0.0
-1438.0	29	0.0
-1437.0	37	0.0
-1436.0	34	0.0
-1435.0	27	0.0
-1434.0	17	0.0
-1433.0	33	0.0
-1432.0	32	0.0
-1431.0	31	0.0
-1430.0	33	0.0
-1429.0	38	0.0
-1428.0	27	0.0
-1427.0	23	0.0
-1426.0	34	0.0
-1425.0	36	0.0
-1424.0	27	0.0
-1423.0	40	0.0
-1422.0	28	0.0
-1421.0	29	0.0
-1420.0	45	0.0
-1419.0	33	0.0
-1418.0	27	0.0
-1417.0	34	0.0
-1416.0	32	0.0
-1415.0	29	0.0
-1414.0	26	0.0
-1413.0	29	0.0
-1412.0	42	0.0
-1411.0	22	0.0
-1410.0	35	0.0
-1409.0	25	0.0
-1408.0	34	0.0
-1407.0	33	0.0
-1406.0	36	0.0
-1405.0	29	0.0
-1404.0	19	0.0
-1403.0	21	0.0
-1402.0	35	0.0
-1401.0	43	0.0
-1400.0	37	0.0
-1399.0	33	0.0
-1398.0	24	0.0
-1397.0	23	0.0
-1396.0	37	0.0
-1395.0	20	0.0
-1394.0	28	0.0
-1393.0	35	0.0
-1392.0	30	0.0
-1391.0	32	0.0
-1390.0	32	0.0
-1389.0	31	0.0
-1388.0	21	0.0
-1387.0	41	0.0
-1386.0	31	0.0
-1385.0	30	0.0
-1384.0	35	0.0
-1383.0	29	0.0
-1382.0	34	0.0
-1381.0	34	0.0
-1380.0	30	0.0
-1379.0	42	0.0
-1378.0	24	0.0
-1377.0	34	0.0
-1376.0	33	0.0
-1375.0	31	0.0
-1374.0	36	0.0
-1373.0	35	0.0
-1372.0	28	0.0
-1371.0	24	0.0
-1370.0	24	0.0
-1369.0	22	0.0
-1368.0	34	0.0
-1367.0	25	0.0
-1366.0	37	0.0
-1365.0	33	0.0
-1364.0	31	0.0
-1363.0	30	0.0
-1362.0	38	0.0
-1361.0	28	0.0
-1360.0	41	0.0
-1359.0	41	0.0
-1358.0	23	0.0
-1357.0	29	0.0
-1356.0	28	0.0
-1355.0	30	0.0
-1354.0	28	0.0
-1353.0	37	0.0
-1352.0	35	0.0
-1351.0	28	0.0
-1350.0	23	0.0
-1349.0	35	0.0
-1348.0	36	0.0
-1347.0	28	0.0
-1346.0	31	0.0
-1345.0	29	0.0
-1344.0	28	0.0
-1343.0	18	0.0
-1342.0	25	0.0
-1341.0	22	0.0
-1340.0	42	0.0
-1339.0	28	0.0
-1338.0	33	0.0
-1337.0	29	0.0
-1336.0	31	0.0
-1335.0	20	0.0
-1334.0	34	0.0
-1333.0	27	0.0
-1332.0	30	0.0
-1331.0	21	0.0
-1330.0	25	0.0
-1329.0	36	0.0
-1328.0	31	0.0
-1327.0	25	0.0
-1326.0	26	0.0
-1325.0	27	0.0
-1324.0	45	0.0
-1323.0	35	0.0
-1322.0	29	0.0
-1321.0	29	0.0
-1320.0	41	0.0
-1319.0	25	0.0
-1318.0	39	0.0
-1317.0	29	0.0
-1316.0	26	0.0
-1315.0	35	0.0
-1314.0	24	0.0
-1313.0	28	0.0
-1312.0	27	0.0
-1311.0	35	0.0
-1310.0	20	0.0
-1309.0	31	0.0
-1308.0	31	0.0
-1307.0	30	0.0
-1306.0	33	0.0
-1305.0	32	0.0
-1304.0	26	0.0
-1303.0	28	0.0
-1302.0	29	0.0
-1301.0	22	0.0
-1300.0	32	0.0
-1299.0	31	0.0
-1298.0	31	0.0
-1297.0	34	0.0
-1296.0	31	0.0
-1295.0	36	0.0
-1294.0	37	0.0
-1293.0	36	0.0
-1292.0	31	0.0
-1291.0	37	0.0
-1290.0	27	0.0
-1289.0	31	0.0
-1288.0	29	0.0
-1287.0	36	0.0
-1286.0	36	0.0
-1285.0	36	0.0
-1284.0	33	0.0
-1283.0	25	0.0
-1282.0	31	0.0
-1281.0	28	0.0
-1280.0	29	0.0
-1279.0	26	0.0
-1278.0	26	0.0
-1277.0	33	0.0
-1276.0	26	0.0
-1275.0	25	0.0
-1274.0	27	0.0
-1273.0	34	0.0
-1272.0	25	0.0
-1271.0	36	0.0
-1270.0	33	0.0
-1269.0	33	0.0
-1268.0	22	0.0
-1267.0	35	0.0
-1266.0	37	0.0
-1265.0	46	0.0
-1264.0	37	0.0
-1263.0	23	0.0
-1262.0	34	0.0
-1261.0	40	0.0
-1260.0	28	0.0
-1259.0	27	0.0
-1258.0	25	0.0
-1257.0	31	0.0
-1256.0	33	0.0
-1255.0	32	0.0
-1254.0	29	0.0
-1253.0	21	0.0
-1252.0	29	0.0
-1251.0	28	0.0
-1250.0	26	0.0
-1249.0	38	0.0
-1248.0	38	0.0
-1247.0	31	0.0
-1246.0	28	0.0
-1245.0	31	0.0
-1244.0	44	0.0
-1243.0	33	0.0
-1242.0	36	0.0
-1241.0	34	0.0
-1240.0	36	0.0
-1239.0	31	0.0
-1238.0	35	0.0
-1237.0	26	0.0
-1236.0	26	0.0
-1235.0	33	0.0
-1234.0	28	0.0
-1233.0	27	0.0
-1232.0	33	0.0
-1231.0	25	0.0
-1230.0	26	0.0
-1229.0	36	0.0
-1228.0	26	0.0
-1227.0	33	0.0
-1226.0	29	0.0
-1225.0	37	0.0
-1224.0	20	0.0
-1223.0	29	0.0
-1222.0	30	0.0
-1221.0	33	0.0
-1220.0	31	0.0
-1219.0	34	0.0
-1218.0	31	0.0
-1217.0	22	0.0
-1216.0	27	0.0
-1215.0	32	0.0
-1214.0	25	0.0
-1213.0	23	0.0
-1212.0	35	0.0
-1211.0	33	0.0
-1210.0	31	0.0
-1209.0	30	0.0
-1208.0	31	0.0
-1207.0	29	0.0
-1206.0	18	0.0
-1205.0	28	0.0
-1204.0	29	0.0
-1203.0	24	0.0
-1202.0	31	0.0
-1201.0	27	0.0
-1200.0	28	0.0
-1199.0	34	0.0
-1198.0	39	0.0
-1197.0	20	0.0
-1196.0	26	0.0
-1195.0	30	0.0
-1194.0	33	0.0
-1193.0	30	0.0
-1192.0	35	0.0
-1191.0	27	0.0
-1190.0	21	0.0
-1189.0	29	0.0
-1188.0	28	0.0
-1187.0	30	0.0
-1186.0	35	0.0
-1185.0	35	0.0
-1184.0	34	0.0
-1183.0	36	0.0
-1182.0	36	0.0
-1181.0	29	0.0
-1180.0	32	0.0
-1179.0	36	0.0
-1178.0	32	0.0
-1177.0	32	0.0
-1176.0	25	0.0
-1175.0	20	0.0
-1174.0	43	0.0
-1173.0	37	0.0
-1172.0	36	0.0
-1171.0	39	0.0
-1170.0	26	0.0
-1169.0	23	0.0
-1168.0	28	0.0
-1167.0	35	0.0
-1166.0	23	0.0
-1165.0	31	0.0
-1164.0	33	0.0
-1163.0	30	0.0
-1162.0	37	0.0
-1161.0	22	0.0
-1160.0	48	0.0
-1159.0	34	0.0
-1158.0	40	0.0
-1157.0	30	0.0
-1156.0	42	0.0
-1155.0	28	0.0
-1154.0	31	0.0
-1153.0	31	0.0
-1152.0	43	0.0
-1151.0	36	0.0
-1150.0	34	0.0
-1149.0	17	0.0
-1148.0	31	0.0
-1147.0	36	0.0
-1146.0	43	0.0
-1145.0	35	0.0
-1144.0	32	0.0
-1143.0	18	0.0
-1142.0	40	0.0
-1141.0	35	0.0
-1140.0	29	0.0
-1139.0	32	0.0
-1138.0	32	0.0
-1137.0	25	0.0
-1136.0	35	0.0
-1135.0	35	0.0
-1134.0	28	0.0
-1133.0	21	0.0
-1132.0	41	0.0
-1131.0	25	0.0
-1130.0	28	0.0
-1129.0	38	0.0
-1128.0	29	0.0
-1127.0	38	0.0
-1126.0	23	0.0
-1125.0	21	0.0
-1124.0	24	0.0
-1123.0	29	0.0
-1122.0	42	0.0
-1121.0	27	0.0
-1120.0	20	0.0
-1119.0	33	0.0
-1118.0	29	0.0
-1117.0	33	0.0
-1116.0	32	0.0
-1115.0	27	0.0
-1114.0	35	0.0
-1113.0	26	0.0
-1112.0	30	0.0
-1111.0	27	0.0
-1110.0	25	0.0
-1109.0	30	0.0
-1108.0	34	0.0
-1107.0	31	0.0
-1106.0	27	0.0
-1105.0	37	0.0
-1104.0	34	0.0
-1103.0	23	0.0
-1102.0	34	0.0
-1101.0	34	0.0
-1100.0	33	0.0
-1099.0	29	0.0
-1098.0	31	0.0
-1097.0	37	0.0
-1096.0	19	0.0
-1095.0	29	0.0
-1094.0	22	0.0
-1093.0	22	0.0
-1092.0	32	0.0
-1091.0	33	0.0
-1090.0	31	0.0
-1089.0	34	0.0
-1088.0	35	0.0
-1087.0	36	0.0
-1086.0	35	0.0
-1085.0	31	0.0
-1084.0	20	0.0
-1083.0	21	0.0
-1082.0	28	0.0
-1081.0	26	0.0
-1080.0	28	0.0
-1079.0	23	0.0
-1078.0	25	0.0
-1077.0	36	0.0
-1076.0	36	0.0
-1075.0	31	0.0
-1074.0	32	0.0
-1073.0	31	0.0
-1072.0	33	0.0
-1071.0	28	0.0
-1070.0	33	0.0
-1069.0	26	0.0
-1068.0	24	0.0
-1067.0	35	0.0
-1066.0	18	0.0
-1065.0	32	0.0
-1064.0	30	0.0
-1063.0	27	0.0
-1062.0	14	0.0
-1061.0	25	0.0
-1060.0	29	0.0
-1059.0	34	0.0
-1058.0	23	0.0
-1057.0	29	0.0
-1056.0	33	0.0
-1055.0	27	0.0
-1054.0	43	0.0
-1053.0	25	0.0
-1052.0	38	0.0
-1051.0	31	0.0
-1050.0	27	0.0
-1049.0	31	0.0
-1048.0	25	0.0
-1047.0	31	0.0
-1046.0	33	0.0
-1045.0	37	0.0
-1044.0	30	0.0
-1043.0	31	0.0
-1042.0	24	0.0
-1041.0	28	0.0
-1040.0	36	0.0
-1039.0	30	0.0
-1038.0	30	0.0
-1037.0	38	0.0
-1036.0	29	0.0
-1035.0	34	0.0
-1034.0	23	0.0
-1033.0	26	0.0
-1032.0	28	0.0
-1031.0	30	0.0
-1030.0	29	0.0
-1029.0	24	0.0
-1028.0	36	0.0
-1027.0	24	0.0
-1026.0	37	0.0
-1025.0	25	0.0
-1024.0	33	0.0
-1023.0	40	0.0
-1022.0	29	0.0
-1021.0	32	0.0
-1020.0	29	0.0
-1019.0	19	0.0
-1018.0	33	0.0
-1017.0	44	0.0
-1016.0	34	0.0
-1015.0	36	0.0
-1014.0	28	0.0
-1013.0	31	0.0
-1012.0	29	0.0
-1011.0	28	0.0
-1010.0	33	0.0
-1009.0	20	0.0
-1008.0	28	0.0
-1007.0	17	0.0
-1006.0	28	0.0
-1005.0	30	0.0
-1004.0	35	0.0
-1003.0	24	0.0
-1002.0	39	0.0
-1001.0	26	0.0
-1000.0	32	0.0
-999.0	24	0.0
-998.0	34	0.0
-997.0	36	0.0
-996.0	25	0.0
-995.0	29	0.0
-994.0	32	0.0
-993.0	32	0.0
-992.0	26	0.0
-991.0	20	0.0
-990.0	27	0.0
-989.0	27	0.0
-988.0	38	0.0
-987.0	34	0.0
-986.0	25	0.0
-985.0	21	0.0
-984.0	26	0.0
-983.0	30	0.0
-982.0	40	0.0
-981.0	30	0.0
-980.0	32	0.0
-979.0	28	0.0
-978.0	27	0.0
-977.0	27	0.0
-976.0	28	0.0
-975.0	32	0.0
-974.0	34	0.0
-973.0	32	0.0
-972.0	36	0.0
-971.0	34	0.0
-970.0	23	0.0
-969.0	26	0.0
-968.0	29	0.0
-967.0	30	0.0
-966.0	26	0.0
-965.0	40	0.0
-964.0	35	0.0
-963.0	35	0.0
-962.0	27	0.0
-961.0	33	0.0
-960.0	19	0.0
-959.0	24	0.0
-958.0	27	0.0
-957.0	33	0.0
-956.0	29	0.0
-955.0	33	0.0
-954.0	30	0.0
-953.0	14	0.0
-952.0	28	0.0
-951.0	35	0.0
-950.0	41	0.0
-949.0	36	0.0
-948.0	33	0.0
-947.0	28	0.0
-946.0	30	0.0
-945.0	31	0.0
-944.0	24	0.0
-943.0	35	0.0
-942.0	29	0.0
-941.0	26	0.0
-940.0	34	0.0
-939.0	17	0.0
-938.0	33	0.0
-937.0	37	0.0
-936.0	35	0.0
-935.0	27	0.0
-934.0	26	0.0
-933.0	27	0.0
-932.0	32	0.0
-931.0	33	0.0
-930.0	35	0.0
-929.0	19	0.0
-928.0	28	0.0
-927.0	32	0.0
-926.0	26	0.0
-925.0	33	0.0
-924.0	41	0.0
-923.0	31	0.0
-922.0	33	0.0
-921.0	22	0.0
-920.0	27	0.0
-919.0	32	0.0
-918.0	28	0.0
-917.0	31	0.0
-916.0	27	0.0
-915.0	27	0.0
-914.0	35	0.0
-913.0	26	0.0
-912.0	30	0.0
-911.0	30	0.0
-910.0	18	0.0
-909.0	40	0.0
-908.0	27	0.0
-907.0	34	0.0
-906.0	31	0.0
-905.0	24	0.0
-904.0	29	0.0
-903.0	34	0.0
-902.0	35	0.0
-901.0	31	0.0
-900.0	25	0.0
-899.0	30	0.0
-898.0	41	0.0
-897.0	30	0.0
-896.0	30	0.0
-895.0	43	0.0
-894.0	25	0.0
-893.0	38	0.0
-892.0	26	0.0
-891.0	29	0.0
-890.0	23	0.0
-889.0	34	0.0
-888.0	29	0.0
-887.0	29	0.0
-886.0	31	0.0
-885.0	31	0.0
-884.0	35	0.0
-883.0	24	0.0
-882.0	26	0.0
-881.0	23	0.0
-880.0	27	0.0
-879.0	29	0.0
-878.0	34	0.0
-877.0	34	0.0
-876.0	24	0.0
-875.0	21	0.0
-874.0	21	0.0
-873.0	29	0.0
-872.0	31	0.0
-871.0	28	0.0
-870.0	28	0.0
-869.0	33	0.0
-868.0	17	0.0
-867.0	32	0.0
-866.0	26	0.0
-865.0	32	0.0
-864.0	25	0.0
-863.0	24	0.0
-862.0	43	0.0
-861.0	31	0.0
-860.0	35	0.0
-859.0	22	0.0
-858.0	30	0.0
-857.0	27	0.0
-856.0	34	0.0
-855.0	38	0.0
-854.0	40	0.0
-853.0	29	0.0
-852.0	42	0.0
-851.0	28	0.0
-850.0	28	0.0
-849.0	31	0.0
-848.0	28	0.0
-847.0	18	0.0
-846.0	31	0.0
-845.0	30	0.0
-844.0	40	0.0
-843.0	32	0.0
-842.0	36	0.0
-841.0	34	0.0
-840.0	31	0.0
-839.0	25	0.0
-838.0	42	0.0
-837.0	29	0.0
-836.0	28	0.0
-835.0	29	0.0
-834.0	30	0.0
-833.0	26	0.0
-832.0	35	0.0
-831.0	25	0.0
-830.0	24	0.0
-829.0	34	0.0
-828.0	27	0.0
-827.0	31	0.0
-826.0	33	0.0
-825.0	28	0.0
-824.0	28	0.0
-823.0	33	0.0
-822.0	44	0.0
-821.0	37	0.0
-820.0	19	0.0
-819.0	32	0.0
-818.0	35	0.0
-817.0	24	0.0
-816.0	21	0.0
-815.0	24	0.0
-814.0	39	0.0
-813.0	28	0.0
-812.0	41	0.0
-811.0	24	0.0
-810.0	30	0.0
-809.0	26	0.0
-808.0	27	0.0
-807.0	32	0.0
-806.0	26	0.0
-805.0	28	0.0
-804.0	27	0.0
-803.0	32	0.0
-802.0	22	0.0
-801.0	25	0.0
-800.0	24	0.0
-799.0	30	0.0
-798.0	30	0.0
-797.0	25	0.0
-796.0	36	0.0
-795.0	28	0.0
-794.0	37	0.0
-793.0	33	0.0
-792.0	22	0.0
-791.0	31	0.0
-790.0	30	0.0
-789.0	30	0.0
-788.0	27	0.0
-787.0	22	0.0
-786.0	32	0.0
-785.0	28	0.0
-784.0	30	0.0
-783.0	29	0.0
-782.0	23	0.0
-781.0	29	0.0
-780.0	35	0.0
-779.0	25	0.0
-778.0	21	0.0
-777.0	20	0.0
-776.0	20	0.0
-775.0	30	0.0
-774.0	23	0.0
-773.0	38	0.0
-772.0	35	0.0
-771.0	31	0.0
-770.0	32	0.0
-769.0	24	0.0
-768.0	29	0.0
-767.0	29	0.0
-766.0	32	0.0
-765.0	33	0.0
-764.0	26	0.0
-763.0	22	0.0
-762.0	31	0.0
-761.0	26	0.0
-760.0	33	0.0
-759.0	27	0.0
-758.0	33	0.0
-757.0	37	0.0
-756.0	33	0.0
-755.0	34	0.0
-754.0	34	0.0
-753.0	36	0.0
-752.0	29	0.0
-751.0	30	0.0
-750.0	22	0.0
-749.0	38	0.0
-748.0	22	0.0
-747.0	21	0.0
-746.0	32	0.0
-745.0	23	0.0
-744.0	37	0.0
-743.0	25	0.0
-742.0	28	0.0
-741.0	27	0.0
-740.0	35	0.0
-739.0	31	0.0
-738.0	29	0.0
-737.0	20	0.0
-736.0	29	0.0
-735.0	28	0.0
-734.0	26	0.0
-733.0	32	0.0
-732.0	34	0.0
-731.0	18	0.0
-730.0	28	0.0
-729.0	32	0.0
-728.0	34	0.0
-727.0	27	0.0
-726.0	29	0.0
-725.0	32	0.0
-724.0	36	0.0
-723.0	23	0.0
-722.0	30	0.0
-721.0	26	0.0
-720.0	30	0.0
-719.0	40	0.0
-718.0	31	0.0
-717.0	31	0.0
-716.0	31	0.0
-715.0	28	0.0
-714.0	29	0.0
-713.0	23	0.0
-712.0	29	0.0
-711.0	34	0.0
-710.0	27	0.0
-709.0	32	0.0
-708.0	37	0.0
-707.0	23	0.0
-706.0	30	0.0
-705.0	29	0.0
-704.0	30	0.0
-703.0	29	0.0
-702.0	32	0.0
-701.0	31	0.0
-700.0	24	0.0
-699.0	29	0.0
-698.0	26	0.0
-697.0	35	0.0
-696.0	33	0.0
-695.0	25	0.0
-694.0	25	0.0
-693.0	26	0.0
-692.0	22	0.0
-691.0	26	0.0
-690.0	21	0.0
-689.0	24	0.0
-688.0	38	0.0
-687.0	28	0.0
-686.0	28	0.0
-685.0	23	0.0
-684.0	35	0.0
-683.0	28	0.0
-682.0	26	0.0
-681.0	33	0.0
-680.0	36	0.0
-679.0	23	0.0
-678.0	24	0.0
-677.0	28	0.0
-676.0	36	0.0
-675.0	27	0.0
-674.0	38	0.0
-673.0	29	0.0
-672.0	32	0.0
-671.0	25	0.0
-670.0	24	0.0
-669.0	30	0.0
-668.0	30	0.0
-667.0	44	0.0
-666.0	25	0.0
-665.0	35	0.0
-664.0	27	0.0
-663.0	33	0.0
-662.0	36	0.0
-661.0	33	0.0
-660.0	27	0.0
-659.0	24	0.0
-658.0	25	0.0
-657.0	31	0.0
-656.0	19	0.0
-655.0	34	0.0
-654.0	33	0.0
-653.0	32	0.0
-652.0	30	0.0
-651.0	24	0.0
-650.0	33	0.0
-649.0	21	0.0
-648.0	25	0.0
-647.0	36	0.0
-646.0	26	0.0
-645.0	26	0.0
-644.0	30	0.0
-643.0	27	0.0
-642.0	23	0.0
-641.0	36	0.0
-640.0	31	0.0
-639.0	25	0.0
-638.0	27	0.0
-637.0	37	0.0
-636.0	44	0.0
-635.0	32	0.0
-634.0	29	0.0
-633.0	35	0.0
-632.0	28	0.0
-631.0	32	0.0
-630.0	28	0.0
-629.0	35	0.0
-628.0	38	0.0
-627.0	24	0.0
-626.0	36	0.0
-625.0	27	0.0
-624.0	33	0.0
-623.0	35	0.0
-622.0	30	0.0
-621.0	30	0.0
-620.0	21	0.0
-619.0	27	0.0
-618.0	27	0.0
-617.0	29	0.0
-616.0	28	0.0
-615.0	39	0.0
-614.0	29	0.0
-613.0	25	0.0
-612.0	41	0.0
-611.0	26	0.0
-610.0	23	0.0
-609.0	37	0.0
-608.0	25	0.0
-607.0	35	0.0
-606.0	34	0.0
-605.0	31	0.0
-604.0	31	0.0
-603.0	37	0.0
-602.0	27	0.0
-601.0	32	0.0
-600.0	35	0.0
-599.0	29	0.0
-598.0	30	0.0
-597.0	34	0.0
-596.0	30	0.0
-595.0	25	0.0
-594.0	28	0.0
-593.0	40	0.0
-592.0	30	0.0
-591.0	49	0.0
-590.0	36	0.0
-589.0	21	0.0
-588.0	28	0.0
-587.0	29	0.0
-586.0	27	0.0
-585.0	36	0.0
-584.0	25	0.0
-583.0	30	0.0
-582.0	29	0.0
-581.0	28	0.0
-580.0	24	0.0
-579.0	33	0.0
-578.0	35	0.0
-577.0	21	0.0
-576.0	32	0.0
-575.0	40	0.0
-574.0	24	0.0
-573.0	31	0.0
-572.0	22	0.0
-571.0	43	0.0
-570.0	23	0.0
-569.0	30	0.0
-568.0	31	0.0
-567.0	25	0.0
-566.0	35	0.0
-565.0	31	0.0
-564.0	30	0.0
-563.0	39	0.0
-562.0	18	0.0
-561.0	24	0.0
-560.0	31	0.0
-559.0	20	0.0
-558.0	24	0.0
-557.0	36	0.0
-556.0	22	0.0
-555.0	31	0.0
-554.0	19	0.0
-553.0	27	0.0
-552.0	39	0.0
-551.0	39	0.0
-550.0	31	0.0
-549.0	29	0.0
-548.0	30	0.0
-547.0	35	0.0
-546.0	19	0.0
-545.0	26	0.0
-544.0	26	0.0
-543.0	27	0.0
-542.0	31	0.0
-541.0	42	0.0
-540.0	26	0.0
-539.0	30	0.0
-538.0	31	0.0
-537.0	21	0.0
-536.0	32	0.0
-535.0	40	0.0
-534.0	32	0.0
-533.0	30	0.0
-532.0	33	0.0
-531.0	25	0.0
-530.0	28	0.0
-529.0	26	0.0
-528.0	27	0.0
-527.0	36	0.0
-526.0	24	0.0
-525.0	32	0.0
-524.0	30	0.0
-523.0	24	0.0
-522.0	35	0.0
-521.0	37	0.0
-520.0	28	0.0
-519.0	30	0.0
-518.0	29	0.0
-517.0	28	0.0
-516.0	22	0.0
-515.0	33	0.0
-514.0	38	0.0
-513.0	36	0.0
-512.0	27	0.0
-511.0	32	0.0
-510.0	28	0.0
-509.0	36	0.0
-508.0	32	0.0
-507.0	37	0.0
-506.0	33	0.0
-505.0	24	0.0
-504.0	35	0.0
-503.0	34	0.0
-502.0	38	0.0
-501.0	37	0.0
-500.0	42	0.0
-499.0	33	0.0
-498.0	30	0.0
-497.0	27	0.0
-496.0	34	0.0
-495.0	29	0.0
-494.0	34	0.0
-493.0	25	0.0
-492.0	33	0.0
-491.0	30	0.0
-490.0	32	0.0
-489.0	28	0.0
-488.0	32	0.0
-487.0	26	0.0
-486.0	33	0.0
-485.0	35	0.0
-484.0	24	0.0
-483.0	24	0.0
-482.0	23	0.0
-481.0	37	0.0
-480.0	34	0.0
-479.0	34	0.0
-478.0	28	0.0
-477.0	31	0.0
-476.0	31	0.0
-475.0	38	0.0
-474.0	32	0.0
-473.0	30	0.0
-472.0	33	0.0
-471.0	30	0.0
-470.0	26	0.0
-469.0	35	0.0
-468.0	22	0.0
-467.0	21	0.0
-466.0	37	0.0
-465.0	37	0.0
-464.0	32	0.0
-463.0	20	0.0
-462.0	38	0.0
-461.0	27	0.0
-460.0	30	0.0
-459.0	33	0.0
-458.0	26	0.0
-457.0	26	0.0
-456.0	31	0.0
-455.0	32	0.0
-454.0	30	0.0
-453.0	39	0.0
-452.0	33	0.0
-451.0	27	0.0
-450.0	27	0.0
-449.0	30	0.0
-448.0	32	0.0
-447.0	33	0.0
-446.0	35	0.0
-445.0	20	0.0
-444.0	25	0.0
-443.0	38	0.0
-442.0	31	0.0
-441.0	31	0.0
-440.0	29	0.0
-439.0	42	0.0
-438.0	26	0.0
-437.0	33	0.0
-436.0	30	0.0
-435.0	32	0.0
-434.0	40	0.0
-433.0	29	0.0
-432.0	30	0.0
-431.0	31	0.0
-430.0	27	0.0
-429.0	32	0.0
-428.0	29	0.0
-427.0	37	0.0
-426.0	34	0.0
-425.0	32	0.0
-424.0	36	0.0
-423.0	34	0.0
-422.0	27	0.0
-421.0	28	0.0
-420.0	40	0.0
-419.0	30	0.0
-418.0	33	0.0
-417.0	34	0.0
-416.0	32	0.0
-415.0	28	0.0
-414.0	29	0.0
-413.0	33	0.0
-412.0	34	0.0
-411.0	36	0.0
-410.0	24	0.0
-409.0	40	0.0
-408.0	24	0.0
-407.0	24	0.0
-406.0	35	0.0
-405.0	36	0.0
-404.0	28	0.0
-403.0	34	0.0
-402.0	22	0.0
-401.0	27	0.0
-400.0	23	0.0
-399.0	27	0.0
-398.0	25	0.0
-397.0	35	0.0
-396.0	26	0.0
-395.0	31	0.0
-394.0	38	0.0
-393.0	26	0.0
-392.0	19	0.0
-391.0	33	0.0
-390.0	30	0.0
-389.0	35	0.0
-388.0	33	0.0
-387.0	24	0.0
-386.0	27	0.0
-385.0	40	0.0
-384.0	33	0.0
-383.0	29	0.0
-382.0	44	0.0
-381.0	33	0.0
-380.0	30	0.0
-379.0	27	0.0
-378.0	25	0.0
-377.0	29	0.0
-376.0	27	0.0
-375.0	28	0.0
-374.0	39	0.0
-373.0	25	0.0
-372.0	36	0.0
-371.0	37	0.0
-370.0	30	0.0
-369.0	33	0.0
-368.0	28	0.0
-367.0	31	0.0
-366.0	24	0.0
-365.0	21	0.0
-364.0	26	0.0
-363.0	27	0.0
-362.0	28	0.0
-361.0	30	0.0
-360.0	34	0.0
-359.0	27	0.0
-358.0	29	0.0
-357.0	37	0.0
-356.0	34	0.0
-355.0	24	0.0
-354.0	25	0.0
-353.0	31	0.0
-352.0	28	0.0
-351.0	30	0.0
-350.0	30	0.0
-349.0	39	0.0
-348.0	30	0.0
-347.0	48	0.0
-346.0	22	0.0
-345.0	37	0.0
-344.0	41	0.0
-343.0	27	0.0
-342.0	33	0.0
-341.0	29	0.0
-340.0	29	0.0
-339.0	31	0.0
-338.0	30	0.0
-337.0	26	0.0
-336.0	26	0.0
-335.0	29	0.0
-334.0	29	0.0
-333.0	30	0.0
-332.0	30	0.0
-331.0	27	0.0
-330.0	35	0.0
-329.0	32	0.0
-328.0	35	0.0
-327.0	30	0.0
-326.0	35	0.0
-325.0	33	0.0
-324.0	31	0.0
-323.0	42	0.0
-322.0	21	0.0
-321.0	36	0.0
-320.0	30	0.0
-319.0	28	0.0
-318.0	26	0.0
-317.0	36	0.0
-316.0	31	0.0
-315.0	23	0.0
-314.0	33	0.0
-313.0	29	0.0
-312.0	28	0.0
-311.0	31	0.0
-310.0	36	0.0
-309.0	29	0.0
-308.0	30	0.0
-307.0	29	0.0
-306.0	29	0.0
-305.0	31	0.0
-304.0	36	0.0
-303.0	25	0.0
-302.0	22	0.0
-301.0	33	0.0
-300.0	36	0.0
-299.0	34	0.0
-298.0	32	0.0
-297.0	24	0.0
-296.0	32	0.0
-295.0	30	0.0
-294.0	38	0.0
-293.0	35	0.0
-292.0	30	0.0
-291.0	31	0.0
-290.0	30	0.0
-289.0	22	0.0
-288.0	34	0.0
-287.0	23	0.0
-286.0	31	0.0
-285.0	33	0.0
-284.0	27	0.0
-283.0	23	0.0
-282.0	26	0.0
-281.0	20	0.0
-280.0	33	0.0
-279.0	36	0.0
-278.0	27	0.0
-277.0	28	0.0
-276.0	24	0.0
-275.0	27	0.0
-274.0	33	0.0
-273.0	32	0.0
-272.0	23	0.0
-271.0	35	0.0
-270.0	24	0.0
-269.0	21	0.0
-268.0	20	0.0
-267.0	30	0.0
-266.0	28	0.0
-265.0	26	0.0
-264.0	27	0.0
-263.0	28	0.0
-262.0	22	0.0
-261.0	37	0.0
-260.0	32	0.0
-259.0	33	0.0
-258.0	36	0.0
-257.0	21	0.0
-256.0	27	0.0
-255.0	38	0.0
-254.0	25	0.0
-253.0	18	0.0
-252.0	41	0.0
-251.0	22	0.0
-250.0	26	0.0
-249.0	19	0.0
-248.0	35	0.0
-247.0	32	0.0
-246.0	26	0.0
-245.0	35	0.0
-244.0	29	0.0
-243.0	23	0.0
-242.0	22	0.0
-241.0	27	0.0
-240.0	29	0.0
-239.0	28	0.0
-238.0	42	0.0
-237.0	28	0.0
-236.0	25	0.0
-235.0	32	0.0
-234.0	32	0.0
-233.0	27	0.0
-232.0	34	0.0
-231.0	29	0.0
-230.0	32	0.0
-229.0	27	0.0
-228.0	31	0.0
-227.0	41	0.0
-226.0	24	0.0
-225.0	31	0.0
-224.0	27	0.0
-223.0	42	0.0
-222.0	26	0.0
-221.0	27	0.0
-220.0	31	0.0
-219.0	41	0.0
-218.0	27	0.0
-217.0	24	0.0
-216.0	29	0.0
-215.0	29	0.0
-214.0	32	0.0
-213.0	36	0.0
-212.0	28	0.0
-211.0	32	0.0
-210.0	35	0.0
-209.0	30	0.0
-208.0	22	0.0
-207.0	27	0.0
-206.0	29	0.0
-205.0	27	0.0
-204.0	32	0.0
-203.0	27	0.0
-202.0	33	0.0
-201.0	24	0.0
-200.0	34	0.0
-199.0	33	0.0
-198.0	28	0.0
-197.0	37	0.0
-196.0	29	0.0
-195.0	33	0.0
-194.0	53	0.0
-193.0	27	0.0
-192.0	26	0.0
-191.0	31	0.0
-190.0	33	0.0
-189.0	34	0.0
-188.0	28	0.0
-187.0	30	0.0
-186.0	25	0.0
-185.0	46	0.0
-184.0	37	0.0
-183.0	32	0.0
-182.0	30	0.0
-181.0	36	0.0
-180.0	18	0.0
-179.0	35	0.0
-178.0	32	0.0
-177.0	39	0.0
-176.0	23	0.0
-175.0	30	0.0
-174.0	21	0.0
-173.0	29	0.0
-172.0	37	0.0
-171.0	31	0.0
-170.0	39	0.0
-169.0	37	0.0
-168.0	34	0.0
-167.0	30	0.0
-166.0	28	0.0
-165.0	19	0.0
-164.0	39	0.0
-163.0	43	0.0
-162.0	37	0.0
-161.0	24	0.0
-160.0	28	0.0
-159.0	30	0.0
-158.0	31	0.0
-157.0	33	0.0
-156.0	32	0.0
-155.0	23	0.0
-154.0	35	0.0
-153.0	29	0.0
-152.0	39	0.0
-151.0	37	0.0
-150.0	33	0.0
-149.0	33	0.0
-148.0	33	0.0
-147.0	23	0.0
-146.0	28	0.0
-145.0	39	0.0
-144.0	31	0.0
-143.0	25	0.0
-142.0	40	0.0
-141.0	25	0.0
-140.0	38	0.0
-139.0	33	0.0
-138.0	30	0.0
-137.0	23	0.0
-136.0	27	0.0
-135.0	37	0.0
-134.0	28	0.0
-133.0	30	0.0
-132.0	28	0.0
-131.0	26	0.0
-130.0	31	0.0
-129.0	39	0.0
-128.0	29	0.0
-127.0	26	0.0
-126.0	26	0.0
-125.0	21	0.0
-124.0	21	0.0
-123.0	30	0.0
-122.0	32	0.0
-121.0	30	0.0
-120.0	41	0.0
-119.0	33	0.0
-118.0	27	0.0
-117.0	46	0.0
-116.0	28	0.0
-115.0	30	0.0
-114.0	20	0.0
-113.0	25	0.0
-112.0	39	0.0
-111.0	38	0.0
-110.0	26	0.0
-109.0	32	0.0
-108.0	34	0.0
-107.0	31	0.0
-106.0	39	0.0
-105.0	36	0.0
-104.0	27	0.0
-103.0	38	0.0
-102.0	33	0.0
-101.0	34	0.0
-100.0	44	0.0
-99.0	29	0.0
-98.0	26	0.0
-97.0	20	0.0
-96.0	28	0.0
-95.0	29	0.0
-94.0	28	0.0
-93.0	19	0.0
-92.0	25	0.0
-91.0	17	0.0
-90.0	24	0.0
-89.0	27	0.0
-88.0	38	0.0
-87.0	31	0.0
-86.0	27	0.0
-85.0	44	0.0
-84.0	31	0.0
-83.0	21	0.0
-82.0	37	0.0
-81.0	41	0.0
-80.0	21	0.0
-79.0	34	0.0
-78.0	23	0.0
-77.0	25	0.0
-76.0	28	0.0
-75.0	31	0.0
-74.0	27	0.0
-73.0	32	0.0
-72.0	22	0.0
-71.0	37	0.0
-70.0	31	0.0
-69.0	32	0.0
-68.0	47	0.0
-67.0	30	0.0
-66.0	26	0.0
-65.0	22	0.0
-64.0	25	0.0
-63.0	33	0.0
-62.0	37	0.0
-61.0	24	0.0
-60.0	34	0.0
-59.0	39	0.0
-58.0	36	0.0
-57.0	35	0.0
-56.0	20	0.0
-55.0	20	0.0
-54.0	28	0.0
-53.0	33	0.0
-52.0	31	0.0
-51.0	37	0.0
-50.0	26	0.0
-49.0	22	0.0
-48.0	28	0.0
-47.0	24	0.0
-46.0	27	0.0
-45.0	34	0.0
-44.0	27	0.0
-43.0	28	0.0
-42.0	37	0.0
-41.0	35	0.0
-40.0	33	0.0
-39.0	22	0.0
-38.0	31	0.0
-37.0	41	0.0
-36.0	35	0.0
-35.0	19	0.0
-34.0	41	0.0
-33.0	32	0.0
-32.0	37	0.0
-31.0	29	0.0
-30.0	49	0.0
-29.0	31	0.0
-28.0	28	0.0
-27.0	23	0.0
-26.0	40	0.0
-25.0	23	0.0
-24.0	37	0.0
-23.0	34	0.0
-22.0	24	0.0
-21.0	27	0.0
-20.0	27	0.0
-19.0	30	0.0
-18.0	33	0.0
-17.0	35	0.0
-16.0	26	0.0
-15.0	29	0.0
-14.0	33	0.0
-13.0	22	0.0
-12.0	31	0.0
-11.0	20	0.0
-10.0	25	0.0
-9.0	24	0.0
-8.0	35	0.0
-7.0	31	0.0
-6.0	36	0.0
-5.0	24	0.0
-4.0	24	0.0
-3.0	30	0.0
-2.0	34	0.0
-1.0	32	0.0
0.0	48	0.0
1.0	36	0.0
2.0	36	0.0
3.0	21	0.0
4.0	28	0.0
5.0	40	0.0
6.0	29	0.0
7.0	24	0.0
8.0	35	0.0
9.0	26	0.0
10.0	29	0.0
11.0	33	0.0
12.0	32	0.0
13.0	39	0.0
14.0	39	0.0
15.0	23	0.0
16.0	32	0.0
17.0	27	0.0
18.0	26	0.0
19.0	27	0.0
20.0	35	0.0
21.0	38	0.0
22.0	33	0.0
23.0	32	0.0
24.0	37	0.0
25.0	26	0.0
26.0	23	0.0
27.0	25	0.0
28.0	23	0.0
29.0	37	0.0
30.0	42	0.0
31.0	26	0.0
32.0	39	0.0
33.0	25	0.0
34.0	22	0.0
35.0	38	0.0
36.0	37	0.0
37.0	25	2024.7316873322418
38.0	35	3876.1775062018414
39.0	30	5565.986953206952
40.0	24	7105.104968317372
41.0	29	8503.812079600311
42.0	31	9771.762346581289
43.0	40	10918.019219768814
44.0	34	11951.089427719373
45.0	40	12878.95499718338
46.0	44	13709.103506339981
47.0	40	14448.556665879592
48.0	49	15103.89731771585
49.0	48	15681.294936389659
50.0	49	16186.529713751166
51.0	36	16625.01530326277
52.0	56	17001.820296241196
53.0	39	17321.688498541425
54.0	48	17589.05807256815
55.0	58	17808.07960606966
56.0	64	17982.633165918793
57.0	55	18116.344392001403
58.0	67	18212.599683412063
59.0	47	18274.56052638606
60.0	51	18305.177010770793
61.0	64	18307.20057935146
62.0	50	18283.196051986542
63.0	58	18235.552964273433
64.0	53	18166.496258344938
65.0	41	18078.096361390577
66.0	45	17972.27868559228
67.0	53	17850.832581362112
68.0	55	17715.419774060854
69.0	45	17567.582312756644
70.0	49	17408.750058049984
71.0	54	17240.247734537807
72.0	55	17063.30157211197
73.0	57	16879.04555898506
74.0	47	16688.52732809842
75.0	55	16492.713697399766
76.0	51	16292.495883366939
77.0	40	16088.694406106502
78.0	47	15882.063703359854
79.0	46	15673.296469809398
80.0	50	15463.027737184784
81.0	56	15251.838709824873
82.0	40	15040.260369552441
83.0	45	14828.77686296024
84.0	48	14617.828683492056
85.0	44	14407.815660022407
86.0	30	14199.09976299732
87.0	44	13992.00773859028
88.0	43	13786.83358075193
89.0	48	13583.84085048745
90.0	42	13383.264851180531
91.0	42	13185.314668294563
92.0	38	12990.175081320056
93.0	42	12798.008355401218
94.0	55	12608.955919660497
95.0	37	12423.139938849585
96.0	52	12240.66478458522
97.0	42	12061.618412078371
98.0	27	11886.073647934478
99.0	47	11714.089394289222
100.0	34	11545.71175424879
101.0	48	11380.975083322915
102.0	50	11219.902971275129
103.0	46	11062.509158563877
104.0	51	10908.798391311375
105.0	43	10758.767218514076
106.0	41	10612.40473499654
107.0	29	10469.693273411045
108.0	41	10330.609048395996
109.0	42	10195.122755828326
110.0	32	10063.200129935763
111.0	42	9934.802460875639
112.0	45	9809.887075236906
113.0	33	9688.407781778918
114.0	39	9570.315284586819
115.0	44	9455.557565696363
116.0	37	9344.080239120814
117.0	40	9235.826878100233
118.0	33	9130.739317285434
119.0	46	9028.757931469221
120.0	40	8929.821892381706
121.0	45	8833.869404976327
122.0	36	8740.8379245494
123.0	45	8650.66435595474
124.0	41	8563.285236100573
125.0	44	8478.636900843903
126.0	34	8396.655637330392
127.0	33	8317.277822764992
128.0	40	8240.440050538326
129.0	39	8166.079244577292
130.0	37	8094.132762735894
131.0	41	8024.538489991474
132.0	31	7957.234922164978
133.0	31	7892.161240838946
134.0	28	7829.257380105196
135.0	38	7768.464085734844
136.0	38	7709.722967325385
137.0	43	7652.976543945891
138.0	32	7598.168283767106
139.0	47	7545.242638132513
140.0	31	7494.145070498061
141.0	41	7444.822080639167
142.0	33	7397.2212244997045
143.0	44	7351.29113003102
144.0	42	7306.981509348726
145.0	32	7264.243167511108
146.0	40	7223.028008204204
147.0	35	7183.289036599372
148.0	28	7144.980359630723
149.0	46	7108.057183923643
150.0	30	7072.475811589364
151.0	40	7038.193634086433
152.0	42	7005.1691243346795
153.0	40	6973.361827256199
154.0	29	6942.732348903561
155.0	46	6913.242344325544
156.0	40	6884.854504308987
157.0	33	6857.532541125867
158.0	51	6831.241173404611
159.0	43	6805.946110236435
160.0	33	6781.614034618731
161.0	47	6758.2125863301135
162.0	38	6735.710344323865
163.0	46	6714.076808720672
164.0	41	6693.282382474164
165.0	35	6673.298352777594
166.0	42	6654.096872273716
167.0	39	6635.650940125821
168.0	37	6617.934383001607
169.0	41	6600.921836018258
170.0	33	6584.588723692238
171.0	48	6568.911240933705
172.0	35	6553.866334121433
173.0	30	6539.43168229114
174.0	32	6525.585678466485
175.0	34	6512.307411159646
176.0	36	6499.576646064955
177.0	43	6487.373807967009
178.0	43	6475.679962882267
179.0	44	6464.476800450778
180.0	51	6453.7466165925
181.0	38	6443.472296441556
182.0	40	6433.637297569008
183.0	32	6424.22563350393
184.0	53	6415.221857560577
185.0	32	6406.6110469784
186.0	22	6398.378787380397
187.0	36	6390.511157553758
188.0	40	6382.994714556129
189.0	40	6375.816479149766
190.0	37	6368.963921564611
191.0	37	6362.424947591267
192.0	47	6356.187885002878
193.0	26	6350.241470305989
194.0	29	6344.574835817854
195.0	40	6339.177497068752
196.0	47	6334.039340526743
197.0	47	6329.150611641164
198.0	36	6324.501903202459
199.0	37	6320.08414401366
200.0	36	6315.888587869929
201.0	33	6311.906802841508
202.0	29	6308.130660855691
203.0	38	6304.552327572688
204.0	41	6301.164252550583
205.0	42	6297.959159694082
206.0	37	6294.930037981685
207.0	49	6292.070132466062
208.0	40	6289.372935541789
209.0	35	6286.832178475135
210.0	39	6284.4418231901345
211.0	34	6282.196054305238
212.0	37	6280.089271414952
213.0	42	6278.116081610609
214.0	43	6276.2712922349165
215.0	38	6274.549903863992
216.0	40	6272.94710351191
217.0	49	6271.4582580518145
218.0	51	6270.078907847943
219.0	42	6268.804760593262
220.0	45	6267.631685347271
221.0	34	6266.555706768382
222.0	35	6265.572999535759
223.0	44	6264.679882955288
224.0	29	6263.872815744693
225.0	28	6263.148390992438
226.0	42	6262.503331285677
227.0	42	6261.934484002372
228.0	38	6261.438816762455
229.0	36	6261.013413033911
230.0	43	6260.655467888587
231.0	38	6260.362283903608
232.0	43	6260.131267203749
233.0	42	6259.959923640762
234.0	39	6259.845855105022
235.0	46	6259.786755965681
236.0	37	6259.780409635305
237.0	38	6259.824685254918
238.0	43	6259.917534495697
239.0	35	6260.05698847368
240.0	43	6260.24115477379
241.0	49	6260.468214579543
242.0	47	6260.736419905197
243.0	35	6261.044090926957
244.0	28	6261.389613409675
245.0	30	6261.771436226487
246.0	41	6262.188068967537
247.0	42	6262.638079635583
248.0	40	6263.120092425051
249.0	38	6263.632785581851
250.0	41	6264.174889341296
251.0	31	6264.745183941405
252.0	38	6265.342497709051
253.0	38	6265.9657052164475
254.0	39	6266.6137255054
255.0	38	6267.285520377407
256.0	43	6267.98009274663
257.0	56	6268.696485054377
258.0	39	6269.433777742089
259.0	52	6270.1910877816
260.0	25	6270.967567259879
261.0	39	6271.762402017101
262.0	30	6272.574810335417
263.0	34	6273.404041677025
264.0	25	6274.249375469996
265.0	37	6275.110119939485
266.0	35	6275.9856109833545
267.0	39	6276.875211090215
268.0	40	6277.7783082984915
269.0	34	6278.694315195056
270.0	34	6279.622667951882
271.0	35	6280.562825399538
272.0	41	6281.5142681358675
273.0	38	6282.476497668733
274.0	39	6283.4490355918815
275.0	40	6284.431422792041
276.0	32	6285.423218686724
277.0	33	6286.424000491195
278.0	34	6287.4333625138115
279.0	31	6288.4509154784255
280.0	45	6289.476285873044
281.0	25	6290.509115323773
282.0	47	6291.549059992743
283.0	30	6292.595789999806
284.0	33	6293.648988866273
285.0	52	6294.708352980578
286.0	41	6295.773591084737
287.0	44	6296.84442378068
288.0	36	6297.920583056028
289.0	36	6299.00181182834
290.0	29	6300.087863507273
291.0	39	6301.178501573709
292.0	39	6302.273499175684
293.0	42	6303.372638740041
294.0	38	6304.475711599387
295.0	41	6305.5825176336075
296.0	44	6306.692864925824
297.0	42	6307.806569431679
298.0	35	6308.923454661773
299.0	29	6310.043351376657
300.0	43	6311.166097293849
301.0	38	6312.291536806727
302.0	48	6313.4195207141065
303.0	37	6314.549905961082
304.0	35	6315.682555389692
305.0	40	6316.817337500004
306.0	49	6317.954126220178
307.0	37	6319.092800686265
308.0	34	6320.233245030254
309.0	34	6321.375348177061
310.0	41	6322.519003649278
311.0	30	6323.664109379951
312.0	39	6324.810567532855
313.0	34	6325.958284329775
314.0	39	6327.107169884957
315.0	42	6328.257138046165
316.0	47	6329.408106241946
317.0	35	6330.559995335311
318.0	43	6331.712729483062
319.0	38	6332.866236001024
320.0	46	6334.020445234533
321.0	38	6335.1752904341165
322.0	40	6336.330707636478
323.0	40	6337.486635550045
324.0	27	6338.643015445159
325.0	39	6339.799791048838
326.0	42	6340.956908443639
327.0	36	6342.114315970923
328.0	41	6343.271964137686
329.0	40	6344.429805527266
330.0	32	6345.5877947140025
331.0	36	6346.74588818086
332.0	40	6347.904044240799
333.0	32	6349.062222961257
334.0	41	6350.220386091419
335.0	34	6351.37849699306
336.0	37	6352.536520573492
337.0	39	6353.694423221874
338.0	42	6354.8521727477255
339.0	43	6356.009738322114
340.0	50	6357.167090421246
341.0	26	6358.324200772293
342.0	41	6359.481042301601
343.0	48	6360.637589084812
344.0	40	6361.793816299115
345.0	33	6362.9497001776235
346.0	42	6364.105217965274
347.0	32	6365.260347877016
348.0	47	6366.415069057125
349.0	40	6367.569361540774
350.0	37	6368.723206216805
351.0	36	6369.876584792219
352.0	25	6371.029479758008
353.0	39	6372.181874356515
354.0	39	6373.333752550014
355.0	39	6374.485098990738
356.0	44	6375.635898992001
357.0	34	6376.786138500607
358.0	37	6377.935804070383
359.0	32	6379.084882836769
360.0	43	6380.2333624924595
361.0	48	6381.381231264156
362.0	44	6382.528477890148
363.0	40	6383.675091598874
364.0	36	6384.821062088453
365.0	41	6385.966379506921
366.0	53	6387.111034433357
367.0	39	6388.2550178599095
368.0	49	6389.398321174259
369.0	39	6390.540936143239
370.0	34	6391.682854896703
371.0	28	6392.824069912424
372.0	43	6393.964574001334
373.0	29	6395.104360293635
374.0	37	6396.243422225309
375.0	35	6397.381753525191
376.0	44	6398.519348202747
377.0	38	6399.656200536174
378.0	29	6400.792305061071
379.0	37	6401.927656559728
380.0	36	6403.062250050493
381.0	28	6404.196080777978
382.0	45	6405.329144203459
383.0	39	6406.461435995733
384.0	34	6407.592952022382
385.0	35	6408.723688341305
386.0	36	6409.85364119274
387.0	28	6410.98280699151
388.0	44	6412.111182319705
389.0	39	6413.23876391949
390.0	50	6414.365548686443
391.0	37	6415.491533663017
392.0	42	6416.6167160323375
393.0	36	6417.741093112123
394.0	34	6418.864662349172
395.0	40	6419.9874213137855
396.0	39	6421.109367694522
397.0	44	6422.23049929316
398.0	33	6423.350814020024
399.0	43	6424.470309889195
400.0	38	6425.588985014197
401.0	31	6426.706837603797
402.0	32	6427.823865957899
403.0	36	6428.940068463725
404.0	46	6430.055443592047
405.0	40	6431.169989893604
406.0	46	6432.2837059958665
407.0	46	6433.396590599516
408.0	37	6434.508642475576
409.0	43	6435.619860462222
410.0	47	6436.730243462027
411.0	31	6437.839790439169
412.0	38	6438.9485004168755
413.0	41	6440.056372474764
414.0	34	6441.163405746591
415.0	42	6442.269599417805
416.0	42	6443.374952723483
417.0	36	6444.479464946053
418.0	35	6445.583135413366
419.0	42	6446.685963496757
420.0	43	6447.787948609129
421.0	35	6448.8890902032235
422.0	46	6449.989387769918
423.0	29	6451.088840836518
424.0	30	6452.187448965313
425.0	44	6453.2852117519615
426.0	49	6454.382128824096
427.0	42	6455.478199840068
428.0	34	6456.573424487453
429.0	41	6457.667802481877
430.0	37	6458.761333565811
431.0	36	6459.854017507454
432.0	39	6460.945854099493
433.0	32	6462.036843158271
434.0	37	6463.126984522532
435.0	38	6464.216278052653
436.0	32	6465.304723629572
437.0	30	6466.392321153976
438.0	34	6467.479070545398
439.0	46	6468.564971741493
440.0	39	6469.650024697191
441.0	37	6470.7342293839
442.0	44	6471.817585788948
443.0	37	6472.900093914732
444.0	35	6473.981753778155
445.0	39	6475.06256540999
446.0	31	6476.142528854249
447.0	47	6477.221644167649
448.0	37	6478.299911419036
449.0	33	6479.377330688909
450.0	29	6480.453902068771
451.0	37	6481.529625660848
452.0	42	6482.604501577467
453.0	47	6483.678529940749
454.0	35	6484.751710882032
455.0	35	6485.824044541543
456.0	42	6486.895531068105
457.0	40	6487.9661706186
458.0	48	6489.035963357701
459.0	30	6490.104909457565
460.0	35	6491.173009097416
461.0	41	6492.240262463259
462.0	37	6493.306669747667
463.0	32	6494.3722311494475
464.0	42	6495.436946873259
465.0	36	6496.500817129527
466.0	47	6497.5638421341
467.0	51	6498.6260221080065
468.0	47	6499.687357277256
469.0	38	6500.747847872616
470.0	30	6501.807494129324
471.0	41	6502.866296287086
472.0	46	6503.924254589651
473.0	43	6504.981369284731
474.0	35	6506.037640623909
475.0	37	6507.0930688623175
476.0	48	6508.147654258559
477.0	44	6509.201397074526
478.0	39	6510.2542975753
479.0	32	6511.306356028975
480.0	31	6512.357572706507
481.0	40	6513.407947881576
482.0	37	6514.457481830551
483.0	42	6515.506174832292
484.0	41	6516.554027168013
485.0	52	6517.601039121254
486.0	39	6518.647210977692
487.0	49	6519.692543025161
488.0	45	6520.737035553449
489.0	44	6521.780688854197
490.0	28	6522.82350322092
491.0	29	6523.865478948863
492.0	38	6524.90661633484
493.0	36	6525.9469156773275
494.0	44	6526.986377276238
495.0	46	6528.02500143296
496.0	49	6529.062788450205
497.0	29	6530.099738632039
498.0	37	6531.135852283654
499.0	46	6532.171129711573
500.0	43	6533.205571223318
501.0	37	6534.239177127527
502.0	34	6535.27194773389
503.0	38	6536.303883352987
504.0	38	6537.3349842964
505.0	44	6538.365250876516
506.0	47	6539.394683406642
507.0	31	6540.423282200797
508.0	44	6541.451047573813
509.0	40	6542.477979841195
510.0	32	6543.504079319168
511.0	38	6544.52934632457
512.0	45	6545.553781174889
513.0	34	6546.577384188144
514.0	41	6547.600155682977
515.0	26	6548.622095978461
516.0	30	6549.6432053943
517.0	34	6550.663484250515
518.0	43	6551.682932867667
519.0	39	6552.7015515667035
520.0	44	6553.719340669002
521.0	43	6554.736300496247
522.0	31	6555.752431370593
523.0	32	6556.767733614377
524.0	31	6557.782207550397
525.0	51	6558.795853501656
526.0	41	6559.808671791451
527.0	27	6560.8206627433665
528.0	32	6561.8318266812
529.0	40	6562.842163929011
530.0	34	6563.851674811057
531.0	44	6564.86035965181
532.0	36	6565.86821877588
533.0	44	6566.875252508138
534.0	38	6567.881461173568
535.0	38	6568.886845097252
536.0	38	6569.891404604506
537.0	45	6570.89514002075
538.0	51	6571.8980516714655
539.0	33	6572.900139882305
540.0	44	6573.901404978983
541.0	51	6574.90184728733
542.0	51	6575.901467133235
543.0	49	6576.900264842701
544.0	29	6577.898240741722
545.0	32	6578.895395156411
546.0	44	6579.891728412891
547.0	41	6580.887240837386
548.0	56	6581.881932756099
549.0	34	6582.875804495272
550.0	39	6583.868856381204
551.0	35	6584.861088740177
552.0	36	6585.852501898475
553.0	29	6586.843096182468
554.0	47	6587.8328719184265
555.0	38	6588.821829432648
556.0	41	6589.809969051508
557.0	30	6590.797291101245
558.0	45	6591.783795908151
559.0	42	6592.769483798516
560.0	42	6593.7543550985465
561.0	31	6594.738410134453
562.0	35	6595.72164923242
563.0	39	6596.704072718582
564.0	32	6597.685680919043
565.0	42	6598.666474159889
566.0	35	6599.646452767102
567.0	38	6600.625617066693
568.0	46	6601.603967384574
569.0	37	6602.581504046637
570.0	38	6603.558227378673
571.0	38	6604.534137706441
572.0	31	6605.509235355666
573.0	39	6606.483520651979
574.0	41	6607.45699392099
575.0	42	6608.429655488175
576.0	48	6609.4015056789995
577.0	37	6610.372544818856
578.0	42	6611.342773233038
579.0	38	6612.312191246765
580.0	45	6613.28079918523
581.0	38	6614.248597373499
582.0	41	6615.215586136621
583.0	45	6616.181765799515
584.0	46	6617.147136687005
585.0	33	6618.111699123905
586.0	52	6619.0754534348525
587.0	36	6620.03839994454
588.0	35	6621.000538977439
589.0	33	6621.961870858015
590.0	41	6622.922395910596
591.0	44	6623.88211445947
592.0	39	6624.841026828812
593.0	39	6625.799133342754
594.0	43	6626.756434325236
595.0	31	6627.712930100232
596.0	35	6628.66862099151
597.0	45	6629.6235073228545
598.0	34	6630.577589417835
599.0	43	6631.530867600062
600.0	41	6632.483342192977
601.0	33	6633.435013519899
602.0	37	6634.385881904138
603.0	44	6635.335947668833
604.0	38	6636.2852111371
605.0	36	6637.233672631863
606.0	35	6638.181332476023
607.0	30	6639.128190992341
608.0	40	6640.074248503538
609.0	34	6641.019505332198
610.0	23	6641.963961800777
611.0	43	6642.9076182317085
612.0	41	6643.850474947259
613.0	31	6644.792532269626
614.0	30	6645.733790520892
615.0	40	6646.674250023038
616.0	39	6647.613911097988
617.0	30	6648.5527740675225
618.0	33	6649.490839253328
619.0	37	6650.428106976972
620.0	31	6651.364577560003
621.0	33	6652.300251323716
622.0	35	6653.235128589481
623.0	35	6654.169209678449
624.0	38	6655.102494911694
625.0	45	6656.03498461017
626.0	40	6656.966679094805
627.0	33	6657.897578686338
628.0	39	6658.827683705466
629.0	37	6659.756994472739
630.0	42	6660.685511308607
631.0	36	6661.613234533449
632.0	33	6662.540164467525
633.0	40	6663.466301430973
634.0	39	6664.391645743875
635.0	42	6665.316197726138
636.0	34	6666.239957697633
637.0	37	6667.162925978103
638.0	44	6668.085102887159
639.0	40	6669.006488744373
640.0	40	6669.927083869094
641.0	31	6670.846888580736
642.0	36	6671.7659031984485
643.0	48	6672.68412804141
644.0	41	6673.601563428587
645.0	48	6674.518209678894
646.0	41	6675.434067111122
647.0	33	6676.349136044007
648.0	45	6677.263416796071
649.0	46	6678.176909685881
650.0	40	6679.0896150317885
651.0	30	6680.001533152066
652.0	37	6680.912664364881
653.0	40	6681.823008988315
654.0	46	6682.732567340336
655.0	46	6683.641339738782
656.0	38	6684.54932650143
657.0	30	6685.456527945929
658.0	42	6686.362944389817
659.0	39	6687.268576150537
660.0	33	6688.173423545451
661.0	39	6689.077486891717
662.0	35	6689.980766506525
663.0	36	6690.883262706887
664.0	27	6691.784975809716
665.0	37	6692.685906131798
666.0	34	6693.586053989888
667.0	33	6694.485419700548
668.0	25	6695.384003580277
669.0	39	6696.2818059455
670.0	50	6697.178827112448
671.0	39	6698.075067397357
672.0	40	6698.970527116292
673.0	32	6699.865206585213
674.0	42	6700.759106119966
675.0	40	6701.652226036369
676.0	29	6702.5445666500345
677.0	40	6703.436128276537
678.0	44	6704.326911231316
679.0	45	6705.2169158297465
680.0	42	6706.106142387008
681.0	29	6706.994591218268
682.0	23	6707.882262638582
683.0	44	6708.769156962813
684.0	44	6709.655274505857
685.0	41	6710.540615582349
686.0	37	6711.425180506968
687.0	34	6712.308969594188
688.0	39	6713.1919831584
689.0	39	6714.074221513907
690.0	39	6714.955684974929
691.0	34	6715.836373855536
692.0	37	6716.7162884696845
693.0	41	6717.595429131308
694.0	46	6718.473796154115
695.0	47	6719.351389851834
696.0	38	6720.22821053799
697.0	39	6721.104258526082
698.0	28	6721.979534129447
699.0	38	6722.85403766132
700.0	35	6723.727769434853
701.0	37	6724.600729763114
702.0	38	6725.472918959034
703.0	40	6726.344337335434
704.0	36	6727.21498520505
705.0	29	6728.084862880538
706.0	37	6728.953970674346
707.0	46	6729.822308898963
708.0	38	6730.689877866676
709.0	40	6731.5566778897
710.0	35	6732.422709280135
711.0	28	6733.287972349977
712.0	39	6734.152467411161
713.0	37	6735.016194775417
714.0	30	6735.879154754477
715.0	52	6736.741347659937
716.0	53	6737.602773803232
717.0	47	6738.463433495772
718.0	35	6739.323327048853
719.0	30	6740.182454773609
720.0	43	6741.040816981101
721.0	30	6741.898413982297
722.0	35	6742.7552460881
723.0	30	6743.611313609199
724.0	41	6744.466616856284
725.0	33	6745.3211561398875
726.0	45	6746.174931770469
727.0	35	6747.027944058359
728.0	41	6747.880193313813
729.0	35	6748.731679846919
730.0	50	6749.582403967762
731.0	30	6750.43236598621
732.0	29	6751.2815662121375
733.0	35	6752.130004955238
734.0	47	6752.977682525138
735.0	32	6753.824599231319
736.0	38	6754.670755383235
737.0	42	6755.516151290181
738.0	45	6756.360787261336
739.0	48	6757.204663605821
740.0	36	6758.047780632633
741.0	45	6758.890138650646
742.0	43	6759.731737968637
743.0	46	6760.572578895377
744.0	32	6761.412661739346
745.0	39	6762.251986809081
746.0	31	6763.090554412944
747.0	45	6763.928364859211
748.0	44	6764.765418456066
749.0	42	6765.601715511557
750.0	33	6766.43725633367
751.0	47	6767.27204123025
752.0	30	6768.10607050905
753.0	44	6768.939344477747
754.0	32	6769.77186344391
755.0	36	6770.603627714963
756.0	33	6771.434637598251
757.0	49	6772.264893401041
758.0	44	6773.09439543046
759.0	46	6773.923143993561
760.0	38	6774.751139397268
761.0	42	6775.578381948435
762.0	39	6776.4048719538005
763.0	41	6777.230609719957
764.0	35	6778.0555955534555
765.0	35	6778.879829760721
766.0	37	6779.7033126480865
767.0	32	6780.526044521794
768.0	37	6781.348025687911
769.0	32	6782.169256452466
770.0	34	6782.989737121376
771.0	41	6783.809468000504
772.0	40	6784.628449395452
773.0	35	6785.44668161193
774.0	46	6786.264164955393
775.0	41	6787.080899731264
776.0	45	6787.896886244814
777.0	31	6788.712124801274
778.0	42	6789.526615705719
779.0	38	6790.340359263167
780.0	40	6791.153355778516
781.0	46	6791.965605556512
782.0	37	6792.777108901868
783.0	38	6793.58786611917
784.0	33	6794.397877512922
785.0	31	6795.207143387476
786.0	43	6796.015664047163
787.0	31	6796.823439796095
788.0	38	6797.630470938381
789.0	31	6798.436757778011
790.0	43	6799.242300618851
791.0	38	6800.047099764656
792.0	29	6800.851155519138
793.0	33	6801.654468185822
794.0	39	6802.457038068204
795.0	36	6803.258865469638
796.0	26	6804.059950693375
797.0	24	6804.860294042631
798.0	30	6805.659895820409
799.0	38	6806.458756329705
800.0	37	6807.256875873374
801.0	42	6808.05425475418
802.0	41	6808.85089327473
803.0	45	6809.646791737651
804.0	29	6810.441950445361
805.0	32	6811.23636970021
806.0	34	6812.030049804453
807.0	41	6812.822991060249
808.0	35	6813.615193769652
809.0	38	6814.406658234611
810.0	39	6815.197384756945
811.0	45	6815.987373638417
812.0	44	6816.776625180678
813.0	42	6817.565139685276
814.0	36	6818.352917453662
815.0	40	6819.139958787181
816.0	33	6819.926263986992
817.0	46	6820.711833354367
818.0	35	6821.496667190245
819.0	38	6822.280765795636
820.0	34	6823.064129471328
821.0	34	6823.846758518096
822.0	32	6824.628653236549
823.0	36	6825.409813927212
824.0	38	6826.190240890567
825.0	38	6826.969934426933
826.0	34	6827.74889483652
827.0	29	6828.52712241948
828.0	39	6829.304617475861
829.0	37	6830.081380305545
830.0	41	6830.857411208444
831.0	40	6831.6327104842285
832.0	37	6832.407278432526
833.0	41	6833.181115352918
834.0	37	6833.954221544817
835.0	45	6834.726597307557
836.0	37	6835.498242940324
837.0	39	6836.269158742279
838.0	47	6837.039345012496
839.0	31	6837.808802049848
840.0	34	6838.577530153197
841.0	41	6839.345529621256
842.0	33	6840.112800752614
843.0	34	6840.87934384589
844.0	46	6841.64515919947
845.0	43	6842.41024711167
846.0	30	6843.1746078807655
847.0	31	6843.9382418048135
848.0	37	6844.701149181904
849.0	37	6845.463330309952
850.0	34	6846.2247854867755
851.0	38	6846.9855150101
852.0	43	6847.7455191775925
853.0	25	6848.504798286752
854.0	30	6849.2633526350355
855.0	38	6850.021182519763
856.0	29	6850.778288238148
857.0	38	6851.534670087339
858.0	42	6852.290328364363
859.0	41	6853.045263366182
860.0	54	6853.799475389598
861.0	37	6854.552964731328
862.0	39	6855.305731688058
863.0	29	6856.057776556309
864.0	38	6856.809099632482
865.0	42	6857.559701212963
866.0	49	6858.30958159393
867.0	36	6859.058741071583
868.0	36	6859.807179941941
869.0	40	6860.554898500924
870.0	44	6861.301897044372
871.0	34	6862.048175868064
872.0	42	6862.793735267603
873.0	41	6863.538575538547
874.0	47	6864.282696976317
875.0	39	6865.026099876304
876.0	28	6865.768784533723
877.0	36	6866.510751243725
878.0	34	6867.252000301366
879.0	52	6867.992532001554
880.0	42	6868.732346639193
881.0	41	6869.471444509032
882.0	43	6870.209825905672
883.0	34	6870.9474911237085
884.0	31	6871.684440457588
885.0	50	6872.420674201674
886.0	39	6873.156192650199
887.0	32	6873.890996097326
888.0	57	6874.6250848371365
889.0	41	6875.358459163574
890.0	39	6876.091119370506
891.0	37	6876.8230657517115
892.0	37	6877.554298600823
893.0	30	6878.284818211407
894.0	44	6879.014624876955
895.0	36	6879.743718890851
896.0	35	6880.472100546341
897.0	30	6881.199770136592
898.0	36	6881.926727954682
899.0	43	6882.652974293596
900.0	38	6883.378509446208
901.0	32	6884.10333370529
902.0	32	6884.827447363537
903.0	33	6885.550850713527
904.0	54	6886.2735440477445
905.0	36	6886.9955276585715
906.0	31	6887.716801838303
907.0	43	6888.437366879121
908.0	30	6889.157223073141
909.0	37	6889.876370712313
910.0	48	6890.594810088565
911.0	36	6891.31254149371
912.0	33	6892.0295652194045
913.0	39	6892.74588155729
914.0	37	6893.461490798834
915.0	44	6894.176393235483
916.0	40	6894.8905891585055
917.0	47	6895.604078859162
918.0	39	6896.316862628537
919.0	36	6897.028940757614
920.0	33	6897.7403135373725
921.0	35	6898.45098125858
922.0	41	6899.160944212001
923.0	36	6899.870202688247
924.0	34	6900.578756977825
925.0	40	6901.286607371167
926.0	43	6901.993754158645
927.0	39	6902.70019763045
928.0	39	6903.405938076733
929.0	37	6904.110975787538
930.0	46	6904.8153110528
931.0	29	6905.51894416237
932.0	35	6906.22187540598
933.0	36	6906.924105073311
934.0	34	6907.625633453911
935.0	31	6908.3264608371865
936.0	32	6909.026587512552
937.0	32	6909.726013769253
938.0	24	6910.4247398964435
939.0	35	6911.122766183192
940.0	34	6911.820092918478
941.0	27	6912.516720391171
942.0	38	6913.212648890036
943.0	26	6913.907878703745
944.0	32	6914.602410120909
945.0	31	6915.296243430014
946.0	35	6915.9893789194
947.0	43	6916.681816877395
948.0	45	6917.373557592203
949.0	40	6918.064601351904
950.0	32	6918.754948444473
951.0	34	6919.444599157855
952.0	42	6920.133553779824
953.0	38	6920.821812598125
954.0	34	6921.509375900348
955.0	42	6922.196243973995
956.0	45	6922.882417106515
957.0	40	6923.567895585227
958.0	39	6924.252679697337
959.0	37	6924.936769730009
960.0	37	6925.620165970217
961.0	35	6926.302868704975
962.0	37	6926.984878221071
963.0	41	6927.666194805259
964.0	41	6928.346818744208
965.0	36	6929.026750324453
966.0	31	6929.705989832417
967.0	33	6930.3845375545025
968.0	40	6931.062393776974
969.0	45	6931.7395587859755
970.0	39	6932.416032867574
971.0	37	6933.091816307772
972.0	45	6933.7669093924105
973.0	45	6934.441312407293
974.0	40	6935.115025638102
975.0	34	6935.788049370417
976.0	47	6936.46038388975
977.0	42	6937.132029481492
978.0	44	6937.802986430919
979.0	39	6938.473255023267
980.0	45	6939.142835543651
981.0	46	6939.811728277038
982.0	40	6940.479933508404
983.0	37	6941.1474515225145
984.0	41	6941.814282604123
985.0	30	6942.480427037864
986.0	34	6943.145885108282
987.0	44	6943.810657099794
988.0	50	6944.474743296731
989.0	37	6945.138143983359
990.0	37	6945.800859443836
991.0	31	6946.462889962206
992.0	41	6947.124235822437
993.0	30	6947.784897308375
994.0	33	6948.444874703835
995.0	33	6949.104168292405
996.0	45	6949.762778357762
997.0	46	6950.420705183335
998.0	45	6951.077949052518
999.0	33	6951.7345102486
1000.0	31	6952.39038905479
1001.0	33	6953.045585754165
1002.0	39	6953.7001006297605
1003.0	36	6954.353933964459
1004.0	40	6955.007086041127
1005.0	45	6955.659557142404
1006.0	43	6956.311347550973
1007.0	41	6956.962457549371
1008.0	31	6957.612887420003
1009.0	37	6958.26263744521
1010.0	39	6958.911707907246
1011.0	40	6959.560099088259
1012.0	42	6960.2078112703075
1013.0	35	6960.854844735351
1014.0	40	6961.501199765254
1015.0	25	6962.146876641774
1016.0	36	6962.791875646588
1017.0	44	6963.436197061295
1018.0	40	6964.079841167368
1019.0	37	6964.72280824619
1020.0	39	6965.3650985790555
1021.0	38	6966.006712447216
1022.0	31	6966.6476501317
1023.0	39	6967.287911913546
1024.0	43	6967.927498073697
1025.0	29	6968.566408892969
1026.0	29	6969.204644652073
1027.0	42	6969.842205631625
1028.0	46	6970.479092112189
1029.0	24	6971.11530437424
1030.0	39	6971.750842698064
1031.0	34	6972.385707363972
1032.0	36	6973.019898652064
1033.0	33	6973.653416842467
1034.0	39	6974.286262215101
1035.0	31	6974.918435049907
1036.0	42	6975.549935626594
1037.0	36	6976.180764224902
1038.0	47	6976.8109211244155
1039.0	36	6977.440406604634
1040.0	33	6978.069220944954
1041.0	37	6978.697364424696
1042.0	44	6979.324837323077
1043.0	30	6979.951639919224
1044.0	37	6980.577772492145
1045.0	30	6981.2032353208315
1046.0	45	6981.828028684061
1047.0	36	6982.452152860596
1048.0	45	6983.075608129117
1049.0	41	6983.6983947681965
1050.0	33	6984.320513056236
1051.0	41	6984.94196327167
1052.0	32	6985.562745692734
1053.0	47	6986.182860597646
1054.0	54	6986.802308264461
1055.0	41	6987.421088971227
1056.0	46	6988.039202995802
1057.0	27	6988.6566506160025
1058.0	41	6989.273432109553
1059.0	43	6989.889547754085
1060.0	37	6990.504997827106
1061.0	37	6991.119782606068
1062.0	51	6991.7339023682935
1063.0	41	6992.347357391052
1064.0	42	6992.960147951502
1065.0	26	6993.572274326694
1066.0	41	6994.183736793587
1067.0	32	6994.794535629053
1068.0	45	6995.40467110988
1069.0	41	6996.01414351276
1070.0	30	6996.6229531142935
1071.0	33	6997.23110019096
1072.0	37	6997.838585019182
1073.0	28	6998.44540787528
1074.0	32	6999.0515690354505
1075.0	38	6999.657068775846
1076.0	46	7000.261907372475
1077.0	43	7000.866085101331
1078.0	39	7001.469602238191
1079.0	36	7002.07245905886
1080.0	30	7002.674655838997
1081.0	35	7003.276192854148
1082.0	38	7003.877070379804
1083.0	36	7004.4772886913415
1084.0	46	7005.07684806407
1085.0	45	7005.675748773153
1086.0	41	7006.273991093747
1087.0	37	7006.871575300813
1088.0	26	7007.468501669284
1089.0	36	7008.064770474
1090.0	41	7008.660381989676
1091.0	36	7009.255336490987
1092.0	40	7009.849634252433
1093.0	42	7010.443275548508
1094.0	37	7011.036260653543
1095.0	37	7011.62858984183
1096.0	37	7012.220263387553
1097.0	36	7012.811281564792
1098.0	46	7013.40164464754
1099.0	38	7013.99135290967
1100.0	44	7014.58040662501
1101.0	49	7015.168806067289
1102.0	31	7015.756551510107
1103.0	41	7016.343643227012
1104.0	30	7016.930081491406
1105.0	44	7017.515866576687
1106.0	36	7018.100998756069
1107.0	31	7018.685478302755
1108.0	44	7019.269305489762
1109.0	34	7019.852480590103
1110.0	45	7020.435003876622
1111.0	38	7021.016875622161
1112.0	31	7021.5980960994075
1113.0	39	7022.178665580948
1114.0	41	7022.758584339288
1115.0	30	7023.337852646904
1116.0	32	7023.91647077609
1117.0	35	7024.494438999095
1118.0	30	7025.071757588074
1119.0	37	7025.6484268150525
1120.0	29	7026.224446952011
1121.0	44	7026.799818270839
1122.0	47	7027.374541043322
1123.0	39	7027.948615541121
1124.0	32	7028.522042035825
1125.0	35	7029.0948207989795
1126.0	38	7029.666952101968
1127.0	36	7030.238436216126
1128.0	50	7030.809273412659
1129.0	38	7031.379463962728
1130.0	33	7031.949008137387
1131.0	32	7032.517906207573
1132.0	42	7033.08615844414
1133.0	38	7033.653765117882
1134.0	47	7034.220726499469
1135.0	48	7034.787042859487
1136.0	44	7035.352714468445
1137.0	40	7035.917741596738
1138.0	37	7036.482124514691
1139.0	36	7037.045863492518
1140.0	30	7037.608958800361
1141.0	42	7038.171410708246
1142.0	39	7038.733219486134
1143.0	32	7039.294385403874
1144.0	40	7039.854908731242
1145.0	41	7040.414789737901
1146.0	44	7040.974028693446
1147.0	27	7041.532625867372
1148.0	43	7042.09058152908
1149.0	29	7042.647895947851
1150.0	39	7043.2045693929595
1151.0	45	7043.760602133492
1152.0	32	7044.31599443851
1153.0	30	7044.870746576947
1154.0	45	7045.424858817654
1155.0	43	7045.97833142944
1156.0	41	7046.531164680912
1157.0	32	7047.0833588406995
1158.0	33	7047.6349141772735
1159.0	39	7048.185830959046
1160.0	38	7048.73610945432
1161.0	32	7049.285749931314
1162.0	33	7049.834752658181
1163.0	37	7050.383117902937
1164.0	47	7050.930845933521
1165.0	33	7051.477937017831
1166.0	48	7052.024391423577
1167.0	38	7052.5702094185035
1168.0	43	7053.115391270138
1169.0	42	7053.659937245972
1170.0	34	7054.203847613467
1171.0	41	7054.747122639899
1172.0	32	7055.289762592477
1173.0	43	7055.831767738383
1174.0	40	7056.373138344611
1175.0	41	7056.913874678121
1176.0	36	7057.453977005798
1177.0	42	7057.993445594414
1178.0	34	7058.532280710632
1179.0	41	7059.070482621043
1180.0	37	7059.6080515921685
1181.0	37	7060.144987890403
1182.0	52	7060.681291782058
1183.0	36	7061.216963533375
1184.0	30	7061.75200341051
1185.0	39	7062.286411679494
1186.0	27	7062.82018860629
1187.0	40	7063.353334456771
1188.0	40	7063.885849496719
1189.0	34	7064.417733991811
1190.0	46	7064.948988207673
1191.0	40	7065.479612409792
1192.0	38	7066.009606863607
1193.0	42	7066.538971834406
1194.0	28	7067.067707587495
1195.0	39	7067.5958143879925
1196.0	37	7068.123292500945
1197.0	39	7068.650142191324
1198.0	41	7069.176363724052
1199.0	41	7069.7019573638845
1200.0	40	7070.226923375523
1201.0	41	7070.75126202361
1202.0	38	7071.27497357262
1203.0	40	7071.7980582870505
1204.0	36	7072.320516431187
1205.0	42	7072.842348269315
1206.0	49	7073.363554065573
1207.0	31	7073.884134084074
1208.0	38	7074.404088588776
1209.0	29	7074.923417843582
1210.0	34	7075.442122112291
1211.0	33	7075.960201658663
1212.0	39	7076.477656746267
1213.0	42	7076.994487638678
1214.0	31	7077.510694599302
1215.0	44	7078.026277891569
1216.0	34	7078.541237778712
1217.0	40	7079.055574523916
1218.0	39	7079.569288390273
1219.0	43	7080.082379640778
1220.0	39	7080.594848538367
1221.0	37	7081.1066953458485
1222.0	34	7081.61792032594
1223.0	31	7082.128523741339
1224.0	41	7082.638505854565
1225.0	41	7083.147866928107
1226.0	35	7083.656607224341
1227.0	38	7084.164727005548
1228.0	41	7084.672226533941
1229.0	35	7085.179106071628
1230.0	32	7085.685365880626
1231.0	39	7086.191006222879
1232.0	30	7086.696027360263
1233.0	34	7087.2004295544975
1234.0	33	7087.704213067247
1235.0	36	7088.2073781601375
1236.0	39	7088.709925094624
1237.0	29	7089.211854132103
1238.0	36	7089.713165533921
1239.0	42	7090.21385956127
1240.0	43	7090.713936475336
1241.0	38	7091.213396537132
1242.0	44	7091.712240007621
1243.0	31	7092.210467147674
1244.0	31	7092.708078218075
1245.0	45	7093.205073479526
1246.0	38	7093.701453192631
1247.0	32	7094.19721761794
1248.0	42	7094.692367015817
1249.0	33	7095.1869016466535
1250.0	40	7095.680821770696
1251.0	41	7096.174127648111
1252.0	47	7096.666819538946
1253.0	51	7097.158897703218
1254.0	36	7097.650362400816
1255.0	46	7098.141213891585
1256.0	37	7098.6314524351965
1257.0	35	7099.121078291311
1258.0	40	7099.610091719485
1259.0	31	7100.09849297916
1260.0	35	7100.586282329733
1261.0	29	7101.073460030478
1262.0	38	7101.56002634057
1263.0	41	7102.045981519128
1264.0	39	7102.531325825204
1265.0	37	7103.01605951768
1266.0	46	7103.500182855409
1267.0	27	7103.9836960971925
1268.0	35	7104.466599501651
1269.0	38	7104.948893327396
1270.0	34	7105.430577832909
1271.0	41	7105.911653276589
1272.0	34	7106.392119916753
1273.0	31	7106.871978011644
1274.0	50	7107.351227819387
1275.0	42	7107.82986959803
1276.0	33	7108.307903605596
1277.0	38	7108.785330099886
1278.0	39	7109.262149338758
1279.0	31	7109.738361579867
1280.0	47	7110.213967080866
1281.0	39	7110.688966099258
1282.0	45	7111.163358892513
1283.0	53	7111.6371457179675
1284.0	35	7112.110326832877
1285.0	50	7112.582902494448
1286.0	41	7113.054872959753
1287.0	47	7113.526238485781
1288.0	48	7113.996999329516
1289.0	44	7114.467155747724
1290.0	38	7114.936707997175
1291.0	30	7115.405656334499
1292.0	38	7115.874001016311
1293.0	45	7116.341742299048
1294.0	26	7116.808880439131
1295.0	37	7117.275415692881
1296.0	31	7117.741348316473
1297.0	38	7118.206678566058
1298.0	43	7118.67140669773
1299.0	30	7119.135532967392
1300.0	43	7119.599057630919
1301.0	28	7120.061980944122
1302.0	33	7120.524303162702
1303.0	44	7120.9860245422415
1304.0	38	7121.44714533827
1305.0	43	7121.907665806268
1306.0	50	7122.36758620152
1307.0	28	7122.826906779359
1308.0	34	7123.285627794918
1309.0	43	7123.743749503312
1310.0	47	7124.2012721595165
1311.0	41	7124.65819601849
1312.0	43	7125.114521335027
1313.0	51	7125.5702483638925
1314.0	43	7126.0253773597415
1315.0	35	7126.479908577115
1316.0	27	7126.933842270559
1317.0	54	7127.387178694432
1318.0	48	7127.8399181030145
1319.0	24	7128.292060750617
1320.0	30	7128.743606891318
1321.0	44	7129.194556779177
1322.0	31	7129.644910668167
1323.0	32	7130.094668812162
1324.0	34	7130.543831464986
1325.0	44	7130.992398880303
1326.0	31	7131.440371311753
1327.0	33	7131.887749012881
1328.0	41	7132.334532237098
1329.0	35	7132.780721237828
1330.0	47	7133.2263162682775
1331.0	42	7133.671317581682
1332.0	38	7134.115725431142
1333.0	38	7134.55954006967
1334.0	40	7135.002761750183
1335.0	48	7135.445390725574
1336.0	39	7135.887427248547
1337.0	45	7136.32887157177
1338.0	41	7136.769723947902
1339.0	41	7137.209984629382
1340.0	46	7137.649653868642
1341.0	30	7138.0887319180365
1342.0	29	7138.527219029779
1343.0	33	7138.965115456031
1344.0	42	7139.4024214488845
1345.0	39	7139.839137260288
1346.0	24	7140.2752631422045
1347.0	38	7140.710799346392
1348.0	29	7141.1457461246055
1349.0	40	7141.580103728517
1350.0	30	7142.013872409605
1351.0	36	7142.447052419435
1352.0	33	7142.879644009338
1353.0	45	7143.31164743062
1354.0	37	7143.743062934523
1355.0	31	7144.173890772155
1356.0	60	7144.604131194579
1357.0	32	7145.0337844527385
1358.0	38	7145.462850797498
1359.0	37	7145.891330479677
1360.0	47	7146.319223749979
1361.0	50	7146.746530858981
1362.0	45	7147.173252057249
1363.0	35	7147.599387595243
1364.0	29	7148.024937723309
1365.0	40	7148.449902691692
1366.0	45	7148.874282750657
1367.0	38	7149.29807815025
1368.0	47	7149.721289140517
1369.0	31	7150.143915971376
1370.0	44	7150.565958892727
1371.0	39	7150.987418154263
1372.0	34	7151.408294005739
1373.0	38	7151.82858669669
1374.0	32	7152.248296476648
1375.0	51	7152.667423595077
1376.0	43	7153.0859683012595
1377.0	30	7153.503930844525
1378.0	38	7153.921311473957
1379.0	28	7154.33811043869
1380.0	50	7154.7543279877455
1381.0	38	7155.169964369988
1382.0	53	7155.585019834303
1383.0	51	7155.999494629405
1384.0	41	7156.413389003969
1385.0	42	7156.826703206557
1386.0	35	7157.239437485678
1387.0	50	7157.651592089759
1388.0	44	7158.0631672670825
1389.0	34	7158.474163265911
1390.0	34	7158.884580334406
1391.0	34	7159.294418720631
1392.0	45	7159.703678672543
1393.0	44	7160.112360438109
1394.0	52	7160.520464265076
1395.0	41	7160.92799040122
1396.0	47	7161.334939094206
1397.0	25	7161.741310591526
1398.0	31	7162.147105140728
1399.0	41	7162.552322989163
1400.0	32	7162.956964384169
1401.0	38	7163.361029572981
1402.0	31	7163.764518802708
1403.0	48	7164.16743232042
1404.0	41	7164.5697703730875
1405.0	38	7164.97153320763
1406.0	39	7165.3727210707975
1407.0	32	7165.773334209356
1408.0	48	7166.173372869932
1409.0	38	7166.572837299085
1410.0	36	7166.971727743259
1411.0	31	7167.370044448876
1412.0	28	7167.767787662186
1413.0	41	7168.164957629447
1414.0	35	7168.561554596787
1415.0	46	7168.957578810221
1416.0	46	7169.353030515775
1417.0	44	7169.747909959268
1418.0	29	7170.142217386557
1419.0	38	7170.535953043298
1420.0	42	7170.929117175138
1421.0	32	7171.321710027655
1422.0	27	7171.713731846287
1423.0	40	7172.105182876405
1424.0	33	7172.4960633633045
1425.0	52	7172.886373552237
1426.0	49	7173.276113688246
1427.0	41	7173.665284016446
1428.0	42	7174.053884781807
1429.0	41	7174.441916229153
1430.0	38	7174.829378603293
1431.0	34	7175.216272148944
1432.0	35	7175.6025971107465
1433.0	37	7175.988353733226
1434.0	43	7176.3735422608115
1435.0	44	7176.758162937953
1436.0	44	7177.142216008869
1437.0	28	7177.525701717827
1438.0	39	7177.908620308912
1439.0	40	7178.290972026183
1440.0	37	7178.6727571136
1441.0	43	7179.053975815029
1442.0	40	7179.434628374263
1443.0	33	7179.81471503505
1444.0	44	7180.1942360409585
1445.0	37	7180.573191635551
1446.0	53	7180.951582062294
1447.0	42	7181.329407564569
1448.0	48	7181.706668385678
1449.0	36	7182.083364768822
1450.0	42	7182.459496957091
1451.0	39	7182.83506519358
1452.0	41	7183.210069721246
1453.0	40	7183.58451078293
1454.0	42	7183.958388621462
1455.0	52	7184.331703479555
1456.0	41	7184.704455599825
1457.0	40	7185.076645224819
1458.0	41	7185.448272597019
1459.0	36	7185.819337958792
1460.0	40	7186.1898415524265
1461.0	41	7186.559783620163
1462.0	29	7186.929164404114
1463.0	39	7187.297984146326
1464.0	38	7187.6662430888055
1465.0	35	7188.0339414734135
1466.0	41	7188.401079541922
1467.0	43	7188.767657536101
1468.0	42	7189.133675697569
1469.0	31	7189.499134267876
1470.0	31	7189.864033488473
1471.0	45	7190.228373600815
1472.0	31	7190.5921548461465
1473.0	48	7190.955377465713
1474.0	39	7191.318041700656
1475.0	35	7191.680147792039
1476.0	37	7192.041695980846
1477.0	44	7192.402686507985
1478.0	48	7192.763119614227
1479.0	49	7193.122995540341
1480.0	37	7193.482314526924
1481.0	34	7193.841076814636
1482.0	37	7194.199282643863
1483.0	40	7194.556932255058
1484.0	40	7194.914025888543
1485.0	31	7195.270563784533
1486.0	42	7195.6265461831745
1487.0	36	7195.981973324584
1488.0	33	7196.336845448729
1489.0	45	7196.691162795537
1490.0	39	7197.04492560479
1491.0	35	7197.398134116269
1492.0	39	7197.750788569632
1493.0	43	7198.1028892044515
1494.0	34	7198.454436260239
1495.0	34	7198.805429976408
1496.0	38	7199.155870592314
1497.0	35	7199.50575834716
1498.0	40	7199.855093480174
1499.0	31	7200.203876230384
1500.0	34	7200.552106836882
1501.0	41	7200.8997855385305
1502.0	44	7201.246912574171
1503.0	42	7201.5934881826
1504.0	41	7201.939512602494
1505.0	38	7202.284986072474
1506.0	43	7202.629908831016
1507.0	31	7202.974281116568
1508.0	43	7203.318103167482
1509.0	39	7203.661375222049
1510.0	38	7204.004097518468
1511.0	40	7204.346270294818
1512.0	35	7204.6878937891415
1513.0	39	7205.028968239416
1514.0	35	7205.369493883473
1515.0	44	7205.709470959097
1516.0	48	7206.048899704017
1517.0	44	7206.3877803558435
1518.0	43	7206.726113152118
1519.0	41	7207.063898330302
1520.0	52	7207.401136127751
1521.0	38	7207.737826781782
1522.0	46	7208.073970529643
1523.0	52	7208.40956760841
1524.0	46	7208.744618255184
1525.0	31	7209.079122706919
1526.0	44	7209.413081200507
1527.0	40	7209.746493972756
1528.0	47	7210.079361260399
1529.0	35	7210.4116833000835
1530.0	39	7210.743460328398
1531.0	43	7211.074692581789
1532.0	31	7211.4053802966955
1533.0	38	7211.735523709415
1534.0	45	7212.065123056206
1535.0	36	7212.394178573235
1536.0	46	7212.722690496593
1537.0	40	7213.05065906225
1538.0	35	7213.378084506178
1539.0	35	7213.704967064168
1540.0	51	7214.031306971984
1541.0	37	7214.357104465339
1542.0	33	7214.6823597797875
1543.0	28	7215.007073150866
1544.0	28	7215.3312448140205
1545.0	32	7215.654875004594
1546.0	33	7215.977963957886
1547.0	41	7216.300511909052
1548.0	29	7216.622519093216
1549.0	43	7216.943985745434
1550.0	39	7217.264912100629
1551.0	47	7217.5852983937075
1552.0	42	7217.9051448594455
1553.0	44	7218.224451732535
1554.0	41	7218.543219247607
1555.0	44	7218.861447639265
1556.0	42	7219.17913714194
1557.0	25	7219.496287990001
1558.0	45	7219.812900417785
1559.0	37	7220.128974659543
1560.0	35	7220.444510949389
1561.0	32	7220.759509521404
1562.0	46	7221.07397060956
1563.0	42	7221.387894447801
1564.0	41	7221.701281269913
1565.0	24	7222.0141313096965
1566.0	28	7222.326444800775
1567.0	28	7222.638221976763
1568.0	32	7222.949463071139
1569.0	39	7223.260168317366
1570.0	41	7223.570337948755
1571.0	30	7223.879972198597
1572.0	43	7224.189071300108
1573.0	45	7224.497635486324
1574.0	51	7224.805664990329
1575.0	34	7225.113160045066
1576.0	37	7225.420120883399
1577.0	44	7225.726547738104
1578.0	46	7226.032440841911
1579.0	34	7226.337800427417
1580.0	38	7226.6426267272145
1581.0	33	7226.946919973722
1582.0	38	7227.250680399356
1583.0	42	7227.553908236456
1584.0	30	7227.856603717202
1585.0	40	7228.158767073785
1586.0	24	7228.460398538245
1587.0	45	7228.761498342568
1588.0	36	7229.062066718719
1589.0	30	7229.362103898459
1590.0	31	7229.661610113603
1591.0	36	7229.9605855957925
1592.0	43	7230.259030576651
1593.0	34	7230.556945287638
1594.0	25	7230.854329960238
1595.0	42	7231.151184825801
1596.0	30	7231.447510115569
1597.0	54	7231.743306060778
1598.0	41	7232.038572892531
1599.0	38	7232.333310841869
1600.0	42	7232.62752013974
1601.0	41	7232.921201017041
1602.0	27	7233.214353704568
1603.0	47	7233.5069784330235
1604.0	42	7233.799075433085
1605.0	41	7234.090644935288
1606.0	37	7234.381687170136
1607.0	29	7234.672202367999
1608.0	40	7234.962190759254
1609.0	31	7235.2516525740975
1610.0	40	7235.540588042729
1611.0	39	7235.828997395239
1612.0	48	7236.116880861615
1613.0	36	7236.404238671827
1614.0	31	7236.691071055677
1615.0	37	7236.977378242977
1616.0	47	7237.263160463411
1617.0	30	7237.548417946571
1618.0	28	7237.833150922018
1619.0	37	7238.11735961921
1620.0	39	7238.401044267516
1621.0	52	7238.684205096243
1622.0	37	7238.96684233461
1623.0	44	7239.248956211762
1624.0	39	7239.530546956766
1625.0	47	7239.8116147986175
1626.0	34	7240.092159966194
1627.0	42	7240.372182688338
1628.0	41	7240.651683193777
1629.0	36	7240.930661711239
1630.0	46	7241.209118469266
1631.0	39	7241.487053696412
1632.0	45	7241.764467621081
1633.0	45	7242.041360471603
1634.0	46	7242.317732476327
1635.0	41	7242.593583863415
1636.0	48	7242.868914860995
1637.0	32	7243.14372569709
1638.0	36	7243.4180165997095
1639.0	40	7243.69178779669
1640.0	42	7243.965039515885
1641.0	46	7244.237771984978
1642.0	41	7244.509985431682
1643.0	22	7244.781680083515
1644.0	50	7245.052856168007
1645.0	41	7245.323513912544
1646.0	31	7245.593653544491
1647.0	43	7245.8632752911
1648.0	35	7246.132379379556
1649.0	39	7246.400966036979
1650.0	28	7246.669035490376
1651.0	50	7246.936587966672
1652.0	33	7247.203623692797
1653.0	53	7247.470142895499
1654.0	34	7247.7361458015275
1655.0	35	7248.001632637468
1656.0	44	7248.266603629922
1657.0	43	7248.531059005387
1658.0	39	7248.794998990235
1659.0	41	7249.05842381077
1660.0	50	7249.32133369327
1661.0	46	7249.5837288639095
1662.0	43	7249.845609548772
1663.0	39	7250.106975973889
1664.0	37	7250.367828365166
1665.0	37	7250.628166948479
1666.0	39	7250.887991949587
1667.0	44	7251.147303594248
1668.0	39	7251.4061021080415
1669.0	39	7251.66438771652
1670.0	41	7251.922160645183
1671.0	38	7252.17942111939
1672.0	35	7252.436169364466
1673.0	35	7252.692405605664
1674.0	40	7252.948130068143
1675.0	34	7253.203342976952
1676.0	28	7253.458044557157
1677.0	37	7253.7122350336285
1678.0	42	7253.965914631269
1679.0	37	7254.219083574816
1680.0	39	7254.471742088966
1681.0	34	7254.723890398373
1682.0	32	7254.975528727531
1683.0	41	7255.226657300951
1684.0	43	7255.477276342998
1685.0	40	7255.727386077994
1686.0	31	7255.976986730126
1687.0	49	7256.226078523608
1688.0	42	7256.474661682494
1689.0	46	7256.722736430792
1690.0	42	7256.970302992423
1691.0	24	7257.217361591228
1692.0	37	7257.463912450998
1693.0	34	7257.709955795389
1694.0	35	7257.955491848074
1695.0	32	7258.200520832538
1696.0	42	7258.445042972283
1697.0	34	7258.689058490649
1698.0	30	7258.932567611003
1699.0	41	7259.175570556531
1700.0	42	7259.4180675503985
1701.0	44	7259.660058815717
1702.0	32	7259.90154457544
1703.0	40	7260.142525052502
1704.0	42	7260.3830004697975
1705.0	24	7260.6229710500365
1706.0	39	7260.8624370159505
1707.0	37	7261.101398590145
1708.0	34	7261.3398559951465
1709.0	33	7261.577809453466
1710.0	45	7261.8152591874405
1711.0	35	7262.052205419402
1712.0	35	7262.288648371579
1713.0	47	7262.524588266162
1714.0	37	7262.760025325181
1715.0	40	7262.994959770678
1716.0	49	7263.22939182457
1717.0	40	7263.463321708697
1718.0	41	7263.696749644859
1719.0	32	7263.929675854753
1720.0	35	7264.162100559981
1721.0	36	7264.394023982095
1722.0	31	7264.625446342587
1723.0	52	7264.856367862818
1724.0	38	7265.086788764137
1725.0	32	7265.316709267763
1726.0	39	7265.546129594886
1727.0	40	7265.775049966577
1728.0	39	7266.003470603828
1729.0	35	7266.231391727642
1730.0	23	7266.458813558816
1731.0	42	7266.6857363181525
1732.0	34	7266.91216022637
1733.0	30	7267.138085504075
1734.0	29	7267.36351237186
1735.0	55	7267.588441050177
1736.0	34	7267.812871759465
1737.0	39	7268.036804720015
1738.0	31	7268.260240152087
1739.0	35	7268.483178275894
1740.0	33	7268.7056193114795
1741.0	31	7268.927563478892
1742.0	39	7269.149010998094
1743.0	38	7269.3699620889465
1744.0	46	7269.590416971252
1745.0	42	7269.810375864716
1746.0	41	7270.029838988995
1747.0	42	7270.24880656366
1748.0	30	7270.467278808222
1749.0	35	7270.685255942073
1750.0	32	7270.902738184557
1751.0	33	7271.1197257549675
1752.0	53	7271.336218872451
1753.0	52	7271.5522177561825
1754.0	36	7271.76772262515
1755.0	32	7271.982733698345
1756.0	22	7272.197251194638
1757.0	32	7272.411275332859
1758.0	40	7272.624806331773
1759.0	27	7272.837844409957
1760.0	44	7273.0503897861045
1761.0	30	7273.262442678658
1762.0	31	7273.474003306056
1763.0	38	7273.685071886685
1764.0	47	7273.895648638833
1765.0	39	7274.105733780695
1766.0	40	7274.315327530412
1767.0	37	7274.524430106055
1768.0	35	7274.733041725575
1769.0	38	7274.941162606911
1770.0	45	7275.148792967881
1771.0	38	7275.355933026274
1772.0	41	7275.562582999755
1773.0	33	7275.768743105899
1774.0	40	7275.974413562294
1775.0	54	7276.179594586391
1776.0	38	7276.384286395534
1777.0	29	7276.588489207065
1778.0	32	7276.792203238202
1779.0	42	7276.995428706129
1780.0	45	7277.198165827879
1781.0	32	7277.400414820513
1782.0	43	7277.602175900961
1783.0	37	7277.803449286046
1784.0	34	7278.004235192586
1785.0	31	7278.204533837251
1786.0	45	7278.404345436716
1787.0	37	7278.6036702075235
1788.0	43	7278.802508366167
1789.0	33	7279.00086012903
1790.0	30	7279.198725712474
1791.0	42	7279.396105332766
1792.0	40	7279.592999206055
1793.0	39	7279.789407548501
1794.0	33	7279.985330576095
1795.0	27	7280.180768504822
1796.0	35	7280.37572155057
1797.0	38	7280.570189929131
1798.0	40	7280.764173856288
1799.0	37	7280.957673547656
1800.0	33	7281.15068921886
1801.0	38	7281.343221085384
1802.0	42	7281.535269362681
1803.0	33	7281.726834266135
1804.0	32	7281.91791601102
1805.0	41	7282.108514812532
1806.0	33	7282.298630885873
1807.0	43	7282.488264446031
1808.0	40	7282.677415708084
1809.0	45	7282.8660848868785
1810.0	41	7283.054272197298
1811.0	37	7283.241977854129
1812.0	33	7283.429202072034
1813.0	45	7283.615945065642
1814.0	45	7283.802207049516
1815.0	40	7283.9879882381265
1816.0	41	7284.173288845864
1817.0	36	7284.358109087077
1818.0	40	7284.542449176
1819.0	36	7284.726309326787
1820.0	34	7284.9096897535865
1821.0	54	7285.092590670394
1822.0	42	7285.2750122911975
1823.0	37	7285.456954829852
1824.0	50	7285.638418500187
1825.0	44	7285.8194035159195
1826.0	30	7285.9999100907025
1827.0	40	7286.179938438154
1828.0	47	7286.359488771752
1829.0	46	7286.538561304966
1830.0	36	7286.717156251128
1831.0	37	7286.895273823551
1832.0	37	7287.072914235457
1833.0	36	7287.250077699978
1834.0	38	7287.426764430166
1835.0	33	7287.6029746390495
1836.0	31	7287.77870853957
1837.0	43	7287.953966344515
1838.0	42	7288.1287482666885
1839.0	56	7288.303054518796
1840.0	40	7288.4768853134465
1841.0	39	7288.650240863224
1842.0	39	7288.82312138059
1843.0	44	7288.995527077987
1844.0	41	7289.167458167693
1845.0	33	7289.338914861999
1846.0	38	7289.509897373072
1847.0	44	7289.680405913051
1848.0	31	7289.850440693974
1849.0	31	7290.0200019277945
1850.0	41	7290.189089826407
1851.0	35	7290.357704601635
1852.0	44	7290.525846465214
1853.0	37	7290.693515628858
1854.0	45	7290.860712304115
1855.0	31	7291.027436702539
1856.0	51	7291.19368903559
1857.0	41	7291.359469514619
1858.0	51	7291.524778350964
1859.0	52	7291.689615755858
1860.0	46	7291.853981940443
1861.0	36	7292.0178771158
1862.0	42	7292.181301492962
1863.0	49	7292.344255282862
1864.0	48	7292.506738696413
1865.0	30	7292.668751944337
1866.0	32	7292.830295237423
1867.0	46	7292.991368786262
1868.0	42	7293.151972801471
1869.0	33	7293.312107493534
1870.0	43	7293.471773072885
1871.0	38	7293.630969749903
1872.0	44	7293.789697734853
1873.0	35	7293.9479572379505
1874.0	49	7294.10574846933
1875.0	33	7294.2630716390595
1876.0	32	7294.419926957172
1877.0	37	7294.576314633518
1878.0	34	7294.732234877993
1879.0	43	7294.8876879003765
1880.0	35	7295.042673910358
1881.0	38	7295.197193117535
1882.0	41	7295.35124573154
1883.0	47	7295.504831961789
1884.0	44	7295.657952017727
1885.0	42	7295.81060610871
1886.0	44	7295.9627944439535
1887.0	34	7296.114517232717
1888.0	46	7296.265774684071
1889.0	43	7296.416567007102
1890.0	48	7296.566894410766
1891.0	42	7296.716757103954
1892.0	38	7296.866155295547
1893.0	49	7297.01508919425
1894.0	43	7297.163559008819
1895.0	42	7297.31156494779
1896.0	43	7297.4591072197745
1897.0	45	7297.606186033186
1898.0	49	7297.752801596473
1899.0	32	7297.898954117933
1900.0	40	7298.0446438058425
1901.0	43	7298.189870868373
1902.0	41	7298.334635513606
1903.0	38	7298.478937949629
1904.0	39	7298.622778384376
1905.0	35	7298.766157025757
1906.0	41	7298.909074081567
1907.0	30	7299.051529759605
1908.0	34	7299.19352426749
1909.0	39	7299.335057812857
1910.0	47	7299.476130603251
1911.0	40	7299.616742846127
1912.0	50	7299.756894748854
1913.0	42	7299.896586518766
1914.0	40	7300.035818363116
1915.0	53	7300.174590489061
1916.0	49	7300.312903103699
1917.0	53	7300.4507564140895
1918.0	42	7300.5881506271635
1919.0	41	7300.725085949818
1920.0	38	7300.861562588879
1921.0	29	7300.997580751061
1922.0	34	7301.1331406430645
1923.0	49	7301.268242471463
1924.0	47	7301.402886442796
1925.0	37	7301.53707276352
1926.0	36	7301.670801640053
1927.0	40	7301.804073278636
1928.0	38	7301.936887885557
1929.0	29	7302.06924566698
1930.0	35	7302.201146829015
1931.0	31	7302.332591577674
1932.0	45	7302.463580118919
1933.0	49	7302.594112658603
1934.0	50	7302.724189402568
1935.0	40	7302.853810556576
1936.0	33	7302.982976326256
1937.0	39	7303.111686917207
1938.0	31	7303.239942534988
1939.0	50	7303.367743385019
1940.0	37	7303.495089672727
1941.0	33	7303.621981603359
1942.0	32	7303.748419382236
1943.0	34	7303.8744032144605
1944.0	44	7303.999933305174
1945.0	41	7304.125009859365
1946.0	37	7304.249633082019
1947.0	35	7304.373803178031
1948.0	38	7304.497520352206
1949.0	38	7304.620784809268
1950.0	43	7304.74359675389
1951.0	38	7304.865956390715
1952.0	35	7304.9878639242
1953.0	41	7305.109319558874
1954.0	28	7305.230323499084
1955.0	49	7305.350875949169
1956.0	39	7305.470977113356
1957.0	41	7305.590627195826
1958.0	46	7305.709826400684
1959.0	40	7305.828574931965
1960.0	38	7305.946872993639
1961.0	39	7306.0647207895845
1962.0	31	7306.1821185236095
1963.0	40	7306.299066399499
1964.0	35	7306.415564620892
1965.0	38	7306.531613391437
1966.0	36	7306.647212914627
1967.0	53	7306.76236339396
1968.0	33	7306.877065032824
1969.0	47	7306.991318034559
1970.0	35	7307.105122602384
1971.0	40	7307.218478939495
1972.0	33	7307.331387249038
1973.0	24	7307.443847734003
1974.0	46	7307.555860597416
1975.0	43	7307.667426042117
1976.0	38	7307.778544270982
1977.0	34	7307.889215486775
1978.0	34	7307.999439892144
1979.0	41	7308.10921768974
1980.0	33	7308.2185490821175
1981.0	45	7308.32743427175
1982.0	35	7308.435873461012
1983.0	39	7308.543866852293
1984.0	31	7308.651414647827
1985.0	38	7308.758517049816
1986.0	37	7308.865174260386
1987.0	24	7308.971386481613
1988.0	49	7309.07715391546
1989.0	38	7309.182476763856
1990.0	29	7309.287355228633
1991.0	33	7309.391789511584
1992.0	37	7309.495779814381
1993.0	32	7309.5993263386945
1994.0	43	7309.702429286084
1995.0	40	7309.805088858024
1996.0	35	7309.907305255954
1997.0	42	7310.009078681237
1998.0	47	7310.110409335148
1999.0	24	7310.211297418893
2000.0	41	7310.311743133638
2001.0	38	7310.411746680434
2002.0	34	7310.511308260293
2003.0	39	7310.610428074155
2004.0	45	7310.7091063228945
2005.0	53	7310.807343207282
2006.0	39	7310.9051389280585
2007.0	44	7311.002493685865
2008.0	32	7311.0994076812985
2009.0	37	7311.195881114865
2010.0	28	7311.291914187036
2011.0	36	7311.387507098161
2012.0	35	7311.48266004856
2013.0	44	7311.57737323845
2014.0	46	7311.67164686801
2015.0	41	7311.765481137348
2016.0	50	7311.858876246464
2017.0	38	7311.951832395347
2018.0	38	7312.044349783886
2019.0	36	7312.1364286118505
2020.0	35	7312.228069079055
2021.0	41	7312.319271385136
2022.0	36	7312.410035729711
2023.0	45	7312.50036231231
2024.0	47	7312.590251332436
2025.0	37	7312.679702989451
2026.0	44	7312.768717482737
2027.0	25	7312.857295011511
2028.0	40	7312.945435774984
2029.0	37	7313.033139972264
2030.0	44	7313.120407802449
2031.0	47	7313.207239464453
2032.0	43	7313.293635157263
2033.0	42	7313.379595079699
2034.0	45	7313.465119430509
2035.0	45	7313.5502084084355
2036.0	47	7313.634862212119
2037.0	43	7313.719081040095
2038.0	46	7313.802865090903
2039.0	46	7313.886214562964
2040.0	28	7313.969129654621
2041.0	43	7314.051610564164
2042.0	34	7314.133657489854
2043.0	35	7314.215270629813
2044.0	34	7314.296450182143
2045.0	34	7314.377196344853
2046.0	43	7314.457509315885
2047.0	42	7314.537389293139
2048.0	40	7314.616836474398
2049.0	52	7314.695851057423
2050.0	47	7314.774433239865
2051.0	29	7314.852583219337
2052.0	46	7314.930301193393
2053.0	41	7315.00758735946
2054.0	34	7315.084441914974
2055.0	41	7315.160865057219
2056.0	49	7315.236856983512
2057.0	37	7315.312417890964
2058.0	42	7315.387547976775
2059.0	49	7315.462247437943
2060.0	37	7315.536516471472
2061.0	41	7315.610355274301
2062.0	41	7315.683764043217
2063.0	36	7315.756742975038
2064.0	27	7315.829292266472
2065.0	40	7315.901412114158
2066.0	30	7315.973102714676
2067.0	48	7316.044364264492
2068.0	37	7316.1151969600605
2069.0	39	7316.185600997797
2070.0	43	7316.255576573925
2071.0	35	7316.325123884696
2072.0	37	7316.394243126294
2073.0	33	7316.462934494784
2074.0	43	7316.531198186195
2075.0	47	7316.599034396499
2076.0	34	7316.666443321585
2077.0	40	7316.733425157244
2078.0	35	7316.79998009924
2079.0	42	7316.866108343269
2080.0	37	7316.931810084909
2081.0	35	7316.997085519761
2082.0	33	7317.061934843248
2083.0	41	7317.126358250838
2084.0	33	7317.190355937805
2085.0	39	7317.253928099449
2086.0	40	7317.317074931003
2087.0	38	7317.3797966275515
2088.0	31	7317.4420933842075
2089.0	35	7317.503965395935
2090.0	38	7317.565412857704
2091.0	56	7317.626435964351
2092.0	49	7317.6870349107
2093.0	41	7317.747209891451
2094.0	42	7317.80696110125
2095.0	46	7317.866288734742
2096.0	43	7317.925192986406
2097.0	28	7317.983674050717
2098.0	49	7318.041732122059
2099.0	42	7318.099367394769
2100.0	35	7318.156580063053
2101.0	38	7318.213370321143
2102.0	38	7318.269738363148
2103.0	32	7318.325684383091
2104.0	33	7318.381208574983
2105.0	26	7318.436311132718
2106.0	30	7318.490992250171
2107.0	43	7318.545252121082
2108.0	40	7318.5990909391785
2109.0	39	7318.652508898103
2110.0	40	7318.7055061914525
2111.0	39	7318.758083012675
2112.0	30	7318.810239555287
2113.0	45	7318.861976012597
2114.0	42	7318.913292577939
2115.0	36	7318.964189444557
2116.0	35	7319.014666805594
2117.0	41	7319.064724854183
2118.0	43	7319.1143637833475
2119.0	38	7319.163583786042
2120.0	37	7319.212385055184
2121.0	41	7319.260767783575
2122.0	40	7319.308732164041
2123.0	37	7319.356278389221
2124.0	43	7319.403406651763
2125.0	44	7319.450117144237
2126.0	48	7319.496410059129
2127.0	40	7319.542285588883
2128.0	40	7319.587743925827
2129.0	35	7319.63278526231
2130.0	35	7319.677409790514
2131.0	44	7319.721617702611
2132.0	32	7319.765409190696
2133.0	40	7319.808784446789
2134.0	33	7319.851743662858
2135.0	43	7319.8942870307665
2136.0	39	7319.936414742372
2137.0	40	7319.978126989427
2138.0	48	7320.019423963601
2139.0	46	7320.060305856512
2140.0	40	7320.100772859743
2141.0	42	7320.140825164773
2142.0	45	7320.18046296301
2143.0	41	7320.219686445833
2144.0	37	7320.258495804515
2145.0	33	7320.296891230265
2146.0	43	7320.334872914259
2147.0	45	7320.372441047587
2148.0	37	7320.40959582123
2149.0	26	7320.446337426188
2150.0	45	7320.48266605331
2151.0	31	7320.518581893446
2152.0	41	7320.554085137333
2153.0	45	7320.589175975661
2154.0	53	7320.623854599053
2155.0	47	7320.658121198054
2156.0	43	7320.69197596315
2157.0	31	7320.725419084773
2158.0	37	7320.758450753235
2159.0	38	7320.7910711588975
2160.0	40	7320.823280491909
2161.0	43	7320.855078942465
2162.0	40	7320.886466700617
2163.0	43	7320.917443956419
2164.0	45	7320.948010899827
2165.0	41	7320.978167720688
2166.0	37	7321.007914608848
2167.0	38	7321.03725175407
2168.0	36	7321.066179346033
2169.0	40	7321.094697574344
2170.0	44	7321.122806628567
2171.0	37	7321.150506698192
2172.0	39	7321.177797972636
2173.0	45	7321.204680641287
2174.0	46	7321.231154893378
2175.0	34	7321.257220918176
2176.0	41	7321.282878904816
2177.0	51	7321.308129042389
2178.0	37	7321.332971519949
2179.0	50	7321.35740652641
2180.0	32	7321.381434250687
2181.0	26	7321.405054881616
2182.0	39	7321.428268607937
2183.0	40	7321.4510756183545
2184.0	45	7321.473476101499
2185.0	38	7321.495470245915
2186.0	36	7321.517058240095
2187.0	39	7321.538240272504
2188.0	53	7321.559016531481
2189.0	39	7321.579387205321
2190.0	34	7321.599352482252
2191.0	45	7321.618912550449
2192.0	51	7321.638067598002
2193.0	30	7321.656817812955
2194.0	53	7321.675163383287
2195.0	28	7321.69310449688
2196.0	43	7321.71064134155
2197.0	44	7321.727774105088
2198.0	44	7321.744502975243
2199.0	38	7321.760828139594
2200.0	52	7321.776749785712
2201.0	49	7321.792268101136
2202.0	33	7321.807383273295
2203.0	42	7321.822095489555
2204.0	57	7321.836404937248
2205.0	38	7321.850311803595
2206.0	33	7321.8638162757825
2207.0	32	7321.8769185409155
2208.0	35	7321.889618786072
2209.0	40	7321.901917198197
2210.0	33	7321.913813964217
2211.0	43	7321.925309271007
2212.0	45	7321.93640330531
2213.0	45	7321.947096253867
2214.0	35	7321.957388303346
2215.0	41	7321.967279640311
2216.0	41	7321.976770451297
2217.0	48	7321.985860922763
2218.0	41	7321.994551241084
2219.0	36	7322.002841592619
2220.0	45	7322.01073216359
2221.0	44	7322.018223140222
2222.0	46	7322.025314708656
2223.0	39	7322.032007054917
2224.0	36	7322.0383003650395
2225.0	46	7322.0441948249345
2226.0	40	7322.049690620502
2227.0	45	7322.054787937515
2228.0	45	7322.05948696174
2229.0	36	7322.063787878814
2230.0	44	7322.067690874374
2231.0	45	7322.071196133977
2232.0	42	7322.0743038430655
2233.0	52	7322.0770141870735
2234.0	37	7322.079327351359
2235.0	32	7322.0812435211865
2236.0	36	7322.082762881786
2237.0	40	7322.083885618289
2238.0	39	7322.084611915822
2239.0	42	7322.084941959385
2240.0	37	7322.084875933934
2241.0	43	7322.084414024369
2242.0	44	7322.083556415509
2243.0	30	7322.082303292135
2244.0	48	7322.080654838942
2245.0	37	7322.078611240546
2246.0	37	7322.076172681543
2247.0	38	7322.073339346422
2248.0	35	7322.070111419612
2249.0	30	7322.066489085505
2250.0	40	7322.062472528428
2251.0	27	7322.058061932579
2252.0	21	7322.05325748217
2253.0	43	7322.048059361322
2254.0	48	7322.042467754037
2255.0	49	7322.036482844392
2256.0	32	7322.030104816232
2257.0	31	7322.023333853435
2258.0	44	7322.016170139798
2259.0	37	7322.008613859057
2260.0	35	7322.000665194876
2261.0	32	7321.992324330824
2262.0	52	7321.983591450482
2263.0	32	7321.974466737293
2264.0	37	7321.964950374639
2265.0	31	7321.9550425459265
2266.0	35	7321.94474343436
2267.0	34	7321.934053223218
2268.0	38	7321.9229720956
2269.0	35	7321.911500234601
2270.0	31	7321.89963782326
2271.0	40	7321.887385044487
2272.0	42	7321.874742081229
2273.0	37	7321.861709116274
2274.0	45	7321.84828633241
2275.0	44	7321.834473912302
2276.0	50	7321.820272038613
2277.0	40	7321.805680893917
2278.0	31	7321.79070066068
2279.0	28	7321.775331521378
2280.0	41	7321.759573658374
2281.0	46	7321.7434272539895
2282.0	39	7321.726892490461
2283.0	43	7321.709969549994
2284.0	36	7321.692658614676
2285.0	42	7321.674959866589
2286.0	36	7321.656873487722
2287.0	42	7321.63839966
2288.0	37	7321.619538565283
2289.0	39	7321.600290385393
2290.0	32	7321.580655302042
2291.0	44	7321.56063349691
2292.0	50	7321.540225151601
2293.0	42	7321.519430447669
2294.0	30	7321.498249566593
2295.0	35	7321.476682689779
2296.0	28	7321.454729998606
2297.0	30	7321.4323916743415
2298.0	47	7321.409667898216
2299.0	37	7321.386558851385
2300.0	53	7321.363064714967
2301.0	37	7321.339185669988
2302.0	45	7321.314921897393
2303.0	42	7321.290273578125
2304.0	38	7321.265240893012
2305.0	38	7321.239824022828
2306.0	36	7321.214023148303
2307.0	24	7321.187838450086
2308.0	35	7321.1612701087615
2309.0	36	7321.134318304844
2310.0	47	7321.106983218829
2311.0	26	7321.079265031085
2312.0	47	7321.05116392195
2313.0	36	7321.0226800717
2314.0	46	7320.993813660549
2315.0	39	7320.964564868625
2316.0	36	7320.934933876037
2317.0	42	7320.904920862768
2318.0	29	7320.874526008809
2319.0	40	7320.843749494012
2320.0	39	7320.812591498244
2321.0	38	7320.781052201241
2322.0	37	7320.749131782705
2323.0	42	7320.716830422302
2324.0	41	7320.684148299566
2325.0	41	7320.651085594036
2326.0	44	7320.617642485143
2327.0	26	7320.583819152267
2328.0	37	7320.549615774776
2329.0	31	7320.515032531865
2330.0	29	7320.480069602787
2331.0	37	7320.4447271666195
2332.0	53	7320.409005402474
2333.0	27	7320.372904489333
2334.0	44	7320.336424606144
2335.0	37	7320.299565931802
2336.0	31	7320.262328645083
2337.0	42	7320.224712924797
2338.0	60	7320.186718949587
2339.0	34	7320.148346898098
2340.0	59	7320.109596948918
2341.0	42	7320.070469280503
2342.0	37	7320.030964071349
2343.0	30	7319.991081499761
2344.0	30	7319.950821744128
2345.0	40	7319.910184982631
2346.0	34	7319.869171393501
2347.0	47	7319.827781154848
2348.0	43	7319.786014444734
2349.0	38	7319.743871441169
2350.0	40	7319.701352322065
2351.0	48	7319.658457265329
2352.0	42	7319.615186448751
2353.0	35	7319.571540050072
2354.0	41	7319.527518247001
2355.0	44	7319.483121217144
2356.0	33	7319.438349138054
2357.0	57	7319.393202187249
2358.0	39	7319.347680542161
2359.0	35	7319.301784380145
2360.0	50	7319.25551387852
2361.0	41	7319.208869214548
2362.0	35	7319.161850565396
2363.0	31	7319.114458108185
2364.0	34	7319.066692019986
2365.0	43	7319.018552477793
2366.0	40	7318.970039658536
2367.0	48	7318.921153739081
2368.0	48	7318.871894896264
2369.0	35	7318.822263306812
2370.0	38	7318.772259147408
2371.0	32	7318.721882594698
2372.0	30	7318.671133825223
2373.0	37	7318.6200130154675
2374.0	36	7318.568520341901
2375.0	42	7318.516655980877
2376.0	33	7318.464420108736
2377.0	34	7318.411812901666
2378.0	42	7318.358834535914
2379.0	51	7318.305485187568
2380.0	34	7318.25176503272
2381.0	39	7318.197674247343
2382.0	37	7318.143213007388
2383.0	31	7318.088381488749
2384.0	27	7318.033179867201
2385.0	53	7317.977608318538
2386.0	42	7317.9216670184205
2387.0	44	7317.865356142488
2388.0	35	7317.808675866318
2389.0	37	7317.751626365397
2390.0	48	7317.694207815159
2391.0	36	7317.636420391006
2392.0	47	7317.578264268257
2393.0	34	7317.519739622148
2394.0	31	7317.460846627884
2395.0	40	7317.401585460606
2396.0	49	7317.341956295389
2397.0	35	7317.281959307219
2398.0	28	7317.221594671042
2399.0	36	7317.160862561778
2400.0	31	7317.099763154227
2401.0	41	7317.038296623147
2402.0	52	7316.976463143246
2403.0	43	7316.914262889158
2404.0	35	7316.851696035462
2405.0	44	7316.788762756673
2406.0	35	7316.725463227252
2407.0	45	7316.661797621572
2408.0	38	7316.597766113988
2409.0	32	7316.533368878744
2410.0	20	7316.46860609006
2411.0	43	7316.403477922078
2412.0	33	7316.337984548891
2413.0	40	7316.2721261445
2414.0	37	7316.2059028828835
2415.0	37	7316.139314937956
2416.0	29	7316.072362483523
2417.0	37	7316.005045693353
2418.0	35	7315.937364741206
2419.0	32	7315.869319800691
2420.0	51	7315.800911045441
2421.0	34	7315.732138648947
2422.0	42	7315.663002784711
2423.0	55	7315.5935036261335
2424.0	37	7315.523641346541
2425.0	48	7315.453416119227
2426.0	40	7315.382828117441
2427.0	36	7315.311877514324
2428.0	42	7315.2405644829605
2429.0	52	7315.168889196432
2430.0	43	7315.096851827678
2431.0	42	7315.024452549648
2432.0	40	7314.951691535193
2433.0	40	7314.878568957089
2434.0	37	7314.8050849880965
2435.0	32	7314.731239800857
2436.0	30	7314.657033568012
2437.0	39	7314.582466462119
2438.0	42	7314.50753865564
2439.0	41	7314.432250321012
2440.0	48	7314.3566016306195
2441.0	47	7314.280592756748
2442.0	43	7314.2042238716485
2443.0	36	7314.1274951475225
2444.0	40	7314.0504067565025
2445.0	31	7313.972958870609
2446.0	42	7313.89515166188
2447.0	44	7313.816985302251
2448.0	36	7313.738459963591
2449.0	43	7313.65957581773
2450.0	39	7313.580333036414
2451.0	36	7313.500731791385
2452.0	42	7313.420772254229
2453.0	35	7313.340454596554
2454.0	40	7313.259778989864
2455.0	53	7313.178745605603
2456.0	47	7313.097354615188
2457.0	40	7313.0156061899515
2458.0	35	7312.933500501155
2459.0	39	7312.851037720026
2460.0	40	7312.768218017684
2461.0	37	7312.685041565274
2462.0	30	7312.601508533772
2463.0	27	7312.517619094164
2464.0	46	7312.433373417389
2465.0	37	7312.348771674296
2466.0	43	7312.263814035625
2467.0	39	7312.178500672148
2468.0	39	7312.092831754523
2469.0	34	7312.006807453349
2470.0	34	7311.920427939164
2471.0	34	7311.833693382486
2472.0	55	7311.746603953719
2473.0	37	7311.659159823244
2474.0	35	7311.571361161332
2475.0	48	7311.483208138283
2476.0	37	7311.394700924237
2477.0	35	7311.3058396893275
2478.0	44	7311.216624603633
2479.0	50	7311.12705583714
2480.0	38	7311.037133559821
2481.0	39	7310.946857941521
2482.0	37	7310.856229152086
2483.0	39	7310.765247361276
2484.0	34	7310.673912738784
2485.0	44	7310.582225454285
2486.0	40	7310.490185677325
2487.0	36	7310.397793577443
2488.0	42	7310.305049324103
2489.0	43	7310.211953086709
2490.0	41	7310.118505034582
2491.0	39	7310.024705337026
2492.0	32	7309.930554163268
2493.0	45	7309.836051682453
2494.0	37	7309.7411980636825
2495.0	47	7309.645993476021
2496.0	41	7309.550438088439
2497.0	33	7309.454532069845
2498.0	29	7309.35827558913
2499.0	41	7309.261668815067
2500.0	40	7309.164711916411
2501.0	32	7309.067405061869
2502.0	36	7308.969748420009
2503.0	36	7308.871742159442
2504.0	40	7308.77338644866
2505.0	34	7308.674681456109
2506.0	52	7308.575627350156
2507.0	38	7308.476224299143
2508.0	40	7308.376472471332
2509.0	37	7308.276372034921
2510.0	29	7308.175923158054
2511.0	40	7308.075126008841
2512.0	41	7307.973980755271
2513.0	36	7307.872487565327
2514.0	37	7307.770646606923
2515.0	28	7307.668458047907
2516.0	42	7307.565922056044
2517.0	53	7307.463038799092
2518.0	45	7307.359808444706
2519.0	45	7307.2562311605
2520.0	40	7307.152307114003
2521.0	42	7307.048036472712
2522.0	47	7306.943419404077
2523.0	34	7306.838456075467
2524.0	33	7306.733146654167
2525.0	34	7306.627491307469
2526.0	40	7306.52149020252
2527.0	42	7306.415143506506
2528.0	46	7306.308451386452
2529.0	43	7306.201414009397
2530.0	31	7306.094031542292
2531.0	41	7305.986304152041
2532.0	40	7305.878232005467
2533.0	37	7305.769815269373
2534.0	30	7305.661054110444
2535.0	42	7305.55194869537
2536.0	41	7305.442499190732
2537.0	38	7305.33270576307
2538.0	36	7305.222568578866
2539.0	41	7305.112087804556
2540.0	31	7305.001263606506
2541.0	45	7304.890096151004
2542.0	39	7304.778585604306
2543.0	43	7304.666732132594
2544.0	35	7304.554535902005
2545.0	32	7304.441997078578
2546.0	49	7304.329115828358
2547.0	39	7304.215892317298
2548.0	38	7304.1023267112305
2549.0	42	7303.988419176066
2550.0	39	7303.874169877517
2551.0	45	7303.759578981338
2552.0	41	7303.644646653152
2553.0	44	7303.529373058601
2554.0	46	7303.413758363185
2555.0	35	7303.297802732386
2556.0	45	7303.181506331625
2557.0	30	7303.064869326282
2558.0	51	7302.947891881641
2559.0	32	7302.830574162947
2560.0	38	7302.7129163354075
2561.0	35	7302.594918564126
2562.0	37	7302.476581014178
2563.0	39	7302.35790385057
2564.0	46	7302.238887238262
2565.0	31	7302.119531342133
2566.0	35	7301.999836327006
2567.0	32	7301.8798023576865
2568.0	36	7301.759429598874
2569.0	43	7301.638718215219
2570.0	40	7301.517668371331
2571.0	51	7301.396280231764
2572.0	37	7301.274553960951
2573.0	39	7301.152489723356
2574.0	52	7301.030087683361
2575.0	38	7300.9073480052275
2576.0	37	7300.784270853198
2577.0	45	7300.660856391523
2578.0	36	7300.537104784275
2579.0	37	7300.413016195551
2580.0	40	7300.288590789353
2581.0	36	7300.163828729662
2582.0	37	7300.038730180345
2583.0	45	7299.913295305268
2584.0	42	7299.787524268204
2585.0	31	7299.661417232844
2586.0	41	7299.534974362903
2587.0	43	7299.408195821947
2588.0	43	7299.281081773545
2589.0	55	7299.153632381184
2590.0	42	7299.02584780829
2591.0	32	7298.897728218242
2592.0	47	7298.769273774344
2593.0	37	7298.640484639872
2594.0	42	7298.51136097802
2595.0	38	7298.381902951911
2596.0	48	7298.25211072463
2597.0	34	7298.121984459221
2598.0	50	7297.991524318651
2599.0	35	7297.86073046579
2600.0	45	7297.729603063554
2601.0	32	7297.59814227467
2602.0	33	7297.466348261919
2603.0	43	7297.334221187937
2604.0	45	7297.201761215377
2605.0	42	7297.068968506781
2606.0	33	7296.935843224676
2607.0	37	7296.802385531468
2608.0	40	7296.668595589587
2609.0	31	7296.534473561331
2610.0	46	7296.4000196089755
2611.0	31	7296.265233894739
2612.0	42	7296.13011658078
2613.0	41	7295.994667829192
2614.0	30	7295.85888780203
2615.0	46	7295.72277666126
2616.0	36	7295.586334568803
2617.0	43	7295.44956168654
2618.0	40	7295.312458176283
2619.0	33	7295.17502419975
2620.0	38	7295.037259918675
2621.0	37	7294.8991654946985
2622.0	37	7294.760741089361
2623.0	35	7294.621986864203
2624.0	35	7294.482902980686
2625.0	45	7294.3434896002445
2626.0	51	7294.2037468841845
2627.0	35	7294.063674993803
2628.0	35	7293.923274090358
2629.0	50	7293.782544335018
2630.0	46	7293.641485888875
2631.0	37	7293.500098913035
2632.0	41	7293.358383568465
2633.0	46	7293.216340016143
2634.0	42	7293.07396841692
2635.0	44	7292.931268931649
2636.0	27	7292.788241721113
2637.0	35	7292.64488694601
2638.0	43	7292.5012047670025
2639.0	53	7292.357195344711
2640.0	47	7292.212858839663
2641.0	42	7292.068195412353
2642.0	43	7291.923205223206
2643.0	37	7291.777888432613
2644.0	37	7291.632245200864
2645.0	47	7291.486275688226
2646.0	43	7291.339980054919
2647.0	35	7291.193358461069
2648.0	42	7291.046411066765
2649.0	43	7290.899138032027
2650.0	38	7290.751539516866
2651.0	42	7290.603615681149
2652.0	46	7290.455366684787
2653.0	44	7290.30679268754
2654.0	45	7290.157893849166
2655.0	43	7290.008670329347
2656.0	27	7289.859122287733
2657.0	37	7289.709249883899
2658.0	51	7289.559053277319
2659.0	35	7289.408532627503
2660.0	35	7289.257688093837
2661.0	32	7289.106519835662
2662.0	34	7288.955028012268
2663.0	42	7288.803212782883
2664.0	43	7288.65107430668
2665.0	35	7288.498612742804
2666.0	39	7288.345828250305
2667.0	36	7288.192720988178
2668.0	45	7288.03929111538
2669.0	39	7287.88553879078
2670.0	34	7287.731464173266
2671.0	48	7287.5770674215655
2672.0	42	7287.422348694412
2673.0	47	7287.2673081504745
2674.0	38	7287.111945948361
2675.0	44	7286.956262246634
2676.0	34	7286.800257203776
2677.0	40	7286.643930978226
2678.0	39	7286.487283728362
2679.0	43	7286.330315612522
2680.0	45	7286.173026788957
2681.0	44	7286.015417415907
2682.0	39	7285.857487651485
2683.0	50	7285.699237653833
2684.0	44	7285.540667580965
2685.0	42	7285.381777590879
2686.0	34	7285.222567841501
2687.0	42	7285.0630384907045
2688.0	37	7284.903189696293
2689.0	37	7284.743021616056
2690.0	35	7284.582534407683
2691.0	36	7284.421728228807
2692.0	32	7284.260603237039
2693.0	40	7284.099159589906
2694.0	42	7283.9373974448845
2695.0	45	7283.775316959408
2696.0	43	7283.612918290817
2697.0	36	7283.450201596451
2698.0	46	7283.287167033546
2699.0	38	7283.123814759295
2700.0	42	7282.960144930874
2701.0	40	7282.796157705307
2702.0	45	7282.631853239681
2703.0	29	7282.467231690925
2704.0	48	7282.302293215983
2705.0	47	7282.137037971696
2706.0	37	7281.971466114885
2707.0	36	7281.80557780229
2708.0	42	7281.639373190609
2709.0	44	7281.472852436471
2710.0	39	7281.306015696438
2711.0	50	7281.138863127085
2712.0	45	7280.971394884819
2713.0	39	7280.803611126108
2714.0	32	7280.635512007259
2715.0	49	7280.467097684612
2716.0	41	7280.298368314365
2717.0	40	7280.129324052758
2718.0	44	7279.959965055896
2719.0	47	7279.790291479841
2720.0	46	7279.620303480636
2721.0	26	7279.450001214251
2722.0	30	7279.279384836587
2723.0	44	7279.1084545034855
2724.0	36	7278.937210370754
2725.0	46	7278.765652594125
2726.0	32	7278.593781329297
2727.0	34	7278.421596731887
2728.0	35	7278.249098957492
2729.0	42	7278.076288161603
2730.0	39	7277.903164499694
2731.0	32	7277.7297281271785
2732.0	44	7277.555979199414
2733.0	37	7277.381917871667
2734.0	38	7277.2075442992
2735.0	45	7277.032858637184
2736.0	42	7276.857861040768
2737.0	39	7276.6825516650215
2738.0	42	7276.506930664953
2739.0	37	7276.330998195534
2740.0	51	7276.154754411652
2741.0	32	7275.978199468187
2742.0	34	7275.801333519918
2743.0	39	7275.624156721575
2744.0	31	7275.446669227866
2745.0	57	7275.268871193423
2746.0	53	7275.090762772799
2747.0	39	7274.912344120509
2748.0	40	7274.7336153910655
2749.0	40	7274.554576738813
2750.0	42	7274.375228318133
2751.0	41	7274.19557028333
2752.0	29	7274.015602788653
2753.0	41	7273.835325988268
2754.0	37	7273.654740036307
2755.0	41	7273.4738450868645
2756.0	39	7273.292641293963
2757.0	37	7273.111128811533
2758.0	29	7272.929307793522
2759.0	36	7272.747178393774
2760.0	40	7272.564740766076
2761.0	44	7272.381995064214
2762.0	56	7272.198941441839
2763.0	32	7272.015580052606
2764.0	44	7271.831911050077
2765.0	47	7271.64793458779
2766.0	39	7271.463650819229
2767.0	52	7271.279059897767
2768.0	34	7271.094161976826
2769.0	38	7270.908957209638
2770.0	33	7270.723445749503
2771.0	38	7270.537627749623
2772.0	41	7270.351503363102
2773.0	33	7270.165072743049
2774.0	50	7269.978336042487
2775.0	40	7269.791293414395
2776.0	43	7269.603945011679
2777.0	51	7269.416290987231
2778.0	50	7269.228331493858
2779.0	33	7269.040066684294
2780.0	51	7268.851496711246
2781.0	41	7268.662621727368
2782.0	36	7268.473441885251
2783.0	36	7268.283957337432
2784.0	41	7268.094168236395
2785.0	54	7267.9040747345725
2786.0	34	7267.71367698431
2787.0	41	7267.522975137958
2788.0	34	7267.331969347769
2789.0	42	7267.14065976595
2790.0	45	7266.949046544655
2791.0	45	7266.757129835987
2792.0	40	7266.564909791985
2793.0	53	7266.372386564633
2794.0	44	7266.179560305877
2795.0	36	7265.986431167614
2796.0	45	7265.7929993016605
2797.0	45	7265.59926485975
2798.0	45	7265.40522799366
2799.0	40	7265.210888855011
2800.0	36	7265.016247595446
2801.0	44	7264.82130436647
2802.0	40	7264.626059319644
2803.0	39	7264.4305126063655
2804.0	33	7264.234664378042
2805.0	38	7264.038514786032
2806.0	48	7263.842063981578
2807.0	45	7263.645312115932
2808.0	38	7263.448259340266
2809.0	40	7263.250905805696
2810.0	35	7263.053251663286
2811.0	51	7262.85529706406
2812.0	47	7262.657042158945
2813.0	35	7262.4584870988665
2814.0	49	7262.259632034679
2815.0	37	7262.0604771171575
2816.0	38	7261.861022497052
2817.0	53	7261.661268325047
2818.0	44	7261.461214751767
2819.0	44	7261.260861927784
2820.0	43	7261.060210003654
2821.0	44	7260.859259129826
2822.0	48	7260.658009456683
2823.0	42	7260.456461134645
2824.0	41	7260.254614313993
2825.0	26	7260.05246914498
2826.0	39	7259.850025777772
2827.0	46	7259.647284362566
2828.0	35	7259.444245049429
2829.0	36	7259.240907988388
2830.0	35	7259.037273329451
2831.0	40	7258.833341222544
2832.0	33	7258.62911181751
2833.0	31	7258.4245852642025
2834.0	39	7258.219761712373
2835.0	46	7258.014641311754
2836.0	39	7257.80922421198
2837.0	41	7257.603510562667
2838.0	37	7257.397500513384
2839.0	33	7257.191194213607
2840.0	38	7256.984591812779
2841.0	34	7256.777693460322
2842.0	41	7256.570499305527
2843.0	35	7256.363009497704
2844.0	42	7256.155224186086
2845.0	43	7255.947143519841
2846.0	44	7255.738767648093
2847.0	34	7255.530096719903
2848.0	31	7255.3211308843065
2849.0	30	7255.111870290238
2850.0	39	7254.902315086633
2851.0	32	7254.692465422308
2852.0	34	7254.482321446113
2853.0	41	7254.271883306752
2854.0	38	7254.061151152934
2855.0	40	7253.850125133314
2856.0	46	7253.638805396454
2857.0	37	7253.427192090896
2858.0	44	7253.215285365121
2859.0	36	7253.003085367541
2860.0	41	7252.790592246571
2861.0	36	7252.577806150482
2862.0	37	7252.364727227571
2863.0	32	7252.151355626026
2864.0	44	7251.9376914940385
2865.0	54	7251.723734979669
2866.0	46	7251.509486230987
2867.0	41	7251.294945396032
2868.0	44	7251.0801126227025
2869.0	56	7250.864988058889
2870.0	35	7250.649571852486
2871.0	37	7250.4338641512195
2872.0	31	7250.217865102839
2873.0	45	7250.001574855033
2874.0	45	7249.784993555424
2875.0	37	7249.568121351573
2876.0	36	7249.350958391034
2877.0	40	7249.1335048212295
2878.0	38	7248.915760789613
2879.0	33	7248.697726443495
2880.0	40	7248.479401930237
2881.0	39	7248.260787397075
2882.0	44	7248.041882991199
2883.0	33	7247.822688859765
2884.0	39	7247.60320514985
2885.0	40	7247.383432008549
2886.0	35	7247.163369582785
2887.0	45	7246.943018019541
2888.0	47	7246.722377465683
2889.0	33	7246.501448068044
2890.0	42	7246.280229973386
2891.0	33	7246.05872332846
2892.0	34	7245.83692827992
2893.0	44	7245.614844974378
2894.0	40	7245.392473558434
2895.0	35	7245.169814178576
2896.0	42	7244.946866981257
2897.0	37	7244.723632112889
2898.0	35	7244.500109719838
2899.0	40	7244.276299948413
2900.0	38	7244.052202944837
2901.0	35	7243.827818855304
2902.0	35	7243.603147825988
2903.0	39	7243.378190002972
2904.0	30	7243.152945532257
2905.0	26	7242.927414559885
2906.0	42	7242.701597231754
2907.0	45	7242.475493693757
2908.0	37	7242.249104091687
2909.0	41	7242.022428571397
2910.0	29	7241.795467278515
2911.0	39	7241.568220358775
2912.0	35	7241.340687957775
2913.0	41	7241.112870221074
2914.0	39	7240.884767294191
2915.0	32	7240.656379322585
2916.0	31	7240.4277064516655
2917.0	37	7240.198748826787
2918.0	54	7239.969506593235
2919.0	44	7239.739979896281
2920.0	42	7239.510168881126
2921.0	42	7239.280073692886
2922.0	56	7239.0496944766755
2923.0	43	7238.819031377534
2924.0	36	7238.588084540441
2925.0	41	7238.356854110329
2926.0	45	7238.125340232097
2927.0	42	7237.893543050558
2928.0	36	7237.661462710509
2929.0	47	7237.429099356657
2930.0	48	7237.196453133696
2931.0	46	7236.963524186219
2932.0	37	7236.730312658817
2933.0	31	7236.496818696012
2934.0	37	7236.263042442268
2935.0	41	7236.028984041982
2936.0	40	7235.794643639519
2937.0	47	7235.560021379191
2938.0	42	7235.325117405255
2939.0	40	7235.089931861931
2940.0	33	7234.854464893329
2941.0	32	7234.618716643592
2942.0	23	7234.382687256746
2943.0	43	7234.146376876797
2944.0	44	7233.909785647684
2945.0	37	7233.672913713291
2946.0	31	7233.435761217479
2947.0	37	7233.198328304018
2948.0	41	7232.96061511663
2949.0	33	7232.722621799046
2950.0	50	7232.484348494858
2951.0	24	7232.245795347652
2952.0	43	7232.006962500987
2953.0	32	7231.767850098301
2954.0	48	7231.52845828302
2955.0	37	7231.288787198545
2956.0	37	7231.0488369881905
2957.0	44	7230.808607795204
2958.0	45	7230.568099762814
2959.0	48	7230.327313034194
2960.0	35	7230.086247752453
2961.0	37	7229.844904060641
2962.0	38	7229.603282101776
2963.0	32	7229.361382018844
2964.0	34	7229.1192039547095
2965.0	36	7228.876748052246
2966.0	32	7228.634014454256
2967.0	39	7228.391003303493
2968.0	34	7228.147714742654
2969.0	47	7227.904148914398
2970.0	35	7227.660305961293
2971.0	41	7227.416186025928
2972.0	47	7227.171789250761
2973.0	33	7226.927115778247
2974.0	29	7226.682165750782
2975.0	45	7226.436939310685
2976.0	34	7226.191436600273
2977.0	47	7225.945657761759
2978.0	39	7225.699602937351
2979.0	37	7225.453272269139
2980.0	49	7225.206665899264
2981.0	35	7224.959783969715
2982.0	49	7224.712626622476
2983.0	36	7224.4651939994865
2984.0	54	7224.217486242609
2985.0	39	7223.969503493684
2986.0	41	7223.721245894472
2987.0	30	7223.472713586705
2988.0	35	7223.223906712049
2989.0	45	7222.974825412116
2990.0	48	7222.725469828487
2991.0	36	7222.475840102679
2992.0	40	7222.225936376145
2993.0	42	7221.9757587903105
2994.0	42	7221.725307486532
2995.0	35	7221.4745826061335
2996.0	38	7221.22358429037
2997.0	35	7220.972312680437
2998.0	28	7220.720767917524
2999.0	39	7220.468950142709
3000.0	35	7220.21685949706
3001.0	32	7219.964496121601
3002.0	43	7219.71186015725
3003.0	44	7219.45895174492
3004.0	50	7219.205771025486
3005.0	40	7218.95231813973
3006.0	43	7218.6985932284
3007.0	23	7218.444596432205
3008.0	53	7218.190327891803
3009.0	37	7217.935787747767
3010.0	58	7217.680976140643
3011.0	27	7217.425893210959
3012.0	35	7217.170539099133
3013.0	38	7216.914913945553
3014.0	51	7216.659017890569
3015.0	39	7216.402851074494
3016.0	39	7216.14641363754
3017.0	37	7215.889705719917
3018.0	41	7215.632727461743
3019.0	38	7215.375479003127
3020.0	43	7215.117960484082
3021.0	42	7214.86017204463
3022.0	38	7214.602113824678
3023.0	39	7214.343785964125
3024.0	38	7214.085188602793
3025.0	39	7213.826321880488
3026.0	44	7213.56718593692
3027.0	38	7213.307780911779
3028.0	34	7213.0481069447105
3029.0	42	7212.788164175272
3030.0	25	7212.527952743011
3031.0	37	7212.267472787416
3032.0	34	7212.006724447896
3033.0	38	7211.745707863833
3034.0	36	7211.484423174559
3035.0	33	7211.222870519354
3036.0	36	7210.961050037444
3037.0	40	7210.698961868014
3038.0	38	7210.436606150177
3039.0	45	7210.173983023006
3040.0	38	7209.9110926255435
3041.0	29	7209.647935096746
3042.0	42	7209.384510575552
3043.0	37	7209.120819200822
3044.0	39	7208.856861111392
3045.0	50	7208.59263644602
3046.0	40	7208.328145343449
3047.0	35	7208.063387942338
3048.0	44	7207.798364381315
3049.0	49	7207.533074798958
3050.0	33	7207.267519333752
3051.0	45	7207.001698124215
3052.0	37	7206.735611308749
3053.0	35	7206.4692590257155
3054.0	35	7206.202641413449
3055.0	40	7205.935758610206
3056.0	31	7205.6686107542255
3057.0	31	7205.401197983651
3058.0	42	7205.133520436638
3059.0	34	7204.865578251235
3060.0	49	7204.597371565438
3061.0	42	7204.328900517252
3062.0	35	7204.060165244592
3063.0	36	7203.791165885304
3064.0	38	7203.521902577219
3065.0	41	7203.252375458108
3066.0	32	7202.982584665711
3067.0	48	7202.712530337662
3068.0	45	7202.442212611586
3069.0	40	7202.171631625051
3070.0	37	7201.900787515602
3071.0	33	7201.629680420667
3072.0	36	7201.358310477703
3073.0	50	7201.086677824066
3074.0	52	7200.814782597062
3075.0	47	7200.54262493396
3076.0	42	7200.270204972012
3077.0	40	7199.997522848336
3078.0	51	7199.724578700083
3079.0	32	7199.451372664326
3080.0	41	7199.17790487809
3081.0	42	7198.9041754782975
3082.0	34	7198.6301846019305
3083.0	39	7198.355932385816
3084.0	35	7198.081418966795
3085.0	39	7197.806644481622
3086.0	49	7197.531609067042
3087.0	35	7197.25631285971
3088.0	45	7196.980755996245
3089.0	43	7196.704938613226
3090.0	35	7196.428860847168
3091.0	36	7196.152522834575
3092.0	30	7195.875924711809
3093.0	43	7195.599066615295
3094.0	35	7195.32194868133
3095.0	47	7195.04457104621
3096.0	36	7194.76693384614
3097.0	45	7194.489037217298
3098.0	46	7194.210881295832
3099.0	49	7193.9324662177805
3100.0	37	7193.653792119186
3101.0	47	7193.37485913605
3102.0	37	7193.095667404253
3103.0	26	7192.8162170597025
3104.0	35	7192.536508238236
3105.0	36	7192.25654107561
3106.0	35	7191.976315707564
3107.0	43	7191.695832269766
3108.0	48	7191.415090897893
3109.0	31	7191.134091727454
3110.0	38	7190.85283489402
3111.0	42	7190.571320533098
3112.0	55	7190.289548780081
3113.0	33	7190.007519770369
3114.0	56	7189.725233639294
3115.0	30	7189.442690522154
3116.0	38	7189.159890554148
3117.0	41	7188.876833870508
3118.0	33	7188.593520606353
3119.0	46	7188.309950896766
3120.0	42	7188.026124876805
3121.0	32	7187.742042681435
3122.0	40	7187.457704445616
3123.0	33	7187.173110304222
3124.0	33	7186.888260392126
3125.0	40	7186.603154844091
3126.0	28	7186.317793794858
3127.0	29	7186.032177379157
3128.0	32	7185.746305731612
3129.0	43	7185.460178986828
3130.0	32	7185.173797279352
3131.0	36	7184.887160743659
3132.0	36	7184.600269514245
3133.0	36	7184.313123725467
3134.0	40	7184.025723511709
3135.0	32	7183.738069007249
3136.0	44	7183.450160346355
3137.0	46	7183.1619976632455
3138.0	34	7182.873581092049
3139.0	32	7182.584910766904
3140.0	38	7182.295986821834
3141.0	40	7182.006809390877
3142.0	29	7181.7173786079875
3143.0	35	7181.427694607064
3144.0	29	7181.137757521986
3145.0	33	7180.847567486554
3146.0	35	7180.557124634553
3147.0	34	7180.266429099686
3148.0	50	7179.975481015624
3149.0	49	7179.684280515983
3150.0	29	7179.392827734337
3151.0	37	7179.101122804217
3152.0	37	7178.809165859082
3153.0	40	7178.516957032351
3154.0	44	7178.224496457425
3155.0	39	7177.931784267618
3156.0	29	7177.638820596189
3157.0	42	7177.3456055764
3158.0	35	7177.052139341423
3159.0	40	7176.75842202439
3160.0	36	7176.464453758363
3161.0	43	7176.170234676414
3162.0	43	7175.875764911504
3163.0	26	7175.581044596589
3164.0	36	7175.286073864542
3165.0	38	7174.990852848207
3166.0	41	7174.695381680396
3167.0	42	7174.399660493846
3168.0	50	7174.103689421228
3169.0	36	7173.807468595231
3170.0	55	7173.5109981484175
3171.0	45	7173.214278213359
3172.0	37	7172.9173089225515
3173.0	39	7172.620090408473
3174.0	47	7172.32262280347
3175.0	40	7172.024906239958
3176.0	39	7171.72694085022
3177.0	33	7171.42872676653
3178.0	40	7171.130264121085
3179.0	30	7170.831553046073
3180.0	43	7170.532593673575
3181.0	44	7170.233386135675
3182.0	31	7169.933930564406
3183.0	32	7169.6342270917185
3184.0	41	7169.334275849552
3185.0	48	7169.034076969767
3186.0	30	7168.733630584212
3187.0	38	7168.432936824658
3188.0	49	7168.131995822794
3189.0	39	7167.830807710356
3190.0	47	7167.529372618974
3191.0	37	7167.227690680194
3192.0	33	7166.925762025591
3193.0	33	7166.6235867866535
3194.0	36	7166.321165094792
3195.0	32	7166.018497081443
3196.0	26	7165.715582877912
3197.0	33	7165.412422615525
3198.0	36	7165.10901642552
3199.0	37	7164.805364439089
3200.0	42	7164.501466787427
3201.0	40	7164.197323601589
3202.0	30	7163.892935012654
3203.0	37	7163.588301151639
3204.0	33	7163.283422149502
3205.0	34	7162.978298137153
3206.0	37	7162.672929245457
3207.0	42	7162.367315605243
3208.0	47	7162.061457347266
3209.0	41	7161.755354602269
3210.0	33	7161.449007500899
3211.0	24	7161.142416173805
3212.0	38	7160.835580751575
3213.0	39	7160.528501364714
3214.0	33	7160.221178143723
3215.0	34	7159.913611219034
3216.0	32	7159.6058007210395
3217.0	39	7159.297746780085
3218.0	47	7158.98944952644
3219.0	31	7158.680909090368
3220.0	44	7158.3721256020735
3221.0	41	7158.063099191695
3222.0	37	7157.75382998934
3223.0	47	7157.444318125064
3224.0	45	7157.134563728862
3225.0	35	7156.824566930708
3226.0	37	7156.514327860512
3227.0	43	7156.203846648125
3228.0	34	7155.893123423397
3229.0	41	7155.5821583160605
3230.0	52	7155.270951455858
3231.0	34	7154.959502972476
3232.0	44	7154.6478129954985
3233.0	33	7154.335881654547
3234.0	35	7154.023709079136
3235.0	33	7153.711295398755
3236.0	39	7153.398640742838
3237.0	33	7153.085745240787
3238.0	34	7152.772609021925
3239.0	37	7152.459232215557
3240.0	44	7152.145614950929
3241.0	31	7151.831757357251
3242.0	42	7151.517659563663
3243.0	46	7151.203321699275
3244.0	47	7150.888743893154
3245.0	59	7150.573926274305
3246.0	32	7150.258868971699
3247.0	40	7149.943572114218
3248.0	41	7149.62803583079
3249.0	46	7149.312260250196
3250.0	45	7148.996245501224
3251.0	36	7148.679991712601
3252.0	48	7148.363499013
3253.0	36	7148.046767531073
3254.0	31	7147.729797395384
3255.0	44	7147.412588734496
3256.0	31	7147.0951416768685
3257.0	42	7146.777456350991
3258.0	37	7146.459532885244
3259.0	37	7146.141371407959
3260.0	48	7145.822972047454
3261.0	52	7145.504334931991
3262.0	34	7145.185460189774
3263.0	37	7144.866347948961
3264.0	38	7144.546998337692
3265.0	38	7144.22741148401
3266.0	35	7143.907587515927
3267.0	33	7143.587526561456
3268.0	40	7143.267228748521
3269.0	43	7142.946694204966
3270.0	43	7142.625923058645
3271.0	51	7142.304915437358
3272.0	28	7141.983671468844
3273.0	44	7141.662191280773
3274.0	37	7141.340475000832
3275.0	41	7141.018522756568
3276.0	38	7140.696334675586
3277.0	37	7140.373910885362
3278.0	21	7140.051251513372
3279.0	35	7139.728356687009
3280.0	35	7139.405226533659
3281.0	39	7139.08186118061
3282.0	60	7138.758260755193
3283.0	35	7138.434425384575
3284.0	33	7138.110355195966
3285.0	47	7137.786050316502
3286.0	49	7137.461510873257
3287.0	29	7137.136736993265
3288.0	35	7136.81172880354
3289.0	39	7136.486486431001
3290.0	51	7136.1610100025555
3291.0	39	7135.835299645089
3292.0	31	7135.509355485359
3293.0	40	7135.183177650163
3294.0	42	7134.856766266194
3295.0	41	7134.530121460104
3296.0	32	7134.203243358571
3297.0	45	7133.876132088105
3298.0	26	7133.548787775253
3299.0	34	7133.221210546516
3300.0	52	7132.893400528311
3301.0	40	7132.565357847045
3302.0	43	7132.237082629031
3303.0	32	7131.908575000569
3304.0	35	7131.579835087927
3305.0	41	7131.250863017301
3306.0	33	7130.921658914816
3307.0	35	7130.592222906633
3308.0	40	7130.262555118773
3309.0	46	7129.932655677288
3310.0	36	7129.602524708127
3311.0	30	7129.27216233721
3312.0	36	7128.941568690427
3313.0	48	7128.610743893613
3314.0	35	7128.279688072532
3315.0	36	7127.948401352952
3316.0	33	7127.616883860536
3317.0	40	7127.285135720962
3318.0	41	7126.9531570598065
3319.0	37	7126.620948002639
3320.0	38	7126.288508674954
3321.0	27	7125.955839202237
3322.0	38	7125.622939709884
3323.0	42	7125.289810323269
3324.0	46	7124.956451167714
3325.0	50	7124.622862368512
3326.0	36	7124.289044050865
3327.0	34	7123.954996339982
3328.0	38	7123.620719361003
3329.0	48	7123.286213239028
3330.0	35	7122.95147809908
3331.0	39	7122.61651406616
3332.0	47	7122.281321265248
3333.0	39	7121.945899821258
3334.0	32	7121.610249859019
3335.0	45	7121.274371503387
3336.0	64	7120.938264879104
3337.0	46	7120.601930110917
3338.0	41	7120.265367323487
3339.0	38	7119.928576641464
3340.0	37	7119.5915581894305
3341.0	31	7119.254312091932
3342.0	41	7118.916838473453
3343.0	39	7118.579137458453
3344.0	46	7118.241209171359
3345.0	51	7117.903053736483
3346.0	51	7117.564671278178
3347.0	42	7117.226061920703
3348.0	42	7116.887225788264
3349.0	29	7116.548163005062
3350.0	44	7116.208873695211
3351.0	34	7115.869357982803
3352.0	39	7115.529615991866
3353.0	37	7115.189647846399
3354.0	38	7114.849453670365
3355.0	34	7114.5090335876475
3356.0	22	7114.168387722099
3357.0	39	7113.827516197557
3358.0	44	7113.486419137767
3359.0	45	7113.145096666445
3360.0	33	7112.803548907275
3361.0	48	7112.4617759838975
3362.0	41	7112.119778019861
3363.0	41	7111.777555138744
3364.0	29	7111.435107463997
3365.0	38	7111.092435119111
3366.0	39	7110.749538227445
3367.0	25	7110.406416912381
3368.0	45	7110.063071297242
3369.0	35	7109.71950150525
3370.0	46	7109.375707659637
3371.0	49	7109.031689883612
3372.0	39	7108.687448300273
3373.0	48	7108.3429830326995
3374.0	31	7107.998294203952
3375.0	38	7107.653381937001
3376.0	48	7107.308246354806
3377.0	30	7106.96288758026
3378.0	38	7106.617305736241
3379.0	41	7106.271500945521
3380.0	44	7105.925473330909
3381.0	50	7105.579223015095
3382.0	37	7105.232750120763
3383.0	50	7104.886054770557
3384.0	27	7104.539137087043
3385.0	40	7104.191997192769
3386.0	30	7103.844635210228
3387.0	40	7103.49705126188
3388.0	29	7103.149245470101
3389.0	36	7102.801217957277
3390.0	45	7102.452968845724
3391.0	39	7102.10449825768
3392.0	40	7101.755806315408
3393.0	36	7101.406893141055
3394.0	42	7101.057758856786
3395.0	44	7100.70840358464
3396.0	40	7100.358827446714
3397.0	33	7100.00903056498
3398.0	49	7099.659013061388
3399.0	38	7099.30877505787
3400.0	36	7098.9583166762595
3401.0	43	7098.607638038384
3402.0	34	7098.256739266033
3403.0	42	7097.905620480924
3404.0	44	7097.554281804738
3405.0	41	7097.202723359106
3406.0	36	7096.850945265639
3407.0	40	7096.498947645887
3408.0	34	7096.146730621342
3409.0	46	7095.7942943134485
3410.0	41	7095.441638843653
3411.0	39	7095.088764333323
3412.0	38	7094.735670903756
3413.0	36	7094.382358676248
3414.0	37	7094.028827772027
3415.0	47	7093.675078312305
3416.0	44	7093.321110418205
3417.0	42	7092.966924210837
3418.0	43	7092.612519811252
3419.0	44	7092.25789734047
3420.0	39	7091.903056919445
3421.0	27	7091.547998669103
3422.0	37	7091.192722710339
3423.0	48	7090.837229163958
3424.0	38	7090.4815181507665
3425.0	28	7090.1255897915025
3426.0	55	7089.769444206863
3427.0	27	7089.413081517505
3428.0	42	7089.056501844044
3429.0	47	7088.699705307029
3430.0	44	7088.34269202698
3431.0	46	7087.9854621244
3432.0	38	7087.628015719702
3433.0	37	7087.270352933268
3434.0	39	7086.912473885438
3435.0	30	7086.55437869653
3436.0	40	7086.196067486785
3437.0	33	7085.837540376394
3438.0	23	7085.478797485568
3439.0	35	7085.119838934379
3440.0	39	7084.760664842931
3441.0	37	7084.401275331243
3442.0	31	7084.041670519307
3443.0	50	7083.681850527066
3444.0	40	7083.3218154744045
3445.0	45	7082.961565481204
3446.0	43	7082.60110066725
3447.0	43	7082.240421152307
3448.0	25	7081.879527056119
3449.0	44	7081.5184184983445
3450.0	45	7081.157095598625
3451.0	39	7080.795558476521
3452.0	39	7080.433807251615
3453.0	36	7080.0718420433905
3454.0	34	7079.709662971298
3455.0	29	7079.347270154749
3456.0	46	7078.9846637131195
3457.0	45	7078.621843765733
3458.0	38	7078.258810431848
3459.0	47	7077.8955638307225
3460.0	34	7077.5321040815315
3461.0	32	7077.168431303424
3462.0	36	7076.804545615502
3463.0	32	7076.440447136842
3464.0	35	7076.076135986434
3465.0	40	7075.711612283256
3466.0	33	7075.346876146235
3467.0	29	7074.981927694262
3468.0	30	7074.616767046152
3469.0	42	7074.251394320712
3470.0	35	7073.885809636696
3471.0	39	7073.520013112793
3472.0	40	7073.154004867695
3473.0	32	7072.787785019995
3474.0	34	7072.421353688268
3475.0	49	7072.05471099105
3476.0	49	7071.68785704683
3477.0	35	7071.320791974058
3478.0	28	7070.953515891112
3479.0	57	7070.586028916351
3480.0	41	7070.2183311681
3481.0	38	7069.850422764613
3482.0	36	7069.482303824119
3483.0	45	7069.11397446479
3484.0	47	7068.745434804762
3485.0	46	7068.376684962146
3486.0	43	7068.0077250549775
3487.0	40	7067.638555201243
3488.0	29	7067.269175518913
3489.0	32	7066.899586125934
3490.0	40	7066.5297871401335
3491.0	40	7066.159778679365
3492.0	32	7065.789560861422
3493.0	33	7065.4191338040255
3494.0	35	7065.048497624874
3495.0	39	7064.677652441636
3496.0	44	7064.306598371935
3497.0	47	7063.935335533305
3498.0	43	7063.563864043293
3499.0	26	7063.192184019362
3500.0	29	7062.820295578963
3501.0	40	7062.448198839487
3502.0	40	7062.07589391828
3503.0	35	7061.703380932652
3504.0	49	7061.33065999987
3505.0	39	7060.957731237135
3506.0	40	7060.584594761635
3507.0	33	7060.211250690509
3508.0	30	7059.837699140821
3509.0	43	7059.463940229642
3510.0	38	7059.089974073968
3511.0	45	7058.715800790744
3512.0	38	7058.341420496895
3513.0	30	7057.966833309296
3514.0	40	7057.592039344773
3515.0	37	7057.21703872011
3516.0	46	7056.841831552033
3517.0	51	7056.466417957275
3518.0	39	7056.090798052454
3519.0	33	7055.714971954197
3520.0	30	7055.338939779086
3521.0	41	7054.962701643626
3522.0	46	7054.58625766431
3523.0	33	7054.209607957561
3524.0	35	7053.83275263979
3525.0	47	7053.455691827355
3526.0	40	7053.078425636528
3527.0	31	7052.700954183626
3528.0	37	7052.3232775848355
3529.0	39	7051.945395956349
3530.0	44	7051.567309414291
3531.0	40	7051.189018074769
3532.0	44	7050.810522053833
3533.0	33	7050.431821467473
3534.0	38	7050.052916431663
3535.0	38	7049.673807062333
3536.0	44	7049.294493475344
3537.0	46	7048.914975786539
3538.0	38	7048.535254111711
3539.0	44	7048.1553285666105
3540.0	43	7047.775199266924
3541.0	41	7047.394866328336
3542.0	40	7047.014329866463
3543.0	39	7046.633589996864
3544.0	47	7046.2526468350825
3545.0	31	7045.871500496631
3546.0	48	7045.490151096911
3547.0	43	7045.108598751363
3548.0	44	7044.726843575339
3549.0	54	7044.3448856841605
3550.0	35	7043.962725193097
3551.0	34	7043.580362217393
3552.0	29	7043.19779687222
3553.0	44	7042.8150292727405
3554.0	37	7042.432059534058
3555.0	38	7042.0488877712305
3556.0	36	7041.665514099274
3557.0	37	7041.281938633165
3558.0	36	7040.898161487845
3559.0	27	7040.514182778209
3560.0	35	7040.130002619085
3561.0	41	7039.745621125297
3562.0	35	7039.361038411594
3563.0	29	7038.976254592707
3564.0	45	7038.5912697833
3565.0	35	7038.206084098021
3566.0	35	7037.820697651462
3567.0	36	7037.435110558161
3568.0	45	7037.049322932632
3569.0	48	7036.663334889337
3570.0	37	7036.277146542695
3571.0	22	7035.890758007094
3572.0	33	7035.504169396859
3573.0	48	7035.117380826292
3574.0	51	7034.730392409635
3575.0	37	7034.34320426111
3576.0	37	7033.9558164948685
3577.0	26	7033.568229225046
3578.0	29	7033.180442565718
3579.0	38	7032.792456630921
3580.0	63	7032.404271534657
3581.0	42	7032.015887390874
3582.0	30	7031.627304313484
3583.0	27	7031.23852241637
3584.0	41	7030.84954181333
3585.0	25	7030.46036261817
3586.0	40	7030.070984944629
3587.0	36	7029.6814089064
3588.0	41	7029.291634617148
3589.0	45	7028.901662190482
3590.0	38	7028.511491739962
3591.0	35	7028.121123379148
3592.0	33	7027.730557221502
3593.0	41	7027.339793380489
3594.0	46	7026.948831969488
3595.0	45	7026.55767310187
3596.0	45	7026.166316890977
3597.0	35	7025.774763450056
3598.0	41	7025.383012892347
3599.0	35	7024.991065331047
3600.0	33	7024.598920879303
3601.0	43	7024.206579650219
3602.0	48	7023.814041756872
3603.0	38	7023.421307312276
3604.0	50	7023.0283764294245
3605.0	31	7022.635249221226
3606.0	31	7022.241925800619
3607.0	29	7021.848406280435
3608.0	34	7021.45469077347
3609.0	35	7021.0607793925265
3610.0	32	7020.666672250325
3611.0	32	7020.27236945954
3612.0	44	7019.87787113283
3613.0	43	7019.483177382794
3614.0	35	7019.088288321981
3615.0	47	7018.693204062914
3616.0	34	7018.2979247180865
3617.0	33	7017.902450399915
3618.0	50	7017.506781220801
3619.0	38	7017.110917293088
3620.0	41	7016.714858729096
3621.0	37	7016.318605641087
3622.0	42	7015.922158141267
3623.0	41	7015.5255163418515
3624.0	35	7015.128680354959
3625.0	42	7014.731650292685
3626.0	37	7014.334426267125
3627.0	43	7013.937008390251
3628.0	43	7013.539396774068
3629.0	30	7013.141591530465
3630.0	41	7012.743592771399
3631.0	40	7012.34540060866
3632.0	36	7011.947015154073
3633.0	33	7011.548436519419
3634.0	35	7011.14966481639
3635.0	40	7010.75070015671
3636.0	35	7010.351542651991
3637.0	30	7009.952192413828
3638.0	39	7009.552649553793
3639.0	36	7009.152914183375
3640.0	32	7008.752986414074
3641.0	49	7008.352866357325
3642.0	37	7007.952554124491
3643.0	37	7007.552049826951
3644.0	35	7007.151353575981
3645.0	35	7006.750465482876
3646.0	40	7006.3493856588375
3647.0	37	7005.948114215053
3648.0	28	7005.546651262674
3649.0	33	7005.14499691278
3650.0	34	7004.74315127645
3651.0	39	7004.341114464688
3652.0	32	7003.938886588472
3653.0	42	7003.536467758735
3654.0	39	7003.133858086357
3655.0	41	7002.731057682198
3656.0	43	7002.328066657072
3657.0	36	7001.92488512175
3658.0	38	7001.521513186937
3659.0	42	7001.117950963324
3660.0	32	7000.714198561577
3661.0	40	7000.3102560922725
3662.0	34	6999.906123665969
3663.0	35	6999.501801393209
3664.0	44	6999.097289384453
3665.0	39	6998.692587750147
3666.0	33	6998.287696600669
3667.0	32	6997.882616046396
3668.0	33	6997.477346197612
3669.0	43	6997.071887164614
3670.0	41	6996.666239057618
3671.0	37	6996.260401986829
3672.0	33	6995.854376062375
3673.0	24	6995.448161394371
3674.0	31	6995.041758092891
3675.0	39	6994.635166267935
3676.0	42	6994.228386029508
3677.0	41	6993.821417487541
3678.0	39	6993.414260751941
3679.0	50	6993.006915932558
3680.0	34	6992.599383139218
3681.0	41	6992.191662481706
3682.0	30	6991.783754069739
3683.0	34	6991.37565801302
3684.0	33	6990.967374421223
3685.0	37	6990.558903403925
3686.0	34	6990.150245070722
3687.0	40	6989.74139953112
3688.0	39	6989.332366894653
3689.0	33	6988.923147270733
3690.0	47	6988.5137407687735
3691.0	46	6988.104147498159
3692.0	35	6987.694367568196
3693.0	26	6987.28440108817
3694.0	49	6986.874248167327
3695.0	34	6986.463908914899
3696.0	40	6986.0533834400085
3697.0	49	6985.642671851789
3698.0	29	6985.231774259334
3699.0	39	6984.820690771674
3700.0	36	6984.409421497788
3701.0	32	6983.997966546668
3702.0	36	6983.586326027213
3703.0	24	6983.17450004831
3704.0	47	6982.762488718759
3705.0	38	6982.350292147409
3706.0	33	6981.937910442988
3707.0	44	6981.525343714185
3708.0	44	6981.11259206971
3709.0	30	6980.699655618191
3710.0	42	6980.28653446819
3711.0	33	6979.873228728284
3712.0	41	6979.459738506979
3713.0	36	6979.046063912731
3714.0	47	6978.6322050539775
3715.0	31	6978.218162039098
3716.0	33	6977.803934976468
3717.0	59	6977.389523974343
3718.0	46	6976.974929141036
3719.0	34	6976.560150584755
3720.0	36	6976.145188413681
3721.0	48	6975.73004273596
3722.0	37	6975.31471365968
3723.0	41	6974.899201292935
3724.0	39	6974.483505743719
3725.0	36	6974.067627120041
3726.0	41	6973.651565529821
3727.0	35	6973.2353210809615
3728.0	46	6972.818893881331
3729.0	39	6972.402284038742
3730.0	33	6971.985491660987
3731.0	33	6971.568516855783
3732.0	40	6971.151359730847
3733.0	44	6970.734020393831
3734.0	34	6970.316498952347
3735.0	30	6969.898795513977
3736.0	36	6969.480910186259
3737.0	29	6969.062843076696
3738.0	30	6968.644594292724
3739.0	47	6968.226163941787
3740.0	32	6967.807552131232
3741.0	36	6967.388758968412
3742.0	42	6966.969784560617
3743.0	35	6966.550629015097
3744.0	40	6966.131292439077
3745.0	37	6965.711774939722
3746.0	38	6965.292076624159
3747.0	36	6964.872197599511
3748.0	36	6964.452137972789
3749.0	45	6964.031897851042
3750.0	38	6963.611477341225
3751.0	35	6963.190876550289
3752.0	45	6962.7700955850905
3753.0	53	6962.349134552508
3754.0	30	6961.927993559357
3755.0	42	6961.506672712398
3756.0	41	6961.085172118364
3757.0	33	6960.663491883955
3758.0	40	6960.241632115829
3759.0	37	6959.81959292056
3760.0	45	6959.39737440476
3761.0	45	6958.974976674952
3762.0	33	6958.552399837609
3763.0	45	6958.129643999198
3764.0	41	6957.706709266137
3765.0	33	6957.283595744781
3766.0	46	6956.860303541471
3767.0	36	6956.436832762502
3768.0	32	6956.013183514108
3769.0	34	6955.5893559025135
3770.0	33	6955.165350033908
3771.0	30	6954.741166014392
3772.0	42	6954.316803950052
3773.0	36	6953.892263946986
3774.0	48	6953.467546111165
3775.0	28	6953.042650548574
3776.0	32	6952.617577365142
3777.0	40	6952.192326666776
3778.0	34	6951.766898559308
3779.0	41	6951.341293148558
3780.0	39	6950.915510540304
3781.0	32	6950.489550840272
3782.0	42	6950.063414154171
3783.0	33	6949.637100587638
3784.0	35	6949.210610246292
3785.0	42	6948.783943235701
3786.0	48	6948.35709966141
3787.0	36	6947.930079628912
3788.0	43	6947.502883243662
3789.0	38	6947.075510611051
3790.0	39	6946.6479618365
3791.0	46	6946.220237025321
3792.0	42	6945.792336282798
3793.0	30	6945.364259714195
3794.0	38	6944.936007424746
3795.0	39	6944.507579519623
3796.0	27	6944.078976103933
3797.0	40	6943.65019728282
3798.0	40	6943.221243161314
3799.0	38	6942.792113844442
3800.0	32	6942.362809437179
3801.0	38	6941.933330044474
3802.0	30	6941.503675771213
3803.0	46	6941.0738467222645
3804.0	44	6940.643843002463
3805.0	27	6940.213664716567
3806.0	37	6939.783311969339
3807.0	38	6939.352784865465
3808.0	43	6938.922083509627
3809.0	36	6938.491208006432
3810.0	36	6938.06015846047
3811.0	55	6937.628934976299
3812.0	38	6937.197537658398
3813.0	32	6936.765966611258
3814.0	37	6936.334221939294
3815.0	39	6935.902303746894
3816.0	36	6935.470212138423
3817.0	43	6935.037947218167
3818.0	38	6934.605509090404
3819.0	45	6934.172897859363
3820.0	36	6933.740113629247
3821.0	41	6933.307156504177
3822.0	45	6932.8740265883025
3823.0	38	6932.4407239856855
3824.0	37	6932.007248800358
3825.0	46	6931.573601136304
3826.0	38	6931.139781097491
3827.0	37	6930.70578878783
3828.0	41	6930.2716243112045
3829.0	35	6929.837287771437
3830.0	49	6929.402779272352
3831.0	60	6928.968098917693
3832.0	36	6928.5332468111665
3833.0	42	6928.098223056487
3834.0	28	6927.663027757273
3835.0	38	6927.227661017125
3836.0	39	6926.7921229396325
3837.0	49	6926.356413628295
3838.0	48	6925.920533186613
3839.0	37	6925.484481718021
3840.0	46	6925.048259325935
3841.0	46	6924.611866113729
3842.0	31	6924.175302184716
3843.0	41	6923.738567642212
3844.0	40	6923.301662589446
3845.0	45	6922.864587129627
3846.0	46	6922.427341365949
3847.0	36	6921.989925401545
3848.0	43	6921.552339339493
3849.0	45	6921.114583282874
3850.0	32	6920.676657334677
3851.0	27	6920.238561597912
3852.0	41	6919.80029617551
3853.0	36	6919.361861170342
3854.0	53	6918.923256685309
3855.0	44	6918.484482823226
3856.0	36	6918.045539686874
3857.0	36	6917.606427378992
3858.0	41	6917.167146002297
3859.0	36	6916.727695659445
3860.0	43	6916.28807645308
3861.0	42	6915.848288485782
3862.0	39	6915.408331860116
3863.0	36	6914.96820667859
3864.0	40	6914.52791304366
3865.0	34	6914.087451057792
3866.0	33	6913.646820823366
3867.0	26	6913.2060224427505
3868.0	34	6912.765056018239
3869.0	38	6912.323921652139
3870.0	44	6911.8826194466865
3871.0	24	6911.441149504084
3872.0	39	6910.999511926498
3873.0	41	6910.557706816061
3874.0	43	6910.115734274832
3875.0	32	6909.673594404896
3876.0	34	6909.231287308247
3877.0	41	6908.788813086862
3878.0	47	6908.346171842663
3879.0	29	6907.903363677553
3880.0	28	6907.460388693398
3881.0	39	6907.017246991999
3882.0	32	6906.573938675148
3883.0	37	6906.130463844577
3884.0	43	6905.686822601992
3885.0	40	6905.243015049064
3886.0	43	6904.799041287395
3887.0	33	6904.3549014186065
3888.0	39	6903.910595544215
3889.0	51	6903.4661237657465
3890.0	39	6903.0214861846825
3891.0	43	6902.576682902438
3892.0	32	6902.131714020398
3893.0	38	6901.686579639962
3894.0	33	6901.241279862399
3895.0	32	6900.795814789017
3896.0	35	6900.350184521053
3897.0	50	6899.9043891597
3898.0	36	6899.458428806137
3899.0	35	6899.012303561491
3900.0	34	6898.566013526838
3901.0	44	6898.119558803234
3902.0	23	6897.672939491685
3903.0	48	6897.226155693167
3904.0	30	6896.779207508626
3905.0	41	6896.332095038958
3906.0	34	6895.884818384991
3907.0	36	6895.437377647574
3908.0	44	6894.989772927495
3909.0	49	6894.5420043254835
3910.0	42	6894.094071942246
3911.0	34	6893.645975878454
3912.0	37	6893.197716234732
3913.0	44	6892.749293111681
3914.0	29	6892.300706609841
3915.0	44	6891.851956829747
3916.0	39	6891.403043871853
3917.0	42	6890.953967836622
3918.0	44	6890.504728824422
3919.0	43	6890.0553269356515
3920.0	44	6889.60576227062
3921.0	30	6889.156034929609
3922.0	42	6888.706145012876
3923.0	50	6888.2560926206215
3924.0	27	6887.805877853036
3925.0	58	6887.35550081023
3926.0	48	6886.904961592319
3927.0	36	6886.454260299368
3928.0	34	6886.003397031377
3929.0	32	6885.55237188834
3930.0	34	6885.101184970197
3931.0	35	6884.649836376873
3932.0	27	6884.198326208219
3933.0	43	6883.746654564052
3934.0	38	6883.29482154421
3935.0	41	6882.842827248409
3936.0	40	6882.390671776384
3937.0	47	6881.938355227823
3938.0	36	6881.485877702341
3939.0	41	6881.0332392995715
3940.0	48	6880.580440119052
3941.0	47	6880.12748026035
3942.0	39	6879.67435982292
3943.0	44	6879.2210789062265
3944.0	34	6878.767637609699
3945.0	40	6878.314036032707
3946.0	35	6877.860274274559
3947.0	34	6877.406352434621
3948.0	32	6876.952270612107
3949.0	35	6876.498028906259
3950.0	28	6876.043627416274
3951.0	43	6875.589066241286
3952.0	38	6875.134345480423
3953.0	36	6874.679465232758
3954.0	38	6874.224425597329
3955.0	24	6873.769226673143
3956.0	35	6873.313868559152
3957.0	32	6872.858351354287
3958.0	40	6872.4026751574465
3959.0	37	6871.946840067472
3960.0	36	6871.490846183177
3961.0	47	6871.034693603319
3962.0	35	6870.5783824266655
3963.0	32	6870.121912751912
3964.0	38	6869.665284677697
3965.0	38	6869.208498302678
3966.0	46	6868.751553725429
3967.0	35	6868.294451044489
3968.0	39	6867.837190358391
3969.0	35	6867.37977176561
3970.0	39	6866.922195364559
3971.0	38	6866.464461253668
3972.0	45	6866.0065695312915
3973.0	36	6865.548520295754
3974.0	45	6865.090313645329
3975.0	42	6864.631949678293
3976.0	31	6864.173428492851
3977.0	41	6863.71475018718
3978.0	46	6863.255914859407
3979.0	36	6862.79692260765
3980.0	43	6862.337773529974
3981.0	38	6861.878467724385
3982.0	38	6861.419005288902
3983.0	36	6860.959386321453
3984.0	41	6860.499610919967
3985.0	49	6860.039679182319
3986.0	43	6859.57959120636
3987.0	34	6859.119347089871
3988.0	34	6858.658946930642
3989.0	41	6858.1983908263865
3990.0	39	6857.737678874808
3991.0	47	6857.27681117355
3992.0	36	6856.815787820236
3993.0	37	6856.354608912453
3994.0	44	6855.89327454773
3995.0	39	6855.431784823596
3996.0	29	6854.970139837492
3997.0	38	6854.508339686872
3998.0	35	6854.046384469116
3999.0	46	6853.584274281603
4000.0	40	6853.122009221617
4001.0	31	6852.659589386489
4002.0	23	6852.197014873424
4003.0	42	6851.734285779672
4004.0	39	6851.271402202364
4005.0	45	6850.808364238666
4006.0	49	6850.345171985667
4007.0	42	6849.8818255404185
4008.0	39	6849.418324999967
4009.0	40	6848.95467046128
4010.0	55	6848.490862021312
4011.0	57	6848.026899776998
4012.0	28	6847.562783825177
4013.0	41	6847.098514262734
4014.0	35	6846.634091186425
4015.0	39	6846.16951469305
4016.0	40	6845.704784879344
4017.0	42	6845.239901841973
4018.0	36	6844.7748656775975
4019.0	36	6844.3096764828515
4020.0	32	6843.844334354315
4021.0	41	6843.378839388511
4022.0	51	6842.913191681979
4023.0	44	6842.447391331165
4024.0	43	6841.981438432511
4025.0	36	6841.515333082425
4026.0	41	6841.049075377265
4027.0	40	6840.582665413347
4028.0	52	6840.1161032869695
4029.0	27	6839.649389094375
4030.0	42	6839.182522931785
4031.0	37	6838.715504895375
4032.0	48	6838.248335081268
4033.0	37	6837.781013585601
4034.0	50	6837.313540504425
4035.0	37	6836.845915933756
4036.0	37	6836.378139969628
4037.0	46	6835.91021270796
4038.0	33	6835.442134244699
4039.0	41	6834.9739046757095
4040.0	35	6834.505524096851
4041.0	35	6834.0369926039375
4042.0	38	6833.568310292728
4043.0	53	6833.099477258988
4044.0	54	6832.630493598388
4045.0	40	6832.161359406614
4046.0	47	6831.692074779283
4047.0	35	6831.222639812013
4048.0	39	6830.753054600321
4049.0	33	6830.283319239755
4050.0	48	6829.81343382578
4051.0	33	6829.34339845385
4052.0	36	6828.873213219383
4053.0	35	6828.4028782177365
4054.0	45	6827.932393544264
4055.0	38	6827.461759294255
4056.0	38	6826.990975562965
4057.0	36	6826.520042445644
4058.0	53	6826.048960037477
4059.0	38	6825.5777284336
4060.0	39	6825.106347729152
4061.0	47	6824.634818019205
4062.0	37	6824.163139398825
4063.0	43	6823.691311962998
4064.0	32	6823.21933580669
4065.0	30	6822.747211024859
4066.0	30	6822.274937712414
4067.0	28	6821.802515964195
4068.0	38	6821.329945875047
4069.0	38	6820.857227539751
4070.0	24	6820.384361053068
4071.0	40	6819.911346509722
4072.0	45	6819.43818400439
4073.0	32	6818.964873631714
4074.0	48	6818.4914154863245
4075.0	37	6818.0178096627615
4076.0	38	6817.544056255606
4077.0	43	6817.07015535934
4078.0	26	6816.59610706842
4079.0	47	6816.12191147729
4080.0	38	6815.64756868034
4081.0	44	6815.173078771919
4082.0	35	6814.698441846375
4083.0	45	6814.223657997967
4084.0	40	6813.748727320969
4085.0	45	6813.273649909552
4086.0	33	6812.798425857948
4087.0	39	6812.323055260266
4088.0	35	6811.847538210614
4089.0	39	6811.371874803059
4090.0	31	6810.896065131652
4091.0	40	6810.420109290379
4092.0	35	6809.944007373193
4093.0	39	6809.467759474036
4094.0	32	6808.991365686797
4095.0	44	6808.514826105318
4096.0	44	6808.038140823417
4097.0	32	6807.561309934883
4098.0	47	6807.084333533463
4099.0	34	6806.607211712858
4100.0	49	6806.129944566758
4101.0	31	6805.652532188781
4102.0	32	6805.17497467255
4103.0	54	6804.697272111612
4104.0	33	6804.219424599511
4105.0	34	6803.741432229741
4106.0	39	6803.263295095765
4107.0	46	6802.785013290985
4108.0	46	6802.306586908813
4109.0	40	6801.828016042602
4110.0	37	6801.349300785627
4111.0	48	6800.870441231216
4112.0	34	6800.391437472597
4113.0	36	6799.912289602976
4114.0	37	6799.4329977155285
4115.0	38	6798.953561903395
4116.0	54	6798.473982259662
4117.0	31	6797.994258877413
4118.0	58	6797.514391849664
4119.0	47	6797.034381269432
4120.0	18	6796.554227229657
4121.0	39	6796.073929823257
4122.0	44	6795.593489143145
4123.0	42	6795.112905282157
4124.0	37	6794.632178333093
4125.0	44	6794.15130838877
4126.0	42	6793.6702955419005
4127.0	28	6793.189139885218
4128.0	26	6792.7078415113865
4129.0	35	6792.226400513044
4130.0	31	6791.744816982796
4131.0	34	6791.263091013202
4132.0	36	6790.781222696805
4133.0	29	6790.299212126096
4134.0	50	6789.817059393544
4135.0	48	6789.334764591556
4136.0	57	6788.852327812547
4137.0	43	6788.36974914886
4138.0	50	6787.887028692802
4139.0	29	6787.404166536671
4140.0	40	6786.921162772726
4141.0	40	6786.438017493148
4142.0	38	6785.9547307901385
4143.0	35	6785.4713027558455
4144.0	38	6784.987733482364
4145.0	35	6784.504023061748
4146.0	32	6784.020171586065
4147.0	42	6783.536179147307
4148.0	42	6783.052045837425
4149.0	34	6782.567771748369
4150.0	32	6782.083356972022
4151.0	35	6781.59880160023
4152.0	39	6781.114105724856
4153.0	43	6780.629269437651
4154.0	47	6780.144292830403
4155.0	36	6779.659175994792
4156.0	44	6779.173919022524
4157.0	34	6778.688522005247
4158.0	34	6778.2029850345725
4159.0	28	6777.7173082020745
4160.0	40	6777.2314915993065
4161.0	29	6776.7455353177675
4162.0	37	6776.259439448913
4163.0	38	6775.773204084205
4164.0	36	6775.286829315027
4165.0	41	6774.800315232771
4166.0	35	6774.31366192874
4167.0	27	6773.826869494246
4168.0	38	6773.339938020554
4169.0	45	6772.852867598874
4170.0	37	6772.365658320416
4171.0	34	6771.878310276316
4172.0	37	6771.390823557718
4173.0	37	6770.903198255694
4174.0	33	6770.4154344612925
4175.0	48	6769.927532265531
4176.0	44	6769.439491759414
4177.0	36	6768.951313033846
4178.0	26	6768.462996179774
4179.0	48	6767.974541288037
4180.0	37	6767.485948449527
4181.0	40	6766.997217754994
4182.0	52	6766.508349295257
4183.0	54	6766.019343161037
4184.0	38	6765.530199443018
4185.0	46	6765.040918231879
4186.0	44	6764.551499618258
4187.0	35	6764.061943692739
4188.0	40	6763.5722505459
4189.0	36	6763.082420268249
4190.0	35	6762.592452950293
4191.0	59	6762.102348682476
4192.0	43	6761.612107555247
4193.0	32	6761.1217296589575
4194.0	40	6760.631215083987
4195.0	57	6760.140563920644
4196.0	46	6759.64977625921
4197.0	36	6759.158852189937
4198.0	39	6758.667791803037
4199.0	37	6758.176595188692
4200.0	40	6757.6852624370395
4201.0	45	6757.193793638205
4202.0	40	6756.702188882227
4203.0	31	6756.210448259196
4204.0	43	6755.718571859089
4205.0	37	6755.2265597718715
4206.0	38	6754.734412087497
4207.0	33	6754.242128895849
4208.0	49	6753.749710286816
4209.0	39	6753.257156350218
4210.0	37	6752.76446717584
4211.0	34	6752.271642853472
4212.0	26	6751.778683472814
4213.0	38	6751.285589123582
4214.0	39	6750.792359895423
4215.0	40	6750.29899587798
4216.0	38	6749.805497160823
4217.0	46	6749.311863833501
4218.0	37	6748.818095985564
4219.0	44	6748.324193706483
4220.0	46	6747.830157085689
4221.0	44	6747.335986212639
4222.0	35	6746.841681176705
4223.0	40	6746.3472420672115
4224.0	40	6745.8526689734845
4225.0	50	6745.357961984828
4226.0	43	6744.863121190452
4227.0	38	6744.368146679597
4228.0	35	6743.873038541417
4229.0	42	6743.377796865065
4230.0	39	6742.88242173964
4231.0	32	6742.38691325423
4232.0	31	6741.891271497862
4233.0	36	6741.395496559551
4234.0	28	6740.899588528247
4235.0	43	6740.403547492904
4236.0	38	6739.907373542421
4237.0	43	6739.4110667656605
4238.0	35	6738.914627251466
4239.0	35	6738.418055088613
4240.0	36	6737.921350365887
4241.0	36	6737.424513172025
4242.0	35	6736.9275435956915
4243.0	46	6736.430441725576
4244.0	41	6735.933207650292
4245.0	40	6735.4358414584285
4246.0	37	6734.938343238567
4247.0	31	6734.440713079204
4248.0	50	6733.94295106885
4249.0	51	6733.4450572959595
4250.0	32	6732.9470318489475
4251.0	39	6732.448874816209
4252.0	41	6731.950586286087
4253.0	43	6731.4521663468995
4254.0	26	6730.9536150869535
4255.0	43	6730.454932594481
4256.0	34	6729.956118957707
4257.0	36	6729.457174264819
4258.0	38	6728.958098603953
4259.0	35	6728.458892063222
4260.0	43	6727.959554730729
4261.0	47	6727.460086694514
4262.0	46	6726.960488042585
4263.0	38	6726.460758862911
4264.0	35	6725.960899243445
4265.0	43	6725.460909272118
4266.0	26	6724.960789036768
4267.0	34	6724.460538625269
4268.0	30	6723.9601581254055
4269.0	50	6723.459647624987
4270.0	37	6722.959007211724
4271.0	44	6722.458236973337
4272.0	33	6721.9573369975005
4273.0	42	6721.45630737183
4274.0	36	6720.955148183972
4275.0	44	6720.453859521461
4276.0	38	6719.952441471865
4277.0	42	6719.450894122664
4278.0	33	6718.949217561341
4279.0	46	6718.447411875328
4280.0	34	6717.945477152019
4281.0	42	6717.443413478794
4282.0	44	6716.941220942996
4283.0	40	6716.438899631908
4284.0	40	6715.936449632802
4285.0	38	6715.433871032913
4286.0	39	6714.931163919426
4287.0	35	6714.428328379545
4288.0	43	6713.925364500368
4289.0	44	6713.422272369001
4290.0	31	6712.919052072515
4291.0	34	6712.415703697925
4292.0	42	6711.912227332246
4293.0	26	6711.408623062443
4294.0	33	6710.904890975423
4295.0	37	6710.401031158114
4296.0	36	6709.897043697348
4297.0	44	6709.39292867997
4298.0	40	6708.888686192774
4299.0	39	6708.384316322525
4300.0	40	6707.879819155933
4301.0	50	6707.375194779716
4302.0	39	6706.870443280516
4303.0	35	6706.365564744969
4304.0	38	6705.860559259669
4305.0	32	6705.355426911174
4306.0	46	6704.85016778602
4307.0	51	6704.344781970671
4308.0	27	6703.8392695516195
4309.0	53	6703.3336306152705
4310.0	35	6702.827865248027
4311.0	31	6702.321973536241
4312.0	39	6701.81595556625
4313.0	46	6701.30981142433
4314.0	34	6700.803541196743
4315.0	42	6700.297144969724
4316.0	38	6699.790622829468
4317.0	51	6699.283974862099
4318.0	39	6698.777201153778
4319.0	45	6698.270301790601
4320.0	37	6697.76327685859
4321.0	27	6697.256126443788
4322.0	41	6696.74885063219
4323.0	41	6696.241449509756
4324.0	30	6695.733923162405
4325.0	33	6695.2262716760215
4326.0	36	6694.718495136478
4327.0	30	6694.210593629579
4328.0	48	6693.702567241134
4329.0	43	6693.194416056893
4330.0	30	6692.68614016259
4331.0	36	6692.177739643904
4332.0	32	6691.669214586508
4333.0	39	6691.160565076
4334.0	36	6690.65179119798
4335.0	42	6690.142893038032
4336.0	41	6689.633870681661
4337.0	44	6689.124724214368
4338.0	28	6688.615453721587
4339.0	54	6688.1060592887825
4340.0	46	6687.596541001313
4341.0	38	6687.086898944548
4342.0	37	6686.577133203812
4343.0	38	6686.067243864397
4344.0	37	6685.557231011593
4345.0	39	6685.04709473057
4346.0	45	6684.536835106576
4347.0	37	6684.026452224746
4348.0	40	6683.5159461701915
4349.0	32	6683.005317028039
4350.0	45	6682.49456488333
4351.0	34	6681.983689821099
4352.0	46	6681.472691926329
4353.0	43	6680.961571284012
4354.0	34	6680.450327979056
4355.0	32	6679.938962096339
4356.0	39	6679.427473720761
4357.0	38	6678.915862937123
4358.0	44	6678.404129830237
4359.0	46	6677.89227448487
4360.0	38	6677.380296985743
4361.0	49	6676.868197417554
4362.0	41	6676.3559758649735
4363.0	34	6675.843632412623
4364.0	30	6675.331167145126
4365.0	33	6674.818580147027
4366.0	29	6674.305871502874
4367.0	33	6673.793041297152
4368.0	38	6673.280089614344
4369.0	37	6672.767016538858
4370.0	45	6672.253822155138
4371.0	33	6671.740506547521
4372.0	37	6671.227069800355
4373.0	38	6670.713511997945
4374.0	53	6670.19983322454
4375.0	43	6669.6860335644205
4376.0	34	6669.17211310175
4377.0	34	6668.65807192073
4378.0	40	6668.143910105489
4379.0	38	6667.629627740136
4380.0	47	6667.115224908739
4381.0	27	6666.600701695337
4382.0	32	6666.086058183948
4383.0	36	6665.571294458543
4384.0	47	6665.05641060308
4385.0	37	6664.541406701441
4386.0	48	6664.026282837537
4387.0	41	6663.5110390951795
4388.0	28	6662.995675558196
4389.0	28	6662.480192310367
4390.0	51	6661.964589435452
4391.0	38	6661.448867017158
4392.0	48	6660.933025139156
4393.0	40	6660.417063885097
4394.0	36	6659.9009833386135
4395.0	30	6659.384783583272
4396.0	40	6658.868464702632
4397.0	44	6658.352026780219
4398.0	30	6657.835469899513
4399.0	40	6657.318794143957
4400.0	60	6656.801999597
4401.0	27	6656.285086342007
4402.0	44	6655.76805446234
4403.0	51	6655.250904041325
4404.0	33	6654.733635162253
4405.0	39	6654.216247908382
4406.0	45	6653.69874236295
4407.0	40	6653.1811186091345
4408.0	36	6652.663376730111
4409.0	41	6652.145516808984
4410.0	39	6651.627538928882
4411.0	35	6651.109443172858
4412.0	41	6650.591229623933
4413.0	46	6650.07289836511
4414.0	33	6649.554449479374
4415.0	30	6649.035883049646
4416.0	39	6648.5171991588195
4417.0	31	6647.998397889777
4418.0	44	6647.479479325356
4419.0	37	6646.960443548359
4420.0	39	6646.441290641563
4421.0	35	6645.922020687705
4422.0	36	6645.402633769492
4423.0	50	6644.883129969591
4424.0	51	6644.363509370683
4425.0	36	6643.843772055331
4426.0	50	6643.323918106153
4427.0	25	6642.8039476056765
4428.0	50	6642.2838606364285
4429.0	48	6641.763657280874
4430.0	29	6641.243337621466
4431.0	41	6640.72290174063
4432.0	39	6640.202349720764
4433.0	38	6639.681681644214
4434.0	43	6639.160897593284
4435.0	53	6638.639997650297
4436.0	48	6638.1189818974835
4437.0	47	6637.597850417059
4438.0	46	6637.076603291247
4439.0	29	6636.555240602213
4440.0	28	6636.033762432045
4441.0	35	6635.512168862878
4442.0	42	6634.990459976757
4443.0	35	6634.468635855729
4444.0	35	6633.946696581771
4445.0	38	6633.424642236887
4446.0	43	6632.902472902976
4447.0	45	6632.380188661966
4448.0	46	6631.85778959572
4449.0	35	6631.335275786102
4450.0	43	6630.812647314887
4451.0	37	6630.2899042638555
4452.0	33	6629.76704671478
4453.0	40	6629.244074749342
4454.0	33	6628.720988449241
4455.0	52	6628.197787896121
4456.0	32	6627.674473171607
4457.0	45	6627.151044357267
4458.0	37	6626.627501534648
4459.0	45	6626.1038447853025
4460.0	48	6625.580074190692
4461.0	30	6625.0561898322785
4462.0	41	6624.532191791504
4463.0	47	6624.008080149749
4464.0	41	6623.483854988365
4465.0	36	6622.959516388717
4466.0	50	6622.435064432057
4467.0	37	6621.910499199684
4468.0	43	6621.385820772816
4469.0	43	6620.861029232662
4470.0	39	6620.336124660398
4471.0	60	6619.811107137155
4472.0	34	6619.28597674403
4473.0	40	6618.760733562128
4474.0	38	6618.235377672474
4475.0	40	6617.7099091560685
4476.0	34	6617.184328093924
4477.0	33	6616.658634566959
4478.0	30	6616.132828656092
4479.0	40	6615.6069104422195
4480.0	49	6615.080880006203
4481.0	31	6614.55473742884
4482.0	29	6614.028482790954
4483.0	37	6613.502116173268
4484.0	40	6612.975637656525
4485.0	37	6612.449047321414
4486.0	32	6611.92234524861
4487.0	38	6611.395531518745
4488.0	36	6610.868606212406
4489.0	27	6610.341569410176
4490.0	38	6609.814421192588
4491.0	40	6609.287161640136
4492.0	38	6608.759790833299
4493.0	37	6608.232308852528
4494.0	29	6607.70471577823
4495.0	43	6607.177011690786
4496.0	41	6606.649196670535
4497.0	45	6606.121270797814
4498.0	43	6605.593234152869
4499.0	40	6605.065086815993
4500.0	37	6604.5368288673935
4501.0	31	6604.008460387256
4502.0	31	6603.479981455744
4503.0	43	6602.95139215299
4504.0	27	6602.422692559067
4505.0	43	6601.893882754083
4506.0	31	6601.364962818023
4507.0	48	6600.835932830932
4508.0	40	6600.306792872744
4509.0	43	6599.777543023408
4510.0	41	6599.248183362862
4511.0	35	6598.718713970944
4512.0	38	6598.189134927497
4513.0	39	6597.659446312369
4514.0	36	6597.129648205323
4515.0	33	6596.599740686101
4516.0	39	6596.069723834451
4517.0	40	6595.539597730023
4518.0	42	6595.009362452517
4519.0	32	6594.479018081508
4520.0	49	6593.948564696621
4521.0	39	6593.418002377427
4522.0	37	6592.887331203447
4523.0	45	6592.35655125418
4524.0	49	6591.82566260909
4525.0	32	6591.294665347627
4526.0	50	6590.763559549189
4527.0	42	6590.232345293168
4528.0	33	6589.701022658894
4529.0	33	6589.169591725681
4530.0	37	6588.638052572812
4531.0	34	6588.106405279548
4532.0	37	6587.5746499251
4533.0	35	6587.042786588641
4534.0	29	6586.510815349358
4535.0	46	6585.978736286381
4536.0	37	6585.446549478763
4537.0	38	6584.914255005609
4538.0	39	6584.381852945939
4539.0	40	6583.849343378756
4540.0	47	6583.316726383026
4541.0	37	6582.784002037698
4542.0	40	6582.251170421671
4543.0	36	6581.71823161384
4544.0	35	6581.1851856930325
4545.0	37	6580.652032738074
4546.0	27	6580.118772827755
4547.0	47	6579.585406040802
4548.0	44	6579.051932455974
4549.0	49	6578.518352151943
4550.0	52	6577.984665207381
4551.0	26	6577.450871700919
4552.0	46	6576.916971711139
4553.0	32	6576.382965316617
4554.0	40	6575.848852595897
4555.0	42	6575.3146336274785
4556.0	32	6574.780308489845
4557.0	32	6574.245877261438
4558.0	43	6573.71134002067
4559.0	40	6573.176696845916
4560.0	43	6572.641947815542
4561.0	41	6572.107093007855
4562.0	40	6571.572132501161
4563.0	29	6571.037066373713
4564.0	44	6570.501894703736
4565.0	43	6569.966617569421
4566.0	44	6569.431235048962
4567.0	41	6568.89574722046
4568.0	39	6568.360154162046
4569.0	42	6567.82445595178
4570.0	36	6567.2886526677175
4571.0	46	6566.752744387879
4572.0	40	6566.2167311902185
4573.0	37	6565.680613152708
4574.0	39	6565.144390353269
4575.0	37	6564.60806286978
4576.0	30	6564.071630780114
4577.0	46	6563.535094162099
4578.0	32	6562.998453093523
4579.0	45	6562.46170765215
4580.0	44	6561.924857915735
4581.0	32	6561.387903961967
4582.0	31	6560.850845868546
4583.0	38	6560.313683713084
4584.0	38	6559.776417573228
4585.0	39	6559.239047526532
4586.0	45	6558.701573650576
4587.0	35	6558.163996022851
4588.0	33	6557.626314720882
4589.0	48	6557.088529822117
4590.0	33	6556.550641403976
4591.0	41	6556.01264954389
4592.0	37	6555.474554319183
4593.0	35	6554.936355807231
4594.0	45	6554.398054085327
4595.0	46	6553.859649230752
4596.0	41	6553.321141320765
4597.0	36	6552.782530432572
4598.0	47	6552.243816643352
4599.0	38	6551.7050000302725
4600.0	41	6551.1660806704695
4601.0	29	6550.627058641009
4602.0	30	6550.087934018984
4603.0	31	6549.548706881417
4604.0	34	6549.009377305307
4605.0	29	6548.469945367643
4606.0	31	6547.930411145363
4607.0	35	6547.39077471537
4608.0	40	6546.851036154542
4609.0	35	6546.311195539759
4610.0	32	6545.77125294782
4611.0	36	6545.231208455513
4612.0	30	6544.6910621396255
4613.0	31	6544.150814076869
4614.0	37	6543.610464343936
4615.0	40	6543.0700130175055
4616.0	37	6542.529460174219
4617.0	38	6541.988805890706
4618.0	36	6541.448050243513
4619.0	52	6540.907193309197
4620.0	38	6540.366235164291
4621.0	39	6539.82517588527
4622.0	43	6539.2840155485865
4623.0	31	6538.7427542306905
4624.0	44	6538.201392007969
4625.0	36	6537.659928956788
4626.0	43	6537.118365153483
4627.0	31	6536.576700674369
4628.0	41	6536.034935595706
4629.0	34	6535.4930699937595
4630.0	32	6534.951103944747
4631.0	33	6534.409037524852
4632.0	42	6533.866870810214
4633.0	38	6533.32460387698
4634.0	36	6532.782236801235
4635.0	31	6532.239769659046
4636.0	44	6531.697202526452
4637.0	36	6531.154535479469
4638.0	44	6530.611768594054
4639.0	39	6530.068901946169
4640.0	46	6529.52593561172
4641.0	29	6528.982869666596
4642.0	43	6528.43970418664
4643.0	38	6527.896439247704
4644.0	32	6527.353074925561
4645.0	42	6526.809611295992
4646.0	38	6526.266048434708
4647.0	39	6525.722386417448
4648.0	33	6525.178625319872
4649.0	46	6524.63476521761
4650.0	54	6524.090806186303
4651.0	30	6523.546748301526
4652.0	36	6523.002591638841
4653.0	31	6522.4583362737685
4654.0	39	6521.913982281796
4655.0	33	6521.3695297384065
4656.0	32	6520.824978719014
4657.0	36	6520.280329299042
4658.0	30	6519.735581553871
4659.0	37	6519.190735558843
4660.0	31	6518.645791389266
4661.0	43	6518.100749120433
4662.0	42	6517.555608827604
4663.0	37	6517.010370585987
4664.0	35	6516.4650344708125
4665.0	33	6515.919600557226
4666.0	37	6515.374068920364
4667.0	43	6514.82843963535
4668.0	41	6514.282712777244
4669.0	44	6513.7368884211055
4670.0	44	6513.190966641939
4671.0	46	6512.64494751476
4672.0	44	6512.0988311145065
4673.0	44	6511.552617516116
4674.0	46	6511.0063067944875
4675.0	28	6510.459899024483
4676.0	41	6509.91339428095
4677.0	40	6509.366792638706
4678.0	44	6508.820094172511
4679.0	41	6508.273298957141
4680.0	41	6507.726407067295
4681.0	33	6507.179418577689
4682.0	35	6506.632333562955
4683.0	42	6506.085152097746
4684.0	46	6505.53787425667
4685.0	43	6504.990500114289
4686.0	52	6504.443029745151
4687.0	38	6503.895463223774
4688.0	39	6503.347800624628
4689.0	41	6502.800042022186
4690.0	32	6502.252187490842
4691.0	29	6501.704237105036
4692.0	30	6501.1561909391185
4693.0	39	6500.608049067405
4694.0	34	6500.059811564218
4695.0	36	6499.51147850385
4696.0	31	6498.96304996053
4697.0	34	6498.41452600846
4698.0	39	6497.865906721872
4699.0	49	6497.317192174903
4700.0	32	6496.7683824416845
4701.0	33	6496.219477596324
4702.0	36	6495.670477712884
4703.0	26	6495.1213828654045
4704.0	41	6494.572193127906
4705.0	37	6494.022908574373
4706.0	35	6493.473529278749
4707.0	41	6492.924055314966
4708.0	46	6492.374486756918
4709.0	42	6491.8248236784775
4710.0	40	6491.2750661534665
4711.0	35	6490.725214255687
4712.0	41	6490.175268058946
4713.0	37	6489.625227636958
4714.0	39	6489.075093063464
4715.0	36	6488.524864412146
4716.0	28	6487.974541756674
4717.0	32	6487.424125170662
4718.0	43	6486.873614727718
4719.0	47	6486.323010501417
4720.0	46	6485.772312565303
4721.0	45	6485.221520992895
4722.0	42	6484.670635857657
4723.0	36	6484.119657233059
4724.0	41	6483.56858519252
4725.0	37	6483.017419809452
4726.0	26	6482.466161157202
4727.0	47	6481.914809309134
4728.0	41	6481.3633643385265
4729.0	44	6480.811826318698
4730.0	28	6480.260195322868
4731.0	38	6479.708471424253
4732.0	44	6479.156654696068
4733.0	38	6478.604745211473
4734.0	34	6478.052743043591
4735.0	33	6477.500648265536
4736.0	35	6476.948460950375
4737.0	39	6476.3961811711715
4738.0	49	6475.84380900091
4739.0	48	6475.291344512619
4740.0	27	6474.7387877792435
4741.0	32	6474.186138873706
4742.0	37	6473.633397868918
4743.0	29	6473.080564837742
4744.0	30	6472.527639853034
4745.0	35	6471.974622987583
4746.0	35	6471.421514314201
4747.0	32	6470.868313905639
4748.0	43	6470.315021834625
4749.0	49	6469.7616381738435
4750.0	49	6469.20816299597
4751.0	39	6468.654596373657
4752.0	39	6468.100938379513
4753.0	41	6467.547189086102
4754.0	32	6466.9933485659985
4755.0	44	6466.439416891723
4756.0	34	6465.88539413575
4757.0	31	6465.331280370569
4758.0	42	6464.7770756686205
4759.0	25	6464.222780102285
4760.0	37	6463.668393743981
4761.0	27	6463.113916666036
4762.0	41	6462.559348940771
4763.0	36	6462.004690640501
4764.0	51	6461.449941837455
4765.0	33	6460.895102603895
4766.0	27	6460.340173012026
4767.0	35	6459.78515313402
4768.0	42	6459.230043042032
4769.0	49	6458.674842808173
4770.0	40	6458.119552504543
4771.0	39	6457.564172203201
4772.0	46	6457.008701976161
4773.0	27	6456.453141895477
4774.0	41	6455.897492033083
4775.0	30	6455.341752460958
4776.0	48	6454.785923251004
4777.0	37	6454.230004475086
4778.0	39	6453.673996205116
4779.0	39	6453.117898512889
4780.0	40	6452.561711470224
4781.0	39	6452.005435148909
4782.0	29	6451.449069620654
4783.0	45	6450.892614957229
4784.0	35	6450.336071230287
4785.0	33	6449.779438511479
4786.0	38	6449.222716872469
4787.0	41	6448.665906384845
4788.0	43	6448.10900712019
4789.0	27	6447.5520191500345
4790.0	41	6446.994942545907
4791.0	40	6446.4377773793
4792.0	35	6445.880523721677
4793.0	47	6445.323181644455
4794.0	31	6444.765751219038
4795.0	42	6444.208232516828
4796.0	40	6443.650625609137
4797.0	36	6443.092930567311
4798.0	34	6442.535147462613
4799.0	37	6441.977276366302
4800.0	38	6441.419317349659
4801.0	38	6440.861270483839
4802.0	35	6440.303135840036
4803.0	41	6439.744913489396
4804.0	47	6439.1866035030225
4805.0	39	6438.6282059520145
4806.0	37	6438.06972090745
4807.0	42	6437.511148440339
4808.0	33	6436.952488621702
4809.0	49	6436.393741522509
4810.0	43	6435.834907213713
4811.0	43	6435.2759857662295
4812.0	39	6434.716977250928
4813.0	43	6434.157881738694
4814.0	38	6433.598699300376
4815.0	52	6433.039430006751
4816.0	43	6432.480073928612
4817.0	50	6431.920631136705
4818.0	41	6431.361101701757
4819.0	32	6430.801485694434
4820.0	38	6430.241783185421
4821.0	31	6429.681994245359
4822.0	43	6429.122118944859
4823.0	41	6428.562157354473
4824.0	37	6428.00210954479
4825.0	38	6427.441975586297
4826.0	35	6426.8817555495125
