time	whole_blood_radioactivity	plasma_radioactivity
-4610.0	65	0.0
-4609.0	63	0.0
-4608.0	66	0.0
-4607.0	54	0.0
-4606.0	72	0.0
-4605.0	61	0.0
-4604.0	66	0.0
-4603.0	58	0.0
-4602.0	48	0.0
-4601.0	55	0.0
-4600.0	53	0.0
-4599.0	43	0.0
-4598.0	48	0.0
-4597.0	55	0.0
-4596.0	71	0.0
-4595.0	56	0.0
-4594.0	44	0.0
-4593.0	61	0.0
-4592.0	59	0.0
-4591.0	67	0.0
-4590.0	70	0.0
-4589.0	55	0.0
-4588.0	51	0.0
-4587.0	60	0.0
-4586.0	56	0.0
-4585.0	49	0.0
-4584.0	42	0.0
-4583.0	58	0.0
-4582.0	50	0.0
-4581.0	68	0.0
-4580.0	56	0.0
-4579.0	66	0.0
-4578.0	56	0.0
-4577.0	54	0.0
-4576.0	68	0.0
-4575.0	59	0.0
-4574.0	56	0.0
-4573.0	59	0.0
-4572.0	59	0.0
-4571.0	62	0.0
-4570.0	59	0.0
-4569.0	52	0.0
-4568.0	64	0.0
-4567.0	58	0.0
-4566.0	48	0.0
-4565.0	58	0.0
-4564.0	54	0.0
-4563.0	61	0.0
-4562.0	52	0.0
-4561.0	65	0.0
-4560.0	52	0.0
-4559.0	60	0.0
-4558.0	65	0.0
-4557.0	42	0.0
-4556.0	52	0.0
-4555.0	60	0.0
-4554.0	64	0.0
-4553.0	49	0.0
-4552.0	63	0.0
-4551.0	62	0.0
-4550.0	61	0.0
-4549.0	48	0.0
-4548.0	56	0.0
-4547.0	58	0.0
-4546.0	53	0.0
-4545.0	56	0.0
-4544.0	46	0.0
-4543.0	63	0.0
-4542.0	50	0.0
-4541.0	55	0.0
-4540.0	62	0.0
-4539.0	51	0.0
-4538.0	71	0.0
-4537.0	53	0.0
-4536.0	67	0.0
-4535.0	51	0.0
-4534.0	64	0.0
-4533.0	55	0.0
-4532.0	48	0.0
-4531.0	65	0.0
-4530.0	55	0.0
-4529.0	49	0.0
-4528.0	56	0.0
-4527.0	57	0.0
-4526.0	61	0.0
-4525.0	59	0.0
-4524.0	53	0.0
-4523.0	57	0.0
-4522.0	60	0.0
-4521.0	75	0.0
-4520.0	51	0.0
-4519.0	52	0.0
-4518.0	60	0.0
-4517.0	66	0.0
-4516.0	59	0.0
-4515.0	68	0.0
-4514.0	56	0.0
-4513.0	57	0.0
-4512.0	59	0.0
-4511.0	52	0.0
-4510.0	49	0.0
-4509.0	53	0.0
-4508.0	53	0.0
-4507.0	47	0.0
-4506.0	53	0.0
-4505.0	58	0.0
-4504.0	45	0.0
-4503.0	61	0.0
-4502.0	69	0.0
-4501.0	56	0.0
-4500.0	55	0.0
-4499.0	44	0.0
-4498.0	58	0.0
-4497.0	50	0.0
-4496.0	71	0.0
-4495.0	58	0.0
-4494.0	71	0.0
-4493.0	49	0.0
-4492.0	54	0.0
-4491.0	64	0.0
-4490.0	46	0.0
-4489.0	59	0.0
-4488.0	66	0.0
-4487.0	51	0.0
-4486.0	57	0.0
-4485.0	76	0.0
-4484.0	67	0.0
-4483.0	76	0.0
-4482.0	64	0.0
-4481.0	43	0.0
-4480.0	61	0.0
-4479.0	57	0.0
-4478.0	63	0.0
-4477.0	62	0.0
-4476.0	47	0.0
-4475.0	61	0.0
-4474.0	73	0.0
-4473.0	61	0.0
-4472.0	59	0.0
-4471.0	65	0.0
-4470.0	58	0.0
-4469.0	61	0.0
-4468.0	52	0.0
-4467.0	62	0.0
-4466.0	65	0.0
-4465.0	50	0.0
-4464.0	62	0.0
-4463.0	76	0.0
-4462.0	66	0.0
-4461.0	52	0.0
-4460.0	64	0.0
-4459.0	46	0.0
-4458.0	62	0.0
-4457.0	68	0.0
-4456.0	54	0.0
-4455.0	68	0.0
-4454.0	62	0.0
-4453.0	66	0.0
-4452.0	68	0.0
-4451.0	42	0.0
-4450.0	71	0.0
-4449.0	56	0.0
-4448.0	68	0.0
-4447.0	64	0.0
-4446.0	81	0.0
-4445.0	61	0.0
-4444.0	67	0.0
-4443.0	55	0.0
-4442.0	68	0.0
-4441.0	61	0.0
-4440.0	57	0.0
-4439.0	55	0.0
-4438.0	64	0.0
-4437.0	63	0.0
-4436.0	47	0.0
-4435.0	80	0.0
-4434.0	65	0.0
-4433.0	61	0.0
-4432.0	61	0.0
-4431.0	77	0.0
-4430.0	67	0.0
-4429.0	58	0.0
-4428.0	56	0.0
-4427.0	53	0.0
-4426.0	48	0.0
-4425.0	61	0.0
-4424.0	61	0.0
-4423.0	56	0.0
-4422.0	73	0.0
-4421.0	55	0.0
-4420.0	58	0.0
-4419.0	64	0.0
-4418.0	65	0.0
-4417.0	56	0.0
-4416.0	53	0.0
-4415.0	51	0.0
-4414.0	72	0.0
-4413.0	76	0.0
-4412.0	63	0.0
-4411.0	47	0.0
-4410.0	46	0.0
-4409.0	55	0.0
-4408.0	66	0.0
-4407.0	66	0.0
-4406.0	61	0.0
-4405.0	78	0.0
-4404.0	69	0.0
-4403.0	68	0.0
-4402.0	50	0.0
-4401.0	66	0.0
-4400.0	60	0.0
-4399.0	49	0.0
-4398.0	64	0.0
-4397.0	61	0.0
-4396.0	67	0.0
-4395.0	53	0.0
-4394.0	65	0.0
-4393.0	71	0.0
-4392.0	74	0.0
-4391.0	64	0.0
-4390.0	59	0.0
-4389.0	54	0.0
-4388.0	59	0.0
-4387.0	64	0.0
-4386.0	58	0.0
-4385.0	56	0.0
-4384.0	57	0.0
-4383.0	62	0.0
-4382.0	79	0.0
-4381.0	62	0.0
-4380.0	68	0.0
-4379.0	53	0.0
-4378.0	66	0.0
-4377.0	55	0.0
-4376.0	67	0.0
-4375.0	56	0.0
-4374.0	59	0.0
-4373.0	61	0.0
-4372.0	62	0.0
-4371.0	63	0.0
-4370.0	59	0.0
-4369.0	54	0.0
-4368.0	72	0.0
-4367.0	72	0.0
-4366.0	47	0.0
-4365.0	60	0.0
-4364.0	66	0.0
-4363.0	62	0.0
-4362.0	61	0.0
-4361.0	61	0.0
-4360.0	67	0.0
-4359.0	64	0.0
-4358.0	63	0.0
-4357.0	60	0.0
-4356.0	65	0.0
-4355.0	56	0.0
-4354.0	63	0.0
-4353.0	42	0.0
-4352.0	49	0.0
-4351.0	64	0.0
-4350.0	69	0.0
-4349.0	63	0.0
-4348.0	60	0.0
-4347.0	62	0.0
-4346.0	58	0.0
-4345.0	58	0.0
-4344.0	63	0.0
-4343.0	65	0.0
-4342.0	61	0.0
-4341.0	46	0.0
-4340.0	63	0.0
-4339.0	61	0.0
-4338.0	54	0.0
-4337.0	54	0.0
-4336.0	62	0.0
-4335.0	50	0.0
-4334.0	70	0.0
-4333.0	61	0.0
-4332.0	55	0.0
-4331.0	66	0.0
-4330.0	62	0.0
-4329.0	50	0.0
-4328.0	55	0.0
-4327.0	62	0.0
-4326.0	52	0.0
-4325.0	65	0.0
-4324.0	60	0.0
-4323.0	51	0.0
-4322.0	61	0.0
-4321.0	54	0.0
-4320.0	55	0.0
-4319.0	58	0.0
-4318.0	50	0.0
-4317.0	51	0.0
-4316.0	49	0.0
-4315.0	73	0.0
-4314.0	61	0.0
-4313.0	67	0.0
-4312.0	53	0.0
-4311.0	70	0.0
-4310.0	56	0.0
-4309.0	65	0.0
-4308.0	60	0.0
-4307.0	67	0.0
-4306.0	60	0.0
-4305.0	64	0.0
-4304.0	71	0.0
-4303.0	66	0.0
-4302.0	55	0.0
-4301.0	54	0.0
-4300.0	59	0.0
-4299.0	55	0.0
-4298.0	72	0.0
-4297.0	62	0.0
-4296.0	56	0.0
-4295.0	45	0.0
-4294.0	60	0.0
-4293.0	50	0.0
-4292.0	69	0.0
-4291.0	60	0.0
-4290.0	67	0.0
-4289.0	68	0.0
-4288.0	72	0.0
-4287.0	60	0.0
-4286.0	63	0.0
-4285.0	70	0.0
-4284.0	61	0.0
-4283.0	46	0.0
-4282.0	47	0.0
-4281.0	55	0.0
-4280.0	71	0.0
-4279.0	68	0.0
-4278.0	60	0.0
-4277.0	63	0.0
-4276.0	54	0.0
-4275.0	42	0.0
-4274.0	55	0.0
-4273.0	66	0.0
-4272.0	69	0.0
-4271.0	63	0.0
-4270.0	61	0.0
-4269.0	66	0.0
-4268.0	47	0.0
-4267.0	56	0.0
-4266.0	58	0.0
-4265.0	76	0.0
-4264.0	53	0.0
-4263.0	43	0.0
-4262.0	59	0.0
-4261.0	73	0.0
-4260.0	60	0.0
-4259.0	73	0.0
-4258.0	48	0.0
-4257.0	64	0.0
-4256.0	62	0.0
-4255.0	62	0.0
-4254.0	57	0.0
-4253.0	64	0.0
-4252.0	60	0.0
-4251.0	69	0.0
-4250.0	59	0.0
-4249.0	74	0.0
-4248.0	68	0.0
-4247.0	73	0.0
-4246.0	61	0.0
-4245.0	57	0.0
-4244.0	63	0.0
-4243.0	59	0.0
-4242.0	55	0.0
-4241.0	53	0.0
-4240.0	51	0.0
-4239.0	71	0.0
-4238.0	59	0.0
-4237.0	56	0.0
-4236.0	70	0.0
-4235.0	70	0.0
-4234.0	59	0.0
-4233.0	53	0.0
-4232.0	57	0.0
-4231.0	50	0.0
-4230.0	56	0.0
-4229.0	60	0.0
-4228.0	71	0.0
-4227.0	49	0.0
-4226.0	71	0.0
-4225.0	54	0.0
-4224.0	63	0.0
-4223.0	58	0.0
-4222.0	71	0.0
-4221.0	46	0.0
-4220.0	68	0.0
-4219.0	51	0.0
-4218.0	61	0.0
-4217.0	53	0.0
-4216.0	50	0.0
-4215.0	48	0.0
-4214.0	63	0.0
-4213.0	69	0.0
-4212.0	52	0.0
-4211.0	62	0.0
-4210.0	60	0.0
-4209.0	48	0.0
-4208.0	55	0.0
-4207.0	56	0.0
-4206.0	52	0.0
-4205.0	54	0.0
-4204.0	53	0.0
-4203.0	60	0.0
-4202.0	51	0.0
-4201.0	69	0.0
-4200.0	51	0.0
-4199.0	68	0.0
-4198.0	60	0.0
-4197.0	62	0.0
-4196.0	50	0.0
-4195.0	57	0.0
-4194.0	62	0.0
-4193.0	69	0.0
-4192.0	71	0.0
-4191.0	55	0.0
-4190.0	69	0.0
-4189.0	63	0.0
-4188.0	53	0.0
-4187.0	51	0.0
-4186.0	60	0.0
-4185.0	64	0.0
-4184.0	69	0.0
-4183.0	59	0.0
-4182.0	67	0.0
-4181.0	69	0.0
-4180.0	53	0.0
-4179.0	68	0.0
-4178.0	42	0.0
-4177.0	68	0.0
-4176.0	63	0.0
-4175.0	66	0.0
-4174.0	56	0.0
-4173.0	46	0.0
-4172.0	45	0.0
-4171.0	56	0.0
-4170.0	41	0.0
-4169.0	65	0.0
-4168.0	61	0.0
-4167.0	60	0.0
-4166.0	61	0.0
-4165.0	63	0.0
-4164.0	67	0.0
-4163.0	57	0.0
-4162.0	63	0.0
-4161.0	55	0.0
-4160.0	52	0.0
-4159.0	66	0.0
-4158.0	64	0.0
-4157.0	55	0.0
-4156.0	52	0.0
-4155.0	54	0.0
-4154.0	59	0.0
-4153.0	62	0.0
-4152.0	62	0.0
-4151.0	52	0.0
-4150.0	65	0.0
-4149.0	51	0.0
-4148.0	52	0.0
-4147.0	64	0.0
-4146.0	62	0.0
-4145.0	60	0.0
-4144.0	67	0.0
-4143.0	59	0.0
-4142.0	49	0.0
-4141.0	61	0.0
-4140.0	67	0.0
-4139.0	72	0.0
-4138.0	62	0.0
-4137.0	66	0.0
-4136.0	60	0.0
-4135.0	50	0.0
-4134.0	47	0.0
-4133.0	53	0.0
-4132.0	74	0.0
-4131.0	51	0.0
-4130.0	56	0.0
-4129.0	63	0.0
-4128.0	49	0.0
-4127.0	62	0.0
-4126.0	55	0.0
-4125.0	62	0.0
-4124.0	47	0.0
-4123.0	62	0.0
-4122.0	51	0.0
-4121.0	59	0.0
-4120.0	45	0.0
-4119.0	56	0.0
-4118.0	48	0.0
-4117.0	57	0.0
-4116.0	76	0.0
-4115.0	61	0.0
-4114.0	57	0.0
-4113.0	61	0.0
-4112.0	63	0.0
-4111.0	57	0.0
-4110.0	53	0.0
-4109.0	65	0.0
-4108.0	63	0.0
-4107.0	45	0.0
-4106.0	57	0.0
-4105.0	64	0.0
-4104.0	57	0.0
-4103.0	58	0.0
-4102.0	55	0.0
-4101.0	64	0.0
-4100.0	57	0.0
-4099.0	42	0.0
-4098.0	42	0.0
-4097.0	59	0.0
-4096.0	67	0.0
-4095.0	64	0.0
-4094.0	82	0.0
-4093.0	58	0.0
-4092.0	63	0.0
-4091.0	63	0.0
-4090.0	66	0.0
-4089.0	61	0.0
-4088.0	59	0.0
-4087.0	65	0.0
-4086.0	64	0.0
-4085.0	60	0.0
-4084.0	47	0.0
-4083.0	52	0.0
-4082.0	62	0.0
-4081.0	62	0.0
-4080.0	51	0.0
-4079.0	72	0.0
-4078.0	54	0.0
-4077.0	63	0.0
-4076.0	66	0.0
-4075.0	60	0.0
-4074.0	67	0.0
-4073.0	59	0.0
-4072.0	64	0.0
-4071.0	52	0.0
-4070.0	50	0.0
-4069.0	72	0.0
-4068.0	52	0.0
-4067.0	60	0.0
-4066.0	52	0.0
-4065.0	56	0.0
-4064.0	46	0.0
-4063.0	60	0.0
-4062.0	60	0.0
-4061.0	65	0.0
-4060.0	64	0.0
-4059.0	51	0.0
-4058.0	63	0.0
-4057.0	64	0.0
-4056.0	49	0.0
-4055.0	58	0.0
-4054.0	73	0.0
-4053.0	56	0.0
-4052.0	57	0.0
-4051.0	63	0.0
-4050.0	52	0.0
-4049.0	53	0.0
-4048.0	56	0.0
-4047.0	54	0.0
-4046.0	59	0.0
-4045.0	56	0.0
-4044.0	61	0.0
-4043.0	54	0.0
-4042.0	65	0.0
-4041.0	55	0.0
-4040.0	48	0.0
-4039.0	47	0.0
-4038.0	56	0.0
-4037.0	51	0.0
-4036.0	50	0.0
-4035.0	62	0.0
-4034.0	61	0.0
-4033.0	58	0.0
-4032.0	54	0.0
-4031.0	52	0.0
-4030.0	51	0.0
-4029.0	53	0.0
-4028.0	62	0.0
-4027.0	55	0.0
-4026.0	62	0.0
-4025.0	62	0.0
-4024.0	62	0.0
-4023.0	58	0.0
-4022.0	62	0.0
-4021.0	53	0.0
-4020.0	59	0.0
-4019.0	52	0.0
-4018.0	42	0.0
-4017.0	59	0.0
-4016.0	58	0.0
-4015.0	63	0.0
-4014.0	60	0.0
-4013.0	64	0.0
-4012.0	65	0.0
-4011.0	49	0.0
-4010.0	58	0.0
-4009.0	56	0.0
-4008.0	58	0.0
-4007.0	53	0.0
-4006.0	64	0.0
-4005.0	52	0.0
-4004.0	49	0.0
-4003.0	62	0.0
-4002.0	62	0.0
-4001.0	65	0.0
-4000.0	61	0.0
-3999.0	60	0.0
-3998.0	46	0.0
-3997.0	44	0.0
-3996.0	67	0.0
-3995.0	56	0.0
-3994.0	69	0.0
-3993.0	61	0.0
-3992.0	64	0.0
-3991.0	52	0.0
-3990.0	57	0.0
-3989.0	66	0.0
-3988.0	69	0.0
-3987.0	61	0.0
-3986.0	64	0.0
-3985.0	55	0.0
-3984.0	68	0.0
-3983.0	57	0.0
-3982.0	71	0.0
-3981.0	54	0.0
-3980.0	71	0.0
-3979.0	55	0.0
-3978.0	54	0.0
-3977.0	67	0.0
-3976.0	61	0.0
-3975.0	76	0.0
-3974.0	66	0.0
-3973.0	65	0.0
-3972.0	62	0.0
-3971.0	57	0.0
-3970.0	64	0.0
-3969.0	63	0.0
-3968.0	53	0.0
-3967.0	62	0.0
-3966.0	50	0.0
-3965.0	51	0.0
-3964.0	58	0.0
-3963.0	69	0.0
-3962.0	61	0.0
-3961.0	52	0.0
-3960.0	57	0.0
-3959.0	62	0.0
-3958.0	62	0.0
-3957.0	55	0.0
-3956.0	66	0.0
-3955.0	73	0.0
-3954.0	52	0.0
-3953.0	54	0.0
-3952.0	52	0.0
-3951.0	62	0.0
-3950.0	64	0.0
-3949.0	45	0.0
-3948.0	65	0.0
-3947.0	53	0.0
-3946.0	53	0.0
-3945.0	54	0.0
-3944.0	54	0.0
-3943.0	61	0.0
-3942.0	62	0.0
-3941.0	50	0.0
-3940.0	48	0.0
-3939.0	67	0.0
-3938.0	52	0.0
-3937.0	64	0.0
-3936.0	57	0.0
-3935.0	56	0.0
-3934.0	56	0.0
-3933.0	58	0.0
-3932.0	55	0.0
-3931.0	56	0.0
-3930.0	58	0.0
-3929.0	55	0.0
-3928.0	51	0.0
-3927.0	58	0.0
-3926.0	63	0.0
-3925.0	51	0.0
-3924.0	65	0.0
-3923.0	59	0.0
-3922.0	66	0.0
-3921.0	53	0.0
-3920.0	56	0.0
-3919.0	69	0.0
-3918.0	62	0.0
-3917.0	47	0.0
-3916.0	60	0.0
-3915.0	54	0.0
-3914.0	63	0.0
-3913.0	65	0.0
-3912.0	50	0.0
-3911.0	57	0.0
-3910.0	54	0.0
-3909.0	53	0.0
-3908.0	54	0.0
-3907.0	74	0.0
-3906.0	59	0.0
-3905.0	51	0.0
-3904.0	63	0.0
-3903.0	54	0.0
-3902.0	61	0.0
-3901.0	51	0.0
-3900.0	81	0.0
-3899.0	63	0.0
-3898.0	43	0.0
-3897.0	53	0.0
-3896.0	65	0.0
-3895.0	46	0.0
-3894.0	52	0.0
-3893.0	54	0.0
-3892.0	69	0.0
-3891.0	61	0.0
-3890.0	64	0.0
-3889.0	51	0.0
-3888.0	79	0.0
-3887.0	60	0.0
-3886.0	71	0.0
-3885.0	58	0.0
-3884.0	49	0.0
-3883.0	53	0.0
-3882.0	67	0.0
-3881.0	64	0.0
-3880.0	53	0.0
-3879.0	53	0.0
-3878.0	61	0.0
-3877.0	56	0.0
-3876.0	51	0.0
-3875.0	58	0.0
-3874.0	54	0.0
-3873.0	52	0.0
-3872.0	54	0.0
-3871.0	54	0.0
-3870.0	54	0.0
-3869.0	52	0.0
-3868.0	61	0.0
-3867.0	56	0.0
-3866.0	65	0.0
-3865.0	69	0.0
-3864.0	59	0.0
-3863.0	52	0.0
-3862.0	43	0.0
-3861.0	39	0.0
-3860.0	48	0.0
-3859.0	67	0.0
-3858.0	75	0.0
-3857.0	50	0.0
-3856.0	57	0.0
-3855.0	49	0.0
-3854.0	58	0.0
-3853.0	58	0.0
-3852.0	58	0.0
-3851.0	53	0.0
-3850.0	56	0.0
-3849.0	64	0.0
-3848.0	63	0.0
-3847.0	51	0.0
-3846.0	66	0.0
-3845.0	51	0.0
-3844.0	54	0.0
-3843.0	56	0.0
-3842.0	78	0.0
-3841.0	50	0.0
-3840.0	57	0.0
-3839.0	68	0.0
-3838.0	61	0.0
-3837.0	50	0.0
-3836.0	64	0.0
-3835.0	59	0.0
-3834.0	59	0.0
-3833.0	41	0.0
-3832.0	55	0.0
-3831.0	75	0.0
-3830.0	68	0.0
-3829.0	63	0.0
-3828.0	51	0.0
-3827.0	52	0.0
-3826.0	59	0.0
-3825.0	49	0.0
-3824.0	71	0.0
-3823.0	50	0.0
-3822.0	67	0.0
-3821.0	47	0.0
-3820.0	63	0.0
-3819.0	53	0.0
-3818.0	61	0.0
-3817.0	49	0.0
-3816.0	72	0.0
-3815.0	56	0.0
-3814.0	60	0.0
-3813.0	60	0.0
-3812.0	59	0.0
-3811.0	55	0.0
-3810.0	78	0.0
-3809.0	53	0.0
-3808.0	57	0.0
-3807.0	60	0.0
-3806.0	57	0.0
-3805.0	53	0.0
-3804.0	55	0.0
-3803.0	56	0.0
-3802.0	55	0.0
-3801.0	52	0.0
-3800.0	52	0.0
-3799.0	44	0.0
-3798.0	63	0.0
-3797.0	59	0.0
-3796.0	68	0.0
-3795.0	53	0.0
-3794.0	58	0.0
-3793.0	64	0.0
-3792.0	65	0.0
-3791.0	48	0.0
-3790.0	71	0.0
-3789.0	64	0.0
-3788.0	53	0.0
-3787.0	75	0.0
-3786.0	64	0.0
-3785.0	54	0.0
-3784.0	68	0.0
-3783.0	56	0.0
-3782.0	54	0.0
-3781.0	48	0.0
-3780.0	50	0.0
-3779.0	68	0.0
-3778.0	55	0.0
-3777.0	58	0.0
-3776.0	59	0.0
-3775.0	52	0.0
-3774.0	60	0.0
-3773.0	44	0.0
-3772.0	59	0.0
-3771.0	50	0.0
-3770.0	66	0.0
-3769.0	71	0.0
-3768.0	37	0.0
-3767.0	54	0.0
-3766.0	58	0.0
-3765.0	51	0.0
-3764.0	68	0.0
-3763.0	64	0.0
-3762.0	66	0.0
-3761.0	57	0.0
-3760.0	63	0.0
-3759.0	70	0.0
-3758.0	63	0.0
-3757.0	43	0.0
-3756.0	66	0.0
-3755.0	62	0.0
-3754.0	56	0.0
-3753.0	52	0.0
-3752.0	58	0.0
-3751.0	53	0.0
-3750.0	57	0.0
-3749.0	67	0.0
-3748.0	48	0.0
-3747.0	61	0.0
-3746.0	56	0.0
-3745.0	43	0.0
-3744.0	50	0.0
-3743.0	56	0.0
-3742.0	54	0.0
-3741.0	64	0.0
-3740.0	61	0.0
-3739.0	51	0.0
-3738.0	61	0.0
-3737.0	43	0.0
-3736.0	54	0.0
-3735.0	61	0.0
-3734.0	52	0.0
-3733.0	56	0.0
-3732.0	56	0.0
-3731.0	54	0.0
-3730.0	58	0.0
-3729.0	57	0.0
-3728.0	62	0.0
-3727.0	64	0.0
-3726.0	64	0.0
-3725.0	70	0.0
-3724.0	71	0.0
-3723.0	67	0.0
-3722.0	76	0.0
-3721.0	40	0.0
-3720.0	64	0.0
-3719.0	44	0.0
-3718.0	52	0.0
-3717.0	61	0.0
-3716.0	59	0.0
-3715.0	57	0.0
-3714.0	67	0.0
-3713.0	69	0.0
-3712.0	43	0.0
-3711.0	67	0.0
-3710.0	74	0.0
-3709.0	65	0.0
-3708.0	56	0.0
-3707.0	69	0.0
-3706.0	55	0.0
-3705.0	52	0.0
-3704.0	60	0.0
-3703.0	57	0.0
-3702.0	53	0.0
-3701.0	50	0.0
-3700.0	64	0.0
-3699.0	55	0.0
-3698.0	66	0.0
-3697.0	54	0.0
-3696.0	75	0.0
-3695.0	62	0.0
-3694.0	63	0.0
-3693.0	47	0.0
-3692.0	45	0.0
-3691.0	50	0.0
-3690.0	64	0.0
-3689.0	56	0.0
-3688.0	63	0.0
-3687.0	52	0.0
-3686.0	55	0.0
-3685.0	55	0.0
-3684.0	61	0.0
-3683.0	66	0.0
-3682.0	67	0.0
-3681.0	60	0.0
-3680.0	51	0.0
-3679.0	57	0.0
-3678.0	66	0.0
-3677.0	42	0.0
-3676.0	60	0.0
-3675.0	68	0.0
-3674.0	65	0.0
-3673.0	61	0.0
-3672.0	57	0.0
-3671.0	60	0.0
-3670.0	57	0.0
-3669.0	55	0.0
-3668.0	42	0.0
-3667.0	38	0.0
-3666.0	63	0.0
-3665.0	49	0.0
-3664.0	60	0.0
-3663.0	65	0.0
-3662.0	48	0.0
-3661.0	58	0.0
-3660.0	54	0.0
-3659.0	59	0.0
-3658.0	67	0.0
-3657.0	52	0.0
-3656.0	59	0.0
-3655.0	55	0.0
-3654.0	65	0.0
-3653.0	53	0.0
-3652.0	55	0.0
-3651.0	54	0.0
-3650.0	56	0.0
-3649.0	70	0.0
-3648.0	67	0.0
-3647.0	71	0.0
-3646.0	58	0.0
-3645.0	52	0.0
-3644.0	68	0.0
-3643.0	51	0.0
-3642.0	54	0.0
-3641.0	55	0.0
-3640.0	50	0.0
-3639.0	55	0.0
-3638.0	53	0.0
-3637.0	58	0.0
-3636.0	56	0.0
-3635.0	64	0.0
-3634.0	49	0.0
-3633.0	65	0.0
-3632.0	57	0.0
-3631.0	55	0.0
-3630.0	69	0.0
-3629.0	48	0.0
-3628.0	53	0.0
-3627.0	66	0.0
-3626.0	56	0.0
-3625.0	63	0.0
-3624.0	52	0.0
-3623.0	49	0.0
-3622.0	60	0.0
-3621.0	59	0.0
-3620.0	48	0.0
-3619.0	66	0.0
-3618.0	45	0.0
-3617.0	60	0.0
-3616.0	74	0.0
-3615.0	62	0.0
-3614.0	58	0.0
-3613.0	56	0.0
-3612.0	63	0.0
-3611.0	55	0.0
-3610.0	69	0.0
-3609.0	43	0.0
-3608.0	66	0.0
-3607.0	59	0.0
-3606.0	46	0.0
-3605.0	57	0.0
-3604.0	56	0.0
-3603.0	55	0.0
-3602.0	58	0.0
-3601.0	49	0.0
-3600.0	56	0.0
-3599.0	71	0.0
-3598.0	62	0.0
-3597.0	63	0.0
-3596.0	50	0.0
-3595.0	75	0.0
-3594.0	45	0.0
-3593.0	64	0.0
-3592.0	54	0.0
-3591.0	61	0.0
-3590.0	69	0.0
-3589.0	58	0.0
-3588.0	73	0.0
-3587.0	60	0.0
-3586.0	54	0.0
-3585.0	50	0.0
-3584.0	46	0.0
-3583.0	57	0.0
-3582.0	59	0.0
-3581.0	68	0.0
-3580.0	55	0.0
-3579.0	60	0.0
-3578.0	63	0.0
-3577.0	61	0.0
-3576.0	65	0.0
-3575.0	56	0.0
-3574.0	52	0.0
-3573.0	61	0.0
-3572.0	69	0.0
-3571.0	47	0.0
-3570.0	58	0.0
-3569.0	61	0.0
-3568.0	70	0.0
-3567.0	57	0.0
-3566.0	48	0.0
-3565.0	52	0.0
-3564.0	54	0.0
-3563.0	53	0.0
-3562.0	58	0.0
-3561.0	53	0.0
-3560.0	49	0.0
-3559.0	64	0.0
-3558.0	64	0.0
-3557.0	51	0.0
-3556.0	43	0.0
-3555.0	59	0.0
-3554.0	55	0.0
-3553.0	52	0.0
-3552.0	49	0.0
-3551.0	56	0.0
-3550.0	65	0.0
-3549.0	58	0.0
-3548.0	60	0.0
-3547.0	53	0.0
-3546.0	63	0.0
-3545.0	65	0.0
-3544.0	62	0.0
-3543.0	51	0.0
-3542.0	67	0.0
-3541.0	64	0.0
-3540.0	67	0.0
-3539.0	58	0.0
-3538.0	53	0.0
-3537.0	52	0.0
-3536.0	49	0.0
-3535.0	70	0.0
-3534.0	40	0.0
-3533.0	59	0.0
-3532.0	53	0.0
-3531.0	60	0.0
-3530.0	74	0.0
-3529.0	75	0.0
-3528.0	63	0.0
-3527.0	54	0.0
-3526.0	62	0.0
-3525.0	59	0.0
-3524.0	58	0.0
-3523.0	62	0.0
-3522.0	68	0.0
-3521.0	59	0.0
-3520.0	58	0.0
-3519.0	53	0.0
-3518.0	57	0.0
-3517.0	48	0.0
-3516.0	54	0.0
-3515.0	63	0.0
-3514.0	61	0.0
-3513.0	53	0.0
-3512.0	59	0.0
-3511.0	69	0.0
-3510.0	49	0.0
-3509.0	62	0.0
-3508.0	72	0.0
-3507.0	45	0.0
-3506.0	71	0.0
-3505.0	55	0.0
-3504.0	63	0.0
-3503.0	57	0.0
-3502.0	55	0.0
-3501.0	70	0.0
-3500.0	71	0.0
-3499.0	54	0.0
-3498.0	47	0.0
-3497.0	52	0.0
-3496.0	64	0.0
-3495.0	55	0.0
-3494.0	58	0.0
-3493.0	46	0.0
-3492.0	54	0.0
-3491.0	55	0.0
-3490.0	60	0.0
-3489.0	64	0.0
-3488.0	72	0.0
-3487.0	55	0.0
-3486.0	42	0.0
-3485.0	51	0.0
-3484.0	47	0.0
-3483.0	53	0.0
-3482.0	53	0.0
-3481.0	57	0.0
-3480.0	55	0.0
-3479.0	65	0.0
-3478.0	48	0.0
-3477.0	59	0.0
-3476.0	57	0.0
-3475.0	46	0.0
-3474.0	40	0.0
-3473.0	63	0.0
-3472.0	66	0.0
-3471.0	62	0.0
-3470.0	43	0.0
-3469.0	53	0.0
-3468.0	47	0.0
-3467.0	58	0.0
-3466.0	67	0.0
-3465.0	52	0.0
-3464.0	69	0.0
-3463.0	58	0.0
-3462.0	57	0.0
-3461.0	54	0.0
-3460.0	53	0.0
-3459.0	65	0.0
-3458.0	56	0.0
-3457.0	58	0.0
-3456.0	65	0.0
-3455.0	58	0.0
-3454.0	56	0.0
-3453.0	48	0.0
-3452.0	62	0.0
-3451.0	62	0.0
-3450.0	61	0.0
-3449.0	60	0.0
-3448.0	50	0.0
-3447.0	61	0.0
-3446.0	54	0.0
-3445.0	58	0.0
-3444.0	72	0.0
-3443.0	54	0.0
-3442.0	54	0.0
-3441.0	58	0.0
-3440.0	66	0.0
-3439.0	54	0.0
-3438.0	59	0.0
-3437.0	46	0.0
-3436.0	52	0.0
-3435.0	50	0.0
-3434.0	67	0.0
-3433.0	43	0.0
-3432.0	51	0.0
-3431.0	60	0.0
-3430.0	64	0.0
-3429.0	54	0.0
-3428.0	63	0.0
-3427.0	48	0.0
-3426.0	53	0.0
-3425.0	67	0.0
-3424.0	47	0.0
-3423.0	63	0.0
-3422.0	56	0.0
-3421.0	77	0.0
-3420.0	62	0.0
-3419.0	53	0.0
-3418.0	60	0.0
-3417.0	56	0.0
-3416.0	67	0.0
-3415.0	67	0.0
-3414.0	42	0.0
-3413.0	52	0.0
-3412.0	47	0.0
-3411.0	70	0.0
-3410.0	66	0.0
-3409.0	53	0.0
-3408.0	59	0.0
-3407.0	55	0.0
-3406.0	62	0.0
-3405.0	69	0.0
-3404.0	60	0.0
-3403.0	58	0.0
-3402.0	60	0.0
-3401.0	82	0.0
-3400.0	61	0.0
-3399.0	51	0.0
-3398.0	63	0.0
-3397.0	66	0.0
-3396.0	57	0.0
-3395.0	69	0.0
-3394.0	61	0.0
-3393.0	68	0.0
-3392.0	51	0.0
-3391.0	48	0.0
-3390.0	46	0.0
-3389.0	62	0.0
-3388.0	65	0.0
-3387.0	65	0.0
-3386.0	56	0.0
-3385.0	61	0.0
-3384.0	55	0.0
-3383.0	52	0.0
-3382.0	47	0.0
-3381.0	70	0.0
-3380.0	54	0.0
-3379.0	62	0.0
-3378.0	65	0.0
-3377.0	58	0.0
-3376.0	60	0.0
-3375.0	54	0.0
-3374.0	55	0.0
-3373.0	62	0.0
-3372.0	65	0.0
-3371.0	53	0.0
-3370.0	55	0.0
-3369.0	65	0.0
-3368.0	53	0.0
-3367.0	62	0.0
-3366.0	57	0.0
-3365.0	73	0.0
-3364.0	53	0.0
-3363.0	60	0.0
-3362.0	64	0.0
-3361.0	59	0.0
-3360.0	61	0.0
-3359.0	72	0.0
-3358.0	62	0.0
-3357.0	53	0.0
-3356.0	65	0.0
-3355.0	62	0.0
-3354.0	63	0.0
-3353.0	55	0.0
-3352.0	50	0.0
-3351.0	51	0.0
-3350.0	68	0.0
-3349.0	61	0.0
-3348.0	71	0.0
-3347.0	66	0.0
-3346.0	68	0.0
-3345.0	57	0.0
-3344.0	60	0.0
-3343.0	61	0.0
-3342.0	51	0.0
-3341.0	69	0.0
-3340.0	60	0.0
-3339.0	42	0.0
-3338.0	60	0.0
-3337.0	54	0.0
-3336.0	51	0.0
-3335.0	64	0.0
-3334.0	53	0.0
-3333.0	57	0.0
-3332.0	57	0.0
-3331.0	80	0.0
-3330.0	54	0.0
-3329.0	66	0.0
-3328.0	82	0.0
-3327.0	62	0.0
-3326.0	73	0.0
-3325.0	67	0.0
-3324.0	42	0.0
-3323.0	59	0.0
-3322.0	64	0.0
-3321.0	52	0.0
-3320.0	65	0.0
-3319.0	69	0.0
-3318.0	73	0.0
-3317.0	47	0.0
-3316.0	46	0.0
-3315.0	58	0.0
-3314.0	58	0.0
-3313.0	51	0.0
-3312.0	47	0.0
-3311.0	72	0.0
-3310.0	56	0.0
-3309.0	49	0.0
-3308.0	55	0.0
-3307.0	62	0.0
-3306.0	43	0.0
-3305.0	63	0.0
-3304.0	67	0.0
-3303.0	57	0.0
-3302.0	54	0.0
-3301.0	52	0.0
-3300.0	66	0.0
-3299.0	74	0.0
-3298.0	73	0.0
-3297.0	55	0.0
-3296.0	49	0.0
-3295.0	55	0.0
-3294.0	59	0.0
-3293.0	59	0.0
-3292.0	60	0.0
-3291.0	52	0.0
-3290.0	67	0.0
-3289.0	51	0.0
-3288.0	57	0.0
-3287.0	39	0.0
-3286.0	78	0.0
-3285.0	53	0.0
-3284.0	52	0.0
-3283.0	63	0.0
-3282.0	51	0.0
-3281.0	57	0.0
-3280.0	52	0.0
-3279.0	65	0.0
-3278.0	46	0.0
-3277.0	54	0.0
-3276.0	57	0.0
-3275.0	52	0.0
-3274.0	56	0.0
-3273.0	58	0.0
-3272.0	74	0.0
-3271.0	51	0.0
-3270.0	54	0.0
-3269.0	55	0.0
-3268.0	60	0.0
-3267.0	72	0.0
-3266.0	65	0.0
-3265.0	65	0.0
-3264.0	66	0.0
-3263.0	68	0.0
-3262.0	55	0.0
-3261.0	56	0.0
-3260.0	36	0.0
-3259.0	59	0.0
-3258.0	55	0.0
-3257.0	64	0.0
-3256.0	61	0.0
-3255.0	44	0.0
-3254.0	45	0.0
-3253.0	61	0.0
-3252.0	52	0.0
-3251.0	65	0.0
-3250.0	66	0.0
-3249.0	58	0.0
-3248.0	59	0.0
-3247.0	56	0.0
-3246.0	49	0.0
-3245.0	59	0.0
-3244.0	66	0.0
-3243.0	63	0.0
-3242.0	57	0.0
-3241.0	61	0.0
-3240.0	55	0.0
-3239.0	73	0.0
-3238.0	64	0.0
-3237.0	43	0.0
-3236.0	48	0.0
-3235.0	60	0.0
-3234.0	68	0.0
-3233.0	49	0.0
-3232.0	67	0.0
-3231.0	66	0.0
-3230.0	52	0.0
-3229.0	41	0.0
-3228.0	68	0.0
-3227.0	70	0.0
-3226.0	56	0.0
-3225.0	49	0.0
-3224.0	54	0.0
-3223.0	61	0.0
-3222.0	57	0.0
-3221.0	51	0.0
-3220.0	54	0.0
-3219.0	55	0.0
-3218.0	62	0.0
-3217.0	49	0.0
-3216.0	49	0.0
-3215.0	74	0.0
-3214.0	43	0.0
-3213.0	48	0.0
-3212.0	53	0.0
-3211.0	62	0.0
-3210.0	71	0.0
-3209.0	52	0.0
-3208.0	45	0.0
-3207.0	52	0.0
-3206.0	59	0.0
-3205.0	41	0.0
-3204.0	52	0.0
-3203.0	55	0.0
-3202.0	55	0.0
-3201.0	48	0.0
-3200.0	57	0.0
-3199.0	63	0.0
-3198.0	60	0.0
-3197.0	59	0.0
-3196.0	58	0.0
-3195.0	54	0.0
-3194.0	55	0.0
-3193.0	55	0.0
-3192.0	61	0.0
-3191.0	58	0.0
-3190.0	55	0.0
-3189.0	69	0.0
-3188.0	56	0.0
-3187.0	73	0.0
-3186.0	54	0.0
-3185.0	61	0.0
-3184.0	49	0.0
-3183.0	60	0.0
-3182.0	76	0.0
-3181.0	62	0.0
-3180.0	59	0.0
-3179.0	61	0.0
-3178.0	61	0.0
-3177.0	52	0.0
-3176.0	69	0.0
-3175.0	50	0.0
-3174.0	64	0.0
-3173.0	59	0.0
-3172.0	59	0.0
-3171.0	61	0.0
-3170.0	57	0.0
-3169.0	59	0.0
-3168.0	63	0.0
-3167.0	65	0.0
-3166.0	60	0.0
-3165.0	56	0.0
-3164.0	62	0.0
-3163.0	51	0.0
-3162.0	51	0.0
-3161.0	48	0.0
-3160.0	54	0.0
-3159.0	58	0.0
-3158.0	61	0.0
-3157.0	55	0.0
-3156.0	65	0.0
-3155.0	57	0.0
-3154.0	55	0.0
-3153.0	62	0.0
-3152.0	58	0.0
-3151.0	57	0.0
-3150.0	39	0.0
-3149.0	43	0.0
-3148.0	58	0.0
-3147.0	64	0.0
-3146.0	63	0.0
-3145.0	57	0.0
-3144.0	50	0.0
-3143.0	63	0.0
-3142.0	62	0.0
-3141.0	62	0.0
-3140.0	53	0.0
-3139.0	66	0.0
-3138.0	58	0.0
-3137.0	54	0.0
-3136.0	71	0.0
-3135.0	76	0.0
-3134.0	68	0.0
-3133.0	59	0.0
-3132.0	58	0.0
-3131.0	71	0.0
-3130.0	60	0.0
-3129.0	52	0.0
-3128.0	70	0.0
-3127.0	60	0.0
-3126.0	58	0.0
-3125.0	56	0.0
-3124.0	56	0.0
-3123.0	43	0.0
-3122.0	61	0.0
-3121.0	79	0.0
-3120.0	50	0.0
-3119.0	62	0.0
-3118.0	55	0.0
-3117.0	52	0.0
-3116.0	67	0.0
-3115.0	62	0.0
-3114.0	65	0.0
-3113.0	66	0.0
-3112.0	63	0.0
-3111.0	58	0.0
-3110.0	57	0.0
-3109.0	61	0.0
-3108.0	58	0.0
-3107.0	65	0.0
-3106.0	51	0.0
-3105.0	69	0.0
-3104.0	75	0.0
-3103.0	67	0.0
-3102.0	51	0.0
-3101.0	52	0.0
-3100.0	72	0.0
-3099.0	60	0.0
-3098.0	47	0.0
-3097.0	55	0.0
-3096.0	71	0.0
-3095.0	58	0.0
-3094.0	64	0.0
-3093.0	58	0.0
-3092.0	57	0.0
-3091.0	57	0.0
-3090.0	43	0.0
-3089.0	67	0.0
-3088.0	50	0.0
-3087.0	51	0.0
-3086.0	45	0.0
-3085.0	54	0.0
-3084.0	52	0.0
-3083.0	61	0.0
-3082.0	62	0.0
-3081.0	64	0.0
-3080.0	73	0.0
-3079.0	64	0.0
-3078.0	51	0.0
-3077.0	51	0.0
-3076.0	62	0.0
-3075.0	63	0.0
-3074.0	62	0.0
-3073.0	61	0.0
-3072.0	61	0.0
-3071.0	64	0.0
-3070.0	55	0.0
-3069.0	65	0.0
-3068.0	59	0.0
-3067.0	63	0.0
-3066.0	64	0.0
-3065.0	61	0.0
-3064.0	58	0.0
-3063.0	57	0.0
-3062.0	49	0.0
-3061.0	65	0.0
-3060.0	56	0.0
-3059.0	59	0.0
-3058.0	58	0.0
-3057.0	61	0.0
-3056.0	49	0.0
-3055.0	61	0.0
-3054.0	63	0.0
-3053.0	70	0.0
-3052.0	58	0.0
-3051.0	63	0.0
-3050.0	50	0.0
-3049.0	64	0.0
-3048.0	56	0.0
-3047.0	66	0.0
-3046.0	57	0.0
-3045.0	74	0.0
-3044.0	64	0.0
-3043.0	43	0.0
-3042.0	56	0.0
-3041.0	60	0.0
-3040.0	67	0.0
-3039.0	64	0.0
-3038.0	57	0.0
-3037.0	52	0.0
-3036.0	52	0.0
-3035.0	65	0.0
-3034.0	57	0.0
-3033.0	46	0.0
-3032.0	53	0.0
-3031.0	59	0.0
-3030.0	55	0.0
-3029.0	79	0.0
-3028.0	58	0.0
-3027.0	55	0.0
-3026.0	69	0.0
-3025.0	72	0.0
-3024.0	43	0.0
-3023.0	62	0.0
-3022.0	55	0.0
-3021.0	65	0.0
-3020.0	59	0.0
-3019.0	56	0.0
-3018.0	67	0.0
-3017.0	58	0.0
-3016.0	62	0.0
-3015.0	73	0.0
-3014.0	51	0.0
-3013.0	68	0.0
-3012.0	53	0.0
-3011.0	59	0.0
-3010.0	48	0.0
-3009.0	68	0.0
-3008.0	61	0.0
-3007.0	50	0.0
-3006.0	53	0.0
-3005.0	56	0.0
-3004.0	69	0.0
-3003.0	71	0.0
-3002.0	60	0.0
-3001.0	53	0.0
-3000.0	69	0.0
-2999.0	55	0.0
-2998.0	51	0.0
-2997.0	47	0.0
-2996.0	65	0.0
-2995.0	67	0.0
-2994.0	48	0.0
-2993.0	61	0.0
-2992.0	46	0.0
-2991.0	56	0.0
-2990.0	52	0.0
-2989.0	58	0.0
-2988.0	62	0.0
-2987.0	59	0.0
-2986.0	61	0.0
-2985.0	56	0.0
-2984.0	46	0.0
-2983.0	52	0.0
-2982.0	47	0.0
-2981.0	60	0.0
-2980.0	67	0.0
-2979.0	64	0.0
-2978.0	66	0.0
-2977.0	53	0.0
-2976.0	64	0.0
-2975.0	53	0.0
-2974.0	72	0.0
-2973.0	66	0.0
-2972.0	67	0.0
-2971.0	54	0.0
-2970.0	68	0.0
-2969.0	78	0.0
-2968.0	71	0.0
-2967.0	64	0.0
-2966.0	56	0.0
-2965.0	56	0.0
-2964.0	66	0.0
-2963.0	52	0.0
-2962.0	56	0.0
-2961.0	63	0.0
-2960.0	55	0.0
-2959.0	49	0.0
-2958.0	58	0.0
-2957.0	62	0.0
-2956.0	54	0.0
-2955.0	72	0.0
-2954.0	59	0.0
-2953.0	58	0.0
-2952.0	49	0.0
-2951.0	64	0.0
-2950.0	64	0.0
-2949.0	58	0.0
-2948.0	57	0.0
-2947.0	76	0.0
-2946.0	51	0.0
-2945.0	61	0.0
-2944.0	59	0.0
-2943.0	62	0.0
-2942.0	65	0.0
-2941.0	57	0.0
-2940.0	68	0.0
-2939.0	66	0.0
-2938.0	58	0.0
-2937.0	50	0.0
-2936.0	63	0.0
-2935.0	59	0.0
-2934.0	71	0.0
-2933.0	54	0.0
-2932.0	51	0.0
-2931.0	60	0.0
-2930.0	69	0.0
-2929.0	46	0.0
-2928.0	59	0.0
-2927.0	55	0.0
-2926.0	59	0.0
-2925.0	65	0.0
-2924.0	67	0.0
-2923.0	55	0.0
-2922.0	62	0.0
-2921.0	58	0.0
-2920.0	54	0.0
-2919.0	66	0.0
-2918.0	58	0.0
-2917.0	51	0.0
-2916.0	56	0.0
-2915.0	60	0.0
-2914.0	55	0.0
-2913.0	65	0.0
-2912.0	63	0.0
-2911.0	73	0.0
-2910.0	44	0.0
-2909.0	61	0.0
-2908.0	50	0.0
-2907.0	55	0.0
-2906.0	63	0.0
-2905.0	60	0.0
-2904.0	68	0.0
-2903.0	64	0.0
-2902.0	65	0.0
-2901.0	52	0.0
-2900.0	67	0.0
-2899.0	68	0.0
-2898.0	54	0.0
-2897.0	56	0.0
-2896.0	71	0.0
-2895.0	60	0.0
-2894.0	53	0.0
-2893.0	45	0.0
-2892.0	63	0.0
-2891.0	66	0.0
-2890.0	50	0.0
-2889.0	56	0.0
-2888.0	69	0.0
-2887.0	73	0.0
-2886.0	53	0.0
-2885.0	52	0.0
-2884.0	54	0.0
-2883.0	77	0.0
-2882.0	53	0.0
-2881.0	58	0.0
-2880.0	59	0.0
-2879.0	67	0.0
-2878.0	67	0.0
-2877.0	75	0.0
-2876.0	67	0.0
-2875.0	54	0.0
-2874.0	52	0.0
-2873.0	65	0.0
-2872.0	53	0.0
-2871.0	68	0.0
-2870.0	59	0.0
-2869.0	60	0.0
-2868.0	50	0.0
-2867.0	54	0.0
-2866.0	46	0.0
-2865.0	61	0.0
-2864.0	60	0.0
-2863.0	57	0.0
-2862.0	62	0.0
-2861.0	68	0.0
-2860.0	48	0.0
-2859.0	57	0.0
-2858.0	65	0.0
-2857.0	42	0.0
-2856.0	62	0.0
-2855.0	59	0.0
-2854.0	53	0.0
-2853.0	61	0.0
-2852.0	51	0.0
-2851.0	67	0.0
-2850.0	61	0.0
-2849.0	66	0.0
-2848.0	55	0.0
-2847.0	47	0.0
-2846.0	65	0.0
-2845.0	47	0.0
-2844.0	56	0.0
-2843.0	64	0.0
-2842.0	62	0.0
-2841.0	56	0.0
-2840.0	55	0.0
-2839.0	54	0.0
-2838.0	56	0.0
-2837.0	56	0.0
-2836.0	57	0.0
-2835.0	51	0.0
-2834.0	54	0.0
-2833.0	58	0.0
-2832.0	55	0.0
-2831.0	57	0.0
-2830.0	58	0.0
-2829.0	57	0.0
-2828.0	59	0.0
-2827.0	61	0.0
-2826.0	62	0.0
-2825.0	53	0.0
-2824.0	53	0.0
-2823.0	58	0.0
-2822.0	51	0.0
-2821.0	53	0.0
-2820.0	50	0.0
-2819.0	53	0.0
-2818.0	61	0.0
-2817.0	52	0.0
-2816.0	66	0.0
-2815.0	57	0.0
-2814.0	50	0.0
-2813.0	57	0.0
-2812.0	63	0.0
-2811.0	62	0.0
-2810.0	71	0.0
-2809.0	56	0.0
-2808.0	56	0.0
-2807.0	48	0.0
-2806.0	63	0.0
-2805.0	48	0.0
-2804.0	60	0.0
-2803.0	61	0.0
-2802.0	61	0.0
-2801.0	63	0.0
-2800.0	61	0.0
-2799.0	59	0.0
-2798.0	60	0.0
-2797.0	70	0.0
-2796.0	57	0.0
-2795.0	63	0.0
-2794.0	62	0.0
-2793.0	38	0.0
-2792.0	47	0.0
-2791.0	71	0.0
-2790.0	46	0.0
-2789.0	58	0.0
-2788.0	50	0.0
-2787.0	74	0.0
-2786.0	51	0.0
-2785.0	68	0.0
-2784.0	57	0.0
-2783.0	72	0.0
-2782.0	68	0.0
-2781.0	56	0.0
-2780.0	53	0.0
-2779.0	70	0.0
-2778.0	47	0.0
-2777.0	57	0.0
-2776.0	57	0.0
-2775.0	59	0.0
-2774.0	64	0.0
-2773.0	59	0.0
-2772.0	60	0.0
-2771.0	61	0.0
-2770.0	65	0.0
-2769.0	63	0.0
-2768.0	66	0.0
-2767.0	57	0.0
-2766.0	51	0.0
-2765.0	68	0.0
-2764.0	68	0.0
-2763.0	53	0.0
-2762.0	55	0.0
-2761.0	49	0.0
-2760.0	67	0.0
-2759.0	60	0.0
-2758.0	57	0.0
-2757.0	55	0.0
-2756.0	57	0.0
-2755.0	57	0.0
-2754.0	56	0.0
-2753.0	46	0.0
-2752.0	52	0.0
-2751.0	51	0.0
-2750.0	55	0.0
-2749.0	54	0.0
-2748.0	68	0.0
-2747.0	58	0.0
-2746.0	62	0.0
-2745.0	46	0.0
-2744.0	59	0.0
-2743.0	64	0.0
-2742.0	54	0.0
-2741.0	62	0.0
-2740.0	65	0.0
-2739.0	60	0.0
-2738.0	59	0.0
-2737.0	62	0.0
-2736.0	64	0.0
-2735.0	53	0.0
-2734.0	58	0.0
-2733.0	81	0.0
-2732.0	64	0.0
-2731.0	60	0.0
-2730.0	56	0.0
-2729.0	58	0.0
-2728.0	67	0.0
-2727.0	57	0.0
-2726.0	50	0.0
-2725.0	57	0.0
-2724.0	76	0.0
-2723.0	61	0.0
-2722.0	62	0.0
-2721.0	71	0.0
-2720.0	51	0.0
-2719.0	44	0.0
-2718.0	53	0.0
-2717.0	49	0.0
-2716.0	51	0.0
-2715.0	61	0.0
-2714.0	59	0.0
-2713.0	50	0.0
-2712.0	64	0.0
-2711.0	61	0.0
-2710.0	60	0.0
-2709.0	67	0.0
-2708.0	62	0.0
-2707.0	48	0.0
-2706.0	59	0.0
-2705.0	65	0.0
-2704.0	68	0.0
-2703.0	61	0.0
-2702.0	55	0.0
-2701.0	68	0.0
-2700.0	74	0.0
-2699.0	52	0.0
-2698.0	53	0.0
-2697.0	67	0.0
-2696.0	74	0.0
-2695.0	59	0.0
-2694.0	54	0.0
-2693.0	48	0.0
-2692.0	64	0.0
-2691.0	60	0.0
-2690.0	54	0.0
-2689.0	48	0.0
-2688.0	53	0.0
-2687.0	64	0.0
-2686.0	70	0.0
-2685.0	68	0.0
-2684.0	51	0.0
-2683.0	61	0.0
-2682.0	48	0.0
-2681.0	46	0.0
-2680.0	52	0.0
-2679.0	49	0.0
-2678.0	48	0.0
-2677.0	54	0.0
-2676.0	62	0.0
-2675.0	58	0.0
-2674.0	51	0.0
-2673.0	58	0.0
-2672.0	69	0.0
-2671.0	46	0.0
-2670.0	52	0.0
-2669.0	60	0.0
-2668.0	60	0.0
-2667.0	50	0.0
-2666.0	70	0.0
-2665.0	66	0.0
-2664.0	63	0.0
-2663.0	61	0.0
-2662.0	49	0.0
-2661.0	53	0.0
-2660.0	64	0.0
-2659.0	61	0.0
-2658.0	51	0.0
-2657.0	51	0.0
-2656.0	58	0.0
-2655.0	63	0.0
-2654.0	51	0.0
-2653.0	46	0.0
-2652.0	53	0.0
-2651.0	47	0.0
-2650.0	49	0.0
-2649.0	44	0.0
-2648.0	61	0.0
-2647.0	60	0.0
-2646.0	56	0.0
-2645.0	68	0.0
-2644.0	55	0.0
-2643.0	53	0.0
-2642.0	57	0.0
-2641.0	47	0.0
-2640.0	50	0.0
-2639.0	53	0.0
-2638.0	56	0.0
-2637.0	49	0.0
-2636.0	63	0.0
-2635.0	63	0.0
-2634.0	67	0.0
-2633.0	62	0.0
-2632.0	71	0.0
-2631.0	53	0.0
-2630.0	63	0.0
-2629.0	58	0.0
-2628.0	57	0.0
-2627.0	66	0.0
-2626.0	56	0.0
-2625.0	61	0.0
-2624.0	57	0.0
-2623.0	60	0.0
-2622.0	56	0.0
-2621.0	59	0.0
-2620.0	55	0.0
-2619.0	54	0.0
-2618.0	58	0.0
-2617.0	56	0.0
-2616.0	58	0.0
-2615.0	60	0.0
-2614.0	62	0.0
-2613.0	55	0.0
-2612.0	49	0.0
-2611.0	68	0.0
-2610.0	55	0.0
-2609.0	65	0.0
-2608.0	69	0.0
-2607.0	64	0.0
-2606.0	63	0.0
-2605.0	60	0.0
-2604.0	70	0.0
-2603.0	62	0.0
-2602.0	56	0.0
-2601.0	67	0.0
-2600.0	60	0.0
-2599.0	64	0.0
-2598.0	59	0.0
-2597.0	63	0.0
-2596.0	53	0.0
-2595.0	56	0.0
-2594.0	52	0.0
-2593.0	60	0.0
-2592.0	58	0.0
-2591.0	65	0.0
-2590.0	51	0.0
-2589.0	68	0.0
-2588.0	63	0.0
-2587.0	43	0.0
-2586.0	51	0.0
-2585.0	56	0.0
-2584.0	40	0.0
-2583.0	62	0.0
-2582.0	41	0.0
-2581.0	47	0.0
-2580.0	50	0.0
-2579.0	57	0.0
-2578.0	60	0.0
-2577.0	65	0.0
-2576.0	52	0.0
-2575.0	71	0.0
-2574.0	67	0.0
-2573.0	67	0.0
-2572.0	57	0.0
-2571.0	69	0.0
-2570.0	52	0.0
-2569.0	54	0.0
-2568.0	50	0.0
-2567.0	70	0.0
-2566.0	56	0.0
-2565.0	56	0.0
-2564.0	59	0.0
-2563.0	57	0.0
-2562.0	69	0.0
-2561.0	71	0.0
-2560.0	68	0.0
-2559.0	52	0.0
-2558.0	55	0.0
-2557.0	57	0.0
-2556.0	57	0.0
-2555.0	52	0.0
-2554.0	56	0.0
-2553.0	51	0.0
-2552.0	68	0.0
-2551.0	71	0.0
-2550.0	57	0.0
-2549.0	53	0.0
-2548.0	65	0.0
-2547.0	65	0.0
-2546.0	62	0.0
-2545.0	55	0.0
-2544.0	68	0.0
-2543.0	55	0.0
-2542.0	63	0.0
-2541.0	64	0.0
-2540.0	66	0.0
-2539.0	54	0.0
-2538.0	64	0.0
-2537.0	51	0.0
-2536.0	57	0.0
-2535.0	44	0.0
-2534.0	61	0.0
-2533.0	52	0.0
-2532.0	57	0.0
-2531.0	57	0.0
-2530.0	61	0.0
-2529.0	51	0.0
-2528.0	53	0.0
-2527.0	62	0.0
-2526.0	60	0.0
-2525.0	65	0.0
-2524.0	60	0.0
-2523.0	64	0.0
-2522.0	58	0.0
-2521.0	64	0.0
-2520.0	63	0.0
-2519.0	50	0.0
-2518.0	54	0.0
-2517.0	61	0.0
-2516.0	55	0.0
-2515.0	66	0.0
-2514.0	49	0.0
-2513.0	59	0.0
-2512.0	67	0.0
-2511.0	61	0.0
-2510.0	55	0.0
-2509.0	47	0.0
-2508.0	61	0.0
-2507.0	59	0.0
-2506.0	57	0.0
-2505.0	45	0.0
-2504.0	56	0.0
-2503.0	54	0.0
-2502.0	58	0.0
-2501.0	60	0.0
-2500.0	57	0.0
-2499.0	53	0.0
-2498.0	72	0.0
-2497.0	55	0.0
-2496.0	65	0.0
-2495.0	57	0.0
-2494.0	46	0.0
-2493.0	75	0.0
-2492.0	63	0.0
-2491.0	75	0.0
-2490.0	45	0.0
-2489.0	57	0.0
-2488.0	45	0.0
-2487.0	70	0.0
-2486.0	53	0.0
-2485.0	54	0.0
-2484.0	56	0.0
-2483.0	57	0.0
-2482.0	55	0.0
-2481.0	74	0.0
-2480.0	61	0.0
-2479.0	53	0.0
-2478.0	61	0.0
-2477.0	68	0.0
-2476.0	56	0.0
-2475.0	69	0.0
-2474.0	59	0.0
-2473.0	55	0.0
-2472.0	64	0.0
-2471.0	49	0.0
-2470.0	72	0.0
-2469.0	46	0.0
-2468.0	57	0.0
-2467.0	54	0.0
-2466.0	54	0.0
-2465.0	67	0.0
-2464.0	84	0.0
-2463.0	59	0.0
-2462.0	69	0.0
-2461.0	57	0.0
-2460.0	66	0.0
-2459.0	59	0.0
-2458.0	48	0.0
-2457.0	62	0.0
-2456.0	47	0.0
-2455.0	63	0.0
-2454.0	55	0.0
-2453.0	58	0.0
-2452.0	58	0.0
-2451.0	58	0.0
-2450.0	61	0.0
-2449.0	68	0.0
-2448.0	63	0.0
-2447.0	66	0.0
-2446.0	79	0.0
-2445.0	52	0.0
-2444.0	64	0.0
-2443.0	56	0.0
-2442.0	50	0.0
-2441.0	39	0.0
-2440.0	60	0.0
-2439.0	57	0.0
-2438.0	57	0.0
-2437.0	80	0.0
-2436.0	59	0.0
-2435.0	52	0.0
-2434.0	56	0.0
-2433.0	53	0.0
-2432.0	62	0.0
-2431.0	60	0.0
-2430.0	78	0.0
-2429.0	64	0.0
-2428.0	68	0.0
-2427.0	59	0.0
-2426.0	48	0.0
-2425.0	60	0.0
-2424.0	61	0.0
-2423.0	57	0.0
-2422.0	58	0.0
-2421.0	56	0.0
-2420.0	68	0.0
-2419.0	60	0.0
-2418.0	63	0.0
-2417.0	72	0.0
-2416.0	72	0.0
-2415.0	59	0.0
-2414.0	50	0.0
-2413.0	71	0.0
-2412.0	58	0.0
-2411.0	55	0.0
-2410.0	53	0.0
-2409.0	54	0.0
-2408.0	65	0.0
-2407.0	58	0.0
-2406.0	67	0.0
-2405.0	62	0.0
-2404.0	53	0.0
-2403.0	53	0.0
-2402.0	47	0.0
-2401.0	65	0.0
-2400.0	51	0.0
-2399.0	60	0.0
-2398.0	47	0.0
-2397.0	70	0.0
-2396.0	59	0.0
-2395.0	73	0.0
-2394.0	46	0.0
-2393.0	52	0.0
-2392.0	40	0.0
-2391.0	65	0.0
-2390.0	68	0.0
-2389.0	58	0.0
-2388.0	58	0.0
-2387.0	51	0.0
-2386.0	73	0.0
-2385.0	58	0.0
-2384.0	48	0.0
-2383.0	66	0.0
-2382.0	51	0.0
-2381.0	60	0.0
-2380.0	61	0.0
-2379.0	59	0.0
-2378.0	62	0.0
-2377.0	54	0.0
-2376.0	56	0.0
-2375.0	50	0.0
-2374.0	55	0.0
-2373.0	58	0.0
-2372.0	58	0.0
-2371.0	65	0.0
-2370.0	65	0.0
-2369.0	66	0.0
-2368.0	49	0.0
-2367.0	51	0.0
-2366.0	66	0.0
-2365.0	60	0.0
-2364.0	47	0.0
-2363.0	49	0.0
-2362.0	66	0.0
-2361.0	60	0.0
-2360.0	65	0.0
-2359.0	57	0.0
-2358.0	56	0.0
-2357.0	48	0.0
-2356.0	59	0.0
-2355.0	74	0.0
-2354.0	48	0.0
-2353.0	52	0.0
-2352.0	49	0.0
-2351.0	61	0.0
-2350.0	66	0.0
-2349.0	52	0.0
-2348.0	50	0.0
-2347.0	58	0.0
-2346.0	61	0.0
-2345.0	59	0.0
-2344.0	56	0.0
-2343.0	83	0.0
-2342.0	51	0.0
-2341.0	58	0.0
-2340.0	59	0.0
-2339.0	61	0.0
-2338.0	61	0.0
-2337.0	53	0.0
-2336.0	60	0.0
-2335.0	74	0.0
-2334.0	64	0.0
-2333.0	48	0.0
-2332.0	62	0.0
-2331.0	56	0.0
-2330.0	48	0.0
-2329.0	64	0.0
-2328.0	48	0.0
-2327.0	62	0.0
-2326.0	66	0.0
-2325.0	51	0.0
-2324.0	59	0.0
-2323.0	75	0.0
-2322.0	55	0.0
-2321.0	64	0.0
-2320.0	54	0.0
-2319.0	56	0.0
-2318.0	59	0.0
-2317.0	50	0.0
-2316.0	62	0.0
-2315.0	51	0.0
-2314.0	63	0.0
-2313.0	50	0.0
-2312.0	76	0.0
-2311.0	62	0.0
-2310.0	54	0.0
-2309.0	67	0.0
-2308.0	58	0.0
-2307.0	60	0.0
-2306.0	55	0.0
-2305.0	68	0.0
-2304.0	54	0.0
-2303.0	58	0.0
-2302.0	56	0.0
-2301.0	56	0.0
-2300.0	53	0.0
-2299.0	69	0.0
-2298.0	65	0.0
-2297.0	73	0.0
-2296.0	58	0.0
-2295.0	74	0.0
-2294.0	71	0.0
-2293.0	50	0.0
-2292.0	57	0.0
-2291.0	60	0.0
-2290.0	61	0.0
-2289.0	72	0.0
-2288.0	62	0.0
-2287.0	68	0.0
-2286.0	65	0.0
-2285.0	66	0.0
-2284.0	54	0.0
-2283.0	53	0.0
-2282.0	52	0.0
-2281.0	52	0.0
-2280.0	70	0.0
-2279.0	65	0.0
-2278.0	40	0.0
-2277.0	63	0.0
-2276.0	67	0.0
-2275.0	57	0.0
-2274.0	58	0.0
-2273.0	74	0.0
-2272.0	60	0.0
-2271.0	68	0.0
-2270.0	61	0.0
-2269.0	66	0.0
-2268.0	56	0.0
-2267.0	64	0.0
-2266.0	66	0.0
-2265.0	67	0.0
-2264.0	69	0.0
-2263.0	59	0.0
-2262.0	56	0.0
-2261.0	67	0.0
-2260.0	56	0.0
-2259.0	55	0.0
-2258.0	61	0.0
-2257.0	54	0.0
-2256.0	59	0.0
-2255.0	59	0.0
-2254.0	47	0.0
-2253.0	45	0.0
-2252.0	58	0.0
-2251.0	64	0.0
-2250.0	57	0.0
-2249.0	50	0.0
-2248.0	65	0.0
-2247.0	53	0.0
-2246.0	58	0.0
-2245.0	54	0.0
-2244.0	56	0.0
-2243.0	58	0.0
-2242.0	60	0.0
-2241.0	52	0.0
-2240.0	49	0.0
-2239.0	64	0.0
-2238.0	52	0.0
-2237.0	68	0.0
-2236.0	54	0.0
-2235.0	74	0.0
-2234.0	49	0.0
-2233.0	57	0.0
-2232.0	49	0.0
-2231.0	55	0.0
-2230.0	54	0.0
-2229.0	53	0.0
-2228.0	59	0.0
-2227.0	51	0.0
-2226.0	70	0.0
-2225.0	67	0.0
-2224.0	57	0.0
-2223.0	62	0.0
-2222.0	57	0.0
-2221.0	64	0.0
-2220.0	56	0.0
-2219.0	53	0.0
-2218.0	60	0.0
-2217.0	65	0.0
-2216.0	62	0.0
-2215.0	47	0.0
-2214.0	52	0.0
-2213.0	49	0.0
-2212.0	64	0.0
-2211.0	45	0.0
-2210.0	56	0.0
-2209.0	47	0.0
-2208.0	66	0.0
-2207.0	59	0.0
-2206.0	53	0.0
-2205.0	71	0.0
-2204.0	60	0.0
-2203.0	59	0.0
-2202.0	63	0.0
-2201.0	54	0.0
-2200.0	56	0.0
-2199.0	65	0.0
-2198.0	54	0.0
-2197.0	57	0.0
-2196.0	62	0.0
-2195.0	50	0.0
-2194.0	65	0.0
-2193.0	63	0.0
-2192.0	54	0.0
-2191.0	66	0.0
-2190.0	72	0.0
-2189.0	59	0.0
-2188.0	58	0.0
-2187.0	47	0.0
-2186.0	54	0.0
-2185.0	62	0.0
-2184.0	60	0.0
-2183.0	61	0.0
-2182.0	66	0.0
-2181.0	63	0.0
-2180.0	56	0.0
-2179.0	58	0.0
-2178.0	56	0.0
-2177.0	61	0.0
-2176.0	55	0.0
-2175.0	54	0.0
-2174.0	65	0.0
-2173.0	75	0.0
-2172.0	52	0.0
-2171.0	57	0.0
-2170.0	49	0.0
-2169.0	46	0.0
-2168.0	46	0.0
-2167.0	67	0.0
-2166.0	50	0.0
-2165.0	57	0.0
-2164.0	60	0.0
-2163.0	58	0.0
-2162.0	53	0.0
-2161.0	75	0.0
-2160.0	77	0.0
-2159.0	54	0.0
-2158.0	65	0.0
-2157.0	55	0.0
-2156.0	62	0.0
-2155.0	59	0.0
-2154.0	63	0.0
-2153.0	72	0.0
-2152.0	62	0.0
-2151.0	72	0.0
-2150.0	57	0.0
-2149.0	57	0.0
-2148.0	51	0.0
-2147.0	62	0.0
-2146.0	71	0.0
-2145.0	77	0.0
-2144.0	60	0.0
-2143.0	54	0.0
-2142.0	50	0.0
-2141.0	50	0.0
-2140.0	46	0.0
-2139.0	51	0.0
-2138.0	56	0.0
-2137.0	68	0.0
-2136.0	49	0.0
-2135.0	52	0.0
-2134.0	68	0.0
-2133.0	71	0.0
-2132.0	58	0.0
-2131.0	56	0.0
-2130.0	62	0.0
-2129.0	46	0.0
-2128.0	53	0.0
-2127.0	54	0.0
-2126.0	62	0.0
-2125.0	64	0.0
-2124.0	51	0.0
-2123.0	54	0.0
-2122.0	56	0.0
-2121.0	50	0.0
-2120.0	45	0.0
-2119.0	59	0.0
-2118.0	59	0.0
-2117.0	72	0.0
-2116.0	64	0.0
-2115.0	55	0.0
-2114.0	51	0.0
-2113.0	57	0.0
-2112.0	56	0.0
-2111.0	46	0.0
-2110.0	52	0.0
-2109.0	72	0.0
-2108.0	52	0.0
-2107.0	61	0.0
-2106.0	50	0.0
-2105.0	56	0.0
-2104.0	63	0.0
-2103.0	63	0.0
-2102.0	54	0.0
-2101.0	56	0.0
-2100.0	62	0.0
-2099.0	47	0.0
-2098.0	66	0.0
-2097.0	59	0.0
-2096.0	59	0.0
-2095.0	68	0.0
-2094.0	58	0.0
-2093.0	57	0.0
-2092.0	67	0.0
-2091.0	49	0.0
-2090.0	69	0.0
-2089.0	58	0.0
-2088.0	53	0.0
-2087.0	55	0.0
-2086.0	58	0.0
-2085.0	71	0.0
-2084.0	50	0.0
-2083.0	63	0.0
-2082.0	76	0.0
-2081.0	52	0.0
-2080.0	55	0.0
-2079.0	51	0.0
-2078.0	44	0.0
-2077.0	57	0.0
-2076.0	58	0.0
-2075.0	56	0.0
-2074.0	67	0.0
-2073.0	68	0.0
-2072.0	57	0.0
-2071.0	65	0.0
-2070.0	85	0.0
-2069.0	61	0.0
-2068.0	64	0.0
-2067.0	54	0.0
-2066.0	53	0.0
-2065.0	61	0.0
-2064.0	63	0.0
-2063.0	60	0.0
-2062.0	65	0.0
-2061.0	60	0.0
-2060.0	45	0.0
-2059.0	55	0.0
-2058.0	70	0.0
-2057.0	51	0.0
-2056.0	53	0.0
-2055.0	53	0.0
-2054.0	44	0.0
-2053.0	51	0.0
-2052.0	60	0.0
-2051.0	60	0.0
-2050.0	59	0.0
-2049.0	54	0.0
-2048.0	55	0.0
-2047.0	57	0.0
-2046.0	49	0.0
-2045.0	74	0.0
-2044.0	69	0.0
-2043.0	66	0.0
-2042.0	63	0.0
-2041.0	54	0.0
-2040.0	54	0.0
-2039.0	53	0.0
-2038.0	65	0.0
-2037.0	57	0.0
-2036.0	51	0.0
-2035.0	53	0.0
-2034.0	52	0.0
-2033.0	75	0.0
-2032.0	53	0.0
-2031.0	58	0.0
-2030.0	58	0.0
-2029.0	80	0.0
-2028.0	47	0.0
-2027.0	55	0.0
-2026.0	42	0.0
-2025.0	59	0.0
-2024.0	60	0.0
-2023.0	52	0.0
-2022.0	63	0.0
-2021.0	56	0.0
-2020.0	61	0.0
-2019.0	51	0.0
-2018.0	46	0.0
-2017.0	55	0.0
-2016.0	58	0.0
-2015.0	53	0.0
-2014.0	50	0.0
-2013.0	51	0.0
-2012.0	51	0.0
-2011.0	69	0.0
-2010.0	57	0.0
-2009.0	63	0.0
-2008.0	83	0.0
-2007.0	53	0.0
-2006.0	66	0.0
-2005.0	65	0.0
-2004.0	49	0.0
-2003.0	49	0.0
-2002.0	62	0.0
-2001.0	71	0.0
-2000.0	62	0.0
-1999.0	57	0.0
-1998.0	57	0.0
-1997.0	47	0.0
-1996.0	55	0.0
-1995.0	46	0.0
-1994.0	61	0.0
-1993.0	51	0.0
-1992.0	52	0.0
-1991.0	52	0.0
-1990.0	54	0.0
-1989.0	63	0.0
-1988.0	52	0.0
-1987.0	62	0.0
-1986.0	61	0.0
-1985.0	70	0.0
-1984.0	51	0.0
-1983.0	61	0.0
-1982.0	79	0.0
-1981.0	49	0.0
-1980.0	61	0.0
-1979.0	72	0.0
-1978.0	69	0.0
-1977.0	60	0.0
-1976.0	56	0.0
-1975.0	57	0.0
-1974.0	63	0.0
-1973.0	43	0.0
-1972.0	55	0.0
-1971.0	69	0.0
-1970.0	57	0.0
-1969.0	63	0.0
-1968.0	54	0.0
-1967.0	64	0.0
-1966.0	77	0.0
-1965.0	58	0.0
-1964.0	61	0.0
-1963.0	55	0.0
-1962.0	54	0.0
-1961.0	62	0.0
-1960.0	62	0.0
-1959.0	69	0.0
-1958.0	64	0.0
-1957.0	67	0.0
-1956.0	66	0.0
-1955.0	59	0.0
-1954.0	59	0.0
-1953.0	58	0.0
-1952.0	48	0.0
-1951.0	63	0.0
-1950.0	54	0.0
-1949.0	38	0.0
-1948.0	73	0.0
-1947.0	62	0.0
-1946.0	62	0.0
-1945.0	58	0.0
-1944.0	47	0.0
-1943.0	60	0.0
-1942.0	60	0.0
-1941.0	70	0.0
-1940.0	60	0.0
-1939.0	59	0.0
-1938.0	52	0.0
-1937.0	65	0.0
-1936.0	48	0.0
-1935.0	53	0.0
-1934.0	61	0.0
-1933.0	53	0.0
-1932.0	56	0.0
-1931.0	56	0.0
-1930.0	71	0.0
-1929.0	57	0.0
-1928.0	60	0.0
-1927.0	48	0.0
-1926.0	33	0.0
-1925.0	56	0.0
-1924.0	57	0.0
-1923.0	72	0.0
-1922.0	52	0.0
-1921.0	66	0.0
-1920.0	63	0.0
-1919.0	51	0.0
-1918.0	50	0.0
-1917.0	76	0.0
-1916.0	56	0.0
-1915.0	50	0.0
-1914.0	53	0.0
-1913.0	51	0.0
-1912.0	64	0.0
-1911.0	55	0.0
-1910.0	47	0.0
-1909.0	61	0.0
-1908.0	59	0.0
-1907.0	61	0.0
-1906.0	64	0.0
-1905.0	60	0.0
-1904.0	48	0.0
-1903.0	49	0.0
-1902.0	61	0.0
-1901.0	59	0.0
-1900.0	63	0.0
-1899.0	41	0.0
-1898.0	54	0.0
-1897.0	69	0.0
-1896.0	71	0.0
-1895.0	51	0.0
-1894.0	50	0.0
-1893.0	54	0.0
-1892.0	64	0.0
-1891.0	60	0.0
-1890.0	62	0.0
-1889.0	76	0.0
-1888.0	88	0.0
-1887.0	51	0.0
-1886.0	68	0.0
-1885.0	59	0.0
-1884.0	83	0.0
-1883.0	75	0.0
-1882.0	56	0.0
-1881.0	57	0.0
-1880.0	68	0.0
-1879.0	48	0.0
-1878.0	58	0.0
-1877.0	71	0.0
-1876.0	51	0.0
-1875.0	56	0.0
-1874.0	53	0.0
-1873.0	54	0.0
-1872.0	59	0.0
-1871.0	48	0.0
-1870.0	56	0.0
-1869.0	57	0.0
-1868.0	44	0.0
-1867.0	64	0.0
-1866.0	66	0.0
-1865.0	69	0.0
-1864.0	52	0.0
-1863.0	64	0.0
-1862.0	63	0.0
-1861.0	67	0.0
-1860.0	48	0.0
-1859.0	55	0.0
-1858.0	53	0.0
-1857.0	66	0.0
-1856.0	55	0.0
-1855.0	74	0.0
-1854.0	53	0.0
-1853.0	58	0.0
-1852.0	62	0.0
-1851.0	68	0.0
-1850.0	52	0.0
-1849.0	49	0.0
-1848.0	56	0.0
-1847.0	60	0.0
-1846.0	79	0.0
-1845.0	59	0.0
-1844.0	67	0.0
-1843.0	55	0.0
-1842.0	52	0.0
-1841.0	64	0.0
-1840.0	70	0.0
-1839.0	58	0.0
-1838.0	51	0.0
-1837.0	50	0.0
-1836.0	61	0.0
-1835.0	46	0.0
-1834.0	59	0.0
-1833.0	69	0.0
-1832.0	55	0.0
-1831.0	54	0.0
-1830.0	70	0.0
-1829.0	62	0.0
-1828.0	59	0.0
-1827.0	66	0.0
-1826.0	60	0.0
-1825.0	59	0.0
-1824.0	51	0.0
-1823.0	53	0.0
-1822.0	67	0.0
-1821.0	67	0.0
-1820.0	63	0.0
-1819.0	62	0.0
-1818.0	71	0.0
-1817.0	54	0.0
-1816.0	63	0.0
-1815.0	52	0.0
-1814.0	77	0.0
-1813.0	60	0.0
-1812.0	63	0.0
-1811.0	60	0.0
-1810.0	55	0.0
-1809.0	44	0.0
-1808.0	58	0.0
-1807.0	67	0.0
-1806.0	49	0.0
-1805.0	53	0.0
-1804.0	67	0.0
-1803.0	58	0.0
-1802.0	77	0.0
-1801.0	64	0.0
-1800.0	49	0.0
-1799.0	60	0.0
-1798.0	69	0.0
-1797.0	58	0.0
-1796.0	61	0.0
-1795.0	60	0.0
-1794.0	57	0.0
-1793.0	51	0.0
-1792.0	61	0.0
-1791.0	59	0.0
-1790.0	56	0.0
-1789.0	70	0.0
-1788.0	72	0.0
-1787.0	65	0.0
-1786.0	69	0.0
-1785.0	52	0.0
-1784.0	52	0.0
-1783.0	62	0.0
-1782.0	55	0.0
-1781.0	56	0.0
-1780.0	50	0.0
-1779.0	62	0.0
-1778.0	52	0.0
-1777.0	62	0.0
-1776.0	42	0.0
-1775.0	59	0.0
-1774.0	52	0.0
-1773.0	68	0.0
-1772.0	63	0.0
-1771.0	59	0.0
-1770.0	54	0.0
-1769.0	59	0.0
-1768.0	48	0.0
-1767.0	48	0.0
-1766.0	62	0.0
-1765.0	65	0.0
-1764.0	62	0.0
-1763.0	52	0.0
-1762.0	64	0.0
-1761.0	46	0.0
-1760.0	65	0.0
-1759.0	67	0.0
-1758.0	69	0.0
-1757.0	56	0.0
-1756.0	48	0.0
-1755.0	53	0.0
-1754.0	46	0.0
-1753.0	54	0.0
-1752.0	41	0.0
-1751.0	63	0.0
-1750.0	66	0.0
-1749.0	55	0.0
-1748.0	58	0.0
-1747.0	65	0.0
-1746.0	61	0.0
-1745.0	63	0.0
-1744.0	50	0.0
-1743.0	59	0.0
-1742.0	53	0.0
-1741.0	57	0.0
-1740.0	61	0.0
-1739.0	57	0.0
-1738.0	59	0.0
-1737.0	64	0.0
-1736.0	62	0.0
-1735.0	43	0.0
-1734.0	53	0.0
-1733.0	59	0.0
-1732.0	57	0.0
-1731.0	47	0.0
-1730.0	48	0.0
-1729.0	64	0.0
-1728.0	67	0.0
-1727.0	64	0.0
-1726.0	76	0.0
-1725.0	55	0.0
-1724.0	52	0.0
-1723.0	48	0.0
-1722.0	54	0.0
-1721.0	57	0.0
-1720.0	60	0.0
-1719.0	71	0.0
-1718.0	56	0.0
-1717.0	57	0.0
-1716.0	56	0.0
-1715.0	64	0.0
-1714.0	60	0.0
-1713.0	60	0.0
-1712.0	53	0.0
-1711.0	61	0.0
-1710.0	60	0.0
-1709.0	57	0.0
-1708.0	63	0.0
-1707.0	69	0.0
-1706.0	64	0.0
-1705.0	49	0.0
-1704.0	66	0.0
-1703.0	68	0.0
-1702.0	54	0.0
-1701.0	47	0.0
-1700.0	82	0.0
-1699.0	68	0.0
-1698.0	67	0.0
-1697.0	49	0.0
-1696.0	52	0.0
-1695.0	60	0.0
-1694.0	50	0.0
-1693.0	62	0.0
-1692.0	54	0.0
-1691.0	64	0.0
-1690.0	43	0.0
-1689.0	45	0.0
-1688.0	47	0.0
-1687.0	73	0.0
-1686.0	54	0.0
-1685.0	51	0.0
-1684.0	56	0.0
-1683.0	70	0.0
-1682.0	64	0.0
-1681.0	54	0.0
-1680.0	63	0.0
-1679.0	65	0.0
-1678.0	53	0.0
-1677.0	47	0.0
-1676.0	45	0.0
-1675.0	56	0.0
-1674.0	59	0.0
-1673.0	58	0.0
-1672.0	62	0.0
-1671.0	46	0.0
-1670.0	59	0.0
-1669.0	46	0.0
-1668.0	63	0.0
-1667.0	52	0.0
-1666.0	43	0.0
-1665.0	60	0.0
-1664.0	53	0.0
-1663.0	60	0.0
-1662.0	52	0.0
-1661.0	43	0.0
-1660.0	52	0.0
-1659.0	69	0.0
-1658.0	63	0.0
-1657.0	61	0.0
-1656.0	51	0.0
-1655.0	59	0.0
-1654.0	53	0.0
-1653.0	69	0.0
-1652.0	43	0.0
-1651.0	64	0.0
-1650.0	54	0.0
-1649.0	50	0.0
-1648.0	62	0.0
-1647.0	57	0.0
-1646.0	51	0.0
-1645.0	66	0.0
-1644.0	62	0.0
-1643.0	58	0.0
-1642.0	49	0.0
-1641.0	52	0.0
-1640.0	67	0.0
-1639.0	42	0.0
-1638.0	64	0.0
-1637.0	62	0.0
-1636.0	57	0.0
-1635.0	60	0.0
-1634.0	48	0.0
-1633.0	69	0.0
-1632.0	52	0.0
-1631.0	53	0.0
-1630.0	69	0.0
-1629.0	59	0.0
-1628.0	69	0.0
-1627.0	61	0.0
-1626.0	53	0.0
-1625.0	57	0.0
-1624.0	58	0.0
-1623.0	61	0.0
-1622.0	53	0.0
-1621.0	56	0.0
-1620.0	58	0.0
-1619.0	64	0.0
-1618.0	56	0.0
-1617.0	58	0.0
-1616.0	54	0.0
-1615.0	66	0.0
-1614.0	58	0.0
-1613.0	66	0.0
-1612.0	66	0.0
-1611.0	61	0.0
-1610.0	59	0.0
-1609.0	60	0.0
-1608.0	67	0.0
-1607.0	50	0.0
-1606.0	48	0.0
-1605.0	55	0.0
-1604.0	52	0.0
-1603.0	55	0.0
-1602.0	59	0.0
-1601.0	68	0.0
-1600.0	62	0.0
-1599.0	58	0.0
-1598.0	54	0.0
-1597.0	58	0.0
-1596.0	42	0.0
-1595.0	61	0.0
-1594.0	47	0.0
-1593.0	47	0.0
-1592.0	64	0.0
-1591.0	46	0.0
-1590.0	51	0.0
-1589.0	46	0.0
-1588.0	54	0.0
-1587.0	46	0.0
-1586.0	60	0.0
-1585.0	58	0.0
-1584.0	61	0.0
-1583.0	70	0.0
-1582.0	51	0.0
-1581.0	64	0.0
-1580.0	58	0.0
-1579.0	69	0.0
-1578.0	51	0.0
-1577.0	62	0.0
-1576.0	69	0.0
-1575.0	59	0.0
-1574.0	54	0.0
-1573.0	52	0.0
-1572.0	50	0.0
-1571.0	67	0.0
-1570.0	63	0.0
-1569.0	63	0.0
-1568.0	47	0.0
-1567.0	72	0.0
-1566.0	64	0.0
-1565.0	50	0.0
-1564.0	55	0.0
-1563.0	57	0.0
-1562.0	53	0.0
-1561.0	48	0.0
-1560.0	52	0.0
-1559.0	51	0.0
-1558.0	56	0.0
-1557.0	75	0.0
-1556.0	48	0.0
-1555.0	48	0.0
-1554.0	60	0.0
-1553.0	61	0.0
-1552.0	54	0.0
-1551.0	53	0.0
-1550.0	62	0.0
-1549.0	62	0.0
-1548.0	46	0.0
-1547.0	55	0.0
-1546.0	60	0.0
-1545.0	46	0.0
-1544.0	46	0.0
-1543.0	50	0.0
-1542.0	64	0.0
-1541.0	59	0.0
-1540.0	62	0.0
-1539.0	73	0.0
-1538.0	55	0.0
-1537.0	45	0.0
-1536.0	79	0.0
-1535.0	55	0.0
-1534.0	41	0.0
-1533.0	55	0.0
-1532.0	67	0.0
-1531.0	75	0.0
-1530.0	54	0.0
-1529.0	62	0.0
-1528.0	53	0.0
-1527.0	60	0.0
-1526.0	50	0.0
-1525.0	57	0.0
-1524.0	50	0.0
-1523.0	67	0.0
-1522.0	55	0.0
-1521.0	60	0.0
-1520.0	59	0.0
-1519.0	54	0.0
-1518.0	63	0.0
-1517.0	66	0.0
-1516.0	53	0.0
-1515.0	69	0.0
-1514.0	59	0.0
-1513.0	67	0.0
-1512.0	65	0.0
-1511.0	66	0.0
-1510.0	56	0.0
-1509.0	82	0.0
-1508.0	57	0.0
-1507.0	64	0.0
-1506.0	57	0.0
-1505.0	60	0.0
-1504.0	56	0.0
-1503.0	59	0.0
-1502.0	55	0.0
-1501.0	54	0.0
-1500.0	71	0.0
-1499.0	75	0.0
-1498.0	57	0.0
-1497.0	66	0.0
-1496.0	44	0.0
-1495.0	56	0.0
-1494.0	59	0.0
-1493.0	56	0.0
-1492.0	61	0.0
-1491.0	60	0.0
-1490.0	49	0.0
-1489.0	70	0.0
-1488.0	57	0.0
-1487.0	67	0.0
-1486.0	56	0.0
-1485.0	62	0.0
-1484.0	45	0.0
-1483.0	62	0.0
-1482.0	67	0.0
-1481.0	56	0.0
-1480.0	47	0.0
-1479.0	62	0.0
-1478.0	56	0.0
-1477.0	55	0.0
-1476.0	69	0.0
-1475.0	60	0.0
-1474.0	55	0.0
-1473.0	60	0.0
-1472.0	56	0.0
-1471.0	57	0.0
-1470.0	49	0.0
-1469.0	53	0.0
-1468.0	64	0.0
-1467.0	60	0.0
-1466.0	57	0.0
-1465.0	54	0.0
-1464.0	63	0.0
-1463.0	66	0.0
-1462.0	64	0.0
-1461.0	48	0.0
-1460.0	59	0.0
-1459.0	61	0.0
-1458.0	67	0.0
-1457.0	66	0.0
-1456.0	50	0.0
-1455.0	56	0.0
-1454.0	63	0.0
-1453.0	54	0.0
-1452.0	51	0.0
-1451.0	51	0.0
-1450.0	52	0.0
-1449.0	50	0.0
-1448.0	59	0.0
-1447.0	50	0.0
-1446.0	61	0.0
-1445.0	53	0.0
-1444.0	56	0.0
-1443.0	64	0.0
-1442.0	43	0.0
-1441.0	56	0.0
-1440.0	52	0.0
-1439.0	54	0.0
-1438.0	58	0.0
-1437.0	60	0.0
-1436.0	57	0.0
-1435.0	50	0.0
-1434.0	56	0.0
-1433.0	50	0.0
-1432.0	48	0.0
-1431.0	73	0.0
-1430.0	59	0.0
-1429.0	52	0.0
-1428.0	54	0.0
-1427.0	55	0.0
-1426.0	50	0.0
-1425.0	70	0.0
-1424.0	39	0.0
-1423.0	52	0.0
-1422.0	72	0.0
-1421.0	59	0.0
-1420.0	76	0.0
-1419.0	68	0.0
-1418.0	61	0.0
-1417.0	47	0.0
-1416.0	59	0.0
-1415.0	65	0.0
-1414.0	66	0.0
-1413.0	44	0.0
-1412.0	65	0.0
-1411.0	57	0.0
-1410.0	44	0.0
-1409.0	49	0.0
-1408.0	58	0.0
-1407.0	65	0.0
-1406.0	61	0.0
-1405.0	53	0.0
-1404.0	58	0.0
-1403.0	60	0.0
-1402.0	47	0.0
-1401.0	63	0.0
-1400.0	49	0.0
-1399.0	65	0.0
-1398.0	56	0.0
-1397.0	56	0.0
-1396.0	50	0.0
-1395.0	58	0.0
-1394.0	60	0.0
-1393.0	36	0.0
-1392.0	58	0.0
-1391.0	56	0.0
-1390.0	67	0.0
-1389.0	51	0.0
-1388.0	61	0.0
-1387.0	56	0.0
-1386.0	61	0.0
-1385.0	49	0.0
-1384.0	56	0.0
-1383.0	54	0.0
-1382.0	57	0.0
-1381.0	69	0.0
-1380.0	59	0.0
-1379.0	66	0.0
-1378.0	49	0.0
-1377.0	57	0.0
-1376.0	63	0.0
-1375.0	60	0.0
-1374.0	61	0.0
-1373.0	55	0.0
-1372.0	57	0.0
-1371.0	48	0.0
-1370.0	66	0.0
-1369.0	54	0.0
-1368.0	54	0.0
-1367.0	51	0.0
-1366.0	53	0.0
-1365.0	59	0.0
-1364.0	49	0.0
-1363.0	64	0.0
-1362.0	68	0.0
-1361.0	50	0.0
-1360.0	56	0.0
-1359.0	63	0.0
-1358.0	54	0.0
-1357.0	59	0.0
-1356.0	57	0.0
-1355.0	48	0.0
-1354.0	62	0.0
-1353.0	55	0.0
-1352.0	55	0.0
-1351.0	73	0.0
-1350.0	56	0.0
-1349.0	63	0.0
-1348.0	78	0.0
-1347.0	40	0.0
-1346.0	67	0.0
-1345.0	67	0.0
-1344.0	51	0.0
-1343.0	55	0.0
-1342.0	59	0.0
-1341.0	46	0.0
-1340.0	60	0.0
-1339.0	72	0.0
-1338.0	47	0.0
-1337.0	62	0.0
-1336.0	50	0.0
-1335.0	79	0.0
-1334.0	57	0.0
-1333.0	51	0.0
-1332.0	67	0.0
-1331.0	48	0.0
-1330.0	49	0.0
-1329.0	78	0.0
-1328.0	51	0.0
-1327.0	47	0.0
-1326.0	66	0.0
-1325.0	58	0.0
-1324.0	62	0.0
-1323.0	66	0.0
-1322.0	52	0.0
-1321.0	49	0.0
-1320.0	58	0.0
-1319.0	56	0.0
-1318.0	60	0.0
-1317.0	54	0.0
-1316.0	72	0.0
-1315.0	59	0.0
-1314.0	58	0.0
-1313.0	53	0.0
-1312.0	72	0.0
-1311.0	59	0.0
-1310.0	51	0.0
-1309.0	69	0.0
-1308.0	69	0.0
-1307.0	77	0.0
-1306.0	54	0.0
-1305.0	65	0.0
-1304.0	67	0.0
-1303.0	64	0.0
-1302.0	69	0.0
-1301.0	45	0.0
-1300.0	54	0.0
-1299.0	53	0.0
-1298.0	52	0.0
-1297.0	60	0.0
-1296.0	54	0.0
-1295.0	59	0.0
-1294.0	50	0.0
-1293.0	60	0.0
-1292.0	56	0.0
-1291.0	59	0.0
-1290.0	66	0.0
-1289.0	65	0.0
-1288.0	69	0.0
-1287.0	49	0.0
-1286.0	48	0.0
-1285.0	55	0.0
-1284.0	69	0.0
-1283.0	59	0.0
-1282.0	61	0.0
-1281.0	62	0.0
-1280.0	60	0.0
-1279.0	55	0.0
-1278.0	62	0.0
-1277.0	57	0.0
-1276.0	57	0.0
-1275.0	54	0.0
-1274.0	50	0.0
-1273.0	70	0.0
-1272.0	60	0.0
-1271.0	47	0.0
-1270.0	44	0.0
-1269.0	59	0.0
-1268.0	61	0.0
-1267.0	47	0.0
-1266.0	59	0.0
-1265.0	56	0.0
-1264.0	65	0.0
-1263.0	55	0.0
-1262.0	54	0.0
-1261.0	55	0.0
-1260.0	69	0.0
-1259.0	56	0.0
-1258.0	55	0.0
-1257.0	61	0.0
-1256.0	60	0.0
-1255.0	74	0.0
-1254.0	61	0.0
-1253.0	68	0.0
-1252.0	56	0.0
-1251.0	62	0.0
-1250.0	54	0.0
-1249.0	57	0.0
-1248.0	70	0.0
-1247.0	55	0.0
-1246.0	39	0.0
-1245.0	53	0.0
-1244.0	51	0.0
-1243.0	72	0.0
-1242.0	50	0.0
-1241.0	50	0.0
-1240.0	44	0.0
-1239.0	61	0.0
-1238.0	59	0.0
-1237.0	63	0.0
-1236.0	43	0.0
-1235.0	53	0.0
-1234.0	73	0.0
-1233.0	51	0.0
-1232.0	52	0.0
-1231.0	58	0.0
-1230.0	56	0.0
-1229.0	55	0.0
-1228.0	63	0.0
-1227.0	55	0.0
-1226.0	74	0.0
-1225.0	75	0.0
-1224.0	75	0.0
-1223.0	46	0.0
-1222.0	67	0.0
-1221.0	56	0.0
-1220.0	51	0.0
-1219.0	58	0.0
-1218.0	67	0.0
-1217.0	67	0.0
-1216.0	57	0.0
-1215.0	56	0.0
-1214.0	49	0.0
-1213.0	62	0.0
-1212.0	64	0.0
-1211.0	52	0.0
-1210.0	53	0.0
-1209.0	66	0.0
-1208.0	69	0.0
-1207.0	57	0.0
-1206.0	54	0.0
-1205.0	72	0.0
-1204.0	63	0.0
-1203.0	67	0.0
-1202.0	58	0.0
-1201.0	60	0.0
-1200.0	52	0.0
-1199.0	58	0.0
-1198.0	53	0.0
-1197.0	61	0.0
-1196.0	66	0.0
-1195.0	58	0.0
-1194.0	58	0.0
-1193.0	50	0.0
-1192.0	68	0.0
-1191.0	60	0.0
-1190.0	70	0.0
-1189.0	57	0.0
-1188.0	58	0.0
-1187.0	59	0.0
-1186.0	62	0.0
-1185.0	63	0.0
-1184.0	57	0.0
-1183.0	63	0.0
-1182.0	46	0.0
-1181.0	58	0.0
-1180.0	58	0.0
-1179.0	75	0.0
-1178.0	56	0.0
-1177.0	63	0.0
-1176.0	61	0.0
-1175.0	62	0.0
-1174.0	48	0.0
-1173.0	59	0.0
-1172.0	64	0.0
-1171.0	62	0.0
-1170.0	59	0.0
-1169.0	56	0.0
-1168.0	60	0.0
-1167.0	55	0.0
-1166.0	47	0.0
-1165.0	47	0.0
-1164.0	66	0.0
-1163.0	57	0.0
-1162.0	71	0.0
-1161.0	64	0.0
-1160.0	50	0.0
-1159.0	60	0.0
-1158.0	51	0.0
-1157.0	56	0.0
-1156.0	52	0.0
-1155.0	58	0.0
-1154.0	50	0.0
-1153.0	58	0.0
-1152.0	44	0.0
-1151.0	66	0.0
-1150.0	66	0.0
-1149.0	70	0.0
-1148.0	66	0.0
-1147.0	55	0.0
-1146.0	58	0.0
-1145.0	59	0.0
-1144.0	70	0.0
-1143.0	55	0.0
-1142.0	60	0.0
-1141.0	62	0.0
-1140.0	64	0.0
-1139.0	62	0.0
-1138.0	62	0.0
-1137.0	61	0.0
-1136.0	60	0.0
-1135.0	50	0.0
-1134.0	63	0.0
-1133.0	72	0.0
-1132.0	68	0.0
-1131.0	64	0.0
-1130.0	45	0.0
-1129.0	56	0.0
-1128.0	60	0.0
-1127.0	46	0.0
-1126.0	57	0.0
-1125.0	76	0.0
-1124.0	67	0.0
-1123.0	46	0.0
-1122.0	51	0.0
-1121.0	57	0.0
-1120.0	65	0.0
-1119.0	60	0.0
-1118.0	56	0.0
-1117.0	67	0.0
-1116.0	52	0.0
-1115.0	71	0.0
-1114.0	52	0.0
-1113.0	58	0.0
-1112.0	48	0.0
-1111.0	63	0.0
-1110.0	50	0.0
-1109.0	70	0.0
-1108.0	57	0.0
-1107.0	61	0.0
-1106.0	62	0.0
-1105.0	52	0.0
-1104.0	56	0.0
-1103.0	51	0.0
-1102.0	70	0.0
-1101.0	52	0.0
-1100.0	60	0.0
-1099.0	58	0.0
-1098.0	74	0.0
-1097.0	51	0.0
-1096.0	58	0.0
-1095.0	65	0.0
-1094.0	65	0.0
-1093.0	55	0.0
-1092.0	50	0.0
-1091.0	69	0.0
-1090.0	66	0.0
-1089.0	65	0.0
-1088.0	66	0.0
-1087.0	52	0.0
-1086.0	59	0.0
-1085.0	59	0.0
-1084.0	58	0.0
-1083.0	51	0.0
-1082.0	70	0.0
-1081.0	62	0.0
-1080.0	66	0.0
-1079.0	64	0.0
-1078.0	62	0.0
-1077.0	40	0.0
-1076.0	41	0.0
-1075.0	60	0.0
-1074.0	62	0.0
-1073.0	47	0.0
-1072.0	44	0.0
-1071.0	64	0.0
-1070.0	61	0.0
-1069.0	67	0.0
-1068.0	58	0.0
-1067.0	59	0.0
-1066.0	55	0.0
-1065.0	55	0.0
-1064.0	48	0.0
-1063.0	58	0.0
-1062.0	60	0.0
-1061.0	52	0.0
-1060.0	50	0.0
-1059.0	62	0.0
-1058.0	60	0.0
-1057.0	43	0.0
-1056.0	58	0.0
-1055.0	52	0.0
-1054.0	59	0.0
-1053.0	60	0.0
-1052.0	55	0.0
-1051.0	66	0.0
-1050.0	83	0.0
-1049.0	58	0.0
-1048.0	49	0.0
-1047.0	54	0.0
-1046.0	60	0.0
-1045.0	49	0.0
-1044.0	40	0.0
-1043.0	54	0.0
-1042.0	60	0.0
-1041.0	57	0.0
-1040.0	55	0.0
-1039.0	59	0.0
-1038.0	51	0.0
-1037.0	46	0.0
-1036.0	56	0.0
-1035.0	53	0.0
-1034.0	55	0.0
-1033.0	55	0.0
-1032.0	57	0.0
-1031.0	50	0.0
-1030.0	61	0.0
-1029.0	62	0.0
-1028.0	60	0.0
-1027.0	54	0.0
-1026.0	64	0.0
-1025.0	55	0.0
-1024.0	50	0.0
-1023.0	56	0.0
-1022.0	38	0.0
-1021.0	53	0.0
-1020.0	62	0.0
-1019.0	75	0.0
-1018.0	53	0.0
-1017.0	52	0.0
-1016.0	47	0.0
-1015.0	58	0.0
-1014.0	61	0.0
-1013.0	52	0.0
-1012.0	57	0.0
-1011.0	67	0.0
-1010.0	56	0.0
-1009.0	56	0.0
-1008.0	62	0.0
-1007.0	51	0.0
-1006.0	44	0.0
-1005.0	57	0.0
-1004.0	49	0.0
-1003.0	55	0.0
-1002.0	61	0.0
-1001.0	63	0.0
-1000.0	66	0.0
-999.0	56	0.0
-998.0	50	0.0
-997.0	64	0.0
-996.0	66	0.0
-995.0	67	0.0
-994.0	66	0.0
-993.0	62	0.0
-992.0	57	0.0
-991.0	55	0.0
-990.0	67	0.0
-989.0	60	0.0
-988.0	54	0.0
-987.0	69	0.0
-986.0	64	0.0
-985.0	57	0.0
-984.0	54	0.0
-983.0	72	0.0
-982.0	59	0.0
-981.0	68	0.0
-980.0	66	0.0
-979.0	60	0.0
-978.0	52	0.0
-977.0	65	0.0
-976.0	66	0.0
-975.0	65	0.0
-974.0	66	0.0
-973.0	66	0.0
-972.0	57	0.0
-971.0	56	0.0
-970.0	50	0.0
-969.0	59	0.0
-968.0	76	0.0
-967.0	50	0.0
-966.0	56	0.0
-965.0	65	0.0
-964.0	63	0.0
-963.0	54	0.0
-962.0	73	0.0
-961.0	59	0.0
-960.0	60	0.0
-959.0	70	0.0
-958.0	61	0.0
-957.0	56	0.0
-956.0	70	0.0
-955.0	67	0.0
-954.0	53	0.0
-953.0	61	0.0
-952.0	66	0.0
-951.0	64	0.0
-950.0	49	0.0
-949.0	60	0.0
-948.0	59	0.0
-947.0	55	0.0
-946.0	54	0.0
-945.0	55	0.0
-944.0	37	0.0
-943.0	65	0.0
-942.0	51	0.0
-941.0	56	0.0
-940.0	54	0.0
-939.0	58	0.0
-938.0	49	0.0
-937.0	70	0.0
-936.0	61	0.0
-935.0	62	0.0
-934.0	68	0.0
-933.0	52	0.0
-932.0	65	0.0
-931.0	62	0.0
-930.0	51	0.0
-929.0	51	0.0
-928.0	63	0.0
-927.0	66	0.0
-926.0	39	0.0
-925.0	42	0.0
-924.0	63	0.0
-923.0	45	0.0
-922.0	52	0.0
-921.0	56	0.0
-920.0	53	0.0
-919.0	57	0.0
-918.0	58	0.0
-917.0	52	0.0
-916.0	64	0.0
-915.0	64	0.0
-914.0	59	0.0
-913.0	59	0.0
-912.0	64	0.0
-911.0	55	0.0
-910.0	58	0.0
-909.0	60	0.0
-908.0	75	0.0
-907.0	51	0.0
-906.0	66	0.0
-905.0	67	0.0
-904.0	67	0.0
-903.0	49	0.0
-902.0	53	0.0
-901.0	57	0.0
-900.0	64	0.0
-899.0	69	0.0
-898.0	57	0.0
-897.0	56	0.0
-896.0	61	0.0
-895.0	69	0.0
-894.0	44	0.0
-893.0	43	0.0
-892.0	64	0.0
-891.0	63	0.0
-890.0	55	0.0
-889.0	51	0.0
-888.0	55	0.0
-887.0	64	0.0
-886.0	59	0.0
-885.0	48	0.0
-884.0	51	0.0
-883.0	62	0.0
-882.0	67	0.0
-881.0	63	0.0
-880.0	50	0.0
-879.0	61	0.0
-878.0	60	0.0
-877.0	55	0.0
-876.0	54	0.0
-875.0	71	0.0
-874.0	62	0.0
-873.0	62	0.0
-872.0	70	0.0
-871.0	62	0.0
-870.0	63	0.0
-869.0	60	0.0
-868.0	53	0.0
-867.0	70	0.0
-866.0	70	0.0
-865.0	57	0.0
-864.0	57	0.0
-863.0	71	0.0
-862.0	58	0.0
-861.0	47	0.0
-860.0	55	0.0
-859.0	49	0.0
-858.0	69	0.0
-857.0	51	0.0
-856.0	64	0.0
-855.0	68	0.0
-854.0	41	0.0
-853.0	50	0.0
-852.0	57	0.0
-851.0	53	0.0
-850.0	50	0.0
-849.0	60	0.0
-848.0	64	0.0
-847.0	55	0.0
-846.0	41	0.0
-845.0	75	0.0
-844.0	61	0.0
-843.0	68	0.0
-842.0	72	0.0
-841.0	50	0.0
-840.0	55	0.0
-839.0	48	0.0
-838.0	68	0.0
-837.0	53	0.0
-836.0	46	0.0
-835.0	69	0.0
-834.0	50	0.0
-833.0	57	0.0
-832.0	65	0.0
-831.0	61	0.0
-830.0	54	0.0
-829.0	51	0.0
-828.0	64	0.0
-827.0	58	0.0
-826.0	74	0.0
-825.0	46	0.0
-824.0	59	0.0
-823.0	53	0.0
-822.0	78	0.0
-821.0	58	0.0
-820.0	65	0.0
-819.0	48	0.0
-818.0	61	0.0
-817.0	51	0.0
-816.0	54	0.0
-815.0	54	0.0
-814.0	61	0.0
-813.0	61	0.0
-812.0	61	0.0
-811.0	64	0.0
-810.0	59	0.0
-809.0	63	0.0
-808.0	71	0.0
-807.0	58	0.0
-806.0	51	0.0
-805.0	54	0.0
-804.0	56	0.0
-803.0	59	0.0
-802.0	64	0.0
-801.0	57	0.0
-800.0	49	0.0
-799.0	47	0.0
-798.0	58	0.0
-797.0	45	0.0
-796.0	52	0.0
-795.0	68	0.0
-794.0	59	0.0
-793.0	59	0.0
-792.0	48	0.0
-791.0	53	0.0
-790.0	60	0.0
-789.0	68	0.0
-788.0	58	0.0
-787.0	70	0.0
-786.0	67	0.0
-785.0	50	0.0
-784.0	61	0.0
-783.0	53	0.0
-782.0	50	0.0
-781.0	72	0.0
-780.0	71	0.0
-779.0	46	0.0
-778.0	58	0.0
-777.0	53	0.0
-776.0	50	0.0
-775.0	52	0.0
-774.0	59	0.0
-773.0	67	0.0
-772.0	70	0.0
-771.0	57	0.0
-770.0	74	0.0
-769.0	52	0.0
-768.0	54	0.0
-767.0	68	0.0
-766.0	59	0.0
-765.0	69	0.0
-764.0	78	0.0
-763.0	61	0.0
-762.0	60	0.0
-761.0	71	0.0
-760.0	66	0.0
-759.0	54	0.0
-758.0	71	0.0
-757.0	71	0.0
-756.0	58	0.0
-755.0	59	0.0
-754.0	56	0.0
-753.0	57	0.0
-752.0	59	0.0
-751.0	63	0.0
-750.0	63	0.0
-749.0	48	0.0
-748.0	58	0.0
-747.0	57	0.0
-746.0	68	0.0
-745.0	58	0.0
-744.0	77	0.0
-743.0	59	0.0
-742.0	59	0.0
-741.0	49	0.0
-740.0	62	0.0
-739.0	73	0.0
-738.0	52	0.0
-737.0	67	0.0
-736.0	55	0.0
-735.0	57	0.0
-734.0	60	0.0
-733.0	45	0.0
-732.0	52	0.0
-731.0	60	0.0
-730.0	56	0.0
-729.0	61	0.0
-728.0	51	0.0
-727.0	70	0.0
-726.0	57	0.0
-725.0	60	0.0
-724.0	76	0.0
-723.0	57	0.0
-722.0	66	0.0
-721.0	62	0.0
-720.0	56	0.0
-719.0	58	0.0
-718.0	49	0.0
-717.0	60	0.0
-716.0	43	0.0
-715.0	59	0.0
-714.0	52	0.0
-713.0	59	0.0
-712.0	47	0.0
-711.0	58	0.0
-710.0	61	0.0
-709.0	59	0.0
-708.0	65	0.0
-707.0	60	0.0
-706.0	54	0.0
-705.0	46	0.0
-704.0	51	0.0
-703.0	65	0.0
-702.0	65	0.0
-701.0	57	0.0
-700.0	54	0.0
-699.0	54	0.0
-698.0	64	0.0
-697.0	53	0.0
-696.0	63	0.0
-695.0	57	0.0
-694.0	51	0.0
-693.0	64	0.0
-692.0	61	0.0
-691.0	61	0.0
-690.0	67	0.0
-689.0	51	0.0
-688.0	55	0.0
-687.0	54	0.0
-686.0	58	0.0
-685.0	69	0.0
-684.0	54	0.0
-683.0	68	0.0
-682.0	57	0.0
-681.0	61	0.0
-680.0	62	0.0
-679.0	68	0.0
-678.0	60	0.0
-677.0	60	0.0
-676.0	43	0.0
-675.0	61	0.0
-674.0	62	0.0
-673.0	70	0.0
-672.0	45	0.0
-671.0	50	0.0
-670.0	59	0.0
-669.0	68	0.0
-668.0	52	0.0
-667.0	70	0.0
-666.0	65	0.0
-665.0	61	0.0
-664.0	42	0.0
-663.0	49	0.0
-662.0	59	0.0
-661.0	54	0.0
-660.0	44	0.0
-659.0	56	0.0
-658.0	57	0.0
-657.0	60	0.0
-656.0	53	0.0
-655.0	54	0.0
-654.0	44	0.0
-653.0	65	0.0
-652.0	55	0.0
-651.0	61	0.0
-650.0	64	0.0
-649.0	53	0.0
-648.0	61	0.0
-647.0	65	0.0
-646.0	49	0.0
-645.0	71	0.0
-644.0	48	0.0
-643.0	48	0.0
-642.0	49	0.0
-641.0	63	0.0
-640.0	51	0.0
-639.0	50	0.0
-638.0	61	0.0
-637.0	63	0.0
-636.0	52	0.0
-635.0	66	0.0
-634.0	71	0.0
-633.0	59	0.0
-632.0	57	0.0
-631.0	65	0.0
-630.0	63	0.0
-629.0	50	0.0
-628.0	56	0.0
-627.0	58	0.0
-626.0	66	0.0
-625.0	62	0.0
-624.0	62	0.0
-623.0	48	0.0
-622.0	57	0.0
-621.0	48	0.0
-620.0	56	0.0
-619.0	53	0.0
-618.0	54	0.0
-617.0	48	0.0
-616.0	71	0.0
-615.0	61	0.0
-614.0	59	0.0
-613.0	61	0.0
-612.0	50	0.0
-611.0	70	0.0
-610.0	71	0.0
-609.0	63	0.0
-608.0	52	0.0
-607.0	57	0.0
-606.0	63	0.0
-605.0	62	0.0
-604.0	49	0.0
-603.0	54	0.0
-602.0	59	0.0
-601.0	65	0.0
-600.0	63	0.0
-599.0	44	0.0
-598.0	54	0.0
-597.0	55	0.0
-596.0	63	0.0
-595.0	68	0.0
-594.0	71	0.0
-593.0	61	0.0
-592.0	68	0.0
-591.0	57	0.0
-590.0	35	0.0
-589.0	61	0.0
-588.0	47	0.0
-587.0	49	0.0
-586.0	54	0.0
-585.0	60	0.0
-584.0	49	0.0
-583.0	68	0.0
-582.0	64	0.0
-581.0	60	0.0
-580.0	72	0.0
-579.0	68	0.0
-578.0	53	0.0
-577.0	59	0.0
-576.0	55	0.0
-575.0	66	0.0
-574.0	61	0.0
-573.0	68	0.0
-572.0	68	0.0
-571.0	63	0.0
-570.0	58	0.0
-569.0	53	0.0
-568.0	58	0.0
-567.0	55	0.0
-566.0	68	0.0
-565.0	72	0.0
-564.0	59	0.0
-563.0	53	0.0
-562.0	45	0.0
-561.0	63	0.0
-560.0	54	0.0
-559.0	54	0.0
-558.0	50	0.0
-557.0	55	0.0
-556.0	49	0.0
-555.0	66	0.0
-554.0	63	0.0
-553.0	64	0.0
-552.0	53	0.0
-551.0	68	0.0
-550.0	61	0.0
-549.0	59	0.0
-548.0	63	0.0
-547.0	52	0.0
-546.0	44	0.0
-545.0	60	0.0
-544.0	58	0.0
-543.0	64	0.0
-542.0	58	0.0
-541.0	55	0.0
-540.0	77	0.0
-539.0	62	0.0
-538.0	63	0.0
-537.0	60	0.0
-536.0	53	0.0
-535.0	78	0.0
-534.0	51	0.0
-533.0	73	0.0
-532.0	50	0.0
-531.0	52	0.0
-530.0	50	0.0
-529.0	50	0.0
-528.0	57	0.0
-527.0	52	0.0
-526.0	78	0.0
-525.0	61	0.0
-524.0	55	0.0
-523.0	75	0.0
-522.0	42	0.0
-521.0	58	0.0
-520.0	53	0.0
-519.0	58	0.0
-518.0	50	0.0
-517.0	71	0.0
-516.0	79	0.0
-515.0	57	0.0
-514.0	53	0.0
-513.0	69	0.0
-512.0	50	0.0
-511.0	64	0.0
-510.0	56	0.0
-509.0	55	0.0
-508.0	53	0.0
-507.0	50	0.0
-506.0	56	0.0
-505.0	83	0.0
-504.0	67	0.0
-503.0	57	0.0
-502.0	57	0.0
-501.0	51	0.0
-500.0	76	0.0
-499.0	41	0.0
-498.0	54	0.0
-497.0	68	0.0
-496.0	73	0.0
-495.0	56	0.0
-494.0	45	0.0
-493.0	45	0.0
-492.0	56	0.0
-491.0	47	0.0
-490.0	50	0.0
-489.0	55	0.0
-488.0	53	0.0
-487.0	59	0.0
-486.0	57	0.0
-485.0	51	0.0
-484.0	58	0.0
-483.0	48	0.0
-482.0	49	0.0
-481.0	48	0.0
-480.0	69	0.0
-479.0	64	0.0
-478.0	47	0.0
-477.0	55	0.0
-476.0	52	0.0
-475.0	74	0.0
-474.0	74	0.0
-473.0	61	0.0
-472.0	54	0.0
-471.0	42	0.0
-470.0	59	0.0
-469.0	54	0.0
-468.0	63	0.0
-467.0	65	0.0
-466.0	69	0.0
-465.0	66	0.0
-464.0	48	0.0
-463.0	63	0.0
-462.0	45	0.0
-461.0	70	0.0
-460.0	59	0.0
-459.0	55	0.0
-458.0	51	0.0
-457.0	59	0.0
-456.0	50	0.0
-455.0	56	0.0
-454.0	44	0.0
-453.0	58	0.0
-452.0	58	0.0
-451.0	73	0.0
-450.0	60	0.0
-449.0	62	0.0
-448.0	58	0.0
-447.0	59	0.0
-446.0	59	0.0
-445.0	57	0.0
-444.0	60	0.0
-443.0	57	0.0
-442.0	58	0.0
-441.0	54	0.0
-440.0	55	0.0
-439.0	59	0.0
-438.0	70	0.0
-437.0	60	0.0
-436.0	62	0.0
-435.0	65	0.0
-434.0	57	0.0
-433.0	52	0.0
-432.0	52	0.0
-431.0	78	0.0
-430.0	59	0.0
-429.0	52	0.0
-428.0	46	0.0
-427.0	51	0.0
-426.0	53	0.0
-425.0	64	0.0
-424.0	51	0.0
-423.0	55	0.0
-422.0	55	0.0
-421.0	62	0.0
-420.0	61	0.0
-419.0	55	0.0
-418.0	59	0.0
-417.0	64	0.0
-416.0	55	0.0
-415.0	49	0.0
-414.0	56	0.0
-413.0	62	0.0
-412.0	62	0.0
-411.0	60	0.0
-410.0	67	0.0
-409.0	44	0.0
-408.0	53	0.0
-407.0	64	0.0
-406.0	49	0.0
-405.0	52	0.0
-404.0	52	0.0
-403.0	49	0.0
-402.0	58	0.0
-401.0	58	0.0
-400.0	57	0.0
-399.0	71	0.0
-398.0	62	0.0
-397.0	54	0.0
-396.0	60	0.0
-395.0	62	0.0
-394.0	52	0.0
-393.0	56	0.0
-392.0	49	0.0
-391.0	72	0.0
-390.0	60	0.0
-389.0	67	0.0
-388.0	64	0.0
-387.0	62	0.0
-386.0	65	0.0
-385.0	60	0.0
-384.0	59	0.0
-383.0	58	0.0
-382.0	55	0.0
-381.0	60	0.0
-380.0	51	0.0
-379.0	60	0.0
-378.0	60	0.0
-377.0	58	0.0
-376.0	68	0.0
-375.0	48	0.0
-374.0	56	0.0
-373.0	60	0.0
-372.0	76	0.0
-371.0	46	0.0
-370.0	56	0.0
-369.0	50	0.0
-368.0	58	0.0
-367.0	52	0.0
-366.0	59	0.0
-365.0	62	0.0
-364.0	48	0.0
-363.0	56	0.0
-362.0	53	0.0
-361.0	57	0.0
-360.0	68	0.0
-359.0	51	0.0
-358.0	58	0.0
-357.0	55	0.0
-356.0	61	0.0
-355.0	49	0.0
-354.0	60	0.0
-353.0	55	0.0
-352.0	67	0.0
-351.0	41	0.0
-350.0	52	0.0
-349.0	75	0.0
-348.0	58	0.0
-347.0	53	0.0
-346.0	65	0.0
-345.0	54	0.0
-344.0	59	0.0
-343.0	64	0.0
-342.0	55	0.0
-341.0	48	0.0
-340.0	48	0.0
-339.0	58	0.0
-338.0	57	0.0
-337.0	54	0.0
-336.0	66	0.0
-335.0	51	0.0
-334.0	47	0.0
-333.0	61	0.0
-332.0	54	0.0
-331.0	55	0.0
-330.0	55	0.0
-329.0	51	0.0
-328.0	41	0.0
-327.0	57	0.0
-326.0	57	0.0
-325.0	49	0.0
-324.0	44	0.0
-323.0	57	0.0
-322.0	73	0.0
-321.0	46	0.0
-320.0	58	0.0
-319.0	49	0.0
-318.0	66	0.0
-317.0	58	0.0
-316.0	66	0.0
-315.0	61	0.0
-314.0	54	0.0
-313.0	59	0.0
-312.0	71	0.0
-311.0	55	0.0
-310.0	51	0.0
-309.0	44	0.0
-308.0	48	0.0
-307.0	62	0.0
-306.0	41	0.0
-305.0	66	0.0
-304.0	54	0.0
-303.0	64	0.0
-302.0	67	0.0
-301.0	50	0.0
-300.0	65	0.0
-299.0	63	0.0
-298.0	68	0.0
-297.0	73	0.0
-296.0	64	0.0
-295.0	60	0.0
-294.0	57	0.0
-293.0	60	0.0
-292.0	70	0.0
-291.0	60	0.0
-290.0	58	0.0
-289.0	62	0.0
-288.0	51	0.0
-287.0	70	0.0
-286.0	62	0.0
-285.0	59	0.0
-284.0	57	0.0
-283.0	56	0.0
-282.0	52	0.0
-281.0	51	0.0
-280.0	56	0.0
-279.0	45	0.0
-278.0	60	0.0
-277.0	61	0.0
-276.0	62	0.0
-275.0	63	0.0
-274.0	54	0.0
-273.0	66	0.0
-272.0	48	0.0
-271.0	50	0.0
-270.0	55	0.0
-269.0	49	0.0
-268.0	57	0.0
-267.0	63	0.0
-266.0	57	0.0
-265.0	63	0.0
-264.0	55	0.0
-263.0	62	0.0
-262.0	66	0.0
-261.0	51	0.0
-260.0	65	0.0
-259.0	49	0.0
-258.0	48	0.0
-257.0	74	0.0
-256.0	63	0.0
-255.0	53	0.0
-254.0	50	0.0
-253.0	68	0.0
-252.0	56	0.0
-251.0	54	0.0
-250.0	76	0.0
-249.0	56	0.0
-248.0	65	0.0
-247.0	54	0.0
-246.0	54	0.0
-245.0	58	0.0
-244.0	59	0.0
-243.0	53	0.0
-242.0	61	0.0
-241.0	61	0.0
-240.0	48	0.0
-239.0	75	0.0
-238.0	67	0.0
-237.0	54	0.0
-236.0	58	0.0
-235.0	61	0.0
-234.0	60	0.0
-233.0	57	0.0
-232.0	78	0.0
-231.0	47	0.0
-230.0	61	0.0
-229.0	55	0.0
-228.0	50	0.0
-227.0	69	0.0
-226.0	56	0.0
-225.0	56	0.0
-224.0	65	0.0
-223.0	46	0.0
-222.0	66	0.0
-221.0	61	0.0
-220.0	53	0.0
-219.0	65	0.0
-218.0	54	0.0
-217.0	59	0.0
-216.0	54	0.0
-215.0	48	0.0
-214.0	59	0.0
-213.0	65	0.0
-212.0	53	0.0
-211.0	58	0.0
-210.0	56	0.0
-209.0	63	0.0
-208.0	63	0.0
-207.0	52	0.0
-206.0	59	0.0
-205.0	52	0.0
-204.0	56	0.0
-203.0	55	0.0
-202.0	51	0.0
-201.0	57	0.0
-200.0	56	0.0
-199.0	59	0.0
-198.0	48	0.0
-197.0	60	0.0
-196.0	58	0.0
-195.0	52	0.0
-194.0	51	0.0
-193.0	60	0.0
-192.0	58	0.0
-191.0	58	0.0
-190.0	61	0.0
-189.0	48	0.0
-188.0	68	0.0
-187.0	56	0.0
-186.0	61	0.0
-185.0	66	0.0
-184.0	64	0.0
-183.0	57	0.0
-182.0	76	0.0
-181.0	63	0.0
-180.0	73	0.0
-179.0	60	0.0
-178.0	51	0.0
-177.0	53	0.0
-176.0	50	0.0
-175.0	54	0.0
-174.0	65	0.0
-173.0	59	0.0
-172.0	48	0.0
-171.0	55	0.0
-170.0	54	0.0
-169.0	66	0.0
-168.0	76	0.0
-167.0	68	0.0
-166.0	62	0.0
-165.0	61	0.0
-164.0	71	0.0
-163.0	62	0.0
-162.0	49	0.0
-161.0	59	0.0
-160.0	51	0.0
-159.0	53	0.0
-158.0	56	0.0
-157.0	64	0.0
-156.0	52	0.0
-155.0	49	0.0
-154.0	56	0.0
-153.0	61	0.0
-152.0	69	0.0
-151.0	68	0.0
-150.0	58	0.0
-149.0	70	0.0
-148.0	43	0.0
-147.0	54	0.0
-146.0	67	0.0
-145.0	63	0.0
-144.0	69	0.0
-143.0	61	0.0
-142.0	53	0.0
-141.0	50	0.0
-140.0	58	0.0
-139.0	64	0.0
-138.0	51	0.0
-137.0	61	0.0
-136.0	64	0.0
-135.0	61	0.0
-134.0	54	0.0
-133.0	58	0.0
-132.0	50	0.0
-131.0	54	0.0
-130.0	59	0.0
-129.0	70	0.0
-128.0	60	0.0
-127.0	57	0.0
-126.0	68	0.0
-125.0	61	0.0
-124.0	59	0.0
-123.0	63	0.0
-122.0	50	0.0
-121.0	60	0.0
-120.0	68	0.0
-119.0	62	0.0
-118.0	59	0.0
-117.0	60	0.0
-116.0	69	0.0
-115.0	73	0.0
-114.0	61	0.0
-113.0	66	0.0
-112.0	45	0.0
-111.0	65	0.0
-110.0	69	0.0
-109.0	62	0.0
-108.0	52	0.0
-107.0	59	0.0
-106.0	54	0.0
-105.0	59	0.0
-104.0	60	0.0
-103.0	58	0.0
-102.0	66	0.0
-101.0	65	0.0
-100.0	67	0.0
-99.0	58	0.0
-98.0	60	0.0
-97.0	64	0.0
-96.0	69	0.0
-95.0	45	0.0
-94.0	50	0.0
-93.0	52	0.0
-92.0	63	0.0
-91.0	58	0.0
-90.0	49	0.0
-89.0	75	0.0
-88.0	51	0.0
-87.0	70	0.0
-86.0	68	0.0
-85.0	62	0.0
-84.0	54	0.0
-83.0	80	0.0
-82.0	64	0.0
-81.0	69	0.0
-80.0	55	0.0
-79.0	69	0.0
-78.0	54	0.0
-77.0	54	0.0
-76.0	66	0.0
-75.0	71	0.0
-74.0	49	0.0
-73.0	63	0.0
-72.0	46	0.0
-71.0	66	0.0
-70.0	70	0.0
-69.0	63	0.0
-68.0	52	0.0
-67.0	65	0.0
-66.0	70	0.0
-65.0	72	0.0
-64.0	51	0.0
-63.0	71	0.0
-62.0	50	0.0
-61.0	49	0.0
-60.0	47	0.0
-59.0	39	0.0
-58.0	54	0.0
-57.0	63	0.0
-56.0	62	0.0
-55.0	64	0.0
-54.0	66	0.0
-53.0	42	0.0
-52.0	63	0.0
-51.0	71	0.0
-50.0	62	0.0
-49.0	66	0.0
-48.0	63	0.0
-47.0	57	0.0
-46.0	58	0.0
-45.0	58	0.0
-44.0	61	0.0
-43.0	60	0.0
-42.0	64	0.0
-41.0	55	0.0
-40.0	55	0.0
-39.0	71	0.0
-38.0	53	0.0
-37.0	67	0.0
-36.0	66	0.0
-35.0	48	0.0
-34.0	62	0.0
-33.0	51	0.0
-32.0	49	0.0
-31.0	69	0.0
-30.0	68	0.0
-29.0	56	0.0
-28.0	60	0.0
-27.0	66	0.0
-26.0	65	0.0
-25.0	59	0.0
-24.0	55	0.0
-23.0	54	0.0
-22.0	54	0.0
-21.0	66	0.0
-20.0	66	0.0
-19.0	53	0.0
-18.0	64	0.0
-17.0	66	0.0
-16.0	69	0.0
-15.0	59	0.0
-14.0	52	0.0
-13.0	69	0.0
-12.0	56	0.0
-11.0	64	0.0
-10.0	55	0.0
-9.0	50	0.0
-8.0	57	0.0
-7.0	55	0.0
-6.0	47	0.0
-5.0	61	0.0
-4.0	54	0.0
-3.0	62	0.0
-2.0	58	0.0
-1.0	53	0.0
0.0	43	0.0
1.0	62	0.0
2.0	55	0.0
3.0	61	0.0
4.0	75	0.0
5.0	53	0.0
6.0	55	0.0
7.0	57	0.0
8.0	56	0.0
9.0	65	0.0
10.0	65	0.0
11.0	80	0.0
12.0	51	0.0
13.0	64	0.0
14.0	63	0.0
15.0	60	0.0
16.0	49	0.0
17.0	68	0.0
18.0	58	0.0
19.0	60	0.0
20.0	62	0.0
21.0	67	0.0
22.0	58	0.0
23.0	60	0.0
24.0	58	0.0
25.0	58	0.0
26.0	54	0.0
27.0	65	0.0
28.0	66	0.0
29.0	81	0.0
30.0	54	0.0
31.0	62	0.0
32.0	63	0.0
33.0	53	0.0
34.0	56	0.0
35.0	67	0.0
36.0	53	0.0
37.0	65	0.0
38.0	82	0.0
39.0	52	0.0
40.0	61	0.0
41.0	56	0.0
42.0	63	0.0
43.0	53	0.0
44.0	67	0.0
45.0	70	0.0
46.0	51	0.0
47.0	60	0.0
48.0	65	0.0
49.0	57	0.0
50.0	60	0.0
51.0	53	0.0
52.0	58	0.0
53.0	61	0.0
54.0	53	0.0
55.0	66	0.0
56.0	60	0.0
57.0	51	0.0
58.0	72	0.0
59.0	58	0.0
60.0	70	0.0
61.0	53	0.0
62.0	58	0.0
63.0	59	0.0
64.0	52	0.0
65.0	52	0.0
66.0	59	0.0
67.0	66	0.0
68.0	52	0.0
69.0	66	0.0
70.0	58	0.0
71.0	63	0.0
72.0	63	0.0
73.0	58	0.0
74.0	58	0.0
75.0	56	0.0
76.0	56	0.0
77.0	58	0.0
78.0	55	0.0
79.0	64	0.0
80.0	56	0.0
81.0	67	0.0
82.0	49	0.0
83.0	50	0.0
84.0	57	0.0
85.0	54	0.0
86.0	48	0.0
87.0	73	0.0
88.0	62	0.0
89.0	66	0.0
90.0	43	0.0
91.0	59	0.0
92.0	61	0.0
93.0	53	0.0
94.0	59	0.0
95.0	65	0.0
96.0	60	0.0
97.0	55	0.0
98.0	59	0.0
99.0	71	0.0
100.0	75	0.0
101.0	64	0.0
102.0	63	0.0
103.0	47	0.0
104.0	54	0.0
105.0	58	0.0
106.0	62	0.0
107.0	65	0.0
108.0	66	0.0
109.0	48	0.0
110.0	62	257.8173213385437
111.0	72	505.000165922634
112.0	51	741.997167574416
113.0	60	969.238018381049
114.0	57	1187.1342684528279
115.0	55	1396.080091913969
116.0	77	1596.4530205517922
117.0	66	1788.614646489796
118.0	72	1972.911295192499
119.0	58	2149.674670054754
120.0	73	2319.2224697751567
121.0	57	2481.8589796628175
122.0	58	2637.8756379779506
123.0	67	2787.551578360449
124.0	64	2931.154149356084
125.0	74	3068.93941200722
126.0	68	3201.1526164343186
127.0	74	3328.028658295208
128.0	83	3449.792515971686
129.0	56	3566.6596692972753
130.0	65	3678.8365006054382
131.0	68	3786.52067884473
132.0	67	3889.9015274758176
133.0	70	3989.1603768351542
134.0	67	4084.470901621143
135.0	73	4175.999444130971
136.0	59	4263.905323849648
137.0	72	4348.341133967683
138.0	65	4429.4530253790435
139.0	57	4507.380978688255
140.0	60	4582.259064732705
141.0	60	4654.215694105225
142.0	70	4723.373856141282
143.0	59	4789.851347815612
144.0	55	4853.76099297443
145.0	68	4915.210852311131
146.0	61	4974.3044244763805
147.0	74	5031.140838696993
148.0	71	5085.815039261918
149.0	71	5138.417962218944
150.0	56	5189.036704610835
151.0	79	5237.754686565971
152.0	75	5284.651806545186
153.0	78	5329.804590033757
154.0	55	5373.286331955284
155.0	59	5415.16723307256
156.0	64	5455.5145306293125
157.0	58	5494.392623475949
158.0	59	5531.863191912234
159.0	61	5567.985312469993
160.0	71	5602.815567849352
161.0	79	5636.408152213293
162.0	88	5668.814972036464
163.0	72	5700.085742695848
164.0	48	5730.268080983283
165.0	72	5759.407593711762
166.0	70	5787.547962580713
167.0	70	5814.73102545799
168.0	65	5840.996854229989
169.0	79	5866.383829364787
170.0	75	5890.9287113270075
171.0	86	5914.666708977425
172.0	81	5937.631545084592
173.0	73	5959.855519070422
174.0	68	5981.369567106459
175.0	50	6002.203319672821
176.0	57	6022.385156686834
177.0	74	6041.942260304037
178.0	71	6060.900665489783
179.0	70	6079.285308455603
180.0	75	6097.12007305048
181.0	84	6114.427835193398
182.0	65	6131.230505429807
183.0	54	6147.549069691292
184.0	60	6163.4036283342575
185.0	67	6178.813433530317
186.0	66	6193.796925077973
187.0	65	6208.371764702264
188.0	80	6222.554868906152
189.0	79	6236.362440434906
190.0	82	6249.809998411963
191.0	73	6262.912407202379
192.0	64	6275.683904057596
193.0	83	6288.138125593001
194.0	65	6300.288133147526
195.0	74	6312.146437072523
196.0	85	6323.725019995063
197.0	69	6335.035359099086
198.0	63	6346.088447465692
199.0	85	6356.8948145124705
200.0	57	6367.464545569798
201.0	75	6377.807300630597
202.0	73	6387.932332308405
203.0	74	6397.848503037247
204.0	72	6407.564301545287
205.0	67	6417.087858632879
206.0	64	6426.426962284507
207.0	74	6435.5890721425685
208.0	69	6444.581333370135
209.0	77	6453.410589928343
210.0	66	6462.0833972931805
211.0	82	6470.606034635346
212.0	61	6478.9845164858925
213.0	64	6487.224603909208
214.0	78	6495.331815204375
215.0	65	6503.311436154631
216.0	80	6511.16852984403
217.0	72	6518.907946059731
218.0	82	6526.534330297186
219.0	73	6534.052132385181
220.0	86	6541.465614746686
221.0	78	6548.778860310915
222.0	73	6555.995780091291
223.0	71	6563.120120443502
224.0	70	6570.155470017066
225.0	80	6577.105266413413
226.0	70	6583.972802562809
227.0	69	6590.761232832075
228.0	63	6597.473578874383
229.0	66	6604.112735232102
230.0	72	6610.681474703026
231.0	67	6617.1824534801035
232.0	69	6623.618216074066
233.0	71	6629.991200028251
234.0	64	6636.303740434406
235.0	65	6642.558074257744
236.0	66	6648.756344479398
237.0	75	6654.900604064039
238.0	75	6660.992819759885
239.0	59	6667.034875738332
240.0	66	6673.028577079856
241.0	78	6678.9756531127805
242.0	76	6684.877760611052
243.0	72	6690.736486856966
244.0	67	6696.553352574668
245.0	68	6702.329814739679
246.0	76	6708.06726926991
247.0	61	6713.767053602947
248.0	71	6719.430449164602
249.0	65	6725.058683733221
250.0	79	6730.652933704098
251.0	72	6736.214326258395
252.0	71	6741.743941440366
253.0	71	6747.242814146977
254.0	54	6752.711936033453
255.0	79	6758.152257338391
256.0	54	6763.564688631834
257.0	63	6768.950102489491
258.0	85	6774.3093350963045
259.0	65	6779.643187782327
260.0	75	6784.952428493661
261.0	84	6790.2377932014315
262.0	69	6795.499987251127
263.0	92	6800.739686655107
264.0	77	6805.957539330381
265.0	83	6811.154166284281
266.0	78	6816.330162749973
267.0	72	6821.486099274042
268.0	70	6826.622522758206
269.0	86	6831.739957456975
270.0	83	6836.838905933247
271.0	75	6841.9198499734985
272.0	71	6846.9832514644295
273.0	80	6852.02955323246
274.0	82	6857.059179847925
275.0	91	6862.072538395172
276.0	68	6867.070019210302
277.0	57	6872.051996587607
278.0	61	6877.018829456279
279.0	85	6881.970862028515
280.0	71	6886.908424420287
281.0	66	6891.831833245821
282.0	72	6896.741392187105
283.0	76	6901.637392539211
284.0	72	6906.520113732719
285.0	83	6911.389823833992
286.0	72	6916.246780024371
287.0	80	6921.091229059148
288.0	70	6925.923407707105
289.0	88	6930.743543171569
290.0	80	6935.551853493655
291.0	61	6940.348547938451
292.0	66	6945.133827364972
293.0	76	6949.907884580406
294.0	77	6954.6709046795095
295.0	66	6959.4230653695495
296.0	72	6964.164537281657
297.0	83	6968.895484268901
298.0	73	6973.616063691912
299.0	87	6978.326426692335
300.0	50	6983.026718454826
301.0	61	6987.717078457887
302.0	59	6992.397640714228
303.0	84	6997.068534000885
304.0	72	7001.729882079665
305.0	59	7006.381803908316
306.0	82	7011.024413842688
307.0	63	7015.657821830438
308.0	79	7020.282133596549
309.0	51	7024.897450820998
310.0	70	7029.5038713089125
311.0	68	7034.1014891535815
312.0	62	7038.690394892523
313.0	69	7043.27067565706
314.0	80	7047.842415315461
315.0	83	7052.405694610152
316.0	73	7056.960591289058
317.0	75	7061.507180231418
318.0	62	7066.045533568333
319.0	76	7070.575720798137
320.0	79	7075.097808896985
321.0	64	7079.611862424742
322.0	66	7084.117943626363
323.0	86	7088.616112529056
324.0	78	7093.106427035314
325.0	78	7097.588943011975
326.0	83	7102.063714375657
327.0	79	7106.530793174396
328.0	49	7110.990229666001
329.0	67	7115.442072393042
330.0	67	7119.88636825464
331.0	72	7124.32316257526
332.0	75	7128.752499170616
333.0	64	7133.174420410779
334.0	66	7137.588967280588
335.0	76	7141.996179437567
336.0	76	7146.396095267355
337.0	74	7150.788751936836
338.0	90	7155.174185444963
339.0	62	7159.552430671523
340.0	71	7163.923521423771
341.0	71	7168.287490481117
342.0	62	7172.644369637963
343.0	89	7176.9941897446715
344.0	69	7181.336980746841
345.0	80	7185.672771722941
346.0	67	7190.0015909203175
347.0	70	7194.323465789698
348.0	70	7198.638423018247
349.0	88	7202.946488561209
350.0	67	7207.247687672249
351.0	85	7211.542044932479
352.0	65	7215.8295842782445
353.0	70	7220.110329027829
354.0	62	7224.384301906923
355.0	77	7228.651525073053
356.0	81	7232.9120201390415
357.0	75	7237.165808195392
358.0	74	7241.412909831761
359.0	79	7245.653345157547
360.0	83	7249.887133821586
361.0	77	7254.114295031015
362.0	72	7258.334847569367
363.0	72	7262.548809813854
364.0	66	7266.756199751968
365.0	93	7270.957034997369
366.0	84	7275.151332805084
367.0	70	7279.339110086087
368.0	77	7283.520383421271
369.0	68	7287.695169074772
370.0	67	7291.863483006824
371.0	77	7296.025340885999
372.0	62	7300.180758100971
373.0	75	7304.329749771747
374.0	61	7308.472330760452
375.0	71	7312.608515681692
376.0	82	7316.738318912367
377.0	59	7320.861754601219
378.0	89	7324.978836677868
379.0	85	7329.089578861504
380.0	67	7333.193994669233
381.0	64	7337.29209742402
382.0	91	7341.383900262349
383.0	68	7345.469416141556
384.0	63	7349.548657846782
385.0	78	7353.621637997753
386.0	77	7357.68836905517
387.0	79	7361.748863326871
388.0	64	7365.803132973748
389.0	56	7369.8511900154035
390.0	69	7373.89304633554
391.0	86	7377.928713687154
392.0	75	7381.9582036975435
393.0	67	7385.981527873009
394.0	62	7389.998697603443
395.0	87	7394.009724166721
396.0	71	7398.014618732816
397.0	75	7402.013392367906
398.0	70	7406.00605603811
399.0	81	7409.992620613252
400.0	75	7413.973096870328
401.0	75	7417.9474954969155
402.0	93	7421.915827094397
403.0	86	7425.87810218105
404.0	94	7429.83433119503
405.0	72	7433.784524497199
406.0	59	7437.728692373886
407.0	76	7441.666845039429
408.0	72	7445.598992638754
409.0	74	7449.52514524972
410.0	65	7453.445312885441
411.0	74	7457.359505496459
412.0	79	7461.267732972882
413.0	75	7465.170005146387
414.0	65	7469.066331792141
415.0	63	7472.956722630706
416.0	73	7476.84118732975
417.0	59	7480.719735505784
418.0	81	7484.592376725815
419.0	64	7488.459120508857
420.0	59	7492.319976327468
421.0	67	7496.174953609163
422.0	75	7500.024061737821
423.0	77	7503.867310054952
424.0	72	7507.704707861022
425.0	84	7511.5362644166225
426.0	85	7515.361988943626
427.0	69	7519.181890626326
428.0	68	7522.9959786124955
429.0	67	7526.804262014403
430.0	72	7530.606749909775
431.0	84	7534.403451342782
432.0	73	7538.19437532488
433.0	76	7541.979530835727
434.0	73	7545.758926823979
435.0	84	7549.5325722080825
436.0	73	7553.300475877044
437.0	84	7557.062646691166
438.0	68	7560.819093482721
439.0	53	7564.569825056667
440.0	73	7568.314850191223
441.0	67	7572.054177638549
442.0	63	7575.787816125307
443.0	68	7579.515774353225
444.0	70	7583.238060999647
445.0	65	7586.954684718066
446.0	63	7590.665654138594
447.0	76	7594.3709778684915
448.0	91	7598.07066449257
449.0	70	7601.764722573658
450.0	83	7605.453160653053
451.0	74	7609.135987250877
452.0	69	7612.813210866502
453.0	68	7616.484839978926
454.0	75	7620.1508830470975
455.0	54	7623.811348510296
456.0	55	7627.466244788456
457.0	64	7631.115580282471
458.0	78	7634.759363374513
459.0	67	7638.397602428307
460.0	78	7642.03030578944
461.0	79	7645.657481785614
462.0	67	7649.279138726894
463.0	71	7652.895284906002
464.0	64	7656.50592859848
465.0	80	7660.111078063006
466.0	78	7663.710741541557
467.0	64	7667.304927259651
468.0	69	7670.893643426519
469.0	78	7674.476898235348
470.0	66	7678.054699863413
471.0	62	7681.627056472332
472.0	64	7685.193976208162
473.0	66	7688.755467201612
474.0	59	7692.31153756821
475.0	56	7695.862195408428
476.0	82	7699.407448807861
477.0	51	7702.9473058373615
478.0	85	7706.481774553144
479.0	69	7710.010862996979
480.0	103	7713.5345791962945
481.0	63	7717.0529311642895
482.0	78	7720.565926900052
483.0	62	7724.073574388692
484.0	78	7727.575881601457
485.0	74	7731.072856495803
486.0	87	7734.564507015536
487.0	55	7738.050841090888
488.0	60	7741.531866638636
489.0	85	7745.00759156216
490.0	63	7748.478023751565
491.0	99	7751.943171083749
492.0	61	7755.403041422503
493.0	75	7758.857642618563
494.0	95	7762.30698250973
495.0	72	7765.751068920896
496.0	58	7769.189909664153
497.0	70	7772.623512538859
498.0	82	7776.051885331699
499.0	61	7779.475035816724
500.0	75	7782.892971755491
501.0	83	7786.305700897033
502.0	70	7789.713230977992
503.0	81	7793.115569722617
504.0	66	7796.512724842889
505.0	62	7799.904704038511
506.0	70	7803.291514996998
507.0	62	7806.67316539371
508.0	77	7810.049662891916
509.0	77	7813.421015142838
510.0	71	7816.787229785706
511.0	53	7820.148314447763
512.0	70	7823.504276744387
513.0	71	7826.855124279052
514.0	69	7830.20086464343
515.0	102	7833.541505417392
516.0	63	7836.877054169083
517.0	78	7840.207518454933
518.0	77	7843.532905819703
519.0	77	7846.853223796546
520.0	90	7850.168479907002
521.0	72	7853.478681661055
522.0	61	7856.783836557185
523.0	88	7860.083952082354
524.0	76	7863.3790357121
525.0	66	7866.669094910523
526.0	70	7869.954137130321
527.0	103	7873.2341698128575
528.0	77	7876.50920038814
529.0	67	7879.779236274898
530.0	66	7883.044284880572
531.0	74	7886.304353601374
532.0	78	7889.559449822281
533.0	70	7892.80958091712
534.0	69	7896.054754248515
535.0	83	7899.294977167983
536.0	67	7902.5302570159365
537.0	78	7905.760601121683
538.0	75	7908.9860168034975
539.0	75	7912.206511368612
540.0	73	7915.422092113244
541.0	64	7918.632766322651
542.0	72	7921.838541271103
543.0	70	7925.039424221946
544.0	76	7928.235422427623
545.0	81	7931.426543129679
546.0	65	7934.612793558774
547.0	57	7937.794180934747
548.0	69	7940.970712466592
549.0	84	7944.1423953525245
550.0	69	7947.30923677994
551.0	62	7950.4712439255245
552.0	65	7953.628423955173
553.0	80	7956.78078402409
554.0	71	7959.928331276786
555.0	81	7963.071072847065
556.0	83	7966.209015858085
557.0	63	7969.342167422378
558.0	75	7972.470534641845
559.0	79	7975.594124607778
560.0	83	7978.7129444009
561.0	80	7981.827001091361
562.0	63	7984.93630173877
563.0	63	7988.04085339221
564.0	72	7991.140663090273
565.0	83	7994.235737861038
566.0	65	7997.326084722118
567.0	77	8000.411710680687
568.0	66	8003.492622733474
569.0	71	8006.568827866786
570.0	64	8009.64033305655
571.0	67	8012.707145268298
572.0	61	8015.769271457188
573.0	69	8018.826718568043
574.0	75	8021.879493535363
575.0	70	8024.927603283323
576.0	69	8027.9710547258055
577.0	76	8031.0098547664065
578.0	83	8034.044010298486
579.0	57	8037.073528205129
580.0	75	8040.098415359199
581.0	77	8043.11867862336
582.0	91	8046.134324850068
583.0	87	8049.145360881591
584.0	72	8052.151793550066
585.0	74	8055.153629677452
586.0	78	8058.150876075589
587.0	69	8061.143539546207
588.0	74	8064.131626880915
589.0	72	8067.1151448612645
590.0	86	8070.094100258736
591.0	78	8073.068499834739
592.0	57	8076.038350340685
593.0	62	8079.003658517917
594.0	72	8081.964431097821
595.0	87	8084.920674801752
596.0	70	8087.872396341127
597.0	63	8090.819602417398
598.0	65	8093.762299722048
599.0	65	8096.700494936666
600.0	89	8099.6341947329165
601.0	67	8102.563405772563
602.0	77	8105.488134707498
603.0	70	8108.4083881797405
604.0	65	8111.324172821466
605.0	72	8114.235495254996
606.0	64	8117.142362092864
607.0	71	8120.044779937763
608.0	68	8122.94275538262
609.0	78	8125.836295010572
610.0	80	8128.725405395011
611.0	66	8131.610093099557
612.0	98	8134.490364678132
613.0	81	8137.366226674914
614.0	76	8140.237685624383
615.0	63	8143.104748051348
616.0	80	8145.96742047093
617.0	74	8148.825709388601
618.0	70	8151.679621300191
619.0	67	8154.5291626918815
620.0	77	8157.374340040273
621.0	74	8160.215159812336
622.0	66	8163.051628465471
623.0	67	8165.883752447516
624.0	93	8168.711538196723
625.0	68	8171.534992141836
626.0	71	8174.354120702045
627.0	76	8177.168930287045
628.0	77	8179.979427297021
629.0	68	8182.785618122684
630.0	70	8185.587509145257
631.0	78	8188.385106736518
632.0	80	8191.178417258808
633.0	64	8193.967447065026
634.0	72	8196.752202498667
635.0	72	8199.532689893824
636.0	90	8202.3089155752
637.0	64	8205.080885858133
638.0	80	8207.848607048594
639.0	76	8210.612085443212
640.0	72	8213.371327329301
641.0	74	8216.126338984843
642.0	65	8218.877126678524
643.0	87	8221.623696669732
644.0	86	8224.366055208586
645.0	70	8227.104208535962
646.0	64	8229.838162883461
647.0	69	8232.567924473477
648.0	77	8235.293499519155
649.0	80	8238.014894224467
650.0	66	8240.732114784163
651.0	80	8243.445167383841
652.0	74	8246.154058199909
653.0	97	8248.858793399653
654.0	57	8251.559379141201
655.0	70	8254.25582157356
656.0	72	8256.948126836627
657.0	75	8259.63630106122
658.0	76	8262.320350369046
659.0	69	8265.000280872757
660.0	60	8267.676098675947
661.0	56	8270.347809873178
662.0	62	8273.01542054996
663.0	56	8275.678936782811
664.0	59	8278.33836463924
665.0	72	8280.993710177743
666.0	76	8283.644979447876
667.0	79	8286.292178490221
668.0	53	8288.935313336395
669.0	69	8291.574390009104
670.0	71	8294.209414522105
671.0	79	8296.84039288027
672.0	73	8299.467331079564
673.0	65	8302.090235107069
674.0	68	8304.709110941005
675.0	84	8307.323964550718
676.0	63	8309.934801896736
677.0	85	8312.541628930729
678.0	81	8315.144451595583
679.0	58	8317.743275825338
680.0	66	8320.338107545283
681.0	63	8322.928952671908
682.0	62	8325.515817112944
683.0	75	8328.098706767376
684.0	70	8330.677627525421
685.0	71	8333.252585268616
686.0	70	8335.823585869754
687.0	75	8338.390635192927
688.0	69	8340.953739093558
689.0	79	8343.512903418386
690.0	83	8346.068134005493
691.0	83	8348.61943668429
692.0	72	8351.166817275589
693.0	82	8353.710281591557
694.0	78	8356.249835435745
695.0	73	8358.785484603126
696.0	74	8361.317234880076
697.0	65	8363.845092044405
698.0	59	8366.369061865355
699.0	71	8368.88915010363
700.0	71	8371.405362511407
701.0	76	8373.917704832316
702.0	94	8376.426182801497
703.0	78	8378.930802145602
704.0	72	8381.431568582788
705.0	81	8383.928487822737
706.0	61	8386.421565566681
707.0	74	8388.910807507398
708.0	83	8391.39621932926
709.0	81	8393.87780670817
710.0	71	8396.355575311663
711.0	57	8398.829530798866
712.0	82	8401.299678820527
713.0	92	8403.766025019011
714.0	65	8406.228575028334
715.0	72	8408.687334474163
716.0	71	8411.142308973827
717.0	76	8413.59350413635
718.0	69	8416.040925562434
719.0	74	8418.484578844484
720.0	71	8420.924469566618
721.0	78	8423.36060330469
722.0	70	8425.792985626293
723.0	77	8428.221622090769
724.0	64	8430.64651824923
725.0	67	8433.067679644548
726.0	71	8435.485111811415
727.0	75	8437.898820276294
728.0	83	8440.308810557475
729.0	63	8442.715088165076
730.0	74	8445.117658601039
731.0	60	8447.51652735918
732.0	71	8449.911699925144
733.0	83	8452.30318177648
734.0	66	8454.690978382609
735.0	67	8457.075095204842
736.0	66	8459.455537696422
737.0	75	8461.832311302493
738.0	91	8464.205421460138
739.0	91	8466.574873598393
740.0	68	8468.940673138246
741.0	69	8471.302825492652
742.0	65	8473.661336066558
743.0	72	8476.0162102569
744.0	57	8478.367453452602
745.0	79	8480.715071034632
746.0	74	8483.059068375973
747.0	66	8485.399450841647
748.0	68	8487.73622378874
749.0	85	8490.069392566384
750.0	84	8492.398962515806
751.0	82	8494.724938970303
752.0	70	8497.047327255284
753.0	65	8499.36613268827
754.0	68	8501.6813605789
755.0	81	8503.99301622894
756.0	58	8506.30110493232
757.0	75	8508.605631975113
758.0	77	8510.906602635576
759.0	87	8513.204022184123
760.0	65	8515.49789588339
761.0	78	8517.788228988193
762.0	88	8520.07502674558
763.0	81	8522.358294394817
764.0	74	8524.638037167408
765.0	66	8526.914260287107
766.0	69	8529.186968969958
767.0	90	8531.456168424224
768.0	79	8533.7218638505
769.0	71	8535.984060441659
770.0	95	8538.242763382876
771.0	75	8540.497977851657
772.0	78	8542.749709017826
773.0	72	8544.997962043566
774.0	82	8547.242742083392
775.0	77	8549.484054284201
776.0	77	8551.721903785256
777.0	70	8553.956295718213
778.0	62	8556.187235207115
779.0	72	8558.414727368423
780.0	91	8560.63877731103
781.0	73	8562.859390136233
782.0	84	8565.076570937797
783.0	82	8567.29032480193
784.0	73	8569.500656807315
785.0	76	8571.70757202509
786.0	90	8573.911075518916
787.0	69	8576.11117234491
788.0	79	8578.307867551737
789.0	85	8580.50116618057
790.0	71	8582.691073265101
791.0	77	8584.87759383158
792.0	85	8587.060732898819
793.0	66	8589.240495478169
794.0	81	8591.416886573576
795.0	72	8593.589911181574
796.0	84	8595.759574291302
797.0	79	8597.925880884473
798.0	78	8600.088835935474
799.0	75	8602.248444411278
800.0	73	8604.404711271518
801.0	84	8606.557641468477
802.0	70	8608.707239947118
803.0	78	8610.853511645046
804.0	73	8612.996461492585
805.0	78	8615.136094412723
806.0	83	8617.272415321198
807.0	63	8619.405429126424
808.0	84	8621.53514072957
809.0	75	8623.661555024524
810.0	98	8625.784676897953
811.0	85	8627.904511229262
812.0	86	8630.02106289063
813.0	70	8632.134336747027
814.0	72	8634.244337656211
815.0	82	8636.351070468752
816.0	72	8638.45454002802
817.0	72	8640.554751170217
818.0	87	8642.651708724396
819.0	60	8644.745417512422
820.0	73	8646.835882349063
821.0	73	8648.92310804191
822.0	66	8651.007099391461
823.0	83	8653.087861191088
824.0	75	8655.165398227082
825.0	71	8657.23971527861
826.0	65	8659.310817117792
827.0	74	8661.378708509668
828.0	101	8663.443394212216
829.0	61	8665.504878976368
830.0	73	8667.563167546006
831.0	74	8669.618264658016
832.0	72	8671.670175042229
833.0	74	8673.718903421504
834.0	66	8675.764454511682
835.0	74	8677.806833021627
836.0	81	8679.846043653204
837.0	88	8681.882091101366
838.0	70	8683.914980054064
839.0	74	8685.944715192307
840.0	83	8687.971301190202
841.0	78	8689.994742714904
842.0	74	8692.015044426658
843.0	57	8694.032210978823
844.0	75	8696.046247017837
845.0	72	8698.057157183286
846.0	87	8700.064946107846
847.0	92	8702.069618417368
848.0	77	8704.071178730837
849.0	60	8706.069631660379
850.0	95	8708.064981811312
851.0	91	8710.057233782109
852.0	76	8712.04639216446
853.0	68	8714.03246154323
854.0	84	8716.015446496502
855.0	80	8717.995351595573
856.0	65	8719.972181404959
857.0	70	8721.945940482441
858.0	66	8723.916633379022
859.0	76	8725.884264638986
860.0	93	8727.848838799853
861.0	83	8729.810360392466
862.0	64	8731.76883394091
863.0	85	8733.724263962607
864.0	69	8735.676654968267
865.0	83	8737.626011461914
866.0	81	8739.572337940912
867.0	74	8741.515638895964
868.0	72	8743.455918811109
869.0	87	8745.393182163747
870.0	87	8747.327433424656
871.0	86	8749.25867705798
872.0	77	8751.186917521247
873.0	74	8753.1121592654
874.0	82	8755.034406734774
875.0	54	8756.953664367114
876.0	81	8758.86993659362
877.0	72	8760.78322783889
878.0	79	8762.693542520989
879.0	79	8764.600885051446
880.0	86	8766.505259835241
881.0	101	8768.406671270812
882.0	73	8770.305123750131
883.0	63	8772.200621658618
884.0	66	8774.093169375208
885.0	72	8775.982771272355
886.0	78	8777.869431716055
887.0	70	8779.753155065786
888.0	73	8781.633945674617
889.0	79	8783.511807889152
890.0	63	8785.386746049537
891.0	65	8787.258764489525
892.0	66	8789.127867536425
893.0	67	8790.994059511135
894.0	83	8792.857344728163
895.0	66	8794.717727495616
896.0	76	8796.575212115233
897.0	71	8798.429802882369
898.0	74	8800.281504086011
899.0	76	8802.130320008815
900.0	75	8803.976254927067
901.0	86	8805.81931311073
902.0	53	8807.659498823452
903.0	64	8809.496816322546
904.0	80	8811.331269859029
905.0	78	8813.162863677619
906.0	66	8814.991602016747
907.0	64	8816.817489108564
908.0	72	8818.640529178962
909.0	69	8820.46072644755
910.0	73	8822.278085127698
911.0	80	8824.092609426547
912.0	73	8825.904303544994
913.0	81	8827.713171677717
914.0	75	8829.519218013162
915.0	81	8831.322446733599
916.0	68	8833.122862015085
917.0	85	8834.920468027494
918.0	79	8836.71526893453
919.0	75	8838.507268893723
920.0	74	8840.296472056445
921.0	77	8842.082882567918
922.0	79	8843.866504567219
923.0	80	8845.647342187302
924.0	59	8847.425399554993
925.0	69	8849.200680791018
926.0	98	8850.973190009974
927.0	79	8852.742931320387
928.0	71	8854.509908824673
929.0	88	8856.274126619199
930.0	80	8858.03558879424
931.0	80	8859.794299434028
932.0	70	8861.550262616738
933.0	62	8863.303482414502
934.0	70	8865.05396289341
935.0	74	8866.801708113559
936.0	87	8868.546722129016
937.0	58	8870.289008987816
938.0	75	8872.028572732039
939.0	82	8873.765417397763
940.0	74	8875.499547015077
941.0	88	8877.230965608107
942.0	88	8878.959677195007
943.0	71	8880.685685788016
944.0	69	8882.408995393378
945.0	76	8884.129610011445
946.0	70	8885.847533636617
947.0	75	8887.562770257384
948.0	69	8889.275323856333
949.0	49	8890.985198410148
950.0	62	8892.69239788962
951.0	80	8894.396926259662
952.0	77	8896.098787479308
953.0	96	8897.797985501744
954.0	71	8899.49452427427
955.0	77	8901.188407738362
956.0	68	8902.879639829656
957.0	64	8904.56822447794
958.0	70	8906.254165607208
959.0	83	8907.937467135624
960.0	70	8909.61813297554
961.0	69	8911.296167033539
962.0	88	8912.971573210392
963.0	71	8914.644355401104
964.0	86	8916.314517494906
965.0	82	8917.982063375273
966.0	80	8919.646996919906
967.0	77	8921.309322000801
968.0	69	8922.969042484183
969.0	63	8924.626162230577
970.0	75	8926.28068509476
971.0	70	8927.93261492582
972.0	79	8929.58195556714
973.0	88	8931.228710856403
974.0	70	8932.872884625622
975.0	74	8934.5144807011
976.0	56	8936.153502903515
977.0	81	8937.78995504786
978.0	69	8939.423840943477
979.0	81	8941.055164394076
980.0	65	8942.68392919772
981.0	69	8944.310139146855
982.0	68	8945.933798028305
983.0	91	8947.554909623297
984.0	82	8949.173477707427
985.0	68	8950.789506050729
986.0	81	8952.402998417634
987.0	76	8954.013958567
988.0	55	8955.622390252125
989.0	69	8957.22829722074
990.0	73	8958.831683215027
991.0	80	8960.432551971619
992.0	68	8962.030907221617
993.0	95	8963.626752690607
994.0	85	8965.22009209863
995.0	83	8966.810929160245
996.0	76	8968.399267584491
997.0	73	8969.985111074911
998.0	80	8971.568463329577
999.0	73	8973.149328041063
1000.0	71	8974.727708896493
1001.0	83	8976.303609577504
1002.0	77	8977.877033760327
1003.0	65	8979.447985115678
1004.0	93	8981.016467308902
1005.0	76	8982.582483999864
1006.0	90	8984.146038843044
1007.0	74	8985.707135487473
1008.0	80	8987.265777576828
1009.0	72	8988.821968749333
1010.0	57	8990.37571263785
1011.0	74	8991.927012869864
1012.0	79	8993.475873067475
1013.0	72	8995.022296847426
1014.0	79	8996.56628782108
1015.0	81	8998.107849594488
1016.0	78	8999.646985768337
1017.0	80	9001.183699937974
1018.0	82	9002.717995693427
1019.0	84	9004.249876619413
1020.0	70	9005.779346295345
1021.0	74	9007.306408295299
1022.0	77	9008.831066188093
1023.0	77	9010.353323537243
1024.0	75	9011.87318390099
1025.0	72	9013.390650832303
1026.0	71	9014.905727878877
1027.0	84	9016.418418583178
1028.0	68	9017.928726482392
1029.0	88	9019.436655108497
1030.0	73	9020.942207988212
1031.0	72	9022.44538864305
1032.0	73	9023.946200589304
1033.0	84	9025.444647338045
1034.0	70	9026.940732395162
1035.0	78	9028.434459261338
1036.0	71	9029.925831432067
1037.0	71	9031.414852397687
1038.0	74	9032.901525643341
1039.0	75	9034.38585464901
1040.0	74	9035.867842889555
1041.0	75	9037.347493834633
1042.0	82	9038.824810948812
1043.0	69	9040.299797691509
1044.0	71	9041.772457516996
1045.0	87	9043.242793874471
1046.0	87	9044.710810207982
1047.0	71	9046.176509956498
1048.0	77	9047.639896553887
1049.0	75	9049.10097342893
1050.0	75	9050.559744005332
1051.0	81	9052.016211701728
1052.0	72	9053.470379931678
1053.0	71	9054.922252103688
1054.0	73	9056.37183162123
1055.0	87	9057.819121882723
1056.0	65	9059.26412628155
1057.0	67	9060.706848206068
1058.0	68	9062.147291039619
1059.0	74	9063.585458160536
1060.0	80	9065.02135294212
1061.0	82	9066.454978752728
1062.0	75	9067.886338955683
1063.0	87	9069.315436909326
1064.0	64	9070.74227596706
1065.0	79	9072.166859477278
1066.0	73	9073.589190783445
1067.0	74	9075.009273224066
1068.0	75	9076.42711013267
1069.0	88	9077.842704837894
1070.0	74	9079.256060663416
1071.0	72	9080.667180928001
1072.0	70	9082.076068945486
1073.0	86	9083.482728024812
1074.0	63	9084.887161470018
1075.0	71	9086.28937258025
1076.0	59	9087.689364649745
1077.0	68	9089.087140967878
1078.0	66	9090.482704819166
1079.0	68	9091.876059483231
1080.0	76	9093.26720823485
1081.0	88	9094.656154343955
1082.0	88	9096.042901075634
1083.0	74	9097.427451690119
1084.0	74	9098.809809442831
1085.0	75	9100.18997758436
1086.0	91	9101.567959360505
1087.0	75	9102.943758012208
1088.0	77	9104.317376775656
1089.0	75	9105.688818882221
1090.0	81	9107.058087558495
1091.0	78	9108.425186026281
1092.0	80	9109.790117502613
1093.0	82	9111.15288519978
1094.0	77	9112.513492325272
1095.0	84	9113.87194208187
1096.0	68	9115.228237667581
1097.0	82	9116.582382275685
1098.0	67	9117.934379094744
1099.0	61	9119.284231308557
1100.0	75	9120.631942096259
1101.0	64	9121.977514632244
1102.0	63	9123.320952086215
1103.0	83	9124.66225762316
1104.0	74	9126.001434403406
1105.0	70	9127.338485582588
1106.0	81	9128.67341431165
1107.0	82	9130.0062237369
1108.0	79	9131.336916999959
1109.0	66	9132.665497237807
1110.0	69	9133.99196758277
1111.0	96	9135.31633116254
1112.0	68	9136.638591100178
1113.0	74	9137.958750514106
1114.0	72	9139.276812518137
1115.0	77	9140.592780221474
1116.0	84	9141.906656728706
1117.0	73	9143.218445139823
1118.0	81	9144.528148550233
1119.0	80	9145.83577005075
1120.0	77	9147.141312727617
1121.0	84	9148.444779662486
1122.0	70	9149.74617393247
1123.0	81	9151.045498610107
1124.0	81	9152.342756763386
1125.0	72	9153.637951455763
1126.0	74	9154.93108574614
1127.0	80	9156.222162688899
1128.0	74	9157.511185333879
1129.0	91	9158.798156726434
1130.0	81	9160.083079907374
1131.0	80	9161.365957913029
1132.0	93	9162.646793775208
1133.0	77	9163.925590521256
1134.0	80	9165.202351174004
1135.0	78	9166.477078751834
1136.0	70	9167.74977626864
1137.0	86	9169.020446733855
1138.0	76	9170.28909315244
1139.0	70	9171.55571852493
1140.0	79	9172.820325847404
1141.0	78	9174.082918111513
1142.0	84	9175.343498304443
1143.0	90	9176.602069408982
1144.0	66	9177.85863440351
1145.0	70	9179.11319626197
1146.0	84	9180.365757953916
1147.0	70	9181.616322444484
1148.0	75	9182.864892694439
1149.0	86	9184.111471660159
1150.0	75	9185.356062293624
1151.0	78	9186.598667542457
1152.0	69	9187.839290349917
1153.0	77	9189.077933654888
1154.0	84	9190.314600391897
1155.0	87	9191.549293491167
1156.0	91	9192.78201587852
1157.0	82	9194.012770475492
1158.0	61	9195.24156019926
1159.0	69	9196.4683879627
1160.0	75	9197.693256674364
1161.0	69	9198.91616923849
1162.0	85	9200.137128555021
1163.0	80	9201.356137519617
1164.0	74	9202.573199023627
1165.0	87	9203.788315954127
1166.0	82	9205.00149119391
1167.0	73	9206.212727621507
1168.0	78	9207.422028111168
1169.0	70	9208.62939553293
1170.0	80	9209.834832752518
1171.0	68	9211.038342631451
1172.0	72	9212.239928026998
1173.0	77	9213.4395917922
1174.0	79	9214.637336775864
1175.0	86	9215.833165822587
1176.0	83	9217.027081772749
1177.0	74	9218.219087462501
1178.0	71	9219.409185723829
1179.0	75	9220.597379384506
1180.0	91	9221.783671268113
1181.0	62	9222.968064194052
1182.0	65	9224.150560977547
1183.0	66	9225.331164429657
1184.0	100	9226.509877357274
1185.0	71	9227.68670256313
1186.0	78	9228.861642845804
1187.0	61	9230.034700999739
1188.0	66	9231.20587981523
1189.0	81	9232.37518207842
1190.0	87	9233.542610571383
1191.0	71	9234.708168071998
1192.0	81	9235.871857354094
1193.0	71	9237.033681187339
1194.0	64	9238.193642337339
1195.0	77	9239.35174356557
1196.0	74	9240.507987629446
1197.0	81	9241.662377282277
1198.0	77	9242.814915273295
1199.0	70	9243.965604347683
1200.0	74	9245.114447246526
1201.0	69	9246.26144670685
1202.0	74	9247.406605461674
1203.0	86	9248.549926239908
1204.0	78	9249.691411766438
1205.0	64	9250.831064762151
1206.0	65	9251.968887943847
1207.0	70	9253.10488402433
1208.0	71	9254.239055712393
1209.0	76	9255.371405712798
1210.0	73	9256.501936726316
1211.0	68	9257.630651449701
1212.0	83	9258.757552575735
1213.0	71	9259.882642793185
1214.0	80	9261.005924786856
1215.0	73	9262.12740123756
1216.0	73	9263.247074822151
1217.0	94	9264.364948213508
1218.0	67	9265.481024080555
1219.0	79	9266.595305088265
1220.0	77	9267.707793897664
1221.0	64	9268.81849316582
1222.0	75	9269.927405545885
1223.0	65	9271.034533687081
1224.0	85	9272.139880234678
1225.0	74	9273.243447830066
1226.0	64	9274.345239110704
1227.0	81	9275.445256710127
1228.0	78	9276.543503258004
1229.0	79	9277.63998138008
1230.0	70	9278.734693698223
1231.0	86	9279.827642830414
1232.0	74	9280.918831390754
1233.0	60	9282.00826198949
1234.0	82	9283.09593723297
1235.0	69	9284.181859723703
1236.0	70	9285.266032060339
1237.0	68	9286.348456837675
1238.0	68	9287.429136646668
1239.0	73	9288.508074074443
1240.0	75	9289.585271704278
1241.0	67	9290.660732115633
1242.0	81	9291.734457884137
1243.0	93	9292.806451581631
1244.0	82	9293.876715776109
1245.0	77	9294.945253031789
1246.0	67	9296.012065909077
1247.0	72	9297.077156964608
1248.0	85	9298.140528751183
1249.0	83	9299.20218381787
1250.0	82	9300.26212470994
1251.0	86	9301.320353968888
1252.0	80	9302.376874132453
1253.0	83	9303.43168773462
1254.0	78	9304.484797305611
1255.0	82	9305.536205371898
1256.0	83	9306.585914456216
1257.0	74	9307.633927077566
1258.0	82	9308.680245751215
1259.0	80	9309.724872988696
1260.0	82	9310.76781129783
1261.0	87	9311.809063182727
1262.0	87	9312.848631143774
1263.0	89	9313.886517677669
1264.0	79	9314.922725277404
1265.0	72	9315.957256432277
1266.0	66	9316.990113627891
1267.0	69	9318.021299346196
1268.0	80	9319.050816065435
1269.0	59	9320.078666260184
1270.0	86	9321.104852401379
1271.0	87	9322.129376956254
1272.0	75	9323.152242388427
1273.0	80	9324.17345115784
1274.0	72	9325.193005720816
1275.0	92	9326.210908530016
1276.0	66	9327.227162034473
1277.0	81	9328.241768679605
1278.0	78	9329.254730907192
1279.0	69	9330.266051155411
1280.0	83	9331.27573185881
1281.0	87	9332.283775448346
1282.0	84	9333.29018435137
1283.0	82	9334.29496099163
1284.0	65	9335.298107789304
1285.0	66	9336.299627160965
1286.0	86	9337.299521519613
1287.0	71	9338.297793274658
1288.0	78	9339.294444831989
1289.0	84	9340.289478593864
1290.0	68	9341.282896959037
1291.0	91	9342.274702322691
1292.0	92	9343.264897076444
1293.0	90	9344.25348360839
1294.0	97	9345.240464303084
1295.0	79	9346.225841541553
1296.0	80	9347.209617701277
1297.0	78	9348.191795156232
1298.0	87	9349.172376276874
1299.0	77	9350.15136343014
1300.0	89	9351.128758979481
1301.0	74	9352.104565284812
1302.0	76	9353.078784702588
1303.0	95	9354.051419585756
1304.0	70	9355.02247228378
1305.0	66	9355.991945142634
1306.0	93	9356.959840504838
1307.0	72	9357.92616070943
1308.0	69	9358.890908091978
1309.0	91	9359.85408498459
1310.0	81	9360.815693715944
1311.0	83	9361.775736611224
1312.0	80	9362.73421599222
1313.0	59	9363.691134177245
1314.0	69	9364.646493481192
1315.0	84	9365.600296215523
1316.0	66	9366.552544688284
1317.0	80	9367.503241204085
1318.0	87	9368.452388064135
1319.0	85	9369.399987566236
1320.0	83	9370.346042004776
1321.0	73	9371.290553670748
1322.0	91	9372.23352485176
1323.0	84	9373.17495783202
1324.0	71	9374.114854892356
1325.0	66	9375.053218310217
1326.0	83	9375.990050359676
1327.0	79	9376.925353311448
1328.0	73	9377.859129432885
1329.0	84	9378.791380987952
1330.0	83	9379.722110237288
1331.0	59	9380.651319438186
1332.0	103	9381.57901084457
1333.0	81	9382.505186707054
1334.0	81	9383.429849272892
1335.0	91	9384.353000786028
1336.0	98	9385.274643487084
1337.0	81	9386.194779613337
1338.0	72	9387.11341139878
1339.0	82	9388.030541074084
1340.0	90	9388.946170866608
1341.0	78	9389.860303000423
1342.0	74	9390.772939696306
1343.0	89	9391.684083171733
1344.0	76	9392.59373564091
1345.0	80	9393.50189931475
1346.0	82	9394.408576400898
1347.0	66	9395.31376910373
1348.0	85	9396.217479624345
1349.0	84	9397.119710160596
1350.0	76	9398.02046290708
1351.0	72	9398.919740055131
1352.0	71	9399.817543792837
1353.0	66	9400.71387630507
1354.0	79	9401.608739773426
1355.0	62	9402.502136376308
1356.0	83	9403.394068288855
1357.0	75	9404.28453768303
1358.0	90	9405.173546727521
1359.0	88	9406.061097587855
1360.0	79	9406.947192426327
1361.0	74	9407.83183340203
1362.0	79	9408.715022670853
1363.0	79	9409.596762385523
1364.0	84	9410.47705469553
1365.0	82	9411.355901747209
1366.0	62	9412.233305683729
1367.0	79	9413.109268645037
1368.0	81	9413.983792767967
1369.0	92	9414.856880186147
1370.0	75	9415.728533030062
1371.0	75	9416.598753427035
1372.0	67	9417.467543501234
1373.0	73	9418.334905373698
1374.0	74	9419.2008411623
1375.0	71	9420.0653529818
1376.0	86	9420.928442943796
1377.0	93	9421.790113156785
1378.0	79	9422.650365726133
1379.0	84	9423.509202754085
1380.0	71	9424.366626339764
1381.0	69	9425.22263857921
1382.0	70	9426.077241565314
1383.0	74	9426.93043738791
1384.0	61	9427.78222813371
1385.0	78	9428.632615886349
1386.0	72	9429.481602726371
1387.0	64	9430.329190731234
1388.0	81	9431.175381975321
1389.0	76	9432.020178529938
1390.0	86	9432.863582463342
1391.0	86	9433.7055958407
1392.0	85	9434.546220724136
1393.0	77	9435.385459172712
1394.0	76	9436.22331324245
1395.0	77	9437.059784986312
1396.0	76	9437.894876454227
1397.0	78	9438.728589693093
1398.0	90	9439.560926746768
1399.0	74	9440.391889656068
1400.0	71	9441.221480458822
1401.0	87	9442.049701189813
1402.0	74	9442.876553880813
1403.0	83	9443.702040560596
1404.0	74	9444.526163254925
1405.0	73	9445.348923986543
1406.0	84	9446.170324775232
1407.0	88	9446.990367637756
1408.0	77	9447.8090545879
1409.0	71	9448.626387636474
1410.0	77	9449.442368791282
1411.0	67	9450.257000057189
1412.0	78	9451.07028343607
1413.0	88	9451.882220926831
1414.0	85	9452.692814525439
1415.0	86	9453.502066224879
1416.0	74	9454.309978015195
1417.0	67	9455.116551883484
1418.0	65	9455.9217898139
1419.0	87	9456.72569378765
1420.0	85	9457.528265783016
1421.0	65	9458.329507775354
1422.0	65	9459.129421737076
1423.0	84	9459.92800963768
1424.0	93	9460.725273443752
1425.0	66	9461.521215118957
1426.0	75	9462.315836624064
1427.0	83	9463.109139916922
1428.0	89	9463.901126952484
1429.0	87	9464.691799682825
1430.0	63	9465.481160057101
1431.0	67	9466.269210021583
1432.0	76	9467.055951519691
1433.0	72	9467.841386491928
1434.0	74	9468.625516875936
1435.0	69	9469.408344606509
1436.0	67	9470.18987161554
1437.0	81	9470.970099832077
1438.0	80	9471.749031182306
1439.0	86	9472.526667589575
1440.0	79	9473.303010974354
1441.0	83	9474.078063254297
1442.0	66	9474.851826344198
1443.0	61	9475.624302156024
1444.0	70	9476.395492598913
1445.0	89	9477.165399579158
1446.0	64	9477.934025000251
1447.0	75	9478.701370762843
1448.0	71	9479.467438764776
1449.0	86	9480.232230901109
1450.0	78	9480.995749064039
1451.0	67	9481.75799514301
1452.0	81	9482.51897102463
1453.0	71	9483.278678592747
1454.0	102	9484.03711972839
1455.0	96	9484.79429630982
1456.0	95	9485.550210212492
1457.0	86	9486.304863309122
1458.0	65	9487.058257469615
1459.0	80	9487.810394561124
1460.0	86	9488.561276448023
1461.0	76	9489.310904991948
1462.0	87	9490.059282051749
1463.0	81	9490.806409483554
1464.0	72	9491.552289140707
1465.0	79	9492.296922873827
1466.0	75	9493.040312530795
1467.0	68	9493.782459956738
1468.0	80	9494.52336699407
1469.0	87	9495.263035482454
1470.0	69	9496.001467258844
1471.0	82	9496.73866415747
1472.0	82	9497.474628009848
1473.0	76	9498.209360644767
1474.0	78	9498.942863888316
1475.0	66	9499.67513956388
1476.0	71	9500.406189492147
1477.0	76	9501.136015491098
1478.0	82	9501.864619376027
1479.0	89	9502.592002959542
1480.0	66	9503.318168051554
1481.0	64	9504.043116459303
1482.0	69	9504.766849987356
1483.0	70	9505.489370437585
1484.0	75	9506.210679609236
1485.0	85	9506.930779298833
1486.0	64	9507.649671300293
1487.0	90	9508.367357404828
1488.0	81	9509.08383940103
1489.0	77	9509.799119074829
1490.0	63	9510.513198209519
1491.0	64	9511.22607858573
1492.0	71	9511.937761981479
1493.0	71	9512.648250172137
1494.0	67	9513.357544930448
1495.0	86	9514.065648026532
1496.0	64	9514.772561227877
1497.0	80	9515.478286299369
1498.0	68	9516.182825003258
1499.0	69	9516.886179099205
1500.0	70	9517.588350344258
1501.0	77	9518.289340492855
1502.0	82	9518.989151296837
1503.0	76	9519.687784505462
1504.0	80	9520.385241865382
1505.0	73	9521.081525120659
1506.0	83	9521.7766360128
1507.0	67	9522.470576280697
1508.0	63	9523.16334766068
1509.0	91	9523.854951886522
1510.0	66	9524.545390689393
1511.0	72	9525.234665797945
1512.0	72	9525.922778938226
1513.0	76	9526.609731833749
1514.0	78	9527.295526205471
1515.0	78	9527.980163771797
1516.0	88	9528.6636462486
1517.0	74	9529.345975349182
1518.0	86	9530.02715278433
1519.0	89	9530.707180262294
1520.0	56	9531.386059488796
1521.0	68	9532.063792167017
1522.0	65	9532.740379997631
1523.0	73	9533.415824678774
1524.0	81	9534.090127906102
1525.0	83	9534.76329137271
1526.0	74	9535.435316769224
1527.0	79	9536.10620578375
1528.0	76	9536.775960101897
1529.0	92	9537.444581406773
1530.0	85	9538.112071379
1531.0	75	9538.778431696708
1532.0	68	9539.44366403553
1533.0	74	9540.10777006863
1534.0	85	9540.770751466693
1535.0	63	9541.432609897929
1536.0	85	9542.093347028062
1537.0	78	9542.752964520365
1538.0	90	9543.411464035646
1539.0	82	9544.068847232247
1540.0	69	9544.725115766061
1541.0	85	9545.380271290513
1542.0	76	9546.03431545659
1543.0	66	9546.687249912848
1544.0	92	9547.33907630536
1545.0	80	9547.989796277809
1546.0	68	9548.639411471397
1547.0	64	9549.287923524935
1548.0	81	9549.935334074784
1549.0	73	9550.581644754884
1550.0	70	9551.226857196758
1551.0	75	9551.870973029516
1552.0	94	9552.513993879847
1553.0	98	9553.155921372027
1554.0	78	9553.79675712793
1555.0	65	9554.436502767043
1556.0	78	9555.075159906428
1557.0	84	9555.71273016077
1558.0	82	9556.349215142356
1559.0	73	9556.984616461084
1560.0	83	9557.618935724477
1561.0	81	9558.252174537649
1562.0	79	9558.88433450337
1563.0	99	9559.515417222021
1564.0	74	9560.145424291606
1565.0	65	9560.774357307764
1566.0	79	9561.402217863792
1567.0	75	9562.029007550589
1568.0	68	9562.654727956735
1569.0	99	9563.27938066843
1570.0	78	9563.902967269538
1571.0	66	9564.525489341566
1572.0	62	9565.146948463698
1573.0	76	9565.767346212757
1574.0	70	9566.386684163235
1575.0	65	9567.004963887304
1576.0	73	9567.622186954795
1577.0	73	9568.238354933224
1578.0	82	9568.853469387763
1579.0	77	9569.467531881297
1580.0	78	9570.08054397438
1581.0	80	9570.692507225238
1582.0	86	9571.30342318982
1583.0	77	9571.913293421749
1584.0	70	9572.522119472354
1585.0	92	9573.129902890672
1586.0	75	9573.736645223422
1587.0	87	9574.342348015058
1588.0	101	9574.947012807734
1589.0	69	9575.550641141328
1590.0	76	9576.153234553421
1591.0	79	9576.754794579334
1592.0	82	9577.355322752095
1593.0	70	9577.954820602481
1594.0	72	9578.553289658994
1595.0	71	9579.150731447862
1596.0	77	9579.747147493075
1597.0	76	9580.342539316329
1598.0	79	9580.936908437106
1599.0	81	9581.530256372607
1600.0	80	9582.122584637806
1601.0	79	9582.713894745417
1602.0	81	9583.304188205924
1603.0	79	9583.893466527574
1604.0	72	9584.481731216372
1605.0	86	9585.068983776091
1606.0	74	9585.655225708291
1607.0	91	9586.240458512284
1608.0	78	9586.824683685196
1609.0	71	9587.407902721898
1610.0	69	9587.990117115067
1611.0	70	9588.57132835516
1612.0	74	9589.15153793044
1613.0	58	9589.730747326957
1614.0	63	9590.308958028552
1615.0	74	9590.886171516884
1616.0	68	9591.462389271395
1617.0	77	9592.037612769358
1618.0	77	9592.611843485856
1619.0	70	9593.18508289376
1620.0	81	9593.757332463794
1621.0	82	9594.32859366448
1622.0	73	9594.898867962189
1623.0	70	9595.468156821073
1624.0	62	9596.036461703174
1625.0	73	9596.603784068324
1626.0	72	9597.170125374227
1627.0	88	9597.735487076383
1628.0	63	9598.299870628181
1629.0	88	9598.863277480832
1630.0	75	9599.425709083398
1631.0	64	9599.98716688282
1632.0	99	9600.547652323852
1633.0	67	9601.107166849146
1634.0	72	9601.66571189919
1635.0	74	9602.223288912366
1636.0	82	9602.779899324902
1637.0	72	9603.335544570911
1638.0	73	9603.890226082367
1639.0	72	9604.443945289146
1640.0	79	9604.996703618988
1641.0	53	9605.54850249751
1642.0	71	9606.099343348244
1643.0	73	9606.649227592603
1644.0	63	9607.198156649882
1645.0	70	9607.746131937292
1646.0	78	9608.293154869918
1647.0	78	9608.83922686078
1648.0	75	9609.384349320791
1649.0	106	9609.92852365877
1650.0	80	9610.471751281446
1651.0	66	9611.014033593483
1652.0	78	9611.555371997447
1653.0	74	9612.095767893838
1654.0	81	9612.635222681058
1655.0	88	9613.173737755473
1656.0	84	9613.71131451135
1657.0	70	9614.247954340924
1658.0	78	9614.78365863432
1659.0	62	9615.318428779641
1660.0	76	9615.852266162918
1661.0	93	9616.385172168144
1662.0	67	9616.917148177254
1663.0	72	9617.448195570118
1664.0	73	9617.978315724598
1665.0	77	9618.507510016472
1666.0	79	9619.03577981952
1667.0	81	9619.563126505467
1668.0	74	9620.089551444005
1669.0	83	9620.615056002796
1670.0	81	9621.139641547492
1671.0	77	9621.663309441708
1672.0	83	9622.186061047034
1673.0	63	9622.70789772306
1674.0	63	9623.228820827355
1675.0	72	9623.748831715466
1676.0	69	9624.267931740947
1677.0	69	9624.78612225534
1678.0	81	9625.303404608187
1679.0	81	9625.819780147029
1680.0	75	9626.335250217411
1681.0	80	9626.84981616289
1682.0	75	9627.363479325017
1683.0	75	9627.876241043385
1684.0	78	9628.388102655574
1685.0	78	9628.899065497182
1686.0	94	9629.40913090187
1687.0	76	9629.91830020127
1688.0	73	9630.426574725074
1689.0	76	9630.933955800985
1690.0	82	9631.440444754764
1691.0	77	9631.946042910182
1692.0	90	9632.45075158907
1693.0	75	9632.954572111286
1694.0	59	9633.457505794737
1695.0	80	9633.959553955383
1696.0	88	9634.460717907239
1697.0	64	9634.96099896235
1698.0	90	9635.460398430834
1699.0	74	9635.958917620876
1700.0	61	9636.45655783872
1701.0	96	9636.953320388646
1702.0	85	9637.44920657305
1703.0	75	9637.944217692366
1704.0	84	9638.438355045106
1705.0	73	9638.93161992787
1706.0	75	9639.42401363532
1707.0	62	9639.915537460209
1708.0	78	9640.406192693381
1709.0	83	9640.895980623769
1710.0	69	9641.384902538388
1711.0	83	9641.87295972234
1712.0	67	9642.36015345884
1713.0	77	9642.84648502919
1714.0	73	9643.331955712809
1715.0	80	9643.816566787193
1716.0	97	9644.30031952797
1717.0	74	9644.783215208883
1718.0	67	9645.265255101758
1719.0	80	9645.74644047657
1720.0	86	9646.22677260139
1721.0	69	9646.706252742428
1722.0	86	9647.184882163996
1723.0	54	9647.662662128561
1724.0	63	9648.139593896693
1725.0	74	9648.61567872712
1726.0	103	9649.090917876669
1727.0	67	9649.565312600356
1728.0	79	9650.038864151293
1729.0	98	9650.511573780757
1730.0	56	9650.98344273818
1731.0	81	9651.454472271116
1732.0	73	9651.924663625285
1733.0	87	9652.394018044577
1734.0	74	9652.862536771012
1735.0	79	9653.330221044791
1736.0	89	9653.797072104267
1737.0	73	9654.263091185965
1738.0	78	9654.728279524563
1739.0	74	9655.192638352935
1740.0	68	9655.656168902124
1741.0	86	9656.118872401317
1742.0	76	9656.580750077928
1743.0	72	9657.041803157508
1744.0	66	9657.502032863831
1745.0	78	9657.96144041883
1746.0	79	9658.420027042657
1747.0	82	9658.877793953614
1748.0	82	9659.334742368239
1749.0	70	9659.790873501244
1750.0	77	9660.246188565558
1751.0	75	9660.700688772304
1752.0	83	9661.154375330801
1753.0	75	9661.607249448596
1754.0	59	9662.059312331434
1755.0	72	9662.51056518329
1756.0	62	9662.961009206329
1757.0	69	9663.410645600963
1758.0	79	9663.859475565805
1759.0	79	9664.307500297695
1760.0	75	9664.754720991728
1761.0	84	9665.201138841188
1762.0	60	9665.646755037602
1763.0	79	9666.091570770766
1764.0	79	9666.535587228662
1765.0	84	9666.978805597559
1766.0	87	9667.42122706193
1767.0	63	9667.862852804526
1768.0	74	9668.30368400631
1769.0	69	9668.743721846547
1770.0	71	9669.182967502697
1771.0	89	9669.621422150509
1772.0	73	9670.05908696399
1773.0	81	9670.495963115398
1774.0	74	9670.932051775268
1775.0	81	9671.367354112384
1776.0	79	9671.801871293808
1777.0	57	9672.23560448488
1778.0	79	9672.668554849188
1779.0	86	9673.100723548638
1780.0	85	9673.53211174337
1781.0	73	9673.962720591835
1782.0	77	9674.392551250763
1783.0	81	9674.821604875162
1784.0	81	9675.249882618336
1785.0	84	9675.677385631878
1786.0	82	9676.104115065678
1787.0	62	9676.53007206792
1788.0	69	9676.955257785085
1789.0	73	9677.379673361955
1790.0	72	9677.803319941624
1791.0	76	9678.226198665494
1792.0	79	9678.64831067327
1793.0	69	9679.069657102953
1794.0	80	9679.490239090892
1795.0	75	9679.910057771729
1796.0	60	9680.329114278431
1797.0	93	9680.74740974229
1798.0	88	9681.16494529292
1799.0	75	9681.58172205825
1800.0	74	9681.99774116457
1801.0	82	9682.413003736456
1802.0	75	9682.827510896866
1803.0	70	9683.241263767062
1804.0	77	9683.65426346665
1805.0	80	9684.066511113588
1806.0	80	9684.478007824171
1807.0	78	9684.888754713043
1808.0	70	9685.298752893192
1809.0	78	9685.70800347597
1810.0	89	9686.116507571054
1811.0	68	9686.52426628652
1812.0	89	9686.931280728764
1813.0	67	9687.33755200256
1814.0	81	9687.743081211052
1815.0	78	9688.147869455735
1816.0	74	9688.551917836483
1817.0	56	9688.95522745153
1818.0	66	9689.3577993975
1819.0	59	9689.759634769369
1820.0	102	9690.160734660518
1821.0	83	9690.561100162691
1822.0	86	9690.960732366022
1823.0	81	9691.359632359015
1824.0	77	9691.757801228585
1825.0	75	9692.155240060025
1826.0	74	9692.55194993701
1827.0	70	9692.947931941631
1828.0	75	9693.343187154362
1829.0	69	9693.737716654088
1830.0	74	9694.131521518078
1831.0	73	9694.524602822017
1832.0	89	9694.916961639992
1833.0	77	9695.308599044514
1834.0	82	9695.69951610648
1835.0	77	9696.089713895222
1836.0	82	9696.479193478468
1837.0	79	9696.867955922386
1838.0	63	9697.256002291562
1839.0	70	9697.643333648983
1840.0	91	9698.029951056078
1841.0	85	9698.415855572714
1842.0	73	9698.801048257163
1843.0	77	9699.185530166142
1844.0	86	9699.56930235481
1845.0	65	9699.952365876752
1846.0	84	9700.334721784002
1847.0	77	9700.716371127019
1848.0	83	9701.09731495472
1849.0	70	9701.477554314479
1850.0	91	9701.857090252086
1851.0	89	9702.235923811806
1852.0	80	9702.614056036358
1853.0	75	9702.9914879669
1854.0	67	9703.368220643062
1855.0	72	9703.74425510293
1856.0	90	9704.119592383055
1857.0	69	9704.49423351844
1858.0	64	9704.868179542565
1859.0	83	9705.241431487395
1860.0	75	9705.613990383335
1861.0	56	9705.985857259277
1862.0	76	9706.357033142596
1863.0	57	9706.727519059137
1864.0	80	9707.097316033229
1865.0	78	9707.466425087678
1866.0	83	9707.834847243788
1867.0	63	9708.202583521332
1868.0	76	9708.56963493859
1869.0	79	9708.936002512315
1870.0	84	9709.30168725777
1871.0	64	9709.666690188713
1872.0	84	9710.031012317391
1873.0	63	9710.394654654558
1874.0	72	9710.757618209469
1875.0	68	9711.119903989873
1876.0	89	9711.481513002058
1877.0	80	9711.842446250781
1878.0	69	9712.202704739339
1879.0	70	9712.56228946954
1880.0	66	9712.921201441688
1881.0	78	9713.279441654631
1882.0	82	9713.637011105719
1883.0	64	9713.99391079083
1884.0	74	9714.350141704375
1885.0	76	9714.705704839278
1886.0	80	9715.060601187006
1887.0	79	9715.414831737546
1888.0	81	9715.768397479424
1889.0	81	9716.121299399694
1890.0	66	9716.47353848397
1891.0	74	9716.825115716374
1892.0	91	9717.1760320796
1893.0	76	9717.526288554864
1894.0	91	9717.875886121945
1895.0	71	9718.224825759155
1896.0	71	9718.573108443377
1897.0	61	9718.920735150019
1898.0	75	9719.26770685307
1899.0	72	9719.61402452506
1900.0	89	9719.9596891371
1901.0	78	9720.304701658832
1902.0	84	9720.64906305848
1903.0	82	9720.992774302833
1904.0	82	9721.335836357244
1905.0	76	9721.678250185636
1906.0	82	9722.020016750512
1907.0	90	9722.361137012935
1908.0	75	9722.70161193256
1909.0	72	9723.041442467602
1910.0	76	9723.380629574878
1911.0	71	9723.719174209764
1912.0	70	9724.05707732625
1913.0	75	9724.394339876882
1914.0	83	9724.730962812826
1915.0	71	9725.066947083804
1916.0	74	9725.40229363816
1917.0	75	9725.737003422824
1918.0	88	9726.071077383322
1919.0	82	9726.404516463772
1920.0	83	9726.737321606912
1921.0	76	9727.06949375406
1922.0	82	9727.40103384516
1923.0	100	9727.731942818757
1924.0	92	9728.062221612
1925.0	72	9728.391871160662
1926.0	78	9728.720892399107
1927.0	76	9729.049286260346
1928.0	80	9729.377053675993
1929.0	83	9729.704195576265
1930.0	93	9730.030712890026
1931.0	70	9730.356606544756
1932.0	75	9730.681877466563
1933.0	71	9731.00652658018
1934.0	66	9731.330554808952
1935.0	68	9731.653963074901
1936.0	88	9731.976752298644
1937.0	83	9732.298923399458
1938.0	72	9732.620477295226
1939.0	84	9732.941414902507
1940.0	73	9733.2617371365
1941.0	78	9733.581444911008
1942.0	59	9733.90053913853
1943.0	68	9734.219020730192
1944.0	77	9734.536890595758
1945.0	81	9734.854149643657
1946.0	64	9735.170798780991
1947.0	75	9735.48683891349
1948.0	79	9735.802270945536
1949.0	72	9736.117095780206
1950.0	85	9736.431314319212
1951.0	75	9736.744927462953
1952.0	64	9737.057936110461
1953.0	86	9737.370341159458
1954.0	84	9737.682143506343
1955.0	76	9737.993344046166
1956.0	82	9738.303943672669
1957.0	88	9738.613943278273
1958.0	78	9738.923343754052
1959.0	69	9739.232145989781
1960.0	80	9739.540350873913
1961.0	97	9739.84795929359
1962.0	70	9740.154972134613
1963.0	70	9740.461390281516
1964.0	73	9740.767214617483
1965.0	71	9741.072446024413
1966.0	85	9741.377085382883
1967.0	83	9741.681133572183
1968.0	70	9741.984591470287
1969.0	85	9742.287459953859
1970.0	77	9742.589739898298
1971.0	64	9742.891432177665
1972.0	84	9743.192537664765
1973.0	74	9743.493057231086
1974.0	77	9743.792991746826
1975.0	71	9744.092342080905
1976.0	73	9744.391109100947
1977.0	83	9744.68929367329
1978.0	71	9744.98689666301
1979.0	76	9745.283918933856
1980.0	81	9745.580361348346
1981.0	72	9745.876224767688
1982.0	78	9746.171510051845
1983.0	77	9746.466218059462
1984.0	74	9746.760349647957
1985.0	91	9747.053905673445
1986.0	73	9747.346886990792
1987.0	89	9747.639294453598
1988.0	62	9747.931128914179
1989.0	61	9748.22239122361
1990.0	90	9748.513082231693
1991.0	72	9748.80320278697
1992.0	76	9749.092753736752
1993.0	86	9749.381735927058
1994.0	80	9749.670150202664
1995.0	87	9749.957997407113
1996.0	74	9750.245278382677
1997.0	73	9750.531993970399
1998.0	69	9750.818145010056
1999.0	68	9751.103732340203
2000.0	62	9751.388756798131
2001.0	63	9751.673219219902
2002.0	60	9751.95712044035
2003.0	87	9752.240461293035
2004.0	78	9752.523242610338
2005.0	61	9752.80546522335
2006.0	83	9753.08712996199
2007.0	79	9753.368237654884
2008.0	61	9753.648789129486
2009.0	75	9753.928785211974
2010.0	85	9754.208226727353
2011.0	68	9754.487114499378
2012.0	79	9754.765449350574
2013.0	72	9755.043232102265
2014.0	88	9755.320463574568
2015.0	71	9755.597144586358
2016.0	95	9755.873275955311
2017.0	60	9756.148858497894
2018.0	87	9756.423893029358
2019.0	80	9756.698380363754
2020.0	71	9756.972321313922
2021.0	84	9757.245716691505
2022.0	80	9757.518567306925
2023.0	83	9757.79087396943
2024.0	62	9758.062637487039
2025.0	82	9758.333858666612
2026.0	63	9758.60453831377
2027.0	74	9758.87467723298
2028.0	75	9759.144276227487
2029.0	72	9759.413336099376
2030.0	77	9759.681857649506
2031.0	73	9759.949841677593
2032.0	73	9760.217288982121
2033.0	80	9760.484200360444
2034.0	67	9760.750576608692
2035.0	68	9761.016418521836
2036.0	80	9761.281726893652
2037.0	64	9761.546502516774
2038.0	81	9761.810746182622
2039.0	73	9762.074458681478
2040.0	89	9762.33764080242
2041.0	77	9762.600293333393
2042.0	83	9762.862417061133
2043.0	76	9763.124012771259
2044.0	99	9763.385081248185
2045.0	64	9763.645623275195
2046.0	67	9763.905639634379
2047.0	80	9764.165131106693
2048.0	84	9764.424098471933
2049.0	79	9764.682542508739
2050.0	69	9764.940463994584
2051.0	68	9765.197863705807
2052.0	71	9765.454742417598
2053.0	78	9765.71110090398
2054.0	82	9765.966939937842
2055.0	97	9766.22226029093
2056.0	82	9766.47706273384
2057.0	78	9766.731348036035
2058.0	83	9766.985116965832
2059.0	78	9767.238370290404
2060.0	79	9767.491108775803
2061.0	68	9767.743333186942
2062.0	83	9767.995044287582
2063.0	83	9768.24624284038
2064.0	70	9768.496929606836
2065.0	92	9768.747105347355
2066.0	63	9768.99677082119
2067.0	82	9769.245926786467
2068.0	63	9769.494574000219
2069.0	69	9769.742713218315
2070.0	85	9769.990345195538
2071.0	85	9770.23747068554
2072.0	75	9770.484090440861
2073.0	75	9770.730205212914
2074.0	77	9770.975815752025
2075.0	62	9771.220922807373
2076.0	75	9771.465527127053
2077.0	72	9771.709629458048
2078.0	74	9771.953230546225
2079.0	60	9772.19633113636
2080.0	81	9772.438931972112
2081.0	77	9772.68103379605
2082.0	82	9772.922637349631
2083.0	83	9773.163743373225
2084.0	83	9773.404352606101
2085.0	84	9773.644465786421
2086.0	79	9773.88408365128
2087.0	65	9774.123206936663
2088.0	77	9774.361836377457
2089.0	72	9774.599972707483
2090.0	58	9774.837616659464
2091.0	72	9775.07476896503
2092.0	78	9775.31143035473
2093.0	75	9775.547601558046
2094.0	85	9775.783283303374
2095.0	79	9776.018476317995
2096.0	73	9776.253181328175
2097.0	87	9776.487399059055
2098.0	61	9776.72113023472
2099.0	73	9776.954375578189
2100.0	81	9777.187135811402
2101.0	70	9777.41941165522
2102.0	73	9777.65120382946
2103.0	62	9777.88251305284
2104.0	75	9778.113340043057
2105.0	69	9778.3436855167
2106.0	71	9778.57355018932
2107.0	92	9778.80293477541
2108.0	87	9779.03183998839
2109.0	87	9779.260266540643
2110.0	66	9779.488215143483
2111.0	79	9779.715686507177
2112.0	86	9779.94268134093
2113.0	88	9780.1692003529
2114.0	86	9780.395244250205
2115.0	81	9780.620813738906
2116.0	91	9780.845909524023
2117.0	82	9781.070532309532
2118.0	74	9781.294682798354
2119.0	69	9781.518361692395
2120.0	76	9781.741569692493
2121.0	83	9781.964307498467
2122.0	89	9782.186575809093
2123.0	87	9782.408375322108
2124.0	74	9782.629706734208
2125.0	77	9782.850570741086
2126.0	94	9783.070968037371
2127.0	86	9783.290899316695
2128.0	90	9783.510365271632
2129.0	58	9783.729366593747
2130.0	100	9783.947903973576
2131.0	92	9784.165978100636
2132.0	71	9784.383589663421
2133.0	85	9784.6007393494
2134.0	88	9784.81742784503
2135.0	80	9785.03365583575
2136.0	72	9785.249424005984
2137.0	71	9785.464733039145
2138.0	73	9785.67958361761
2139.0	81	9785.89397642278
2140.0	85	9786.107912135038
2141.0	76	9786.321391433727
2142.0	83	9786.534414997237
2143.0	79	9786.746983502902
2144.0	81	9786.9590976271
2145.0	70	9787.170758045157
2146.0	87	9787.381965431441
2147.0	76	9787.592720459306
2148.0	79	9787.803023801094
2149.0	73	9788.012876128176
2150.0	54	9788.22227811091
2151.0	74	9788.431230418662
2152.0	81	9788.639733719829
2153.0	76	9788.847788681787
2154.0	83	9789.055395970938
2155.0	77	9789.262556252706
2156.0	88	9789.469270191501
2157.0	64	9789.67553845079
2158.0	74	9789.88136169302
2159.0	69	9790.086740579678
2160.0	91	9790.291675771254
2161.0	80	9790.496167927278
2162.0	78	9790.700217706299
2163.0	71	9790.903825765867
2164.0	70	9791.106992762607
2165.0	71	9791.309719352115
2166.0	79	9791.51200618905
2167.0	79	9791.713853927104
2168.0	58	9791.91526321898
2169.0	68	9792.11623471643
2170.0	61	9792.316769070234
2171.0	84	9792.5168669302
2172.0	79	9792.71652894519
2173.0	73	9792.915755763106
2174.0	75	9793.114548030864
2175.0	79	9793.312906394454
2176.0	93	9793.510831498887
2177.0	90	9793.708323988223
2178.0	79	9793.905384505573
2179.0	71	9794.102013693106
2180.0	63	9794.298212192007
2181.0	73	9794.493980642541
2182.0	83	9794.689319684017
2183.0	69	9794.884229954785
2184.0	70	9795.07871209228
2185.0	80	9795.272766732945
2186.0	83	9795.466394512323
2187.0	68	9795.659596064985
2188.0	68	9795.852372024596
2189.0	68	9796.04472302386
2190.0	56	9796.236649694529
2191.0	80	9796.428152667455
2192.0	61	9796.619232572531
2193.0	92	9796.809890038721
2194.0	75	9797.00012569406
2195.0	72	9797.18994016566
2196.0	64	9797.379334079682
2197.0	83	9797.568308061393
2198.0	98	9797.756862735092
2199.0	85	9797.944998724195
2200.0	53	9798.132716651156
2201.0	82	9798.320017137547
2202.0	83	9798.50690080399
2203.0	57	9798.693368270193
2204.0	70	9798.879420154944
2205.0	66	9799.065057076135
2206.0	81	9799.250279650721
2207.0	90	9799.435088494742
2208.0	71	9799.619484223338
2209.0	73	9799.803467450727
2210.0	63	9799.98703879023
2211.0	79	9800.170198854255
2212.0	76	9800.352948254293
2213.0	83	9800.535287600938
2214.0	87	9800.717217503876
2215.0	77	9800.898738571896
2216.0	76	9801.079851412875
2217.0	84	9801.260556633795
2218.0	88	9801.440854840752
2219.0	78	9801.620746638913
2220.0	79	9801.800232632575
2221.0	75	9801.979313425132
2222.0	88	9802.157989619081
2223.0	73	9802.336261816043
2224.0	68	9802.514130616712
2225.0	77	9802.691596620936
2226.0	77	9802.86866042763
2227.0	87	9803.045322634862
2228.0	83	9803.221583839791
2229.0	58	9803.397444638698
2230.0	62	9803.572905626972
2231.0	65	9803.747967399142
2232.0	80	9803.922630548834
2233.0	74	9804.096895668801
2234.0	85	9804.270763350924
2235.0	71	9804.444234186205
2236.0	72	9804.617308764755
2237.0	88	9804.789987675842
2238.0	76	9804.962271507833
2239.0	85	9805.134160848238
2240.0	65	9805.305656283685
2241.0	70	9805.476758399946
2242.0	68	9805.647467781917
2243.0	82	9805.817785013644
2244.0	66	9805.987710678275
2245.0	72	9806.157245358128
2246.0	92	9806.326389634636
2247.0	78	9806.495144088385
2248.0	84	9806.663509299082
2249.0	81	9806.8314858456
2250.0	73	9806.999074305935
2251.0	71	9807.166275257234
2252.0	92	9807.3330892758
2253.0	94	9807.49951693706
2254.0	83	9807.6655588156
2255.0	77	9807.831215485156
2256.0	98	9807.996487518623
2257.0	73	9808.16137548803
2258.0	79	9808.325879964557
2259.0	76	9808.490001518554
2260.0	66	9808.653740719534
2261.0	71	9808.817098136127
2262.0	89	9808.980074336161
2263.0	87	9809.142669886596
2264.0	74	9809.304885353573
2265.0	82	9809.466721302384
2266.0	61	9809.628178297475
2267.0	87	9809.789256902463
2268.0	78	9809.949957680152
2269.0	60	9810.110281192474
2270.0	65	9810.270228000547
2271.0	61	9810.42979866467
2272.0	83	9810.588993744286
2273.0	78	9810.74781379803
2274.0	69	9810.906259383704
2275.0	67	9811.064331058284
2276.0	57	9811.222029377908
2277.0	95	9811.379354897916
2278.0	77	9811.536308172801
2279.0	72	9811.692889756237
2280.0	63	9811.849100201103
2281.0	75	9812.004940059433
2282.0	82	9812.160409882441
2283.0	70	9812.315510220555
2284.0	76	9812.470241623358
2285.0	82	9812.624604639615
2286.0	86	9812.77859981732
2287.0	79	9812.932227703599
2288.0	64	9813.08548884481
2289.0	94	9813.23838378648
2290.0	75	9813.390913073343
2291.0	87	9813.543077249311
2292.0	56	9813.694876857498
2293.0	50	9813.846312440215
2294.0	74	9813.997384538969
2295.0	72	9814.148093694454
2296.0	94	9814.298440446584
2297.0	90	9814.448425334449
2298.0	75	9814.598048896363
2299.0	84	9814.747311669824
2300.0	65	9814.89621419155
2301.0	87	9815.04475699746
2302.0	80	9815.192940622657
2303.0	68	9815.340765601482
2304.0	66	9815.488232467478
2305.0	82	9815.63534175338
2306.0	85	9815.782093991145
2307.0	70	9815.928489711954
2308.0	77	9816.07452944618
2309.0	71	9816.220213723427
2310.0	77	9816.365543072496
2311.0	77	9816.510518021425
2312.0	63	9816.655139097466
2313.0	81	9816.799406827076
2314.0	78	9816.94332173594
2315.0	74	9817.086884348968
2316.0	69	9817.230095190293
2317.0	81	9817.372954783263
2318.0	86	9817.515463650461
2319.0	75	9817.657622313693
2320.0	82	9817.799431293975
2321.0	64	9817.940891111582
2322.0	58	9818.082002285999
2323.0	63	9818.222765335946
2324.0	75	9818.363180779374
2325.0	74	9818.503249133457
2326.0	69	9818.64297091462
2327.0	66	9818.78234663851
2328.0	71	9818.921376820022
2329.0	78	9819.060061973281
2330.0	73	9819.198402611644
2331.0	85	9819.336399247728
2332.0	77	9819.474052393363
2333.0	73	9819.611362559648
2334.0	67	9819.748330256893
2335.0	86	9819.884955994688
2336.0	88	9820.02124028185
2337.0	78	9820.157183626441
2338.0	74	9820.292786535763
2339.0	68	9820.428049516393
2340.0	74	9820.562973074126
2341.0	94	9820.69755771403
2342.0	84	9820.831803940417
2343.0	90	9820.965712256855
2344.0	77	9821.09928316615
2345.0	72	9821.2325171704
2346.0	61	9821.365414770919
2347.0	70	9821.497976468303
2348.0	71	9821.630202762384
2349.0	80	9821.76209415229
2350.0	74	9821.893651136366
2351.0	69	9822.024874212264
2352.0	85	9822.15576387686
2353.0	75	9822.286320626314
2354.0	82	9822.41654495604
2355.0	80	9822.546437360734
2356.0	86	9822.675998334336
2357.0	94	9822.805228370093
2358.0	90	9822.93412796047
2359.0	65	9823.062697597248
2360.0	69	9823.19093777145
2361.0	83	9823.318848973384
2362.0	58	9823.446431692639
2363.0	73	9823.573686418049
2364.0	85	9823.70061363776
2365.0	69	9823.827213839173
2366.0	62	9823.953487508981
2367.0	78	9824.079435133146
2368.0	64	9824.2050571969
2369.0	70	9824.33035418479
2370.0	77	9824.455326580612
2371.0	72	9824.57997486745
2372.0	74	9824.704299527692
2373.0	78	9824.828301042988
2374.0	61	9824.951979894297
2375.0	79	9825.075336561851
2376.0	72	9825.198371525168
2377.0	81	9825.321085263071
2378.0	80	9825.443478253652
2379.0	94	9825.565550974308
2380.0	68	9825.687303901746
2381.0	84	9825.80873751193
2382.0	64	9825.929852280142
2383.0	80	9826.050648680954
2384.0	86	9826.171127188238
2385.0	92	9826.291288275164
2386.0	67	9826.411132414198
2387.0	77	9826.530660077105
2388.0	62	9826.649871734964
2389.0	64	9826.768767858135
2390.0	82	9826.887348916296
2391.0	69	9827.005615378424
2392.0	78	9827.12356771281
2393.0	57	9827.241206387027
2394.0	76	9827.358531867994
2395.0	84	9827.475544621904
2396.0	80	9827.592245114267
2397.0	85	9827.708633809923
2398.0	92	9827.824711172996
2399.0	83	9827.940477666947
2400.0	80	9828.05593375453
2401.0	77	9828.171079897827
2402.0	70	9828.285916558227
2403.0	82	9828.40044419644
2404.0	76	9828.514663272501
2405.0	76	9828.628574245751
2406.0	75	9828.742177574848
2407.0	83	9828.855473717776
2408.0	89	9828.968463131861
2409.0	62	9829.081146273718
2410.0	79	9829.193523599302
2411.0	77	9829.305595563888
2412.0	78	9829.417362622085
2413.0	70	9829.528825227828
2414.0	80	9829.639983834368
2415.0	91	9829.750838894284
2416.0	86	9829.861390859507
2417.0	98	9829.971640181273
2418.0	75	9830.081587310158
2419.0	80	9830.191232696083
2420.0	71	9830.300576788277
2421.0	70	9830.409620035329
2422.0	78	9830.51836288516
2423.0	85	9830.626805785007
2424.0	83	9830.73494918146
2425.0	77	9830.842793520453
2426.0	68	9830.950339247236
2427.0	89	9831.057586806444
2428.0	74	9831.164536641993
2429.0	77	9831.271189197196
2430.0	64	9831.377544914667
2431.0	59	9831.483604236397
2432.0	80	9831.589367603701
2433.0	79	9831.694835457265
2434.0	87	9831.800008237078
2435.0	80	9831.904886382532
2436.0	85	9832.00947033232
2437.0	78	9832.113760524515
2438.0	68	9832.217757396535
2439.0	69	9832.321461385138
2440.0	76	9832.424872926445
2441.0	63	9832.52799245594
2442.0	69	9832.630820408442
2443.0	80	9832.733357218141
2444.0	86	9832.835603318577
2445.0	65	9832.937559142649
2446.0	69	9833.039225122608
2447.0	76	9833.140601690078
2448.0	80	9833.241689276045
2449.0	64	9833.342488310835
2450.0	71	9833.442999224158
2451.0	71	9833.543222445087
2452.0	78	9833.643158402032
2453.0	76	9833.742807522798
2454.0	84	9833.842170234562
2455.0	94	9833.94124696383
2456.0	93	9834.040038136514
2457.0	75	9834.138544177873
2458.0	69	9834.23676551255
2459.0	72	9834.334702564542
2460.0	71	9834.432355757237
2461.0	78	9834.529725513385
2462.0	84	9834.626812255121
2463.0	67	9834.723616403926
2464.0	85	9834.820138380688
2465.0	69	9834.916378605652
2466.0	80	9835.012337498467
2467.0	82	9835.108015478123
2468.0	82	9835.203412963012
2469.0	87	9835.298530370897
2470.0	87	9835.393368118945
2471.0	78	9835.487926623668
2472.0	100	9835.58220630099
2473.0	77	9835.676207566205
2474.0	78	9835.769930834002
2475.0	67	9835.863376518444
2476.0	87	9835.956545032992
2477.0	77	9836.049436790474
2478.0	68	9836.142052203142
2479.0	85	9836.234391682601
2480.0	86	9836.326455639863
2481.0	77	9836.41824448534
2482.0	89	9836.509758628825
2483.0	71	9836.600998479485
2484.0	74	9836.691964445925
2485.0	88	9836.782656936106
2486.0	69	9836.873076357413
2487.0	75	9836.963223116598
2488.0	81	9837.053097619835
2489.0	63	9837.14270027269
2490.0	74	9837.232031480115
2491.0	80	9837.321091646481
2492.0	87	9837.409881175545
2493.0	85	9837.498400470486
2494.0	88	9837.58664993386
2495.0	85	9837.67462996764
2496.0	76	9837.762340973208
2497.0	86	9837.84978335135
2498.0	68	9837.936957502236
2499.0	77	9838.023863825478
2500.0	80	9838.110502720081
2501.0	67	9838.19687458445
2502.0	81	9838.282979816398
2503.0	87	9838.368818813182
2504.0	93	9838.45439197143
2505.0	85	9838.539699687204
2506.0	95	9838.624742355965
2507.0	84	9838.709520372617
2508.0	79	9838.794034131442
2509.0	83	9838.878284026156
2510.0	77	9838.962270449903
2511.0	69	9839.04599379523
2512.0	80	9839.12945445409
2513.0	86	9839.212652817894
2514.0	81	9839.295589277432
2515.0	82	9839.378264222945
2516.0	72	9839.460678044072
2517.0	73	9839.542831129893
2518.0	74	9839.624723868908
2519.0	85	9839.706356649034
2520.0	76	9839.787729857626
2521.0	80	9839.868843881446
2522.0	72	9839.949699106703
2523.0	79	9840.030295919018
2524.0	81	9840.11063470345
2525.0	63	9840.1907158445
2526.0	85	9840.270539726062
2527.0	60	9840.350106731496
2528.0	83	9840.429417243591
2529.0	78	9840.508471644544
2530.0	65	9840.58727031601
2531.0	77	9840.665813639076
2532.0	86	9840.744101994247
2533.0	81	9840.822135761486
2534.0	73	9840.899915320184
2535.0	79	9840.977441049166
2536.0	83	9841.054713326708
2537.0	82	9841.1317325305
2538.0	61	9841.208499037712
2539.0	77	9841.285013224913
2540.0	88	9841.361275468145
2541.0	79	9841.437286142884
2542.0	76	9841.513045624039
2543.0	78	9841.58855428598
2544.0	62	9841.663812502511
2545.0	88	9841.73882064689
2546.0	74	9841.813579091811
2547.0	91	9841.88808820944
2548.0	78	9841.962348371353
2549.0	73	9842.036359948617
2550.0	79	9842.110123311713
2551.0	83	9842.183638830604
2552.0	81	9842.256906874687
2553.0	75	9842.32992781281
2554.0	81	9842.402702013287
2555.0	73	9842.475229843876
2556.0	74	9842.547511671795
2557.0	91	9842.619547863716
2558.0	99	9842.691338785773
2559.0	68	9842.762884803551
2560.0	71	9842.834186282098
2561.0	97	9842.905243585908
2562.0	86	9842.976057078968
2563.0	75	9843.046627124677
2564.0	70	9843.116954085941
2565.0	88	9843.187038325112
2566.0	78	9843.256880203991
2567.0	89	9843.326480083862
2568.0	96	9843.395838325472
2569.0	64	9843.464955289019
2570.0	68	9843.533831334178
2571.0	78	9843.602466820097
2572.0	91	9843.670862105382
2573.0	69	9843.739017548114
2574.0	67	9843.806933505835
2575.0	72	9843.874610335568
2576.0	79	9843.9420483938
2577.0	73	9844.009248036497
2578.0	75	9844.076209619083
2579.0	65	9844.142933496465
2580.0	82	9844.209420023031
2581.0	76	9844.275669552644
2582.0	76	9844.341682438619
2583.0	88	9844.407459033784
2584.0	81	9844.47299969041
2585.0	80	9844.538304760263
2586.0	91	9844.603374594602
2587.0	65	9844.668209544128
2588.0	76	9844.732809959061
2589.0	82	9844.797176189075
2590.0	86	9844.861308583339
2591.0	72	9844.925207490509
2592.0	62	9844.988873258713
2593.0	85	9845.052306235571
2594.0	87	9845.115506768176
2595.0	69	9845.178475203125
2596.0	70	9845.2412118865
2597.0	75	9845.303717163839
2598.0	73	9845.365991380211
2599.0	84	9845.428034880153
2600.0	76	9845.489848007695
2601.0	86	9845.551431106349
2602.0	79	9845.61278451912
2603.0	65	9845.673908588526
2604.0	78	9845.73480365655
2605.0	86	9845.795470064693
2606.0	69	9845.85590815392
2607.0	76	9845.91611826471
2608.0	77	9845.976100737049
2609.0	77	9846.035855910395
2610.0	74	9846.09538412372
2611.0	78	9846.154685715479
2612.0	92	9846.213761023646
2613.0	72	9846.272610385677
2614.0	91	9846.331234138534
2615.0	73	9846.389632618679
2616.0	76	9846.447806162072
2617.0	84	9846.505755104192
2618.0	67	9846.56347978
2619.0	79	9846.620980523974
2620.0	76	9846.678257670086
2621.0	76	9846.735311551825
2622.0	76	9846.79214250218
2623.0	79	9846.848750853642
2624.0	72	9846.905136938214
2625.0	70	9846.961301087422
2626.0	83	9847.017243632266
2627.0	72	9847.072964903295
2628.0	65	9847.128465230531
2629.0	81	9847.183744943544
2630.0	72	9847.238804371385
2631.0	76	9847.293643842635
2632.0	86	9847.348263685373
2633.0	89	9847.402664227218
2634.0	93	9847.456845795286
2635.0	84	9847.510808716203
2636.0	81	9847.564553316113
2637.0	76	9847.6180799207
2638.0	81	9847.671388855133
2639.0	65	9847.724480444125
2640.0	78	9847.777355011889
2641.0	92	9847.830012882163
2642.0	77	9847.882454378214
2643.0	90	9847.934679822827
2644.0	86	9847.986689538304
2645.0	87	9848.038483846476
2646.0	77	9848.09006306868
2647.0	88	9848.141427525801
2648.0	77	9848.19257753823
2649.0	76	9848.243513425903
2650.0	83	9848.294235508261
2651.0	64	9848.344744104284
2652.0	82	9848.395039532475
2653.0	84	9848.445122110861
2654.0	62	9848.494992157015
2655.0	82	9848.544649988022
2656.0	90	9848.594095920507
2657.0	69	9848.643330270606
2658.0	72	9848.692353354027
2659.0	79	9848.741165485973
2660.0	60	9848.789766981197
2661.0	67	9848.83815815397
2662.0	90	9848.88633931813
2663.0	71	9848.934310787015
2664.0	71	9848.98207287352
2665.0	82	9849.029625890065
2666.0	70	9849.076970148613
2667.0	70	9849.124105960673
2668.0	80	9849.171033637265
2669.0	85	9849.217753488983
2670.0	61	9849.264265825941
2671.0	73	9849.310570957792
2672.0	62	9849.356669193741
2673.0	72	9849.402560842529
2674.0	74	9849.448246212434
2675.0	88	9849.493725611286
2676.0	101	9849.538999346467
2677.0	81	9849.584067724876
2678.0	71	9849.628931052983
2679.0	78	9849.673589636792
2680.0	72	9849.718043781875
2681.0	84	9849.7622937933
2682.0	56	9849.806339975748
2683.0	81	9849.850182633401
2684.0	79	9849.89382207001
2685.0	78	9849.937258588872
2686.0	78	9849.98049249283
2687.0	67	9850.023524084292
2688.0	63	9850.066353665208
2689.0	70	9850.108981537081
2690.0	81	9850.151408000971
2691.0	87	9850.193633357487
2692.0	69	9850.235657906795
2693.0	78	9850.277481948619
2694.0	84	9850.319105782231
2695.0	70	9850.360529706479
2696.0	82	9850.401754019736
2697.0	57	9850.442779019964
2698.0	73	9850.483605004669
2699.0	73	9850.52423227092
2700.0	79	9850.564661115344
2701.0	79	9850.60489183413
2702.0	79	9850.644924723021
2703.0	94	9850.68476007733
2704.0	79	9850.724398191942
2705.0	65	9850.763839361278
2706.0	88	9850.803083879342
2707.0	61	9850.842132039708
2708.0	95	9850.880984135503
2709.0	94	9850.919640459424
2710.0	73	9850.95810130372
2711.0	71	9850.99636696024
2712.0	100	9851.034437720376
2713.0	74	9851.07231387508
2714.0	87	9851.109995714904
2715.0	81	9851.147483529945
2716.0	87	9851.184777609873
2717.0	64	9851.22187824394
2718.0	87	9851.25878572096
2719.0	77	9851.295500329321
2720.0	76	9851.332022356983
2721.0	74	9851.368352091487
2722.0	80	9851.404489819937
2723.0	88	9851.440435829023
2724.0	60	9851.476190405003
2725.0	66	9851.5117538337
2726.0	89	9851.54712640054
2727.0	74	9851.582308390505
2728.0	75	9851.617300088166
2729.0	75	9851.652101777658
2730.0	63	9851.686713742725
2731.0	70	9851.721136266646
2732.0	63	9851.755369632318
2733.0	82	9851.789414122219
2734.0	84	9851.823270018365
2735.0	85	9851.856937602419
2736.0	74	9851.890417155566
2737.0	56	9851.923708958613
2738.0	92	9851.956813291932
2739.0	95	9851.989730435502
2740.0	73	9852.022460668852
2741.0	75	9852.055004271135
2742.0	83	9852.087361521058
2743.0	81	9852.119532696937
2744.0	74	9852.15151807666
2745.0	69	9852.18331793773
2746.0	63	9852.214932557205
2747.0	73	9852.246362211748
2748.0	79	9852.277607177622
2749.0	80	9852.308667730656
2750.0	88	9852.339544146305
2751.0	72	9852.370236699579
2752.0	80	9852.400745665105
2753.0	74	9852.431071317098
2754.0	80	9852.46121392936
2755.0	83	9852.49117377529
2756.0	91	9852.520951127894
2757.0	62	9852.550546259754
2758.0	78	9852.579959443065
2759.0	82	9852.60919094961
2760.0	80	9852.638241050765
2761.0	91	9852.667110017515
2762.0	76	9852.695798120441
2763.0	78	9852.724305629716
2764.0	79	9852.752632815123
2765.0	85	9852.78077994603
2766.0	88	9852.808747291432
2767.0	81	9852.836535119894
2768.0	79	9852.86414369961
2769.0	57	9852.891573298355
2770.0	72	9852.918824183525
2771.0	81	9852.945896622105
2772.0	82	9852.972790880696
2773.0	70	9852.999507225506
2774.0	73	9853.026045922335
2775.0	70	9853.052407236592
2776.0	59	9853.078591433316
2777.0	81	9853.104598777118
2778.0	77	9853.130429532239
2779.0	84	9853.156083962524
2780.0	84	9853.181562331427
2781.0	68	9853.206864902004
2782.0	80	9853.231991936957
2783.0	75	9853.256943698527
2784.0	80	9853.28172044864
2785.0	85	9853.306322448809
2786.0	73	9853.330749960127
2787.0	79	9853.35500324335
2788.0	80	9853.379082558818
2789.0	70	9853.402988166488
2790.0	70	9853.426720325951
2791.0	69	9853.450279296394
2792.0	80	9853.473665336614
2793.0	60	9853.496878705042
2794.0	90	9853.519919659728
2795.0	78	9853.542788458328
2796.0	85	9853.56548535811
2797.0	75	9853.588010615986
2798.0	85	9853.61036448847
2799.0	77	9853.632547231686
2800.0	88	9853.654559101402
2801.0	72	9853.676400352992
2802.0	75	9853.698071241459
2803.0	71	9853.719572021417
2804.0	64	9853.740902947116
2805.0	72	9853.76206427244
2806.0	61	9853.783056250852
2807.0	78	9853.803879135485
2808.0	89	9853.824533179075
2809.0	65	9853.845018634003
2810.0	91	9853.865335752243
2811.0	83	9853.885484785427
2812.0	72	9853.905465984797
2813.0	84	9853.925279601232
2814.0	67	9853.944925885226
2815.0	61	9853.964405086921
2816.0	93	9853.983717456082
2817.0	87	9854.00286324209
2818.0	72	9854.021842693977
2819.0	54	9854.040656060388
2820.0	75	9854.05930358961
2821.0	74	9854.077785529567
2822.0	73	9854.096102127798
2823.0	75	9854.1142536315
2824.0	75	9854.132240287481
2825.0	82	9854.150062342189
2826.0	78	9854.167720041716
2827.0	79	9854.185213631783
2828.0	86	9854.202543357747
2829.0	87	9854.219709464607
2830.0	72	9854.236712196984
2831.0	82	9854.253551799156
2832.0	85	9854.270228515032
2833.0	81	9854.28674258815
2834.0	70	9854.303094261695
2835.0	77	9854.319283778494
2836.0	71	9854.335311381012
2837.0	86	9854.351177311362
2838.0	78	9854.366881811273
2839.0	92	9854.382425122158
2840.0	70	9854.397807485031
2841.0	87	9854.413029140565
2842.0	81	9854.428090329087
2843.0	81	9854.442991290558
2844.0	62	9854.457732264582
2845.0	82	9854.472313490403
2846.0	91	9854.486735206934
2847.0	65	9854.500997652705
2848.0	77	9854.515101065914
2849.0	82	9854.529045684387
2850.0	71	9854.542831745617
2851.0	77	9854.556459486736
2852.0	64	9854.569929144522
2853.0	71	9854.583240955411
2854.0	88	9854.596395155475
2855.0	84	9854.609391980453
2856.0	86	9854.62223166572
2857.0	73	9854.634914446307
2858.0	76	9854.647440556902
2859.0	70	9854.659810231851
2860.0	87	9854.672023705129
2861.0	93	9854.684081210384
2862.0	72	9854.695982980915
2863.0	80	9854.707729249674
2864.0	70	9854.71932024926
2865.0	65	9854.730756211946
2866.0	86	9854.742037369635
2867.0	80	9854.753163953912
2868.0	79	9854.76413619601
2869.0	73	9854.774954326804
2870.0	79	9854.785618576852
2871.0	90	9854.79612917635
2872.0	85	9854.806486355175
2873.0	84	9854.81669034284
2874.0	79	9854.826741368532
2875.0	70	9854.836639661082
2876.0	70	9854.846385449013
2877.0	85	9854.85597896048
2878.0	72	9854.86542042332
2879.0	84	9854.87471006501
2880.0	71	9854.883848112722
2881.0	72	9854.892834793256
2882.0	92	9854.9016703331
2883.0	72	9854.910354958398
2884.0	72	9854.918888894961
2885.0	85	9854.927272368264
2886.0	65	9854.935505603456
2887.0	79	9854.943588825334
2888.0	67	9854.951522258378
2889.0	74	9854.959306126739
2890.0	101	9854.966940654218
2891.0	66	9854.974426064296
2892.0	80	9854.981762580128
2893.0	85	9854.988950424515
2894.0	69	9854.995989819961
2895.0	79	9855.002880988623
2896.0	82	9855.009624152317
2897.0	86	9855.016219532552
2898.0	65	9855.022667350504
2899.0	74	9855.028967827006
2900.0	84	9855.035121182582
2901.0	87	9855.041127637425
2902.0	68	9855.046987411391
2903.0	92	9855.052700724025
2904.0	76	9855.058267794551
2905.0	66	9855.063688841832
2906.0	74	9855.068964084452
2907.0	68	9855.074093740646
2908.0	78	9855.079078028324
2909.0	81	9855.083917165093
2910.0	83	9855.088611368219
2911.0	70	9855.093160854658
2912.0	76	9855.097565841023
2913.0	77	9855.101826543636
2914.0	68	9855.105943178483
2915.0	79	9855.109915961222
2916.0	82	9855.113745107212
2917.0	67	9855.11743083148
2918.0	71	9855.12097334873
2919.0	64	9855.124372873364
2920.0	73	9855.127629619446
2921.0	80	9855.130743800739
2922.0	61	9855.133715630685
2923.0	86	9855.13654532241
2924.0	85	9855.139233088716
2925.0	86	9855.141779142097
2926.0	68	9855.14418369474
2927.0	75	9855.146446958506
2928.0	73	9855.148569144945
2929.0	74	9855.15055046529
2930.0	69	9855.152391130465
2931.0	79	9855.154091351098
2932.0	78	9855.155651337473
2933.0	65	9855.157071299578
2934.0	66	9855.158351447095
2935.0	71	9855.159491989401
2936.0	77	9855.160493135525
2937.0	81	9855.161355094237
2938.0	75	9855.162078073969
2939.0	71	9855.162662282846
2940.0	61	9855.163107928694
2941.0	84	9855.16341521902
2942.0	78	9855.16358436103
2943.0	91	9855.163615561627
2944.0	72	9855.163509027392
2945.0	80	9855.163264964624
2946.0	79	9855.162883579296
2947.0	79	9855.162365077078
2948.0	86	9855.161709663344
2949.0	82	9855.160917543166
2950.0	69	9855.159988921303
2951.0	90	9855.158924002208
2952.0	86	9855.157722990032
2953.0	78	9855.156386088645
2954.0	78	9855.154913501598
2955.0	68	9855.153305432119
2956.0	82	9855.151562083178
2957.0	65	9855.149683657419
2958.0	71	9855.147670357179
2959.0	64	9855.145522384513
2960.0	65	9855.14323994117
2961.0	69	9855.140823228603
2962.0	61	9855.13827244796
2963.0	74	9855.135587800096
2964.0	84	9855.132769485568
2965.0	86	9855.12981770463
2966.0	78	9855.126732657243
2967.0	83	9855.123514543076
2968.0	81	9855.120163561507
2969.0	77	9855.116679911594
2970.0	63	9855.11306379213
2971.0	76	9855.109315401594
2972.0	75	9855.105434938185
2973.0	72	9855.101422599788
2974.0	78	9855.097278584013
2975.0	83	9855.093003088174
2976.0	67	9855.088596309299
2977.0	61	9855.084058444094
2978.0	80	9855.079389689012
2979.0	76	9855.074590240189
2980.0	69	9855.06966029349
2981.0	69	9855.064600044463
2982.0	68	9855.0594096884
2983.0	79	9855.054089420277
2984.0	75	9855.048639434795
2985.0	72	9855.043059926353
2986.0	69	9855.037351089073
2987.0	74	9855.031513116797
2988.0	77	9855.025546203064
2989.0	86	9855.019450541135
2990.0	84	9855.013226323981
2991.0	91	9855.006873744283
2992.0	68	9855.000392994452
2993.0	78	9854.993784266593
2994.0	82	9854.987047752542
2995.0	65	9854.980183643846
2996.0	77	9854.97319213177
2997.0	73	9854.966073407291
2998.0	66	9854.958827661116
2999.0	87	9854.951455083641
3000.0	97	9854.943955865016
3001.0	77	9854.93633019508
3002.0	66	9854.928578263409
3003.0	82	9854.920700259292
3004.0	76	9854.912696371726
3005.0	85	9854.904566789453
3006.0	80	9854.896311700917
3007.0	86	9854.887931294286
3008.0	66	9854.879425757452
3009.0	69	9854.87079527802
3010.0	84	9854.862040043334
3011.0	74	9854.853160240453
3012.0	94	9854.84415605614
3013.0	77	9854.835027676925
3014.0	74	9854.825775289002
3015.0	85	9854.816399078352
3016.0	105	9854.806899230627
3017.0	81	9854.797275931243
3018.0	85	9854.787529365318
3019.0	65	9854.777659717705
3020.0	72	9854.767667172982
3021.0	70	9854.75755191545
3022.0	75	9854.747314129143
3023.0	79	9854.736953997824
3024.0	70	9854.72647170497
3025.0	72	9854.715867433797
3026.0	70	9854.70514136725
3027.0	88	9854.69429368801
3028.0	85	9854.683324578458
3029.0	68	9854.67223422074
3030.0	69	9854.66102279671
3031.0	70	9854.64969048796
3032.0	86	9854.638237475821
3033.0	77	9854.626663941346
3034.0	75	9854.614970065304
3035.0	82	9854.603156028232
3036.0	74	9854.591222010373
3037.0	81	9854.57916819171
3038.0	77	9854.56699475196
3039.0	86	9854.554701870582
3040.0	86	9854.542289726745
3041.0	73	9854.529758499382
3042.0	70	9854.517108367136
3043.0	73	9854.50433950841
3044.0	84	9854.491452101323
3045.0	72	9854.47844632373
3046.0	88	9854.465322353233
3047.0	84	9854.452080367164
3048.0	85	9854.438720542614
3049.0	79	9854.425243056363
3050.0	73	9854.411648084984
3051.0	75	9854.397935804747
3052.0	66	9854.384106391688
3053.0	83	9854.370160021566
3054.0	86	9854.356096869877
3055.0	81	9854.341917111884
3056.0	86	9854.32762092255
3057.0	77	9854.31320847662
3058.0	69	9854.298679948548
3059.0	83	9854.28403551254
3060.0	82	9854.269275342553
3061.0	71	9854.254399612279
3062.0	93	9854.239408495143
3063.0	79	9854.22430216433
3064.0	71	9854.209080792767
3065.0	78	9854.193744553104
3066.0	79	9854.178293617764
3067.0	85	9854.162728158894
3068.0	81	9854.147048348395
3069.0	77	9854.131254357912
3070.0	71	9854.115346358827
3071.0	65	9854.099324522285
3072.0	68	9854.083189019158
3073.0	75	9854.06694002009
3074.0	67	9854.050577695447
3075.0	72	9854.034102215355
3076.0	72	9854.017513749683
3077.0	78	9854.00081246805
3078.0	78	9853.983998539838
3079.0	63	9853.967072134148
3080.0	79	9853.950033419858
3081.0	97	9853.932882565588
3082.0	81	9853.91561973969
3083.0	82	9853.898245110302
3084.0	81	9853.880758845273
3085.0	79	9853.863161112235
3086.0	87	9853.845452078562
3087.0	67	9853.827631911368
3088.0	80	9853.809700777538
3089.0	69	9853.791658843706
3090.0	78	9853.77350627624
3091.0	78	9853.755243241278
3092.0	77	9853.736869904718
3093.0	66	9853.7183864322
3094.0	63	9853.699792989128
3095.0	74	9853.681089740643
3096.0	84	9853.662276851663
3097.0	77	9853.643354486847
3098.0	83	9853.624322810623
3099.0	78	9853.60518198716
3100.0	101	9853.585932180393
3101.0	74	9853.566573554022
3102.0	84	9853.54710627148
3103.0	89	9853.527530495989
3104.0	68	9853.507846390503
3105.0	76	9853.488054117743
3106.0	75	9853.4681538402
3107.0	71	9853.448145720113
3108.0	76	9853.428029919476
3109.0	67	9853.407806600051
3110.0	80	9853.387475923364
3111.0	71	9853.367038050697
3112.0	79	9853.346493143095
3113.0	71	9853.32584136135
3114.0	82	9853.305082866043
3115.0	67	9853.28421781749
3116.0	77	9853.263246375791
3117.0	78	9853.242168700795
3118.0	82	9853.220984952115
3119.0	57	9853.199695289139
3120.0	70	9853.178299871006
3121.0	75	9853.15679885662
3122.0	88	9853.135192404667
3123.0	82	9853.113480673577
3124.0	84	9853.091663821555
3125.0	66	9853.069742006563
3126.0	89	9853.047715386338
3127.0	82	9853.025584118392
3128.0	70	9853.003348359976
3129.0	71	9852.981008268138
3130.0	74	9852.958563999668
3131.0	94	9852.936015711142
3132.0	81	9852.913363558908
3133.0	69	9852.890607699057
3134.0	63	9852.867748287466
3135.0	75	9852.844785479787
3136.0	69	9852.821719431418
3137.0	76	9852.798550297559
3138.0	71	9852.775278233146
3139.0	63	9852.75190339293
3140.0	80	9852.728425931378
3141.0	86	9852.704846002758
3142.0	70	9852.681163761124
3143.0	65	9852.657379360275
3144.0	72	9852.633492953786
3145.0	76	9852.609504695021
3146.0	76	9852.585414737103
3147.0	73	9852.56122323292
3148.0	84	9852.536930335158
3149.0	88	9852.512536196255
3150.0	83	9852.488040968445
3151.0	76	9852.463444803707
3152.0	75	9852.438747853823
3153.0	77	9852.413950270327
3154.0	75	9852.38905220455
3155.0	87	9852.364053807585
3156.0	81	9852.338955230303
3157.0	73	9852.31375662335
3158.0	69	9852.288458137155
3159.0	74	9852.263059921917
3160.0	78	9852.237562127635
3161.0	83	9852.21196490404
3162.0	96	9852.186268400686
3163.0	86	9852.160472766886
3164.0	89	9852.134578151723
3165.0	86	9852.108584704087
3166.0	85	9852.082492572614
3167.0	85	9852.056301905737
3168.0	83	9852.030012851686
3169.0	75	9852.003625558435
3170.0	67	9851.977140173754
3171.0	69	9851.950556845217
3172.0	75	9851.923875720146
3173.0	62	9851.897096945657
3174.0	81	9851.870220668656
3175.0	71	9851.843247035824
3176.0	104	9851.816176193628
3177.0	78	9851.789008288308
3178.0	63	9851.761743465895
3179.0	84	9851.734381872202
3180.0	91	9851.706923652842
3181.0	81	9851.679368953177
3182.0	78	9851.651717918388
3183.0	65	9851.623970693427
3184.0	72	9851.596127423021
3185.0	79	9851.56818825171
3186.0	89	9851.540153323782
3187.0	83	9851.512022783354
3188.0	95	9851.483796774286
3189.0	70	9851.455475440267
3190.0	60	9851.427058924735
3191.0	74	9851.398547370942
3192.0	76	9851.369940921926
3193.0	79	9851.34123972049
3194.0	90	9851.312443909246
3195.0	75	9851.283553630597
3196.0	65	9851.254569026725
3197.0	83	9851.225490239609
3198.0	82	9851.196317410993
3199.0	81	9851.167050682456
3200.0	65	9851.137690195328
3201.0	82	9851.108236090748
3202.0	78	9851.078688509644
3203.0	94	9851.049047592734
3204.0	75	9851.019313480512
3205.0	73	9850.989486313301
3206.0	92	9850.959566231175
3207.0	84	9850.92955337403
3208.0	87	9850.899447881538
3209.0	66	9850.869249893174
3210.0	77	9850.838959548199
3211.0	87	9850.80857698567
3212.0	85	9850.778102344431
3213.0	78	9850.747535763156
3214.0	71	9850.716877380259
3215.0	55	9850.686127333982
3216.0	87	9850.655285762357
3217.0	69	9850.624352803214
3218.0	85	9850.593328594174
3219.0	68	9850.562213272648
3220.0	71	9850.531006975853
3221.0	77	9850.499709840808
3222.0	71	9850.468322004315
3223.0	61	9850.436843602982
3224.0	78	9850.405274773202
3225.0	76	9850.373615651197
3226.0	73	9850.341866372948
3227.0	77	9850.31002707426
3228.0	75	9850.278097890725
3229.0	82	9850.246078957749
3230.0	88	9850.213970410518
3231.0	70	9850.181772384032
3232.0	81	9850.149485013077
3233.0	80	9850.117108432254
3234.0	77	9850.084642775966
3235.0	76	9850.052088178398
3236.0	73	9850.019444773554
3237.0	80	9849.986712695229
3238.0	76	9849.953892077028
3239.0	84	9849.920983052352
3240.0	75	9849.88798575441
3241.0	83	9849.854900316212
3242.0	74	9849.821726870552
3243.0	80	9849.78846555007
3244.0	89	9849.755116487158
3245.0	85	9849.721679814058
3246.0	77	9849.688155662781
3247.0	101	9849.65454416517
3248.0	84	9849.62084545285
3249.0	66	9849.58705965726
3250.0	72	9849.553186909661
3251.0	81	9849.519227341081
3252.0	82	9849.48518108239
3253.0	85	9849.451048264245
3254.0	67	9849.416829017122
3255.0	72	9849.38252347129
3256.0	83	9849.348131756837
3257.0	58	9849.313654003641
3258.0	79	9849.279090341413
3259.0	73	9849.244440899654
3260.0	77	9849.209705807676
3261.0	86	9849.174885194603
3262.0	75	9849.139979189364
3263.0	78	9849.104987920697
3264.0	85	9849.069911517148
3265.0	92	9849.034750107086
3266.0	77	9848.99950381867
3267.0	85	9848.964172779875
3268.0	81	9848.928757118505
3269.0	80	9848.893256962143
3270.0	80	9848.85767243821
3271.0	75	9848.822003673922
3272.0	90	9848.78625079631
3273.0	93	9848.750413932225
3274.0	60	9848.714493208321
3275.0	89	9848.678488751068
3276.0	77	9848.642400686747
3277.0	87	9848.606229141447
3278.0	76	9848.56997424109
3279.0	78	9848.533636111382
3280.0	82	9848.49721487787
3281.0	68	9848.460710665891
3282.0	80	9848.424123600618
3283.0	78	9848.387453807032
3284.0	79	9848.350701409916
3285.0	91	9848.313866533883
3286.0	65	9848.276949303352
3287.0	99	9848.239949842568
3288.0	81	9848.202868275579
3289.0	88	9848.165704726258
3290.0	86	9848.128459318297
3291.0	88	9848.091132175205
3292.0	79	9848.05372342029
3293.0	85	9848.016233176695
3294.0	68	9847.978661567375
3295.0	81	9847.94100871511
3296.0	80	9847.90327474248
3297.0	74	9847.865459771914
3298.0	69	9847.827563925634
3299.0	88	9847.789587325671
3300.0	78	9847.751530093918
3301.0	78	9847.713392352045
3302.0	59	9847.675174221558
3303.0	82	9847.636875823791
3304.0	78	9847.598497279887
3305.0	75	9847.560038710813
3306.0	81	9847.521500237353
3307.0	93	9847.482881980128
3308.0	73	9847.444184059554
3309.0	81	9847.405406595886
3310.0	73	9847.366549709212
3311.0	64	9847.327613519405
3312.0	79	9847.28859814619
3313.0	75	9847.249503709118
3314.0	72	9847.210330327545
3315.0	75	9847.171078120662
3316.0	61	9847.131747207468
3317.0	71	9847.092337706808
3318.0	93	9847.052849737327
3319.0	90	9847.01328341753
3320.0	63	9846.973638865698
3321.0	84	9846.933916199972
3322.0	86	9846.894115538305
3323.0	93	9846.854236998497
3324.0	86	9846.814280698125
3325.0	66	9846.774246754641
3326.0	92	9846.734135285295
3327.0	83	9846.693946407184
3328.0	75	9846.653680237205
3329.0	87	9846.613336892093
3330.0	82	9846.57291648843
3331.0	79	9846.5324191426
3332.0	79	9846.491844970817
3333.0	81	9846.451194089139
3334.0	90	9846.410466613435
3335.0	77	9846.369662659416
3336.0	78	9846.32878234261
3337.0	77	9846.287825778369
3338.0	82	9846.2467930819
3339.0	83	9846.205684368213
3340.0	69	9846.164499752162
3341.0	85	9846.12323934842
3342.0	72	9846.081903271504
3343.0	72	9846.040491635751
3344.0	83	9845.999004555335
3345.0	69	9845.957442144245
3346.0	61	9845.915804516326
3347.0	98	9845.874091785236
3348.0	73	9845.832304064466
3349.0	81	9845.790441467356
3350.0	95	9845.748504107058
3351.0	82	9845.706492096555
3352.0	80	9845.664405548685
3353.0	94	9845.622244576096
3354.0	75	9845.580009291281
3355.0	70	9845.53769980656
3356.0	80	9845.495316234103
3357.0	67	9845.452858685883
3358.0	92	9845.410327273727
3359.0	92	9845.367722109306
3360.0	81	9845.325043304107
3361.0	77	9845.282290969457
3362.0	74	9845.23946521652
3363.0	73	9845.196566156295
3364.0	78	9845.153593899626
3365.0	78	9845.11054855716
3366.0	78	9845.067430239425
3367.0	80	9845.024239056758
3368.0	68	9844.980975119332
3369.0	83	9844.937638537162
3370.0	69	9844.894229420108
3371.0	67	9844.85074787786
3372.0	71	9844.807194019942
3373.0	88	9844.763567955719
3374.0	81	9844.71986979439
3375.0	70	9844.676099644998
3376.0	74	9844.63225761644
3377.0	88	9844.588343817406
3378.0	64	9844.544358356476
3379.0	78	9844.500301342026
3380.0	76	9844.45617288232
3381.0	78	9844.411973085402
3382.0	95	9844.367702059206
3383.0	87	9844.32335991148
3384.0	77	9844.278946749828
3385.0	82	9844.234462681688
3386.0	73	9844.189907814321
3387.0	88	9844.14528225486
3388.0	95	9844.100586110251
3389.0	68	9844.055819487316
3390.0	77	9844.010982492677
3391.0	82	9843.966075232827
3392.0	87	9843.921097814098
3393.0	77	9843.876050342655
3394.0	90	9843.830932924504
3395.0	80	9843.785745665515
3396.0	69	9843.740488671372
3397.0	89	9843.695162047621
3398.0	81	9843.649765899643
3399.0	82	9843.604300332678
3400.0	84	9843.558765451791
3401.0	71	9843.51316136191
3402.0	85	9843.467488167782
3403.0	87	9843.421745974023
3404.0	94	9843.375934885082
3405.0	86	9843.330055005254
3406.0	75	9843.284106438692
3407.0	83	9843.238089289363
3408.0	73	9843.19200366112
3409.0	68	9843.145849657643
3410.0	83	9843.099627382451
3411.0	64	9843.053336938925
3412.0	80	9843.006978430272
3413.0	101	9842.960551959572
3414.0	81	9842.91405762973
3415.0	67	9842.867495543518
3416.0	79	9842.820865803542
3417.0	66	9842.77416851225
3418.0	84	9842.727403771965
3419.0	76	9842.680571684823
3420.0	63	9842.633672352846
3421.0	83	9842.586705877871
3422.0	77	9842.539672361605
3423.0	76	9842.492571905597
3424.0	77	9842.445404611246
3425.0	82	9842.398170579803
3426.0	87	9842.350869912369
3427.0	86	9842.303502709896
3428.0	83	9842.256069073164
3429.0	75	9842.208569102855
3430.0	72	9842.161002899447
3431.0	64	9842.1133705633
3432.0	86	9842.065672194629
3433.0	82	9842.017907893473
3434.0	68	9841.970077759743
3435.0	82	9841.922181893202
3436.0	77	9841.874220393463
3437.0	86	9841.826193359986
3438.0	72	9841.778100892083
3439.0	106	9841.729943088932
3440.0	84	9841.681720049553
3441.0	87	9841.633431872826
3442.0	72	9841.585078657474
3443.0	74	9841.536660502077
3444.0	85	9841.48817750507
3445.0	81	9841.439629764767
3446.0	95	9841.391017379285
3447.0	86	9841.34234044663
3448.0	88	9841.29359906467
3449.0	67	9841.244793331101
3450.0	84	9841.195923343494
3451.0	62	9841.146989199267
3452.0	64	9841.097990995702
3453.0	89	9841.048928829927
3454.0	78	9840.999802798924
3455.0	91	9840.950612999546
3456.0	70	9840.90135952849
3457.0	71	9840.852042482307
3458.0	73	9840.802661957425
3459.0	90	9840.753218050108
3460.0	83	9840.703710856482
3461.0	83	9840.654140472538
3462.0	77	9840.604506994121
3463.0	71	9840.554810516931
3464.0	81	9840.50505113653
3465.0	87	9840.455228948329
3466.0	76	9840.405344047613
3467.0	82	9840.355396529518
3468.0	79	9840.305386489043
3469.0	78	9840.25531402103
3470.0	88	9840.20517922021
3471.0	87	9840.154982181139
3472.0	71	9840.104722998267
3473.0	72	9840.05440176587
3474.0	90	9840.004018578122
3475.0	90	9839.95357352901
3476.0	70	9839.903066712444
3477.0	66	9839.85249822213
3478.0	88	9839.801868151682
3479.0	77	9839.75117659455
3480.0	75	9839.700423644059
3481.0	87	9839.649609393386
3482.0	79	9839.598733935582
3483.0	82	9839.547797363539
3484.0	72	9839.49679977004
3485.0	75	9839.445741247706
3486.0	80	9839.394621889043
3487.0	65	9839.343441786381
3488.0	72	9839.29220103197
3489.0	86	9839.24089971787
3490.0	86	9839.189537936041
3491.0	74	9839.138115778289
3492.0	88	9839.086633336288
3493.0	75	9839.035090701573
3494.0	84	9838.983487965548
3495.0	53	9838.931825219488
3496.0	74	9838.880102554513
3497.0	74	9838.828320061628
3498.0	98	9838.776477831687
3499.0	73	9838.724575955419
3500.0	79	9838.672614523433
3501.0	68	9838.620593626169
3502.0	99	9838.568513353955
3503.0	77	9838.51637379698
3504.0	70	9838.464175045316
3505.0	64	9838.411917188872
3506.0	69	9838.35960031744
3507.0	93	9838.307224520691
3508.0	75	9838.254789888126
3509.0	75	9838.202296509158
3510.0	71	9838.149744473034
3511.0	75	9838.097133868896
3512.0	87	9838.044464785718
3513.0	81	9837.99173731238
3514.0	80	9837.938951537599
3515.0	80	9837.886107549997
3516.0	89	9837.833205438028
3517.0	76	9837.78024529002
3518.0	69	9837.727227194202
3519.0	81	9837.67415123864
3520.0	74	9837.621017511274
3521.0	74	9837.567826099928
3522.0	80	9837.514577092285
3523.0	76	9837.461270575895
3524.0	78	9837.407906638193
3525.0	66	9837.354485366466
3526.0	92	9837.301006847889
3527.0	65	9837.247471169492
3528.0	84	9837.193878418188
3529.0	92	9837.140228680752
3530.0	76	9837.086522043845
3531.0	89	9837.032758593983
3532.0	74	9836.978938417553
3533.0	72	9836.925061600841
3534.0	79	9836.871128229965
3535.0	87	9836.81713839095
3536.0	98	9836.763092169682
3537.0	64	9836.708989651896
3538.0	78	9836.654830923238
3539.0	81	9836.600616069216
3540.0	78	9836.5463451752
3541.0	83	9836.492018326426
3542.0	75	9836.43763560804
3543.0	74	9836.383197105017
3544.0	78	9836.328702902234
3545.0	84	9836.274153084447
3546.0	72	9836.219547736271
3547.0	84	9836.164886942192
3548.0	86	9836.11017078659
3549.0	53	9836.055399353701
3550.0	69	9836.000572727638
3551.0	79	9835.945690992416
3552.0	79	9835.890754231881
3553.0	66	9835.835762529794
3554.0	69	9835.78071596978
3555.0	77	9835.725614635317
3556.0	66	9835.670458609806
3557.0	87	9835.61524797647
3558.0	78	9835.559982818455
3559.0	83	9835.504663218755
3560.0	87	9835.449289260258
3561.0	90	9835.393861025714
3562.0	78	9835.33837859777
3563.0	77	9835.282842058921
3564.0	71	9835.227251491578
3565.0	80	9835.171606977998
3566.0	73	9835.115908600326
3567.0	84	9835.060156440599
3568.0	65	9835.004350580706
3569.0	81	9834.948491102434
3570.0	72	9834.892578087443
3571.0	84	9834.836611617282
3572.0	80	9834.780591773364
3573.0	79	9834.724518636975
3574.0	79	9834.668392289315
3575.0	77	9834.612212811428
3576.0	78	9834.555980284253
3577.0	72	9834.49969478861
3578.0	74	9834.443356405196
3579.0	86	9834.386965214593
3580.0	81	9834.330521297254
3581.0	71	9834.274024733515
3582.0	71	9834.217475603613
3583.0	84	9834.160873987625
3584.0	83	9834.104219965566
3585.0	69	9834.047513617264
3586.0	69	9833.990755022496
3587.0	78	9833.933944260869
3588.0	70	9833.877081411913
3589.0	80	9833.820166555
3590.0	84	9833.763199769419
3591.0	83	9833.706181134314
3592.0	78	9833.649110728737
3593.0	81	9833.591988631604
3594.0	79	9833.534814921724
3595.0	76	9833.477589677783
3596.0	85	9833.420312978358
3597.0	80	9833.362984901902
3598.0	73	9833.305605526748
3599.0	76	9833.24817493113
3600.0	76	9833.190693193146
3601.0	70	9833.1331603908
3602.0	85	9833.07557660196
3603.0	70	9833.01794190438
3604.0	79	9832.960256375718
3605.0	68	9832.90252009351
3606.0	78	9832.844733135149
3607.0	83	9832.786895577956
3608.0	68	9832.729007499112
3609.0	66	9832.671068975693
3610.0	83	9832.61308008464
3611.0	82	9832.555040902813
3612.0	87	9832.49695150694
3613.0	74	9832.438811973632
3614.0	87	9832.380622379389
3615.0	83	9832.32238280061
3616.0	67	9832.264093313575
3617.0	79	9832.205753994427
3618.0	83	9832.147364919232
3619.0	88	9832.088926163922
3620.0	59	9832.030437804333
3621.0	89	9831.971899916165
3622.0	72	9831.913312575018
3623.0	85	9831.854675856383
3624.0	83	9831.79598983564
3625.0	78	9831.73725458805
3626.0	64	9831.67847018877
3627.0	64	9831.619636712845
3628.0	76	9831.560754235203
3629.0	80	9831.501822830653
3630.0	86	9831.442842573912
3631.0	79	9831.383813539589
3632.0	83	9831.324735802147
3633.0	83	9831.265609435988
3634.0	77	9831.20643451537
3635.0	75	9831.147211114447
3636.0	60	9831.08793930727
3637.0	75	9831.028619167766
3638.0	81	9830.969250769776
3639.0	66	9830.90983418701
3640.0	65	9830.85036949309
3641.0	86	9830.790856761496
3642.0	79	9830.731296065633
3643.0	86	9830.671687478785
3644.0	64	9830.612031074112
3645.0	74	9830.552326924693
3646.0	79	9830.492575103484
3647.0	87	9830.43277568332
3648.0	79	9830.37292873696
3649.0	71	9830.313034337036
3650.0	72	9830.253092556059
3651.0	84	9830.193103466449
3652.0	78	9830.133067140538
3653.0	77	9830.0729836505
3654.0	75	9830.012853068452
3655.0	90	9829.952675466382
3656.0	83	9829.892450916168
3657.0	82	9829.832179489586
3658.0	74	9829.77186125831
3659.0	83	9829.711496293898
3660.0	82	9829.651084667814
3661.0	78	9829.590626451403
3662.0	83	9829.530121715927
3663.0	82	9829.469570532512
3664.0	84	9829.408972972204
3665.0	73	9829.348329105911
3666.0	79	9829.287639004491
3667.0	82	9829.226902738632
3668.0	77	9829.166120378977
3669.0	81	9829.105291996008
3670.0	72	9829.044417660163
3671.0	72	9828.98349744172
3672.0	78	9828.92253141088
3673.0	90	9828.861519637747
3674.0	73	9828.800462192305
3675.0	80	9828.73935914443
3676.0	71	9828.678210563921
3677.0	84	9828.617016520448
3678.0	77	9828.555777083584
3679.0	63	9828.494492322812
3680.0	81	9828.433162307489
3681.0	89	9828.37178710689
3682.0	74	9828.31036679018
3683.0	90	9828.24890142641
3684.0	80	9828.187391084559
3685.0	60	9828.125835833467
3686.0	82	9828.0642357419
3687.0	83	9828.002590878501
3688.0	90	9827.94090131182
3689.0	79	9827.879167110326
3690.0	87	9827.81738834235
3691.0	82	9827.75556507614
3692.0	69	9827.693697379846
3693.0	87	9827.631785321522
3694.0	80	9827.569828969097
3695.0	76	9827.507828390424
3696.0	78	9827.44578365324
3697.0	76	9827.38369482519
3698.0	73	9827.321561973818
3699.0	88	9827.259385166566
3700.0	88	9827.19716447077
3701.0	77	9827.134899953688
3702.0	74	9827.072591682441
3703.0	83	9827.010239724093
3704.0	90	9826.947844145583
3705.0	77	9826.885405013738
3706.0	80	9826.822922395326
3707.0	83	9826.760396356985
3708.0	80	9826.697826965265
3709.0	81	9826.635214286616
3710.0	72	9826.572558387381
3711.0	74	9826.50985933382
3712.0	83	9826.447117192092
3713.0	87	9826.384332028247
3714.0	71	9826.32150390824
3715.0	73	9826.258632897938
3716.0	73	9826.195719063098
3717.0	71	9826.132762469395
3718.0	88	9826.069763182391
3719.0	81	9826.006721267562
3720.0	77	9825.94363679027
3721.0	75	9825.880509815812
3722.0	94	9825.81734040935
3723.0	88	9825.754128635976
3724.0	69	9825.690874560678
3725.0	73	9825.627578248348
3726.0	92	9825.564239763777
3727.0	78	9825.500859171672
3728.0	85	9825.437436536631
3729.0	50	9825.373971923156
3730.0	61	9825.31046539566
3731.0	70	9825.24691701847
3732.0	94	9825.183326855806
3733.0	81	9825.119694971778
3734.0	84	9825.056021430431
3735.0	74	9824.992306295697
3736.0	76	9824.928549631419
3737.0	78	9824.864751501344
3738.0	70	9824.800911969114
3739.0	89	9824.7370310983
3740.0	75	9824.673108952362
3741.0	77	9824.609145594666
3742.0	77	9824.545141088483
3743.0	79	9824.48109549701
3744.0	73	9824.417008883329
3745.0	67	9824.352881310424
3746.0	65	9824.288712841211
3747.0	92	9824.224503538486
3748.0	79	9824.160253464976
3749.0	65	9824.095962683296
3750.0	85	9824.031631255977
3751.0	93	9823.967259245455
3752.0	61	9823.902846714069
3753.0	75	9823.83839372408
3754.0	75	9823.773900337643
3755.0	78	9823.709366616822
3756.0	82	9823.644792623605
3757.0	78	9823.58017841986
3758.0	92	9823.515524067392
3759.0	75	9823.450829627887
3760.0	77	9823.386095162967
3761.0	67	9823.321320734138
3762.0	80	9823.256506402837
3763.0	81	9823.19165223039
3764.0	72	9823.12675827805
3765.0	72	9823.061824606973
3766.0	74	9822.996851278207
3767.0	79	9822.931838352728
3768.0	69	9822.866785891432
3769.0	96	9822.801693955107
3770.0	75	9822.736562604436
3771.0	85	9822.67139190005
3772.0	76	9822.606181902473
3773.0	65	9822.540932672116
3774.0	72	9822.475644269352
3775.0	91	9822.410316754402
3776.0	95	9822.344950187458
3777.0	74	9822.279544628578
3778.0	74	9822.214100137755
3779.0	113	9822.148616774888
3780.0	89	9822.083094599775
3781.0	72	9822.017533672146
3782.0	76	9821.951934051616
3783.0	83	9821.886295797747
3784.0	88	9821.820618969987
3785.0	75	9821.754903627701
3786.0	61	9821.689149830168
3787.0	75	9821.623357636574
3788.0	61	9821.557527106028
3789.0	68	9821.49165829754
3790.0	78	9821.425751270042
3791.0	68	9821.359806082373
3792.0	84	9821.293822793281
3793.0	60	9821.227801461446
3794.0	84	9821.161742145432
3795.0	79	9821.09564490373
3796.0	76	9821.02950979476
3797.0	85	9820.963336876835
3798.0	83	9820.89712620818
3799.0	79	9820.830877846958
3800.0	65	9820.764591851212
3801.0	94	9820.698268278926
3802.0	82	9820.631907187977
3803.0	79	9820.565508636186
3804.0	77	9820.49907268125
3805.0	69	9820.432599380816
3806.0	74	9820.366088792418
3807.0	75	9820.299540973525
3808.0	86	9820.232955981503
3809.0	75	9820.16633387365
3810.0	58	9820.099674707179
3811.0	62	9820.03297853919
3812.0	79	9819.96624542673
3813.0	63	9819.899475426753
3814.0	96	9819.832668596126
3815.0	73	9819.765824991628
3816.0	71	9819.698944669963
3817.0	69	9819.632027687734
3818.0	83	9819.565074101478
3819.0	85	9819.498083967646
3820.0	82	9819.431057342592
3821.0	84	9819.363994282601
3822.0	83	9819.296894843881
3823.0	85	9819.229759082526
3824.0	66	9819.162587054574
3825.0	75	9819.095378815966
3826.0	60	9819.028134422575
3827.0	70	9818.96085393018
3828.0	83	9818.89353739447
3829.0	112	9818.826184871072
3830.0	78	9818.758796415517
3831.0	63	9818.691372083253
3832.0	70	9818.623911929648
3833.0	67	9818.55641600999
3834.0	87	9818.48888437949
3835.0	69	9818.421317093258
3836.0	76	9818.353714206356
3837.0	80	9818.28607577372
3838.0	95	9818.21840185024
3839.0	71	9818.150692490715
3840.0	76	9818.082947749852
3841.0	68	9818.015167682299
3842.0	66	9817.947352342604
3843.0	81	9817.879501785228
3844.0	75	9817.811616064582
3845.0	56	9817.743695234967
3846.0	79	9817.675739350612
3847.0	63	9817.60774846568
3848.0	75	9817.539722634223
3849.0	80	9817.471661910247
3850.0	77	9817.40356634765
3851.0	73	9817.335436000272
3852.0	70	9817.267270921859
3853.0	82	9817.199071166086
3854.0	84	9817.130836786542
3855.0	88	9817.06256783673
3856.0	61	9816.9942643701
3857.0	59	9816.92592643999
3858.0	79	9816.857554099683
3859.0	74	9816.789147402367
3860.0	57	9816.720706401165
3861.0	84	9816.652231149117
3862.0	83	9816.583721699173
3863.0	73	9816.515178104217
3864.0	58	9816.446600417059
3865.0	63	9816.377988690418
3866.0	85	9816.30934297693
3867.0	62	9816.240663329181
3868.0	74	9816.171949799644
3869.0	66	9816.103202440738
3870.0	75	9816.034421304805
3871.0	62	9815.965606444088
3872.0	60	9815.89675791078
3873.0	72	9815.82787575697
3874.0	75	9815.758960034693
3875.0	87	9815.690010795892
3876.0	79	9815.62102809244
3877.0	87	9815.552011976122
3878.0	65	9815.482962498676
3879.0	75	9815.41387971172
3880.0	72	9815.34476366683
3881.0	58	9815.27561441549
3882.0	72	9815.20643200912
3883.0	63	9815.137216499035
3884.0	82	9815.067967936511
3885.0	74	9814.998686372726
3886.0	89	9814.929371858785
3887.0	90	9814.860024445725
3888.0	79	9814.790644184488
3889.0	80	9814.721231125972
3890.0	74	9814.651785320975
3891.0	84	9814.582306820228
3892.0	79	9814.51279567437
3893.0	72	9814.443251933999
3894.0	73	9814.373675649615
3895.0	70	9814.304066871644
3896.0	100	9814.234425650438
3897.0	83	9814.164752036282
3898.0	74	9814.095046079376
3899.0	74	9814.025307829863
3900.0	76	9813.955537337786
3901.0	77	9813.88573465314
3902.0	82	9813.815899825819
3903.0	77	9813.746032905665
3904.0	60	9813.676133942447
3905.0	71	9813.606202985837
3906.0	88	9813.536240085456
3907.0	81	9813.466245290843
3908.0	72	9813.39621865146
3909.0	82	9813.326160216711
3910.0	79	9813.2560700359
3911.0	79	9813.185948158283
3912.0	68	9813.11579463304
3913.0	80	9813.045609509256
3914.0	78	9812.975392835971
3915.0	83	9812.90514466213
3916.0	73	9812.834865036635
3917.0	71	9812.764554008267
3918.0	85	9812.694211625792
3919.0	74	9812.62383793786
3920.0	87	9812.553432993065
3921.0	79	9812.482996839939
3922.0	91	9812.412529526924
3923.0	60	9812.342031102391
3924.0	91	9812.27150161466
3925.0	80	9812.200941111952
3926.0	85	9812.13034964244
3927.0	75	9812.05972725421
3928.0	65	9811.989073995295
3929.0	81	9811.91838991362
3930.0	64	9811.847675057079
3931.0	67	9811.776929473484
3932.0	84	9811.706153210564
3933.0	78	9811.635346315978
3934.0	72	9811.564508837326
3935.0	85	9811.493640822137
3936.0	77	9811.422742317865
3937.0	80	9811.351813371883
3938.0	74	9811.280854031509
3939.0	77	9811.209864343995
3940.0	78	9811.138844356507
3941.0	83	9811.067794116145
3942.0	70	9810.99671366995
3943.0	75	9810.925603064876
3944.0	77	9810.854462347821
3945.0	82	9810.783291565614
3946.0	74	9810.71209076501
3947.0	86	9810.640859992689
3948.0	78	9810.569599295271
3949.0	88	9810.498308719301
3950.0	73	9810.42698831126
3951.0	74	9810.355638117555
3952.0	56	9810.284258184529
3953.0	69	9810.21284855845
3954.0	70	9810.14140928553
3955.0	80	9810.0699404119
3956.0	93	9809.998441983627
3957.0	83	9809.926914046713
3958.0	69	9809.855356647071
3959.0	85	9809.783769830587
3960.0	73	9809.712153643035
3961.0	83	9809.640508130155
3962.0	61	9809.568833337598
3963.0	88	9809.497129310957
3964.0	73	9809.425396095758
3965.0	84	9809.353633737453
3966.0	69	9809.281842281429
3967.0	85	9809.210021773013
3968.0	77	9809.138172257452
3969.0	90	9809.06629377994
3970.0	69	9808.99438638559
3971.0	87	9808.922450119466
3972.0	92	9808.850485026544
3973.0	77	9808.778491151734
3974.0	70	9808.706468539913
3975.0	75	9808.634417235848
3976.0	81	9808.562337284267
3977.0	79	9808.490228729826
3978.0	68	9808.418091617104
3979.0	80	9808.345925990638
3980.0	92	9808.273731894868
3981.0	88	9808.201509374187
3982.0	85	9808.12925847292
3983.0	67	9808.056979235325
3984.0	97	9807.9846717056
3985.0	68	9807.912335927867
3986.0	66	9807.839971946181
3987.0	67	9807.767579804546
3988.0	67	9807.695159546896
3989.0	75	9807.622711217089
3990.0	88	9807.550234858927
3991.0	65	9807.477730516159
3992.0	99	9807.405198232438
3993.0	95	9807.33263805138
3994.0	81	9807.260050016524
3995.0	89	9807.187434171352
3996.0	78	9807.114790559259
3997.0	86	9807.042119223614
3998.0	68	9806.969420207699
3999.0	71	9806.896693554727
4000.0	94	9806.823939307855
4001.0	85	9806.75115751018
4002.0	79	9806.678348204714
4003.0	73	9806.605511434442
4004.0	71	9806.532647242253
4005.0	78	9806.459755670987
4006.0	78	9806.386836763417
4007.0	68	9806.313890562253
4008.0	73	9806.240917110139
4009.0	78	9806.167916449669
4010.0	77	9806.094888623345
4011.0	84	9806.021833673642
4012.0	82	9805.948751642945
4013.0	79	9805.875642573592
4014.0	84	9805.80250650784
4015.0	83	9805.729343487914
4016.0	77	9805.656153555941
4017.0	72	9805.582936754008
4018.0	77	9805.509693124135
4019.0	67	9805.436422708277
4020.0	80	9805.363125548321
4021.0	84	9805.289801686116
4022.0	84	9805.216451163415
4023.0	72	9805.14307402194
4024.0	75	9805.069670303332
4025.0	71	9804.996240049175
4026.0	65	9804.922783300992
4027.0	81	9804.849300100239
4028.0	70	9804.775790488326
4029.0	82	9804.702254506581
4030.0	82	9804.628692196295
4031.0	72	9804.555103598674
4032.0	82	9804.481488754878
4033.0	81	9804.407847705997
4034.0	84	9804.334180493064
4035.0	84	9804.260487157051
4036.0	74	9804.186767738885
4037.0	69	9804.11302227939
4038.0	82	9804.039250819378
4039.0	65	9803.96545339957
4040.0	65	9803.891630060636
4041.0	70	9803.817780843176
4042.0	86	9803.743905787762
4043.0	81	9803.670004934864
4044.0	56	9803.596078324916
4045.0	77	9803.52212599829
4046.0	78	9803.448147995286
4047.0	76	9803.374144356167
4048.0	84	9803.300115121123
4049.0	71	9803.226060330258
4050.0	89	9803.151980023678
4051.0	64	9803.077874241377
4052.0	64	9803.0037430233
4053.0	71	9802.929586409347
4054.0	68	9802.855404439355
4055.0	80	9802.781197153095
4056.0	77	9802.706964590285
4057.0	59	9802.632706790575
4058.0	62	9802.558423793573
4059.0	79	9802.484115638803
4060.0	75	9802.409782365767
4061.0	83	9802.335424013863
4062.0	80	9802.261040622474
4063.0	70	9802.186632230896
4064.0	84	9802.112198878376
4065.0	77	9802.03774060411
4066.0	81	9801.963257447222
4067.0	73	9801.888749446782
4068.0	73	9801.814216641807
4069.0	73	9801.739659071258
4070.0	84	9801.665076774034
4071.0	82	9801.590469788975
4072.0	78	9801.515838154859
4073.0	68	9801.441181910419
4074.0	82	9801.366501094324
4075.0	72	9801.29179574518
4076.0	77	9801.217065901552
4077.0	68	9801.142311601921
4078.0	83	9801.067532884746
4079.0	80	9800.992729788395
4080.0	79	9800.917902351199
4081.0	87	9800.843050611436
4082.0	80	9800.768174607309
4083.0	79	9800.693274376968
4084.0	95	9800.618349958535
4085.0	83	9800.543401390025
4086.0	67	9800.468428709446
4087.0	82	9800.393431954722
4088.0	74	9800.318411163724
4089.0	69	9800.243366374276
4090.0	86	9800.168297624128
4091.0	78	9800.093204951001
4092.0	77	9800.018088392531
4093.0	84	9799.942947986328
4094.0	62	9799.867783769912
4095.0	84	9799.792595780778
4096.0	69	9799.717384056352
4097.0	75	9799.642148634002
4098.0	65	9799.566889551055
4099.0	70	9799.491606844755
4100.0	82	9799.416300552311
4101.0	82	9799.340970710893
4102.0	74	9799.26561735757
4103.0	74	9799.190240529399
4104.0	86	9799.114840263353
4105.0	75	9799.03941659639
4106.0	86	9798.963969565353
4107.0	78	9798.888499207082
4108.0	81	9798.813005558335
4109.0	71	9798.737488655834
4110.0	77	9798.661948536226
4111.0	61	9798.586385236125
4112.0	69	9798.510798792067
4113.0	89	9798.435189240568
4114.0	84	9798.359556618041
4115.0	65	9798.283900960892
4116.0	79	9798.208222305459
4117.0	75	9798.132520688003
4118.0	73	9798.056796144761
4119.0	76	9797.981048711905
4120.0	102	9797.905278425542
4121.0	72	9797.829485321749
4122.0	75	9797.753669436532
4123.0	81	9797.677830805846
4124.0	94	9797.601969465595
4125.0	65	9797.526085451635
4126.0	73	9797.450178799765
4127.0	77	9797.374249545723
4128.0	72	9797.298297725205
4129.0	80	9797.222323373848
4130.0	75	9797.146326527241
4131.0	83	9797.070307220914
4132.0	62	9796.994265490348
4133.0	84	9796.918201370969
4134.0	67	9796.842114898156
4135.0	84	9796.76600610724
4136.0	97	9796.689875033477
4137.0	85	9796.613721712087
4138.0	65	9796.537546178246
4139.0	83	9796.461348467055
4140.0	69	9796.385128613583
4141.0	68	9796.308886652852
4142.0	71	9796.2326226198
4143.0	92	9796.156336549342
4144.0	76	9796.080028476334
4145.0	92	9796.00369843557
4146.0	88	9795.92734646182
4147.0	71	9795.850972589764
4148.0	73	9795.774576854057
4149.0	63	9795.698159289292
4150.0	80	9795.62171993003
4151.0	81	9795.545258810744
4152.0	83	9795.468775965894
4153.0	73	9795.392271429857
4154.0	78	9795.315745236992
4155.0	81	9795.23919742158
4156.0	72	9795.162628017852
4157.0	66	9795.086037060008
4158.0	70	9795.009424582184
4159.0	68	9794.932790618463
4160.0	75	9794.856135202886
4161.0	78	9794.779458369441
4162.0	70	9794.702760152062
4163.0	83	9794.626040584622
4164.0	78	9794.54929970098
4165.0	78	9794.4725375349
4166.0	84	9794.395754120136
4167.0	63	9794.318949490356
4168.0	82	9794.2421236792
4169.0	80	9794.165276720261
4170.0	72	9794.088408647065
4171.0	74	9794.011519493099
4172.0	75	9793.934609291806
4173.0	81	9793.85767807657
4174.0	87	9793.780725880719
4175.0	64	9793.703752737552
4176.0	81	9793.626758680304
4177.0	79	9793.549743742162
4178.0	71	9793.472707956262
4179.0	74	9793.395651355702
4180.0	64	9793.31857397352
4181.0	65	9793.241475842708
4182.0	80	9793.164356996216
4183.0	83	9793.087217466922
4184.0	89	9793.010057287695
4185.0	82	9792.932876491315
4186.0	83	9792.855675110532
4187.0	82	9792.778453178049
4188.0	88	9792.701210726525
4189.0	80	9792.623947788556
4190.0	95	9792.546664396696
4191.0	73	9792.469360583458
4192.0	87	9792.392036381294
4193.0	55	9792.314691822608
4194.0	85	9792.237326939781
4195.0	81	9792.159941765112
4196.0	59	9792.082536330869
4197.0	78	9792.005110669279
4198.0	68	9791.9276648125
4199.0	81	9791.850198792667
4200.0	80	9791.772712641845
4201.0	75	9791.69520639207
4202.0	81	9791.617680075316
4203.0	83	9791.540133723523
4204.0	79	9791.462567368573
4205.0	75	9791.384981042302
4206.0	82	9791.307374776497
4207.0	71	9791.229748602913
4208.0	77	9791.152102553242
4209.0	68	9791.074436659133
4210.0	85	9790.996750952192
4211.0	84	9790.919045463972
4212.0	80	9790.841320225978
4213.0	86	9790.763575269682
4214.0	83	9790.685810626484
4215.0	83	9790.608026327773
4216.0	62	9790.530222404865
4217.0	83	9790.452398889029
4218.0	70	9790.374555811504
4219.0	72	9790.29669320347
4220.0	67	9790.218811096054
4221.0	82	9790.140909520367
4222.0	66	9790.062988507443
4223.0	56	9789.985048088283
4224.0	71	9789.90708829384
4225.0	76	9789.829109155022
4226.0	66	9789.751110702684
4227.0	82	9789.673092967649
4228.0	79	9789.59505598069
4229.0	69	9789.516999772517
4230.0	80	9789.438924373828
4231.0	70	9789.360829815241
4232.0	50	9789.282716127347
4233.0	78	9789.204583340696
4234.0	85	9789.126431485776
4235.0	96	9789.048260593045
4236.0	84	9788.970070692905
4237.0	95	9788.891861815717
4238.0	85	9788.813633991802
4239.0	85	9788.73538725144
4240.0	57	9788.657121624836
4241.0	92	9788.57883714219
4242.0	68	9788.500533833634
4243.0	71	9788.422211729267
4244.0	78	9788.343870859124
4245.0	80	9788.265511253208
4246.0	82	9788.18713294149
4247.0	88	9788.108735953887
4248.0	61	9788.030320320255
4249.0	67	9787.951886070425
4250.0	66	9787.873433234181
4251.0	88	9787.794961841259
4252.0	67	9787.71647192135
4253.0	79	9787.6379635041
4254.0	63	9787.559436619138
4255.0	79	9787.48089129599
4256.0	74	9787.402327564205
4257.0	84	9787.323745453235
4258.0	64	9787.245144992516
4259.0	85	9787.166526211442
4260.0	78	9787.08788913935
4261.0	77	9787.009233805538
4262.0	78	9786.930560239263
4263.0	71	9786.851868469743
4264.0	78	9786.77315852614
4265.0	76	9786.69443043758
4266.0	77	9786.615684233147
4267.0	76	9786.53691994188
4268.0	73	9786.458137592786
4269.0	65	9786.379337214807
4270.0	81	9786.300518836862
4271.0	72	9786.221682487807
4272.0	81	9786.142828196473
4273.0	91	9786.063955991645
4274.0	83	9785.985065902058
4275.0	81	9785.906157956417
4276.0	58	9785.827232183365
4277.0	75	9785.748288611527
4278.0	63	9785.669327269454
4279.0	75	9785.590348185697
4280.0	74	9785.511351388715
4281.0	86	9785.432336906975
4282.0	96	9785.353304768863
4283.0	83	9785.27425500273
4284.0	95	9785.19518763691
4285.0	73	9785.11610269967
4286.0	75	9785.037000219243
4287.0	67	9784.957880223814
4288.0	88	9784.878742741541
4289.0	80	9784.799587800519
4290.0	72	9784.720415428821
4291.0	84	9784.641225654474
4292.0	79	9784.562018505449
4293.0	63	9784.482794009698
4294.0	70	9784.40355219511
4295.0	72	9784.32429308955
4296.0	76	9784.245016720834
4297.0	71	9784.165723116726
4298.0	87	9784.08641230498
4299.0	73	9784.00708431327
4300.0	81	9783.92773916926
4301.0	90	9783.848376900554
4302.0	91	9783.76899753472
4303.0	75	9783.689601099291
4304.0	92	9783.61018762176
4305.0	88	9783.53075712957
4306.0	88	9783.451309650121
4307.0	75	9783.371845210784
4308.0	64	9783.292363838887
4309.0	80	9783.212865561716
4310.0	63	9783.133350406508
4311.0	83	9783.053818400469
4312.0	65	9782.97426957077
4313.0	55	9782.894703944525
4314.0	73	9782.815121548816
4315.0	86	9782.735522410705
4316.0	84	9782.655906557171
4317.0	75	9782.576274015186
4318.0	66	9782.496624811676
4319.0	77	9782.41695897352
4320.0	74	9782.337276527556
4321.0	85	9782.257577500603
4322.0	88	9782.177861919414
4323.0	70	9782.098129810704
4324.0	72	9782.018381201178
4325.0	63	9781.93861611746
4326.0	76	9781.858834586164
4327.0	81	9781.779036633867
4328.0	68	9781.699222287072
4329.0	84	9781.61939157228
4330.0	78	9781.539544515932
4331.0	74	9781.459681144452
4332.0	73	9781.379801484192
4333.0	70	9781.299905561487
4334.0	80	9781.219993402625
4335.0	75	9781.140065033862
4336.0	94	9781.060120481416
4337.0	70	9780.980159771458
4338.0	53	9780.900182930114
4339.0	82	9780.820189983482
4340.0	68	9780.740180957639
4341.0	71	9780.66015587858
4342.0	85	9780.5801147723
4343.0	83	9780.500057664745
4344.0	87	9780.419984581808
4345.0	75	9780.33989554935
4346.0	80	9780.259790593209
4347.0	58	9780.179669739173
4348.0	89	9780.099533012986
4349.0	85	9780.01938044036
4350.0	88	9779.93921204698
4351.0	71	9779.859027858467
4352.0	82	9779.778827900429
4353.0	61	9779.698612198425
4354.0	73	9779.618380777974
4355.0	82	9779.538133664559
4356.0	79	9779.457870883625
4357.0	81	9779.37759246059
4358.0	81	9779.297298420814
4359.0	69	9779.216988789634
4360.0	72	9779.136663592359
4361.0	81	9779.056322854221
4362.0	86	9778.975966600467
4363.0	76	9778.89559485625
4364.0	65	9778.81520764675
4365.0	77	9778.734804997062
4366.0	65	9778.654386932241
4367.0	78	9778.573953477346
4368.0	81	9778.493504657361
4369.0	68	9778.413040497247
4370.0	87	9778.332561021933
4371.0	95	9778.2520662563
4372.0	64	9778.171556225188
4373.0	78	9778.091030953427
4374.0	71	9778.010490465786
4375.0	84	9777.929934787004
4376.0	68	9777.849363941776
4377.0	67	9777.76877795477
4378.0	75	9777.688176850623
4379.0	78	9777.607560653922
4380.0	66	9777.526929389222
4381.0	75	9777.446283081035
4382.0	80	9777.365621753861
4383.0	64	9777.284945432139
4384.0	69	9777.204254140277
4385.0	69	9777.123547902647
4386.0	84	9777.042826743587
4387.0	65	9776.962090687417
4388.0	81	9776.881339758369
4389.0	68	9776.800573980707
4390.0	81	9776.719793378605
4391.0	68	9776.638997976232
4392.0	84	9776.558187797695
4393.0	78	9776.47736286709
4394.0	70	9776.396523208474
4395.0	71	9776.315668845858
4396.0	76	9776.234799803216
4397.0	79	9776.153916104493
4398.0	80	9776.073017773602
4399.0	73	9775.992104834419
4400.0	79	9775.91117731077
4401.0	83	9775.830235226465
4402.0	60	9775.749278605272
4403.0	76	9775.668307470909
4404.0	79	9775.587321847099
4405.0	82	9775.506321757477
4406.0	66	9775.425307225683
4407.0	79	9775.344278275305
4408.0	61	9775.263234929891
4409.0	80	9775.18217721298
4410.0	75	9775.101105148053
4411.0	73	9775.020018758543
4412.0	72	9774.938918067886
4413.0	78	9774.857803099458
4414.0	91	9774.776673876606
4415.0	76	9774.695530422643
4416.0	75	9774.614372760852
4417.0	66	9774.533200914471
4418.0	72	9774.452014906701
4419.0	73	9774.370814760736
4420.0	60	9774.289600499696
4421.0	86	9774.208372146697
4422.0	86	9774.127129724813
4423.0	71	9774.045873257075
4424.0	76	9773.9646027665
4425.0	83	9773.883318276034
4426.0	91	9773.802019808634
4427.0	67	9773.72070738718
4428.0	68	9773.639381034554
4429.0	83	9773.558040773594
4430.0	70	9773.476686627084
4431.0	81	9773.395318617797
4432.0	66	9773.31393676847
4433.0	86	9773.232541101785
4434.0	63	9773.15113164042
4435.0	84	9773.069708407002
4436.0	113	9772.988271424127
4437.0	74	9772.906820714357
4438.0	91	9772.82535630023
4439.0	82	9772.74387820423
4440.0	82	9772.662386448828
4441.0	75	9772.580881056456
4442.0	81	9772.499362049504
4443.0	66	9772.417829450347
4444.0	77	9772.336283281304
4445.0	84	9772.25472356467
4446.0	80	9772.173150322718
4447.0	82	9772.091563577675
4448.0	73	9772.009963351738
4449.0	90	9771.928349667078
4450.0	72	9771.84672254582
4451.0	69	9771.765082010072
4452.0	79	9771.683428081882
4453.0	81	9771.601760783311
4454.0	74	9771.520080136333
4455.0	71	9771.43838616294
4456.0	83	9771.356678885058
4457.0	63	9771.27495832458
4458.0	76	9771.193224503393
4459.0	77	9771.11147744333
4460.0	81	9771.02971716619
4461.0	84	9770.947943693756
4462.0	75	9770.866157047774
4463.0	72	9770.784357249942
4464.0	72	9770.702544321937
4465.0	73	9770.620718285407
4466.0	84	9770.538879161975
4467.0	74	9770.457026973207
4468.0	78	9770.375161740654
4469.0	72	9770.293283485837
4470.0	80	9770.211392230236
4471.0	77	9770.129487995304
4472.0	79	9770.047570802471
4473.0	72	9769.965640673117
4474.0	89	9769.883697628607
4475.0	87	9769.801741690257
4476.0	78	9769.719772879373
4477.0	80	9769.637791217205
4478.0	71	9769.555796724993
4479.0	71	9769.473789423928
4480.0	86	9769.391769335194
4481.0	72	9769.309736479912
4482.0	70	9769.227690879196
4483.0	74	9769.14563255411
4484.0	67	9769.063561525707
4485.0	78	9768.981477815005
4486.0	59	9768.899381442963
4487.0	79	9768.817272430546
4488.0	74	9768.735150798668
4489.0	68	9768.653016568212
4490.0	75	9768.57086976004
4491.0	89	9768.488710394984
4492.0	64	9768.40653849382
4493.0	77	9768.324354077327
4494.0	75	9768.242157166229
4495.0	79	9768.159947781236
4496.0	74	9768.077725943003
4497.0	92	9767.995491672193
4498.0	76	9767.9132449894
4499.0	82	9767.830985915205
4500.0	71	9767.748714470166
4501.0	85	9767.666430674793
4502.0	84	9767.584134549572
4503.0	71	9767.50182611497
4504.0	65	9767.419505391399
4505.0	78	9767.337172399271
4506.0	79	9767.254827158946
4507.0	70	9767.172469690759
4508.0	75	9767.090100015017
4509.0	80	9767.007718152005
4510.0	82	9766.925324121956
4511.0	93	9766.842917945089
4512.0	87	9766.760499641588
4513.0	73	9766.678069231619
4514.0	83	9766.595626735303
4515.0	79	9766.513172172727
4516.0	72	9766.43070556397
4517.0	72	9766.348226929062
4518.0	74	9766.265736288013
4519.0	80	9766.183233660799
4520.0	83	9766.100719067364
4521.0	85	9766.01819252764
4522.0	88	9765.935654061488
4523.0	80	9765.853103688793
4524.0	80	9765.770541429374
4525.0	67	9765.687967303034
4526.0	85	9765.605381329533
4527.0	73	9765.52278352863
4528.0	78	9765.440173920022
4529.0	86	9765.3575525234
4530.0	73	9765.274919358408
4531.0	88	9765.192274444691
4532.0	72	9765.10961780182
4533.0	62	9765.026949449373
4534.0	75	9764.944269406888
4535.0	67	9764.86157769387
4536.0	86	9764.778874329793
4537.0	78	9764.696159334115
4538.0	72	9764.613432726268
4539.0	80	9764.53069452562
4540.0	76	9764.447944751551
4541.0	80	9764.365183423391
4542.0	85	9764.282410560454
4543.0	85	9764.199626182004
4544.0	78	9764.1168303073
4545.0	78	9764.034022955557
4546.0	94	9763.95120414598
4547.0	79	9763.868373897709
4548.0	84	9763.78553222991
4549.0	84	9763.702679161657
4550.0	81	9763.619814712052
4551.0	72	9763.536938900133
4552.0	84	9763.454051744937
4553.0	71	9763.371153265438
4554.0	82	9763.288243480607
4555.0	81	9763.205322409387
4556.0	93	9763.122390070695
4557.0	77	9763.039446483383
4558.0	72	9762.956491666335
4559.0	83	9762.873525638366
4560.0	79	9762.79054841827
4561.0	77	9762.707560024814
4562.0	72	9762.624560476748
4563.0	78	9762.54154979277
4564.0	87	9762.45852799159
4565.0	86	9762.375495091845
4566.0	66	9762.292451112173
4567.0	84	9762.20939607118
4568.0	81	9762.126329987439
4569.0	83	9762.043252879492
4570.0	83	9761.960164765875
4571.0	62	9761.877065665061
4572.0	61	9761.793955595518
4573.0	66	9761.710834575699
4574.0	82	9761.627702624002
4575.0	75	9761.544559758815
4576.0	77	9761.461405998492
4577.0	67	9761.37824136136
4578.0	60	9761.29506586572
4579.0	81	9761.211879529856
4580.0	84	9761.128682371997
4581.0	48	9761.04547441038
4582.0	77	9760.962255663186
4583.0	76	9760.879026148594
4584.0	61	9760.795785884735
4585.0	70	9760.712534889717
4586.0	70	9760.629273181628
4587.0	79	9760.546000778537
4588.0	76	9760.462717698461
4589.0	80	9760.37942395941
4590.0	75	9760.296119579361
4591.0	79	9760.212804576266
4592.0	80	9760.129478968058
4593.0	91	9760.046142772626
4594.0	91	9759.962796007841
4595.0	85	9759.879438691558
4596.0	69	9759.796070841585
4597.0	68	9759.71269247571
4598.0	76	9759.629303611715
4599.0	73	9759.545904267337
4600.0	87	9759.462494460271
4601.0	77	9759.37907420822
4602.0	80	9759.29564352884
4603.0	72	9759.212202439769
4604.0	88	9759.12875095861
4605.0	85	9759.045289102949
4606.0	79	9758.961816890343
4607.0	72	9758.878334338317
4608.0	73	9758.794841464374
4609.0	75	9758.711338285992
4610.0	84	9758.627824820636
4611.0	77	9758.544301085713
4612.0	64	9758.460767098637
4613.0	81	9758.377222876768
4614.0	75	9758.293668437476
4615.0	67	9758.210103798066
4616.0	87	9758.126528975847
4617.0	85	9758.042943988079
4618.0	82	9757.959348852017
4619.0	77	9757.875743584877
4620.0	93	9757.792128203846
4621.0	61	9757.708502726113
4622.0	92	9757.624867168803
4623.0	64	9757.541221549043
4624.0	70	9757.45756588393
4625.0	94	9757.373900190514
4626.0	75	9757.29022448586
4627.0	70	9757.206538786968
4628.0	77	9757.122843110834
4629.0	74	9757.039137474434
4630.0	64	9756.955421894689
4631.0	80	9756.871696388536
4632.0	85	9756.78796097285
4633.0	80	9756.70421566451
4634.0	76	9756.620460480344
4635.0	81	9756.536695437184
4636.0	67	9756.452920551803
4637.0	67	9756.369135840974
4638.0	79	9756.285341321443
4639.0	68	9756.201537009925
4640.0	85	9756.117722923107
4641.0	75	9756.033899077656
4642.0	81	9755.950065490219
4643.0	79	9755.866222177401
4644.0	76	9755.782369155811
4645.0	68	9755.698506442006
4646.0	78	9755.614634052536
4647.0	66	9755.530752003908
4648.0	59	9755.446860312635
4649.0	63	9755.362958995165
4650.0	83	9755.279048067965
4651.0	62	9755.19512754744
4652.0	83	9755.111197449993
4653.0	85	9755.027257791991
4654.0	70	9754.94330858979
4655.0	99	9754.859349859706
4656.0	71	9754.775381618045
4657.0	69	9754.691403881076
4658.0	74	9754.607416665061
4659.0	71	9754.52341998621
4660.0	80	9754.439413860748
4661.0	77	9754.355398304828
4662.0	57	9754.27137333462
4663.0	85	9754.187338966254
4664.0	72	9754.103295215828
4665.0	75	9754.019242099448
4666.0	76	9753.935179633141
4667.0	65	9753.851107832968
4668.0	83	9753.767026714926
4669.0	75	9753.682936295008
4670.0	78	9753.59883658919
