time	whole_blood_radioactivity	plasma_radioactivity
-6122.0	65	0.0
-6121.0	55	0.0
-6120.0	61	0.0
-6119.0	58	0.0
-6118.0	63	0.0
-6117.0	62	0.0
-6116.0	69	0.0
-6115.0	54	0.0
-6114.0	59	0.0
-6113.0	57	0.0
-6112.0	54	0.0
-6111.0	68	0.0
-6110.0	64	0.0
-6109.0	58	0.0
-6108.0	54	0.0
-6107.0	59	0.0
-6106.0	45	0.0
-6105.0	68	0.0
-6104.0	63	0.0
-6103.0	62	0.0
-6102.0	54	0.0
-6101.0	60	0.0
-6100.0	56	0.0
-6099.0	56	0.0
-6098.0	50	0.0
-6097.0	71	0.0
-6096.0	54	0.0
-6095.0	63	0.0
-6094.0	65	0.0
-6093.0	72	0.0
-6092.0	57	0.0
-6091.0	60	0.0
-6090.0	56	0.0
-6089.0	63	0.0
-6088.0	59	0.0
-6087.0	57	0.0
-6086.0	50	0.0
-6085.0	53	0.0
-6084.0	65	0.0
-6083.0	48	0.0
-6082.0	59	0.0
-6081.0	63	0.0
-6080.0	76	0.0
-6079.0	58	0.0
-6078.0	48	0.0
-6077.0	63	0.0
-6076.0	50	0.0
-6075.0	58	0.0
-6074.0	64	0.0
-6073.0	62	0.0
-6072.0	49	0.0
-6071.0	45	0.0
-6070.0	57	0.0
-6069.0	56	0.0
-6068.0	66	0.0
-6067.0	57	0.0
-6066.0	59	0.0
-6065.0	59	0.0
-6064.0	54	0.0
-6063.0	51	0.0
-6062.0	42	0.0
-6061.0	59	0.0
-6060.0	62	0.0
-6059.0	64	0.0
-6058.0	57	0.0
-6057.0	53	0.0
-6056.0	53	0.0
-6055.0	48	0.0
-6054.0	54	0.0
-6053.0	53	0.0
-6052.0	48	0.0
-6051.0	58	0.0
-6050.0	55	0.0
-6049.0	59	0.0
-6048.0	63	0.0
-6047.0	54	0.0
-6046.0	64	0.0
-6045.0	58	0.0
-6044.0	54	0.0
-6043.0	71	0.0
-6042.0	47	0.0
-6041.0	81	0.0
-6040.0	65	0.0
-6039.0	63	0.0
-6038.0	55	0.0
-6037.0	39	0.0
-6036.0	71	0.0
-6035.0	55	0.0
-6034.0	70	0.0
-6033.0	59	0.0
-6032.0	46	0.0
-6031.0	55	0.0
-6030.0	67	0.0
-6029.0	49	0.0
-6028.0	77	0.0
-6027.0	54	0.0
-6026.0	58	0.0
-6025.0	67	0.0
-6024.0	51	0.0
-6023.0	53	0.0
-6022.0	58	0.0
-6021.0	73	0.0
-6020.0	59	0.0
-6019.0	53	0.0
-6018.0	54	0.0
-6017.0	45	0.0
-6016.0	55	0.0
-6015.0	59	0.0
-6014.0	55	0.0
-6013.0	51	0.0
-6012.0	62	0.0
-6011.0	45	0.0
-6010.0	61	0.0
-6009.0	63	0.0
-6008.0	76	0.0
-6007.0	67	0.0
-6006.0	60	0.0
-6005.0	74	0.0
-6004.0	53	0.0
-6003.0	56	0.0
-6002.0	59	0.0
-6001.0	42	0.0
-6000.0	57	0.0
-5999.0	67	0.0
-5998.0	71	0.0
-5997.0	54	0.0
-5996.0	54	0.0
-5995.0	50	0.0
-5994.0	63	0.0
-5993.0	57	0.0
-5992.0	71	0.0
-5991.0	59	0.0
-5990.0	52	0.0
-5989.0	50	0.0
-5988.0	62	0.0
-5987.0	49	0.0
-5986.0	55	0.0
-5985.0	65	0.0
-5984.0	57	0.0
-5983.0	74	0.0
-5982.0	52	0.0
-5981.0	61	0.0
-5980.0	63	0.0
-5979.0	54	0.0
-5978.0	64	0.0
-5977.0	51	0.0
-5976.0	62	0.0
-5975.0	60	0.0
-5974.0	60	0.0
-5973.0	47	0.0
-5972.0	61	0.0
-5971.0	64	0.0
-5970.0	56	0.0
-5969.0	65	0.0
-5968.0	50	0.0
-5967.0	59	0.0
-5966.0	55	0.0
-5965.0	50	0.0
-5964.0	62	0.0
-5963.0	65	0.0
-5962.0	54	0.0
-5961.0	64	0.0
-5960.0	41	0.0
-5959.0	52	0.0
-5958.0	61	0.0
-5957.0	69	0.0
-5956.0	49	0.0
-5955.0	64	0.0
-5954.0	53	0.0
-5953.0	74	0.0
-5952.0	53	0.0
-5951.0	76	0.0
-5950.0	57	0.0
-5949.0	59	0.0
-5948.0	62	0.0
-5947.0	65	0.0
-5946.0	59	0.0
-5945.0	58	0.0
-5944.0	61	0.0
-5943.0	58	0.0
-5942.0	59	0.0
-5941.0	58	0.0
-5940.0	41	0.0
-5939.0	55	0.0
-5938.0	59	0.0
-5937.0	60	0.0
-5936.0	44	0.0
-5935.0	57	0.0
-5934.0	64	0.0
-5933.0	61	0.0
-5932.0	68	0.0
-5931.0	59	0.0
-5930.0	63	0.0
-5929.0	73	0.0
-5928.0	65	0.0
-5927.0	50	0.0
-5926.0	51	0.0
-5925.0	64	0.0
-5924.0	71	0.0
-5923.0	56	0.0
-5922.0	69	0.0
-5921.0	70	0.0
-5920.0	48	0.0
-5919.0	69	0.0
-5918.0	48	0.0
-5917.0	50	0.0
-5916.0	47	0.0
-5915.0	52	0.0
-5914.0	52	0.0
-5913.0	57	0.0
-5912.0	55	0.0
-5911.0	69	0.0
-5910.0	65	0.0
-5909.0	54	0.0
-5908.0	69	0.0
-5907.0	61	0.0
-5906.0	52	0.0
-5905.0	51	0.0
-5904.0	67	0.0
-5903.0	44	0.0
-5902.0	51	0.0
-5901.0	61	0.0
-5900.0	58	0.0
-5899.0	57	0.0
-5898.0	52	0.0
-5897.0	50	0.0
-5896.0	47	0.0
-5895.0	50	0.0
-5894.0	63	0.0
-5893.0	51	0.0
-5892.0	65	0.0
-5891.0	51	0.0
-5890.0	58	0.0
-5889.0	63	0.0
-5888.0	61	0.0
-5887.0	45	0.0
-5886.0	39	0.0
-5885.0	71	0.0
-5884.0	53	0.0
-5883.0	66	0.0
-5882.0	66	0.0
-5881.0	60	0.0
-5880.0	55	0.0
-5879.0	56	0.0
-5878.0	58	0.0
-5877.0	57	0.0
-5876.0	60	0.0
-5875.0	51	0.0
-5874.0	58	0.0
-5873.0	57	0.0
-5872.0	67	0.0
-5871.0	60	0.0
-5870.0	55	0.0
-5869.0	71	0.0
-5868.0	53	0.0
-5867.0	59	0.0
-5866.0	51	0.0
-5865.0	51	0.0
-5864.0	59	0.0
-5863.0	77	0.0
-5862.0	68	0.0
-5861.0	65	0.0
-5860.0	57	0.0
-5859.0	53	0.0
-5858.0	57	0.0
-5857.0	54	0.0
-5856.0	64	0.0
-5855.0	63	0.0
-5854.0	58	0.0
-5853.0	60	0.0
-5852.0	71	0.0
-5851.0	52	0.0
-5850.0	55	0.0
-5849.0	55	0.0
-5848.0	54	0.0
-5847.0	70	0.0
-5846.0	51	0.0
-5845.0	52	0.0
-5844.0	56	0.0
-5843.0	60	0.0
-5842.0	66	0.0
-5841.0	59	0.0
-5840.0	47	0.0
-5839.0	55	0.0
-5838.0	65	0.0
-5837.0	52	0.0
-5836.0	50	0.0
-5835.0	60	0.0
-5834.0	68	0.0
-5833.0	50	0.0
-5832.0	76	0.0
-5831.0	56	0.0
-5830.0	64	0.0
-5829.0	67	0.0
-5828.0	64	0.0
-5827.0	58	0.0
-5826.0	71	0.0
-5825.0	52	0.0
-5824.0	60	0.0
-5823.0	61	0.0
-5822.0	52	0.0
-5821.0	72	0.0
-5820.0	44	0.0
-5819.0	60	0.0
-5818.0	70	0.0
-5817.0	43	0.0
-5816.0	51	0.0
-5815.0	61	0.0
-5814.0	41	0.0
-5813.0	76	0.0
-5812.0	57	0.0
-5811.0	67	0.0
-5810.0	43	0.0
-5809.0	55	0.0
-5808.0	50	0.0
-5807.0	65	0.0
-5806.0	52	0.0
-5805.0	61	0.0
-5804.0	56	0.0
-5803.0	71	0.0
-5802.0	56	0.0
-5801.0	64	0.0
-5800.0	43	0.0
-5799.0	61	0.0
-5798.0	55	0.0
-5797.0	43	0.0
-5796.0	56	0.0
-5795.0	53	0.0
-5794.0	51	0.0
-5793.0	49	0.0
-5792.0	59	0.0
-5791.0	64	0.0
-5790.0	57	0.0
-5789.0	54	0.0
-5788.0	59	0.0
-5787.0	45	0.0
-5786.0	68	0.0
-5785.0	52	0.0
-5784.0	56	0.0
-5783.0	70	0.0
-5782.0	56	0.0
-5781.0	52	0.0
-5780.0	59	0.0
-5779.0	53	0.0
-5778.0	48	0.0
-5777.0	48	0.0
-5776.0	63	0.0
-5775.0	48	0.0
-5774.0	72	0.0
-5773.0	43	0.0
-5772.0	63	0.0
-5771.0	49	0.0
-5770.0	64	0.0
-5769.0	54	0.0
-5768.0	63	0.0
-5767.0	57	0.0
-5766.0	61	0.0
-5765.0	75	0.0
-5764.0	54	0.0
-5763.0	62	0.0
-5762.0	44	0.0
-5761.0	47	0.0
-5760.0	57	0.0
-5759.0	51	0.0
-5758.0	56	0.0
-5757.0	58	0.0
-5756.0	70	0.0
-5755.0	65	0.0
-5754.0	60	0.0
-5753.0	53	0.0
-5752.0	59	0.0
-5751.0	70	0.0
-5750.0	53	0.0
-5749.0	62	0.0
-5748.0	67	0.0
-5747.0	58	0.0
-5746.0	50	0.0
-5745.0	52	0.0
-5744.0	60	0.0
-5743.0	74	0.0
-5742.0	59	0.0
-5741.0	54	0.0
-5740.0	41	0.0
-5739.0	51	0.0
-5738.0	55	0.0
-5737.0	60	0.0
-5736.0	50	0.0
-5735.0	62	0.0
-5734.0	58	0.0
-5733.0	65	0.0
-5732.0	53	0.0
-5731.0	69	0.0
-5730.0	52	0.0
-5729.0	56	0.0
-5728.0	56	0.0
-5727.0	64	0.0
-5726.0	50	0.0
-5725.0	50	0.0
-5724.0	61	0.0
-5723.0	53	0.0
-5722.0	49	0.0
-5721.0	66	0.0
-5720.0	67	0.0
-5719.0	51	0.0
-5718.0	47	0.0
-5717.0	62	0.0
-5716.0	71	0.0
-5715.0	54	0.0
-5714.0	50	0.0
-5713.0	55	0.0
-5712.0	51	0.0
-5711.0	54	0.0
-5710.0	68	0.0
-5709.0	61	0.0
-5708.0	58	0.0
-5707.0	58	0.0
-5706.0	63	0.0
-5705.0	57	0.0
-5704.0	64	0.0
-5703.0	65	0.0
-5702.0	62	0.0
-5701.0	64	0.0
-5700.0	59	0.0
-5699.0	55	0.0
-5698.0	67	0.0
-5697.0	64	0.0
-5696.0	60	0.0
-5695.0	54	0.0
-5694.0	68	0.0
-5693.0	46	0.0
-5692.0	70	0.0
-5691.0	60	0.0
-5690.0	53	0.0
-5689.0	51	0.0
-5688.0	53	0.0
-5687.0	55	0.0
-5686.0	58	0.0
-5685.0	75	0.0
-5684.0	60	0.0
-5683.0	55	0.0
-5682.0	66	0.0
-5681.0	59	0.0
-5680.0	69	0.0
-5679.0	49	0.0
-5678.0	55	0.0
-5677.0	68	0.0
-5676.0	47	0.0
-5675.0	56	0.0
-5674.0	69	0.0
-5673.0	60	0.0
-5672.0	42	0.0
-5671.0	58	0.0
-5670.0	45	0.0
-5669.0	56	0.0
-5668.0	58	0.0
-5667.0	44	0.0
-5666.0	56	0.0
-5665.0	59	0.0
-5664.0	63	0.0
-5663.0	65	0.0
-5662.0	64	0.0
-5661.0	70	0.0
-5660.0	54	0.0
-5659.0	54	0.0
-5658.0	56	0.0
-5657.0	54	0.0
-5656.0	58	0.0
-5655.0	59	0.0
-5654.0	56	0.0
-5653.0	48	0.0
-5652.0	54	0.0
-5651.0	59	0.0
-5650.0	52	0.0
-5649.0	62	0.0
-5648.0	58	0.0
-5647.0	57	0.0
-5646.0	61	0.0
-5645.0	50	0.0
-5644.0	70	0.0
-5643.0	59	0.0
-5642.0	46	0.0
-5641.0	55	0.0
-5640.0	55	0.0
-5639.0	63	0.0
-5638.0	51	0.0
-5637.0	53	0.0
-5636.0	58	0.0
-5635.0	63	0.0
-5634.0	65	0.0
-5633.0	74	0.0
-5632.0	50	0.0
-5631.0	43	0.0
-5630.0	55	0.0
-5629.0	56	0.0
-5628.0	49	0.0
-5627.0	62	0.0
-5626.0	44	0.0
-5625.0	60	0.0
-5624.0	58	0.0
-5623.0	61	0.0
-5622.0	74	0.0
-5621.0	56	0.0
-5620.0	53	0.0
-5619.0	84	0.0
-5618.0	53	0.0
-5617.0	62	0.0
-5616.0	57	0.0
-5615.0	60	0.0
-5614.0	62	0.0
-5613.0	56	0.0
-5612.0	52	0.0
-5611.0	59	0.0
-5610.0	55	0.0
-5609.0	70	0.0
-5608.0	57	0.0
-5607.0	64	0.0
-5606.0	57	0.0
-5605.0	62	0.0
-5604.0	60	0.0
-5603.0	61	0.0
-5602.0	58	0.0
-5601.0	57	0.0
-5600.0	58	0.0
-5599.0	60	0.0
-5598.0	70	0.0
-5597.0	84	0.0
-5596.0	61	0.0
-5595.0	59	0.0
-5594.0	61	0.0
-5593.0	58	0.0
-5592.0	48	0.0
-5591.0	68	0.0
-5590.0	59	0.0
-5589.0	46	0.0
-5588.0	54	0.0
-5587.0	53	0.0
-5586.0	56	0.0
-5585.0	66	0.0
-5584.0	51	0.0
-5583.0	62	0.0
-5582.0	58	0.0
-5581.0	56	0.0
-5580.0	61	0.0
-5579.0	52	0.0
-5578.0	54	0.0
-5577.0	51	0.0
-5576.0	46	0.0
-5575.0	68	0.0
-5574.0	50	0.0
-5573.0	44	0.0
-5572.0	46	0.0
-5571.0	76	0.0
-5570.0	47	0.0
-5569.0	56	0.0
-5568.0	71	0.0
-5567.0	51	0.0
-5566.0	60	0.0
-5565.0	53	0.0
-5564.0	48	0.0
-5563.0	44	0.0
-5562.0	63	0.0
-5561.0	51	0.0
-5560.0	69	0.0
-5559.0	60	0.0
-5558.0	49	0.0
-5557.0	59	0.0
-5556.0	51	0.0
-5555.0	66	0.0
-5554.0	58	0.0
-5553.0	45	0.0
-5552.0	65	0.0
-5551.0	61	0.0
-5550.0	60	0.0
-5549.0	61	0.0
-5548.0	63	0.0
-5547.0	68	0.0
-5546.0	48	0.0
-5545.0	68	0.0
-5544.0	57	0.0
-5543.0	65	0.0
-5542.0	61	0.0
-5541.0	62	0.0
-5540.0	45	0.0
-5539.0	51	0.0
-5538.0	62	0.0
-5537.0	58	0.0
-5536.0	72	0.0
-5535.0	59	0.0
-5534.0	61	0.0
-5533.0	49	0.0
-5532.0	56	0.0
-5531.0	44	0.0
-5530.0	59	0.0
-5529.0	55	0.0
-5528.0	66	0.0
-5527.0	55	0.0
-5526.0	46	0.0
-5525.0	74	0.0
-5524.0	65	0.0
-5523.0	50	0.0
-5522.0	50	0.0
-5521.0	57	0.0
-5520.0	58	0.0
-5519.0	59	0.0
-5518.0	81	0.0
-5517.0	65	0.0
-5516.0	55	0.0
-5515.0	62	0.0
-5514.0	53	0.0
-5513.0	59	0.0
-5512.0	59	0.0
-5511.0	49	0.0
-5510.0	49	0.0
-5509.0	66	0.0
-5508.0	55	0.0
-5507.0	56	0.0
-5506.0	47	0.0
-5505.0	68	0.0
-5504.0	65	0.0
-5503.0	58	0.0
-5502.0	50	0.0
-5501.0	57	0.0
-5500.0	56	0.0
-5499.0	55	0.0
-5498.0	46	0.0
-5497.0	54	0.0
-5496.0	65	0.0
-5495.0	52	0.0
-5494.0	64	0.0
-5493.0	52	0.0
-5492.0	51	0.0
-5491.0	61	0.0
-5490.0	60	0.0
-5489.0	49	0.0
-5488.0	65	0.0
-5487.0	47	0.0
-5486.0	61	0.0
-5485.0	56	0.0
-5484.0	58	0.0
-5483.0	56	0.0
-5482.0	61	0.0
-5481.0	35	0.0
-5480.0	57	0.0
-5479.0	63	0.0
-5478.0	48	0.0
-5477.0	59	0.0
-5476.0	73	0.0
-5475.0	64	0.0
-5474.0	65	0.0
-5473.0	66	0.0
-5472.0	59	0.0
-5471.0	46	0.0
-5470.0	68	0.0
-5469.0	61	0.0
-5468.0	49	0.0
-5467.0	63	0.0
-5466.0	41	0.0
-5465.0	49	0.0
-5464.0	59	0.0
-5463.0	67	0.0
-5462.0	65	0.0
-5461.0	58	0.0
-5460.0	55	0.0
-5459.0	52	0.0
-5458.0	57	0.0
-5457.0	61	0.0
-5456.0	66	0.0
-5455.0	65	0.0
-5454.0	57	0.0
-5453.0	55	0.0
-5452.0	62	0.0
-5451.0	63	0.0
-5450.0	51	0.0
-5449.0	50	0.0
-5448.0	42	0.0
-5447.0	64	0.0
-5446.0	48	0.0
-5445.0	52	0.0
-5444.0	55	0.0
-5443.0	55	0.0
-5442.0	49	0.0
-5441.0	51	0.0
-5440.0	61	0.0
-5439.0	54	0.0
-5438.0	51	0.0
-5437.0	43	0.0
-5436.0	57	0.0
-5435.0	59	0.0
-5434.0	60	0.0
-5433.0	70	0.0
-5432.0	54	0.0
-5431.0	54	0.0
-5430.0	57	0.0
-5429.0	72	0.0
-5428.0	63	0.0
-5427.0	65	0.0
-5426.0	65	0.0
-5425.0	54	0.0
-5424.0	61	0.0
-5423.0	63	0.0
-5422.0	52	0.0
-5421.0	52	0.0
-5420.0	38	0.0
-5419.0	54	0.0
-5418.0	49	0.0
-5417.0	69	0.0
-5416.0	49	0.0
-5415.0	50	0.0
-5414.0	55	0.0
-5413.0	82	0.0
-5412.0	65	0.0
-5411.0	41	0.0
-5410.0	51	0.0
-5409.0	72	0.0
-5408.0	56	0.0
-5407.0	52	0.0
-5406.0	67	0.0
-5405.0	63	0.0
-5404.0	64	0.0
-5403.0	49	0.0
-5402.0	49	0.0
-5401.0	67	0.0
-5400.0	58	0.0
-5399.0	67	0.0
-5398.0	61	0.0
-5397.0	65	0.0
-5396.0	67	0.0
-5395.0	46	0.0
-5394.0	60	0.0
-5393.0	58	0.0
-5392.0	63	0.0
-5391.0	71	0.0
-5390.0	62	0.0
-5389.0	58	0.0
-5388.0	49	0.0
-5387.0	57	0.0
-5386.0	62	0.0
-5385.0	57	0.0
-5384.0	50	0.0
-5383.0	63	0.0
-5382.0	48	0.0
-5381.0	51	0.0
-5380.0	61	0.0
-5379.0	60	0.0
-5378.0	70	0.0
-5377.0	49	0.0
-5376.0	60	0.0
-5375.0	49	0.0
-5374.0	54	0.0
-5373.0	56	0.0
-5372.0	59	0.0
-5371.0	55	0.0
-5370.0	52	0.0
-5369.0	61	0.0
-5368.0	62	0.0
-5367.0	57	0.0
-5366.0	68	0.0
-5365.0	52	0.0
-5364.0	52	0.0
-5363.0	50	0.0
-5362.0	57	0.0
-5361.0	59	0.0
-5360.0	60	0.0
-5359.0	66	0.0
-5358.0	55	0.0
-5357.0	67	0.0
-5356.0	53	0.0
-5355.0	54	0.0
-5354.0	71	0.0
-5353.0	56	0.0
-5352.0	57	0.0
-5351.0	61	0.0
-5350.0	53	0.0
-5349.0	56	0.0
-5348.0	46	0.0
-5347.0	50	0.0
-5346.0	63	0.0
-5345.0	56	0.0
-5344.0	67	0.0
-5343.0	70	0.0
-5342.0	50	0.0
-5341.0	57	0.0
-5340.0	69	0.0
-5339.0	42	0.0
-5338.0	59	0.0
-5337.0	49	0.0
-5336.0	60	0.0
-5335.0	59	0.0
-5334.0	50	0.0
-5333.0	63	0.0
-5332.0	57	0.0
-5331.0	52	0.0
-5330.0	65	0.0
-5329.0	59	0.0
-5328.0	60	0.0
-5327.0	48	0.0
-5326.0	53	0.0
-5325.0	64	0.0
-5324.0	66	0.0
-5323.0	68	0.0
-5322.0	62	0.0
-5321.0	55	0.0
-5320.0	53	0.0
-5319.0	50	0.0
-5318.0	57	0.0
-5317.0	65	0.0
-5316.0	58	0.0
-5315.0	71	0.0
-5314.0	71	0.0
-5313.0	61	0.0
-5312.0	48	0.0
-5311.0	60	0.0
-5310.0	61	0.0
-5309.0	56	0.0
-5308.0	59	0.0
-5307.0	54	0.0
-5306.0	49	0.0
-5305.0	53	0.0
-5304.0	41	0.0
-5303.0	62	0.0
-5302.0	60	0.0
-5301.0	49	0.0
-5300.0	60	0.0
-5299.0	61	0.0
-5298.0	62	0.0
-5297.0	72	0.0
-5296.0	60	0.0
-5295.0	59	0.0
-5294.0	52	0.0
-5293.0	47	0.0
-5292.0	58	0.0
-5291.0	72	0.0
-5290.0	50	0.0
-5289.0	59	0.0
-5288.0	42	0.0
-5287.0	57	0.0
-5286.0	66	0.0
-5285.0	78	0.0
-5284.0	57	0.0
-5283.0	56	0.0
-5282.0	64	0.0
-5281.0	49	0.0
-5280.0	42	0.0
-5279.0	67	0.0
-5278.0	72	0.0
-5277.0	51	0.0
-5276.0	62	0.0
-5275.0	55	0.0
-5274.0	66	0.0
-5273.0	49	0.0
-5272.0	52	0.0
-5271.0	68	0.0
-5270.0	61	0.0
-5269.0	57	0.0
-5268.0	78	0.0
-5267.0	55	0.0
-5266.0	56	0.0
-5265.0	62	0.0
-5264.0	63	0.0
-5263.0	55	0.0
-5262.0	53	0.0
-5261.0	57	0.0
-5260.0	62	0.0
-5259.0	67	0.0
-5258.0	69	0.0
-5257.0	67	0.0
-5256.0	49	0.0
-5255.0	59	0.0
-5254.0	55	0.0
-5253.0	64	0.0
-5252.0	54	0.0
-5251.0	68	0.0
-5250.0	61	0.0
-5249.0	67	0.0
-5248.0	57	0.0
-5247.0	62	0.0
-5246.0	57	0.0
-5245.0	63	0.0
-5244.0	48	0.0
-5243.0	48	0.0
-5242.0	59	0.0
-5241.0	51	0.0
-5240.0	54	0.0
-5239.0	72	0.0
-5238.0	49	0.0
-5237.0	69	0.0
-5236.0	58	0.0
-5235.0	45	0.0
-5234.0	49	0.0
-5233.0	56	0.0
-5232.0	72	0.0
-5231.0	72	0.0
-5230.0	62	0.0
-5229.0	61	0.0
-5228.0	62	0.0
-5227.0	57	0.0
-5226.0	63	0.0
-5225.0	61	0.0
-5224.0	52	0.0
-5223.0	50	0.0
-5222.0	65	0.0
-5221.0	45	0.0
-5220.0	52	0.0
-5219.0	57	0.0
-5218.0	64	0.0
-5217.0	52	0.0
-5216.0	60	0.0
-5215.0	55	0.0
-5214.0	57	0.0
-5213.0	54	0.0
-5212.0	52	0.0
-5211.0	49	0.0
-5210.0	65	0.0
-5209.0	65	0.0
-5208.0	58	0.0
-5207.0	56	0.0
-5206.0	56	0.0
-5205.0	57	0.0
-5204.0	45	0.0
-5203.0	61	0.0
-5202.0	53	0.0
-5201.0	69	0.0
-5200.0	54	0.0
-5199.0	51	0.0
-5198.0	46	0.0
-5197.0	50	0.0
-5196.0	54	0.0
-5195.0	54	0.0
-5194.0	68	0.0
-5193.0	67	0.0
-5192.0	71	0.0
-5191.0	55	0.0
-5190.0	60	0.0
-5189.0	61	0.0
-5188.0	52	0.0
-5187.0	60	0.0
-5186.0	54	0.0
-5185.0	72	0.0
-5184.0	60	0.0
-5183.0	64	0.0
-5182.0	64	0.0
-5181.0	49	0.0
-5180.0	62	0.0
-5179.0	60	0.0
-5178.0	57	0.0
-5177.0	56	0.0
-5176.0	49	0.0
-5175.0	62	0.0
-5174.0	63	0.0
-5173.0	46	0.0
-5172.0	63	0.0
-5171.0	47	0.0
-5170.0	49	0.0
-5169.0	54	0.0
-5168.0	63	0.0
-5167.0	61	0.0
-5166.0	59	0.0
-5165.0	56	0.0
-5164.0	55	0.0
-5163.0	59	0.0
-5162.0	59	0.0
-5161.0	61	0.0
-5160.0	56	0.0
-5159.0	63	0.0
-5158.0	66	0.0
-5157.0	59	0.0
-5156.0	61	0.0
-5155.0	69	0.0
-5154.0	60	0.0
-5153.0	52	0.0
-5152.0	62	0.0
-5151.0	52	0.0
-5150.0	52	0.0
-5149.0	52	0.0
-5148.0	65	0.0
-5147.0	47	0.0
-5146.0	61	0.0
-5145.0	64	0.0
-5144.0	62	0.0
-5143.0	63	0.0
-5142.0	70	0.0
-5141.0	50	0.0
-5140.0	55	0.0
-5139.0	56	0.0
-5138.0	71	0.0
-5137.0	59	0.0
-5136.0	61	0.0
-5135.0	64	0.0
-5134.0	59	0.0
-5133.0	42	0.0
-5132.0	60	0.0
-5131.0	71	0.0
-5130.0	66	0.0
-5129.0	54	0.0
-5128.0	63	0.0
-5127.0	52	0.0
-5126.0	66	0.0
-5125.0	50	0.0
-5124.0	54	0.0
-5123.0	60	0.0
-5122.0	62	0.0
-5121.0	59	0.0
-5120.0	65	0.0
-5119.0	54	0.0
-5118.0	58	0.0
-5117.0	61	0.0
-5116.0	59	0.0
-5115.0	64	0.0
-5114.0	59	0.0
-5113.0	60	0.0
-5112.0	70	0.0
-5111.0	51	0.0
-5110.0	48	0.0
-5109.0	67	0.0
-5108.0	66	0.0
-5107.0	56	0.0
-5106.0	51	0.0
-5105.0	54	0.0
-5104.0	46	0.0
-5103.0	58	0.0
-5102.0	57	0.0
-5101.0	55	0.0
-5100.0	64	0.0
-5099.0	65	0.0
-5098.0	65	0.0
-5097.0	59	0.0
-5096.0	54	0.0
-5095.0	68	0.0
-5094.0	72	0.0
-5093.0	44	0.0
-5092.0	48	0.0
-5091.0	44	0.0
-5090.0	66	0.0
-5089.0	54	0.0
-5088.0	42	0.0
-5087.0	56	0.0
-5086.0	41	0.0
-5085.0	65	0.0
-5084.0	71	0.0
-5083.0	62	0.0
-5082.0	63	0.0
-5081.0	55	0.0
-5080.0	60	0.0
-5079.0	55	0.0
-5078.0	63	0.0
-5077.0	58	0.0
-5076.0	62	0.0
-5075.0	53	0.0
-5074.0	71	0.0
-5073.0	58	0.0
-5072.0	64	0.0
-5071.0	59	0.0
-5070.0	64	0.0
-5069.0	49	0.0
-5068.0	48	0.0
-5067.0	68	0.0
-5066.0	57	0.0
-5065.0	64	0.0
-5064.0	62	0.0
-5063.0	56	0.0
-5062.0	58	0.0
-5061.0	66	0.0
-5060.0	55	0.0
-5059.0	60	0.0
-5058.0	42	0.0
-5057.0	70	0.0
-5056.0	58	0.0
-5055.0	60	0.0
-5054.0	53	0.0
-5053.0	54	0.0
-5052.0	65	0.0
-5051.0	68	0.0
-5050.0	76	0.0
-5049.0	58	0.0
-5048.0	62	0.0
-5047.0	58	0.0
-5046.0	59	0.0
-5045.0	53	0.0
-5044.0	49	0.0
-5043.0	52	0.0
-5042.0	49	0.0
-5041.0	51	0.0
-5040.0	49	0.0
-5039.0	52	0.0
-5038.0	62	0.0
-5037.0	55	0.0
-5036.0	60	0.0
-5035.0	52	0.0
-5034.0	52	0.0
-5033.0	68	0.0
-5032.0	74	0.0
-5031.0	51	0.0
-5030.0	69	0.0
-5029.0	60	0.0
-5028.0	66	0.0
-5027.0	62	0.0
-5026.0	60	0.0
-5025.0	62	0.0
-5024.0	56	0.0
-5023.0	70	0.0
-5022.0	58	0.0
-5021.0	55	0.0
-5020.0	59	0.0
-5019.0	52	0.0
-5018.0	63	0.0
-5017.0	60	0.0
-5016.0	69	0.0
-5015.0	54	0.0
-5014.0	51	0.0
-5013.0	57	0.0
-5012.0	69	0.0
-5011.0	48	0.0
-5010.0	51	0.0
-5009.0	67	0.0
-5008.0	56	0.0
-5007.0	64	0.0
-5006.0	73	0.0
-5005.0	43	0.0
-5004.0	59	0.0
-5003.0	55	0.0
-5002.0	61	0.0
-5001.0	65	0.0
-5000.0	67	0.0
-4999.0	59	0.0
-4998.0	48	0.0
-4997.0	52	0.0
-4996.0	61	0.0
-4995.0	60	0.0
-4994.0	65	0.0
-4993.0	63	0.0
-4992.0	62	0.0
-4991.0	56	0.0
-4990.0	65	0.0
-4989.0	39	0.0
-4988.0	60	0.0
-4987.0	79	0.0
-4986.0	64	0.0
-4985.0	65	0.0
-4984.0	67	0.0
-4983.0	49	0.0
-4982.0	54	0.0
-4981.0	54	0.0
-4980.0	60	0.0
-4979.0	57	0.0
-4978.0	49	0.0
-4977.0	72	0.0
-4976.0	62	0.0
-4975.0	58	0.0
-4974.0	66	0.0
-4973.0	53	0.0
-4972.0	51	0.0
-4971.0	56	0.0
-4970.0	67	0.0
-4969.0	54	0.0
-4968.0	69	0.0
-4967.0	48	0.0
-4966.0	56	0.0
-4965.0	57	0.0
-4964.0	50	0.0
-4963.0	44	0.0
-4962.0	69	0.0
-4961.0	66	0.0
-4960.0	65	0.0
-4959.0	50	0.0
-4958.0	46	0.0
-4957.0	52	0.0
-4956.0	79	0.0
-4955.0	69	0.0
-4954.0	60	0.0
-4953.0	71	0.0
-4952.0	61	0.0
-4951.0	51	0.0
-4950.0	67	0.0
-4949.0	60	0.0
-4948.0	52	0.0
-4947.0	63	0.0
-4946.0	76	0.0
-4945.0	64	0.0
-4944.0	55	0.0
-4943.0	56	0.0
-4942.0	56	0.0
-4941.0	61	0.0
-4940.0	51	0.0
-4939.0	58	0.0
-4938.0	46	0.0
-4937.0	56	0.0
-4936.0	58	0.0
-4935.0	55	0.0
-4934.0	50	0.0
-4933.0	50	0.0
-4932.0	54	0.0
-4931.0	63	0.0
-4930.0	49	0.0
-4929.0	62	0.0
-4928.0	68	0.0
-4927.0	67	0.0
-4926.0	49	0.0
-4925.0	57	0.0
-4924.0	68	0.0
-4923.0	52	0.0
-4922.0	58	0.0
-4921.0	68	0.0
-4920.0	63	0.0
-4919.0	47	0.0
-4918.0	65	0.0
-4917.0	57	0.0
-4916.0	68	0.0
-4915.0	58	0.0
-4914.0	57	0.0
-4913.0	40	0.0
-4912.0	50	0.0
-4911.0	51	0.0
-4910.0	60	0.0
-4909.0	43	0.0
-4908.0	52	0.0
-4907.0	42	0.0
-4906.0	57	0.0
-4905.0	61	0.0
-4904.0	53	0.0
-4903.0	57	0.0
-4902.0	64	0.0
-4901.0	75	0.0
-4900.0	61	0.0
-4899.0	65	0.0
-4898.0	53	0.0
-4897.0	50	0.0
-4896.0	57	0.0
-4895.0	64	0.0
-4894.0	49	0.0
-4893.0	52	0.0
-4892.0	62	0.0
-4891.0	63	0.0
-4890.0	50	0.0
-4889.0	60	0.0
-4888.0	67	0.0
-4887.0	59	0.0
-4886.0	64	0.0
-4885.0	45	0.0
-4884.0	60	0.0
-4883.0	52	0.0
-4882.0	64	0.0
-4881.0	55	0.0
-4880.0	67	0.0
-4879.0	80	0.0
-4878.0	58	0.0
-4877.0	50	0.0
-4876.0	53	0.0
-4875.0	62	0.0
-4874.0	63	0.0
-4873.0	63	0.0
-4872.0	47	0.0
-4871.0	68	0.0
-4870.0	57	0.0
-4869.0	73	0.0
-4868.0	56	0.0
-4867.0	60	0.0
-4866.0	47	0.0
-4865.0	56	0.0
-4864.0	51	0.0
-4863.0	61	0.0
-4862.0	56	0.0
-4861.0	54	0.0
-4860.0	65	0.0
-4859.0	68	0.0
-4858.0	66	0.0
-4857.0	41	0.0
-4856.0	55	0.0
-4855.0	53	0.0
-4854.0	51	0.0
-4853.0	44	0.0
-4852.0	59	0.0
-4851.0	67	0.0
-4850.0	50	0.0
-4849.0	51	0.0
-4848.0	51	0.0
-4847.0	54	0.0
-4846.0	55	0.0
-4845.0	54	0.0
-4844.0	66	0.0
-4843.0	49	0.0
-4842.0	63	0.0
-4841.0	47	0.0
-4840.0	52	0.0
-4839.0	46	0.0
-4838.0	59	0.0
-4837.0	71	0.0
-4836.0	72	0.0
-4835.0	51	0.0
-4834.0	64	0.0
-4833.0	57	0.0
-4832.0	53	0.0
-4831.0	56	0.0
-4830.0	54	0.0
-4829.0	55	0.0
-4828.0	46	0.0
-4827.0	59	0.0
-4826.0	54	0.0
-4825.0	50	0.0
-4824.0	48	0.0
-4823.0	51	0.0
-4822.0	57	0.0
-4821.0	55	0.0
-4820.0	55	0.0
-4819.0	64	0.0
-4818.0	48	0.0
-4817.0	60	0.0
-4816.0	45	0.0
-4815.0	59	0.0
-4814.0	55	0.0
-4813.0	61	0.0
-4812.0	59	0.0
-4811.0	57	0.0
-4810.0	51	0.0
-4809.0	48	0.0
-4808.0	56	0.0
-4807.0	44	0.0
-4806.0	53	0.0
-4805.0	62	0.0
-4804.0	60	0.0
-4803.0	59	0.0
-4802.0	54	0.0
-4801.0	51	0.0
-4800.0	64	0.0
-4799.0	57	0.0
-4798.0	56	0.0
-4797.0	51	0.0
-4796.0	56	0.0
-4795.0	58	0.0
-4794.0	52	0.0
-4793.0	54	0.0
-4792.0	49	0.0
-4791.0	57	0.0
-4790.0	56	0.0
-4789.0	55	0.0
-4788.0	45	0.0
-4787.0	58	0.0
-4786.0	68	0.0
-4785.0	56	0.0
-4784.0	55	0.0
-4783.0	75	0.0
-4782.0	62	0.0
-4781.0	56	0.0
-4780.0	53	0.0
-4779.0	51	0.0
-4778.0	55	0.0
-4777.0	74	0.0
-4776.0	53	0.0
-4775.0	65	0.0
-4774.0	57	0.0
-4773.0	58	0.0
-4772.0	53	0.0
-4771.0	63	0.0
-4770.0	59	0.0
-4769.0	60	0.0
-4768.0	54	0.0
-4767.0	68	0.0
-4766.0	51	0.0
-4765.0	63	0.0
-4764.0	75	0.0
-4763.0	59	0.0
-4762.0	65	0.0
-4761.0	51	0.0
-4760.0	56	0.0
-4759.0	61	0.0
-4758.0	41	0.0
-4757.0	64	0.0
-4756.0	54	0.0
-4755.0	71	0.0
-4754.0	58	0.0
-4753.0	50	0.0
-4752.0	48	0.0
-4751.0	59	0.0
-4750.0	64	0.0
-4749.0	53	0.0
-4748.0	61	0.0
-4747.0	57	0.0
-4746.0	68	0.0
-4745.0	60	0.0
-4744.0	70	0.0
-4743.0	56	0.0
-4742.0	57	0.0
-4741.0	62	0.0
-4740.0	58	0.0
-4739.0	66	0.0
-4738.0	69	0.0
-4737.0	53	0.0
-4736.0	62	0.0
-4735.0	58	0.0
-4734.0	44	0.0
-4733.0	58	0.0
-4732.0	63	0.0
-4731.0	49	0.0
-4730.0	60	0.0
-4729.0	62	0.0
-4728.0	68	0.0
-4727.0	58	0.0
-4726.0	50	0.0
-4725.0	73	0.0
-4724.0	59	0.0
-4723.0	53	0.0
-4722.0	48	0.0
-4721.0	53	0.0
-4720.0	52	0.0
-4719.0	57	0.0
-4718.0	61	0.0
-4717.0	57	0.0
-4716.0	54	0.0
-4715.0	65	0.0
-4714.0	59	0.0
-4713.0	65	0.0
-4712.0	66	0.0
-4711.0	57	0.0
-4710.0	48	0.0
-4709.0	59	0.0
-4708.0	56	0.0
-4707.0	54	0.0
-4706.0	52	0.0
-4705.0	63	0.0
-4704.0	55	0.0
-4703.0	70	0.0
-4702.0	56	0.0
-4701.0	66	0.0
-4700.0	65	0.0
-4699.0	56	0.0
-4698.0	56	0.0
-4697.0	60	0.0
-4696.0	59	0.0
-4695.0	61	0.0
-4694.0	57	0.0
-4693.0	56	0.0
-4692.0	52	0.0
-4691.0	46	0.0
-4690.0	65	0.0
-4689.0	61	0.0
-4688.0	64	0.0
-4687.0	73	0.0
-4686.0	46	0.0
-4685.0	58	0.0
-4684.0	49	0.0
-4683.0	52	0.0
-4682.0	69	0.0
-4681.0	62	0.0
-4680.0	61	0.0
-4679.0	75	0.0
-4678.0	48	0.0
-4677.0	66	0.0
-4676.0	59	0.0
-4675.0	60	0.0
-4674.0	68	0.0
-4673.0	55	0.0
-4672.0	64	0.0
-4671.0	51	0.0
-4670.0	42	0.0
-4669.0	64	0.0
-4668.0	47	0.0
-4667.0	69	0.0
-4666.0	55	0.0
-4665.0	52	0.0
-4664.0	54	0.0
-4663.0	53	0.0
-4662.0	44	0.0
-4661.0	62	0.0
-4660.0	62	0.0
-4659.0	51	0.0
-4658.0	51	0.0
-4657.0	52	0.0
-4656.0	63	0.0
-4655.0	53	0.0
-4654.0	55	0.0
-4653.0	48	0.0
-4652.0	52	0.0
-4651.0	63	0.0
-4650.0	68	0.0
-4649.0	59	0.0
-4648.0	54	0.0
-4647.0	57	0.0
-4646.0	55	0.0
-4645.0	59	0.0
-4644.0	51	0.0
-4643.0	69	0.0
-4642.0	63	0.0
-4641.0	64	0.0
-4640.0	50	0.0
-4639.0	65	0.0
-4638.0	72	0.0
-4637.0	62	0.0
-4636.0	53	0.0
-4635.0	70	0.0
-4634.0	57	0.0
-4633.0	54	0.0
-4632.0	51	0.0
-4631.0	74	0.0
-4630.0	58	0.0
-4629.0	45	0.0
-4628.0	50	0.0
-4627.0	63	0.0
-4626.0	69	0.0
-4625.0	62	0.0
-4624.0	58	0.0
-4623.0	49	0.0
-4622.0	58	0.0
-4621.0	54	0.0
-4620.0	51	0.0
-4619.0	67	0.0
-4618.0	60	0.0
-4617.0	52	0.0
-4616.0	51	0.0
-4615.0	61	0.0
-4614.0	55	0.0
-4613.0	63	0.0
-4612.0	51	0.0
-4611.0	54	0.0
-4610.0	59	0.0
-4609.0	65	0.0
-4608.0	67	0.0
-4607.0	56	0.0
-4606.0	44	0.0
-4605.0	50	0.0
-4604.0	67	0.0
-4603.0	43	0.0
-4602.0	60	0.0
-4601.0	52	0.0
-4600.0	63	0.0
-4599.0	56	0.0
-4598.0	55	0.0
-4597.0	51	0.0
-4596.0	57	0.0
-4595.0	48	0.0
-4594.0	76	0.0
-4593.0	56	0.0
-4592.0	47	0.0
-4591.0	50	0.0
-4590.0	45	0.0
-4589.0	50	0.0
-4588.0	58	0.0
-4587.0	50	0.0
-4586.0	61	0.0
-4585.0	47	0.0
-4584.0	51	0.0
-4583.0	56	0.0
-4582.0	62	0.0
-4581.0	47	0.0
-4580.0	48	0.0
-4579.0	66	0.0
-4578.0	46	0.0
-4577.0	55	0.0
-4576.0	49	0.0
-4575.0	58	0.0
-4574.0	59	0.0
-4573.0	56	0.0
-4572.0	56	0.0
-4571.0	46	0.0
-4570.0	54	0.0
-4569.0	74	0.0
-4568.0	48	0.0
-4567.0	47	0.0
-4566.0	54	0.0
-4565.0	45	0.0
-4564.0	48	0.0
-4563.0	52	0.0
-4562.0	59	0.0
-4561.0	74	0.0
-4560.0	52	0.0
-4559.0	57	0.0
-4558.0	40	0.0
-4557.0	59	0.0
-4556.0	53	0.0
-4555.0	52	0.0
-4554.0	49	0.0
-4553.0	56	0.0
-4552.0	55	0.0
-4551.0	71	0.0
-4550.0	53	0.0
-4549.0	51	0.0
-4548.0	64	0.0
-4547.0	71	0.0
-4546.0	52	0.0
-4545.0	59	0.0
-4544.0	46	0.0
-4543.0	60	0.0
-4542.0	53	0.0
-4541.0	74	0.0
-4540.0	60	0.0
-4539.0	74	0.0
-4538.0	65	0.0
-4537.0	49	0.0
-4536.0	57	0.0
-4535.0	68	0.0
-4534.0	62	0.0
-4533.0	57	0.0
-4532.0	63	0.0
-4531.0	54	0.0
-4530.0	52	0.0
-4529.0	53	0.0
-4528.0	59	0.0
-4527.0	69	0.0
-4526.0	63	0.0
-4525.0	54	0.0
-4524.0	50	0.0
-4523.0	55	0.0
-4522.0	64	0.0
-4521.0	56	0.0
-4520.0	48	0.0
-4519.0	58	0.0
-4518.0	65	0.0
-4517.0	49	0.0
-4516.0	65	0.0
-4515.0	56	0.0
-4514.0	66	0.0
-4513.0	65	0.0
-4512.0	61	0.0
-4511.0	60	0.0
-4510.0	53	0.0
-4509.0	73	0.0
-4508.0	61	0.0
-4507.0	56	0.0
-4506.0	64	0.0
-4505.0	64	0.0
-4504.0	52	0.0
-4503.0	61	0.0
-4502.0	64	0.0
-4501.0	58	0.0
-4500.0	50	0.0
-4499.0	63	0.0
-4498.0	54	0.0
-4497.0	66	0.0
-4496.0	50	0.0
-4495.0	46	0.0
-4494.0	41	0.0
-4493.0	53	0.0
-4492.0	55	0.0
-4491.0	64	0.0
-4490.0	66	0.0
-4489.0	57	0.0
-4488.0	50	0.0
-4487.0	68	0.0
-4486.0	56	0.0
-4485.0	49	0.0
-4484.0	56	0.0
-4483.0	55	0.0
-4482.0	53	0.0
-4481.0	51	0.0
-4480.0	53	0.0
-4479.0	55	0.0
-4478.0	57	0.0
-4477.0	49	0.0
-4476.0	53	0.0
-4475.0	72	0.0
-4474.0	55	0.0
-4473.0	56	0.0
-4472.0	62	0.0
-4471.0	68	0.0
-4470.0	69	0.0
-4469.0	62	0.0
-4468.0	56	0.0
-4467.0	51	0.0
-4466.0	69	0.0
-4465.0	57	0.0
-4464.0	48	0.0
-4463.0	66	0.0
-4462.0	52	0.0
-4461.0	62	0.0
-4460.0	50	0.0
-4459.0	51	0.0
-4458.0	55	0.0
-4457.0	55	0.0
-4456.0	55	0.0
-4455.0	55	0.0
-4454.0	42	0.0
-4453.0	59	0.0
-4452.0	53	0.0
-4451.0	68	0.0
-4450.0	59	0.0
-4449.0	48	0.0
-4448.0	54	0.0
-4447.0	52	0.0
-4446.0	61	0.0
-4445.0	61	0.0
-4444.0	52	0.0
-4443.0	53	0.0
-4442.0	63	0.0
-4441.0	60	0.0
-4440.0	68	0.0
-4439.0	41	0.0
-4438.0	56	0.0
-4437.0	65	0.0
-4436.0	49	0.0
-4435.0	43	0.0
-4434.0	63	0.0
-4433.0	47	0.0
-4432.0	61	0.0
-4431.0	67	0.0
-4430.0	52	0.0
-4429.0	64	0.0
-4428.0	51	0.0
-4427.0	72	0.0
-4426.0	57	0.0
-4425.0	50	0.0
-4424.0	56	0.0
-4423.0	59	0.0
-4422.0	50	0.0
-4421.0	55	0.0
-4420.0	58	0.0
-4419.0	58	0.0
-4418.0	47	0.0
-4417.0	51	0.0
-4416.0	42	0.0
-4415.0	50	0.0
-4414.0	44	0.0
-4413.0	51	0.0
-4412.0	53	0.0
-4411.0	50	0.0
-4410.0	64	0.0
-4409.0	66	0.0
-4408.0	59	0.0
-4407.0	58	0.0
-4406.0	48	0.0
-4405.0	55	0.0
-4404.0	52	0.0
-4403.0	59	0.0
-4402.0	65	0.0
-4401.0	58	0.0
-4400.0	51	0.0
-4399.0	58	0.0
-4398.0	51	0.0
-4397.0	59	0.0
-4396.0	59	0.0
-4395.0	76	0.0
-4394.0	62	0.0
-4393.0	49	0.0
-4392.0	54	0.0
-4391.0	78	0.0
-4390.0	56	0.0
-4389.0	60	0.0
-4388.0	58	0.0
-4387.0	61	0.0
-4386.0	39	0.0
-4385.0	55	0.0
-4384.0	52	0.0
-4383.0	73	0.0
-4382.0	55	0.0
-4381.0	78	0.0
-4380.0	55	0.0
-4379.0	63	0.0
-4378.0	63	0.0
-4377.0	63	0.0
-4376.0	64	0.0
-4375.0	56	0.0
-4374.0	49	0.0
-4373.0	61	0.0
-4372.0	60	0.0
-4371.0	58	0.0
-4370.0	65	0.0
-4369.0	50	0.0
-4368.0	51	0.0
-4367.0	53	0.0
-4366.0	57	0.0
-4365.0	50	0.0
-4364.0	57	0.0
-4363.0	51	0.0
-4362.0	66	0.0
-4361.0	63	0.0
-4360.0	47	0.0
-4359.0	62	0.0
-4358.0	58	0.0
-4357.0	59	0.0
-4356.0	65	0.0
-4355.0	53	0.0
-4354.0	53	0.0
-4353.0	57	0.0
-4352.0	56	0.0
-4351.0	53	0.0
-4350.0	46	0.0
-4349.0	50	0.0
-4348.0	62	0.0
-4347.0	46	0.0
-4346.0	63	0.0
-4345.0	61	0.0
-4344.0	44	0.0
-4343.0	44	0.0
-4342.0	45	0.0
-4341.0	58	0.0
-4340.0	64	0.0
-4339.0	57	0.0
-4338.0	65	0.0
-4337.0	60	0.0
-4336.0	58	0.0
-4335.0	49	0.0
-4334.0	56	0.0
-4333.0	58	0.0
-4332.0	62	0.0
-4331.0	49	0.0
-4330.0	58	0.0
-4329.0	52	0.0
-4328.0	59	0.0
-4327.0	64	0.0
-4326.0	65	0.0
-4325.0	56	0.0
-4324.0	63	0.0
-4323.0	55	0.0
-4322.0	53	0.0
-4321.0	67	0.0
-4320.0	51	0.0
-4319.0	62	0.0
-4318.0	59	0.0
-4317.0	53	0.0
-4316.0	47	0.0
-4315.0	57	0.0
-4314.0	61	0.0
-4313.0	53	0.0
-4312.0	50	0.0
-4311.0	52	0.0
-4310.0	63	0.0
-4309.0	45	0.0
-4308.0	47	0.0
-4307.0	60	0.0
-4306.0	70	0.0
-4305.0	54	0.0
-4304.0	59	0.0
-4303.0	70	0.0
-4302.0	53	0.0
-4301.0	46	0.0
-4300.0	45	0.0
-4299.0	50	0.0
-4298.0	61	0.0
-4297.0	66	0.0
-4296.0	57	0.0
-4295.0	56	0.0
-4294.0	67	0.0
-4293.0	53	0.0
-4292.0	42	0.0
-4291.0	63	0.0
-4290.0	51	0.0
-4289.0	52	0.0
-4288.0	67	0.0
-4287.0	49	0.0
-4286.0	59	0.0
-4285.0	52	0.0
-4284.0	52	0.0
-4283.0	53	0.0
-4282.0	57	0.0
-4281.0	73	0.0
-4280.0	62	0.0
-4279.0	73	0.0
-4278.0	67	0.0
-4277.0	71	0.0
-4276.0	68	0.0
-4275.0	49	0.0
-4274.0	60	0.0
-4273.0	65	0.0
-4272.0	51	0.0
-4271.0	68	0.0
-4270.0	60	0.0
-4269.0	45	0.0
-4268.0	63	0.0
-4267.0	69	0.0
-4266.0	71	0.0
-4265.0	54	0.0
-4264.0	55	0.0
-4263.0	53	0.0
-4262.0	67	0.0
-4261.0	51	0.0
-4260.0	56	0.0
-4259.0	60	0.0
-4258.0	57	0.0
-4257.0	62	0.0
-4256.0	53	0.0
-4255.0	51	0.0
-4254.0	54	0.0
-4253.0	49	0.0
-4252.0	64	0.0
-4251.0	58	0.0
-4250.0	60	0.0
-4249.0	66	0.0
-4248.0	64	0.0
-4247.0	53	0.0
-4246.0	58	0.0
-4245.0	55	0.0
-4244.0	56	0.0
-4243.0	76	0.0
-4242.0	61	0.0
-4241.0	57	0.0
-4240.0	61	0.0
-4239.0	57	0.0
-4238.0	72	0.0
-4237.0	48	0.0
-4236.0	51	0.0
-4235.0	46	0.0
-4234.0	54	0.0
-4233.0	59	0.0
-4232.0	68	0.0
-4231.0	55	0.0
-4230.0	61	0.0
-4229.0	61	0.0
-4228.0	58	0.0
-4227.0	63	0.0
-4226.0	46	0.0
-4225.0	45	0.0
-4224.0	48	0.0
-4223.0	58	0.0
-4222.0	59	0.0
-4221.0	58	0.0
-4220.0	68	0.0
-4219.0	68	0.0
-4218.0	54	0.0
-4217.0	61	0.0
-4216.0	47	0.0
-4215.0	61	0.0
-4214.0	73	0.0
-4213.0	57	0.0
-4212.0	57	0.0
-4211.0	61	0.0
-4210.0	58	0.0
-4209.0	86	0.0
-4208.0	53	0.0
-4207.0	64	0.0
-4206.0	59	0.0
-4205.0	53	0.0
-4204.0	52	0.0
-4203.0	55	0.0
-4202.0	65	0.0
-4201.0	39	0.0
-4200.0	69	0.0
-4199.0	62	0.0
-4198.0	53	0.0
-4197.0	63	0.0
-4196.0	60	0.0
-4195.0	50	0.0
-4194.0	49	0.0
-4193.0	75	0.0
-4192.0	46	0.0
-4191.0	66	0.0
-4190.0	63	0.0
-4189.0	74	0.0
-4188.0	65	0.0
-4187.0	42	0.0
-4186.0	61	0.0
-4185.0	57	0.0
-4184.0	64	0.0
-4183.0	55	0.0
-4182.0	51	0.0
-4181.0	53	0.0
-4180.0	64	0.0
-4179.0	63	0.0
-4178.0	45	0.0
-4177.0	61	0.0
-4176.0	52	0.0
-4175.0	62	0.0
-4174.0	64	0.0
-4173.0	50	0.0
-4172.0	49	0.0
-4171.0	60	0.0
-4170.0	64	0.0
-4169.0	58	0.0
-4168.0	61	0.0
-4167.0	45	0.0
-4166.0	62	0.0
-4165.0	39	0.0
-4164.0	59	0.0
-4163.0	54	0.0
-4162.0	61	0.0
-4161.0	59	0.0
-4160.0	58	0.0
-4159.0	52	0.0
-4158.0	53	0.0
-4157.0	55	0.0
-4156.0	58	0.0
-4155.0	50	0.0
-4154.0	41	0.0
-4153.0	56	0.0
-4152.0	38	0.0
-4151.0	69	0.0
-4150.0	59	0.0
-4149.0	57	0.0
-4148.0	62	0.0
-4147.0	46	0.0
-4146.0	63	0.0
-4145.0	59	0.0
-4144.0	54	0.0
-4143.0	58	0.0
-4142.0	44	0.0
-4141.0	63	0.0
-4140.0	54	0.0
-4139.0	70	0.0
-4138.0	55	0.0
-4137.0	58	0.0
-4136.0	60	0.0
-4135.0	70	0.0
-4134.0	67	0.0
-4133.0	61	0.0
-4132.0	62	0.0
-4131.0	47	0.0
-4130.0	61	0.0
-4129.0	57	0.0
-4128.0	71	0.0
-4127.0	52	0.0
-4126.0	57	0.0
-4125.0	58	0.0
-4124.0	63	0.0
-4123.0	44	0.0
-4122.0	50	0.0
-4121.0	66	0.0
-4120.0	52	0.0
-4119.0	59	0.0
-4118.0	64	0.0
-4117.0	54	0.0
-4116.0	64	0.0
-4115.0	65	0.0
-4114.0	66	0.0
-4113.0	48	0.0
-4112.0	58	0.0
-4111.0	65	0.0
-4110.0	64	0.0
-4109.0	48	0.0
-4108.0	66	0.0
-4107.0	54	0.0
-4106.0	70	0.0
-4105.0	45	0.0
-4104.0	59	0.0
-4103.0	61	0.0
-4102.0	62	0.0
-4101.0	46	0.0
-4100.0	61	0.0
-4099.0	53	0.0
-4098.0	53	0.0
-4097.0	34	0.0
-4096.0	52	0.0
-4095.0	42	0.0
-4094.0	63	0.0
-4093.0	50	0.0
-4092.0	64	0.0
-4091.0	47	0.0
-4090.0	59	0.0
-4089.0	56	0.0
-4088.0	55	0.0
-4087.0	73	0.0
-4086.0	62	0.0
-4085.0	63	0.0
-4084.0	50	0.0
-4083.0	62	0.0
-4082.0	52	0.0
-4081.0	56	0.0
-4080.0	68	0.0
-4079.0	44	0.0
-4078.0	50	0.0
-4077.0	60	0.0
-4076.0	63	0.0
-4075.0	75	0.0
-4074.0	56	0.0
-4073.0	75	0.0
-4072.0	53	0.0
-4071.0	61	0.0
-4070.0	58	0.0
-4069.0	58	0.0
-4068.0	52	0.0
-4067.0	61	0.0
-4066.0	58	0.0
-4065.0	72	0.0
-4064.0	60	0.0
-4063.0	75	0.0
-4062.0	61	0.0
-4061.0	46	0.0
-4060.0	59	0.0
-4059.0	47	0.0
-4058.0	75	0.0
-4057.0	56	0.0
-4056.0	49	0.0
-4055.0	55	0.0
-4054.0	63	0.0
-4053.0	60	0.0
-4052.0	60	0.0
-4051.0	62	0.0
-4050.0	58	0.0
-4049.0	50	0.0
-4048.0	55	0.0
-4047.0	61	0.0
-4046.0	62	0.0
-4045.0	62	0.0
-4044.0	62	0.0
-4043.0	62	0.0
-4042.0	51	0.0
-4041.0	55	0.0
-4040.0	57	0.0
-4039.0	59	0.0
-4038.0	52	0.0
-4037.0	47	0.0
-4036.0	57	0.0
-4035.0	53	0.0
-4034.0	68	0.0
-4033.0	67	0.0
-4032.0	54	0.0
-4031.0	64	0.0
-4030.0	49	0.0
-4029.0	54	0.0
-4028.0	60	0.0
-4027.0	51	0.0
-4026.0	49	0.0
-4025.0	53	0.0
-4024.0	74	0.0
-4023.0	56	0.0
-4022.0	44	0.0
-4021.0	54	0.0
-4020.0	53	0.0
-4019.0	50	0.0
-4018.0	63	0.0
-4017.0	65	0.0
-4016.0	49	0.0
-4015.0	59	0.0
-4014.0	73	0.0
-4013.0	54	0.0
-4012.0	67	0.0
-4011.0	59	0.0
-4010.0	54	0.0
-4009.0	56	0.0
-4008.0	56	0.0
-4007.0	57	0.0
-4006.0	65	0.0
-4005.0	62	0.0
-4004.0	49	0.0
-4003.0	61	0.0
-4002.0	66	0.0
-4001.0	65	0.0
-4000.0	64	0.0
-3999.0	53	0.0
-3998.0	67	0.0
-3997.0	54	0.0
-3996.0	59	0.0
-3995.0	62	0.0
-3994.0	60	0.0
-3993.0	52	0.0
-3992.0	52	0.0
-3991.0	51	0.0
-3990.0	69	0.0
-3989.0	54	0.0
-3988.0	52	0.0
-3987.0	52	0.0
-3986.0	67	0.0
-3985.0	58	0.0
-3984.0	55	0.0
-3983.0	52	0.0
-3982.0	53	0.0
-3981.0	65	0.0
-3980.0	58	0.0
-3979.0	45	0.0
-3978.0	61	0.0
-3977.0	60	0.0
-3976.0	67	0.0
-3975.0	58	0.0
-3974.0	70	0.0
-3973.0	50	0.0
-3972.0	52	0.0
-3971.0	51	0.0
-3970.0	56	0.0
-3969.0	60	0.0
-3968.0	53	0.0
-3967.0	57	0.0
-3966.0	53	0.0
-3965.0	61	0.0
-3964.0	54	0.0
-3963.0	52	0.0
-3962.0	61	0.0
-3961.0	49	0.0
-3960.0	51	0.0
-3959.0	64	0.0
-3958.0	73	0.0
-3957.0	66	0.0
-3956.0	59	0.0
-3955.0	71	0.0
-3954.0	56	0.0
-3953.0	44	0.0
-3952.0	60	0.0
-3951.0	61	0.0
-3950.0	63	0.0
-3949.0	61	0.0
-3948.0	66	0.0
-3947.0	64	0.0
-3946.0	61	0.0
-3945.0	67	0.0
-3944.0	52	0.0
-3943.0	61	0.0
-3942.0	69	0.0
-3941.0	56	0.0
-3940.0	67	0.0
-3939.0	61	0.0
-3938.0	53	0.0
-3937.0	45	0.0
-3936.0	68	0.0
-3935.0	60	0.0
-3934.0	48	0.0
-3933.0	66	0.0
-3932.0	66	0.0
-3931.0	55	0.0
-3930.0	78	0.0
-3929.0	43	0.0
-3928.0	47	0.0
-3927.0	52	0.0
-3926.0	57	0.0
-3925.0	71	0.0
-3924.0	53	0.0
-3923.0	66	0.0
-3922.0	56	0.0
-3921.0	84	0.0
-3920.0	80	0.0
-3919.0	53	0.0
-3918.0	46	0.0
-3917.0	64	0.0
-3916.0	73	0.0
-3915.0	55	0.0
-3914.0	54	0.0
-3913.0	54	0.0
-3912.0	57	0.0
-3911.0	53	0.0
-3910.0	60	0.0
-3909.0	62	0.0
-3908.0	60	0.0
-3907.0	51	0.0
-3906.0	62	0.0
-3905.0	56	0.0
-3904.0	53	0.0
-3903.0	59	0.0
-3902.0	65	0.0
-3901.0	65	0.0
-3900.0	52	0.0
-3899.0	65	0.0
-3898.0	57	0.0
-3897.0	58	0.0
-3896.0	74	0.0
-3895.0	72	0.0
-3894.0	56	0.0
-3893.0	56	0.0
-3892.0	58	0.0
-3891.0	53	0.0
-3890.0	59	0.0
-3889.0	73	0.0
-3888.0	48	0.0
-3887.0	72	0.0
-3886.0	48	0.0
-3885.0	47	0.0
-3884.0	44	0.0
-3883.0	56	0.0
-3882.0	62	0.0
-3881.0	53	0.0
-3880.0	59	0.0
-3879.0	62	0.0
-3878.0	52	0.0
-3877.0	62	0.0
-3876.0	52	0.0
-3875.0	48	0.0
-3874.0	60	0.0
-3873.0	56	0.0
-3872.0	67	0.0
-3871.0	52	0.0
-3870.0	48	0.0
-3869.0	53	0.0
-3868.0	63	0.0
-3867.0	47	0.0
-3866.0	52	0.0
-3865.0	66	0.0
-3864.0	73	0.0
-3863.0	66	0.0
-3862.0	68	0.0
-3861.0	58	0.0
-3860.0	61	0.0
-3859.0	58	0.0
-3858.0	52	0.0
-3857.0	65	0.0
-3856.0	63	0.0
-3855.0	55	0.0
-3854.0	55	0.0
-3853.0	62	0.0
-3852.0	55	0.0
-3851.0	47	0.0
-3850.0	60	0.0
-3849.0	56	0.0
-3848.0	43	0.0
-3847.0	63	0.0
-3846.0	63	0.0
-3845.0	49	0.0
-3844.0	70	0.0
-3843.0	49	0.0
-3842.0	66	0.0
-3841.0	67	0.0
-3840.0	53	0.0
-3839.0	55	0.0
-3838.0	80	0.0
-3837.0	63	0.0
-3836.0	59	0.0
-3835.0	60	0.0
-3834.0	73	0.0
-3833.0	57	0.0
-3832.0	70	0.0
-3831.0	65	0.0
-3830.0	54	0.0
-3829.0	58	0.0
-3828.0	55	0.0
-3827.0	59	0.0
-3826.0	53	0.0
-3825.0	50	0.0
-3824.0	62	0.0
-3823.0	49	0.0
-3822.0	54	0.0
-3821.0	59	0.0
-3820.0	45	0.0
-3819.0	60	0.0
-3818.0	54	0.0
-3817.0	69	0.0
-3816.0	38	0.0
-3815.0	54	0.0
-3814.0	54	0.0
-3813.0	48	0.0
-3812.0	66	0.0
-3811.0	53	0.0
-3810.0	49	0.0
-3809.0	59	0.0
-3808.0	60	0.0
-3807.0	62	0.0
-3806.0	52	0.0
-3805.0	68	0.0
-3804.0	61	0.0
-3803.0	52	0.0
-3802.0	54	0.0
-3801.0	52	0.0
-3800.0	44	0.0
-3799.0	62	0.0
-3798.0	63	0.0
-3797.0	60	0.0
-3796.0	60	0.0
-3795.0	70	0.0
-3794.0	71	0.0
-3793.0	69	0.0
-3792.0	60	0.0
-3791.0	51	0.0
-3790.0	65	0.0
-3789.0	68	0.0
-3788.0	40	0.0
-3787.0	60	0.0
-3786.0	54	0.0
-3785.0	55	0.0
-3784.0	58	0.0
-3783.0	50	0.0
-3782.0	45	0.0
-3781.0	47	0.0
-3780.0	55	0.0
-3779.0	51	0.0
-3778.0	44	0.0
-3777.0	47	0.0
-3776.0	68	0.0
-3775.0	56	0.0
-3774.0	64	0.0
-3773.0	63	0.0
-3772.0	57	0.0
-3771.0	54	0.0
-3770.0	47	0.0
-3769.0	55	0.0
-3768.0	61	0.0
-3767.0	57	0.0
-3766.0	57	0.0
-3765.0	52	0.0
-3764.0	72	0.0
-3763.0	39	0.0
-3762.0	63	0.0
-3761.0	66	0.0
-3760.0	65	0.0
-3759.0	52	0.0
-3758.0	51	0.0
-3757.0	57	0.0
-3756.0	57	0.0
-3755.0	56	0.0
-3754.0	58	0.0
-3753.0	65	0.0
-3752.0	49	0.0
-3751.0	55	0.0
-3750.0	70	0.0
-3749.0	60	0.0
-3748.0	73	0.0
-3747.0	59	0.0
-3746.0	53	0.0
-3745.0	58	0.0
-3744.0	48	0.0
-3743.0	62	0.0
-3742.0	77	0.0
-3741.0	52	0.0
-3740.0	70	0.0
-3739.0	49	0.0
-3738.0	55	0.0
-3737.0	67	0.0
-3736.0	60	0.0
-3735.0	67	0.0
-3734.0	39	0.0
-3733.0	52	0.0
-3732.0	58	0.0
-3731.0	58	0.0
-3730.0	62	0.0
-3729.0	75	0.0
-3728.0	42	0.0
-3727.0	60	0.0
-3726.0	53	0.0
-3725.0	64	0.0
-3724.0	53	0.0
-3723.0	50	0.0
-3722.0	61	0.0
-3721.0	46	0.0
-3720.0	68	0.0
-3719.0	72	0.0
-3718.0	54	0.0
-3717.0	53	0.0
-3716.0	62	0.0
-3715.0	60	0.0
-3714.0	55	0.0
-3713.0	59	0.0
-3712.0	56	0.0
-3711.0	55	0.0
-3710.0	52	0.0
-3709.0	65	0.0
-3708.0	56	0.0
-3707.0	57	0.0
-3706.0	52	0.0
-3705.0	63	0.0
-3704.0	63	0.0
-3703.0	51	0.0
-3702.0	53	0.0
-3701.0	59	0.0
-3700.0	55	0.0
-3699.0	66	0.0
-3698.0	43	0.0
-3697.0	57	0.0
-3696.0	62	0.0
-3695.0	55	0.0
-3694.0	61	0.0
-3693.0	52	0.0
-3692.0	42	0.0
-3691.0	45	0.0
-3690.0	56	0.0
-3689.0	72	0.0
-3688.0	56	0.0
-3687.0	64	0.0
-3686.0	68	0.0
-3685.0	60	0.0
-3684.0	64	0.0
-3683.0	55	0.0
-3682.0	64	0.0
-3681.0	65	0.0
-3680.0	61	0.0
-3679.0	57	0.0
-3678.0	47	0.0
-3677.0	54	0.0
-3676.0	46	0.0
-3675.0	60	0.0
-3674.0	54	0.0
-3673.0	60	0.0
-3672.0	55	0.0
-3671.0	65	0.0
-3670.0	55	0.0
-3669.0	64	0.0
-3668.0	51	0.0
-3667.0	46	0.0
-3666.0	55	0.0
-3665.0	51	0.0
-3664.0	65	0.0
-3663.0	57	0.0
-3662.0	57	0.0
-3661.0	53	0.0
-3660.0	53	0.0
-3659.0	64	0.0
-3658.0	59	0.0
-3657.0	52	0.0
-3656.0	58	0.0
-3655.0	59	0.0
-3654.0	63	0.0
-3653.0	68	0.0
-3652.0	65	0.0
-3651.0	65	0.0
-3650.0	57	0.0
-3649.0	53	0.0
-3648.0	59	0.0
-3647.0	47	0.0
-3646.0	62	0.0
-3645.0	61	0.0
-3644.0	53	0.0
-3643.0	55	0.0
-3642.0	61	0.0
-3641.0	63	0.0
-3640.0	62	0.0
-3639.0	55	0.0
-3638.0	82	0.0
-3637.0	50	0.0
-3636.0	55	0.0
-3635.0	60	0.0
-3634.0	45	0.0
-3633.0	49	0.0
-3632.0	62	0.0
-3631.0	56	0.0
-3630.0	57	0.0
-3629.0	67	0.0
-3628.0	60	0.0
-3627.0	57	0.0
-3626.0	63	0.0
-3625.0	53	0.0
-3624.0	60	0.0
-3623.0	66	0.0
-3622.0	51	0.0
-3621.0	46	0.0
-3620.0	47	0.0
-3619.0	58	0.0
-3618.0	61	0.0
-3617.0	76	0.0
-3616.0	59	0.0
-3615.0	65	0.0
-3614.0	55	0.0
-3613.0	59	0.0
-3612.0	65	0.0
-3611.0	71	0.0
-3610.0	47	0.0
-3609.0	50	0.0
-3608.0	50	0.0
-3607.0	53	0.0
-3606.0	68	0.0
-3605.0	38	0.0
-3604.0	56	0.0
-3603.0	60	0.0
-3602.0	58	0.0
-3601.0	66	0.0
-3600.0	48	0.0
-3599.0	60	0.0
-3598.0	53	0.0
-3597.0	68	0.0
-3596.0	57	0.0
-3595.0	45	0.0
-3594.0	51	0.0
-3593.0	60	0.0
-3592.0	58	0.0
-3591.0	55	0.0
-3590.0	63	0.0
-3589.0	55	0.0
-3588.0	62	0.0
-3587.0	63	0.0
-3586.0	52	0.0
-3585.0	57	0.0
-3584.0	58	0.0
-3583.0	42	0.0
-3582.0	64	0.0
-3581.0	52	0.0
-3580.0	61	0.0
-3579.0	65	0.0
-3578.0	56	0.0
-3577.0	57	0.0
-3576.0	75	0.0
-3575.0	48	0.0
-3574.0	49	0.0
-3573.0	71	0.0
-3572.0	45	0.0
-3571.0	58	0.0
-3570.0	57	0.0
-3569.0	56	0.0
-3568.0	57	0.0
-3567.0	53	0.0
-3566.0	52	0.0
-3565.0	48	0.0
-3564.0	63	0.0
-3563.0	49	0.0
-3562.0	63	0.0
-3561.0	56	0.0
-3560.0	63	0.0
-3559.0	44	0.0
-3558.0	52	0.0
-3557.0	53	0.0
-3556.0	54	0.0
-3555.0	74	0.0
-3554.0	64	0.0
-3553.0	61	0.0
-3552.0	65	0.0
-3551.0	60	0.0
-3550.0	45	0.0
-3549.0	69	0.0
-3548.0	47	0.0
-3547.0	68	0.0
-3546.0	54	0.0
-3545.0	85	0.0
-3544.0	52	0.0
-3543.0	56	0.0
-3542.0	45	0.0
-3541.0	48	0.0
-3540.0	72	0.0
-3539.0	59	0.0
-3538.0	51	0.0
-3537.0	66	0.0
-3536.0	50	0.0
-3535.0	59	0.0
-3534.0	62	0.0
-3533.0	57	0.0
-3532.0	48	0.0
-3531.0	60	0.0
-3530.0	62	0.0
-3529.0	60	0.0
-3528.0	59	0.0
-3527.0	63	0.0
-3526.0	60	0.0
-3525.0	61	0.0
-3524.0	58	0.0
-3523.0	65	0.0
-3522.0	54	0.0
-3521.0	68	0.0
-3520.0	70	0.0
-3519.0	67	0.0
-3518.0	50	0.0
-3517.0	59	0.0
-3516.0	56	0.0
-3515.0	54	0.0
-3514.0	49	0.0
-3513.0	52	0.0
-3512.0	68	0.0
-3511.0	64	0.0
-3510.0	49	0.0
-3509.0	62	0.0
-3508.0	43	0.0
-3507.0	61	0.0
-3506.0	59	0.0
-3505.0	68	0.0
-3504.0	56	0.0
-3503.0	47	0.0
-3502.0	67	0.0
-3501.0	53	0.0
-3500.0	55	0.0
-3499.0	68	0.0
-3498.0	66	0.0
-3497.0	58	0.0
-3496.0	68	0.0
-3495.0	62	0.0
-3494.0	48	0.0
-3493.0	53	0.0
-3492.0	64	0.0
-3491.0	64	0.0
-3490.0	72	0.0
-3489.0	78	0.0
-3488.0	52	0.0
-3487.0	50	0.0
-3486.0	59	0.0
-3485.0	70	0.0
-3484.0	66	0.0
-3483.0	73	0.0
-3482.0	64	0.0
-3481.0	61	0.0
-3480.0	61	0.0
-3479.0	64	0.0
-3478.0	45	0.0
-3477.0	37	0.0
-3476.0	62	0.0
-3475.0	53	0.0
-3474.0	51	0.0
-3473.0	59	0.0
-3472.0	53	0.0
-3471.0	59	0.0
-3470.0	62	0.0
-3469.0	49	0.0
-3468.0	53	0.0
-3467.0	58	0.0
-3466.0	67	0.0
-3465.0	51	0.0
-3464.0	64	0.0
-3463.0	66	0.0
-3462.0	63	0.0
-3461.0	51	0.0
-3460.0	54	0.0
-3459.0	55	0.0
-3458.0	56	0.0
-3457.0	71	0.0
-3456.0	55	0.0
-3455.0	48	0.0
-3454.0	56	0.0
-3453.0	55	0.0
-3452.0	45	0.0
-3451.0	62	0.0
-3450.0	40	0.0
-3449.0	60	0.0
-3448.0	60	0.0
-3447.0	54	0.0
-3446.0	54	0.0
-3445.0	52	0.0
-3444.0	58	0.0
-3443.0	64	0.0
-3442.0	60	0.0
-3441.0	68	0.0
-3440.0	58	0.0
-3439.0	58	0.0
-3438.0	56	0.0
-3437.0	66	0.0
-3436.0	42	0.0
-3435.0	66	0.0
-3434.0	48	0.0
-3433.0	58	0.0
-3432.0	62	0.0
-3431.0	55	0.0
-3430.0	57	0.0
-3429.0	61	0.0
-3428.0	63	0.0
-3427.0	56	0.0
-3426.0	58	0.0
-3425.0	73	0.0
-3424.0	47	0.0
-3423.0	60	0.0
-3422.0	60	0.0
-3421.0	60	0.0
-3420.0	73	0.0
-3419.0	59	0.0
-3418.0	59	0.0
-3417.0	68	0.0
-3416.0	61	0.0
-3415.0	54	0.0
-3414.0	58	0.0
-3413.0	69	0.0
-3412.0	56	0.0
-3411.0	55	0.0
-3410.0	53	0.0
-3409.0	51	0.0
-3408.0	55	0.0
-3407.0	69	0.0
-3406.0	58	0.0
-3405.0	45	0.0
-3404.0	59	0.0
-3403.0	48	0.0
-3402.0	57	0.0
-3401.0	55	0.0
-3400.0	40	0.0
-3399.0	59	0.0
-3398.0	57	0.0
-3397.0	66	0.0
-3396.0	51	0.0
-3395.0	67	0.0
-3394.0	61	0.0
-3393.0	64	0.0
-3392.0	79	0.0
-3391.0	65	0.0
-3390.0	66	0.0
-3389.0	60	0.0
-3388.0	66	0.0
-3387.0	72	0.0
-3386.0	57	0.0
-3385.0	65	0.0
-3384.0	50	0.0
-3383.0	47	0.0
-3382.0	49	0.0
-3381.0	52	0.0
-3380.0	57	0.0
-3379.0	44	0.0
-3378.0	54	0.0
-3377.0	56	0.0
-3376.0	65	0.0
-3375.0	50	0.0
-3374.0	55	0.0
-3373.0	59	0.0
-3372.0	60	0.0
-3371.0	66	0.0
-3370.0	65	0.0
-3369.0	53	0.0
-3368.0	62	0.0
-3367.0	50	0.0
-3366.0	64	0.0
-3365.0	63	0.0
-3364.0	58	0.0
-3363.0	63	0.0
-3362.0	64	0.0
-3361.0	65	0.0
-3360.0	62	0.0
-3359.0	60	0.0
-3358.0	62	0.0
-3357.0	53	0.0
-3356.0	63	0.0
-3355.0	59	0.0
-3354.0	55	0.0
-3353.0	68	0.0
-3352.0	53	0.0
-3351.0	64	0.0
-3350.0	64	0.0
-3349.0	48	0.0
-3348.0	62	0.0
-3347.0	65	0.0
-3346.0	54	0.0
-3345.0	65	0.0
-3344.0	57	0.0
-3343.0	51	0.0
-3342.0	69	0.0
-3341.0	62	0.0
-3340.0	52	0.0
-3339.0	67	0.0
-3338.0	60	0.0
-3337.0	56	0.0
-3336.0	55	0.0
-3335.0	59	0.0
-3334.0	60	0.0
-3333.0	64	0.0
-3332.0	59	0.0
-3331.0	59	0.0
-3330.0	64	0.0
-3329.0	53	0.0
-3328.0	49	0.0
-3327.0	66	0.0
-3326.0	48	0.0
-3325.0	57	0.0
-3324.0	50	0.0
-3323.0	59	0.0
-3322.0	55	0.0
-3321.0	58	0.0
-3320.0	63	0.0
-3319.0	56	0.0
-3318.0	57	0.0
-3317.0	68	0.0
-3316.0	60	0.0
-3315.0	57	0.0
-3314.0	66	0.0
-3313.0	50	0.0
-3312.0	49	0.0
-3311.0	64	0.0
-3310.0	71	0.0
-3309.0	65	0.0
-3308.0	56	0.0
-3307.0	56	0.0
-3306.0	66	0.0
-3305.0	54	0.0
-3304.0	61	0.0
-3303.0	61	0.0
-3302.0	60	0.0
-3301.0	58	0.0
-3300.0	58	0.0
-3299.0	64	0.0
-3298.0	50	0.0
-3297.0	64	0.0
-3296.0	56	0.0
-3295.0	48	0.0
-3294.0	59	0.0
-3293.0	61	0.0
-3292.0	58	0.0
-3291.0	52	0.0
-3290.0	60	0.0
-3289.0	63	0.0
-3288.0	48	0.0
-3287.0	60	0.0
-3286.0	68	0.0
-3285.0	59	0.0
-3284.0	57	0.0
-3283.0	57	0.0
-3282.0	65	0.0
-3281.0	48	0.0
-3280.0	69	0.0
-3279.0	58	0.0
-3278.0	69	0.0
-3277.0	60	0.0
-3276.0	49	0.0
-3275.0	60	0.0
-3274.0	59	0.0
-3273.0	61	0.0
-3272.0	66	0.0
-3271.0	56	0.0
-3270.0	43	0.0
-3269.0	55	0.0
-3268.0	66	0.0
-3267.0	48	0.0
-3266.0	54	0.0
-3265.0	56	0.0
-3264.0	60	0.0
-3263.0	55	0.0
-3262.0	52	0.0
-3261.0	60	0.0
-3260.0	59	0.0
-3259.0	65	0.0
-3258.0	52	0.0
-3257.0	75	0.0
-3256.0	66	0.0
-3255.0	53	0.0
-3254.0	52	0.0
-3253.0	58	0.0
-3252.0	54	0.0
-3251.0	69	0.0
-3250.0	59	0.0
-3249.0	55	0.0
-3248.0	58	0.0
-3247.0	57	0.0
-3246.0	66	0.0
-3245.0	62	0.0
-3244.0	58	0.0
-3243.0	65	0.0
-3242.0	74	0.0
-3241.0	73	0.0
-3240.0	56	0.0
-3239.0	68	0.0
-3238.0	68	0.0
-3237.0	63	0.0
-3236.0	58	0.0
-3235.0	68	0.0
-3234.0	65	0.0
-3233.0	61	0.0
-3232.0	71	0.0
-3231.0	50	0.0
-3230.0	64	0.0
-3229.0	64	0.0
-3228.0	62	0.0
-3227.0	59	0.0
-3226.0	65	0.0
-3225.0	82	0.0
-3224.0	53	0.0
-3223.0	66	0.0
-3222.0	45	0.0
-3221.0	49	0.0
-3220.0	76	0.0
-3219.0	60	0.0
-3218.0	65	0.0
-3217.0	54	0.0
-3216.0	53	0.0
-3215.0	49	0.0
-3214.0	56	0.0
-3213.0	71	0.0
-3212.0	61	0.0
-3211.0	48	0.0
-3210.0	65	0.0
-3209.0	49	0.0
-3208.0	62	0.0
-3207.0	58	0.0
-3206.0	57	0.0
-3205.0	40	0.0
-3204.0	62	0.0
-3203.0	47	0.0
-3202.0	46	0.0
-3201.0	71	0.0
-3200.0	66	0.0
-3199.0	56	0.0
-3198.0	51	0.0
-3197.0	58	0.0
-3196.0	48	0.0
-3195.0	64	0.0
-3194.0	42	0.0
-3193.0	55	0.0
-3192.0	61	0.0
-3191.0	75	0.0
-3190.0	62	0.0
-3189.0	53	0.0
-3188.0	64	0.0
-3187.0	68	0.0
-3186.0	46	0.0
-3185.0	52	0.0
-3184.0	60	0.0
-3183.0	63	0.0
-3182.0	54	0.0
-3181.0	65	0.0
-3180.0	62	0.0
-3179.0	64	0.0
-3178.0	70	0.0
-3177.0	72	0.0
-3176.0	68	0.0
-3175.0	55	0.0
-3174.0	66	0.0
-3173.0	55	0.0
-3172.0	64	0.0
-3171.0	63	0.0
-3170.0	62	0.0
-3169.0	53	0.0
-3168.0	68	0.0
-3167.0	71	0.0
-3166.0	49	0.0
-3165.0	64	0.0
-3164.0	56	0.0
-3163.0	58	0.0
-3162.0	71	0.0
-3161.0	70	0.0
-3160.0	65	0.0
-3159.0	60	0.0
-3158.0	61	0.0
-3157.0	47	0.0
-3156.0	59	0.0
-3155.0	43	0.0
-3154.0	61	0.0
-3153.0	45	0.0
-3152.0	60	0.0
-3151.0	62	0.0
-3150.0	51	0.0
-3149.0	59	0.0
-3148.0	58	0.0
-3147.0	60	0.0
-3146.0	62	0.0
-3145.0	47	0.0
-3144.0	65	0.0
-3143.0	74	0.0
-3142.0	45	0.0
-3141.0	51	0.0
-3140.0	53	0.0
-3139.0	56	0.0
-3138.0	53	0.0
-3137.0	74	0.0
-3136.0	45	0.0
-3135.0	65	0.0
-3134.0	45	0.0
-3133.0	61	0.0
-3132.0	67	0.0
-3131.0	49	0.0
-3130.0	44	0.0
-3129.0	54	0.0
-3128.0	53	0.0
-3127.0	60	0.0
-3126.0	51	0.0
-3125.0	63	0.0
-3124.0	60	0.0
-3123.0	59	0.0
-3122.0	59	0.0
-3121.0	60	0.0
-3120.0	51	0.0
-3119.0	55	0.0
-3118.0	82	0.0
-3117.0	45	0.0
-3116.0	55	0.0
-3115.0	77	0.0
-3114.0	55	0.0
-3113.0	51	0.0
-3112.0	44	0.0
-3111.0	63	0.0
-3110.0	61	0.0
-3109.0	52	0.0
-3108.0	48	0.0
-3107.0	64	0.0
-3106.0	58	0.0
-3105.0	52	0.0
-3104.0	62	0.0
-3103.0	62	0.0
-3102.0	65	0.0
-3101.0	61	0.0
-3100.0	68	0.0
-3099.0	53	0.0
-3098.0	60	0.0
-3097.0	46	0.0
-3096.0	60	0.0
-3095.0	51	0.0
-3094.0	63	0.0
-3093.0	52	0.0
-3092.0	47	0.0
-3091.0	65	0.0
-3090.0	62	0.0
-3089.0	50	0.0
-3088.0	68	0.0
-3087.0	50	0.0
-3086.0	62	0.0
-3085.0	57	0.0
-3084.0	58	0.0
-3083.0	58	0.0
-3082.0	78	0.0
-3081.0	49	0.0
-3080.0	64	0.0
-3079.0	58	0.0
-3078.0	55	0.0
-3077.0	61	0.0
-3076.0	61	0.0
-3075.0	66	0.0
-3074.0	55	0.0
-3073.0	69	0.0
-3072.0	75	0.0
-3071.0	58	0.0
-3070.0	54	0.0
-3069.0	56	0.0
-3068.0	52	0.0
-3067.0	54	0.0
-3066.0	60	0.0
-3065.0	57	0.0
-3064.0	54	0.0
-3063.0	52	0.0
-3062.0	74	0.0
-3061.0	47	0.0
-3060.0	52	0.0
-3059.0	56	0.0
-3058.0	55	0.0
-3057.0	59	0.0
-3056.0	46	0.0
-3055.0	54	0.0
-3054.0	60	0.0
-3053.0	44	0.0
-3052.0	60	0.0
-3051.0	51	0.0
-3050.0	69	0.0
-3049.0	55	0.0
-3048.0	59	0.0
-3047.0	52	0.0
-3046.0	50	0.0
-3045.0	59	0.0
-3044.0	61	0.0
-3043.0	79	0.0
-3042.0	50	0.0
-3041.0	62	0.0
-3040.0	66	0.0
-3039.0	63	0.0
-3038.0	58	0.0
-3037.0	65	0.0
-3036.0	62	0.0
-3035.0	65	0.0
-3034.0	56	0.0
-3033.0	51	0.0
-3032.0	55	0.0
-3031.0	66	0.0
-3030.0	58	0.0
-3029.0	55	0.0
-3028.0	56	0.0
-3027.0	64	0.0
-3026.0	51	0.0
-3025.0	62	0.0
-3024.0	61	0.0
-3023.0	43	0.0
-3022.0	45	0.0
-3021.0	69	0.0
-3020.0	65	0.0
-3019.0	41	0.0
-3018.0	49	0.0
-3017.0	55	0.0
-3016.0	54	0.0
-3015.0	61	0.0
-3014.0	57	0.0
-3013.0	60	0.0
-3012.0	61	0.0
-3011.0	50	0.0
-3010.0	55	0.0
-3009.0	46	0.0
-3008.0	44	0.0
-3007.0	69	0.0
-3006.0	72	0.0
-3005.0	61	0.0
-3004.0	54	0.0
-3003.0	65	0.0
-3002.0	62	0.0
-3001.0	69	0.0
-3000.0	62	0.0
-2999.0	58	0.0
-2998.0	43	0.0
-2997.0	53	0.0
-2996.0	45	0.0
-2995.0	70	0.0
-2994.0	52	0.0
-2993.0	51	0.0
-2992.0	54	0.0
-2991.0	54	0.0
-2990.0	56	0.0
-2989.0	51	0.0
-2988.0	51	0.0
-2987.0	63	0.0
-2986.0	55	0.0
-2985.0	52	0.0
-2984.0	63	0.0
-2983.0	51	0.0
-2982.0	58	0.0
-2981.0	64	0.0
-2980.0	54	0.0
-2979.0	51	0.0
-2978.0	57	0.0
-2977.0	40	0.0
-2976.0	53	0.0
-2975.0	53	0.0
-2974.0	60	0.0
-2973.0	72	0.0
-2972.0	65	0.0
-2971.0	55	0.0
-2970.0	51	0.0
-2969.0	66	0.0
-2968.0	73	0.0
-2967.0	64	0.0
-2966.0	59	0.0
-2965.0	60	0.0
-2964.0	61	0.0
-2963.0	41	0.0
-2962.0	56	0.0
-2961.0	60	0.0
-2960.0	56	0.0
-2959.0	64	0.0
-2958.0	61	0.0
-2957.0	53	0.0
-2956.0	54	0.0
-2955.0	63	0.0
-2954.0	64	0.0
-2953.0	54	0.0
-2952.0	58	0.0
-2951.0	59	0.0
-2950.0	55	0.0
-2949.0	57	0.0
-2948.0	57	0.0
-2947.0	48	0.0
-2946.0	54	0.0
-2945.0	52	0.0
-2944.0	48	0.0
-2943.0	59	0.0
-2942.0	49	0.0
-2941.0	56	0.0
-2940.0	62	0.0
-2939.0	57	0.0
-2938.0	53	0.0
-2937.0	59	0.0
-2936.0	57	0.0
-2935.0	68	0.0
-2934.0	48	0.0
-2933.0	67	0.0
-2932.0	57	0.0
-2931.0	56	0.0
-2930.0	57	0.0
-2929.0	57	0.0
-2928.0	62	0.0
-2927.0	77	0.0
-2926.0	70	0.0
-2925.0	50	0.0
-2924.0	46	0.0
-2923.0	59	0.0
-2922.0	67	0.0
-2921.0	55	0.0
-2920.0	61	0.0
-2919.0	53	0.0
-2918.0	61	0.0
-2917.0	58	0.0
-2916.0	56	0.0
-2915.0	67	0.0
-2914.0	65	0.0
-2913.0	48	0.0
-2912.0	61	0.0
-2911.0	56	0.0
-2910.0	52	0.0
-2909.0	57	0.0
-2908.0	56	0.0
-2907.0	63	0.0
-2906.0	67	0.0
-2905.0	59	0.0
-2904.0	57	0.0
-2903.0	59	0.0
-2902.0	69	0.0
-2901.0	52	0.0
-2900.0	60	0.0
-2899.0	49	0.0
-2898.0	65	0.0
-2897.0	47	0.0
-2896.0	57	0.0
-2895.0	51	0.0
-2894.0	61	0.0
-2893.0	49	0.0
-2892.0	64	0.0
-2891.0	62	0.0
-2890.0	54	0.0
-2889.0	63	0.0
-2888.0	46	0.0
-2887.0	53	0.0
-2886.0	57	0.0
-2885.0	67	0.0
-2884.0	62	0.0
-2883.0	47	0.0
-2882.0	57	0.0
-2881.0	60	0.0
-2880.0	54	0.0
-2879.0	54	0.0
-2878.0	59	0.0
-2877.0	71	0.0
-2876.0	65	0.0
-2875.0	51	0.0
-2874.0	56	0.0
-2873.0	70	0.0
-2872.0	53	0.0
-2871.0	73	0.0
-2870.0	63	0.0
-2869.0	55	0.0
-2868.0	58	0.0
-2867.0	46	0.0
-2866.0	57	0.0
-2865.0	49	0.0
-2864.0	55	0.0
-2863.0	48	0.0
-2862.0	49	0.0
-2861.0	44	0.0
-2860.0	56	0.0
-2859.0	52	0.0
-2858.0	68	0.0
-2857.0	54	0.0
-2856.0	68	0.0
-2855.0	56	0.0
-2854.0	57	0.0
-2853.0	64	0.0
-2852.0	50	0.0
-2851.0	49	0.0
-2850.0	47	0.0
-2849.0	56	0.0
-2848.0	56	0.0
-2847.0	56	0.0
-2846.0	42	0.0
-2845.0	48	0.0
-2844.0	54	0.0
-2843.0	56	0.0
-2842.0	58	0.0
-2841.0	58	0.0
-2840.0	40	0.0
-2839.0	57	0.0
-2838.0	45	0.0
-2837.0	52	0.0
-2836.0	47	0.0
-2835.0	49	0.0
-2834.0	55	0.0
-2833.0	64	0.0
-2832.0	52	0.0
-2831.0	52	0.0
-2830.0	62	0.0
-2829.0	68	0.0
-2828.0	62	0.0
-2827.0	63	0.0
-2826.0	55	0.0
-2825.0	64	0.0
-2824.0	60	0.0
-2823.0	55	0.0
-2822.0	59	0.0
-2821.0	50	0.0
-2820.0	45	0.0
-2819.0	45	0.0
-2818.0	62	0.0
-2817.0	66	0.0
-2816.0	61	0.0
-2815.0	57	0.0
-2814.0	38	0.0
-2813.0	62	0.0
-2812.0	59	0.0
-2811.0	69	0.0
-2810.0	50	0.0
-2809.0	57	0.0
-2808.0	64	0.0
-2807.0	58	0.0
-2806.0	50	0.0
-2805.0	62	0.0
-2804.0	74	0.0
-2803.0	50	0.0
-2802.0	55	0.0
-2801.0	48	0.0
-2800.0	62	0.0
-2799.0	65	0.0
-2798.0	65	0.0
-2797.0	53	0.0
-2796.0	57	0.0
-2795.0	58	0.0
-2794.0	55	0.0
-2793.0	64	0.0
-2792.0	61	0.0
-2791.0	57	0.0
-2790.0	55	0.0
-2789.0	60	0.0
-2788.0	64	0.0
-2787.0	54	0.0
-2786.0	57	0.0
-2785.0	56	0.0
-2784.0	47	0.0
-2783.0	57	0.0
-2782.0	74	0.0
-2781.0	66	0.0
-2780.0	53	0.0
-2779.0	72	0.0
-2778.0	53	0.0
-2777.0	55	0.0
-2776.0	50	0.0
-2775.0	51	0.0
-2774.0	64	0.0
-2773.0	64	0.0
-2772.0	45	0.0
-2771.0	77	0.0
-2770.0	57	0.0
-2769.0	64	0.0
-2768.0	61	0.0
-2767.0	67	0.0
-2766.0	62	0.0
-2765.0	61	0.0
-2764.0	50	0.0
-2763.0	56	0.0
-2762.0	66	0.0
-2761.0	56	0.0
-2760.0	55	0.0
-2759.0	53	0.0
-2758.0	56	0.0
-2757.0	74	0.0
-2756.0	68	0.0
-2755.0	50	0.0
-2754.0	64	0.0
-2753.0	51	0.0
-2752.0	46	0.0
-2751.0	73	0.0
-2750.0	52	0.0
-2749.0	53	0.0
-2748.0	47	0.0
-2747.0	52	0.0
-2746.0	56	0.0
-2745.0	49	0.0
-2744.0	58	0.0
-2743.0	66	0.0
-2742.0	64	0.0
-2741.0	57	0.0
-2740.0	63	0.0
-2739.0	52	0.0
-2738.0	64	0.0
-2737.0	67	0.0
-2736.0	59	0.0
-2735.0	59	0.0
-2734.0	49	0.0
-2733.0	63	0.0
-2732.0	41	0.0
-2731.0	53	0.0
-2730.0	47	0.0
-2729.0	47	0.0
-2728.0	66	0.0
-2727.0	62	0.0
-2726.0	43	0.0
-2725.0	58	0.0
-2724.0	55	0.0
-2723.0	59	0.0
-2722.0	69	0.0
-2721.0	65	0.0
-2720.0	49	0.0
-2719.0	51	0.0
-2718.0	60	0.0
-2717.0	32	0.0
-2716.0	51	0.0
-2715.0	60	0.0
-2714.0	56	0.0
-2713.0	47	0.0
-2712.0	58	0.0
-2711.0	50	0.0
-2710.0	69	0.0
-2709.0	51	0.0
-2708.0	53	0.0
-2707.0	67	0.0
-2706.0	56	0.0
-2705.0	56	0.0
-2704.0	65	0.0
-2703.0	60	0.0
-2702.0	51	0.0
-2701.0	72	0.0
-2700.0	46	0.0
-2699.0	49	0.0
-2698.0	65	0.0
-2697.0	57	0.0
-2696.0	67	0.0
-2695.0	54	0.0
-2694.0	49	0.0
-2693.0	65	0.0
-2692.0	64	0.0
-2691.0	69	0.0
-2690.0	39	0.0
-2689.0	64	0.0
-2688.0	62	0.0
-2687.0	45	0.0
-2686.0	67	0.0
-2685.0	51	0.0
-2684.0	64	0.0
-2683.0	40	0.0
-2682.0	47	0.0
-2681.0	65	0.0
-2680.0	55	0.0
-2679.0	52	0.0
-2678.0	53	0.0
-2677.0	68	0.0
-2676.0	60	0.0
-2675.0	55	0.0
-2674.0	60	0.0
-2673.0	54	0.0
-2672.0	68	0.0
-2671.0	60	0.0
-2670.0	70	0.0
-2669.0	40	0.0
-2668.0	42	0.0
-2667.0	55	0.0
-2666.0	68	0.0
-2665.0	62	0.0
-2664.0	76	0.0
-2663.0	61	0.0
-2662.0	66	0.0
-2661.0	57	0.0
-2660.0	53	0.0
-2659.0	59	0.0
-2658.0	52	0.0
-2657.0	61	0.0
-2656.0	65	0.0
-2655.0	60	0.0
-2654.0	50	0.0
-2653.0	48	0.0
-2652.0	45	0.0
-2651.0	65	0.0
-2650.0	52	0.0
-2649.0	40	0.0
-2648.0	60	0.0
-2647.0	65	0.0
-2646.0	46	0.0
-2645.0	43	0.0
-2644.0	68	0.0
-2643.0	51	0.0
-2642.0	51	0.0
-2641.0	58	0.0
-2640.0	50	0.0
-2639.0	64	0.0
-2638.0	57	0.0
-2637.0	53	0.0
-2636.0	68	0.0
-2635.0	61	0.0
-2634.0	62	0.0
-2633.0	73	0.0
-2632.0	58	0.0
-2631.0	69	0.0
-2630.0	62	0.0
-2629.0	49	0.0
-2628.0	53	0.0
-2627.0	58	0.0
-2626.0	58	0.0
-2625.0	77	0.0
-2624.0	76	0.0
-2623.0	53	0.0
-2622.0	52	0.0
-2621.0	54	0.0
-2620.0	56	0.0
-2619.0	56	0.0
-2618.0	53	0.0
-2617.0	61	0.0
-2616.0	62	0.0
-2615.0	77	0.0
-2614.0	44	0.0
-2613.0	50	0.0
-2612.0	66	0.0
-2611.0	65	0.0
-2610.0	58	0.0
-2609.0	55	0.0
-2608.0	48	0.0
-2607.0	57	0.0
-2606.0	58	0.0
-2605.0	58	0.0
-2604.0	49	0.0
-2603.0	64	0.0
-2602.0	60	0.0
-2601.0	69	0.0
-2600.0	52	0.0
-2599.0	61	0.0
-2598.0	54	0.0
-2597.0	56	0.0
-2596.0	62	0.0
-2595.0	61	0.0
-2594.0	50	0.0
-2593.0	46	0.0
-2592.0	58	0.0
-2591.0	52	0.0
-2590.0	54	0.0
-2589.0	45	0.0
-2588.0	53	0.0
-2587.0	59	0.0
-2586.0	68	0.0
-2585.0	47	0.0
-2584.0	64	0.0
-2583.0	62	0.0
-2582.0	73	0.0
-2581.0	67	0.0
-2580.0	70	0.0
-2579.0	50	0.0
-2578.0	52	0.0
-2577.0	69	0.0
-2576.0	63	0.0
-2575.0	42	0.0
-2574.0	50	0.0
-2573.0	54	0.0
-2572.0	68	0.0
-2571.0	70	0.0
-2570.0	53	0.0
-2569.0	53	0.0
-2568.0	61	0.0
-2567.0	60	0.0
-2566.0	61	0.0
-2565.0	58	0.0
-2564.0	48	0.0
-2563.0	66	0.0
-2562.0	65	0.0
-2561.0	67	0.0
-2560.0	54	0.0
-2559.0	55	0.0
-2558.0	67	0.0
-2557.0	40	0.0
-2556.0	56	0.0
-2555.0	60	0.0
-2554.0	61	0.0
-2553.0	67	0.0
-2552.0	52	0.0
-2551.0	62	0.0
-2550.0	60	0.0
-2549.0	58	0.0
-2548.0	49	0.0
-2547.0	59	0.0
-2546.0	54	0.0
-2545.0	54	0.0
-2544.0	63	0.0
-2543.0	63	0.0
-2542.0	66	0.0
-2541.0	63	0.0
-2540.0	62	0.0
-2539.0	51	0.0
-2538.0	64	0.0
-2537.0	52	0.0
-2536.0	56	0.0
-2535.0	55	0.0
-2534.0	60	0.0
-2533.0	59	0.0
-2532.0	50	0.0
-2531.0	55	0.0
-2530.0	62	0.0
-2529.0	53	0.0
-2528.0	64	0.0
-2527.0	60	0.0
-2526.0	65	0.0
-2525.0	53	0.0
-2524.0	53	0.0
-2523.0	68	0.0
-2522.0	65	0.0
-2521.0	48	0.0
-2520.0	47	0.0
-2519.0	74	0.0
-2518.0	48	0.0
-2517.0	57	0.0
-2516.0	46	0.0
-2515.0	55	0.0
-2514.0	60	0.0
-2513.0	53	0.0
-2512.0	56	0.0
-2511.0	53	0.0
-2510.0	56	0.0
-2509.0	51	0.0
-2508.0	45	0.0
-2507.0	54	0.0
-2506.0	46	0.0
-2505.0	53	0.0
-2504.0	61	0.0
-2503.0	69	0.0
-2502.0	53	0.0
-2501.0	58	0.0
-2500.0	58	0.0
-2499.0	65	0.0
-2498.0	52	0.0
-2497.0	56	0.0
-2496.0	38	0.0
-2495.0	47	0.0
-2494.0	70	0.0
-2493.0	59	0.0
-2492.0	65	0.0
-2491.0	67	0.0
-2490.0	50	0.0
-2489.0	59	0.0
-2488.0	63	0.0
-2487.0	48	0.0
-2486.0	51	0.0
-2485.0	45	0.0
-2484.0	71	0.0
-2483.0	80	0.0
-2482.0	51	0.0
-2481.0	65	0.0
-2480.0	58	0.0
-2479.0	59	0.0
-2478.0	42	0.0
-2477.0	62	0.0
-2476.0	61	0.0
-2475.0	65	0.0
-2474.0	60	0.0
-2473.0	44	0.0
-2472.0	58	0.0
-2471.0	56	0.0
-2470.0	56	0.0
-2469.0	52	0.0
-2468.0	52	0.0
-2467.0	55	0.0
-2466.0	52	0.0
-2465.0	58	0.0
-2464.0	50	0.0
-2463.0	58	0.0
-2462.0	66	0.0
-2461.0	56	0.0
-2460.0	49	0.0
-2459.0	59	0.0
-2458.0	52	0.0
-2457.0	60	0.0
-2456.0	52	0.0
-2455.0	51	0.0
-2454.0	49	0.0
-2453.0	66	0.0
-2452.0	54	0.0
-2451.0	70	0.0
-2450.0	61	0.0
-2449.0	65	0.0
-2448.0	65	0.0
-2447.0	74	0.0
-2446.0	61	0.0
-2445.0	57	0.0
-2444.0	73	0.0
-2443.0	40	0.0
-2442.0	49	0.0
-2441.0	56	0.0
-2440.0	68	0.0
-2439.0	62	0.0
-2438.0	48	0.0
-2437.0	73	0.0
-2436.0	75	0.0
-2435.0	50	0.0
-2434.0	65	0.0
-2433.0	64	0.0
-2432.0	67	0.0
-2431.0	65	0.0
-2430.0	58	0.0
-2429.0	58	0.0
-2428.0	60	0.0
-2427.0	59	0.0
-2426.0	49	0.0
-2425.0	57	0.0
-2424.0	43	0.0
-2423.0	64	0.0
-2422.0	74	0.0
-2421.0	49	0.0
-2420.0	57	0.0
-2419.0	53	0.0
-2418.0	36	0.0
-2417.0	66	0.0
-2416.0	66	0.0
-2415.0	52	0.0
-2414.0	49	0.0
-2413.0	64	0.0
-2412.0	56	0.0
-2411.0	52	0.0
-2410.0	71	0.0
-2409.0	54	0.0
-2408.0	53	0.0
-2407.0	66	0.0
-2406.0	61	0.0
-2405.0	68	0.0
-2404.0	55	0.0
-2403.0	52	0.0
-2402.0	57	0.0
-2401.0	45	0.0
-2400.0	55	0.0
-2399.0	67	0.0
-2398.0	59	0.0
-2397.0	60	0.0
-2396.0	55	0.0
-2395.0	57	0.0
-2394.0	51	0.0
-2393.0	60	0.0
-2392.0	58	0.0
-2391.0	58	0.0
-2390.0	50	0.0
-2389.0	63	0.0
-2388.0	56	0.0
-2387.0	56	0.0
-2386.0	52	0.0
-2385.0	57	0.0
-2384.0	55	0.0
-2383.0	68	0.0
-2382.0	61	0.0
-2381.0	60	0.0
-2380.0	52	0.0
-2379.0	62	0.0
-2378.0	49	0.0
-2377.0	47	0.0
-2376.0	61	0.0
-2375.0	68	0.0
-2374.0	59	0.0
-2373.0	58	0.0
-2372.0	60	0.0
-2371.0	50	0.0
-2370.0	46	0.0
-2369.0	41	0.0
-2368.0	60	0.0
-2367.0	64	0.0
-2366.0	59	0.0
-2365.0	54	0.0
-2364.0	58	0.0
-2363.0	47	0.0
-2362.0	53	0.0
-2361.0	66	0.0
-2360.0	60	0.0
-2359.0	63	0.0
-2358.0	46	0.0
-2357.0	63	0.0
-2356.0	55	0.0
-2355.0	60	0.0
-2354.0	61	0.0
-2353.0	59	0.0
-2352.0	45	0.0
-2351.0	61	0.0
-2350.0	49	0.0
-2349.0	69	0.0
-2348.0	51	0.0
-2347.0	55	0.0
-2346.0	65	0.0
-2345.0	60	0.0
-2344.0	60	0.0
-2343.0	47	0.0
-2342.0	65	0.0
-2341.0	72	0.0
-2340.0	63	0.0
-2339.0	49	0.0
-2338.0	73	0.0
-2337.0	52	0.0
-2336.0	59	0.0
-2335.0	58	0.0
-2334.0	64	0.0
-2333.0	50	0.0
-2332.0	50	0.0
-2331.0	62	0.0
-2330.0	57	0.0
-2329.0	65	0.0
-2328.0	63	0.0
-2327.0	52	0.0
-2326.0	66	0.0
-2325.0	55	0.0
-2324.0	49	0.0
-2323.0	64	0.0
-2322.0	60	0.0
-2321.0	62	0.0
-2320.0	54	0.0
-2319.0	58	0.0
-2318.0	43	0.0
-2317.0	59	0.0
-2316.0	58	0.0
-2315.0	62	0.0
-2314.0	72	0.0
-2313.0	52	0.0
-2312.0	48	0.0
-2311.0	63	0.0
-2310.0	45	0.0
-2309.0	56	0.0
-2308.0	62	0.0
-2307.0	65	0.0
-2306.0	67	0.0
-2305.0	60	0.0
-2304.0	53	0.0
-2303.0	57	0.0
-2302.0	41	0.0
-2301.0	48	0.0
-2300.0	57	0.0
-2299.0	47	0.0
-2298.0	48	0.0
-2297.0	63	0.0
-2296.0	62	0.0
-2295.0	69	0.0
-2294.0	69	0.0
-2293.0	66	0.0
-2292.0	60	0.0
-2291.0	46	0.0
-2290.0	58	0.0
-2289.0	62	0.0
-2288.0	66	0.0
-2287.0	58	0.0
-2286.0	68	0.0
-2285.0	62	0.0
-2284.0	68	0.0
-2283.0	60	0.0
-2282.0	53	0.0
-2281.0	57	0.0
-2280.0	73	0.0
-2279.0	60	0.0
-2278.0	49	0.0
-2277.0	51	0.0
-2276.0	59	0.0
-2275.0	68	0.0
-2274.0	74	0.0
-2273.0	52	0.0
-2272.0	58	0.0
-2271.0	55	0.0
-2270.0	66	0.0
-2269.0	76	0.0
-2268.0	55	0.0
-2267.0	65	0.0
-2266.0	60	0.0
-2265.0	54	0.0
-2264.0	63	0.0
-2263.0	57	0.0
-2262.0	65	0.0
-2261.0	61	0.0
-2260.0	58	0.0
-2259.0	48	0.0
-2258.0	55	0.0
-2257.0	60	0.0
-2256.0	49	0.0
-2255.0	67	0.0
-2254.0	48	0.0
-2253.0	51	0.0
-2252.0	60	0.0
-2251.0	54	0.0
-2250.0	49	0.0
-2249.0	50	0.0
-2248.0	57	0.0
-2247.0	67	0.0
-2246.0	58	0.0
-2245.0	73	0.0
-2244.0	63	0.0
-2243.0	56	0.0
-2242.0	47	0.0
-2241.0	52	0.0
-2240.0	64	0.0
-2239.0	49	0.0
-2238.0	57	0.0
-2237.0	63	0.0
-2236.0	49	0.0
-2235.0	70	0.0
-2234.0	53	0.0
-2233.0	59	0.0
-2232.0	61	0.0
-2231.0	61	0.0
-2230.0	54	0.0
-2229.0	50	0.0
-2228.0	55	0.0
-2227.0	52	0.0
-2226.0	62	0.0
-2225.0	60	0.0
-2224.0	48	0.0
-2223.0	50	0.0
-2222.0	53	0.0
-2221.0	55	0.0
-2220.0	54	0.0
-2219.0	73	0.0
-2218.0	52	0.0
-2217.0	62	0.0
-2216.0	59	0.0
-2215.0	59	0.0
-2214.0	54	0.0
-2213.0	52	0.0
-2212.0	65	0.0
-2211.0	54	0.0
-2210.0	50	0.0
-2209.0	52	0.0
-2208.0	62	0.0
-2207.0	69	0.0
-2206.0	46	0.0
-2205.0	57	0.0
-2204.0	58	0.0
-2203.0	66	0.0
-2202.0	55	0.0
-2201.0	71	0.0
-2200.0	58	0.0
-2199.0	61	0.0
-2198.0	58	0.0
-2197.0	51	0.0
-2196.0	58	0.0
-2195.0	48	0.0
-2194.0	57	0.0
-2193.0	69	0.0
-2192.0	59	0.0
-2191.0	65	0.0
-2190.0	56	0.0
-2189.0	48	0.0
-2188.0	50	0.0
-2187.0	42	0.0
-2186.0	46	0.0
-2185.0	43	0.0
-2184.0	55	0.0
-2183.0	62	0.0
-2182.0	60	0.0
-2181.0	54	0.0
-2180.0	57	0.0
-2179.0	53	0.0
-2178.0	54	0.0
-2177.0	53	0.0
-2176.0	53	0.0
-2175.0	66	0.0
-2174.0	64	0.0
-2173.0	54	0.0
-2172.0	65	0.0
-2171.0	45	0.0
-2170.0	66	0.0
-2169.0	60	0.0
-2168.0	46	0.0
-2167.0	56	0.0
-2166.0	53	0.0
-2165.0	56	0.0
-2164.0	69	0.0
-2163.0	64	0.0
-2162.0	51	0.0
-2161.0	57	0.0
-2160.0	46	0.0
-2159.0	51	0.0
-2158.0	60	0.0
-2157.0	54	0.0
-2156.0	66	0.0
-2155.0	54	0.0
-2154.0	58	0.0
-2153.0	60	0.0
-2152.0	58	0.0
-2151.0	50	0.0
-2150.0	71	0.0
-2149.0	62	0.0
-2148.0	58	0.0
-2147.0	67	0.0
-2146.0	61	0.0
-2145.0	55	0.0
-2144.0	58	0.0
-2143.0	81	0.0
-2142.0	50	0.0
-2141.0	62	0.0
-2140.0	46	0.0
-2139.0	60	0.0
-2138.0	48	0.0
-2137.0	55	0.0
-2136.0	48	0.0
-2135.0	60	0.0
-2134.0	57	0.0
-2133.0	40	0.0
-2132.0	65	0.0
-2131.0	58	0.0
-2130.0	53	0.0
-2129.0	54	0.0
-2128.0	53	0.0
-2127.0	56	0.0
-2126.0	55	0.0
-2125.0	61	0.0
-2124.0	57	0.0
-2123.0	66	0.0
-2122.0	66	0.0
-2121.0	55	0.0
-2120.0	41	0.0
-2119.0	58	0.0
-2118.0	57	0.0
-2117.0	62	0.0
-2116.0	49	0.0
-2115.0	66	0.0
-2114.0	65	0.0
-2113.0	48	0.0
-2112.0	56	0.0
-2111.0	54	0.0
-2110.0	64	0.0
-2109.0	62	0.0
-2108.0	45	0.0
-2107.0	62	0.0
-2106.0	48	0.0
-2105.0	61	0.0
-2104.0	53	0.0
-2103.0	45	0.0
-2102.0	48	0.0
-2101.0	48	0.0
-2100.0	55	0.0
-2099.0	57	0.0
-2098.0	53	0.0
-2097.0	66	0.0
-2096.0	63	0.0
-2095.0	62	0.0
-2094.0	69	0.0
-2093.0	51	0.0
-2092.0	53	0.0
-2091.0	52	0.0
-2090.0	61	0.0
-2089.0	42	0.0
-2088.0	53	0.0
-2087.0	60	0.0
-2086.0	59	0.0
-2085.0	52	0.0
-2084.0	76	0.0
-2083.0	50	0.0
-2082.0	59	0.0
-2081.0	65	0.0
-2080.0	61	0.0
-2079.0	53	0.0
-2078.0	75	0.0
-2077.0	50	0.0
-2076.0	60	0.0
-2075.0	65	0.0
-2074.0	53	0.0
-2073.0	49	0.0
-2072.0	75	0.0
-2071.0	62	0.0
-2070.0	72	0.0
-2069.0	64	0.0
-2068.0	55	0.0
-2067.0	56	0.0
-2066.0	51	0.0
-2065.0	67	0.0
-2064.0	59	0.0
-2063.0	67	0.0
-2062.0	58	0.0
-2061.0	43	0.0
-2060.0	53	0.0
-2059.0	51	0.0
-2058.0	49	0.0
-2057.0	49	0.0
-2056.0	54	0.0
-2055.0	57	0.0
-2054.0	60	0.0
-2053.0	59	0.0
-2052.0	62	0.0
-2051.0	52	0.0
-2050.0	49	0.0
-2049.0	57	0.0
-2048.0	60	0.0
-2047.0	48	0.0
-2046.0	53	0.0
-2045.0	49	0.0
-2044.0	61	0.0
-2043.0	53	0.0
-2042.0	55	0.0
-2041.0	59	0.0
-2040.0	52	0.0
-2039.0	50	0.0
-2038.0	64	0.0
-2037.0	58	0.0
-2036.0	58	0.0
-2035.0	50	0.0
-2034.0	55	0.0
-2033.0	55	0.0
-2032.0	62	0.0
-2031.0	65	0.0
-2030.0	65	0.0
-2029.0	57	0.0
-2028.0	61	0.0
-2027.0	51	0.0
-2026.0	53	0.0
-2025.0	68	0.0
-2024.0	53	0.0
-2023.0	57	0.0
-2022.0	66	0.0
-2021.0	60	0.0
-2020.0	56	0.0
-2019.0	59	0.0
-2018.0	46	0.0
-2017.0	65	0.0
-2016.0	50	0.0
-2015.0	61	0.0
-2014.0	55	0.0
-2013.0	51	0.0
-2012.0	62	0.0
-2011.0	62	0.0
-2010.0	51	0.0
-2009.0	55	0.0
-2008.0	58	0.0
-2007.0	78	0.0
-2006.0	57	0.0
-2005.0	51	0.0
-2004.0	65	0.0
-2003.0	68	0.0
-2002.0	55	0.0
-2001.0	52	0.0
-2000.0	58	0.0
-1999.0	64	0.0
-1998.0	48	0.0
-1997.0	51	0.0
-1996.0	62	0.0
-1995.0	60	0.0
-1994.0	63	0.0
-1993.0	47	0.0
-1992.0	58	0.0
-1991.0	65	0.0
-1990.0	63	0.0
-1989.0	71	0.0
-1988.0	71	0.0
-1987.0	63	0.0
-1986.0	54	0.0
-1985.0	61	0.0
-1984.0	58	0.0
-1983.0	53	0.0
-1982.0	62	0.0
-1981.0	66	0.0
-1980.0	63	0.0
-1979.0	52	0.0
-1978.0	64	0.0
-1977.0	56	0.0
-1976.0	55	0.0
-1975.0	77	0.0
-1974.0	46	0.0
-1973.0	56	0.0
-1972.0	59	0.0
-1971.0	56	0.0
-1970.0	49	0.0
-1969.0	66	0.0
-1968.0	66	0.0
-1967.0	65	0.0
-1966.0	56	0.0
-1965.0	53	0.0
-1964.0	51	0.0
-1963.0	66	0.0
-1962.0	61	0.0
-1961.0	70	0.0
-1960.0	64	0.0
-1959.0	50	0.0
-1958.0	74	0.0
-1957.0	63	0.0
-1956.0	66	0.0
-1955.0	39	0.0
-1954.0	74	0.0
-1953.0	59	0.0
-1952.0	61	0.0
-1951.0	59	0.0
-1950.0	66	0.0
-1949.0	57	0.0
-1948.0	54	0.0
-1947.0	55	0.0
-1946.0	54	0.0
-1945.0	51	0.0
-1944.0	45	0.0
-1943.0	56	0.0
-1942.0	70	0.0
-1941.0	56	0.0
-1940.0	57	0.0
-1939.0	84	0.0
-1938.0	52	0.0
-1937.0	57	0.0
-1936.0	62	0.0
-1935.0	59	0.0
-1934.0	69	0.0
-1933.0	49	0.0
-1932.0	56	0.0
-1931.0	59	0.0
-1930.0	46	0.0
-1929.0	59	0.0
-1928.0	47	0.0
-1927.0	58	0.0
-1926.0	70	0.0
-1925.0	67	0.0
-1924.0	48	0.0
-1923.0	53	0.0
-1922.0	51	0.0
-1921.0	51	0.0
-1920.0	54	0.0
-1919.0	56	0.0
-1918.0	71	0.0
-1917.0	55	0.0
-1916.0	63	0.0
-1915.0	57	0.0
-1914.0	61	0.0
-1913.0	46	0.0
-1912.0	66	0.0
-1911.0	63	0.0
-1910.0	68	0.0
-1909.0	64	0.0
-1908.0	47	0.0
-1907.0	69	0.0
-1906.0	61	0.0
-1905.0	66	0.0
-1904.0	69	0.0
-1903.0	46	0.0
-1902.0	69	0.0
-1901.0	48	0.0
-1900.0	56	0.0
-1899.0	39	0.0
-1898.0	52	0.0
-1897.0	54	0.0
-1896.0	70	0.0
-1895.0	58	0.0
-1894.0	69	0.0
-1893.0	59	0.0
-1892.0	57	0.0
-1891.0	60	0.0
-1890.0	60	0.0
-1889.0	59	0.0
-1888.0	62	0.0
-1887.0	74	0.0
-1886.0	50	0.0
-1885.0	51	0.0
-1884.0	67	0.0
-1883.0	53	0.0
-1882.0	52	0.0
-1881.0	51	0.0
-1880.0	50	0.0
-1879.0	62	0.0
-1878.0	58	0.0
-1877.0	45	0.0
-1876.0	65	0.0
-1875.0	53	0.0
-1874.0	50	0.0
-1873.0	62	0.0
-1872.0	54	0.0
-1871.0	64	0.0
-1870.0	55	0.0
-1869.0	56	0.0
-1868.0	46	0.0
-1867.0	69	0.0
-1866.0	53	0.0
-1865.0	48	0.0
-1864.0	56	0.0
-1863.0	52	0.0
-1862.0	61	0.0
-1861.0	48	0.0
-1860.0	65	0.0
-1859.0	49	0.0
-1858.0	50	0.0
-1857.0	52	0.0
-1856.0	54	0.0
-1855.0	72	0.0
-1854.0	56	0.0
-1853.0	56	0.0
-1852.0	60	0.0
-1851.0	56	0.0
-1850.0	54	0.0
-1849.0	55	0.0
-1848.0	68	0.0
-1847.0	51	0.0
-1846.0	62	0.0
-1845.0	58	0.0
-1844.0	64	0.0
-1843.0	68	0.0
-1842.0	63	0.0
-1841.0	53	0.0
-1840.0	61	0.0
-1839.0	57	0.0
-1838.0	64	0.0
-1837.0	54	0.0
-1836.0	72	0.0
-1835.0	49	0.0
-1834.0	67	0.0
-1833.0	60	0.0
-1832.0	51	0.0
-1831.0	74	0.0
-1830.0	56	0.0
-1829.0	59	0.0
-1828.0	57	0.0
-1827.0	48	0.0
-1826.0	63	0.0
-1825.0	46	0.0
-1824.0	62	0.0
-1823.0	66	0.0
-1822.0	55	0.0
-1821.0	51	0.0
-1820.0	67	0.0
-1819.0	59	0.0
-1818.0	56	0.0
-1817.0	61	0.0
-1816.0	65	0.0
-1815.0	61	0.0
-1814.0	46	0.0
-1813.0	51	0.0
-1812.0	70	0.0
-1811.0	63	0.0
-1810.0	40	0.0
-1809.0	54	0.0
-1808.0	59	0.0
-1807.0	62	0.0
-1806.0	65	0.0
-1805.0	56	0.0
-1804.0	49	0.0
-1803.0	51	0.0
-1802.0	62	0.0
-1801.0	56	0.0
-1800.0	52	0.0
-1799.0	54	0.0
-1798.0	63	0.0
-1797.0	59	0.0
-1796.0	67	0.0
-1795.0	45	0.0
-1794.0	69	0.0
-1793.0	62	0.0
-1792.0	51	0.0
-1791.0	55	0.0
-1790.0	57	0.0
-1789.0	59	0.0
-1788.0	53	0.0
-1787.0	47	0.0
-1786.0	55	0.0
-1785.0	61	0.0
-1784.0	56	0.0
-1783.0	72	0.0
-1782.0	54	0.0
-1781.0	68	0.0
-1780.0	72	0.0
-1779.0	55	0.0
-1778.0	60	0.0
-1777.0	53	0.0
-1776.0	65	0.0
-1775.0	54	0.0
-1774.0	74	0.0
-1773.0	62	0.0
-1772.0	58	0.0
-1771.0	60	0.0
-1770.0	53	0.0
-1769.0	66	0.0
-1768.0	64	0.0
-1767.0	52	0.0
-1766.0	48	0.0
-1765.0	63	0.0
-1764.0	59	0.0
-1763.0	50	0.0
-1762.0	48	0.0
-1761.0	55	0.0
-1760.0	48	0.0
-1759.0	64	0.0
-1758.0	59	0.0
-1757.0	52	0.0
-1756.0	60	0.0
-1755.0	66	0.0
-1754.0	67	0.0
-1753.0	60	0.0
-1752.0	57	0.0
-1751.0	57	0.0
-1750.0	44	0.0
-1749.0	56	0.0
-1748.0	67	0.0
-1747.0	47	0.0
-1746.0	46	0.0
-1745.0	63	0.0
-1744.0	48	0.0
-1743.0	67	0.0
-1742.0	53	0.0
-1741.0	56	0.0
-1740.0	56	0.0
-1739.0	57	0.0
-1738.0	60	0.0
-1737.0	63	0.0
-1736.0	68	0.0
-1735.0	52	0.0
-1734.0	55	0.0
-1733.0	61	0.0
-1732.0	43	0.0
-1731.0	61	0.0
-1730.0	57	0.0
-1729.0	55	0.0
-1728.0	43	0.0
-1727.0	53	0.0
-1726.0	59	0.0
-1725.0	61	0.0
-1724.0	57	0.0
-1723.0	64	0.0
-1722.0	43	0.0
-1721.0	49	0.0
-1720.0	65	0.0
-1719.0	64	0.0
-1718.0	56	0.0
-1717.0	40	0.0
-1716.0	61	0.0
-1715.0	48	0.0
-1714.0	58	0.0
-1713.0	52	0.0
-1712.0	53	0.0
-1711.0	62	0.0
-1710.0	54	0.0
-1709.0	66	0.0
-1708.0	72	0.0
-1707.0	53	0.0
-1706.0	63	0.0
-1705.0	60	0.0
-1704.0	63	0.0
-1703.0	59	0.0
-1702.0	56	0.0
-1701.0	67	0.0
-1700.0	61	0.0
-1699.0	46	0.0
-1698.0	50	0.0
-1697.0	56	0.0
-1696.0	54	0.0
-1695.0	49	0.0
-1694.0	50	0.0
-1693.0	65	0.0
-1692.0	45	0.0
-1691.0	54	0.0
-1690.0	56	0.0
-1689.0	51	0.0
-1688.0	44	0.0
-1687.0	57	0.0
-1686.0	61	0.0
-1685.0	52	0.0
-1684.0	59	0.0
-1683.0	49	0.0
-1682.0	75	0.0
-1681.0	52	0.0
-1680.0	70	0.0
-1679.0	66	0.0
-1678.0	69	0.0
-1677.0	55	0.0
-1676.0	67	0.0
-1675.0	65	0.0
-1674.0	57	0.0
-1673.0	63	0.0
-1672.0	56	0.0
-1671.0	55	0.0
-1670.0	57	0.0
-1669.0	62	0.0
-1668.0	64	0.0
-1667.0	58	0.0
-1666.0	64	0.0
-1665.0	53	0.0
-1664.0	48	0.0
-1663.0	59	0.0
-1662.0	67	0.0
-1661.0	64	0.0
-1660.0	62	0.0
-1659.0	46	0.0
-1658.0	55	0.0
-1657.0	61	0.0
-1656.0	62	0.0
-1655.0	57	0.0
-1654.0	76	0.0
-1653.0	57	0.0
-1652.0	64	0.0
-1651.0	60	0.0
-1650.0	63	0.0
-1649.0	45	0.0
-1648.0	70	0.0
-1647.0	57	0.0
-1646.0	68	0.0
-1645.0	65	0.0
-1644.0	58	0.0
-1643.0	63	0.0
-1642.0	59	0.0
-1641.0	51	0.0
-1640.0	55	0.0
-1639.0	61	0.0
-1638.0	56	0.0
-1637.0	49	0.0
-1636.0	69	0.0
-1635.0	58	0.0
-1634.0	45	0.0
-1633.0	49	0.0
-1632.0	62	0.0
-1631.0	59	0.0
-1630.0	60	0.0
-1629.0	54	0.0
-1628.0	68	0.0
-1627.0	58	0.0
-1626.0	51	0.0
-1625.0	65	0.0
-1624.0	44	0.0
-1623.0	53	0.0
-1622.0	56	0.0
-1621.0	71	0.0
-1620.0	60	0.0
-1619.0	62	0.0
-1618.0	47	0.0
-1617.0	55	0.0
-1616.0	58	0.0
-1615.0	67	0.0
-1614.0	68	0.0
-1613.0	52	0.0
-1612.0	56	0.0
-1611.0	67	0.0
-1610.0	61	0.0
-1609.0	64	0.0
-1608.0	61	0.0
-1607.0	73	0.0
-1606.0	60	0.0
-1605.0	57	0.0
-1604.0	56	0.0
-1603.0	46	0.0
-1602.0	59	0.0
-1601.0	43	0.0
-1600.0	48	0.0
-1599.0	45	0.0
-1598.0	51	0.0
-1597.0	62	0.0
-1596.0	58	0.0
-1595.0	50	0.0
-1594.0	55	0.0
-1593.0	58	0.0
-1592.0	58	0.0
-1591.0	47	0.0
-1590.0	59	0.0
-1589.0	59	0.0
-1588.0	63	0.0
-1587.0	42	0.0
-1586.0	61	0.0
-1585.0	59	0.0
-1584.0	55	0.0
-1583.0	38	0.0
-1582.0	61	0.0
-1581.0	47	0.0
-1580.0	46	0.0
-1579.0	47	0.0
-1578.0	51	0.0
-1577.0	62	0.0
-1576.0	56	0.0
-1575.0	63	0.0
-1574.0	65	0.0
-1573.0	54	0.0
-1572.0	57	0.0
-1571.0	67	0.0
-1570.0	51	0.0
-1569.0	56	0.0
-1568.0	54	0.0
-1567.0	45	0.0
-1566.0	59	0.0
-1565.0	52	0.0
-1564.0	61	0.0
-1563.0	68	0.0
-1562.0	60	0.0
-1561.0	57	0.0
-1560.0	49	0.0
-1559.0	53	0.0
-1558.0	65	0.0
-1557.0	63	0.0
-1556.0	50	0.0
-1555.0	62	0.0
-1554.0	57	0.0
-1553.0	66	0.0
-1552.0	61	0.0
-1551.0	68	0.0
-1550.0	75	0.0
-1549.0	57	0.0
-1548.0	56	0.0
-1547.0	55	0.0
-1546.0	51	0.0
-1545.0	50	0.0
-1544.0	53	0.0
-1543.0	66	0.0
-1542.0	66	0.0
-1541.0	55	0.0
-1540.0	43	0.0
-1539.0	68	0.0
-1538.0	74	0.0
-1537.0	55	0.0
-1536.0	69	0.0
-1535.0	61	0.0
-1534.0	67	0.0
-1533.0	49	0.0
-1532.0	66	0.0
-1531.0	64	0.0
-1530.0	61	0.0
-1529.0	37	0.0
-1528.0	72	0.0
-1527.0	40	0.0
-1526.0	54	0.0
-1525.0	56	0.0
-1524.0	65	0.0
-1523.0	49	0.0
-1522.0	54	0.0
-1521.0	55	0.0
-1520.0	58	0.0
-1519.0	63	0.0
-1518.0	57	0.0
-1517.0	61	0.0
-1516.0	61	0.0
-1515.0	44	0.0
-1514.0	51	0.0
-1513.0	61	0.0
-1512.0	52	0.0
-1511.0	67	0.0
-1510.0	58	0.0
-1509.0	61	0.0
-1508.0	51	0.0
-1507.0	66	0.0
-1506.0	83	0.0
-1505.0	54	0.0
-1504.0	55	0.0
-1503.0	52	0.0
-1502.0	63	0.0
-1501.0	55	0.0
-1500.0	56	0.0
-1499.0	56	0.0
-1498.0	56	0.0
-1497.0	48	0.0
-1496.0	65	0.0
-1495.0	61	0.0
-1494.0	63	0.0
-1493.0	59	0.0
-1492.0	64	0.0
-1491.0	47	0.0
-1490.0	61	0.0
-1489.0	60	0.0
-1488.0	49	0.0
-1487.0	61	0.0
-1486.0	56	0.0
-1485.0	62	0.0
-1484.0	62	0.0
-1483.0	66	0.0
-1482.0	61	0.0
-1481.0	59	0.0
-1480.0	46	0.0
-1479.0	66	0.0
-1478.0	59	0.0
-1477.0	68	0.0
-1476.0	74	0.0
-1475.0	55	0.0
-1474.0	67	0.0
-1473.0	53	0.0
-1472.0	51	0.0
-1471.0	48	0.0
-1470.0	62	0.0
-1469.0	68	0.0
-1468.0	50	0.0
-1467.0	55	0.0
-1466.0	46	0.0
-1465.0	48	0.0
-1464.0	72	0.0
-1463.0	74	0.0
-1462.0	63	0.0
-1461.0	48	0.0
-1460.0	60	0.0
-1459.0	63	0.0
-1458.0	58	0.0
-1457.0	50	0.0
-1456.0	44	0.0
-1455.0	48	0.0
-1454.0	57	0.0
-1453.0	53	0.0
-1452.0	66	0.0
-1451.0	61	0.0
-1450.0	53	0.0
-1449.0	59	0.0
-1448.0	58	0.0
-1447.0	55	0.0
-1446.0	63	0.0
-1445.0	48	0.0
-1444.0	55	0.0
-1443.0	70	0.0
-1442.0	55	0.0
-1441.0	66	0.0
-1440.0	59	0.0
-1439.0	52	0.0
-1438.0	54	0.0
-1437.0	52	0.0
-1436.0	53	0.0
-1435.0	59	0.0
-1434.0	63	0.0
-1433.0	45	0.0
-1432.0	60	0.0
-1431.0	45	0.0
-1430.0	51	0.0
-1429.0	55	0.0
-1428.0	62	0.0
-1427.0	72	0.0
-1426.0	63	0.0
-1425.0	68	0.0
-1424.0	67	0.0
-1423.0	56	0.0
-1422.0	62	0.0
-1421.0	44	0.0
-1420.0	60	0.0
-1419.0	42	0.0
-1418.0	38	0.0
-1417.0	54	0.0
-1416.0	67	0.0
-1415.0	59	0.0
-1414.0	53	0.0
-1413.0	53	0.0
-1412.0	49	0.0
-1411.0	73	0.0
-1410.0	54	0.0
-1409.0	64	0.0
-1408.0	65	0.0
-1407.0	59	0.0
-1406.0	51	0.0
-1405.0	66	0.0
-1404.0	57	0.0
-1403.0	51	0.0
-1402.0	61	0.0
-1401.0	49	0.0
-1400.0	62	0.0
-1399.0	53	0.0
-1398.0	65	0.0
-1397.0	60	0.0
-1396.0	60	0.0
-1395.0	59	0.0
-1394.0	59	0.0
-1393.0	66	0.0
-1392.0	58	0.0
-1391.0	59	0.0
-1390.0	71	0.0
-1389.0	66	0.0
-1388.0	52	0.0
-1387.0	66	0.0
-1386.0	59	0.0
-1385.0	65	0.0
-1384.0	51	0.0
-1383.0	47	0.0
-1382.0	55	0.0
-1381.0	55	0.0
-1380.0	64	0.0
-1379.0	42	0.0
-1378.0	51	0.0
-1377.0	61	0.0
-1376.0	61	0.0
-1375.0	72	0.0
-1374.0	52	0.0
-1373.0	51	0.0
-1372.0	50	0.0
-1371.0	60	0.0
-1370.0	58	0.0
-1369.0	47	0.0
-1368.0	62	0.0
-1367.0	46	0.0
-1366.0	53	0.0
-1365.0	62	0.0
-1364.0	64	0.0
-1363.0	75	0.0
-1362.0	48	0.0
-1361.0	58	0.0
-1360.0	61	0.0
-1359.0	46	0.0
-1358.0	51	0.0
-1357.0	58	0.0
-1356.0	48	0.0
-1355.0	51	0.0
-1354.0	54	0.0
-1353.0	52	0.0
-1352.0	47	0.0
-1351.0	58	0.0
-1350.0	64	0.0
-1349.0	52	0.0
-1348.0	53	0.0
-1347.0	56	0.0
-1346.0	68	0.0
-1345.0	61	0.0
-1344.0	62	0.0
-1343.0	58	0.0
-1342.0	55	0.0
-1341.0	56	0.0
-1340.0	54	0.0
-1339.0	55	0.0
-1338.0	76	0.0
-1337.0	55	0.0
-1336.0	70	0.0
-1335.0	66	0.0
-1334.0	60	0.0
-1333.0	55	0.0
-1332.0	58	0.0
-1331.0	71	0.0
-1330.0	42	0.0
-1329.0	64	0.0
-1328.0	58	0.0
-1327.0	61	0.0
-1326.0	67	0.0
-1325.0	61	0.0
-1324.0	66	0.0
-1323.0	54	0.0
-1322.0	57	0.0
-1321.0	54	0.0
-1320.0	58	0.0
-1319.0	64	0.0
-1318.0	58	0.0
-1317.0	69	0.0
-1316.0	70	0.0
-1315.0	49	0.0
-1314.0	47	0.0
-1313.0	67	0.0
-1312.0	52	0.0
-1311.0	54	0.0
-1310.0	71	0.0
-1309.0	68	0.0
-1308.0	47	0.0
-1307.0	55	0.0
-1306.0	51	0.0
-1305.0	62	0.0
-1304.0	44	0.0
-1303.0	46	0.0
-1302.0	67	0.0
-1301.0	51	0.0
-1300.0	73	0.0
-1299.0	57	0.0
-1298.0	53	0.0
-1297.0	53	0.0
-1296.0	59	0.0
-1295.0	64	0.0
-1294.0	48	0.0
-1293.0	54	0.0
-1292.0	57	0.0
-1291.0	54	0.0
-1290.0	67	0.0
-1289.0	68	0.0
-1288.0	53	0.0
-1287.0	63	0.0
-1286.0	41	0.0
-1285.0	40	0.0
-1284.0	63	0.0
-1283.0	50	0.0
-1282.0	51	0.0
-1281.0	54	0.0
-1280.0	62	0.0
-1279.0	57	0.0
-1278.0	44	0.0
-1277.0	61	0.0
-1276.0	48	0.0
-1275.0	64	0.0
-1274.0	57	0.0
-1273.0	51	0.0
-1272.0	70	0.0
-1271.0	51	0.0
-1270.0	65	0.0
-1269.0	57	0.0
-1268.0	61	0.0
-1267.0	55	0.0
-1266.0	63	0.0
-1265.0	55	0.0
-1264.0	57	0.0
-1263.0	71	0.0
-1262.0	57	0.0
-1261.0	55	0.0
-1260.0	47	0.0
-1259.0	60	0.0
-1258.0	44	0.0
-1257.0	52	0.0
-1256.0	49	0.0
-1255.0	54	0.0
-1254.0	57	0.0
-1253.0	51	0.0
-1252.0	53	0.0
-1251.0	61	0.0
-1250.0	75	0.0
-1249.0	56	0.0
-1248.0	43	0.0
-1247.0	51	0.0
-1246.0	61	0.0
-1245.0	61	0.0
-1244.0	64	0.0
-1243.0	61	0.0
-1242.0	51	0.0
-1241.0	59	0.0
-1240.0	66	0.0
-1239.0	67	0.0
-1238.0	67	0.0
-1237.0	57	0.0
-1236.0	71	0.0
-1235.0	69	0.0
-1234.0	52	0.0
-1233.0	51	0.0
-1232.0	56	0.0
-1231.0	66	0.0
-1230.0	44	0.0
-1229.0	46	0.0
-1228.0	68	0.0
-1227.0	58	0.0
-1226.0	60	0.0
-1225.0	53	0.0
-1224.0	75	0.0
-1223.0	46	0.0
-1222.0	51	0.0
-1221.0	53	0.0
-1220.0	46	0.0
-1219.0	70	0.0
-1218.0	58	0.0
-1217.0	74	0.0
-1216.0	44	0.0
-1215.0	54	0.0
-1214.0	61	0.0
-1213.0	58	0.0
-1212.0	60	0.0
-1211.0	58	0.0
-1210.0	56	0.0
-1209.0	64	0.0
-1208.0	52	0.0
-1207.0	80	0.0
-1206.0	62	0.0
-1205.0	58	0.0
-1204.0	43	0.0
-1203.0	53	0.0
-1202.0	48	0.0
-1201.0	62	0.0
-1200.0	66	0.0
-1199.0	61	0.0
-1198.0	54	0.0
-1197.0	51	0.0
-1196.0	54	0.0
-1195.0	51	0.0
-1194.0	70	0.0
-1193.0	64	0.0
-1192.0	51	0.0
-1191.0	64	0.0
-1190.0	63	0.0
-1189.0	80	0.0
-1188.0	52	0.0
-1187.0	44	0.0
-1186.0	66	0.0
-1185.0	58	0.0
-1184.0	81	0.0
-1183.0	44	0.0
-1182.0	64	0.0
-1181.0	46	0.0
-1180.0	53	0.0
-1179.0	71	0.0
-1178.0	68	0.0
-1177.0	52	0.0
-1176.0	56	0.0
-1175.0	45	0.0
-1174.0	54	0.0
-1173.0	52	0.0
-1172.0	55	0.0
-1171.0	53	0.0
-1170.0	60	0.0
-1169.0	62	0.0
-1168.0	54	0.0
-1167.0	63	0.0
-1166.0	52	0.0
-1165.0	72	0.0
-1164.0	59	0.0
-1163.0	59	0.0
-1162.0	49	0.0
-1161.0	52	0.0
-1160.0	51	0.0
-1159.0	68	0.0
-1158.0	56	0.0
-1157.0	46	0.0
-1156.0	57	0.0
-1155.0	47	0.0
-1154.0	56	0.0
-1153.0	51	0.0
-1152.0	55	0.0
-1151.0	57	0.0
-1150.0	63	0.0
-1149.0	49	0.0
-1148.0	49	0.0
-1147.0	70	0.0
-1146.0	56	0.0
-1145.0	57	0.0
-1144.0	49	0.0
-1143.0	64	0.0
-1142.0	49	0.0
-1141.0	58	0.0
-1140.0	53	0.0
-1139.0	61	0.0
-1138.0	60	0.0
-1137.0	59	0.0
-1136.0	53	0.0
-1135.0	51	0.0
-1134.0	55	0.0
-1133.0	44	0.0
-1132.0	50	0.0
-1131.0	55	0.0
-1130.0	63	0.0
-1129.0	58	0.0
-1128.0	53	0.0
-1127.0	51	0.0
-1126.0	60	0.0
-1125.0	55	0.0
-1124.0	54	0.0
-1123.0	65	0.0
-1122.0	55	0.0
-1121.0	55	0.0
-1120.0	55	0.0
-1119.0	55	0.0
-1118.0	56	0.0
-1117.0	58	0.0
-1116.0	64	0.0
-1115.0	55	0.0
-1114.0	59	0.0
-1113.0	51	0.0
-1112.0	49	0.0
-1111.0	69	0.0
-1110.0	57	0.0
-1109.0	47	0.0
-1108.0	57	0.0
-1107.0	48	0.0
-1106.0	45	0.0
-1105.0	62	0.0
-1104.0	60	0.0
-1103.0	57	0.0
-1102.0	69	0.0
-1101.0	43	0.0
-1100.0	60	0.0
-1099.0	47	0.0
-1098.0	57	0.0
-1097.0	75	0.0
-1096.0	61	0.0
-1095.0	50	0.0
-1094.0	62	0.0
-1093.0	52	0.0
-1092.0	52	0.0
-1091.0	42	0.0
-1090.0	46	0.0
-1089.0	58	0.0
-1088.0	51	0.0
-1087.0	48	0.0
-1086.0	61	0.0
-1085.0	62	0.0
-1084.0	58	0.0
-1083.0	64	0.0
-1082.0	57	0.0
-1081.0	62	0.0
-1080.0	46	0.0
-1079.0	52	0.0
-1078.0	54	0.0
-1077.0	58	0.0
-1076.0	71	0.0
-1075.0	53	0.0
-1074.0	55	0.0
-1073.0	50	0.0
-1072.0	50	0.0
-1071.0	61	0.0
-1070.0	55	0.0
-1069.0	61	0.0
-1068.0	48	0.0
-1067.0	75	0.0
-1066.0	59	0.0
-1065.0	64	0.0
-1064.0	64	0.0
-1063.0	54	0.0
-1062.0	59	0.0
-1061.0	54	0.0
-1060.0	66	0.0
-1059.0	54	0.0
-1058.0	61	0.0
-1057.0	62	0.0
-1056.0	65	0.0
-1055.0	32	0.0
-1054.0	47	0.0
-1053.0	67	0.0
-1052.0	72	0.0
-1051.0	60	0.0
-1050.0	51	0.0
-1049.0	75	0.0
-1048.0	61	0.0
-1047.0	55	0.0
-1046.0	52	0.0
-1045.0	65	0.0
-1044.0	58	0.0
-1043.0	62	0.0
-1042.0	51	0.0
-1041.0	61	0.0
-1040.0	67	0.0
-1039.0	59	0.0
-1038.0	52	0.0
-1037.0	67	0.0
-1036.0	53	0.0
-1035.0	60	0.0
-1034.0	40	0.0
-1033.0	66	0.0
-1032.0	58	0.0
-1031.0	66	0.0
-1030.0	50	0.0
-1029.0	65	0.0
-1028.0	63	0.0
-1027.0	56	0.0
-1026.0	67	0.0
-1025.0	60	0.0
-1024.0	58	0.0
-1023.0	61	0.0
-1022.0	65	0.0
-1021.0	72	0.0
-1020.0	56	0.0
-1019.0	48	0.0
-1018.0	77	0.0
-1017.0	62	0.0
-1016.0	58	0.0
-1015.0	64	0.0
-1014.0	64	0.0
-1013.0	53	0.0
-1012.0	73	0.0
-1011.0	44	0.0
-1010.0	66	0.0
-1009.0	51	0.0
-1008.0	51	0.0
-1007.0	59	0.0
-1006.0	58	0.0
-1005.0	56	0.0
-1004.0	52	0.0
-1003.0	53	0.0
-1002.0	68	0.0
-1001.0	56	0.0
-1000.0	50	0.0
-999.0	58	0.0
-998.0	64	0.0
-997.0	50	0.0
-996.0	52	0.0
-995.0	64	0.0
-994.0	62	0.0
-993.0	59	0.0
-992.0	69	0.0
-991.0	65	0.0
-990.0	64	0.0
-989.0	43	0.0
-988.0	51	0.0
-987.0	54	0.0
-986.0	57	0.0
-985.0	58	0.0
-984.0	56	0.0
-983.0	57	0.0
-982.0	54	0.0
-981.0	67	0.0
-980.0	57	0.0
-979.0	56	0.0
-978.0	58	0.0
-977.0	50	0.0
-976.0	49	0.0
-975.0	58	0.0
-974.0	65	0.0
-973.0	45	0.0
-972.0	57	0.0
-971.0	52	0.0
-970.0	54	0.0
-969.0	65	0.0
-968.0	76	0.0
-967.0	54	0.0
-966.0	54	0.0
-965.0	73	0.0
-964.0	56	0.0
-963.0	66	0.0
-962.0	58	0.0
-961.0	60	0.0
-960.0	47	0.0
-959.0	64	0.0
-958.0	55	0.0
-957.0	70	0.0
-956.0	60	0.0
-955.0	57	0.0
-954.0	60	0.0
-953.0	48	0.0
-952.0	55	0.0
-951.0	49	0.0
-950.0	68	0.0
-949.0	49	0.0
-948.0	59	0.0
-947.0	62	0.0
-946.0	57	0.0
-945.0	58	0.0
-944.0	64	0.0
-943.0	56	0.0
-942.0	63	0.0
-941.0	51	0.0
-940.0	64	0.0
-939.0	48	0.0
-938.0	62	0.0
-937.0	62	0.0
-936.0	75	0.0
-935.0	71	0.0
-934.0	61	0.0
-933.0	57	0.0
-932.0	52	0.0
-931.0	56	0.0
-930.0	70	0.0
-929.0	66	0.0
-928.0	76	0.0
-927.0	58	0.0
-926.0	53	0.0
-925.0	40	0.0
-924.0	66	0.0
-923.0	48	0.0
-922.0	59	0.0
-921.0	52	0.0
-920.0	61	0.0
-919.0	62	0.0
-918.0	61	0.0
-917.0	57	0.0
-916.0	70	0.0
-915.0	61	0.0
-914.0	50	0.0
-913.0	53	0.0
-912.0	64	0.0
-911.0	51	0.0
-910.0	65	0.0
-909.0	64	0.0
-908.0	48	0.0
-907.0	55	0.0
-906.0	67	0.0
-905.0	49	0.0
-904.0	50	0.0
-903.0	50	0.0
-902.0	57	0.0
-901.0	74	0.0
-900.0	52	0.0
-899.0	59	0.0
-898.0	57	0.0
-897.0	59	0.0
-896.0	66	0.0
-895.0	63	0.0
-894.0	52	0.0
-893.0	59	0.0
-892.0	56	0.0
-891.0	49	0.0
-890.0	55	0.0
-889.0	60	0.0
-888.0	56	0.0
-887.0	68	0.0
-886.0	64	0.0
-885.0	53	0.0
-884.0	49	0.0
-883.0	48	0.0
-882.0	57	0.0
-881.0	71	0.0
-880.0	63	0.0
-879.0	63	0.0
-878.0	51	0.0
-877.0	59	0.0
-876.0	69	0.0
-875.0	57	0.0
-874.0	67	0.0
-873.0	56	0.0
-872.0	61	0.0
-871.0	43	0.0
-870.0	68	0.0
-869.0	52	0.0
-868.0	53	0.0
-867.0	62	0.0
-866.0	54	0.0
-865.0	52	0.0
-864.0	75	0.0
-863.0	45	0.0
-862.0	55	0.0
-861.0	69	0.0
-860.0	57	0.0
-859.0	60	0.0
-858.0	62	0.0
-857.0	62	0.0
-856.0	49	0.0
-855.0	54	0.0
-854.0	55	0.0
-853.0	63	0.0
-852.0	63	0.0
-851.0	58	0.0
-850.0	68	0.0
-849.0	52	0.0
-848.0	63	0.0
-847.0	61	0.0
-846.0	40	0.0
-845.0	52	0.0
-844.0	54	0.0
-843.0	64	0.0
-842.0	69	0.0
-841.0	53	0.0
-840.0	84	0.0
-839.0	54	0.0
-838.0	57	0.0
-837.0	61	0.0
-836.0	46	0.0
-835.0	62	0.0
-834.0	62	0.0
-833.0	60	0.0
-832.0	58	0.0
-831.0	61	0.0
-830.0	62	0.0
-829.0	54	0.0
-828.0	56	0.0
-827.0	63	0.0
-826.0	52	0.0
-825.0	62	0.0
-824.0	49	0.0
-823.0	54	0.0
-822.0	63	0.0
-821.0	49	0.0
-820.0	65	0.0
-819.0	60	0.0
-818.0	50	0.0
-817.0	48	0.0
-816.0	58	0.0
-815.0	56	0.0
-814.0	69	0.0
-813.0	59	0.0
-812.0	59	0.0
-811.0	61	0.0
-810.0	55	0.0
-809.0	58	0.0
-808.0	54	0.0
-807.0	58	0.0
-806.0	58	0.0
-805.0	52	0.0
-804.0	58	0.0
-803.0	58	0.0
-802.0	59	0.0
-801.0	59	0.0
-800.0	65	0.0
-799.0	46	0.0
-798.0	53	0.0
-797.0	60	0.0
-796.0	63	0.0
-795.0	64	0.0
-794.0	46	0.0
-793.0	64	0.0
-792.0	55	0.0
-791.0	60	0.0
-790.0	47	0.0
-789.0	70	0.0
-788.0	59	0.0
-787.0	64	0.0
-786.0	58	0.0
-785.0	56	0.0
-784.0	46	0.0
-783.0	50	0.0
-782.0	53	0.0
-781.0	61	0.0
-780.0	50	0.0
-779.0	49	0.0
-778.0	57	0.0
-777.0	60	0.0
-776.0	57	0.0
-775.0	62	0.0
-774.0	62	0.0
-773.0	50	0.0
-772.0	62	0.0
-771.0	58	0.0
-770.0	73	0.0
-769.0	67	0.0
-768.0	49	0.0
-767.0	69	0.0
-766.0	48	0.0
-765.0	53	0.0
-764.0	55	0.0
-763.0	55	0.0
-762.0	52	0.0
-761.0	65	0.0
-760.0	57	0.0
-759.0	67	0.0
-758.0	60	0.0
-757.0	43	0.0
-756.0	53	0.0
-755.0	47	0.0
-754.0	49	0.0
-753.0	55	0.0
-752.0	49	0.0
-751.0	47	0.0
-750.0	58	0.0
-749.0	54	0.0
-748.0	56	0.0
-747.0	58	0.0
-746.0	58	0.0
-745.0	67	0.0
-744.0	57	0.0
-743.0	61	0.0
-742.0	46	0.0
-741.0	58	0.0
-740.0	59	0.0
-739.0	67	0.0
-738.0	64	0.0
-737.0	59	0.0
-736.0	62	0.0
-735.0	60	0.0
-734.0	49	0.0
-733.0	71	0.0
-732.0	63	0.0
-731.0	49	0.0
-730.0	56	0.0
-729.0	66	0.0
-728.0	61	0.0
-727.0	62	0.0
-726.0	60	0.0
-725.0	75	0.0
-724.0	62	0.0
-723.0	49	0.0
-722.0	56	0.0
-721.0	63	0.0
-720.0	68	0.0
-719.0	51	0.0
-718.0	66	0.0
-717.0	63	0.0
-716.0	62	0.0
-715.0	44	0.0
-714.0	48	0.0
-713.0	53	0.0
-712.0	51	0.0
-711.0	61	0.0
-710.0	61	0.0
-709.0	49	0.0
-708.0	64	0.0
-707.0	55	0.0
-706.0	50	0.0
-705.0	60	0.0
-704.0	49	0.0
-703.0	57	0.0
-702.0	42	0.0
-701.0	64	0.0
-700.0	54	0.0
-699.0	57	0.0
-698.0	74	0.0
-697.0	57	0.0
-696.0	50	0.0
-695.0	60	0.0
-694.0	54	0.0
-693.0	66	0.0
-692.0	61	0.0
-691.0	78	0.0
-690.0	57	0.0
-689.0	49	0.0
-688.0	57	0.0
-687.0	67	0.0
-686.0	60	0.0
-685.0	62	0.0
-684.0	39	0.0
-683.0	45	0.0
-682.0	61	0.0
-681.0	59	0.0
-680.0	55	0.0
-679.0	75	0.0
-678.0	44	0.0
-677.0	50	0.0
-676.0	50	0.0
-675.0	63	0.0
-674.0	49	0.0
-673.0	61	0.0
-672.0	49	0.0
-671.0	58	0.0
-670.0	78	0.0
-669.0	51	0.0
-668.0	57	0.0
-667.0	50	0.0
-666.0	68	0.0
-665.0	49	0.0
-664.0	75	0.0
-663.0	48	0.0
-662.0	39	0.0
-661.0	61	0.0
-660.0	65	0.0
-659.0	52	0.0
-658.0	56	0.0
-657.0	61	0.0
-656.0	59	0.0
-655.0	58	0.0
-654.0	50	0.0
-653.0	56	0.0
-652.0	70	0.0
-651.0	57	0.0
-650.0	51	0.0
-649.0	58	0.0
-648.0	69	0.0
-647.0	60	0.0
-646.0	71	0.0
-645.0	65	0.0
-644.0	51	0.0
-643.0	41	0.0
-642.0	57	0.0
-641.0	53	0.0
-640.0	69	0.0
-639.0	58	0.0
-638.0	70	0.0
-637.0	63	0.0
-636.0	75	0.0
-635.0	64	0.0
-634.0	79	0.0
-633.0	59	0.0
-632.0	58	0.0
-631.0	60	0.0
-630.0	61	0.0
-629.0	52	0.0
-628.0	70	0.0
-627.0	64	0.0
-626.0	49	0.0
-625.0	58	0.0
-624.0	56	0.0
-623.0	60	0.0
-622.0	58	0.0
-621.0	64	0.0
-620.0	56	0.0
-619.0	63	0.0
-618.0	71	0.0
-617.0	52	0.0
-616.0	58	0.0
-615.0	46	0.0
-614.0	67	0.0
-613.0	51	0.0
-612.0	57	0.0
-611.0	65	0.0
-610.0	49	0.0
-609.0	58	0.0
-608.0	65	0.0
-607.0	47	0.0
-606.0	62	0.0
-605.0	62	0.0
-604.0	58	0.0
-603.0	53	0.0
-602.0	62	0.0
-601.0	68	0.0
-600.0	55	0.0
-599.0	59	0.0
-598.0	56	0.0
-597.0	47	0.0
-596.0	74	0.0
-595.0	56	0.0
-594.0	58	0.0
-593.0	51	0.0
-592.0	60	0.0
-591.0	55	0.0
-590.0	53	0.0
-589.0	57	0.0
-588.0	48	0.0
-587.0	60	0.0
-586.0	57	0.0
-585.0	59	0.0
-584.0	54	0.0
-583.0	49	0.0
-582.0	67	0.0
-581.0	55	0.0
-580.0	62	0.0
-579.0	47	0.0
-578.0	57	0.0
-577.0	58	0.0
-576.0	58	0.0
-575.0	56	0.0
-574.0	63	0.0
-573.0	51	0.0
-572.0	62	0.0
-571.0	53	0.0
-570.0	46	0.0
-569.0	72	0.0
-568.0	48	0.0
-567.0	52	0.0
-566.0	72	0.0
-565.0	58	0.0
-564.0	53	0.0
-563.0	49	0.0
-562.0	52	0.0
-561.0	57	0.0
-560.0	62	0.0
-559.0	47	0.0
-558.0	55	0.0
-557.0	53	0.0
-556.0	53	0.0
-555.0	61	0.0
-554.0	56	0.0
-553.0	72	0.0
-552.0	56	0.0
-551.0	57	0.0
-550.0	52	0.0
-549.0	72	0.0
-548.0	53	0.0
-547.0	61	0.0
-546.0	58	0.0
-545.0	61	0.0
-544.0	56	0.0
-543.0	71	0.0
-542.0	54	0.0
-541.0	55	0.0
-540.0	75	0.0
-539.0	47	0.0
-538.0	38	0.0
-537.0	56	0.0
-536.0	70	0.0
-535.0	50	0.0
-534.0	58	0.0
-533.0	59	0.0
-532.0	60	0.0
-531.0	64	0.0
-530.0	48	0.0
-529.0	65	0.0
-528.0	62	0.0
-527.0	73	0.0
-526.0	55	0.0
-525.0	56	0.0
-524.0	59	0.0
-523.0	56	0.0
-522.0	66	0.0
-521.0	69	0.0
-520.0	58	0.0
-519.0	53	0.0
-518.0	53	0.0
-517.0	49	0.0
-516.0	61	0.0
-515.0	58	0.0
-514.0	58	0.0
-513.0	66	0.0
-512.0	60	0.0
-511.0	59	0.0
-510.0	60	0.0
-509.0	59	0.0
-508.0	51	0.0
-507.0	61	0.0
-506.0	55	0.0
-505.0	49	0.0
-504.0	51	0.0
-503.0	53	0.0
-502.0	65	0.0
-501.0	48	0.0
-500.0	67	0.0
-499.0	62	0.0
-498.0	53	0.0
-497.0	71	0.0
-496.0	55	0.0
-495.0	74	0.0
-494.0	57	0.0
-493.0	53	0.0
-492.0	72	0.0
-491.0	56	0.0
-490.0	58	0.0
-489.0	56	0.0
-488.0	56	0.0
-487.0	58	0.0
-486.0	48	0.0
-485.0	61	0.0
-484.0	41	0.0
-483.0	60	0.0
-482.0	50	0.0
-481.0	48	0.0
-480.0	51	0.0
-479.0	49	0.0
-478.0	48	0.0
-477.0	62	0.0
-476.0	68	0.0
-475.0	63	0.0
-474.0	53	0.0
-473.0	50	0.0
-472.0	45	0.0
-471.0	74	0.0
-470.0	62	0.0
-469.0	58	0.0
-468.0	61	0.0
-467.0	46	0.0
-466.0	67	0.0
-465.0	58	0.0
-464.0	58	0.0
-463.0	47	0.0
-462.0	60	0.0
-461.0	61	0.0
-460.0	53	0.0
-459.0	62	0.0
-458.0	56	0.0
-457.0	65	0.0
-456.0	53	0.0
-455.0	66	0.0
-454.0	53	0.0
-453.0	61	0.0
-452.0	74	0.0
-451.0	60	0.0
-450.0	60	0.0
-449.0	63	0.0
-448.0	72	0.0
-447.0	64	0.0
-446.0	51	0.0
-445.0	65	0.0
-444.0	51	0.0
-443.0	57	0.0
-442.0	60	0.0
-441.0	58	0.0
-440.0	61	0.0
-439.0	56	0.0
-438.0	60	0.0
-437.0	52	0.0
-436.0	52	0.0
-435.0	52	0.0
-434.0	64	0.0
-433.0	50	0.0
-432.0	65	0.0
-431.0	56	0.0
-430.0	56	0.0
-429.0	60	0.0
-428.0	65	0.0
-427.0	53	0.0
-426.0	53	0.0
-425.0	52	0.0
-424.0	68	0.0
-423.0	57	0.0
-422.0	48	0.0
-421.0	52	0.0
-420.0	49	0.0
-419.0	46	0.0
-418.0	62	0.0
-417.0	57	0.0
-416.0	55	0.0
-415.0	63	0.0
-414.0	71	0.0
-413.0	59	0.0
-412.0	64	0.0
-411.0	47	0.0
-410.0	62	0.0
-409.0	61	0.0
-408.0	64	0.0
-407.0	59	0.0
-406.0	45	0.0
-405.0	45	0.0
-404.0	64	0.0
-403.0	67	0.0
-402.0	51	0.0
-401.0	63	0.0
-400.0	51	0.0
-399.0	75	0.0
-398.0	68	0.0
-397.0	52	0.0
-396.0	52	0.0
-395.0	49	0.0
-394.0	50	0.0
-393.0	63	0.0
-392.0	61	0.0
-391.0	56	0.0
-390.0	66	0.0
-389.0	58	0.0
-388.0	60	0.0
-387.0	60	0.0
-386.0	57	0.0
-385.0	57	0.0
-384.0	62	0.0
-383.0	56	0.0
-382.0	55	0.0
-381.0	64	0.0
-380.0	66	0.0
-379.0	68	0.0
-378.0	61	0.0
-377.0	63	0.0
-376.0	44	0.0
-375.0	54	0.0
-374.0	61	0.0
-373.0	62	0.0
-372.0	66	0.0
-371.0	53	0.0
-370.0	38	0.0
-369.0	54	0.0
-368.0	59	0.0
-367.0	54	0.0
-366.0	65	0.0
-365.0	63	0.0
-364.0	59	0.0
-363.0	71	0.0
-362.0	70	0.0
-361.0	47	0.0
-360.0	58	0.0
-359.0	53	0.0
-358.0	67	0.0
-357.0	73	0.0
-356.0	44	0.0
-355.0	56	0.0
-354.0	68	0.0
-353.0	72	0.0
-352.0	51	0.0
-351.0	60	0.0
-350.0	58	0.0
-349.0	46	0.0
-348.0	59	0.0
-347.0	57	0.0
-346.0	48	0.0
-345.0	50	0.0
-344.0	60	0.0
-343.0	61	0.0
-342.0	61	0.0
-341.0	52	0.0
-340.0	55	0.0
-339.0	61	0.0
-338.0	53	0.0
-337.0	52	0.0
-336.0	58	0.0
-335.0	63	0.0
-334.0	56	0.0
-333.0	53	0.0
-332.0	66	0.0
-331.0	54	0.0
-330.0	51	0.0
-329.0	62	0.0
-328.0	60	0.0
-327.0	55	0.0
-326.0	49	0.0
-325.0	71	0.0
-324.0	63	0.0
-323.0	64	0.0
-322.0	55	0.0
-321.0	64	0.0
-320.0	55	0.0
-319.0	64	0.0
-318.0	55	0.0
-317.0	56	0.0
-316.0	57	0.0
-315.0	63	0.0
-314.0	63	0.0
-313.0	52	0.0
-312.0	50	0.0
-311.0	47	0.0
-310.0	57	0.0
-309.0	51	0.0
-308.0	77	0.0
-307.0	63	0.0
-306.0	51	0.0
-305.0	60	0.0
-304.0	68	0.0
-303.0	82	0.0
-302.0	48	0.0
-301.0	63	0.0
-300.0	64	0.0
-299.0	54	0.0
-298.0	60	0.0
-297.0	62	0.0
-296.0	63	0.0
-295.0	51	0.0
-294.0	66	0.0
-293.0	54	0.0
-292.0	63	0.0
-291.0	60	0.0
-290.0	65	0.0
-289.0	58	0.0
-288.0	52	0.0
-287.0	47	0.0
-286.0	49	0.0
-285.0	64	0.0
-284.0	46	0.0
-283.0	58	0.0
-282.0	80	0.0
-281.0	62	0.0
-280.0	65	0.0
-279.0	54	0.0
-278.0	52	0.0
-277.0	54	0.0
-276.0	64	0.0
-275.0	57	0.0
-274.0	69	0.0
-273.0	75	0.0
-272.0	44	0.0
-271.0	70	0.0
-270.0	60	0.0
-269.0	63	0.0
-268.0	57	0.0
-267.0	51	0.0
-266.0	67	0.0
-265.0	65	0.0
-264.0	60	0.0
-263.0	59	0.0
-262.0	54	0.0
-261.0	57	0.0
-260.0	58	0.0
-259.0	68	0.0
-258.0	67	0.0
-257.0	52	0.0
-256.0	59	0.0
-255.0	46	0.0
-254.0	51	0.0
-253.0	54	0.0
-252.0	65	0.0
-251.0	65	0.0
-250.0	56	0.0
-249.0	64	0.0
-248.0	65	0.0
-247.0	58	0.0
-246.0	59	0.0
-245.0	70	0.0
-244.0	46	0.0
-243.0	59	0.0
-242.0	69	0.0
-241.0	56	0.0
-240.0	56	0.0
-239.0	42	0.0
-238.0	64	0.0
-237.0	66	0.0
-236.0	60	0.0
-235.0	64	0.0
-234.0	59	0.0
-233.0	46	0.0
-232.0	58	0.0
-231.0	56	0.0
-230.0	64	0.0
-229.0	38	0.0
-228.0	62	0.0
-227.0	65	0.0
-226.0	62	0.0
-225.0	63	0.0
-224.0	67	0.0
-223.0	49	0.0
-222.0	60	0.0
-221.0	47	0.0
-220.0	61	0.0
-219.0	50	0.0
-218.0	60	0.0
-217.0	43	0.0
-216.0	55	0.0
-215.0	49	0.0
-214.0	60	0.0
-213.0	54	0.0
-212.0	69	0.0
-211.0	58	0.0
-210.0	55	0.0
-209.0	59	0.0
-208.0	58	0.0
-207.0	57	0.0
-206.0	71	0.0
-205.0	61	0.0
-204.0	71	0.0
-203.0	56	0.0
-202.0	65	0.0
-201.0	50	0.0
-200.0	52	0.0
-199.0	60	0.0
-198.0	53	0.0
-197.0	57	0.0
-196.0	51	0.0
-195.0	62	0.0
-194.0	70	0.0
-193.0	64	0.0
-192.0	57	0.0
-191.0	66	0.0
-190.0	65	0.0
-189.0	62	0.0
-188.0	51	0.0
-187.0	48	0.0
-186.0	59	0.0
-185.0	50	0.0
-184.0	48	0.0
-183.0	51	0.0
-182.0	52	0.0
-181.0	62	0.0
-180.0	63	0.0
-179.0	59	0.0
-178.0	55	0.0
-177.0	52	0.0
-176.0	48	0.0
-175.0	59	0.0
-174.0	79	0.0
-173.0	79	0.0
-172.0	47	0.0
-171.0	49	0.0
-170.0	64	0.0
-169.0	52	0.0
-168.0	72	0.0
-167.0	65	0.0
-166.0	69	0.0
-165.0	64	0.0
-164.0	52	0.0
-163.0	55	0.0
-162.0	47	0.0
-161.0	60	0.0
-160.0	53	0.0
-159.0	51	0.0
-158.0	54	0.0
-157.0	58	0.0
-156.0	51	0.0
-155.0	65	0.0
-154.0	42	0.0
-153.0	54	0.0
-152.0	56	0.0
-151.0	57	0.0
-150.0	60	0.0
-149.0	59	0.0
-148.0	70	0.0
-147.0	69	0.0
-146.0	51	0.0
-145.0	65	0.0
-144.0	54	0.0
-143.0	61	0.0
-142.0	61	0.0
-141.0	53	0.0
-140.0	60	0.0
-139.0	60	0.0
-138.0	42	0.0
-137.0	63	0.0
-136.0	66	0.0
-135.0	65	0.0
-134.0	65	0.0
-133.0	48	0.0
-132.0	52	0.0
-131.0	68	0.0
-130.0	61	0.0
-129.0	57	0.0
-128.0	65	0.0
-127.0	49	0.0
-126.0	55	0.0
-125.0	58	0.0
-124.0	57	0.0
-123.0	60	0.0
-122.0	53	0.0
-121.0	64	0.0
-120.0	44	0.0
-119.0	51	0.0
-118.0	55	0.0
-117.0	60	0.0
-116.0	47	0.0
-115.0	63	0.0
-114.0	66	0.0
-113.0	53	0.0
-112.0	54	0.0
-111.0	58	0.0
-110.0	68	0.0
-109.0	55	0.0
-108.0	55	0.0
-107.0	55	0.0
-106.0	52	0.0
-105.0	70	0.0
-104.0	60	0.0
-103.0	66	0.0
-102.0	55	0.0
-101.0	49	0.0
-100.0	50	0.0
-99.0	61	0.0
-98.0	62	0.0
-97.0	56	0.0
-96.0	67	0.0
-95.0	49	0.0
-94.0	49	0.0
-93.0	56	0.0
-92.0	71	0.0
-91.0	66	0.0
-90.0	72	0.0
-89.0	65	0.0
-88.0	61	0.0
-87.0	55	0.0
-86.0	76	0.0
-85.0	40	0.0
-84.0	69	0.0
-83.0	63	0.0
-82.0	63	0.0
-81.0	61	0.0
-80.0	61	0.0
-79.0	65	0.0
-78.0	60	0.0
-77.0	64	0.0
-76.0	49	0.0
-75.0	59	0.0
-74.0	49	0.0
-73.0	59	0.0
-72.0	55	0.0
-71.0	56	0.0
-70.0	49	0.0
-69.0	74	0.0
-68.0	63	0.0
-67.0	62	0.0
-66.0	61	0.0
-65.0	59	0.0
-64.0	62	0.0
-63.0	55	0.0
-62.0	58	0.0
-61.0	58	0.0
-60.0	71	0.0
-59.0	64	0.0
-58.0	53	0.0
-57.0	55	0.0
-56.0	58	0.0
-55.0	52	0.0
-54.0	58	0.0
-53.0	66	0.0
-52.0	53	0.0
-51.0	58	0.0
-50.0	45	0.0
-49.0	63	0.0
-48.0	48	0.0
-47.0	54	0.0
-46.0	53	0.0
-45.0	67	0.0
-44.0	69	0.0
-43.0	50	0.0
-42.0	59	0.0
-41.0	72	0.0
-40.0	52	0.0
-39.0	42	0.0
-38.0	50	0.0
-37.0	66	0.0
-36.0	49	0.0
-35.0	55	0.0
-34.0	60	0.0
-33.0	61	0.0
-32.0	62	0.0
-31.0	58	0.0
-30.0	52	0.0
-29.0	55	0.0
-28.0	61	0.0
-27.0	59	0.0
-26.0	53	0.0
-25.0	52	0.0
-24.0	62	0.0
-23.0	47	0.0
-22.0	71	0.0
-21.0	64	0.0
-20.0	53	0.0
-19.0	59	0.0
-18.0	46	0.0
-17.0	56	0.0
-16.0	70	0.0
-15.0	51	0.0
-14.0	52	0.0
-13.0	56	0.0
-12.0	70	0.0
-11.0	74	0.0
-10.0	54	0.0
-9.0	55	0.0
-8.0	49	0.0
-7.0	55	0.0
-6.0	53	0.0
-5.0	63	0.0
-4.0	61	0.0
-3.0	67	0.0
-2.0	54	0.0
-1.0	64	0.0
0.0	55	0.0
1.0	61	0.0
2.0	68	0.0
3.0	54	0.0
4.0	61	0.0
5.0	60	0.0
6.0	62	0.0
7.0	60	0.0
8.0	64	0.0
9.0	63	0.0
10.0	53	0.0
11.0	65	0.0
12.0	52	0.0
13.0	50	0.0
14.0	54	0.0
15.0	63	0.0
16.0	63	0.0
17.0	54	0.0
18.0	58	0.0
19.0	62	0.0
20.0	42	0.0
21.0	63	0.0
22.0	62	0.0
23.0	62	0.0
24.0	75	0.0
25.0	50	0.0
26.0	63	0.0
27.0	56	0.0
28.0	57	0.0
29.0	55	0.0
30.0	67	0.0
31.0	64	0.0
32.0	70	4154.835589588678
33.0	60	7853.553770161623
34.0	74	11135.921681886888
35.0	83	14038.573810858688
36.0	91	16595.244925084924
37.0	80	18836.986324784055
38.0	109	20792.366571362418
39.0	80	22487.657779748974
40.0	100	23947.008484441365
41.0	98	25192.604020312567
42.0	120	26244.815294602602
43.0	109	27122.336766265256
44.0	123	27842.314392661585
45.0	103	28420.46425121965
46.0	113	28871.18249485689
47.0	131	29207.647254452677
48.0	120	29441.91305923917
49.0	109	29584.998306444173
50.0	112	29646.966274675135
51.0	121	29637.000141198143
52.0	118	29563.472431272712
53.0	148	29434.009297892968
54.0	103	29255.55000251259
55.0	98	29034.401941457705
56.0	98	28776.29153862994
57.0	105	28486.411302652254
58.0	107	28169.46332570069
59.0	111	27829.699481793097
60.0	114	27470.95856417195
61.0	123	27096.70058453426
62.0	111	26710.03844114065
63.0	97	26313.76714820016
64.0	98	25910.390805304014
65.0	86	25502.147472999262
66.0	93	25091.03210879186
67.0	104	24678.817706884005
68.0	81	24267.07477473032
69.0	98	23857.189269987768
70.0	95	23450.379112586557
71.0	108	23047.709378419422
72.0	97	22650.106273491405
73.0	111	22258.3699802524
74.0	107	21873.186461214093
75.0	98	21495.138298796588
76.0	118	21124.714644626147
77.0	89	20762.32034618512
78.0	102	20408.284313769072
79.0	102	20062.867186110005
80.0	91	19726.268348753136
81.0	101	19398.632355306236
82.0	111	19080.054797993336
83.0	116	18770.58767052013
84.0	71	18470.244263077457
85.0	120	18179.003626355592
86.0	82	17896.81463869928
87.0	74	17623.599707987618
88.0	91	17359.25813745964
89.0	93	17103.669182512873
90.0	88	16856.6948234673
91.0	86	16618.182277398842
92.0	81	16387.96627039498
93.0	77	16165.871089961014
94.0	105	15951.71243579886
95.0	102	15745.299085784261
96.0	85	15546.434392673647
97.0	89	15354.917625872316
98.0	90	15170.545171484448
99.0	99	14993.111602835428
100.0	77	14822.410632703723
101.0	73	14658.235957616287
102.0	77	14500.38200374432
103.0	85	14348.644583179255
104.0	69	14202.821468669152
105.0	82	14062.712894247868
106.0	89	13928.121988590276
107.0	75	13798.855147373326
108.0	77	13674.72235041059
109.0	90	13555.537428854863
110.0	79	13441.118287326548
111.0	83	13331.287085421716
112.0	89	13225.870382681334
113.0	79	13124.699250758995
114.0	86	13027.609356207235
115.0	73	12934.44101701001
116.0	100	12845.039235718721
117.0	94	12759.253711800793
118.0	77	12676.938835580484
119.0	93	12597.953665940586
120.0	77	12522.161893759698
121.0	91	12449.431792880603
122.0	77	12379.636160241322
123.0	83	12312.652246649055
124.0	76	12248.361679538522
125.0	86	12186.650378928713
126.0	81	12127.408467674964
127.0	72	12070.530177006156
128.0	75	12015.913748238236
129.0	69	11963.461331465225
130.0	80	11913.078881946401
131.0	83	11864.676054832824
132.0	68	11818.166098807285
133.0	83	11773.465749148896
134.0	94	11730.495120675781
135.0	82	11689.177600967141
136.0	71	11649.439744217914
137.0	89	11611.211166035871
138.0	86	11574.424439451572
139.0	76	11539.014992375347
140.0	66	11504.921006703353
141.0	75	11472.083319244855
142.0	68	11440.445324616485
143.0	78	11409.952880224932
144.0	87	11380.554213437976
145.0	75	11352.19983102407
146.0	63	11324.842430923207
147.0	79	11298.436816395983
148.0	69	11272.939812583878
149.0	97	11248.310185500937
150.0	74	11224.508563466183
151.0	93	11201.497360975896
152.0	75	11179.240705006481
153.0	91	11157.704363730605
154.0	81	11136.85567762296
155.0	75	11116.663492925738
156.0	82	11097.098097439146
157.0	77	11078.131158597882
158.0	92	11059.73566379061
159.0	67	11041.88586287667
160.0	84	11024.557212851269
161.0	85	11007.726324608871
162.0	68	10991.370911752083
163.0	87	10975.469741392744
164.0	87	10960.002586890521
165.0	84	10944.950182473858
166.0	81	10930.294179687737
167.0	72	10916.0171056125
168.0	77	10902.102322798266
169.0	82	10888.533990859532
170.0	68	10875.297029675108
171.0	83	10862.377084139218
172.0	76	10849.760490410135
173.0	77	10837.434243603637
174.0	84	10825.385966879601
175.0	68	10813.603881870873
176.0	77	10802.076780404648
177.0	92	10790.793997468012
178.0	79	10779.745385369893
179.0	82	10768.921289053567
180.0	62	10758.312522514421
181.0	86	10747.910346279536
182.0	85	10737.706445906366
183.0	84	10727.692911459506
184.0	91	10717.862217925589
185.0	87	10708.207206527488
186.0	66	10698.721066900718
187.0	72	10689.3973200956
188.0	75	10680.229802370404
189.0	65	10671.212649741801
190.0	83	10662.34028325997
191.0	72	10653.607394977127
192.0	64	10645.008934579251
193.0	76	10636.540096651968
194.0	70	10628.196308552517
195.0	67	10619.973218861081
196.0	73	10611.866686385438
197.0	76	10603.872769694213
198.0	69	10595.987717154887
199.0	73	10588.207957453513
200.0	78	10580.530090574399
201.0	96	10572.950879218546
202.0	88	10565.467240640619
203.0	74	10558.076238885229
204.0	98	10550.775077403887
205.0	75	10543.561092034914
206.0	91	10536.431744329288
207.0	69	10529.38461520622
208.0	72	10522.417398922804
209.0	84	10515.527897343014
210.0	78	10508.714014491647
211.0	78	10501.973751379808
212.0	77	10495.305201088706
213.0	91	10488.706544099665
214.0	77	10482.176043858144
215.0	103	10475.712042560806
216.0	76	10469.31295715451
217.0	77	10462.977275537176
218.0	75	10456.703552950506
219.0	76	10450.490408555343
220.0	76	10444.336522180549
221.0	76	10438.240631236999
222.0	92	10432.201527788531
223.0	64	10426.218055772046
224.0	61	10420.289108359442
225.0	86	10414.413625454325
226.0	70	10408.590591316779
227.0	73	10402.819032309775
228.0	70	10397.098014761292
229.0	71	10391.42664293611
230.0	89	10385.804057112036
231.0	67	10380.229431755153
232.0	83	10374.701973789059
233.0	86	10369.220920953609
234.0	85	10363.785540248266
235.0	71	10358.39512645614
236.0	83	10353.049000744308
237.0	82	10347.7465093368
238.0	67	10342.48702225633
239.0	72	10337.269932131438
240.0	64	10332.094653065564
241.0	74	10326.960619565009
242.0	83	10321.867285522638
243.0	78	10316.814123254599
244.0	83	10311.800622587192
245.0	64	10306.826289991403
246.0	71	10301.890647762615
247.0	91	10296.99323324323
248.0	75	10292.133598085718
249.0	67	10287.311307554473
250.0	76	10282.525939863948
251.0	94	10277.77708555159
252.0	80	10273.064346883488
253.0	90	10268.387337291235
254.0	93	10263.745680838234
255.0	90	10259.13901171399
256.0	95	10254.566973754883
257.0	71	10250.02921999009
258.0	77	10245.525412211233
259.0	75	10241.055220564718
260.0	69	10236.618323165281
261.0	71	10232.214405729885
262.0	96	10227.843161230785
263.0	102	10223.50428956675
264.0	65	10219.197497251484
265.0	68	10214.922497118425
266.0	78	10210.6790080409
267.0	82	10206.466754666983
268.0	73	10202.28546716822
269.0	83	10198.134881001351
270.0	74	10194.014736682697
271.0	75	10189.924779574061
272.0	59	10185.86475967998
273.0	74	10181.83443145543
274.0	91	10177.833553623535
275.0	74	10173.861889002772
276.0	74	10169.919204343154
277.0	85	10166.005270170801
278.0	83	10162.11986064066
279.0	83	10158.262753396779
280.0	80	10154.43372943978
281.0	74	10150.632573001134
282.0	93	10146.859071423929
283.0	69	10143.113015049703
284.0	62	10139.39419711111
285.0	69	10135.702413630022
286.0	93	10132.037463320763
287.0	84	10128.399147498412
288.0	76	10124.78726999152
289.0	91	10121.201637059432
290.0	71	10117.642057313617
291.0	79	10114.108341643016
292.0	82	10110.600303143088
293.0	80	10107.117757048358
294.0	77	10103.660520668374
295.0	86	10100.228413326737
296.0	83	10096.821256303156
297.0	82	10093.43887277836
298.0	74	10090.08108778166
299.0	64	10086.747728141014
300.0	78	10083.438622435564
301.0	93	10080.153600950374
302.0	73	10076.892495633369
303.0	79	10073.655140054252
304.0	86	10070.441369365419
305.0	77	10067.25102026463
306.0	77	10064.083930959443
307.0	68	10060.93994113323
308.0	91	10057.818891912859
309.0	86	10054.720625837655
310.0	75	10051.644986829953
311.0	78	10048.591820166746
312.0	66	10045.560972452815
313.0	71	10042.552291594759
314.0	72	10039.565626776435
315.0	69	10036.600828435194
316.0	85	10033.657748239271
317.0	82	10030.736239066046
318.0	97	10027.836154981263
319.0	78	10024.957351219058
320.0	79	10022.099684162766
321.0	65	10019.263011326528
322.0	66	10016.44719133763
323.0	78	10013.652083919484
324.0	86	10010.877549875302
325.0	80	10008.123451072322
326.0	61	10005.389650426709
327.0	76	10002.676011888889
328.0	84	9999.982400429524
329.0	74	9997.308682025905
330.0	79	9994.65472364885
331.0	89	9992.020393250032
332.0	69	9989.405559749732
333.0	70	9986.810093025033
334.0	84	9984.23386389831
335.0	91	9981.676744126169
336.0	86	9979.138606388711
337.0	63	9976.619324279069
338.0	71	9974.11877229332
339.0	74	9971.636825820642
340.0	96	9969.173361133817
341.0	72	9966.728255379916
342.0	75	9964.30138657131
343.0	82	9961.892633576861
344.0	84	9959.501876113412
345.0	51	9957.128994737433
346.0	75	9954.773870836916
347.0	76	9952.436386623416
348.0	68	9950.116425124363
349.0	72	9947.813870175483
350.0	70	9945.528606413407
351.0	71	9943.260519268457
352.0	78	9941.009494957614
353.0	93	9938.775420477534
354.0	72	9936.558183597856
355.0	90	9934.357672854494
356.0	66	9932.17377754319
357.0	69	9930.006387713076
358.0	70	9927.855394160466
359.0	83	9925.720688422656
360.0	83	9923.602162771938
361.0	78	9921.499710209597
362.0	86	9919.413224460146
363.0	85	9917.342599965532
364.0	88	9915.28773187952
365.0	73	9913.248516062127
366.0	83	9911.224849074133
367.0	72	9909.216628171715
368.0	72	9907.223751301124
369.0	86	9905.24611709343
370.0	85	9903.28362485941
371.0	86	9901.336174584376
372.0	61	9899.403666923228
373.0	78	9897.48600319544
374.0	90	9895.583085380187
375.0	93	9893.694816111512
376.0	78	9891.82109867354
377.0	74	9889.961836995757
378.0	78	9888.116935648368
379.0	68	9886.286299837639
380.0	76	9884.469835401394
381.0	101	9882.667448804483
382.0	70	9880.879047134307
383.0	79	9879.10453809645
384.0	76	9877.34383001027
385.0	70	9875.596831804594
386.0	75	9873.863453013457
387.0	68	9872.143603771849
388.0	78	9870.437194811526
389.0	86	9868.744137456879
390.0	74	9867.064343620792
391.0	76	9865.397725800578
392.0	76	9863.744197073976
393.0	83	9862.103671095078
394.0	71	9860.476062090453
395.0	76	9858.86128485515
396.0	74	9857.259254748858
397.0	74	9855.669887691984
398.0	71	9854.0931001619
399.0	69	9852.528809189092
400.0	73	9850.976932353418
401.0	90	9849.437387780374
402.0	91	9847.910094137404
403.0	74	9846.394970630216
404.0	80	9844.891936999147
405.0	67	9843.400913515545
406.0	79	9841.921820978192
407.0	88	9840.454580709751
408.0	88	9838.99911455325
409.0	92	9837.555344868522
410.0	94	9836.123194528838
411.0	77	9834.70258691734
412.0	72	9833.293445923728
413.0	74	9831.89569594079
414.0	73	9830.509261861054
415.0	71	9829.134069073476
416.0	66	9827.770043460072
417.0	73	9826.41711139264
418.0	76	9825.075199729505
419.0	71	9823.74423581226
420.0	94	9822.42414746253
421.0	85	9821.114862978784
422.0	83	9819.816311133181
423.0	76	9818.528421168343
424.0	93	9817.251122794305
425.0	69	9815.984346185365
426.0	94	9814.72802197699
427.0	73	9813.482081262779
428.0	89	9812.246455591361
429.0	77	9811.021076963447
430.0	82	9809.805877828785
431.0	86	9808.600791083169
432.0	80	9807.405750065494
433.0	64	9806.22068855484
434.0	73	9805.045540767493
435.0	89	9803.880241354098
436.0	88	9802.72472539676
437.0	85	9801.57892840618
438.0	90	9800.442786318816
439.0	67	9799.316235494083
440.0	91	9798.199212711514
441.0	90	9797.091655168007
442.0	81	9795.993500475028
443.0	65	9794.90468665594
444.0	67	9793.825152143172
445.0	55	9792.754835775597
446.0	64	9791.693676795814
447.0	82	9790.641614847442
448.0	81	9789.598589972537
449.0	68	9788.564542608889
450.0	74	9787.53941358746
451.0	67	9786.523144129718
452.0	54	9785.515675845141
453.0	89	9784.516950728581
454.0	71	9783.52691115773
455.0	76	9782.545499890628
456.0	70	9781.572660063086
457.0	75	9780.608335186256
458.0	70	9779.6524691441
459.0	87	9778.705006190941
460.0	57	9777.765890949035
461.0	76	9776.835068406119
462.0	82	9775.912483912978
463.0	82	9774.998083181108
464.0	72	9774.09181228027
465.0	67	9773.193617636152
466.0	65	9772.303446028023
467.0	76	9771.421244586363
468.0	89	9770.546960790614
469.0	77	9769.680542466796
470.0	69	9768.82193778525
471.0	70	9767.971095258392
472.0	60	9767.127963738412
473.0	76	9766.29249241504
474.0	82	9765.464630813338
475.0	83	9764.644328791466
476.0	69	9763.831536538499
477.0	60	9763.026204572225
478.0	82	9762.228283736964
479.0	73	9761.437725201453
480.0	86	9760.654480456675
481.0	76	9759.878501313742
482.0	68	9759.109739901756
483.0	67	9758.348148665753
484.0	91	9757.593680364589
485.0	83	9756.84628806886
486.0	99	9756.105925158885
487.0	69	9755.372545322623
488.0	71	9754.646102553652
489.0	83	9753.92655114914
490.0	78	9753.213845707887
491.0	83	9752.507941128282
492.0	64	9751.808792606347
493.0	69	9751.116355633774
494.0	65	9750.430585995971
495.0	92	9749.751439770114
496.0	72	9749.078873323257
497.0	85	9748.412843310361
498.0	67	9747.753306672432
499.0	69	9747.100220634653
500.0	70	9746.453542704428
501.0	68	9745.813230669633
502.0	78	9745.179242596665
503.0	73	9744.551536828654
504.0	87	9743.930071983628
505.0	90	9743.314806952689
506.0	83	9742.705700898241
507.0	65	9742.102713252138
508.0	82	9741.505803713992
509.0	75	9740.914932249323
510.0	79	9740.330059087852
511.0	71	9739.751144721742
512.0	92	9739.178149903884
513.0	72	9738.611035646138
514.0	76	9738.049763217661
515.0	93	9737.4942941432
516.0	81	9736.944590201394
517.0	77	9736.400613423095
518.0	86	9735.86232608974
519.0	78	9735.329690731647
520.0	60	9734.80267012641
521.0	92	9734.281227297244
522.0	75	9733.765325511393
523.0	75	9733.254928278477
524.0	92	9732.749999348927
525.0	89	9732.250502712384
526.0	68	9731.756402596124
527.0	74	9731.26766346349
528.0	78	9730.784250012319
529.0	84	9730.306127173419
530.0	85	9729.833260109011
531.0	74	9729.365614211212
532.0	62	9728.90315510053
533.0	80	9728.44584862432
534.0	64	9727.99366085533
535.0	87	9727.546558090176
536.0	81	9727.10450684789
537.0	90	9726.667473868456
538.0	87	9726.235426111336
539.0	79	9725.808330754004
540.0	73	9725.386155190545
541.0	68	9724.968867030233
542.0	83	9724.556434096048
543.0	71	9724.148824423337
544.0	72	9723.746006258349
545.0	73	9723.347948056919
546.0	80	9722.954618483007
547.0	70	9722.565986407364
548.0	63	9722.182020906188
549.0	76	9721.8026912597
550.0	77	9721.427966950881
551.0	57	9721.057817664081
552.0	70	9720.692213283679
553.0	76	9720.331123892818
554.0	70	9719.974519772044
555.0	68	9719.622371398045
556.0	78	9719.274649442297
557.0	83	9718.931324769841
558.0	73	9718.592368437967
559.0	92	9718.25775169496
560.0	61	9717.92744597885
561.0	81	9717.601422916132
562.0	87	9717.279654320546
563.0	51	9716.962112191814
564.0	68	9716.648768714462
565.0	65	9716.339596256552
566.0	71	9716.034567368497
567.0	67	9715.733654781836
568.0	84	9715.436831408058
569.0	79	9715.144070337421
570.0	70	9714.85534483775
571.0	76	9714.570628353264
572.0	84	9714.289894503458
573.0	80	9714.013117081871
574.0	81	9713.74027005501
575.0	78	9713.471327561158
576.0	63	9713.206263909267
577.0	77	9712.945053577825
578.0	66	9712.687671213727
579.0	73	9712.434091631194
580.0	90	9712.184289810624
581.0	80	9711.93824089753
582.0	87	9711.695920201451
583.0	77	9711.457303194824
584.0	64	9711.222365511992
585.0	94	9710.991082948045
586.0	81	9710.763431457823
587.0	80	9710.539387154839
588.0	76	9710.318926310225
589.0	57	9710.102025351698
590.0	74	9709.888660862542
591.0	72	9709.678809580568
592.0	72	9709.472448397066
593.0	64	9709.269554355855
594.0	69	9709.070104652235
595.0	76	9708.874076631972
596.0	71	9708.681447790354
597.0	83	9708.492195771163
598.0	71	9708.306298365716
599.0	66	9708.12373351188
600.0	78	9707.944479293124
601.0	64	9707.768513937523
602.0	71	9707.595815816843
603.0	81	9707.426363445558
604.0	94	9707.260135479952
605.0	77	9707.097110717128
606.0	81	9706.937268094129
607.0	70	9706.780586686975
608.0	74	9706.627045709785
609.0	88	9706.476624513816
610.0	85	9706.329302586602
611.0	67	9706.185059551055
612.0	69	9706.043875164538
613.0	67	9705.905729317983
614.0	82	9705.770602035043
615.0	80	9705.638473471197
616.0	69	9705.509323912862
617.0	71	9705.383133776564
618.0	81	9705.259883608043
619.0	69	9705.139554081423
620.0	71	9705.022125998375
621.0	67	9704.90758028724
622.0	80	9704.795898002216
623.0	78	9704.68706032255
624.0	85	9704.581048551658
625.0	72	9704.477844116347
626.0	85	9704.377428565986
627.0	71	9704.27978357171
628.0	74	9704.184890925588
629.0	70	9704.092732539864
630.0	78	9704.00329044613
631.0	74	9703.916546794555
632.0	82	9703.83248385311
633.0	76	9703.751084006773
634.0	75	9703.672329756755
635.0	73	9703.596203719753
636.0	75	9703.52268862718
637.0	88	9703.451767324392
638.0	61	9703.38342276997
639.0	83	9703.317638034927
640.0	79	9703.254396302002
641.0	77	9703.193680864932
642.0	75	9703.135475127665
643.0	72	9703.079762603678
644.0	77	9703.026526915257
645.0	82	9702.975751792772
646.0	74	9702.927421073911
647.0	72	9702.881518703074
648.0	78	9702.838028730574
649.0	104	9702.79693531199
650.0	78	9702.758222707473
651.0	78	9702.721875281015
652.0	69	9702.687877499813
653.0	63	9702.656213933557
654.0	65	9702.62686925376
655.0	84	9702.599828233091
656.0	80	9702.575075744717
657.0	67	9702.552596761603
658.0	81	9702.532376355895
659.0	55	9702.514399698252
660.0	64	9702.49865205718
661.0	80	9702.485118798415
662.0	80	9702.473785384253
663.0	75	9702.464637372927
664.0	65	9702.457660417978
665.0	69	9702.452840267615
666.0	85	9702.450162764091
667.0	74	9702.449613843104
668.0	73	9702.451179533151
669.0	76	9702.454845954917
670.0	78	9702.460599320715
671.0	67	9702.468425933792
672.0	84	9702.478312187832
673.0	87	9702.490244566265
674.0	78	9702.504209641756
675.0	84	9702.520194075536
676.0	62	9702.538184616911
677.0	71	9702.558168102587
678.0	73	9702.580131456152
679.0	80	9702.60406168749
680.0	80	9702.629945892195
681.0	68	9702.65777125103
682.0	73	9702.68752502936
683.0	64	9702.719194576566
684.0	69	9702.752767325524
685.0	71	9702.788230792039
686.0	69	9702.825572574304
687.0	84	9702.864780352353
688.0	66	9702.905841887514
689.0	86	9702.948745021882
690.0	73	9702.993477677797
691.0	68	9703.040027857269
692.0	85	9703.088383641527
693.0	94	9703.138533190411
694.0	89	9703.190464741914
695.0	85	9703.244166611668
696.0	76	9703.299627192371
697.0	89	9703.356834953354
698.0	75	9703.415778440016
699.0	75	9703.476446273355
700.0	71	9703.538827149472
701.0	52	9703.602909839052
702.0	69	9703.66868318687
703.0	66	9703.73613611135
704.0	70	9703.805257604014
705.0	83	9703.876036729047
706.0	85	9703.94846262279
707.0	89	9704.022524493286
708.0	87	9704.098211619787
709.0	82	9704.17551335229
710.0	86	9704.25441911109
711.0	80	9704.334918386277
712.0	80	9704.417000737329
713.0	71	9704.500655792564
714.0	65	9704.585873248814
715.0	94	9704.672642870852
716.0	88	9704.760954491025
717.0	73	9704.850798008749
718.0	78	9704.942163390135
719.0	88	9705.035040667473
720.0	87	9705.129419938847
721.0	74	9705.225291367678
722.0	85	9705.322645182308
723.0	90	9705.421471675569
724.0	83	9705.521761204338
725.0	86	9705.62350418913
726.0	75	9705.726691113685
727.0	86	9705.831312524551
728.0	87	9705.93735903062
729.0	80	9706.044821302816
730.0	73	9706.153690073574
731.0	67	9706.263956136529
732.0	73	9706.375610346031
733.0	68	9706.488643616829
734.0	84	9706.603046923577
735.0	57	9706.718811300538
736.0	80	9706.835927841106
737.0	67	9706.954387697462
738.0	79	9707.074182080183
739.0	72	9707.195302257842
740.0	77	9707.317739556624
741.0	86	9707.441485359972
742.0	77	9707.566531108174
743.0	65	9707.692868298036
744.0	74	9707.820488482435
745.0	64	9707.949383270014
746.0	75	9708.0795443248
747.0	87	9708.210963365818
748.0	66	9708.343632166756
749.0	81	9708.477542555558
750.0	87	9708.612686414133
751.0	73	9708.74905567795
752.0	77	9708.886642335678
753.0	87	9709.025438428886
754.0	79	9709.165436051646
755.0	68	9709.306627350205
756.0	73	9709.449004522636
757.0	71	9709.592559818502
758.0	108	9709.737285538511
759.0	74	9709.883174034187
760.0	82	9710.030217707517
761.0	71	9710.178409010638
762.0	74	9710.32774044549
763.0	75	9710.478204563507
764.0	59	9710.629793965263
765.0	80	9710.782501300167
766.0	81	9710.936319266142
767.0	75	9711.091240609288
768.0	57	9711.247258123602
769.0	70	9711.404364650598
770.0	73	9711.562553079051
771.0	84	9711.721816344667
772.0	76	9711.882147429771
773.0	62	9712.043539362981
774.0	79	9712.205985218954
775.0	82	9712.369478118006
776.0	82	9712.534011225915
777.0	71	9712.699577753481
778.0	69	9712.866170956378
779.0	75	9713.033784134748
780.0	80	9713.202410632965
781.0	72	9713.37204383931
782.0	73	9713.54267718572
783.0	86	9713.714304147456
784.0	76	9713.886918242837
785.0	68	9714.060513032975
786.0	84	9714.235082121446
787.0	72	9714.41061915408
788.0	71	9714.587117818592
789.0	83	9714.764571844391
790.0	87	9714.942975002243
791.0	79	9715.122321104038
792.0	66	9715.302604002494
793.0	89	9715.48381759091
794.0	71	9715.665955802864
795.0	69	9715.849012611992
796.0	64	9716.032982031675
797.0	79	9716.217858114826
798.0	89	9716.403634953587
799.0	88	9716.590306679103
800.0	68	9716.777867461231
801.0	96	9716.96631150831
802.0	84	9717.15563306692
803.0	65	9717.34582642158
804.0	59	9717.536885894544
805.0	77	9717.728805845532
806.0	71	9717.921580671487
807.0	87	9718.115204806327
808.0	95	9718.309672720698
809.0	83	9718.504978921756
810.0	95	9718.701117952885
811.0	92	9718.898084393479
812.0	87	9719.095872858716
813.0	63	9719.294477999307
814.0	81	9719.493894501275
815.0	56	9719.694117085683
816.0	68	9719.895140508454
817.0	91	9720.096959560125
818.0	91	9720.299569065593
819.0	89	9720.502963883922
820.0	71	9720.707138908096
821.0	73	9720.912089064801
822.0	86	9721.117809314213
823.0	76	9721.32429464975
824.0	64	9721.531540097902
825.0	85	9721.739540717947
826.0	65	9721.948291601777
827.0	88	9722.157787873697
828.0	88	9722.368024690164
829.0	55	9722.578997239612
830.0	71	9722.790700742227
831.0	81	9723.003130449728
832.0	77	9723.216281645195
833.0	66	9723.430149642805
834.0	77	9723.644729787682
835.0	76	9723.86001745567
836.0	76	9724.076008053107
837.0	78	9724.29269701668
838.0	75	9724.510079813163
839.0	66	9724.72815193926
840.0	70	9724.946908921396
841.0	66	9725.166346315515
842.0	85	9725.386459706882
843.0	82	9725.607244709916
844.0	103	9725.828696967958
845.0	82	9726.050812153118
846.0	69	9726.273585966053
847.0	101	9726.497014135814
848.0	76	9726.72109241961
849.0	68	9726.945816602678
850.0	84	9727.171182498043
851.0	78	9727.397185946385
852.0	86	9727.623822815827
853.0	68	9727.85108900176
854.0	77	9728.078980426657
855.0	74	9728.30749303991
856.0	70	9728.536622817639
857.0	71	9728.766365762522
858.0	71	9728.996717903605
859.0	85	9729.227675296166
860.0	72	9729.45923402149
861.0	73	9729.691390186737
862.0	80	9729.924139924766
863.0	72	9730.157479393933
864.0	72	9730.39140477798
865.0	76	9730.6259122858
866.0	73	9730.86099815133
867.0	71	9731.096658633354
868.0	81	9731.332890015345
869.0	80	9731.569688605305
870.0	68	9731.80705073561
871.0	73	9732.044972762824
872.0	85	9732.283451067558
873.0	83	9732.522482054335
874.0	70	9732.762062151376
875.0	82	9733.002187810496
876.0	88	9733.242855506904
877.0	79	9733.484061739098
878.0	79	9733.725803028667
879.0	70	9733.968075920153
880.0	78	9734.210876980935
881.0	63	9734.454202800987
882.0	89	9734.698049992849
883.0	73	9734.942415191386
884.0	87	9735.18729505368
885.0	68	9735.432686258857
886.0	84	9735.678585507994
887.0	67	9735.924989523906
888.0	73	9736.17189505106
889.0	74	9736.419298855395
890.0	71	9736.6671977242
891.0	64	9736.915588465974
892.0	69	9737.164467910248
893.0	70	9737.413832907523
894.0	73	9737.663680329062
895.0	68	9737.91400706676
896.0	71	9738.164810033053
897.0	89	9738.41608616075
898.0	74	9738.66783240288
899.0	74	9738.920045732617
900.0	78	9739.172723143072
901.0	72	9739.425861647236
902.0	83	9739.679458277791
903.0	77	9739.933510087012
904.0	77	9740.18801414663
905.0	70	9740.442967547684
906.0	75	9740.698367400442
907.0	74	9740.954210834218
908.0	80	9741.210494997284
909.0	68	9741.46721705673
910.0	83	9741.724374198348
911.0	73	9741.981963626491
912.0	85	9742.239982563975
913.0	71	9742.498428251942
914.0	70	9742.757297949733
915.0	76	9743.016588934795
916.0	65	9743.276298502527
917.0	76	9743.53642396617
918.0	100	9743.796962656741
919.0	83	9744.05791192282
920.0	71	9744.31926913051
921.0	81	9744.581031663301
922.0	85	9744.843196921942
923.0	68	9745.105762324345
924.0	73	9745.368725305467
925.0	75	9745.632083317174
926.0	77	9745.895833828172
927.0	72	9746.159974323853
928.0	74	9746.424502306221
929.0	91	9746.689415293773
930.0	77	9746.954710821348
931.0	61	9747.220386440107
932.0	83	9747.486439717331
933.0	78	9747.75286823637
934.0	79	9748.019669596535
935.0	68	9748.286841412966
936.0	83	9748.554381316551
937.0	74	9748.822286953811
938.0	78	9749.090555986806
939.0	69	9749.359186093014
940.0	74	9749.62817496526
941.0	93	9749.89752031158
942.0	86	9750.167219855137
943.0	58	9750.437271334147
944.0	87	9750.707672501716
945.0	75	9750.978421125807
946.0	86	9751.249514989102
947.0	69	9751.520951888924
948.0	84	9751.792729637138
949.0	72	9752.064846060028
950.0	81	9752.337298998249
951.0	73	9752.610086306706
952.0	68	9752.883205854449
953.0	96	9753.156655524603
954.0	75	9753.430433214264
955.0	68	9753.70453683439
956.0	71	9753.978964309765
957.0	73	9754.25371357882
958.0	72	9754.528782593643
959.0	83	9754.804169319805
960.0	76	9755.07987173631
961.0	79	9755.355887835507
962.0	81	9755.632215623009
963.0	64	9755.908853117558
964.0	64	9756.185798351005
965.0	79	9756.463049368176
966.0	81	9756.740604226805
967.0	70	9757.018460997444
968.0	69	9757.296617763379
969.0	69	9757.575072620559
970.0	80	9757.853823677471
971.0	64	9758.132869055127
972.0	86	9758.412206886915
973.0	69	9758.691835318534
974.0	66	9758.971752507947
975.0	69	9759.251956625261
976.0	78	9759.532445852672
977.0	80	9759.813218384352
978.0	65	9760.094272426424
979.0	75	9760.375606196816
980.0	83	9760.657217925249
981.0	67	9760.939105853106
982.0	70	9761.2212682334
983.0	77	9761.503703330653
984.0	80	9761.786409420836
985.0	67	9762.06938479135
986.0	47	9762.352627740835
987.0	80	9762.6361365792
988.0	81	9762.919909627502
989.0	72	9763.203945217872
990.0	94	9763.488241693463
991.0	91	9763.772797408341
992.0	68	9764.057610727472
993.0	76	9764.342680026577
994.0	75	9764.62800369212
995.0	73	9764.913580121209
996.0	74	9765.19940772153
997.0	91	9765.485484911298
998.0	71	9765.771810119126
999.0	81	9766.058381784043
1000.0	75	9766.345198355353
1001.0	77	9766.632258292622
1002.0	82	9766.919560065562
1003.0	74	9767.207102153992
1004.0	81	9767.494883047764
1005.0	66	9767.782901246692
1006.0	83	9768.07115526051
1007.0	58	9768.359643608777
1008.0	72	9768.64836482083
1009.0	72	9768.9373174357
1010.0	73	9769.226500002082
1011.0	68	9769.515911078215
1012.0	72	9769.805549231909
1013.0	73	9770.09541304038
1014.0	80	9770.385501090255
1015.0	78	9770.675811977491
1016.0	59	9770.96634430731
1017.0	71	9771.257096694142
1018.0	55	9771.548067761554
1019.0	64	9771.839256142224
1020.0	84	9772.130660477818
1021.0	92	9772.422279418995
1022.0	77	9772.714111625319
1023.0	79	9773.006155765193
1024.0	81	9773.298410515816
1025.0	75	9773.59087456311
1026.0	76	9773.883546601688
1027.0	73	9774.176425334757
1028.0	88	9774.469509474115
1029.0	76	9774.762797740023
1030.0	73	9775.056288861231
1031.0	65	9775.349981574846
1032.0	90	9775.64387462634
1033.0	67	9775.937966769432
1034.0	85	9776.23225676611
1035.0	72	9776.52674338651
1036.0	94	9776.82142540888
1037.0	80	9777.116301619537
1038.0	79	9777.411370812839
1039.0	87	9777.706631791054
1040.0	74	9778.002083364398
1041.0	67	9778.297724350907
1042.0	80	9778.593553576444
1043.0	83	9778.88956987462
1044.0	78	9779.185772086732
1045.0	59	9779.482159061741
1046.0	70	9779.778729656195
1047.0	76	9780.075482734195
1048.0	72	9780.372417167342
1049.0	89	9780.669531834685
1050.0	71	9780.966825622661
1051.0	69	9781.264297425087
1052.0	76	9781.561946143052
1053.0	70	9781.859770684912
1054.0	78	9782.157769966228
1055.0	78	9782.455942909724
1056.0	81	9782.754288445234
1057.0	94	9783.052805509647
1058.0	86	9783.351493046885
1059.0	83	9783.650350007829
1060.0	70	9783.949375350296
1061.0	85	9784.248568038971
1062.0	78	9784.547927045392
1063.0	71	9784.847451347861
1064.0	74	9785.147139931449
1065.0	57	9785.446991787909
1066.0	59	9785.747005915675
1067.0	96	9786.047181319755
1068.0	69	9786.347517011754
1069.0	82	9786.648012009799
1070.0	73	9786.94866533849
1071.0	73	9787.249476028865
1072.0	85	9787.550443118378
1073.0	73	9787.851565650815
1074.0	66	9788.152842676292
1075.0	76	9788.454273251185
1076.0	73	9788.755856438089
1077.0	89	9789.057591305813
1078.0	71	9789.3594769293
1079.0	74	9789.661512389599
1080.0	86	9789.963696773833
1081.0	92	9790.266029175142
1082.0	66	9790.568508692657
1083.0	71	9790.871134431458
1084.0	80	9791.173905502535
1085.0	78	9791.476821022743
1086.0	83	9791.779880114767
1087.0	77	9792.0830819071
1088.0	67	9792.38642553395
1089.0	72	9792.689910135281
1090.0	79	9792.993534856718
1091.0	83	9793.297298849531
1092.0	84	9793.601201270585
1093.0	83	9793.90524128233
1094.0	71	9794.209418052715
1095.0	60	9794.513730755209
1096.0	81	9794.818178568727
1097.0	80	9795.122760677612
1098.0	71	9795.42747627158
1099.0	69	9795.732324545712
1100.0	84	9796.037304700392
1101.0	64	9796.34241594129
1102.0	67	9796.647657479309
1103.0	92	9796.953028530575
1104.0	72	9797.258528316384
1105.0	77	9797.56415606317
1106.0	70	9797.869911002492
1107.0	72	9798.175792370947
1108.0	79	9798.481799410207
1109.0	71	9798.787931366944
1110.0	85	9799.09418749277
1111.0	73	9799.400567044298
1112.0	80	9799.707069283006
1113.0	65	9800.01369347526
1114.0	58	9800.320438892262
1115.0	90	9800.627304810047
1116.0	78	9800.934290509393
1117.0	75	9801.241395275872
1118.0	72	9801.54861839975
1119.0	90	9801.855959175966
1120.0	76	9802.16341690414
1121.0	81	9802.470990888503
1122.0	88	9802.778680437874
1123.0	70	9803.086484865657
1124.0	84	9803.394403489774
1125.0	93	9803.70243563265
1126.0	72	9804.010580621189
1127.0	76	9804.318837786725
1128.0	107	9804.62720646504
1129.0	54	9804.935685996277
1130.0	86	9805.244275724934
1131.0	90	9805.552974999844
1132.0	79	9805.861783174134
1133.0	80	9806.170699605227
1134.0	81	9806.479723654753
1135.0	78	9806.788854688586
1136.0	68	9807.098092076769
1137.0	73	9807.407435193507
1138.0	74	9807.716883417146
1139.0	79	9808.026436130145
1140.0	75	9808.336092719012
1141.0	79	9808.645852574324
1142.0	74	9808.955715090686
1143.0	78	9809.265679666689
1144.0	81	9809.575745704917
1145.0	69	9809.885912611864
1146.0	76	9810.196179797978
1147.0	77	9810.506546677578
1148.0	92	9810.817012668851
1149.0	79	9811.127577193856
1150.0	75	9811.43823967842
1151.0	82	9811.748999552197
1152.0	88	9812.05985624861
1153.0	62	9812.370809204787
1154.0	84	9812.68185786161
1155.0	83	9812.993001663639
1156.0	67	9813.304240059102
1157.0	81	9813.615572499877
1158.0	76	9813.926998441446
1159.0	61	9814.238517342901
1160.0	81	9814.550128666919
1161.0	61	9814.861831879687
1162.0	78	9815.173626450947
1163.0	78	9815.485511853945
1164.0	76	9815.797487565389
1165.0	66	9816.109553065447
1166.0	72	9816.42170783772
1167.0	78	9816.733951369239
1168.0	78	9817.046283150386
1169.0	80	9817.35870267494
1170.0	79	9817.671209440017
1171.0	91	9817.98380294604
1172.0	70	9818.296482696738
1173.0	73	9818.609248199135
1174.0	60	9818.922098963485
1175.0	63	9819.235034503288
1176.0	76	9819.548054335259
1177.0	77	9819.86115797931
1178.0	75	9820.174344958505
1179.0	61	9820.487614799074
1180.0	86	9820.800967030365
1181.0	82	9821.114401184857
1182.0	78	9821.427916798082
1183.0	81	9821.741513408673
1184.0	70	9822.055190558292
1185.0	88	9822.368947791632
1186.0	73	9822.682784656385
1187.0	60	9822.996700703257
1188.0	80	9823.31069548589
1189.0	69	9823.624768560889
1190.0	74	9823.938919487791
1191.0	78	9824.253147829028
1192.0	92	9824.567453149944
1193.0	85	9824.88183501874
1194.0	68	9825.19629300646
1195.0	66	9825.510826687007
1196.0	76	9825.82543563707
1197.0	87	9826.140119436168
1198.0	97	9826.45487766655
1199.0	75	9826.76970991327
1200.0	76	9827.084615764104
1201.0	68	9827.399594809556
1202.0	77	9827.71464664281
1203.0	66	9828.029770859786
1204.0	97	9828.344967059022
1205.0	82	9828.660234841744
1206.0	84	9828.975573811796
1207.0	77	9829.290983575638
1208.0	75	9829.606463742348
1209.0	50	9829.922013923557
1210.0	66	9830.237633733479
1211.0	59	9830.553322788886
1212.0	86	9830.869080709059
1213.0	81	9831.184907115812
1214.0	85	9831.500801633445
1215.0	78	9831.816763888752
1216.0	73	9832.132793510977
1217.0	85	9832.448890131831
1218.0	79	9832.765053385443
1219.0	78	9833.081282908366
1220.0	66	9833.397578339569
1221.0	73	9833.713939320362
1222.0	74	9834.030365494476
1223.0	88	9834.346856507964
1224.0	88	9834.663412009233
1225.0	79	9834.980031649
1226.0	72	9835.2967150803
1227.0	91	9835.613461958452
1228.0	63	9835.930271941059
1229.0	81	9836.247144687983
1230.0	81	9836.56407986134
1231.0	77	9836.88107712547
1232.0	79	9837.198136146926
1233.0	80	9837.51525659448
1234.0	87	9837.832438139074
1235.0	75	9838.149680453853
1236.0	81	9838.466983214084
1237.0	91	9838.784346097204
1238.0	70	9839.101768782775
1239.0	79	9839.419250952487
1240.0	71	9839.736792290105
1241.0	70	9840.054392481512
1242.0	71	9840.372051214661
1243.0	72	9840.689768179553
1244.0	88	9841.007543068252
1245.0	88	9841.325375574852
1246.0	73	9841.643265395463
1247.0	74	9841.961212228216
1248.0	80	9842.279215773215
1249.0	71	9842.597275732578
1250.0	83	9842.915391810357
1251.0	63	9843.233563712587
1252.0	76	9843.55179114722
1253.0	86	9843.87007382416
1254.0	78	9844.188411455227
1255.0	72	9844.506803754131
1256.0	81	9844.82525043648
1257.0	80	9845.143751219764
1258.0	72	9845.462305823341
1259.0	59	9845.780913968432
1260.0	73	9846.099575378068
1261.0	77	9846.418289777152
1262.0	67	9846.737056892374
1263.0	71	9847.055876452247
1264.0	90	9847.37474818706
1265.0	84	9847.693671828923
1266.0	86	9848.012647111676
1267.0	85	9848.331673770926
1268.0	77	9848.650751544055
1269.0	83	9848.969880170138
1270.0	80	9849.289059390014
1271.0	82	9849.608288946212
1272.0	73	9849.927568582963
1273.0	72	9850.246898046209
1274.0	74	9850.566277083546
1275.0	81	9850.885705444254
1276.0	86	9851.205182879257
1277.0	73	9851.524709141142
1278.0	87	9851.844283984114
1279.0	75	9852.163907164017
1280.0	60	9852.483578438312
1281.0	81	9852.803297566044
1282.0	72	9853.123064307867
1283.0	77	9853.442878426007
1284.0	66	9853.762739684276
1285.0	78	9854.082647848027
1286.0	74	9854.402602684173
1287.0	70	9854.722603961183
1288.0	76	9855.042651449041
1289.0	78	9855.36274491925
1290.0	78	9855.682884144822
1291.0	91	9856.003068900289
1292.0	75	9856.323298961652
1293.0	80	9856.643574106398
1294.0	83	9856.963894113498
1295.0	82	9857.284258763368
1296.0	76	9857.604667837879
1297.0	83	9857.925121120357
1298.0	91	9858.245618395542
1299.0	73	9858.566159449614
1300.0	72	9858.886744070154
1301.0	93	9859.207372046158
1302.0	85	9859.528043167997
1303.0	78	9859.848757227455
1304.0	70	9860.16951401768
1305.0	94	9860.490313333185
1306.0	80	9860.811154969844
1307.0	74	9861.132038724885
1308.0	73	9861.452964396878
1309.0	75	9861.773931785707
1310.0	65	9862.0949406926
1311.0	85	9862.415990920097
1312.0	80	9862.737082272039
1313.0	86	9863.058214553555
1314.0	73	9863.37938757108
1315.0	76	9863.700601132312
1316.0	71	9864.021855046243
1317.0	83	9864.343149123102
1318.0	83	9864.664483174394
1319.0	69	9864.985857012862
1320.0	77	9865.307270452486
1321.0	89	9865.628723308482
1322.0	76	9865.950215397275
1323.0	77	9866.271746536524
1324.0	79	9866.593316545079
1325.0	76	9866.914925242996
1326.0	60	9867.236572451515
1327.0	70	9867.55825799306
1328.0	88	9867.87998169123
1329.0	62	9868.20174337081
1330.0	79	9868.523542857694
1331.0	71	9868.845379978984
1332.0	75	9869.167254562897
1333.0	74	9869.489166438785
1334.0	84	9869.811115437135
1335.0	82	9870.133101389556
1336.0	58	9870.455124128777
1337.0	85	9870.777183488615
1338.0	88	9871.099279304
1339.0	77	9871.421411410955
1340.0	76	9871.743579646583
1341.0	69	9872.065783849072
1342.0	78	9872.388023857666
1343.0	82	9872.710299512684
1344.0	63	9873.0326106555
1345.0	72	9873.354957128542
1346.0	84	9873.677338775266
1347.0	77	9873.999755440176
1348.0	77	9874.322206968798
1349.0	81	9874.64469320769
1350.0	88	9874.96721400442
1351.0	89	9875.28976920756
1352.0	75	9875.612358666694
1353.0	69	9875.934982232377
1354.0	74	9876.257639756197
1355.0	70	9876.580331090683
1356.0	91	9876.90305608935
1357.0	67	9877.225814606698
1358.0	85	9877.548606498176
1359.0	69	9877.8714316202
1360.0	72	9878.194289830111
1361.0	59	9878.517180986224
1362.0	66	9878.840104947794
1363.0	66	9879.163061574965
1364.0	65	9879.486050728867
1365.0	77	9879.809072271491
1366.0	72	9880.132126065773
1367.0	70	9880.455211975572
1368.0	73	9880.778329865605
1369.0	84	9881.101479601513
1370.0	75	9881.424661049818
1371.0	79	9881.747874077944
1372.0	84	9882.071118554153
1373.0	85	9882.394394347624
1374.0	76	9882.717701328358
1375.0	79	9883.041039367268
1376.0	62	9883.364408336069
1377.0	84	9883.687808107356
1378.0	78	9884.011238554564
1379.0	65	9884.334699551962
1380.0	69	9884.658190974647
1381.0	62	9884.981712698565
1382.0	67	9885.305264600443
1383.0	78	9885.628846557867
1384.0	69	9885.952458449206
1385.0	92	9886.276100153642
1386.0	67	9886.59977155116
1387.0	88	9886.92347252253
1388.0	79	9887.247202949331
1389.0	74	9887.570962713917
1390.0	66	9887.894751699401
1391.0	70	9888.218569789708
1392.0	70	9888.542416869492
1393.0	81	9888.8662928242
1394.0	87	9889.19019754003
1395.0	85	9889.514130903935
1396.0	71	9889.838092803604
1397.0	77	9890.162083127481
1398.0	80	9890.48610176475
1399.0	77	9890.810148605335
1400.0	65	9891.13422353986
1401.0	75	9891.45832645971
1402.0	62	9891.782457256977
1403.0	77	9892.106615824443
1404.0	76	9892.430802055651
1405.0	65	9892.755015844788
1406.0	66	9893.0792570868
1407.0	77	9893.40352567729
1408.0	79	9893.727821512577
1409.0	69	9894.052144489642
1410.0	70	9894.376494506172
1411.0	66	9894.70087146052
1412.0	74	9895.02527525171
1413.0	79	9895.349705779454
1414.0	75	9895.67416294409
1415.0	75	9895.99864664666
1416.0	70	9896.323156788843
1417.0	77	9896.647693272955
1418.0	70	9896.972256001989
1419.0	83	9897.296844879558
1420.0	78	9897.62145980992
1421.0	66	9897.94610069798
1422.0	76	9898.270767449245
1423.0	67	9898.595459969878
1424.0	69	9898.920178166652
1425.0	93	9899.244921946949
1426.0	69	9899.569691218778
1427.0	55	9899.89448589076
1428.0	78	9900.219305872104
1429.0	81	9900.54415107264
1430.0	77	9900.869021402787
1431.0	75	9901.193916773553
1432.0	62	9901.518837096548
1433.0	69	9901.84378228396
1434.0	82	9902.16875224855
1435.0	69	9902.493746903696
1436.0	67	9902.818766163304
1437.0	77	9903.143809941863
1438.0	85	9903.468878154452
1439.0	72	9903.793970716693
1440.0	78	9904.119087544761
1441.0	89	9904.444228555407
1442.0	72	9904.76939366593
1443.0	81	9905.094582794163
1444.0	78	9905.419795858501
1445.0	80	9905.745032777862
1446.0	64	9906.070293471717
1447.0	78	9906.395577860065
1448.0	73	9906.720885863455
1449.0	89	9907.046217402914
1450.0	86	9907.371572400054
1451.0	95	9907.696950776966
1452.0	65	9908.022352456259
1453.0	69	9908.347777361072
1454.0	68	9908.673225415052
1455.0	79	9908.998696542354
1456.0	75	9909.324190667618
1457.0	72	9909.649707716002
1458.0	81	9909.975247613162
1459.0	84	9910.300810285224
1460.0	80	9910.626395658832
1461.0	70	9910.952003661114
1462.0	82	9911.27763421966
1463.0	90	9911.603287262558
1464.0	55	9911.928962718373
1465.0	78	9912.254660516135
1466.0	92	9912.58038058535
1467.0	64	9912.906122856002
1468.0	77	9913.231887258531
1469.0	61	9913.557673723823
1470.0	69	9913.883482183252
1471.0	72	9914.209312568628
1472.0	82	9914.535164812218
1473.0	71	9914.86103884675
1474.0	82	9915.186934605379
1475.0	77	9915.512852021726
1476.0	87	9915.838791029824
1477.0	88	9916.164751564169
1478.0	77	9916.490733559687
1479.0	73	9916.81673695173
1480.0	60	9917.142761676085
1481.0	76	9917.468807668967
1482.0	75	9917.794874866999
1483.0	98	9918.120963207242
1484.0	69	9918.447072627167
1485.0	92	9918.773203064675
1486.0	71	9919.09935445806
1487.0	83	9919.42552674603
1488.0	67	9919.751719867712
1489.0	79	9920.077933762625
1490.0	76	9920.404168370691
1491.0	82	9920.73042363224
1492.0	79	9921.056699488003
1493.0	95	9921.382995879074
1494.0	88	9921.709312746976
1495.0	73	9922.03565003359
1496.0	79	9922.362007681217
1497.0	93	9922.688385632502
1498.0	86	9923.014783830511
1499.0	79	9923.341202218657
1500.0	64	9923.667640740741
1501.0	71	9923.994099340936
1502.0	78	9924.320577963797
1503.0	67	9924.647076554229
1504.0	73	9924.973595057527
1505.0	74	9925.300133419327
1506.0	88	9925.626691585625
1507.0	79	9925.953269502808
1508.0	59	9926.279867117577
1509.0	66	9926.606484377025
1510.0	77	9926.933121228576
1511.0	82	9927.259777620007
1512.0	76	9927.586453499433
1513.0	82	9927.913148815347
1514.0	73	9928.239863516548
1515.0	81	9928.566597552186
1516.0	69	9928.893350871767
1517.0	86	9929.220123425112
1518.0	81	9929.546915162384
1519.0	79	9929.87372603407
1520.0	79	9930.200555991018
1521.0	66	9930.527404984352
1522.0	52	9930.854272965558
1523.0	71	9931.181159886437
1524.0	82	9931.508065699098
1525.0	75	9931.834990356005
1526.0	81	9932.161933809895
1527.0	81	9932.48889601383
1528.0	73	9932.815876921211
1529.0	79	9933.142876485714
1530.0	75	9933.469894661355
1531.0	78	9933.796931402441
1532.0	83	9934.12398666357
1533.0	82	9934.451060399662
1534.0	77	9934.778152565941
1535.0	87	9935.105263117905
1536.0	76	9935.432392011371
1537.0	74	9935.759539202452
1538.0	69	9936.086704647525
1539.0	72	9936.413888303281
1540.0	76	9936.741090126718
1541.0	64	9937.068310075065
1542.0	62	9937.395548105886
1543.0	73	9937.722804177003
1544.0	70	9938.050078246542
1545.0	81	9938.377370272881
1546.0	74	9938.704680214683
1547.0	66	9939.032008030903
1548.0	64	9939.359353680746
1549.0	65	9939.686717123708
1550.0	73	9940.01409831955
1551.0	90	9940.341497228292
1552.0	77	9940.668913810228
1553.0	70	9940.996348025921
1554.0	71	9941.323799836182
1555.0	56	9941.651269202113
1556.0	75	9941.978756085036
1557.0	73	9942.306260446567
1558.0	79	9942.633782248555
1559.0	71	9942.961321453111
1560.0	76	9943.288878022606
1561.0	80	9943.61645191964
1562.0	78	9943.944043107087
1563.0	88	9944.271651548062
1564.0	81	9944.599277205923
1565.0	76	9944.926920044265
1566.0	83	9945.254580026942
1567.0	77	9945.582257118036
1568.0	79	9945.90995128188
1569.0	77	9946.237662483041
1570.0	89	9946.56539068631
1571.0	72	9946.89313585673
1572.0	76	9947.22089795958
1573.0	74	9947.548676960347
1574.0	85	9947.876472824779
1575.0	78	9948.204285518828
1576.0	88	9948.532115008695
1577.0	81	9948.859961260776
1578.0	79	9949.187824241732
1579.0	72	9949.515703918407
1580.0	75	9949.843600257902
1581.0	78	9950.1715132275
1582.0	71	9950.499442794753
1583.0	83	9950.827388927375
1584.0	68	9951.155351593337
1585.0	61	9951.483330760802
1586.0	77	9951.811326398152
1587.0	71	9952.139338473984
1588.0	81	9952.467366957108
1589.0	75	9952.795411816522
1590.0	70	9953.123473021458
1591.0	80	9953.45155054134
1592.0	67	9953.779644345796
1593.0	69	9954.10775440466
1594.0	74	9954.435880687965
1595.0	80	9954.764023165955
1596.0	73	9955.09218180906
1597.0	55	9955.42035658791
1598.0	81	9955.74854747334
1599.0	94	9956.076754436375
1600.0	72	9956.404977448237
1601.0	83	9956.733216480336
1602.0	75	9957.061471504272
1603.0	72	9957.38974249184
1604.0	88	9957.71802941502
1605.0	72	9958.04633224599
1606.0	85	9958.3746509571
1607.0	79	9958.70298552089
1608.0	79	9959.031335910098
1609.0	75	9959.35970209762
1610.0	69	9959.688084056546
1611.0	91	9960.016481760164
1612.0	96	9960.344895181901
1613.0	86	9960.67332429539
1614.0	66	9961.001769074453
1615.0	80	9961.330229493044
1616.0	68	9961.658705525337
1617.0	75	9961.987197145663
1618.0	75	9962.315704328512
1619.0	92	9962.644227048548
1620.0	69	9962.972765280625
1621.0	71	9963.30131899975
1622.0	82	9963.6298881811
1623.0	85	9963.958472800023
1624.0	89	9964.287072832027
1625.0	98	9964.615688252792
1626.0	65	9964.944319038139
1627.0	90	9965.272965164082
1628.0	88	9965.601626606784
1629.0	95	9965.930303342559
1630.0	85	9966.258995347891
1631.0	90	9966.587702599421
1632.0	55	9966.916425073932
1633.0	76	9967.245162748392
1634.0	69	9967.573915599887
1635.0	68	9967.902683605702
1636.0	80	9968.23146674323
1637.0	73	9968.560264990048
1638.0	85	9968.889078323862
1639.0	90	9969.21790672255
1640.0	84	9969.546750164116
1641.0	77	9969.875608626726
1642.0	84	9970.204482088679
1643.0	93	9970.533370528445
1644.0	79	9970.862273924622
1645.0	87	9971.191192255954
1646.0	77	9971.52012550131
1647.0	65	9971.849073639749
1648.0	72	9972.178036650419
1649.0	75	9972.507014512652
1650.0	59	9972.836007205877
1651.0	87	9973.165014709683
1652.0	79	9973.494037003811
1653.0	91	9973.823074068112
1654.0	90	9974.152125882598
1655.0	90	9974.481192427389
1656.0	78	9974.810273682748
1657.0	95	9975.139369629092
1658.0	85	9975.468480246942
1659.0	71	9975.797605516962
1660.0	72	9976.12674541995
1661.0	84	9976.455899936826
1662.0	75	9976.785069048647
1663.0	67	9977.114252736586
1664.0	88	9977.443450981955
1665.0	70	9977.772663766182
1666.0	77	9978.101891070835
1667.0	83	9978.43113287759
1668.0	77	9978.760389168256
1669.0	80	9979.08965992476
1670.0	57	9979.418945129155
1671.0	65	9979.748244763621
1672.0	93	9980.077558810435
1673.0	83	9980.406887252024
1674.0	68	9980.736230070916
1675.0	87	9981.065587249763
1676.0	65	9981.394958771329
1677.0	83	9981.724344618486
1678.0	74	9982.053744774259
1679.0	68	9982.383159221756
1680.0	92	9982.712587944186
1681.0	75	9983.042030924911
1682.0	65	9983.371488147379
1683.0	70	9983.700959595157
1684.0	86	9984.030445251925
1685.0	83	9984.359945101462
1686.0	79	9984.689459127692
1687.0	64	9985.0189873146
1688.0	97	9985.348529646304
1689.0	85	9985.678086107035
1690.0	86	9986.007656681117
1691.0	66	9986.33724135299
1692.0	81	9986.6668401072
1693.0	81	9986.996452928384
1694.0	73	9987.326079801305
1695.0	79	9987.655720710818
1696.0	100	9987.985375641867
1697.0	78	9988.315044579515
1698.0	71	9988.64472750893
1699.0	82	9988.974424415377
1700.0	64	9989.30413528421
1701.0	73	9989.633860100885
1702.0	68	9989.963598850976
1703.0	74	9990.293351520124
1704.0	68	9990.6231180941
1705.0	80	9990.952898558751
1706.0	84	9991.282692900028
1707.0	78	9991.612501103962
1708.0	91	9991.942323156709
1709.0	81	9992.272159044483
1710.0	67	9992.602008753638
1711.0	73	9992.931872270565
1712.0	81	9993.2617495818
1713.0	67	9993.591640673932
1714.0	70	9993.921545533654
1715.0	87	9994.251464147772
1716.0	81	9994.581396503138
1717.0	75	9994.911342586736
1718.0	78	9995.241302385608
1719.0	81	9995.571275886905
1720.0	90	9995.901263077849
1721.0	70	9996.231263945765
1722.0	83	9996.56127847805
1723.0	82	9996.891306662195
1724.0	77	9997.221348485786
1725.0	80	9997.551403936466
1726.0	77	9997.881473001991
1727.0	89	9998.211555670183
1728.0	66	9998.54165192895
1729.0	82	9998.871761766288
1730.0	62	9999.201885170285
1731.0	77	9999.532022129082
1732.0	81	9999.862172630923
1733.0	91	10000.192336664128
1734.0	70	10000.522514217095
1735.0	74	10000.852705278296
1736.0	62	10001.182909836289
1737.0	74	10001.513127879718
1738.0	71	10001.84335939729
1739.0	78	10002.173604377796
1740.0	79	10002.503862810103
1741.0	84	10002.83413468315
1742.0	75	10003.164419985955
1743.0	76	10003.494718707623
1744.0	72	10003.825030837308
1745.0	82	10004.15535636427
1746.0	58	10004.485695277806
1747.0	71	10004.816047567327
1748.0	84	10005.146413222292
1749.0	85	10005.47679223222
1750.0	85	10005.807184586743
1751.0	89	10006.137590275514
1752.0	75	10006.4680092883
1753.0	73	10006.798441614928
1754.0	65	10007.128887245262
1755.0	75	10007.459346169286
1756.0	76	10007.789818377021
1757.0	75	10008.120303858566
1758.0	73	10008.450802604082
1759.0	75	10008.781314603795
1760.0	83	10009.111839848032
1761.0	81	10009.442378327138
1762.0	84	10009.772930031546
1763.0	75	10010.103494951769
1764.0	87	10010.43407307836
1765.0	79	10010.764664401966
1766.0	81	10011.095268913265
1767.0	79	10011.425886603023
1768.0	83	10011.756517462063
1769.0	84	10012.087161481275
1770.0	64	10012.4178186516
1771.0	55	10012.748488964058
1772.0	76	10013.07917240972
1773.0	81	10013.409868979723
1774.0	84	10013.740578665263
1775.0	88	10014.071301457592
1776.0	99	10014.402037348042
1777.0	90	10014.732786327977
1778.0	76	10015.06354838885
1779.0	83	10015.394323522156
1780.0	72	10015.725111719437
1781.0	78	10016.05591297232
1782.0	74	10016.38672727248
1783.0	66	10016.717554611643
1784.0	86	10017.048394981604
1785.0	75	10017.3792483742
1786.0	78	10017.71011478134
1787.0	86	10018.040994194975
1788.0	73	10018.371886607125
1789.0	100	10018.702792009868
1790.0	73	10019.033710395304
1791.0	76	10019.36464175564
1792.0	82	10019.695586083097
1793.0	76	10020.026543369968
1794.0	81	10020.35751360859
1795.0	69	10020.68849679136
1796.0	109	10021.019492910727
1797.0	86	10021.35050195919
1798.0	70	10021.68152392931
1799.0	80	10022.01255881368
1800.0	67	10022.343606604969
1801.0	85	10022.67466729587
1802.0	77	10023.00574087917
1803.0	77	10023.33682734765
1804.0	70	10023.667926694181
1805.0	70	10023.99903891168
1806.0	93	10024.330163993094
1807.0	90	10024.661301931435
1808.0	87	10024.992452719769
1809.0	87	10025.323616351196
1810.0	92	10025.654792818863
1811.0	80	10025.98598211599
1812.0	77	10026.317184235819
1813.0	66	10026.648399171647
1814.0	76	10026.979626916816
1815.0	84	10027.31086746473
1816.0	74	10027.64212080881
1817.0	72	10027.973386942554
1818.0	96	10028.30466585949
1819.0	81	10028.635957553179
1820.0	73	10028.96726201726
1821.0	83	10029.298579245396
1822.0	70	10029.629909231287
1823.0	92	10029.961251968694
1824.0	80	10030.292607451425
1825.0	80	10030.623975673307
1826.0	78	10030.955356628234
1827.0	77	10031.286750310128
1828.0	67	10031.61815671297
1829.0	75	10031.949575830773
1830.0	74	10032.281007657593
1831.0	78	10032.612452187524
1832.0	74	10032.943909414715
1833.0	76	10033.275379333343
1834.0	64	10033.606861937631
1835.0	97	10033.938357221841
1836.0	93	10034.269865180286
1837.0	65	10034.601385807311
1838.0	79	10034.932919097299
1839.0	68	10035.264465044664
1840.0	79	10035.59602364389
1841.0	68	10035.92759488947
1842.0	86	10036.259178775961
1843.0	85	10036.59077529793
1844.0	70	10036.922384449997
1845.0	87	10037.254006226836
1846.0	81	10037.58564062313
1847.0	76	10037.917287633623
1848.0	87	10038.248947253092
1849.0	67	10038.58061947633
1850.0	74	10038.912304298201
1851.0	76	10039.244001713583
1852.0	80	10039.575711717398
1853.0	63	10039.907434304603
1854.0	85	10040.239169470182
1855.0	71	10040.570917209176
1856.0	107	10040.902677516651
1857.0	72	10041.234450387694
1858.0	98	10041.566235817447
1859.0	99	10041.898033801092
1860.0	73	10042.229844333813
1861.0	79	10042.561667410866
1862.0	75	10042.89350302751
1863.0	84	10043.225351179059
1864.0	80	10043.557211860862
1865.0	83	10043.889085068284
1866.0	80	10044.220970796738
1867.0	91	10044.552869041667
1868.0	79	10044.884779798538
1869.0	67	10045.216703062864
1870.0	94	10045.54863883018
1871.0	76	10045.880587096068
1872.0	61	10046.212547856125
1873.0	89	10046.544521105987
1874.0	78	10046.87650684132
1875.0	66	10047.208505057819
1876.0	76	10047.540515751221
1877.0	83	10047.872538917287
1878.0	77	10048.204574551806
1879.0	87	10048.5366226506
1880.0	86	10048.868683209528
1881.0	79	10049.200756224463
1882.0	77	10049.532841691322
1883.0	85	10049.86493960605
1884.0	63	10050.197049964623
1885.0	85	10050.52917276304
1886.0	89	10050.861307997322
1887.0	65	10051.193455663537
1888.0	107	10051.525615757784
1889.0	69	10051.857788276156
1890.0	79	10052.189973214825
1891.0	78	10052.522170569955
1892.0	80	10052.854380337745
1893.0	76	10053.186602514425
1894.0	62	10053.518837096268
1895.0	86	10053.851084079535
1896.0	60	10054.183343460554
1897.0	78	10054.515615235665
1898.0	82	10054.847899401233
1899.0	78	10055.180195953646
1900.0	84	10055.512504889331
1901.0	86	10055.844826204739
1902.0	87	10056.177159896337
1903.0	64	10056.509505960625
1904.0	78	10056.841864394124
1905.0	69	10057.174235193397
1906.0	73	10057.50661835501
1907.0	68	10057.839013875573
1908.0	79	10058.171421751698
1909.0	76	10058.503841980057
1910.0	66	10058.836274557318
1911.0	78	10059.168719480185
1912.0	76	10059.50117674538
1913.0	70	10059.833646349654
1914.0	74	10060.16612828979
1915.0	79	10060.498622562582
1916.0	86	10060.831129164855
1917.0	72	10061.163648093467
1918.0	66	10061.496179345266
1919.0	82	10061.828722917164
1920.0	84	10062.161278806077
1921.0	82	10062.493847008938
1922.0	93	10062.826427522708
1923.0	82	10063.159020344396
1924.0	69	10063.491625470988
1925.0	92	10063.824242899525
1926.0	77	10064.156872627074
1927.0	91	10064.489514650684
1928.0	61	10064.822168967483
1929.0	63	10065.15483557457
1930.0	86	10065.487514469098
1931.0	72	10065.820205648226
1932.0	82	10066.152909109149
1933.0	81	10066.485624849072
1934.0	78	10066.818352865217
1935.0	89	10067.151093154846
1936.0	80	10067.483845715216
1937.0	73	10067.816610543625
1938.0	82	10068.149387637384
1939.0	70	10068.482176993828
1940.0	86	10068.81497861031
1941.0	79	10069.1477924842
1942.0	67	10069.4806186129
1943.0	83	10069.813456993817
1944.0	79	10070.14630762439
1945.0	69	10070.479170502069
1946.0	84	10070.812045624327
1947.0	85	10071.144932988658
1948.0	82	10071.477832592576
1949.0	83	10071.810744433607
1950.0	70	10072.143668509318
1951.0	83	10072.476604817246
1952.0	80	10072.809553355013
1953.0	79	10073.142514120209
1954.0	92	10073.475487110463
1955.0	88	10073.808472323419
1956.0	90	10074.141469756745
1957.0	85	10074.474479408107
1958.0	81	10074.807501275232
1959.0	56	10075.140535355804
1960.0	78	10075.473581647575
1961.0	76	10075.806640148308
1962.0	66	10076.139710855754
1963.0	81	10076.472793767714
1964.0	101	10076.805888881989
1965.0	78	10077.138996196396
1966.0	69	10077.472115708786
1967.0	90	10077.805247417013
1968.0	91	10078.138391318957
1969.0	81	10078.47154741249
1970.0	85	10078.804715695534
1971.0	84	10079.137896166018
1972.0	85	10079.471088821865
1973.0	58	10079.804293661047
1974.0	74	10080.137510681545
1975.0	79	10080.470739881324
1976.0	65	10080.803981258408
1977.0	98	10081.137234810822
1978.0	79	10081.47050053659
1979.0	90	10081.80377843378
1980.0	86	10082.137068500457
1981.0	87	10082.470370734698
1982.0	96	10082.803685134613
1983.0	83	10083.137011698314
1984.0	92	10083.470350423935
1985.0	81	10083.803701309615
1986.0	85	10084.137064353516
1987.0	77	10084.470439553825
1988.0	71	10084.803826908732
1989.0	82	10085.137226416433
1990.0	68	10085.470638075165
1991.0	68	10085.804061883133
1992.0	87	10086.137497838621
1993.0	84	10086.470945939884
1994.0	93	10086.804406185182
1995.0	73	10087.137878572827
1996.0	109	10087.471363101118
1997.0	72	10087.80485976838
1998.0	77	10088.138368572947
1999.0	77	10088.471889513166
2000.0	75	10088.805422587393
2001.0	73	10089.138967794026
2002.0	80	10089.472525131427
2003.0	70	10089.80609459802
2004.0	84	10090.13967619221
2005.0	82	10090.47326991243
2006.0	70	10090.806875757127
2007.0	68	10091.140493724755
2008.0	67	10091.474123813774
2009.0	53	10091.80776602268
2010.0	84	10092.14142034996
2011.0	80	10092.475086794126
2012.0	62	10092.808765353693
2013.0	87	10093.1424560272
2014.0	82	10093.476158813186
2015.0	77	10093.809873710215
2016.0	84	10094.143600716858
2017.0	74	10094.477339831692
2018.0	72	10094.81109105331
2019.0	78	10095.14485438034
2020.0	70	10095.478629811369
2021.0	84	10095.812417345056
2022.0	87	10096.14621698002
2023.0	73	10096.480028714937
2024.0	78	10096.813852548461
2025.0	80	10097.147688479277
2026.0	86	10097.481536506071
2027.0	67	10097.815396627542
2028.0	77	10098.149268842408
2029.0	78	10098.483153149382
2030.0	84	10098.817049547211
2031.0	75	10099.150958034648
2032.0	78	10099.484878610425
2033.0	89	10099.81881127333
2034.0	85	10100.15275602215
2035.0	70	10100.486712855654
2036.0	69	10100.820681772659
2037.0	90	10101.154662771964
2038.0	66	10101.488655852401
2039.0	79	10101.822661012806
2040.0	74	10102.156678252013
2041.0	86	10102.490707568884
2042.0	76	10102.824748962285
2043.0	66	10103.158802431082
2044.0	88	10103.492867974172
2045.0	92	10103.826945590441
2046.0	94	10104.161035278801
2047.0	70	10104.495137038166
2048.0	91	10104.829250867464
2049.0	82	10105.163376765626
2050.0	84	10105.497514731602
2051.0	92	10105.83166476434
2052.0	71	10106.165826862823
2053.0	77	10106.500001026003
2054.0	83	10106.834187252882
2055.0	85	10107.168385542449
2056.0	77	10107.502595893702
2057.0	88	10107.836818305657
2058.0	81	10108.171052777347
2059.0	80	10108.505299307788
2060.0	68	10108.839557896023
2061.0	63	10109.173828541112
2062.0	79	10109.508111242108
2063.0	72	10109.842405998086
2064.0	106	10110.176712808112
2065.0	74	10110.511031671273
2066.0	75	10110.845362586677
2067.0	78	10111.179705553423
2068.0	82	10111.514060570616
2069.0	90	10111.848427637382
2070.0	74	10112.182806752853
2071.0	90	10112.517197916164
2072.0	88	10112.851601126462
2073.0	81	10113.186016382915
2074.0	85	10113.52044368467
2075.0	82	10113.85488303091
2076.0	72	10114.189334420811
2077.0	93	10114.523797853562
2078.0	90	10114.858273328371
2079.0	80	10115.192760844422
2080.0	76	10115.527260400951
2081.0	71	10115.861771997172
2082.0	81	10116.196295632311
2083.0	99	10116.530831305598
2084.0	88	10116.865379016295
2085.0	92	10117.199938763648
2086.0	80	10117.534510546922
2087.0	83	10117.869094365375
2088.0	71	10118.2036902183
2089.0	81	10118.53829810496
2090.0	66	10118.872918024668
2091.0	89	10119.207549976702
2092.0	78	10119.54219396039
2093.0	84	10119.876849975035
2094.0	86	10120.211518019958
2095.0	75	10120.546198094491
2096.0	75	10120.880890197972
2097.0	78	10121.215594329735
2098.0	91	10121.550310489138
2099.0	68	10121.885038675546
2100.0	67	10122.219778888306
2101.0	62	10122.554531126805
2102.0	67	10122.889295390414
2103.0	87	10123.22407167853
2104.0	66	10123.558859990524
2105.0	85	10123.893660325817
2106.0	74	10124.228472683806
2107.0	80	10124.563297063896
2108.0	69	10124.898133465527
2109.0	67	10125.232981888112
2110.0	82	10125.567842331093
2111.0	82	10125.902714793896
2112.0	69	10126.237599275975
2113.0	89	10126.572495776789
2114.0	76	10126.907404295795
2115.0	70	10127.242324832449
2116.0	74	10127.577257386227
2117.0	82	10127.912201956622
2118.0	68	10128.2471585431
2119.0	86	10128.58212714516
2120.0	67	10128.917107762309
2121.0	82	10129.252100394031
2122.0	80	10129.587105039845
2123.0	73	10129.922121699266
2124.0	84	10130.257150371826
2125.0	74	10130.592191057043
2126.0	83	10130.927243754442
2127.0	80	10131.262308463583
2128.0	76	10131.597385183995
2129.0	66	10131.932473915236
2130.0	71	10132.267574656871
2131.0	74	10132.602687408444
2132.0	86	10132.937812169543
2133.0	72	10133.272948939728
2134.0	73	10133.608097718597
2135.0	83	10133.943258505718
2136.0	60	10134.278431300689
2137.0	93	10134.613616103112
2138.0	86	10134.948812912582
2139.0	71	10135.284021728708
2140.0	81	10135.619242551107
2141.0	66	10135.954475379402
2142.0	73	10136.289720213204
2143.0	83	10136.624977052152
2144.0	78	10136.960245895885
2145.0	68	10137.295526744041
2146.0	71	10137.630819596254
2147.0	54	10137.966124452185
2148.0	95	10138.301441311483
2149.0	89	10138.636770173818
2150.0	65	10138.972111038856
2151.0	85	10139.307463906258
2152.0	69	10139.642828775712
2153.0	77	10139.978205646883
2154.0	57	10140.313594519484
2155.0	88	10140.648995393181
2156.0	73	10140.984408267675
2157.0	77	10141.319833142676
2158.0	72	10141.655270017884
2159.0	69	10141.990718893008
2160.0	87	10142.326179767766
2161.0	82	10142.66165264187
2162.0	76	10142.997137515056
2163.0	74	10143.332634387052
2164.0	76	10143.668143257592
2165.0	83	10144.003664126403
2166.0	73	10144.339196993242
2167.0	95	10144.674741857852
2168.0	63	10145.010298719984
2169.0	66	10145.345867579399
2170.0	75	10145.681448435855
2171.0	81	10146.01704128912
2172.0	66	10146.352646138961
2173.0	78	10146.688262985159
2174.0	72	10147.023891827479
2175.0	75	10147.359532665721
2176.0	73	10147.695185499668
2177.0	65	10148.030850329096
2178.0	70	10148.36652715383
2179.0	83	10148.702215973644
2180.0	82	10149.037916788355
2181.0	72	10149.373629597767
2182.0	69	10149.709354401695
2183.0	81	10150.045091199963
2184.0	67	10150.38083999238
2185.0	63	10150.716600778775
2186.0	79	10151.052373558987
2187.0	86	10151.388158332833
2188.0	90	10151.72395510015
2189.0	83	10152.059763860794
2190.0	81	10152.395584614602
2191.0	71	10152.731417361421
2192.0	101	10153.067262101105
2193.0	75	10153.403118833512
2194.0	62	10153.738987558507
2195.0	94	10154.074868275942
2196.0	75	10154.41076098569
2197.0	76	10154.746665687626
2198.0	97	10155.082582381618
2199.0	80	10155.418511067552
2200.0	82	10155.754451745304
2201.0	77	10156.090404414777
2202.0	82	10156.426369075842
2203.0	78	10156.762345728395
2204.0	82	10157.098334372338
2205.0	78	10157.43433500758
2206.0	79	10157.770347634003
2207.0	70	10158.106372251536
2208.0	77	10158.442408860086
2209.0	93	10158.778457459555
2210.0	70	10159.114518049868
2211.0	74	10159.450590630957
2212.0	76	10159.786675202728
2213.0	91	10160.122771765127
2214.0	91	10160.458880318067
2215.0	83	10160.795000861503
2216.0	63	10161.131133395362
2217.0	81	10161.467277919586
2218.0	86	10161.803434434116
2219.0	63	10162.139602938916
2220.0	85	10162.475783433913
2221.0	81	10162.81197591908
2222.0	79	10163.148180394362
2223.0	70	10163.484396859736
2224.0	76	10163.820625315155
2225.0	82	10164.156865760582
2226.0	89	10164.493118195998
2227.0	70	10164.82938262137
2228.0	79	10165.165659036673
2229.0	86	10165.501947441884
2230.0	71	10165.83824783699
2231.0	87	10166.174560221974
2232.0	67	10166.510884596826
2233.0	71	10166.847220961536
2234.0	79	10167.183569316105
2235.0	76	10167.519929660517
2236.0	68	10167.856301994776
2237.0	70	10168.19268631889
2238.0	94	10168.529082632862
2239.0	91	10168.865490936694
2240.0	103	10169.201911230408
2241.0	72	10169.53834351401
2242.0	87	10169.874787787525
2243.0	75	10170.211244050965
2244.0	84	10170.547712304355
2245.0	90	10170.884192547719
2246.0	77	10171.22068478108
2247.0	73	10171.55718900448
2248.0	76	10171.893705217944
2249.0	57	10172.230233421513
2250.0	79	10172.566773615214
2251.0	70	10172.903325799105
2252.0	93	10173.239889973212
2253.0	83	10173.576466137598
2254.0	89	10173.9130542923
2255.0	90	10174.249654437372
2256.0	73	10174.586266572871
2257.0	62	10174.922890698857
2258.0	76	10175.259526815373
2259.0	90	10175.596174922497
2260.0	80	10175.93283502028
2261.0	72	10176.269507108807
2262.0	80	10176.606191188128
2263.0	86	10176.94288725832
2264.0	72	10177.27959531946
2265.0	80	10177.61631537162
2266.0	83	10177.95304741488
2267.0	71	10178.28979144932
2268.0	81	10178.626547475023
2269.0	88	10178.963315492081
2270.0	74	10179.30009550057
2271.0	85	10179.636887500583
2272.0	73	10179.973691492218
2273.0	75	10180.310507475571
2274.0	87	10180.647335450736
2275.0	79	10180.984175417803
2276.0	83	10181.321027376885
2277.0	77	10181.65789132808
2278.0	84	10181.994767271502
2279.0	77	10182.331655207243
2280.0	80	10182.66855513542
2281.0	78	10183.005467056151
2282.0	86	10183.342390969548
2283.0	82	10183.679326875726
2284.0	69	10184.016274774807
2285.0	75	10184.353234666904
2286.0	88	10184.69020655214
2287.0	70	10185.027190430645
2288.0	86	10185.364186302548
2289.0	68	10185.70119416798
2290.0	84	10186.038214027054
2291.0	74	10186.375245879923
2292.0	89	10186.71228972671
2293.0	82	10187.04934556756
2294.0	76	10187.386413402603
2295.0	71	10187.723493231986
2296.0	65	10188.06058505586
2297.0	92	10188.397688874351
2298.0	88	10188.734804687618
2299.0	87	10189.071932495812
2300.0	83	10189.409072299073
2301.0	67	10189.746224097555
2302.0	78	10190.083387891422
2303.0	63	10190.42056368083
2304.0	78	10190.757751465917
2305.0	87	10191.09495124686
2306.0	79	10191.432163023828
2307.0	84	10191.769386796974
2308.0	72	10192.106622566447
2309.0	62	10192.443870332443
2310.0	86	10192.781130095118
2311.0	92	10193.118401854645
2312.0	78	10193.455685611189
2313.0	70	10193.792981364932
2314.0	78	10194.13028911605
2315.0	75	10194.46760886471
2316.0	81	10194.804940611104
2317.0	85	10195.142284355408
2318.0	81	10195.479640097812
2319.0	82	10195.81700783848
2320.0	78	10196.154387577622
2321.0	89	10196.491779315409
2322.0	81	10196.829183052036
2323.0	87	10197.166598787695
2324.0	74	10197.50402652258
2325.0	65	10197.841466256878
2326.0	83	10198.178917990792
2327.0	72	10198.516381724514
2328.0	86	10198.85385745825
2329.0	68	10199.191345192203
2330.0	71	10199.528844926555
2331.0	71	10199.86635666153
2332.0	60	10200.203880397321
2333.0	55	10200.541416134143
2334.0	81	10200.878963872205
2335.0	81	10201.216523611707
2336.0	68	10201.554095352869
2337.0	88	10201.891679095905
2338.0	91	10202.22927484102
2339.0	91	10202.566882588437
2340.0	87	10202.90450233837
2341.0	75	10203.242134091039
2342.0	79	10203.579777846666
2343.0	79	10203.917433605466
2344.0	94	10204.25510136767
2345.0	66	10204.592781133495
2346.0	78	10204.930472903166
2347.0	73	10205.26817667692
2348.0	85	10205.605892454985
2349.0	90	10205.943620237575
2350.0	71	10206.281360024934
2351.0	73	10206.619111817294
2352.0	74	10206.95687561489
2353.0	81	10207.29465141795
2354.0	71	10207.63243922672
2355.0	82	10207.97023904143
2356.0	80	10208.308050862317
2357.0	75	10208.645874689637
2358.0	70	10208.983710523618
2359.0	79	10209.321558364507
2360.0	87	10209.659418212537
2361.0	70	10209.997290067982
2362.0	67	10210.33517393107
2363.0	83	10210.673069802047
2364.0	84	10211.010977681162
2365.0	101	10211.348897568676
2366.0	62	10211.686829464841
2367.0	89	10212.024773369903
2368.0	83	10212.362729284114
2369.0	81	10212.700697207738
2370.0	95	10213.038677141027
2371.0	73	10213.376669084233
2372.0	89	10213.714673037626
2373.0	92	10214.05268900146
2374.0	74	10214.390716976004
2375.0	89	10214.728756961522
2376.0	88	10215.066808958256
2377.0	81	10215.404872966496
2378.0	99	10215.742948986494
2379.0	81	10216.081037018532
2380.0	87	10216.419137062856
2381.0	88	10216.757249119757
2382.0	90	10217.095373189493
2383.0	80	10217.433509272338
2384.0	103	10217.771657368563
2385.0	85	10218.10981747846
2386.0	80	10218.447989602271
2387.0	87	10218.786173740302
2388.0	91	10219.124369892814
2389.0	73	10219.462578060089
2390.0	78	10219.80079824241
2391.0	65	10220.139030440056
2392.0	84	10220.477274653296
2393.0	87	10220.815530882428
2394.0	82	10221.153799127735
2395.0	62	10221.492079389498
2396.0	81	10221.830371668002
2397.0	74	10222.168675963525
2398.0	68	10222.506992276369
2399.0	73	10222.84532060681
2400.0	85	10223.183660955146
2401.0	58	10223.522013321675
2402.0	89	10223.860377706662
2403.0	79	10224.198754110424
2404.0	82	10224.537142533247
2405.0	79	10224.875542975416
2406.0	85	10225.213955437235
2407.0	90	10225.552379919012
2408.0	62	10225.890816421024
2409.0	71	10226.229264943577
2410.0	79	10226.567725486966
2411.0	87	10226.906198051496
2412.0	83	10227.244682637473
2413.0	88	10227.583179245186
2414.0	104	10227.921687874945
2415.0	67	10228.260208527057
2416.0	88	10228.598741201817
2417.0	79	10228.937285899538
2418.0	75	10229.275842620524
2419.0	83	10229.614411365075
2420.0	77	10229.95299213351
2421.0	81	10230.291584926134
2422.0	77	10230.630189743255
2423.0	85	10230.968806585179
2424.0	81	10231.30743545223
2425.0	89	10231.646076344708
2426.0	78	10231.984729262935
2427.0	66	10232.32339420721
2428.0	79	10232.66207117787
2429.0	77	10233.000760175211
2430.0	78	10233.33946119956
2431.0	81	10233.678174251238
2432.0	89	10234.016899330543
2433.0	72	10234.355636437815
2434.0	80	10234.694385573364
2435.0	92	10235.03314673751
2436.0	64	10235.371919930578
2437.0	82	10235.710705152891
2438.0	77	10236.049502404752
2439.0	89	10236.388311686516
2440.0	87	10236.727132998485
2441.0	72	10237.065966340988
2442.0	74	10237.40481171436
2443.0	73	10237.743669118921
2444.0	81	10238.082538554994
2445.0	75	10238.421420022914
2446.0	76	10238.760313523002
2447.0	80	10239.099219055588
2448.0	87	10239.438136621005
2449.0	77	10239.77706621959
2450.0	77	10240.116007851671
2451.0	79	10240.454961517575
2452.0	82	10240.793927217635
2453.0	92	10241.13290495219
2454.0	70	10241.471894721568
2455.0	88	10241.810896526116
2456.0	71	10242.149910366155
2457.0	80	10242.488936242027
2458.0	106	10242.827974154074
2459.0	71	10243.167024102628
2460.0	68	10243.506086088028
2461.0	86	10243.845160110612
2462.0	80	10244.184246170724
2463.0	64	10244.523344268695
2464.0	85	10244.862454404887
2465.0	74	10245.201576579615
2466.0	83	10245.54071079324
2467.0	78	10245.879857046099
2468.0	86	10246.219015338538
2469.0	82	10246.558185670889
2470.0	85	10246.89736804352
2471.0	73	10247.23656245675
2472.0	74	10247.575768910949
2473.0	74	10247.914987406444
2474.0	82	10248.254217943593
2475.0	70	10248.593460522747
2476.0	68	10248.93271514425
2477.0	71	10249.271981808444
2478.0	70	10249.611260515694
2479.0	67	10249.95055126633
2480.0	89	10250.289854060728
2481.0	73	10250.62916889922
2482.0	63	10250.968495782161
2483.0	73	10251.307834709913
2484.0	89	10251.647185682818
2485.0	94	10251.986548701234
2486.0	98	10252.325923765518
2487.0	75	10252.665310876033
2488.0	70	10253.004710033108
2489.0	77	10253.344121237125
2490.0	97	10253.683544488435
2491.0	74	10254.022979787382
2492.0	62	10254.362427134343
2493.0	81	10254.701886529654
2494.0	86	10255.041357973696
2495.0	79	10255.380841466816
2496.0	98	10255.720337009372
2497.0	71	10256.059844601737
2498.0	74	10256.399364244258
2499.0	83	10256.738895937302
2500.0	80	10257.078439681232
2501.0	89	10257.417995476406
2502.0	70	10257.757563323192
2503.0	86	10258.09714322195
2504.0	85	10258.436735173045
2505.0	77	10258.77633917685
2506.0	79	10259.115955233712
2507.0	66	10259.45558334401
2508.0	87	10259.795223508108
2509.0	83	10260.13487572637
2510.0	83	10260.47453999916
2511.0	80	10260.814216326851
2512.0	72	10261.153904709809
2513.0	73	10261.493605148396
2514.0	67	10261.833317643
2515.0	88	10262.173042193965
2516.0	81	10262.512778801682
2517.0	65	10262.852527466506
2518.0	77	10263.192288188817
2519.0	73	10263.532060968982
2520.0	74	10263.871845807373
2521.0	72	10264.21164270436
2522.0	92	10264.551451660327
2523.0	87	10264.891272675632
2524.0	70	10265.231105750658
2525.0	78	10265.570950885776
2526.0	67	10265.910808081351
2527.0	70	10266.250677337774
2528.0	84	10266.590558655407
2529.0	82	10266.930452034632
2530.0	72	10267.270357475834
2531.0	62	10267.610274979364
2532.0	56	10267.950204545617
2533.0	80	10268.290146174977
2534.0	85	10268.630099867809
2535.0	75	10268.970065624491
2536.0	85	10269.310043445403
2537.0	79	10269.650033330934
2538.0	107	10269.990035281446
2539.0	89	10270.330049297336
2540.0	85	10270.670075378972
2541.0	104	10271.01011352673
2542.0	77	10271.350163741006
2543.0	86	10271.690226022172
2544.0	70	10272.030300370623
2545.0	66	10272.370386786719
2546.0	78	10272.710485270856
2547.0	96	10273.050595823417
2548.0	81	10273.39071844478
2549.0	56	10273.730853135334
2550.0	73	10274.070999895457
2551.0	86	10274.411158725545
2552.0	75	10274.751329625968
2553.0	77	10275.091512597111
2554.0	70	10275.431707639382
2555.0	74	10275.771914753137
2556.0	76	10276.112133938785
2557.0	85	10276.452365196701
2558.0	78	10276.792608527272
2559.0	90	10277.132863930889
2560.0	83	10277.47313140794
2561.0	90	10277.81341095881
2562.0	74	10278.15370258389
2563.0	80	10278.49400628357
2564.0	86	10278.834322058234
2565.0	69	10279.17464990827
2566.0	73	10279.514989834073
2567.0	74	10279.855341836037
2568.0	79	10280.195705914542
2569.0	93	10280.536082069986
2570.0	65	10280.876470302752
2571.0	95	10281.216870613242
2572.0	80	10281.557283001841
2573.0	63	10281.897707468948
2574.0	81	10282.238144014946
2575.0	76	10282.578592640228
2576.0	71	10282.919053345197
2577.0	75	10283.259526130238
2578.0	85	10283.600010995744
2579.0	80	10283.940507942116
2580.0	95	10284.281016969742
2581.0	67	10284.621538079014
2582.0	74	10284.962071270334
2583.0	69	10285.302616544092
2584.0	92	10285.643173900695
2585.0	81	10285.983743340521
2586.0	73	10286.324324863976
2587.0	69	10286.66491847146
2588.0	64	10287.005524163356
2589.0	58	10287.346141940074
2590.0	71	10287.686771802004
2591.0	85	10288.02741374955
2592.0	87	10288.36806778311
2593.0	87	10288.708733903066
2594.0	76	10289.04941210984
2595.0	78	10289.39010240382
2596.0	83	10289.7308047854
2597.0	71	10290.071519254987
2598.0	82	10290.412245812977
2599.0	86	10290.752984459763
2600.0	72	10291.093735195753
2601.0	80	10291.43449802136
2602.0	81	10291.775272936955
2603.0	90	10292.116059942962
2604.0	79	10292.456859039776
2605.0	96	10292.797670227792
2606.0	96	10293.138493507417
2607.0	77	10293.479328879057
2608.0	90	10293.82017634311
2609.0	89	10294.161035899982
2610.0	82	10294.501907550064
2611.0	81	10294.842791293775
2612.0	97	10295.183687131506
2613.0	68	10295.524595063669
2614.0	89	10295.865515090665
2615.0	73	10296.206447212891
2616.0	67	10296.547391430768
2617.0	75	10296.888347744673
2618.0	75	10297.229316155042
2619.0	61	10297.570296662258
2620.0	80	10297.911289266734
2621.0	85	10298.25229396888
2622.0	65	10298.593310769089
2623.0	83	10298.934339667781
2624.0	89	10299.27538066536
2625.0	68	10299.616433762218
2626.0	81	10299.957498958778
2627.0	83	10300.29857625544
2628.0	74	10300.639665652612
2629.0	87	10300.980767150706
2630.0	89	10301.321880750116
2631.0	71	10301.663006451266
2632.0	84	10302.004144254555
2633.0	95	10302.345294160395
2634.0	71	10302.686456169184
2635.0	84	10303.027630281347
2636.0	63	10303.368816497281
2637.0	75	10303.710014817405
2638.0	74	10304.051225242116
2639.0	90	10304.392447771836
2640.0	75	10304.733682406968
2641.0	64	10305.074929147915
2642.0	80	10305.4161879951
2643.0	84	10305.757458948936
2644.0	57	10306.098742009814
2645.0	94	10306.440037178163
2646.0	76	10306.781344454394
2647.0	63	10307.122663838907
2648.0	75	10307.463995332111
2649.0	78	10307.805338934435
2650.0	75	10308.146694646279
2651.0	79	10308.488062468059
2652.0	74	10308.829442400185
2653.0	78	10309.170834443066
2654.0	80	10309.512238597123
2655.0	76	10309.853654862767
2656.0	79	10310.1950832404
2657.0	100	10310.536523730456
2658.0	79	10310.877976333322
2659.0	67	10311.219441049434
2660.0	84	10311.560917879204
2661.0	71	10311.902406823034
2662.0	79	10312.243907881337
2663.0	77	10312.58542105454
2664.0	89	10312.926946343052
2665.0	62	10313.26848374729
2666.0	85	10313.610033267665
2667.0	74	10313.951594904594
2668.0	83	10314.293168658489
2669.0	77	10314.634754529765
2670.0	62	10314.976352518848
2671.0	94	10315.317962626146
2672.0	74	10315.659584852074
2673.0	79	10316.001219197053
2674.0	79	10316.342865661492
2675.0	65	10316.684524245818
2676.0	74	10317.026194950437
2677.0	78	10317.367877775769
2678.0	74	10317.70957272224
2679.0	89	10318.051279790252
2680.0	86	10318.392998980235
2681.0	72	10318.734730292603
2682.0	67	10319.076473727768
2683.0	74	10319.418229286157
2684.0	70	10319.75999696818
2685.0	82	10320.101776774256
2686.0	81	10320.443568704806
2687.0	69	10320.785372760261
2688.0	79	10321.127188941007
2689.0	68	10321.4690172475
2690.0	72	10321.810857680131
2691.0	66	10322.152710239341
2692.0	65	10322.494574925531
2693.0	89	10322.836451739135
2694.0	86	10323.178340680553
2695.0	74	10323.52024175023
2696.0	75	10323.862154948569
2697.0	76	10324.204080275997
2698.0	89	10324.546017732928
2699.0	79	10324.887967319783
2700.0	84	10325.229929036992
2701.0	80	10325.571902884969
2702.0	78	10325.913888864136
2703.0	64	10326.255886974912
2704.0	85	10326.597897217709
2705.0	89	10326.939919592978
2706.0	84	10327.281954101107
2707.0	74	10327.624000742544
2708.0	72	10327.96605951769
2709.0	79	10328.308130426974
2710.0	72	10328.650213470819
2711.0	69	10328.992308649651
2712.0	77	10329.334415963896
2713.0	68	10329.67653541396
2714.0	77	10330.018667000271
2715.0	83	10330.360810723269
2716.0	66	10330.702966583347
2717.0	82	10331.045134580952
2718.0	82	10331.387314716505
2719.0	64	10331.729506990423
2720.0	75	10332.071711403116
2721.0	78	10332.41392795503
2722.0	78	10332.756156646581
2723.0	76	10333.098397478194
2724.0	79	10333.440650450293
2725.0	76	10333.782915563288
2726.0	89	10334.125192817628
2727.0	72	10334.467482213724
2728.0	67	10334.809783751996
2729.0	56	10335.152097432867
2730.0	75	10335.494423256772
2731.0	81	10335.836761224136
2732.0	84	10336.179111335377
2733.0	90	10336.521473590925
2734.0	74	10336.863847991199
2735.0	77	10337.206234536628
2736.0	83	10337.548633227638
2737.0	68	10337.891044064654
2738.0	78	10338.233467048103
2739.0	76	10338.575902178407
2740.0	95	10338.918349456002
2741.0	85	10339.260808881298
2742.0	97	10339.603280454732
2743.0	79	10339.94576417673
2744.0	70	10340.288260047708
2745.0	80	10340.630768068102
2746.0	74	10340.973288238345
2747.0	83	10341.31582055885
2748.0	59	10341.658365030054
2749.0	95	10342.000921652369
2750.0	76	10342.343490426245
2751.0	85	10342.686071352093
2752.0	80	10343.028664430334
2753.0	85	10343.371269661417
2754.0	82	10343.713887045751
2755.0	84	10344.056516583772
2756.0	75	10344.399158275908
2757.0	82	10344.74181212258
2758.0	69	10345.08447812423
2759.0	75	10345.427156281272
2760.0	93	10345.769846594134
2761.0	89	10346.112549063248
2762.0	87	10346.455263689051
2763.0	67	10346.797990471965
2764.0	83	10347.140729412413
2765.0	66	10347.483480510824
2766.0	90	10347.826243767633
2767.0	70	10348.169019183268
2768.0	68	10348.511806758153
2769.0	76	10348.854606492729
2770.0	90	10349.197418387414
2771.0	81	10349.540242442628
2772.0	73	10349.883078658824
2773.0	79	10350.225927036416
2774.0	72	10350.568787575843
2775.0	79	10350.91166027752
2776.0	72	10351.254545141892
2777.0	71	10351.59744216938
2778.0	81	10351.940351360417
2779.0	81	10352.283272715435
2780.0	89	10352.626206234854
2781.0	81	10352.969151919118
2782.0	77	10353.312109768647
2783.0	79	10353.655079783879
2784.0	67	10353.998061965238
2785.0	85	10354.341056313162
2786.0	68	10354.684062828075
2787.0	81	10355.027081510405
2788.0	67	10355.370112360599
2789.0	82	10355.713155379068
2790.0	72	10356.056210566258
2791.0	77	10356.399277922583
2792.0	77	10356.742357448493
2793.0	73	10357.085449144413
2794.0	95	10357.428553010765
2795.0	86	10357.771669047996
2796.0	80	10358.114797256529
2797.0	77	10358.4579376368
2798.0	87	10358.801090189232
2799.0	76	10359.144254914263
2800.0	64	10359.48743181232
2801.0	86	10359.830620883848
2802.0	78	10360.17382212926
2803.0	77	10360.517035549
2804.0	73	10360.860261143509
2805.0	78	10361.203498913203
2806.0	86	10361.546748858515
2807.0	65	10361.890010979885
2808.0	81	10362.23328527775
2809.0	68	10362.576571752532
2810.0	64	10362.919870404665
2811.0	106	10363.26318123458
2812.0	76	10363.606504242727
2813.0	77	10363.94983942952
2814.0	83	10364.2931867954
2815.0	84	10364.636546340798
2816.0	68	10364.979918066145
2817.0	72	10365.323301971885
2818.0	84	10365.666698058441
2819.0	81	10366.010106326241
2820.0	79	10366.353526775734
2821.0	90	10366.69695940735
2822.0	85	10367.040404221512
2823.0	80	10367.383861218665
2824.0	70	10367.727330399233
2825.0	66	10368.07081176366
2826.0	86	10368.414305312375
2827.0	69	10368.75781104581
2828.0	85	10369.1013289644
2829.0	80	10369.444859068584
2830.0	87	10369.788401358794
2831.0	66	10370.13195583546
2832.0	92	10370.475522499024
2833.0	86	10370.819101349909
2834.0	80	10371.162692388569
2835.0	87	10371.506295615412
2836.0	73	10371.849911030902
2837.0	83	10372.193538635449
2838.0	86	10372.537178429498
2839.0	66	10372.880830413485
2840.0	73	10373.224494587845
2841.0	77	10373.568170953013
2842.0	78	10373.91185950942
2843.0	85	10374.255560257505
2844.0	83	10374.599273197704
2845.0	62	10374.942998330449
2846.0	58	10375.286735656173
2847.0	95	10375.630485175323
2848.0	72	10375.974246888323
2849.0	74	10376.318020795605
2850.0	77	10376.66180689763
2851.0	66	10377.005605194805
2852.0	76	10377.349415687579
2853.0	67	10377.693238376381
2854.0	71	10378.03707326165
2855.0	70	10378.38092034383
2856.0	78	10378.724779623355
2857.0	89	10379.068651100648
2858.0	80	10379.412534776155
2859.0	72	10379.756430650314
2860.0	73	10380.100338723558
2861.0	81	10380.444258996324
2862.0	87	10380.788191469039
2863.0	75	10381.13213614216
2864.0	81	10381.476093016112
2865.0	73	10381.820062091327
2866.0	71	10382.164043368244
2867.0	68	10382.5080368473
2868.0	95	10382.852042528946
2869.0	88	10383.196060413607
2870.0	79	10383.540090501709
2871.0	76	10383.884132793703
2872.0	71	10384.22818729002
2873.0	78	10384.572253991108
2874.0	68	10384.916332897388
2875.0	81	10385.260424009311
2876.0	70	10385.6045273273
2877.0	73	10385.94864285181
2878.0	71	10386.292770583263
2879.0	74	10386.636910522107
2880.0	83	10386.981062668774
2881.0	90	10387.325227023699
2882.0	94	10387.66940358733
2883.0	71	10388.013592360086
2884.0	82	10388.357793342426
2885.0	65	10388.702006534782
2886.0	81	10389.046231937575
2887.0	80	10389.390469551268
2888.0	88	10389.734719376282
2889.0	75	10390.078981413062
2890.0	82	10390.423255662037
2891.0	100	10390.767542123658
2892.0	74	10391.111840798358
2893.0	71	10391.45615168658
2894.0	89	10391.800474788743
2895.0	66	10392.144810105308
2896.0	71	10392.4891576367
2897.0	85	10392.833517383364
2898.0	75	10393.177889345734
2899.0	77	10393.522273524259
2900.0	91	10393.866669919356
2901.0	73	10394.211078531485
2902.0	64	10394.555499361079
2903.0	82	10394.89993240857
2904.0	76	10395.244377674402
2905.0	80	10395.588835159013
2906.0	67	10395.933304862843
2907.0	70	10396.277786786333
2908.0	74	10396.622280929914
2909.0	90	10396.96678729403
2910.0	99	10397.311305879115
2911.0	84	10397.655836685624
2912.0	61	10398.000379713982
2913.0	70	10398.344934964629
2914.0	86	10398.689502438006
2915.0	81	10399.034082134549
2916.0	87	10399.378674054713
2917.0	85	10399.72327819892
2918.0	78	10400.06789456761
2919.0	81	10400.412523161236
2920.0	83	10400.75716398023
2921.0	79	10401.101817025028
2922.0	74	10401.446482296067
2923.0	58	10401.791159793798
2924.0	88	10402.135849518654
2925.0	76	10402.480551471086
2926.0	91	10402.825265651512
2927.0	86	10403.169992060384
2928.0	79	10403.514730698149
2929.0	64	10403.859481565232
2930.0	98	10404.204244662085
2931.0	68	10404.54901998914
2932.0	93	10404.893807546841
2933.0	66	10405.238607335637
2934.0	80	10405.583419355948
2935.0	76	10405.928243608232
2936.0	76	10406.273080092917
2937.0	77	10406.617928810454
2938.0	83	10406.962789761283
2939.0	69	10407.307662945832
2940.0	84	10407.652548364553
2941.0	86	10407.997446017886
2942.0	77	10408.342355906261
2943.0	72	10408.68727803013
2944.0	73	10409.032212389937
2945.0	81	10409.377158986108
2946.0	76	10409.722117819088
2947.0	88	10410.067088889326
2948.0	77	10410.41207219726
2949.0	61	10410.757067743323
2950.0	91	10411.10207552797
2951.0	96	10411.447095551626
2952.0	69	10411.792127814739
2953.0	80	10412.137172317758
2954.0	77	10412.482229061112
2955.0	82	10412.82729804525
2956.0	94	10413.172379270602
2957.0	76	10413.517472737622
2958.0	75	10413.862578446746
2959.0	69	10414.207696398413
2960.0	91	10414.552826593077
2961.0	84	10414.89796903116
2962.0	78	10415.24312371312
2963.0	75	10415.588290639387
2964.0	88	10415.933469810401
2965.0	84	10416.278661226623
2966.0	68	10416.623864888476
2967.0	84	10416.969080796394
2968.0	80	10417.314308950843
2969.0	93	10417.659549352249
2970.0	87	10418.004802001058
2971.0	69	10418.350066897712
2972.0	75	10418.69534404265
2973.0	68	10419.040633436323
2974.0	77	10419.385935079154
2975.0	87	10419.731248971604
2976.0	91	10420.076575114106
2977.0	79	10420.421913507105
2978.0	88	10420.767264151043
2979.0	72	10421.112627046354
2980.0	77	10421.458002193487
2981.0	86	10421.803389592891
2982.0	81	10422.148789244993
2983.0	77	10422.494201150252
2984.0	66	10422.839625309098
2985.0	74	10423.185061721964
2986.0	87	10423.530510389324
2987.0	78	10423.875971311592
2988.0	100	10424.221444489222
2989.0	70	10424.566929922657
2990.0	74	10424.912427612333
2991.0	86	10425.257937558694
2992.0	70	10425.603459762186
2993.0	66	10425.948994223249
2994.0	66	10426.29454094233
2995.0	80	10426.640099919869
2996.0	87	10426.985671156304
2997.0	86	10427.33125465209
2998.0	90	10427.676850407648
2999.0	82	10428.022458423442
3000.0	82	10428.368078699912
3001.0	83	10428.713711237493
3002.0	70	10429.059356036629
3003.0	86	10429.405013097761
3004.0	76	10429.750682421343
3005.0	82	10430.09636400781
3006.0	76	10430.442057857601
3007.0	100	10430.78776397117
3008.0	87	10431.133482348949
3009.0	69	10431.47921299139
3010.0	81	10431.824955898925
3011.0	67	10432.170711072016
3012.0	85	10432.516478511086
3013.0	90	10432.862258216588
3014.0	72	10433.208050188963
3015.0	62	10433.553854428657
3016.0	81	10433.899670936116
3017.0	80	10434.245499711778
3018.0	86	10434.591340756082
3019.0	66	10434.937194069484
3020.0	98	10435.283059652422
3021.0	77	10435.62893750533
3022.0	83	10435.974827628668
3023.0	89	10436.320730022864
3024.0	91	10436.666644688372
3025.0	75	10437.012571625632
3026.0	84	10437.358510835089
3027.0	89	10437.704462317182
3028.0	96	10438.050426072365
3029.0	65	10438.396402101076
3030.0	75	10438.742390403757
3031.0	76	10439.088390980845
3032.0	81	10439.434403832807
3033.0	72	10439.780428960064
3034.0	72	10440.126466363068
3035.0	72	10440.472516042266
3036.0	88	10440.818577998089
3037.0	78	10441.164652230995
3038.0	84	10441.510738741426
3039.0	97	10441.856837529827
3040.0	86	10442.202948596638
3041.0	56	10442.549071942305
3042.0	81	10442.895207567268
3043.0	84	10443.241355471975
3044.0	74	10443.587515656869
3045.0	90	10443.933688122404
3046.0	73	10444.279872868996
3047.0	94	10444.62606989713
3048.0	73	10444.972279207215
3049.0	62	10445.318500799722
3050.0	74	10445.664734675072
3051.0	65	10446.010980833731
3052.0	67	10446.357239276127
3053.0	73	10446.703510002704
3054.0	71	10447.049793013923
3055.0	73	10447.396088310212
3056.0	81	10447.742395892024
3057.0	81	10448.088715759806
3058.0	65	10448.435047913992
3059.0	70	10448.781392355037
3060.0	75	10449.127749083382
3061.0	77	10449.474118099475
3062.0	86	10449.820499403753
3063.0	64	10450.166892996667
3064.0	82	10450.513298878654
3065.0	74	10450.859717050174
3066.0	82	10451.20614751166
3067.0	86	10451.552590263555
3068.0	93	10451.89904530631
3069.0	81	10452.245512640367
3070.0	92	10452.591992266178
3071.0	78	10452.938484184178
3072.0	82	10453.284988394817
3073.0	72	10453.631504898547
3074.0	76	10453.978033695797
3075.0	82	10454.32457478703
3076.0	82	10454.671128172678
3077.0	72	10455.01769385318
3078.0	77	10455.364271829008
3079.0	76	10455.71086210058
3080.0	83	10456.057464668356
3081.0	84	10456.404079532775
3082.0	81	10456.750706694285
3083.0	82	10457.09734615333
3084.0	61	10457.443997910364
3085.0	78	10457.79066196582
3086.0	84	10458.137338320148
3087.0	77	10458.484026973798
3088.0	74	10458.830727927203
3089.0	78	10459.177441180822
3090.0	73	10459.524166735091
3091.0	92	10459.870904590472
3092.0	86	10460.217654747386
3093.0	78	10460.564417206297
3094.0	80	10460.911191967643
3095.0	104	10461.257979031872
3096.0	75	10461.604778399427
3097.0	81	10461.951590070763
3098.0	86	10462.298414046309
3099.0	63	10462.64525032652
3100.0	85	10462.992098911853
3101.0	54	10463.338959802733
3102.0	85	10463.685832999628
3103.0	73	10464.032718502962
3104.0	92	10464.379616313192
3105.0	102	10464.72652643076
3106.0	79	10465.073448856123
3107.0	113	10465.420383589717
3108.0	72	10465.767330631985
3109.0	75	10466.114289983378
3110.0	77	10466.461261644343
3111.0	82	10466.808245615324
3112.0	84	10467.155241896771
3113.0	96	10467.502250489128
3114.0	75	10467.849271392839
3115.0	80	10468.196304608351
3116.0	87	10468.543350136111
3117.0	62	10468.890407976563
3118.0	66	10469.237478130153
3119.0	82	10469.584560597339
3120.0	93	10469.93165537855
3121.0	88	10470.278762474241
3122.0	75	10470.625881884851
3123.0	87	10470.973013610845
3124.0	89	10471.320157652655
3125.0	69	10471.667314010727
3126.0	86	10472.014482685514
3127.0	79	10472.361663677451
3128.0	74	10472.708856987
3129.0	69	10473.056062614598
3130.0	84	10473.403280560691
3131.0	80	10473.750510825732
3132.0	94	10474.09775341016
3133.0	76	10474.445008314431
3134.0	84	10474.792275538975
3135.0	75	10475.139555084259
3136.0	76	10475.486846950713
3137.0	89	10475.834151138803
3138.0	76	10476.181467648956
3139.0	69	10476.52879648162
3140.0	78	10476.876137637262
3141.0	95	10477.223491116305
3142.0	99	10477.570856919212
3143.0	85	10477.918235046422
3144.0	79	10478.265625498376
3145.0	63	10478.613028275542
3146.0	74	10478.960443378352
3147.0	67	10479.307870807255
3148.0	78	10479.655310562692
3149.0	74	10480.00276264511
3150.0	73	10480.35022705497
3151.0	68	10480.697703792715
3152.0	82	10481.04519285878
3153.0	79	10481.392694253627
3154.0	81	10481.74020797769
3155.0	86	10482.087734031424
3156.0	83	10482.435272415278
3157.0	87	10482.782823129686
3158.0	73	10483.130386175117
3159.0	80	10483.477961552006
3160.0	79	10483.825549260786
3161.0	83	10484.17314930193
3162.0	99	10484.520761675873
3163.0	86	10484.868386383063
3164.0	78	10485.216023423953
3165.0	101	10485.56367279898
3166.0	76	10485.911334508592
3167.0	82	10486.259008553247
3168.0	80	10486.606694933393
3169.0	87	10486.95439364946
3170.0	74	10487.302104701905
3171.0	84	10487.649828091186
3172.0	79	10487.99756381774
3173.0	96	10488.34531188201
3174.0	81	10488.693072284454
3175.0	73	10489.040845025513
3176.0	77	10489.38863010564
3177.0	65	10489.73642752528
3178.0	90	10490.08423728488
3179.0	81	10490.432059384888
3180.0	69	10490.779893825747
3181.0	73	10491.127740607912
3182.0	81	10491.475599731837
3183.0	75	10491.823471197953
3184.0	74	10492.171355006709
3185.0	90	10492.51925115857
3186.0	72	10492.867159653977
3187.0	80	10493.215080493359
3188.0	81	10493.563013677196
3189.0	70	10493.910959205914
3190.0	73	10494.258917079964
3191.0	68	10494.606887299793
3192.0	89	10494.954869865858
3193.0	75	10495.302864778601
3194.0	77	10495.65087203847
3195.0	79	10495.99889164591
3196.0	67	10496.346923601375
3197.0	67	10496.694967905309
3198.0	68	10497.043024558163
3199.0	60	10497.391093560376
3200.0	76	10497.739174912416
3201.0	73	10498.087268614716
3202.0	77	10498.43537466773
3203.0	52	10498.783493071893
3204.0	100	10499.131623827672
3205.0	77	10499.479766935503
3206.0	94	10499.827922395842
3207.0	85	10500.176090209134
3208.0	84	10500.524270375827
3209.0	84	10500.872462896363
3210.0	77	10501.220667771206
3211.0	86	10501.568885000794
3212.0	99	10501.91711458557
3213.0	92	10502.265356525995
3214.0	76	10502.613610822502
3215.0	85	10502.961877475558
3216.0	90	10503.310156485602
3217.0	84	10503.658447853079
3218.0	72	10504.00675157845
3219.0	83	10504.355067662149
3220.0	96	10504.703396104627
3221.0	97	10505.05173690634
3222.0	87	10505.400090067737
3223.0	92	10505.748455589259
3224.0	92	10506.096833471358
3225.0	87	10506.445223714481
3226.0	86	10506.793626319084
3227.0	89	10507.142041285604
3228.0	75	10507.490468614506
3229.0	70	10507.838908306216
3230.0	97	10508.187360361202
3231.0	95	10508.53582477991
3232.0	100	10508.884301562779
3233.0	89	10509.232790710272
3234.0	80	10509.581292222827
3235.0	79	10509.929806100898
3236.0	95	10510.278332344924
3237.0	76	10510.626870955371
3238.0	82	10510.97542193267
3239.0	89	10511.323985277288
3240.0	79	10511.672560989662
3241.0	81	10512.021149070235
3242.0	90	10512.36974951948
3243.0	72	10512.718362337817
3244.0	88	10513.06698752572
3245.0	74	10513.415625083624
3246.0	71	10513.764275011981
3247.0	80	10514.112937311238
3248.0	67	10514.461611981851
3249.0	85	10514.810299024257
3250.0	86	10515.158998438927
3251.0	75	10515.507710226279
3252.0	80	10515.856434386791
3253.0	69	10516.2051709209
3254.0	82	10516.553919829053
3255.0	73	10516.902681111704
3256.0	64	10517.251454769303
3257.0	81	10517.600240802289
3258.0	83	10517.94903921113
3259.0	67	10518.297849996263
3260.0	102	10518.646673158133
3261.0	88	10518.995508697199
3262.0	61	10519.344356613907
3263.0	88	10519.693216908707
3264.0	72	10520.042089582044
3265.0	64	10520.390974634378
3266.0	82	10520.73987206615
3267.0	67	10521.088781877814
3268.0	88	10521.437704069811
3269.0	81	10521.7866386426
3270.0	100	10522.135585596623
3271.0	69	10522.48454493234
3272.0	78	10522.833516650193
3273.0	72	10523.182500750634
3274.0	73	10523.53149723411
3275.0	85	10523.880506101075
3276.0	67	10524.229527351974
3277.0	71	10524.578560987267
3278.0	68	10524.92760700739
3279.0	83	10525.276665412795
3280.0	75	10525.625736203943
3281.0	85	10525.974819381272
3282.0	83	10526.323914945235
3283.0	58	10526.673022896286
3284.0	72	10527.022143234874
3285.0	76	10527.37127596144
3286.0	91	10527.72042107645
3287.0	70	10528.069578580336
3288.0	79	10528.41874847356
3289.0	64	10528.767930756572
3290.0	64	10529.117125429815
3291.0	83	10529.466332493746
3292.0	81	10529.815551948803
3293.0	75	10530.164783795455
3294.0	82	10530.514028034137
3295.0	62	10530.86328466531
3296.0	87	10531.212553689415
3297.0	83	10531.561835106897
3298.0	78	10531.911128918224
3299.0	77	10532.260435123828
3300.0	61	10532.60975372418
3301.0	81	10532.959084719707
3302.0	65	10533.308428110875
3303.0	92	10533.657783898127
3304.0	97	10534.00715208192
3305.0	75	10534.356532662698
3306.0	80	10534.70592564091
3307.0	83	10535.055331017018
3308.0	84	10535.404748791452
3309.0	88	10535.754178964691
3310.0	86	10536.10362153715
3311.0	76	10536.453076509311
3312.0	87	10536.80254388161
3313.0	89	10537.152023654497
3314.0	65	10537.501515828424
3315.0	76	10537.851020403838
3316.0	80	10538.200537381197
3317.0	68	10538.55006676095
3318.0	83	10538.899608543541
3319.0	81	10539.249162729426
3320.0	74	10539.598729319063
3321.0	68	10539.948308312882
3322.0	84	10540.297899711355
3323.0	95	10540.647503514921
3324.0	77	10540.99711972403
3325.0	74	10541.346748339143
3326.0	78	10541.696389360697
3327.0	76	10542.04604278915
3328.0	77	10542.395708624956
3329.0	81	10542.745386868555
3330.0	79	10543.09507752041
3331.0	70	10543.444780580961
3332.0	66	10543.79449605067
3333.0	77	10544.144223929981
3334.0	72	10544.493964219337
3335.0	81	10544.843716919204
3336.0	80	10545.19348203003
3337.0	61	10545.543259552258
3338.0	76	10545.893049486338
3339.0	82	10546.242851832743
3340.0	91	10546.592666591889
3341.0	74	10546.942493764256
3342.0	87	10547.29233335028
3343.0	80	10547.642185350413
3344.0	87	10547.992049765118
3345.0	78	10548.341926594829
3346.0	85	10548.691815840011
3347.0	65	10549.041717501103
3348.0	80	10549.391631578568
3349.0	86	10549.741558072848
3350.0	84	10550.091496984396
3351.0	71	10550.441448313668
3352.0	80	10550.791412061115
3353.0	82	10551.141388227188
3354.0	71	10551.491376812326
3355.0	93	10551.841377816989
3356.0	76	10552.191391241637
3357.0	92	10552.54141708671
3358.0	80	10552.89145535266
3359.0	83	10553.24150603994
3360.0	60	10553.591569149008
3361.0	68	10553.94164468031
3362.0	74	10554.29173263429
3363.0	72	10554.641833011405
3364.0	74	10554.991945812113
3365.0	85	10555.342071036855
3366.0	78	10555.692208686094
3367.0	75	10556.042358760276
3368.0	67	10556.392521259846
3369.0	84	10556.742696185262
3370.0	81	10557.092883536969
3371.0	70	10557.44308331543
3372.0	76	10557.793295521085
3373.0	78	10558.143520154395
3374.0	86	10558.493757215814
3375.0	81	10558.844006705784
3376.0	69	10559.194268624755
3377.0	68	10559.54454297318
3378.0	80	10559.894829751525
3379.0	66	10560.245128960221
3380.0	75	10560.595440599738
3381.0	76	10560.945764670512
3382.0	83	10561.296101173006
3383.0	83	10561.64645010766
3384.0	64	10561.996811474944
3385.0	87	10562.347185275295
3386.0	67	10562.69757150917
3387.0	86	10563.047970177015
3388.0	90	10563.398381279285
3389.0	93	10563.748804816441
3390.0	78	10564.099240788923
3391.0	75	10564.449689197192
3392.0	96	10564.800150041687
3393.0	76	10565.150623322877
3394.0	78	10565.501109041204
3395.0	85	10565.851607197112
3396.0	77	10566.202117791066
3397.0	74	10566.552640823522
3398.0	68	10566.903176294913
3399.0	79	10567.253724205713
3400.0	78	10567.604284556346
3401.0	59	10567.954857347298
3402.0	85	10568.305442579001
3403.0	79	10568.656040251906
3404.0	84	10569.00665036647
3405.0	85	10569.357272923146
3406.0	85	10569.707907922386
3407.0	67	10570.058555364634
3408.0	90	10570.409215250354
3409.0	83	10570.75988758
3410.0	78	10571.110572354011
3411.0	74	10571.461269572843
3412.0	82	10571.811979236954
3413.0	88	10572.162701346797
3414.0	73	10572.513435902818
3415.0	96	10572.864182905472
3416.0	80	10573.214942355213
3417.0	83	10573.565714252487
3418.0	81	10573.916498597755
3419.0	73	10574.26729539147
3420.0	65	10574.618104634073
3421.0	69	10574.968926326026
3422.0	73	10575.319760467773
3423.0	70	10575.670607059781
3424.0	87	10576.021466102484
3425.0	84	10576.37233759636
3426.0	79	10576.723221541833
3427.0	75	10577.074117939368
3428.0	82	10577.425026789422
3429.0	76	10577.775948092441
3430.0	79	10578.126881848888
3431.0	90	10578.477828059195
3432.0	88	10578.828786723838
3433.0	94	10579.179757843249
3434.0	75	10579.5307414179
3435.0	65	10579.881737448233
3436.0	91	10580.232745934703
3437.0	72	10580.583766877755
3438.0	76	10580.934800277852
3439.0	72	10581.28584613545
3440.0	83	10581.636904450987
3441.0	82	10581.987975224927
3442.0	93	10582.339058457716
3443.0	65	10582.690154149814
3444.0	77	10583.041262301673
3445.0	98	10583.392382913735
3446.0	68	10583.743515986467
3447.0	73	10584.09466152032
3448.0	74	10584.445819515731
3449.0	84	10584.796989973172
3450.0	83	10585.148172893085
3451.0	76	10585.499368275936
3452.0	76	10585.850576122157
3453.0	68	10586.201796432226
3454.0	77	10586.553029206569
3455.0	89	10586.904274445656
3456.0	83	10587.255532149948
3457.0	77	10587.606802319877
3458.0	86	10587.958084955902
3459.0	68	10588.30938005849
3460.0	61	10588.660687628084
3461.0	80	10589.012007665126
3462.0	76	10589.363340170094
3463.0	86	10589.71468514342
3464.0	75	10590.066042585566
3465.0	82	10590.417412496989
3466.0	86	10590.768794878131
3467.0	77	10591.120189729458
3468.0	79	10591.471597051412
3469.0	74	10591.82301684445
3470.0	72	10592.174449109034
3471.0	68	10592.525893845603
3472.0	87	10592.877351054616
3473.0	71	10593.228820736529
3474.0	71	10593.580302891796
3475.0	98	10593.931797520878
3476.0	86	10594.283304624207
3477.0	75	10594.634824202241
3478.0	83	10594.986356255455
3479.0	66	10595.337900784285
3480.0	76	10595.689457789184
3481.0	82	10596.041027270614
3482.0	92	10596.392609229015
3483.0	82	10596.744203664857
3484.0	81	10597.095810578585
3485.0	69	10597.447429970642
3486.0	83	10597.799061841508
3487.0	84	10598.150706191615
3488.0	81	10598.50236302143
3489.0	74	10598.854032331385
3490.0	73	10599.205714121961
3491.0	81	10599.557408393595
3492.0	71	10599.909115146742
3493.0	88	10600.260834381861
3494.0	79	10600.612566099404
3495.0	69	10600.964310299827
3496.0	88	10601.31606698357
3497.0	73	10601.667836151111
3498.0	76	10602.019617802887
3499.0	72	10602.371411939352
3500.0	83	10602.723218560963
3501.0	77	10603.075037668172
3502.0	94	10603.426869261437
3503.0	65	10603.778713341213
3504.0	87	10604.13056990794
3505.0	76	10604.482438962095
3506.0	67	10604.834320504113
3507.0	66	10605.186214534453
3508.0	68	10605.53812105357
3509.0	75	10605.890040061919
3510.0	80	10606.24197155996
3511.0	98	10606.59391554813
3512.0	70	10606.945872026901
3513.0	86	10607.29784099671
3514.0	66	10607.649822458032
3515.0	100	10608.001816411308
3516.0	82	10608.353822856992
3517.0	75	10608.705841795536
3518.0	83	10609.057873227399
3519.0	76	10609.409917153034
3520.0	78	10609.761973572899
3521.0	78	10610.114042487443
3522.0	66	10610.466123897118
3523.0	75	10610.818217802387
3524.0	78	10611.170324203702
3525.0	98	10611.522443101507
3526.0	84	10611.874574496267
3527.0	81	10612.226718388438
3528.0	81	10612.57887477846
3529.0	87	10612.931043666804
3530.0	84	10613.28322505392
3531.0	54	10613.635418940246
3532.0	63	10613.987625326263
3533.0	90	10614.3398442124
3534.0	78	10614.692075599136
3535.0	77	10615.044319486911
3536.0	95	10615.396575876173
3537.0	82	10615.748844767395
3538.0	90	10616.101126161022
3539.0	78	10616.453420057504
3540.0	82	10616.805726457296
3541.0	74	10617.158045360859
3542.0	73	10617.510376768647
3543.0	69	10617.862720681116
3544.0	65	10618.215077098712
3545.0	78	10618.567446021896
3546.0	82	10618.919827451116
3547.0	74	10619.272221386842
3548.0	74	10619.62462782951
3549.0	80	10619.977046779593
3550.0	75	10620.329478237525
3551.0	70	10620.681922203778
3552.0	84	10621.0343786788
3553.0	71	10621.386847663047
3554.0	73	10621.73932915697
3555.0	78	10622.091823161023
3556.0	80	10622.44432967568
3557.0	78	10622.796848701364
3558.0	75	10623.149380238548
3559.0	87	10623.5019242877
3560.0	68	10623.85448084925
3561.0	81	10624.207049923663
3562.0	68	10624.55963151139
3563.0	81	10624.912225612898
3564.0	89	10625.264832228624
3565.0	73	10625.617451359045
3566.0	75	10625.970083004597
3567.0	71	10626.322727165743
3568.0	65	10626.67538384293
3569.0	85	10627.028053036629
3570.0	73	10627.380734747281
3571.0	80	10627.733428975353
3572.0	71	10628.086135721289
3573.0	99	10628.438854985545
3574.0	90	10628.791586768577
3575.0	66	10629.14433107085
3576.0	67	10629.497087892807
3577.0	79	10629.849857234907
3578.0	74	10630.202639097608
3579.0	85	10630.555433481364
3580.0	75	10630.908240386632
3581.0	90	10631.261059813858
3582.0	77	10631.613891763503
3583.0	81	10631.966736236029
3584.0	78	10632.319593231885
3585.0	76	10632.672462751532
3586.0	88	10633.025344795407
3587.0	82	10633.378239363987
3588.0	79	10633.731146457721
3589.0	95	10634.084066077055
3590.0	70	10634.436998222456
3591.0	91	10634.789942894377
3592.0	74	10635.14290009327
3593.0	62	10635.495869819582
3594.0	65	10635.84885207379
3595.0	86	10636.201846856338
3596.0	63	10636.554854167678
3597.0	78	10636.907874008268
3598.0	82	10637.260906378568
3599.0	83	10637.61395127903
3600.0	83	10637.967008710106
3601.0	67	10638.32007867226
3602.0	88	10638.673161165934
3603.0	92	10639.026256191604
3604.0	85	10639.379363749707
3605.0	72	10639.732483840704
3606.0	64	10640.08561646506
3607.0	88	10640.438761623218
3608.0	85	10640.791919315634
3609.0	88	10641.145089542773
3610.0	86	10641.498272305087
3611.0	78	10641.851467603039
3612.0	82	10642.204675437071
3613.0	98	10642.557895807644
3614.0	70	10642.911128715212
3615.0	89	10643.264374160237
3616.0	84	10643.617632143163
3617.0	86	10643.970902664469
3618.0	82	10644.32418572458
3619.0	61	10644.677481323977
3620.0	71	10645.03078946311
3621.0	72	10645.384110142426
3622.0	71	10645.737443362383
3623.0	85	10646.090789123446
3624.0	83	10646.444147426064
3625.0	81	10646.797518270701
3626.0	75	10647.150901657802
3627.0	67	10647.504297587824
3628.0	88	10647.85770606123
3629.0	104	10648.211127078466
3630.0	83	10648.564560640008
3631.0	86	10648.918006746291
3632.0	65	10649.271465397778
3633.0	59	10649.624936594935
3634.0	83	10649.978420338206
3635.0	81	10650.331916628043
3636.0	76	10650.685425464922
3637.0	91	10651.038946849274
3638.0	90	10651.39248078158
3639.0	79	10651.746027262277
3640.0	73	10652.099586291833
3641.0	81	10652.453157870692
3642.0	82	10652.806741999333
3643.0	72	10653.160338678188
3644.0	65	10653.513947907722
3645.0	79	10653.867569688397
3646.0	80	10654.221204020663
3647.0	85	10654.574850904984
3648.0	73	10654.928510341802
3649.0	71	10655.282182331584
3650.0	80	10655.635866874793
3651.0	67	10655.989563971863
3652.0	88	10656.34327362327
3653.0	75	10656.696995829465
3654.0	81	10657.05073059091
3655.0	69	10657.40447790805
3656.0	64	10657.758237781349
3657.0	75	10658.112010211258
3658.0	89	10658.465795198243
3659.0	86	10658.819592742757
3660.0	78	10659.17340284525
3661.0	88	10659.527225506186
3662.0	97	10659.88106072601
3663.0	80	10660.234908505201
3664.0	81	10660.588768844194
3665.0	83	10660.94264174346
3666.0	81	10661.296527203445
3667.0	59	10661.65042522462
3668.0	79	10662.004335807418
3669.0	73	10662.35825895232
3670.0	84	10662.712194659774
3671.0	72	10663.066142930227
3672.0	73	10663.420103764147
3673.0	65	10663.774077161992
3674.0	84	10664.128063124215
3675.0	78	10664.48206165127
3676.0	90	10664.83607274362
3677.0	79	10665.190096401713
3678.0	77	10665.544132626017
3679.0	72	10665.898181416993
3680.0	77	10666.252242775077
3681.0	88	10666.606316700738
3682.0	74	10666.960403194433
3683.0	81	10667.31450225662
3684.0	71	10667.668613887752
3685.0	80	10668.022738088297
3686.0	80	10668.376874858692
3687.0	99	10668.731024199415
3688.0	91	10669.085186110911
3689.0	81	10669.43936059364
3690.0	71	10669.79354764806
3691.0	72	10670.147747274626
3692.0	76	10670.501959473788
3693.0	85	10670.856184246026
3694.0	78	10671.210421591783
3695.0	80	10671.56467151151
3696.0	87	10671.918934005667
3697.0	65	10672.273209074718
3698.0	78	10672.627496719118
3699.0	63	10672.98179693932
3700.0	73	10673.336109735781
3701.0	90	10673.690435108972
3702.0	65	10674.044773059339
3703.0	87	10674.399123587335
3704.0	69	10674.753486693422
3705.0	82	10675.107862378058
3706.0	79	10675.462250641702
3707.0	91	10675.816651484816
3708.0	70	10676.171064907847
3709.0	74	10676.525490911255
3710.0	88	10676.879929495506
3711.0	93	10677.23438066104
3712.0	61	10677.588844408328
3713.0	65	10677.94332073783
3714.0	79	10678.297809649997
3715.0	78	10678.652311145284
3716.0	84	10679.00682522416
3717.0	83	10679.36135188707
3718.0	85	10679.715891134474
3719.0	71	10680.070442966844
3720.0	67	10680.425007384612
3721.0	83	10680.779584388254
3722.0	79	10681.134173978227
3723.0	82	10681.48877615498
3724.0	83	10681.843390918988
3725.0	85	10682.198018270683
3726.0	85	10682.552658210543
3727.0	72	10682.90731073901
3728.0	77	10683.261975856558
3729.0	67	10683.616653563635
3730.0	68	10683.971343860705
3731.0	82	10684.326046748221
3732.0	77	10684.680762226642
3733.0	76	10685.035490296425
3734.0	71	10685.39023095803
3735.0	83	10685.744984211913
3736.0	80	10686.099750058538
3737.0	91	10686.454528498349
3738.0	82	10686.80931953181
3739.0	71	10687.164123159388
3740.0	90	10687.51893938154
3741.0	64	10687.873768198713
3742.0	91	10688.22860961137
3743.0	61	10688.583463619969
3744.0	74	10688.938330224968
3745.0	95	10689.293209426827
3746.0	71	10689.648101225997
3747.0	79	10690.003005622955
3748.0	83	10690.357922618128
3749.0	80	10690.712852212007
3750.0	88	10691.067794405031
3751.0	74	10691.42274919766
3752.0	75	10691.777716590359
3753.0	78	10692.132696583581
3754.0	90	10692.487689177779
3755.0	96	10692.842694373428
3756.0	78	10693.197712170966
3757.0	73	10693.552742570868
3758.0	86	10693.907785573578
3759.0	82	10694.262841179565
3760.0	63	10694.61790938929
3761.0	82	10694.972990203194
3762.0	66	10695.328083621753
3763.0	76	10695.683189645422
3764.0	75	10696.038308274648
3765.0	74	10696.393439509904
3766.0	71	10696.74858335164
3767.0	82	10697.103739800314
3768.0	77	10697.458908856393
3769.0	82	10697.814090520325
3770.0	89	10698.169284792575
3771.0	80	10698.5244916736
3772.0	87	10698.879711163861
3773.0	84	10699.234943263808
3774.0	77	10699.590187973905
3775.0	80	10699.945445294614
3776.0	64	10700.300715226393
3777.0	82	10700.655997769696
3778.0	74	10701.011292924979
3779.0	88	10701.366600692714
3780.0	68	10701.721921073344
3781.0	80	10702.077254067335
3782.0	83	10702.432599675147
3783.0	85	10702.787957897237
3784.0	70	10703.143328734066
3785.0	78	10703.498712186087
3786.0	70	10703.854108253767
3787.0	78	10704.209516937555
3788.0	75	10704.564938237923
3789.0	69	10704.920372155319
3790.0	70	10705.275818690196
3791.0	78	10705.631277843031
3792.0	57	10705.986749614267
3793.0	63	10706.342234004373
3794.0	86	10706.697731013806
3795.0	73	10707.053240643027
3796.0	75	10707.40876289248
3797.0	75	10707.764297762636
3798.0	83	10708.119845253961
3799.0	78	10708.475405366911
3800.0	63	10708.830978101927
3801.0	79	10709.18656345949
3802.0	80	10709.54216144004
3803.0	79	10709.89777204406
3804.0	72	10710.25339527199
3805.0	79	10710.609031124293
3806.0	69	10710.964679601424
3807.0	91	10711.320340703855
3808.0	84	10711.676014432032
3809.0	79	10712.031700786427
3810.0	94	10712.38739976749
3811.0	72	10712.743111375683
3812.0	71	10713.098835611469
3813.0	75	10713.45457247529
3814.0	80	10713.810321967627
3815.0	77	10714.166084088936
3816.0	84	10714.521858839664
3817.0	83	10714.877646220277
3818.0	81	10715.233446231234
3819.0	60	10715.589258872998
3820.0	79	10715.945084146022
3821.0	76	10716.300922050767
3822.0	77	10716.656772587694
3823.0	70	10717.012635757264
3824.0	75	10717.368511559935
3825.0	88	10717.724399996168
3826.0	81	10718.08030106642
3827.0	82	10718.43621477115
3828.0	70	10718.792141110818
3829.0	93	10719.148080085884
3830.0	77	10719.504031696806
3831.0	107	10719.859995944047
3832.0	84	10720.215972828064
3833.0	89	10720.571962349326
3834.0	71	10720.927964508277
3835.0	70	10721.283979305384
3836.0	77	10721.640006741098
3837.0	84	10721.996046815897
3838.0	74	10722.352099530233
3839.0	74	10722.708164884554
3840.0	65	10723.06424287933
3841.0	90	10723.420333515029
3842.0	79	10723.776436792092
3843.0	75	10724.132552710995
3844.0	79	10724.488681272189
3845.0	75	10724.844822476136
3846.0	77	10725.200976323289
3847.0	84	10725.557142814117
3848.0	81	10725.913321949081
3849.0	81	10726.26951372863
3850.0	81	10726.62571815324
3851.0	75	10726.981935223357
3852.0	81	10727.338164939449
3853.0	88	10727.694407301975
3854.0	57	10728.050662311382
3855.0	67	10728.406929968147
3856.0	94	10728.763210272728
3857.0	77	10729.119503225576
3858.0	78	10729.475808827157
3859.0	58	10729.832127077925
3860.0	73	10730.188457978345
3861.0	78	10730.54480152888
3862.0	81	10730.901157729988
3863.0	105	10731.257526582123
3864.0	98	10731.61390808576
3865.0	86	10731.97030224134
3866.0	64	10732.326709049334
3867.0	78	10732.683128510196
3868.0	79	10733.039560624402
3869.0	79	10733.396005392395
3870.0	76	10733.752462814642
3871.0	83	10734.1089328916
3872.0	88	10734.46541562373
3873.0	71	10734.821911011497
3874.0	64	10735.178419055357
3875.0	91	10735.534939755771
3876.0	87	10735.891473113203
3877.0	79	10736.248019128103
3878.0	73	10736.604577800947
3879.0	85	10736.961149132185
3880.0	87	10737.317733122267
3881.0	83	10737.674329771682
3882.0	79	10738.030939080872
3883.0	77	10738.387561050293
3884.0	66	10738.74419568041
3885.0	62	10739.100842971697
3886.0	82	10739.457502924595
3887.0	61	10739.81417553957
3888.0	62	10740.17086081709
3889.0	77	10740.527558757607
3890.0	77	10740.884269361588
3891.0	78	10741.240992629486
3892.0	85	10741.59772856177
3893.0	78	10741.954477158897
3894.0	73	10742.311238421327
3895.0	76	10742.668012349528
3896.0	66	10743.02479894394
3897.0	85	10743.381598205047
3898.0	79	10743.7384101333
3899.0	84	10744.095234729157
3900.0	88	10744.45207199308
3901.0	60	10744.808921925533
3902.0	74	10745.16578452698
3903.0	90	10745.522659797873
3904.0	78	10745.879547738668
3905.0	73	10746.23644834985
3906.0	89	10746.593361631856
3907.0	66	10746.95028758516
3908.0	72	10747.307226210214
3909.0	70	10747.664177507486
3910.0	82	10748.021141477428
3911.0	74	10748.378118120507
3912.0	88	10748.735107437195
3913.0	93	10749.092109427931
3914.0	79	10749.44912409319
3915.0	79	10749.806151433437
3916.0	102	10750.163191449112
3917.0	78	10750.520244140695
3918.0	92	10750.877309508647
3919.0	85	10751.23438755342
3920.0	68	10751.591478275479
3921.0	85	10751.948581675291
3922.0	79	10752.305697753307
3923.0	88	10752.662826509986
3924.0	73	10753.019967945798
3925.0	89	10753.377122061209
3926.0	75	10753.734288856667
3927.0	89	10754.091468332637
3928.0	88	10754.44866048959
3929.0	89	10754.80586532797
3930.0	82	10755.163082848254
3931.0	80	10755.5203130509
3932.0	72	10755.877555936362
3933.0	90	10756.234811505103
3934.0	75	10756.592079757593
3935.0	69	10756.949360694285
3936.0	86	10757.30665431564
3937.0	72	10757.663960622118
3938.0	83	10758.021279614197
3939.0	96	10758.378611292314
3940.0	83	10758.735955656946
3941.0	82	10759.093312708555
3942.0	92	10759.450682447592
3943.0	73	10759.808064874527
3944.0	73	10760.165459989816
3945.0	78	10760.522867793932
3946.0	83	10760.880288287317
3947.0	75	10761.237721470456
3948.0	80	10761.595167343783
3949.0	78	10761.95262590779
3950.0	72	10762.310097162917
3951.0	78	10762.66758110963
3952.0	82	10763.025077748387
3953.0	77	10763.38258707967
3954.0	55	10763.740109103921
3955.0	85	10764.097643821602
3956.0	81	10764.455191233183
3957.0	87	10764.812751339123
3958.0	88	10765.170324139874
3959.0	72	10765.527909635917
3960.0	74	10765.8855078277
3961.0	81	10766.243118715687
3962.0	82	10766.600742300338
3963.0	83	10766.958378582116
3964.0	67	10767.316027561494
3965.0	93	10767.673689238916
3966.0	81	10768.031363614855
3967.0	76	10768.389050689775
3968.0	78	10768.746750464124
3969.0	71	10769.104462938381
3970.0	76	10769.462188112999
3971.0	64	10769.819925988435
3972.0	63	10770.177676565167
3973.0	78	10770.535439843638
3974.0	79	10770.89321582432
3975.0	82	10771.251004507672
3976.0	75	10771.608805894162
3977.0	86	10771.966619984254
3978.0	97	10772.324446778397
3979.0	76	10772.682286277055
3980.0	84	10773.040138480701
3981.0	83	10773.39800338979
3982.0	99	10773.755881004792
3983.0	83	10774.113771326154
3984.0	76	10774.47167435435
3985.0	70	10774.829590089836
3986.0	87	10775.187518533081
3987.0	80	10775.545459684543
3988.0	72	10775.903413544684
3989.0	78	10776.261380113967
3990.0	80	10776.619359392855
3991.0	86	10776.97735138181
3992.0	75	10777.335356081298
3993.0	79	10777.693373491764
3994.0	78	10778.051403613703
3995.0	95	10778.409446447538
3996.0	82	10778.767501993761
3997.0	62	10779.12557025283
3998.0	91	10779.483651225195
3999.0	74	10779.841744911333
4000.0	83	10780.199851311692
4001.0	72	10780.557970426738
4002.0	90	10780.916102256948
4003.0	79	10781.27424680276
4004.0	79	10781.632404064661
4005.0	80	10781.990574043104
4006.0	99	10782.348756738544
4007.0	88	10782.706952151457
4008.0	81	10783.06516028229
4009.0	90	10783.423381131513
4010.0	62	10783.7816146996
4011.0	74	10784.139860986988
4012.0	70	10784.498119994165
4013.0	73	10784.856391721585
4014.0	81	10785.214676169706
4015.0	75	10785.572973338998
4016.0	73	10785.93128322992
4017.0	85	10786.289605842927
4018.0	66	10786.647941178491
4019.0	79	10787.006289237082
4020.0	73	10787.36465001914
4021.0	74	10787.723023525154
4022.0	80	10788.08140975557
4023.0	75	10788.439808710855
4024.0	89	10788.798220391473
4025.0	75	10789.156644797888
4026.0	78	10789.515081930553
4027.0	60	10789.873531789948
4028.0	77	10790.231994376521
4029.0	89	10790.590469690746
4030.0	75	10790.948957733077
4031.0	85	10791.307458503987
4032.0	66	10791.665972003922
4033.0	68	10792.024498233359
4034.0	71	10792.383037192767
4035.0	73	10792.741588882593
4036.0	60	10793.100153303298
4037.0	83	10793.458730455366
4038.0	84	10793.817320339253
4039.0	69	10794.175922955405
4040.0	83	10794.53453830431
4041.0	74	10794.893166386408
4042.0	78	10795.251807202176
4043.0	88	10795.61046075208
4044.0	73	10795.969127036567
4045.0	95	10796.327806056112
4046.0	99	10796.686497811186
4047.0	73	10797.045202302235
4048.0	84	10797.403919529732
4049.0	73	10797.762649494141
4050.0	77	10798.12139219592
4051.0	69	10798.480147635539
4052.0	77	10798.838915813456
4053.0	78	10799.197696730133
4054.0	81	10799.556490386034
4055.0	97	10799.91529678163
4056.0	80	10800.274115917377
4057.0	92	10800.632947793743
4058.0	70	10800.991792411192
4059.0	63	10801.350649770184
4060.0	79	10801.70951987118
4061.0	76	10802.068402714642
4062.0	71	10802.427298301043
4063.0	74	10802.786206630835
4064.0	81	10803.1451277045
4065.0	74	10803.504061522488
4066.0	72	10803.863008085262
4067.0	91	10804.221967393285
4068.0	75	10804.58093944702
4069.0	90	10804.939924246946
4070.0	81	10805.298921793503
4071.0	85	10805.657932087175
4072.0	73	10806.016955128416
4073.0	76	10806.375990917688
4074.0	79	10806.735039455456
4075.0	71	10807.094100742195
4076.0	79	10807.453174778351
4077.0	68	10807.812261564397
4078.0	59	10808.171361100793
4079.0	66	10808.530473388018
4080.0	81	10808.88959842651
4081.0	75	10809.248736216758
4082.0	68	10809.607886759204
4083.0	77	10809.967050054329
4084.0	74	10810.326226102585
4085.0	72	10810.685414904443
4086.0	59	10811.044616460364
4087.0	73	10811.403830770816
4088.0	67	10811.763057836264
4089.0	83	10812.122297657155
4090.0	86	10812.481550233977
4091.0	63	10812.840815567179
4092.0	73	10813.200093657228
4093.0	72	10813.559384504586
4094.0	77	10813.918688109725
4095.0	74	10814.278004473108
4096.0	58	10814.637333595192
4097.0	89	10814.99667547644
4098.0	80	10815.356030117318
4099.0	74	10815.715397518301
4100.0	80	10816.074777679843
4101.0	69	10816.434170602408
4102.0	88	10816.793576286464
4103.0	79	10817.15299473247
4104.0	75	10817.5124259409
4105.0	77	10817.871869912215
4106.0	90	10818.231326646866
4107.0	73	10818.590796145332
4108.0	82	10818.950278408074
4109.0	88	10819.309773435554
4110.0	73	10819.669281228234
4111.0	88	10820.02880178659
4112.0	71	10820.38833511107
4113.0	61	10820.747881202156
4114.0	83	10821.107440060296
4115.0	70	10821.467011685969
4116.0	72	10821.826596079625
4117.0	83	10822.18619324174
4118.0	77	10822.545803172772
4119.0	85	10822.905425873185
4120.0	89	10823.265061343449
4121.0	87	10823.624709584034
4122.0	87	10823.984370595384
4123.0	61	10824.34404437798
4124.0	78	10824.703730932284
4125.0	84	10825.063430258759
4126.0	81	10825.423142357866
4127.0	58	10825.782867230073
4128.0	81	10826.142604875848
4129.0	83	10826.502355295657
4130.0	71	10826.862118489953
4131.0	67	10827.221894459217
4132.0	76	10827.581683203898
4133.0	67	10827.941484724468
4134.0	99	10828.301299021396
4135.0	67	10828.66112609514
4136.0	65	10829.020965946167
4137.0	84	10829.380818574933
4138.0	82	10829.740683981927
4139.0	76	10830.100562167585
4140.0	64	10830.460453132397
4141.0	83	10830.820356876808
4142.0	64	10831.180273401294
4143.0	65	10831.540202706316
4144.0	80	10831.900144792338
4145.0	86	10832.260099659838
4146.0	81	10832.620067309257
4147.0	80	10832.980047741083
4148.0	81	10833.340040955763
4149.0	81	10833.700046953774
4150.0	80	10834.060065735579
4151.0	83	10834.42009730164
4152.0	89	10834.780141652416
4153.0	84	10835.14019878839
4154.0	98	10835.50026871001
4155.0	75	10835.860351417748
4156.0	82	10836.22044691207
4157.0	64	10836.580555193437
4158.0	73	10836.94067626233
4159.0	66	10837.300810119183
4160.0	64	10837.660956764495
4161.0	85	10838.021116198706
4162.0	92	10838.38128842229
4163.0	83	10838.741473435726
4164.0	86	10839.101671239454
4165.0	82	10839.461881833957
4166.0	79	10839.82210521969
4167.0	81	10840.18234139713
4168.0	87	10840.542590366736
4169.0	75	10840.902852128975
4170.0	86	10841.263126684304
4171.0	89	10841.623414033196
4172.0	77	10841.983714176115
4173.0	75	10842.344027113533
4174.0	89	10842.704352845907
4175.0	68	10843.064691373704
4176.0	87	10843.42504269739
4177.0	66	10843.785406817427
4178.0	67	10844.145783734291
4179.0	63	10844.506173448442
4180.0	78	10844.866575960341
4181.0	93	10845.226991270456
4182.0	97	10845.587419379259
4183.0	77	10845.947860287204
4184.0	70	10846.308313994765
4185.0	87	10846.668780502407
4186.0	73	10847.029259810597
4187.0	107	10847.389751919793
4188.0	88	10847.750256830463
4189.0	91	10848.110774543082
4190.0	89	10848.471305058107
4191.0	73	10848.831848376007
4192.0	91	10849.192404497244
4193.0	87	10849.552973422291
4194.0	82	10849.91355515161
4195.0	72	10850.274149685665
4196.0	84	10850.634757024924
4197.0	78	10850.995377169844
4198.0	69	10851.356010120904
4199.0	87	10851.716655878565
4200.0	83	10852.077314443291
4201.0	81	10852.437985815553
4202.0	77	10852.798669995807
4203.0	85	10853.159366984539
4204.0	78	10853.520076782195
4205.0	89	10853.88079938924
4206.0	66	10854.24153480615
4207.0	81	10854.602283033395
4208.0	79	10854.963044071426
4209.0	101	10855.323817920726
4210.0	70	10855.684604581751
4211.0	65	10856.045404054965
4212.0	72	10856.406216340838
4213.0	76	10856.767041439836
4214.0	80	10857.127879352433
4215.0	68	10857.48873007908
4216.0	80	10857.849593620243
4217.0	81	10858.210469976413
4218.0	101	10858.571359148029
4219.0	81	10858.932261135566
4220.0	89	10859.293175939496
4221.0	74	10859.654103560279
4222.0	78	10860.015043998383
4223.0	79	10860.37599725428
4224.0	76	10860.736963328423
4225.0	77	10861.09794222129
4226.0	73	10861.458933933338
4227.0	73	10861.819938465049
4228.0	73	10862.18095581687
4229.0	73	10862.541985989279
4230.0	86	10862.903028982742
4231.0	81	10863.264084797722
4232.0	84	10863.625153434687
4233.0	83	10863.986234894108
4234.0	62	10864.347329176442
4235.0	75	10864.70843628216
4236.0	87	10865.06955621173
4237.0	81	10865.430688965622
4238.0	70	10865.791834544296
4239.0	79	10866.152992948217
4240.0	75	10866.51416417786
4241.0	78	10866.875348233683
4242.0	85	10867.236545116162
4243.0	97	10867.59775482575
4244.0	86	10867.958977362932
4245.0	85	10868.320212728157
4246.0	80	10868.681460921907
4247.0	80	10869.04272194463
4248.0	78	10869.40399579681
4249.0	89	10869.765282478915
4250.0	74	10870.126581991395
4251.0	83	10870.487894334728
4252.0	72	10870.84921950938
4253.0	72	10871.210557515817
4254.0	68	10871.571908354505
4255.0	70	10871.933272025914
4256.0	82	10872.294648530511
4257.0	83	10872.656037868754
4258.0	87	10873.01744004112
4259.0	65	10873.378855048068
4260.0	87	10873.74028289007
4261.0	78	10874.1017235676
4262.0	97	10874.463177081105
4263.0	74	10874.824643431073
4264.0	75	10875.18612261796
4265.0	72	10875.547614642233
4266.0	63	10875.909119504364
4267.0	73	10876.270637204821
4268.0	80	10876.632167744066
4269.0	86	10876.993711122559
4270.0	93	10877.355267340785
4271.0	89	10877.7168363992
4272.0	86	10878.078418298264
4273.0	76	10878.440013038467
4274.0	78	10878.801620620261
4275.0	71	10879.163241044105
4276.0	79	10879.524874310488
4277.0	98	10879.886520419854
4278.0	88	10880.248179372686
4279.0	92	10880.609851169445
4280.0	70	10880.971535810602
4281.0	70	10881.333233296622
4282.0	78	10881.694943627974
4283.0	79	10882.056666805121
4284.0	80	10882.418402828536
4285.0	74	10882.780151698687
4286.0	81	10883.14191341603
4287.0	63	10883.503687981049
4288.0	88	10883.865475394192
4289.0	71	10884.227275655952
4290.0	80	10884.58908876677
4291.0	81	10884.950914727127
4292.0	69	10885.312753537492
4293.0	79	10885.67460519833
4294.0	78	10886.03646971011
4295.0	65	10886.398347073302
4296.0	93	10886.76023728836
4297.0	85	10887.122140355757
4298.0	81	10887.484056275973
4299.0	90	10887.845985049466
4300.0	93	10888.207926676709
4301.0	67	10888.569881158157
4302.0	83	10888.931848494289
4303.0	83	10889.29382868557
4304.0	72	10889.655821732471
4305.0	67	10890.017827635445
4306.0	71	10890.37984639498
4307.0	74	10890.741878011535
4308.0	59	10891.103922485578
4309.0	77	10891.465979817576
4310.0	84	10891.828050007996
4311.0	74	10892.190133057315
4312.0	76	10892.552228965978
4313.0	82	10892.914337734475
4314.0	84	10893.276459363262
4315.0	66	10893.638593852824
4316.0	64	10894.000741203608
4317.0	80	10894.362901416089
4318.0	88	10894.72507449074
4319.0	75	10895.087260428027
4320.0	82	10895.449459228406
4321.0	74	10895.811670892374
4322.0	84	10896.173895420368
4323.0	77	10896.53613281287
4324.0	75	10896.898383070347
4325.0	88	10897.260646193268
4326.0	62	10897.622922182094
4327.0	82	10897.985211037305
4328.0	82	10898.347512759365
4329.0	77	10898.709827348737
4330.0	69	10899.072154805892
4331.0	76	10899.434495131301
4332.0	78	10899.796848325426
4333.0	83	10900.159214388737
4334.0	66	10900.521593321708
4335.0	63	10900.883985124809
4336.0	80	10901.246389798496
4337.0	80	10901.608807343242
4338.0	72	10901.971237759526
4339.0	69	10902.333681047798
4340.0	80	10902.696137208546
4341.0	80	10903.058606242223
4342.0	70	10903.421088149302
4343.0	96	10903.783582930255
4344.0	71	10904.146090585542
4345.0	83	10904.508611115645
4346.0	79	10904.871144521021
4347.0	77	10905.233690802146
4348.0	86	10905.596249959479
4349.0	60	10905.958821993494
4350.0	79	10906.321406904668
4351.0	90	10906.684004693447
4352.0	82	10907.046615360321
4353.0	60	10907.409238905755
4354.0	87	10907.77187533021
4355.0	83	10908.13452463416
4356.0	66	10908.497186818067
4357.0	74	10908.85986188241
4358.0	70	10909.222549827651
4359.0	77	10909.585250654261
4360.0	76	10909.94796436271
4361.0	81	10910.31069095346
4362.0	77	10910.673430426987
4363.0	72	10911.036182783755
4364.0	82	10911.39894802423
4365.0	71	10911.761726148894
4366.0	68	10912.124517158203
4367.0	85	10912.487321052637
4368.0	94	10912.85013783265
4369.0	69	10913.21296749872
4370.0	68	10913.575810051312
4371.0	88	10913.938665490914
4372.0	84	10914.301533817965
4373.0	76	10914.664415032941
4374.0	75	10915.027309136325
4375.0	70	10915.39021612858
4376.0	81	10915.753136010171
4377.0	83	10916.116068781574
4378.0	72	10916.479014443254
4379.0	74	10916.84197299567
4380.0	59	10917.204944439307
4381.0	80	10917.567928774619
4382.0	87	10917.93092600209
4383.0	74	10918.293936122182
4384.0	79	10918.656959135375
4385.0	68	10919.019995042116
4386.0	71	10919.383043842883
4387.0	84	10919.74610553816
4388.0	84	10920.109180128396
4389.0	80	10920.472267614072
4390.0	74	10920.835367995645
4391.0	73	10921.198481273603
4392.0	82	10921.561607448404
4393.0	72	10921.92474652052
4394.0	87	10922.287898490415
4395.0	63	10922.651063358559
4396.0	69	10923.014241125438
4397.0	77	10923.377431791496
4398.0	69	10923.740635357217
4399.0	64	10924.103851823063
4400.0	83	10924.46708118952
4401.0	63	10924.830323457034
4402.0	58	10925.193578626091
4403.0	76	10925.556846697154
4404.0	84	10925.920127670699
4405.0	81	10926.283421547185
4406.0	83	10926.646728327083
4407.0	80	10927.010048010872
4408.0	83	10927.373380599012
4409.0	82	10927.73672609198
4410.0	87	10928.10008449024
4411.0	74	10928.46345579426
4412.0	62	10928.826840004524
4413.0	86	10929.190237121482
4414.0	80	10929.553647145614
4415.0	81	10929.917070077385
4416.0	73	10930.280505917272
4417.0	71	10930.643954665744
4418.0	85	10931.007416323262
4419.0	78	10931.370890890297
4420.0	66	10931.734378367333
4421.0	72	10932.097878754823
4422.0	88	10932.461392053245
4423.0	76	10932.824918263059
4424.0	79	10933.188457384755
4425.0	76	10933.552009418789
4426.0	77	10933.91557436562
4427.0	74	10934.279152225743
4428.0	96	10934.642742999611
4429.0	74	10935.006346687695
4430.0	75	10935.36996329047
4431.0	75	10935.733592808412
4432.0	75	10936.097235241972
4433.0	70	10936.46089059163
4434.0	89	10936.824558857868
4435.0	79	10937.188240041138
4436.0	66	10937.551934141913
4437.0	68	10937.915641160676
4438.0	65	10938.279361097884
4439.0	70	10938.643093954013
4440.0	81	10939.006839729529
4441.0	71	10939.370598424903
4442.0	70	10939.734370040607
4443.0	42	10940.098154577108
4444.0	97	10940.461952034884
4445.0	72	10940.825762414393
4446.0	75	10941.189585716118
4447.0	80	10941.553421940529
4448.0	89	10941.91727108808
4449.0	77	10942.281133159251
4450.0	63	10942.645008154528
4451.0	107	10943.008896074354
4452.0	75	10943.372796919213
4453.0	75	10943.736710689574
4454.0	91	10944.10063738591
4455.0	66	10944.464577008686
4456.0	63	10944.828529558377
4457.0	78	10945.192495035453
4458.0	72	10945.556473440378
4459.0	88	10945.92046477363
4460.0	75	10946.28446903567
4461.0	66	10946.64848622698
4462.0	88	10947.012516348035
4463.0	76	10947.37655939929
4464.0	80	10947.740615381219
4465.0	78	10948.104684294296
4466.0	100	10948.46876613899
4467.0	90	10948.832860915778
4468.0	82	10949.196968625125
4469.0	88	10949.561089267498
4470.0	74	10949.925222843365
4471.0	85	10950.289369353215
4472.0	64	10950.653528797495
4473.0	83	10951.017701176695
4474.0	73	10951.381886491276
4475.0	69	10951.746084741708
4476.0	100	10952.110295928465
4477.0	70	10952.474520052017
4478.0	67	10952.838757112837
4479.0	88	10953.203007111399
4480.0	81	10953.567270048155
4481.0	77	10953.9315459236
4482.0	75	10954.295834738188
4483.0	69	10954.6601364924
4484.0	75	10955.024451186704
4485.0	85	10955.388778821562
4486.0	80	10955.753119397457
4487.0	70	10956.117472914853
4488.0	72	10956.481839374228
4489.0	77	10956.846218776049
4490.0	76	10957.210611120785
4491.0	91	10957.5750164089
4492.0	65	10957.93943464088
4493.0	73	10958.30386581719
4494.0	87	10958.668309938304
4495.0	75	10959.032767004686
4496.0	70	10959.397237016809
4497.0	85	10959.76171997515
4498.0	96	10960.126215880164
4499.0	69	10960.490724732346
4500.0	87	10960.855246532148
4501.0	81	10961.219781280053
4502.0	81	10961.584328976523
4503.0	82	10961.948889622041
4504.0	74	10962.313463217059
4505.0	79	10962.67804976207
4506.0	85	10963.04264925753
4507.0	83	10963.407261703924
4508.0	69	10963.771887101706
4509.0	59	10964.136525451357
4510.0	92	10964.50117675335
4511.0	73	10964.865841008153
4512.0	71	10965.230518216234
4513.0	84	10965.59520837807
4514.0	70	10965.959911494136
4515.0	82	10966.324627564898
4516.0	80	10966.68935659082
4517.0	88	10967.054098572387
4518.0	86	10967.418853510067
4519.0	85	10967.783621404316
4520.0	82	10968.148402255634
4521.0	91	10968.513196064474
4522.0	84	10968.878002831307
4523.0	79	10969.24282255661
4524.0	80	10969.607655240852
4525.0	65	10969.9725008845
4526.0	95	10970.337359488034
4527.0	69	10970.702231051933
4528.0	64	10971.06711557665
4529.0	67	10971.432013062666
4530.0	79	10971.796923510452
4531.0	86	10972.161846920477
4532.0	82	10972.526783293208
4533.0	72	10972.891732629141
4534.0	70	10973.256694928714
4535.0	85	10973.621670192424
4536.0	69	10973.98665842074
4537.0	77	10974.351659614118
4538.0	75	10974.716673773035
4539.0	73	10975.081700897972
4540.0	78	10975.446740989404
4541.0	75	10975.811794047786
4542.0	72	10976.176860073603
4543.0	76	10976.541939067323
4544.0	86	10976.907031029414
4545.0	81	10977.272135960358
4546.0	62	10977.637253860616
4547.0	72	10978.002384730667
4548.0	74	10978.367528570976
4549.0	87	10978.732685382023
4550.0	91	10979.097855164277
4551.0	88	10979.463037918207
4552.0	79	10979.82823364429
4553.0	81	10980.193442343001
4554.0	84	10980.558664014807
4555.0	74	10980.923898660176
4556.0	72	10981.28914627958
4557.0	71	10981.654406873495
4558.0	86	10982.019680442396
4559.0	64	10982.384966986758
4560.0	78	10982.75026650704
4561.0	73	10983.11557900373
4562.0	69	10983.480904477288
4563.0	80	10983.846242928192
4564.0	88	10984.211594356912
4565.0	84	10984.576958763919
4566.0	72	10984.94233614969
4567.0	84	10985.307726514693
4568.0	88	10985.673129859406
4569.0	68	10986.0385461843
4570.0	84	10986.403975489839
4571.0	60	10986.769417776502
4572.0	73	10987.134873044763
4573.0	68	10987.500341295085
4574.0	73	10987.865822527954
4575.0	83	10988.231316743835
4576.0	69	10988.596823943199
4577.0	91	10988.962344126525
4578.0	64	10989.327877294283
4579.0	83	10989.693423446937
4580.0	81	10990.05898258497
4581.0	59	10990.424554708856
4582.0	90	10990.790139819057
4583.0	83	10991.155737916053
4584.0	70	10991.521349000313
4585.0	76	10991.886973072316
4586.0	67	10992.252610132526
4587.0	84	10992.618260181422
4588.0	82	10992.983923219474
4589.0	81	10993.349599247158
4590.0	72	10993.715288264943
4591.0	76	10994.080990273296
4592.0	81	10994.446705272709
4593.0	70	10994.812433263625
4594.0	72	10995.178174246552
4595.0	86	10995.54392822193
4596.0	77	10995.909695190257
4597.0	54	10996.275475152002
4598.0	88	10996.641268107616
4599.0	62	10997.007074057597
4600.0	69	10997.372893002406
4601.0	91	10997.738724942521
4602.0	63	10998.104569878407
4603.0	74	10998.470427810538
4604.0	91	10998.836298739403
4605.0	82	10999.202182665455
4606.0	70	10999.568079589173
4607.0	84	10999.933989511046
4608.0	76	11000.29991243152
4609.0	71	11000.665848351082
4610.0	75	11001.031797270205
4611.0	68	11001.397759189373
4612.0	73	11001.76373410904
4613.0	75	11002.129722029675
4614.0	73	11002.495722951777
4615.0	80	11002.861736875806
4616.0	72	11003.227763802228
4617.0	81	11003.593803731528
4618.0	55	11003.959856664163
4619.0	86	11004.325922600623
4620.0	78	11004.692001541376
4621.0	85	11005.058093486898
4622.0	79	11005.424198437651
4623.0	65	11005.790316394121
4624.0	81	11006.156447356767
4625.0	71	11006.522591326084
4626.0	54	11006.888748302525
4627.0	75	11007.254918286575
4628.0	85	11007.621101278708
4629.0	95	11007.98729727939
4630.0	86	11008.353506289093
4631.0	68	11008.719728308299
4632.0	74	11009.085963337473
4633.0	71	11009.452211377104
4634.0	74	11009.818472427643
4635.0	74	11010.184746489578
4636.0	75	11010.551033563388
4637.0	78	11010.917333649531
4638.0	70	11011.283646748487
4639.0	70	11011.649972860725
4640.0	86	11012.016311986736
4641.0	84	11012.38266412698
4642.0	95	11012.749029281926
4643.0	66	11013.115407452053
4644.0	79	11013.48179863784
4645.0	85	11013.848202839752
4646.0	91	11014.214620058268
4647.0	80	11014.581050293871
4648.0	66	11014.94749354701
4649.0	80	11015.313949818179
4650.0	88	11015.680419107848
4651.0	77	11016.046901416483
4652.0	71	11016.413396744572
4653.0	79	11016.779905092575
4654.0	91	11017.146426460971
4655.0	96	11017.512960850238
4656.0	100	11017.879508260843
4657.0	110	11018.24606869326
4658.0	76	11018.61264214797
4659.0	80	11018.979228625449
4660.0	82	11019.345828126154
4661.0	65	11019.712440650572
4662.0	88	11020.079066199176
4663.0	90	11020.445704772446
4664.0	83	11020.812356370836
4665.0	68	11021.179020994841
4666.0	73	11021.545698644928
4667.0	77	11021.912389321564
4668.0	89	11022.27909302523
4669.0	78	11022.645809756405
4670.0	67	11023.012539515554
4671.0	84	11023.379282303154
4672.0	81	11023.746038119683
4673.0	68	11024.112806965606
4674.0	73	11024.479588841406
4675.0	69	11024.846383747552
4676.0	75	11025.213191684528
4677.0	62	11025.580012652794
4678.0	76	11025.946846652834
4679.0	84	11026.313693685122
4680.0	88	11026.68055375013
4681.0	74	11027.047426848321
4682.0	76	11027.414312980187
4683.0	87	11027.7812121462
4684.0	93	11028.148124346828
4685.0	69	11028.515049582547
4686.0	85	11028.881987853827
4687.0	59	11029.24893916115
4688.0	76	11029.615903504993
4689.0	66	11029.982880885822
4690.0	82	11030.349871304112
4691.0	69	11030.716874760348
4692.0	74	11031.08389125499
4693.0	66	11031.450920788517
4694.0	91	11031.81796336141
4695.0	71	11032.185018974147
4696.0	76	11032.552087627186
4697.0	76	11032.91916932101
4698.0	74	11033.2862640561
4699.0	79	11033.653371832921
4700.0	86	11034.020492651956
4701.0	80	11034.387626513675
4702.0	81	11034.754773418545
4703.0	66	11035.12193336706
4704.0	65	11035.48910635968
4705.0	92	11035.856292396877
4706.0	84	11036.223491479142
4707.0	66	11036.590703606927
4708.0	67	11036.957928780734
4709.0	81	11037.325167001018
4710.0	82	11037.692418268256
4711.0	90	11038.059682582929
4712.0	87	11038.426959945507
4713.0	76	11038.79425035647
4714.0	77	11039.161553816288
4715.0	82	11039.528870325434
4716.0	96	11039.896199884393
4717.0	74	11040.263542493632
4718.0	85	11040.630898153626
4719.0	76	11040.998266864854
4720.0	67	11041.365648627787
4721.0	69	11041.733043442906
4722.0	95	11042.10045131068
4723.0	82	11042.46787223159
4724.0	70	11042.8353062061
4725.0	69	11043.202753234695
4726.0	66	11043.570213317842
4727.0	74	11043.937686456029
4728.0	81	11044.305172649714
4729.0	77	11044.67267189939
4730.0	78	11045.04018420553
4731.0	80	11045.407709568588
4732.0	66	11045.775247989062
4733.0	63	11046.142799467425
4734.0	78	11046.51036400414
4735.0	84	11046.877941599689
4736.0	67	11047.245532254547
4737.0	60	11047.613135969199
4738.0	86	11047.980752744104
4739.0	66	11048.348382579741
4740.0	74	11048.716025476599
4741.0	81	11049.083681435133
4742.0	95	11049.451350455834
4743.0	70	11049.81903253917
4744.0	72	11050.186727685621
4745.0	79	11050.554435895656
4746.0	72	11050.922157169764
4747.0	67	11051.289891508397
4748.0	75	11051.657638912056
4749.0	66	11052.025399381202
4750.0	97	11052.393172916307
4751.0	68	11052.760959517866
4752.0	87	11053.128759186327
4753.0	82	11053.496571922193
4754.0	67	11053.864397725922
4755.0	78	11054.232236597994
4756.0	74	11054.600088538888
4757.0	72	11054.967953549069
4758.0	63	11055.335831629034
4759.0	84	11055.703722779232
4760.0	80	11056.07162700016
4761.0	75	11056.439544292285
4762.0	72	11056.807474656081
4763.0	74	11057.175418092034
4764.0	76	11057.543374600602
4765.0	81	11057.911344182277
4766.0	82	11058.279326837528
4767.0	80	11058.647322566834
4768.0	74	11059.015331370665
4769.0	93	11059.383353249501
4770.0	77	11059.75138820382
4771.0	79	11060.11943623409
4772.0	65	11060.487497340795
4773.0	66	11060.85557152441
4774.0	71	11061.223658785411
4775.0	94	11061.591759124261
4776.0	82	11061.959872541462
4777.0	89	11062.327999037469
4778.0	85	11062.696138612768
4779.0	66	11063.064291267816
4780.0	81	11063.432457003117
4781.0	74	11063.800635819136
4782.0	85	11064.168827716347
4783.0	80	11064.537032695225
4784.0	66	11064.90525075625
4785.0	73	11065.273481899889
4786.0	76	11065.641726126627
4787.0	83	11066.009983436947
4788.0	65	11066.378253831308
4789.0	76	11066.746537310202
4790.0	72	11067.114833874091
4791.0	69	11067.483143523461
4792.0	67	11067.851466258786
4793.0	78	11068.219802080552
4794.0	82	11068.588150989206
4795.0	68	11068.956512985264
4796.0	71	11069.324888069166
4797.0	73	11069.693276241414
4798.0	74	11070.06167750247
4799.0	83	11070.430091852822
4800.0	73	11070.798519292932
4801.0	72	11071.166959823286
4802.0	82	11071.535413444359
4803.0	81	11071.903880156635
4804.0	65	11072.27235996057
4805.0	73	11072.640852856664
4806.0	93	11073.009358845375
4807.0	64	11073.377877927189
4808.0	76	11073.746410102585
4809.0	71	11074.114955372035
4810.0	71	11074.483513736006
4811.0	60	11074.852085195003
4812.0	66	11075.220669749473
4813.0	72	11075.589267399904
4814.0	79	11075.957878146772
4815.0	69	11076.326501990561
4816.0	66	11076.695138931744
4817.0	74	11077.06378897078
4818.0	71	11077.43245210817
4819.0	73	11077.801128344378
4820.0	81	11078.16981767989
4821.0	72	11078.538520115177
4822.0	87	11078.907235650715
4823.0	74	11079.275964286979
4824.0	80	11079.644706024448
4825.0	66	11080.0134608636
4826.0	74	11080.382228804914
4827.0	65	11080.75100984886
4828.0	79	11081.119803995925
4829.0	86	11081.488611246574
4830.0	75	11081.857431601295
4831.0	77	11082.226265060559
4832.0	73	11082.595111624842
4833.0	83	11082.963971294623
4834.0	80	11083.332844070388
4835.0	86	11083.701729952598
4836.0	80	11084.070628941734
4837.0	79	11084.439541038286
4838.0	71	11084.80846624271
4839.0	84	11085.177404555507
4840.0	83	11085.546355977132
4841.0	82	11085.915320508075
4842.0	82	11086.284298148808
4843.0	84	11086.65328889982
4844.0	94	11087.022292761572
4845.0	91	11087.391309734545
4846.0	75	11087.76033981923
4847.0	83	11088.129383016076
4848.0	80	11088.498439325593
4849.0	81	11088.867508748233
4850.0	86	11089.236591284489
4851.0	85	11089.60568693484
4852.0	85	11089.974795699742
4853.0	73	11090.343917579696
4854.0	80	11090.713052575164
4855.0	81	11091.08220068663
4856.0	71	11091.451361914571
4857.0	69	11091.820536259465
4858.0	81	11092.189723721787
4859.0	87	11092.558924302017
4860.0	78	11092.92813800063
4861.0	79	11093.297364818107
4862.0	92	11093.666604754933
4863.0	76	11094.035857811557
4864.0	78	11094.40512398849
4865.0	82	11094.774403286197
4866.0	81	11095.143695705146
4867.0	86	11095.513001245821
4868.0	80	11095.882319908702
4869.0	80	11096.251651694269
4870.0	67	11096.620996602998
4871.0	77	11096.990354635369
4872.0	97	11097.35972579185
4873.0	69	11097.729110072925
4874.0	66	11098.098507479062
4875.0	75	11098.467918010767
4876.0	77	11098.837341668488
4877.0	66	11099.206778452719
4878.0	64	11099.576228363929
4879.0	82	11099.9456914026
4880.0	81	11100.31516756921
4881.0	89	11100.684656864232
4882.0	84	11101.054159288153
4883.0	98	11101.423674841444
4884.0	74	11101.793203524587
4885.0	58	11102.162745338057
4886.0	89	11102.532300282337
4887.0	82	11102.901868357896
4888.0	61	11103.271449565214
4889.0	74	11103.641043904778
4890.0	79	11104.010651377053
4891.0	77	11104.380271982527
4892.0	73	11104.74990572168
4893.0	76	11105.11955259499
4894.0	81	11105.489212602912
4895.0	84	11105.858885745954
4896.0	81	11106.228572024576
4897.0	89	11106.598271439274
4898.0	67	11106.967983990504
4899.0	73	11107.337709678764
4900.0	78	11107.707448504514
4901.0	65	11108.07720046825
4902.0	68	11108.44696557044
4903.0	90	11108.816743811558
4904.0	77	11109.186535192095
4905.0	82	11109.556339712517
4906.0	86	11109.926157373318
4907.0	81	11110.295988174956
4908.0	82	11110.665832117918
4909.0	83	11111.035689202692
4910.0	83	11111.405559429748
4911.0	84	11111.775442799559
4912.0	80	11112.145339312612
4913.0	81	11112.515248969383
4914.0	92	11112.885171770353
4915.0	79	11113.255107715999
4916.0	69	11113.625056806792
4917.0	68	11113.995019043212
4918.0	61	11114.364994425756
4919.0	68	11114.734982954878
4920.0	69	11115.10498463107
4921.0	90	11115.474999454807
4922.0	68	11115.845027426572
4923.0	65	11116.215068546844
4924.0	73	11116.585122816088
4925.0	55	11116.9551902348
4926.0	83	11117.325270803447
4927.0	75	11117.695364522511
4928.0	82	11118.06547139248
4929.0	66	11118.43559141381
4930.0	73	11118.805724586999
4931.0	74	11119.175870912532
4932.0	76	11119.54603039086
4933.0	77	11119.916203022489
4934.0	75	11120.28638880789
4935.0	69	11120.656587747528
4936.0	66	11121.0267998419
4937.0	77	11121.397025091475
4938.0	82	11121.767263496733
4939.0	74	11122.137515058163
4940.0	69	11122.507779776222
4941.0	71	11122.878057651411
4942.0	79	11123.248348684203
4943.0	89	11123.618652875071
4944.0	76	11123.988970224496
4945.0	71	11124.359300732964
4946.0	73	11124.729644400943
4947.0	90	11125.100001228917
4948.0	76	11125.470371217365
4949.0	75	11125.840754366769
4950.0	68	11126.2111506776
4951.0	84	11126.581560150353
4952.0	71	11126.951982785495
4953.0	79	11127.322418583499
4954.0	78	11127.692867544865
4955.0	62	11128.063329670049
4956.0	83	11128.43380495955
4957.0	75	11128.804293413828
4958.0	82	11129.174795033381
4959.0	92	11129.54530981867
4960.0	85	11129.915837770192
4961.0	72	11130.286378888413
4962.0	68	11130.656933173817
4963.0	72	11131.027500626884
4964.0	79	11131.398081248095
4965.0	74	11131.768675037927
4966.0	83	11132.13928199686
4967.0	69	11132.509902125374
4968.0	72	11132.880535423945
4969.0	95	11133.251181893054
4970.0	79	11133.621841533191
4971.0	65	11133.99251434482
4972.0	73	11134.363200328426
4973.0	79	11134.733899484489
4974.0	100	11135.104611813487
4975.0	90	11135.475337315911
4976.0	78	11135.846075992218
4977.0	62	11136.216827842904
4978.0	63	11136.587592868447
4979.0	57	11136.95837106932
4980.0	91	11137.329162446018
4981.0	82	11137.699966999002
4982.0	84	11138.070784728758
4983.0	67	11138.44161563577
4984.0	76	11138.812459720517
4985.0	77	11139.183316983474
4986.0	92	11139.554187425125
4987.0	70	11139.925071045942
4988.0	83	11140.295967846421
4989.0	91	11140.666877827021
4990.0	82	11141.037800988246
4991.0	78	11141.408737330548
4992.0	65	11141.77968685443
4993.0	93	11142.15064956036
4994.0	87	11142.521625448824
4995.0	81	11142.892614520293
4996.0	93	11143.263616775259
4997.0	76	11143.634632214196
4998.0	83	11144.005660837578
4999.0	103	11144.376702645895
5000.0	96	11144.747757639621
5001.0	73	11145.118825819247
5002.0	70	11145.48990718523
5003.0	73	11145.861001738076
5004.0	85	11146.232109478244
5005.0	76	11146.603230406225
5006.0	78	11146.974364522495
5007.0	74	11147.345511827545
5008.0	80	11147.716672321834
5009.0	70	11148.087846005863
5010.0	79	11148.459032880099
5011.0	83	11148.83023294503
5012.0	90	11149.201446201134
5013.0	63	11149.572672648888
5014.0	84	11149.94391228878
5015.0	75	11150.315165121287
5016.0	66	11150.686431146874
5017.0	79	11151.057710366045
5018.0	50	11151.429002779261
5019.0	75	11151.800308387017
5020.0	73	11152.17162718979
5021.0	83	11152.542959188058
5022.0	80	11152.914304382299
5023.0	73	11153.285662772993
5024.0	87	11153.657034360624
5025.0	66	11154.028419145676
5026.0	77	11154.399817128613
5027.0	85	11154.77122830994
5028.0	66	11155.142652690123
5029.0	83	11155.514090269642
5030.0	92	11155.885541048974
5031.0	92	11156.25700502862
5032.0	79	11156.628482209033
5033.0	80	11156.999972590715
5034.0	76	11157.371476174132
5035.0	71	11157.742992959778
5036.0	89	11158.114522948126
5037.0	75	11158.486066139649
5038.0	86	11158.857622534842
5039.0	77	11159.229192134182
5040.0	66	11159.60077493814
5041.0	84	11159.972370947207
5042.0	96	11160.343980161864
5043.0	83	11160.715602582584
5044.0	70	11161.087238209862
5045.0	74	11161.458887044158
5046.0	83	11161.83054908597
5047.0	96	11162.20222433577
5048.0	71	11162.573912794049
5049.0	74	11162.94561446127
5050.0	73	11163.317329337931
5051.0	81	11163.6890574245
5052.0	81	11164.060798721473
5053.0	77	11164.432553229313
5054.0	79	11164.804320948522
5055.0	77	11165.176101879564
5056.0	88	11165.54789602292
5057.0	91	11165.919703379077
5058.0	84	11166.291523948523
5059.0	83	11166.663357731726
5060.0	80	11167.035204729167
5061.0	86	11167.407064941346
5062.0	73	11167.77893836872
5063.0	69	11168.15082501178
5064.0	78	11168.522724871018
5065.0	83	11168.89463794689
5066.0	74	11169.266564239908
5067.0	76	11169.638503750532
5068.0	93	11170.010456479245
5069.0	76	11170.382422426534
5070.0	80	11170.754401592882
5071.0	79	11171.126393978764
5072.0	56	11171.498399584656
5073.0	79	11171.870418411052
5074.0	68	11172.242450458434
5075.0	79	11172.614495727272
5076.0	88	11172.986554218052
5077.0	77	11173.358625931256
5078.0	82	11173.730710867376
5079.0	75	11174.102809026874
5080.0	96	11174.474920410243
5081.0	71	11174.847045017956
5082.0	71	11175.219182850506
5083.0	72	11175.59133390837
5084.0	79	11175.963498192026
5085.0	89	11176.335675701957
5086.0	92	11176.707866438646
5087.0	55	11177.080070402586
5088.0	87	11177.452287594233
5089.0	77	11177.82451801408
5090.0	90	11178.196761662615
5091.0	74	11178.56901854032
5092.0	79	11178.94128864767
5093.0	70	11179.31357198515
5094.0	60	11179.685868553235
5095.0	63	11180.058178352414
5096.0	57	11180.430501383176
5097.0	87	11180.802837645984
5098.0	81	11181.175187141327
5099.0	78	11181.547549869698
5100.0	80	11181.919925831562
5101.0	86	11182.292315027418
5102.0	70	11182.664717457732
5103.0	84	11183.037133122993
5104.0	80	11183.409562023686
5105.0	93	11183.782004160286
5106.0	75	11184.154459533274
5107.0	75	11184.526928143143
5108.0	88	11184.899409990368
5109.0	83	11185.271905075424
5110.0	77	11185.644413398806
5111.0	83	11186.016934960982
5112.0	82	11186.389469762447
5113.0	70	11186.762017803687
5114.0	71	11187.134579085161
5115.0	68	11187.507153607376
5116.0	63	11187.879741370796
5117.0	69	11188.252342375907
5118.0	80	11188.624956623205
5119.0	76	11188.99758411315
5120.0	84	11189.370224846245
5121.0	81	11189.742878822955
5122.0	65	11190.115546043773
5123.0	67	11190.488226509175
5124.0	85	11190.860920219653
5125.0	79	11191.233627175681
5126.0	86	11191.606347377741
5127.0	90	11191.979080826315
5128.0	79	11192.351827521887
5129.0	75	11192.724587464943
5130.0	67	11193.097360655964
5131.0	78	11193.47014709543
5132.0	84	11193.842946783816
5133.0	86	11194.215759721616
5134.0	68	11194.58858590931
5135.0	67	11194.961425347377
5136.0	72	11195.334278036304
5137.0	74	11195.707143976566
5138.0	83	11196.080023168657
5139.0	90	11196.452915613054
5140.0	65	11196.825821310233
5141.0	74	11197.198740260681
5142.0	76	11197.57167246488
5143.0	80	11197.94461792332
5144.0	76	11198.317576636471
5145.0	70	11198.690548604824
5146.0	75	11199.063533828863
5147.0	82	11199.43653230907
5148.0	73	11199.809544045915
5149.0	73	11200.182569039895
5150.0	82	11200.55560729149
5151.0	69	11200.92865880118
5152.0	75	11201.301723569446
5153.0	69	11201.67480159678
5154.0	76	11202.047892883653
5155.0	75	11202.420997430549
5156.0	84	11202.79411523796
5157.0	78	11203.167246306364
5158.0	80	11203.540390636248
5159.0	98	11203.913548228082
5160.0	55	11204.28671908236
5161.0	80	11204.659903199563
5162.0	74	11205.033100580178
5163.0	73	11205.406311224675
5164.0	73	11205.779535133546
5165.0	74	11206.152772307274
5166.0	77	11206.52602274634
5167.0	94	11206.899286451231
5168.0	67	11207.272563422423
5169.0	63	11207.645853660402
5170.0	75	11208.019157165652
5171.0	90	11208.392473938662
5172.0	82	11208.765803979904
5173.0	75	11209.139147289865
5174.0	65	11209.512503869035
5175.0	61	11209.885873717883
5176.0	74	11210.259256836904
5177.0	93	11210.632653226578
5178.0	67	11211.006062887387
5179.0	95	11211.37948581982
5180.0	83	11211.752922024347
5181.0	74	11212.126371501465
5182.0	71	11212.499834251654
5183.0	84	11212.873310275385
5184.0	74	11213.246799573159
5185.0	69	11213.620302145453
5186.0	48	11213.99381799274
5187.0	72	11214.367347115523
5188.0	82	11214.740889514273
5189.0	76	11215.114445189472
5190.0	71	11215.488014141605
5191.0	72	11215.861596371156
5192.0	82	11216.235191878619
5193.0	65	11216.608800664453
5194.0	80	11216.982422729168
5195.0	78	11217.356058073228
5196.0	66	11217.72970669713
5197.0	69	11218.10336860135
5198.0	78	11218.47704378638
5199.0	77	11218.850732252688
5200.0	79	11219.22443400077
5201.0	74	11219.5981490311
5202.0	76	11219.971877344178
5203.0	88	11220.345618940473
5204.0	76	11220.719373820471
5205.0	70	11221.09314198466
5206.0	70	11221.466923433522
5207.0	72	11221.840718167537
5208.0	77	11222.214526187192
5209.0	84	11222.588347492974
5210.0	88	11222.96218208536
5211.0	64	11223.336029964843
5212.0	77	11223.709891131895
5213.0	64	11224.083765587005
5214.0	74	11224.457653330663
5215.0	77	11224.831554363347
5216.0	97	11225.205468685535
5217.0	94	11225.579396297724
5218.0	80	11225.95333720039
5219.0	70	11226.327291394022
5220.0	86	11226.70125887909
5221.0	84	11227.075239656093
5222.0	77	11227.44923372551
5223.0	75	11227.82324108783
5224.0	66	11228.19726174352
5225.0	59	11228.571295693086
5226.0	77	11228.945342936999
5227.0	95	11229.319403475742
5228.0	96	11229.693477309811
5229.0	65	11230.067564439676
5230.0	68	11230.441664865837
5231.0	83	11230.815778588758
5232.0	68	11231.189905608935
5233.0	74	11231.564045926862
5234.0	79	11231.938199542996
5235.0	65	11232.312366457847
5236.0	75	11232.686546671895
5237.0	70	11233.060740185609
5238.0	66	11233.434946999489
5239.0	92	11233.809167114008
5240.0	87	11234.183400529659
5241.0	87	11234.557647246917
5242.0	92	11234.931907266284
5243.0	62	11235.306180588224
5244.0	66	11235.680467213237
5245.0	77	11236.05476714179
5246.0	65	11236.42908037439
5247.0	74	11236.803406911502
5248.0	75	11237.177746753618
5249.0	69	11237.552099901222
5250.0	80	11237.926466354802
5251.0	77	11238.300846114837
5252.0	76	11238.675239181819
5253.0	78	11239.049645556219
5254.0	64	11239.424065238538
5255.0	74	11239.798498229244
5256.0	82	11240.17294452884
5257.0	76	11240.547404137797
5258.0	78	11240.921877056595
5259.0	66	11241.29636328574
5260.0	84	11241.670862825697
5261.0	76	11242.045375676953
5262.0	85	11242.419901840003
5263.0	61	11242.794441315324
5264.0	65	11243.168994103406
5265.0	89	11243.543560204731
5266.0	74	11243.918139619775
5267.0	70	11244.29273234904
5268.0	65	11244.667338392994
5269.0	59	11245.041957752137
5270.0	88	11245.416590426938
5271.0	70	11245.791236417896
5272.0	65	11246.165895725491
5273.0	68	11246.540568350198
5274.0	66	11246.915254292515
5275.0	79	11247.28995355293
5276.0	80	11247.66466613192
5277.0	70	11248.03939202996
5278.0	86	11248.414131247555
5279.0	69	11248.788883785175
5280.0	67	11249.163649643317
5281.0	64	11249.538428822454
5282.0	87	11249.913221323084
5283.0	75	11250.288027145678
5284.0	74	11250.66284629073
5285.0	81	11251.037678758723
5286.0	63	11251.41252455015
5287.0	67	11251.787383665482
5288.0	92	11252.16225610521
5289.0	71	11252.53714186982
5290.0	86	11252.912040959798
5291.0	80	11253.286953375635
5292.0	76	11253.6618791178
5293.0	86	11254.036818186782
5294.0	78	11254.411770583085
5295.0	78	11254.786736307176
5296.0	68	11255.161715359542
5297.0	80	11255.536707740688
5298.0	78	11255.911713451063
5299.0	90	11256.286732491191
5300.0	75	11256.661764861528
5301.0	81	11257.03681056257
5302.0	79	11257.411869594805
5303.0	81	11257.786941958715
5304.0	60	11258.162027654795
5305.0	79	11258.53712668352
5306.0	82	11258.91223904537
5307.0	103	11259.287364740841
5308.0	78	11259.662503770416
5309.0	72	11260.037656134582
5310.0	80	11260.412821833825
5311.0	63	11260.788000868632
5312.0	71	11261.163193239476
5313.0	64	11261.538398946856
5314.0	63	11261.913617991253
5315.0	82	11262.288850373154
5316.0	79	11262.664096093045
5317.0	76	11263.039355151408
5318.0	69	11263.414627548736
5319.0	73	11263.789913285507
5320.0	78	11264.165212362206
5321.0	77	11264.540524779333
5322.0	73	11264.915850537353
5323.0	76	11265.291189636762
5324.0	68	11265.666542078054
5325.0	65	11266.041907861703
5326.0	57	11266.4172869882
5327.0	69	11266.792679458025
5328.0	83	11267.168085271664
5329.0	87	11267.54350442962
5330.0	65	11267.918936932363
5331.0	73	11268.294382780377
5332.0	76	11268.669841974153
5333.0	70	11269.04531451418
5334.0	79	11269.420800400943
5335.0	85	11269.796299634925
5336.0	78	11270.171812216617
5337.0	80	11270.547338146496
5338.0	81	11270.92287742505
5339.0	72	11271.298430052773
5340.0	59	11271.673996030151
5341.0	75	11272.049575357662
5342.0	84	11272.425168035794
5343.0	77	11272.800774065037
5344.0	71	11273.176393445876
5345.0	83	11273.552026178799
5346.0	83	11273.92767226428
5347.0	75	11274.303331702818
5348.0	82	11274.679004494901
5349.0	73	11275.054690641009
5350.0	98	11275.430390141628
5351.0	67	11275.806102997245
5352.0	85	11276.181829208352
5353.0	79	11276.557568775424
5354.0	72	11276.933321698954
5355.0	79	11277.30908797944
5356.0	72	11277.684867617356
5357.0	62	11278.060660613175
5358.0	71	11278.436466967403
5359.0	76	11278.812286680522
5360.0	76	11279.188119753018
5361.0	69	11279.563966185378
5362.0	91	11279.939825978092
5363.0	78	11280.315699131635
5364.0	91	11280.691585646506
5365.0	86	11281.067485523192
5366.0	78	11281.443398762165
5367.0	66	11281.819325363924
5368.0	68	11282.195265328946
5369.0	73	11282.571218657722
5370.0	86	11282.94718535075
5371.0	74	11283.323165408501
5372.0	62	11283.699158831472
5373.0	85	11284.075165620145
5374.0	77	11284.451185775004
5375.0	87	11284.827219296543
5376.0	81	11285.203266185246
5377.0	80	11285.579326441588
5378.0	67	11285.955400066074
5379.0	72	11286.331487059184
5380.0	76	11286.707587421402
5381.0	90	11287.083701153222
5382.0	66	11287.459828255114
5383.0	79	11287.835968727582
5384.0	89	11288.21212257111
5385.0	74	11288.58828978618
5386.0	90	11288.964470373287
5387.0	74	11289.34066433291
5388.0	70	11289.716871665536
5389.0	80	11290.093092371655
5390.0	91	11290.469326451755
5391.0	87	11290.845573906321
5392.0	80	11291.221834735836
5393.0	76	11291.59810894079
5394.0	74	11291.97439652168
5395.0	87	11292.35069747898
5396.0	74	11292.72701181318
5397.0	62	11293.10333952477
5398.0	82	11293.479680614242
5399.0	75	11293.856035082077
5400.0	95	11294.232402928756
5401.0	86	11294.608784154776
5402.0	80	11294.98517876062
5403.0	95	11295.36158674678
5404.0	78	11295.73800811373
5405.0	69	11296.114442861975
5406.0	72	11296.490890991992
5407.0	84	11296.867352504276
5408.0	74	11297.243827399303
5409.0	72	11297.620315677563
5410.0	65	11297.99681733955
5411.0	91	11298.373332385747
5412.0	66	11298.749860816644
5413.0	75	11299.12640263273
5414.0	74	11299.502957834486
5415.0	80	11299.879526422399
5416.0	74	11300.256108396965
5417.0	62	11300.632703758667
5418.0	76	11301.009312507991
5419.0	72	11301.385934645425
5420.0	71	11301.762570171459
5421.0	75	11302.139219086579
5422.0	69	11302.515881391268
5423.0	84	11302.892557086021
5424.0	88	11303.269246171323
5425.0	78	11303.645948647661
5426.0	73	11304.022664515529
5427.0	87	11304.399393775397
5428.0	86	11304.776136427778
5429.0	78	11305.152892473136
5430.0	90	11305.529661911969
5431.0	81	11305.906444744773
5432.0	74	11306.28324097202
5433.0	75	11306.660050594211
5434.0	67	11307.036873611823
5435.0	62	11307.413710025352
5436.0	70	11307.790559835279
5437.0	68	11308.167423042101
5438.0	60	11308.544299646295
5439.0	82	11308.921189648358
5440.0	77	11309.29809304878
5441.0	83	11309.675009848037
5442.0	75	11310.051940046622
5443.0	84	11310.428883645029
5444.0	61	11310.805840643738
5445.0	77	11311.182811043243
5446.0	82	11311.559794844026
5447.0	68	11311.936792046585
5448.0	85	11312.313802651393
5449.0	66	11312.690826658947
5450.0	99	11313.067864069742
5451.0	89	11313.444914884252
5452.0	80	11313.821979102975
5453.0	43	11314.199056726395
5454.0	73	11314.576147755002
5455.0	66	11314.953252189285
5456.0	64	11315.330370029731
5457.0	82	11315.707501276825
5458.0	78	11316.084645931065
5459.0	85	11316.46180399292
5460.0	83	11316.838975462906
5461.0	90	11317.21616034148
5462.0	70	11317.593358629154
5463.0	89	11317.970570326414
5464.0	57	11318.347795433738
5465.0	77	11318.725033951618
5466.0	70	11319.102285880545
5467.0	86	11319.47955122101
5468.0	87	11319.856829973492
5469.0	91	11320.23412213849
5470.0	75	11320.611427716485
5471.0	72	11320.988746707968
5472.0	81	11321.36607911343
5473.0	83	11321.743424933355
5474.0	79	11322.120784168237
5475.0	70	11322.498156818558
5476.0	83	11322.875542884818
5477.0	76	11323.252942367482
5478.0	73	11323.630355267067
5479.0	73	11324.007781584045
5480.0	79	11324.385221318907
5481.0	78	11324.762674472146
5482.0	78	11325.140141044241
5483.0	83	11325.51762103569
5484.0	87	11325.895114446988
5485.0	72	11326.27262127861
5486.0	55	11326.650141531045
5487.0	77	11327.027675204794
5488.0	94	11327.405222300333
5489.0	73	11327.782782818154
5490.0	68	11328.16035675875
5491.0	75	11328.537944122618
5492.0	87	11328.915544910222
5493.0	62	11329.29315912207
5494.0	85	11329.67078675865
5495.0	75	11330.048427820442
5496.0	91	11330.426082307948
5497.0	83	11330.803750221643
5498.0	81	11331.181431562023
5499.0	82	11331.559126329583
5500.0	74	11331.936834524797
5501.0	80	11332.314556148167
5502.0	83	11332.692291200174
5503.0	74	11333.070039681312
5504.0	75	11333.44780159207
5505.0	87	11333.825576932933
5506.0	78	11334.203365704394
5507.0	94	11334.581167906943
5508.0	76	11334.958983541062
5509.0	75	11335.336812607247
5510.0	61	11335.714655105989
5511.0	77	11336.092511037774
5512.0	72	11336.470380403092
5513.0	82	11336.84826320242
5514.0	88	11337.226159436274
5515.0	91	11337.604069105117
5516.0	75	11337.98199220945
5517.0	74	11338.359928749771
5518.0	78	11338.737878726546
5519.0	77	11339.115842140287
5520.0	65	11339.493818991472
5521.0	79	11339.871809280596
5522.0	70	11340.24981300814
5523.0	91	11340.627830174604
5524.0	81	11341.005860780464
5525.0	62	11341.383904826229
5526.0	80	11341.76196231237
5527.0	69	11342.140033239388
5528.0	69	11342.518117607766
5529.0	55	11342.896215417992
5530.0	74	11343.27432667056
5531.0	73	11343.652451365964
5532.0	83	11344.030589504686
5533.0	56	11344.408741087218
5534.0	81	11344.786906114052
5535.0	84	11345.165084585666
5536.0	87	11345.543276502573
5537.0	76	11345.921481865238
5538.0	65	11346.299700674166
5539.0	71	11346.677932929848
5540.0	69	11347.056178632762
5541.0	74	11347.4344377834
5542.0	78	11347.81271038226
5543.0	86	11348.19099642983
5544.0	86	11348.56929592659
5545.0	88	11348.947608873043
5546.0	86	11349.325935269668
5547.0	76	11349.704275116965
5548.0	72	11350.082628415415
5549.0	71	11350.460995165515
5550.0	77	11350.839375367746
5551.0	94	11351.217769022609
5552.0	66	11351.596176130588
5553.0	70	11351.97459669217
5554.0	74	11352.353030707847
5555.0	82	11352.73147817811
5556.0	74	11353.109939103451
5557.0	85	11353.488413484365
5558.0	72	11353.866901321335
5559.0	79	11354.245402614839
5560.0	58	11354.623917365388
5561.0	70	11355.002445573466
5562.0	80	11355.380987239565
5563.0	68	11355.759542364163
5564.0	75	11356.138110947759
5565.0	68	11356.516692990845
5566.0	88	11356.8952884939
5567.0	79	11357.273897457439
5568.0	64	11357.652519881924
5569.0	79	11358.031155767865
5570.0	83	11358.40980511574
5571.0	76	11358.788467926048
5572.0	82	11359.167144199271
5573.0	78	11359.545833935908
5574.0	83	11359.924537136441
5575.0	73	11360.30325380137
5576.0	97	11360.681983931174
5577.0	52	11361.06072752635
5578.0	82	11361.439484587392
5579.0	76	11361.818255114786
5580.0	68	11362.197039109024
5581.0	67	11362.57583657059
5582.0	84	11362.954647499986
5583.0	61	11363.333471897695
5584.0	72	11363.712309764202
5585.0	82	11364.091161100008
5586.0	69	11364.470025905603
5587.0	81	11364.84890418148
5588.0	81	11365.227795928116
5589.0	95	11365.60670114601
5590.0	71	11365.985619835656
5591.0	72	11366.36455199754
5592.0	80	11366.743497632153
5593.0	73	11367.12245673999
5594.0	62	11367.501429321537
5595.0	60	11367.880415377282
5596.0	85	11368.259414907718
5597.0	72	11368.638427913349
5598.0	71	11369.017454394645
5599.0	83	11369.396494352111
5600.0	78	11369.77554778623
5601.0	72	11370.154614697502
5602.0	68	11370.533695086408
5603.0	86	11370.912788953445
5604.0	85	11371.291896299097
5605.0	67	11371.671017123861
5606.0	75	11372.050151428226
5607.0	61	11372.429299212688
5608.0	73	11372.808460477732
5609.0	70	11373.187635223843
5610.0	81	11373.566823451532
5611.0	63	11373.946025161267
5612.0	69	11374.325240353555
5613.0	88	11374.704469028886
5614.0	91	11375.083711187743
5615.0	70	11375.462966830617
5616.0	61	11375.842235958005
5617.0	84	11376.221518570404
5618.0	71	11376.600814668289
5619.0	70	11376.980124252159
5620.0	65	11377.359447322511
5621.0	80	11377.738783879833
5622.0	75	11378.118133924614
5623.0	73	11378.497497457338
5624.0	78	11378.876874478508
5625.0	66	11379.256264988608
5626.0	59	11379.635668988136
5627.0	72	11380.015086477582
5628.0	90	11380.394517457433
5629.0	87	11380.773961928182
5630.0	69	11381.153419890325
5631.0	72	11381.53289134434
5632.0	77	11381.912376290738
5633.0	64	11382.291874729997
5634.0	74	11382.671386662612
5635.0	69	11383.050912089066
5636.0	69	11383.430451009868
5637.0	70	11383.810003425502
5638.0	72	11384.189569336459
5639.0	87	11384.569148743216
5640.0	99	11384.948741646283
5641.0	83	11385.328348046158
5642.0	81	11385.707967943305
5643.0	80	11386.087601338244
5644.0	86	11386.467248231447
5645.0	95	11386.846908623416
5646.0	65	11387.226582514646
5647.0	67	11387.606269905613
5648.0	67	11387.98597079682
5649.0	67	11388.36568518876
5650.0	91	11388.745413081922
5651.0	82	11389.125154476791
5652.0	80	11389.504909373873
5653.0	88	11389.884677773649
5654.0	54	11390.264459676615
5655.0	77	11390.644255083258
5656.0	98	11391.024063994073
5657.0	81	11391.403886409555
5658.0	79	11391.783722330189
5659.0	66	11392.163571756484
5660.0	71	11392.54343468891
5661.0	83	11392.923311127965
5662.0	62	11393.30320107415
5663.0	89	11393.68310452795
5664.0	97	11394.063021489856
5665.0	69	11394.442951960371
5666.0	74	11394.82289593997
5667.0	73	11395.20285342915
5668.0	68	11395.582824428411
5669.0	86	11395.96280893824
5670.0	62	11396.342806959134
5671.0	73	11396.722818491578
5672.0	78	11397.102843536064
5673.0	74	11397.48288209309
5674.0	84	11397.862934163148
5675.0	74	11398.24299974672
5676.0	84	11398.623078844315
5677.0	85	11399.003171456401
5678.0	68	11399.3832775835
5679.0	72	11399.76339722609
5680.0	82	11400.143530384652
5681.0	70	11400.523677059697
5682.0	83	11400.90383725171
5683.0	96	11401.284010961177
5684.0	69	11401.664198188606
5685.0	92	11402.044398934468
5686.0	77	11402.424613199268
5687.0	78	11402.80484098351
5688.0	74	11403.185082287659
5689.0	82	11403.56533711223
5690.0	63	11403.945605457713
5691.0	71	11404.325887324587
5692.0	87	11404.706182713357
5693.0	75	11405.08649162451
5694.0	72	11405.46681405854
5695.0	86	11405.84715001594
5696.0	70	11406.227499497205
5697.0	70	11406.607862502824
5698.0	86	11406.988239033288
5699.0	79	11407.368629089093
5700.0	81	11407.749032670734
5701.0	77	11408.12944977869
5702.0	77	11408.509880413476
5703.0	79	11408.890324575574
5704.0	82	11409.270782265472
5705.0	73	11409.651253483657
5706.0	77	11410.031738230642
5707.0	78	11410.412236506905
5708.0	76	11410.792748312952
5709.0	82	11411.17327364926
5710.0	76	11411.553812516326
5711.0	81	11411.934364914641
5712.0	73	11412.314930844717
5713.0	64	11412.695510307023
5714.0	75	11413.076103302063
5715.0	72	11413.456709830329
5716.0	75	11413.837329892307
5717.0	95	11414.217963488505
5718.0	71	11414.598610619403
5719.0	74	11414.9792712855
5720.0	70	11415.359945487287
5721.0	73	11415.740633225258
5722.0	80	11416.121334499898
5723.0	74	11416.502049311717
5724.0	69	11416.882777661192
5725.0	77	11417.263519548824
5726.0	68	11417.644274975108
5727.0	65	11418.02504394053
5728.0	60	11418.405826445589
5729.0	68	11418.786622490781
5730.0	79	11419.16743207659
5731.0	86	11419.548255203514
5732.0	65	11419.929091872047
5733.0	80	11420.309942082682
5734.0	73	11420.690805835908
5735.0	72	11421.071683132222
5736.0	85	11421.452573972123
5737.0	68	11421.8334783561
5738.0	77	11422.214396284638
5739.0	81	11422.595327758241
5740.0	74	11422.97627277739
5741.0	77	11423.3572313426
5742.0	79	11423.738203454344
5743.0	82	11424.119189113126
5744.0	67	11424.500188319438
5745.0	72	11424.881201073775
5746.0	75	11425.262227376625
5747.0	69	11425.64326722848
5748.0	79	11426.024320629844
5749.0	66	11426.405387581199
5750.0	56	11426.78646808305
5751.0	70	11427.167562135879
5752.0	92	11427.548669740187
5753.0	85	11427.929790896469
5754.0	74	11428.31092560521
5755.0	74	11428.692073866914
5756.0	67	11429.073235682066
5757.0	82	11429.454411051167
5758.0	75	11429.8355999747
5759.0	90	11430.21680245318
5760.0	73	11430.598018487075
5761.0	80	11430.979248076894
5762.0	73	11431.360491223135
5763.0	79	11431.741747926275
5764.0	73	11432.123018186816
5765.0	68	11432.504302005256
5766.0	82	11432.88559938209
5767.0	73	11433.266910317805
5768.0	82	11433.6482348129
5769.0	79	11434.029572867857
5770.0	74	11434.410924483193
5771.0	74	11434.792289659383
5772.0	81	11435.173668396921
5773.0	63	11435.555060696315
5774.0	67	11435.936466558042
5775.0	65	11436.317885982615
5776.0	83	11436.699318970512
5777.0	74	11437.080765522238
5778.0	66	11437.462225638274
5779.0	80	11437.843699319126
5780.0	67	11438.225186565292
5781.0	82	11438.60668737725
5782.0	84	11438.988201755503
5783.0	72	11439.369729700544
5784.0	64	11439.751271212866
5785.0	85	11440.132826292971
5786.0	76	11440.514394941347
5787.0	65	11440.895977158481
5788.0	73	11441.277572944888
5789.0	67	11441.659182301044
5790.0	64	11442.040805227442
5791.0	67	11442.422441724593
5792.0	70	11442.804091792974
5793.0	78	11443.185755433093
5794.0	75	11443.567432645435
5795.0	84	11443.949123430497
5796.0	75	11444.330827788777
5797.0	72	11444.712545720762
5798.0	68	11445.094277226955
5799.0	76	11445.476022307841
5800.0	77	11445.857780963926
5801.0	75	11446.239553195697
5802.0	83	11446.621339003654
5803.0	69	11447.003138388278
5804.0	101	11447.384951350085
5805.0	67	11447.766777889552
5806.0	72	11448.148618007175
5807.0	67	11448.530471703456
5808.0	69	11448.912338978891
5809.0	79	11449.29421983397
5810.0	70	11449.676114269183
5811.0	75	11450.058022285033
5812.0	79	11450.439943882011
5813.0	79	11450.821879060615
5814.0	75	11451.203827821337
5815.0	66	11451.585790164669
5816.0	92	11451.967766091107
5817.0	76	11452.349755601148
5818.0	85	11452.731758695294
5819.0	65	11453.113775374022
5820.0	71	11453.495805637845
5821.0	83	11453.877849487248
5822.0	71	11454.259906922724
5823.0	57	11454.641977944773
5824.0	70	11455.024062553894
5825.0	76	11455.406160750576
5826.0	71	11455.788272535312
5827.0	76	11456.170397908598
5828.0	79	11456.55253687094
5829.0	71	11456.934689422815
5830.0	81	11457.31685556472
5831.0	84	11457.699035297173
5832.0	79	11458.081228620646
5833.0	69	11458.463435535643
5834.0	74	11458.845656042651
5835.0	69	11459.22789014218
5836.0	72	11459.610137834707
5837.0	72	11459.992399120743
5838.0	78	11460.374674000785
5839.0	76	11460.756962475309
5840.0	77	11461.139264544823
5841.0	84	11461.521580209825
5842.0	77	11461.903909470808
5843.0	91	11462.286252328253
5844.0	75	11462.66860878268
5845.0	67	11463.05097883457
5846.0	94	11463.43336248442
5847.0	73	11463.815759732724
5848.0	73	11464.198170579983
5849.0	67	11464.580595026684
5850.0	68	11464.963033073334
5851.0	76	11465.345484720412
5852.0	72	11465.72794996843
5853.0	91	11466.11042881787
5854.0	59	11466.492921269239
5855.0	63	11466.87542732303
5856.0	78	11467.257946979738
5857.0	51	11467.640480239848
5858.0	66	11468.023027103869
5859.0	75	11468.405587572293
5860.0	71	11468.788161645614
5861.0	56	11469.170749324323
5862.0	78	11469.553350608925
5863.0	79	11469.935965499913
5864.0	86	11470.318593997777
5865.0	77	11470.70123610302
5866.0	60	11471.083891816133
5867.0	80	11471.466561137613
5868.0	77	11471.849244067957
5869.0	84	11472.231940607662
5870.0	74	11472.614650757216
5871.0	89	11472.997374517126
5872.0	65	11473.38011188788
5873.0	71	11473.762862869979
5874.0	68	11474.145627463911
5875.0	76	11474.528405670184
5876.0	77	11474.91119748928
5877.0	75	11475.294002921702
5878.0	65	11475.67682196795
5879.0	71	11476.059654628514
5880.0	75	11476.442500903893
5881.0	90	11476.825360794583
5882.0	89	11477.208234301077
5883.0	71	11477.591121423868
5884.0	80	11477.974022163464
5885.0	72	11478.35693652035
5886.0	81	11478.73986449503
5887.0	72	11479.122806087991
5888.0	78	11479.505761299733
5889.0	66	11479.888730130759
5890.0	67	11480.27171258156
5891.0	75	11480.654708652624
5892.0	67	11481.037718344462
5893.0	84	11481.420741657565
5894.0	72	11481.803778592419
5895.0	88	11482.186829149536
5896.0	73	11482.569893329399
5897.0	72	11482.952971132518
5898.0	72	11483.336062559381
5899.0	69	11483.71916761048
5900.0	80	11484.102286286321
5901.0	83	11484.485418587388
5902.0	84	11484.868564514192
5903.0	66	11485.251724067219
5904.0	86	11485.634897246973
5905.0	66	11486.018084053945
5906.0	65	11486.401284488633
5907.0	72	11486.784498551528
5908.0	68	11487.16772624314
5909.0	91	11487.550967563959
5910.0	65	11487.934222514468
5911.0	76	11488.317491095184
5912.0	75	11488.700773306591
5913.0	91	11489.08406914919
5914.0	80	11489.467378623487
5915.0	83	11489.850701729956
5916.0	62	11490.234038469114
5917.0	75	11490.617388841445
5918.0	59	11491.000752847453
5919.0	77	11491.384130487635
5920.0	69	11491.767521762486
5921.0	71	11492.150926672499
5922.0	75	11492.534345218179
5923.0	79	11492.917777400015
5924.0	77	11493.301223218503
5925.0	69	11493.68468267414
5926.0	72	11494.068155767438
5927.0	74	11494.45164249887
5928.0	85	11494.83514286896
5929.0	55	11495.218656878178
5930.0	61	11495.602184527033
5931.0	66	11495.985725816023
5932.0	86	11496.369280745641
5933.0	63	11496.752849316394
5934.0	78	11497.136431528772
5935.0	60	11497.520027383262
5936.0	79	11497.903636880379
5937.0	82	11498.287260020606
5938.0	76	11498.670896804444
5939.0	75	11499.0545472324
5940.0	89	11499.438211304954
5941.0	83	11499.821889022622
5942.0	89	11500.205580385882
5943.0	74	11500.58928539524
5944.0	75	11500.973004051199
5945.0	82	11501.356736354252
5946.0	71	11501.740482304891
5947.0	76	11502.124241903615
5948.0	84	11502.508015150928
5949.0	71	11502.891802047316
5950.0	81	11503.275602593292
5951.0	79	11503.659416789335
5952.0	86	11504.043244635954
5953.0	72	11504.427086133652
5954.0	75	11504.810941282904
5955.0	93	11505.194810084235
5956.0	62	11505.578692538114
5957.0	94	11505.962588645061
5958.0	73	11506.34649840557
5959.0	70	11506.73042182013
5960.0	72	11507.114358889245
5961.0	78	11507.498309613416
5962.0	72	11507.882273993115
5963.0	66	11508.266252028878
5964.0	75	11508.650243721178
5965.0	84	11509.034249070517
5966.0	72	11509.418268077394
5967.0	68	11509.802300742305
5968.0	89	11510.18634706575
5969.0	59	11510.570407048228
5970.0	82	11510.954480690238
5971.0	73	11511.338567992263
5972.0	65	11511.722668954815
5973.0	67	11512.106783578398
5974.0	68	11512.490911863491
5975.0	70	11512.8750538106
5976.0	63	11513.259209420232
5977.0	71	11513.64337869287
5978.0	67	11514.02756162902
5979.0	78	11514.411758229178
5980.0	65	11514.79596849384
5981.0	66	11515.180192423508
5982.0	73	11515.564430018678
5983.0	69	11515.948681279842
5984.0	78	11516.332946207507
5985.0	86	11516.717224802169
5986.0	88	11517.101517064322
5987.0	69	11517.485822994468
5988.0	84	11517.870142593105
5989.0	65	11518.254475860724
5990.0	88	11518.638822797839
5991.0	66	11519.023183404925
5992.0	82	11519.407557682496
5993.0	68	11519.791945631048
5994.0	66	11520.176347251081
5995.0	65	11520.560762543091
5996.0	71	11520.945191507562
5997.0	76	11521.329634145011
5998.0	71	11521.714090455938
5999.0	80	11522.098560440827
6000.0	75	11522.48304410018
6001.0	68	11522.867541434503
6002.0	73	11523.252052444284
6003.0	76	11523.636577130033
6004.0	65	11524.021115492234
6005.0	64	11524.405667531399
6006.0	52	11524.790233248019
6007.0	70	11525.17481264259
6008.0	52	11525.559405715618
6009.0	65	11525.944012467597
6010.0	89	11526.328632899022
6011.0	53	11526.713267010397
6012.0	82	11527.097914802216
6013.0	58	11527.482576274979
6014.0	58	11527.867251429194
6015.0	73	11528.251940265347
6016.0	66	11528.636642783937
6017.0	50	11529.021358985474
6018.0	56	11529.406088870435
6019.0	71	11529.790832439348
6020.0	61	11530.175589692684
6021.0	52	11530.56036063096
6022.0	46	11530.945145254665
6023.0	52	11531.329943564297
6024.0	64	11531.714755560359
6025.0	56	11532.09958124336
6026.0	54	11532.48442061377
6027.0	55	11532.869273672111
6028.0	69	11533.25414041888
6029.0	61	11533.639020854567
6030.0	53	11534.023914979683
6031.0	48	11534.408822794721
6032.0	67	11534.79374430017
6033.0	53	11535.178679496541
6034.0	66	11535.563628384325
6035.0	49	11535.948590964028
6036.0	63	11536.333567236145
6037.0	69	11536.718557201171
6038.0	50	11537.103560859616
6039.0	54	11537.488578211969
6040.0	50	11537.873609258728
6041.0	52	11538.258654000401
6042.0	61	11538.643712437479
6043.0	61	11539.028784570468
6044.0	57	11539.413870399865
6045.0	57	11539.798969926167
6046.0	57	11540.184083149865
6047.0	55	11540.56921007147
6048.0	59	11540.954350691485
6049.0	79	11541.339505010392
6050.0	55	11541.724673028699
6051.0	60	11542.109854746912
6052.0	68	11542.495050165518
6053.0	75	11542.880259285028
6054.0	58	11543.26548210594
6055.0	57	11543.650718628736
6056.0	59	11544.035968853936
6057.0	50	11544.421232782031
6058.0	67	11544.806510413515
6059.0	44	11545.191801748899
6060.0	35	11545.577106788676
6061.0	60	11545.962425533346
6062.0	69	11546.347757983396
6063.0	56	11546.733104139346
6064.0	81	11547.118464001689
6065.0	60	11547.503837570917
6066.0	68	11547.889224847542
6067.0	69	11548.274625832051
6068.0	59	11548.660040524952
6069.0	63	11549.04546892673
6070.0	51	11549.430911037909
6071.0	74	11549.816366858962
6072.0	48	11550.201836390414
6073.0	48	11550.587319632743
6074.0	57	11550.972816586456
6075.0	61	11551.358327252066
6076.0	69	11551.743851630054
6077.0	60	11552.129389720922
6078.0	57	11552.51494152518
6079.0	61	11552.900507043323
6080.0	62	11553.28608627584
6081.0	64	11553.671679223251
6082.0	49	11554.057285886036
6083.0	52	11554.442906264712
6084.0	54	11554.828540359766
6085.0	56	11555.214188171707
6086.0	68	11555.599849701024
6087.0	51	11555.985524948219
6088.0	56	11556.371213913802
6089.0	72	11556.75691659827
6090.0	45	11557.142633002115
6091.0	54	11557.528363125839
6092.0	61	11557.914106969947
6093.0	56	11558.299864534942
6094.0	65	11558.685635821308
6095.0	54	11559.071420829567
6096.0	60	11559.457219560189
6097.0	47	11559.843032013712
6098.0	69	11560.228858190607
6099.0	55	11560.614698091378
6100.0	67	11561.000551716537
6101.0	60	11561.386419066577
6102.0	62	11561.772300142
6103.0	51	11562.158194943302
6104.0	53	11562.544103470984
6105.0	57	11562.930025725547
6106.0	68	11563.315961707496
6107.0	66	11563.701911417327
6108.0	65	11564.087874855546
6109.0	61	11564.473852022638
6110.0	59	11564.859842919119
6111.0	50	11565.245847545479
6112.0	53	11565.631865902229
6113.0	50	11566.017897989857
6114.0	53	11566.40394380887
6115.0	65	11566.790003359765
6116.0	58	11567.17607664305
6117.0	57	11567.562163659219
6118.0	66	11567.948264408775
6119.0	51	11568.334378892212
6120.0	62	11568.720507110042
6121.0	55	11569.106649062756
6122.0	59	11569.492804750857
6123.0	63	11569.878974174844
6124.0	59	11570.265157335227
6125.0	52	11570.651354232492
6126.0	70	11571.037564867152
6127.0	57	11571.423789239701
6128.0	64	11571.810027350633
6129.0	57	11572.196279200463
6130.0	67	11572.58254478969
6131.0	68	11572.968824118801
6132.0	60	11573.355117188314
6133.0	55	11573.741423998714
6134.0	44	11574.127744550502
6135.0	60	11574.5140788442
6136.0	55	11574.900426880286
6137.0	54	11575.28678865927
6138.0	71	11575.673164181655
6139.0	73	11576.059553447934
6140.0	58	11576.445956458614
6141.0	57	11576.832373214194
6142.0	52	11577.218803715172
6143.0	56	11577.605247962063
6144.0	59	11577.99170595535
6145.0	62	11578.378177695538
6146.0	55	11578.76466318313
6147.0	59	11579.15116241863
6148.0	51	11579.537675402538
6149.0	56	11579.924202135353
6150.0	71	11580.31074261757
6151.0	56	11580.69729684971
6152.0	51	11581.08386483225
6153.0	69	11581.470446565701
6154.0	66	11581.857042050575
6155.0	54	11582.243651287354
6156.0	43	11582.630274276546
6157.0	54	11583.016911018665
6158.0	62	11583.40356151419
6159.0	49	11583.790225763638
6160.0	49	11584.1769037675
6161.0	50	11584.563595526293
6162.0	60	11584.950301040497
6163.0	59	11585.337020310628
6164.0	66	11585.723753337192
6165.0	56	11586.110500120669
6166.0	63	11586.497260661577
6167.0	61	11586.884034960422
6168.0	46	11587.270823017689
6169.0	56	11587.657624833886
6170.0	62	11588.044440409514
6171.0	61	11588.431269745084
6172.0	44	11588.818112841082
6173.0	64	11589.204969698027
6174.0	54	11589.591840316401
6175.0	60	11589.978724696717
6176.0	60	11590.365622839467
6177.0	61	11590.752534745163
6178.0	56	11591.139460414315
6179.0	45	11591.526399847402
6180.0	54	11591.913353044934
6181.0	61	11592.300320007416
6182.0	63	11592.687300735353
6183.0	65	11593.074295229242
6184.0	73	11593.461303489581
6185.0	75	11593.848325516874
6186.0	54	11594.23536131163
6187.0	54	11594.622410874335
6188.0	57	11595.009474205513
6189.0	52	11595.396551305645
6190.0	77	11595.783642175238
6191.0	53	11596.17074681481
6192.0	60	11596.557865224833
6193.0	52	11596.944997405833
6194.0	65	11597.332143358302
6195.0	54	11597.719303082748
6196.0	58	11598.106476579664
6197.0	58	11598.493663849558
6198.0	56	11598.880864892939
6199.0	62	11599.268079710284
6200.0	64	11599.655308302126
6201.0	63	11600.042550668946
6202.0	67	11600.42980681125
6203.0	61	11600.817076729549
6204.0	59	11601.204360424328
6205.0	47	11601.591657896106
6206.0	67	11601.978969145383
6207.0	58	11602.366294172649
6208.0	49	11602.753632978414
6209.0	71	11603.140985563186
6210.0	51	11603.528351927456
6211.0	47	11603.915732071726
6212.0	58	11604.303125996505
6213.0	53	11604.690533702298
6214.0	53	11605.077955189603
6215.0	61	11605.46539045892
6216.0	60	11605.852839510751
6217.0	55	11606.240302345599
6218.0	53	11606.627778963972
6219.0	56	11607.01526936636
6220.0	46	11607.402773553275
6221.0	57	11607.790291525227
6222.0	62	11608.177823282704
6223.0	63	11608.565368826206
6224.0	55	11608.952928156248
6225.0	45	11609.340501273326
6226.0	62	11609.72808817794
6227.0	65	11610.115688870603
6228.0	44	11610.503303351801
6229.0	63	11610.890931622049
6230.0	67	11611.278573681851
6231.0	63	11611.666229531702
6232.0	52	11612.053899172108
6233.0	58	11612.441582603567
6234.0	54	11612.82927982659
6235.0	58	11613.216990841667
6236.0	57	11613.604715649313
6237.0	62	11613.99245425003
6238.0	56	11614.380206644311
6239.0	51	11614.767972832666
6240.0	58	11615.155752815599
6241.0	52	11615.543546593603
6242.0	44	11615.931354167195
6243.0	57	11616.319175536868
6244.0	48	11616.70701070312
6245.0	53	11617.09485966647
6246.0	56	11617.482722427405
6247.0	62	11617.870598986437
6248.0	56	11618.258489344069
6249.0	52	11618.646393500801
6250.0	58	11619.034311457133
6251.0	56	11619.422243213572
6252.0	59	11619.810188770616
6253.0	56	11620.198148128777
6254.0	56	11620.586121288548
6255.0	60	11620.974108250442
6256.0	56	11621.362109014955
6257.0	60	11621.750123582586
6258.0	51	11622.138151953852
6259.0	56	11622.526194129245
6260.0	42	11622.914250109265
6261.0	51	11623.302319894425
6262.0	67	11623.690403485218
6263.0	56	11624.07850088216
6264.0	59	11624.466612085753
6265.0	61	11624.854737096477
6266.0	49	11625.24287591487
6267.0	57	11625.631028541406
6268.0	57	11626.019194976603
6269.0	68	11626.407375220962
6270.0	54	11626.79556927498
6271.0	65	11627.183777139175
6272.0	54	11627.571998814035
6273.0	53	11627.960234300066
6274.0	54	11628.348483597778
6275.0	62	11628.736746707678
6276.0	60	11629.125023630253
6277.0	53	11629.513314366019
6278.0	50	11629.901618915477
6279.0	48	11630.289937279127
6280.0	61	11630.678269457469
6281.0	67	11631.06661545102
6282.0	45	11631.454975260276
6283.0	50	11631.84334888574
6284.0	66	11632.231736327913
6285.0	64	11632.620137587299
6286.0	57	11633.008552664409
6287.0	65	11633.396981559737
6288.0	39	11633.785424273794
6289.0	61	11634.173880807075
6290.0	58	11634.562351160099
6291.0	56	11634.95083533335
6292.0	54	11635.339333327342
6293.0	55	11635.727845142585
6294.0	66	11636.116370779568
6295.0	66	11636.504910238807
6296.0	57	11636.893463520808
6297.0	57	11637.282030626058
6298.0	49	11637.670611555071
6299.0	72	11638.059206308359
6300.0	54	11638.447814886404
6301.0	49	11638.836437289736
6302.0	46	11639.225073518839
6303.0	52	11639.613723574224
6304.0	65	11640.002387456394
6305.0	58	11640.39106516586
6306.0	72	11640.779756703116
6307.0	60	11641.168462068666
6308.0	59	11641.557181263019
6309.0	54	11641.945914286676
6310.0	59	11642.33466114015
6311.0	62	11642.723421823928
6312.0	48	11643.11219633853
6313.0	60	11643.500984684451
6314.0	59	11643.889786862197
6315.0	46	11644.278602872278
6316.0	51	11644.667432715189
6317.0	58	11645.056276391435
6318.0	69	11645.445133901529
6319.0	62	11645.834005245959
6320.0	60	11646.222890425246
6321.0	65	11646.611789439894
6322.0	50	11647.000702290392
6323.0	51	11647.389628977255
6324.0	73	11647.77856950099
6325.0	59	11648.167523862094
6326.0	65	11648.556492061072
6327.0	55	11648.945474098424
6328.0	54	11649.334469974667
6329.0	43	11649.723479690305
6330.0	56	11650.112503245826
6331.0	53	11650.50154064175
6332.0	53	11650.890591878582
6333.0	54	11651.27965695681
6334.0	67	11651.668735876954
6335.0	58	11652.057828639508
6336.0	54	11652.446935244987
6337.0	64	11652.836055693899
6338.0	62	11653.225189986726
6339.0	58	11653.61433812399
6340.0	45	11654.003500106191
6341.0	59	11654.392675933834
6342.0	65	11654.78186560743
6343.0	55	11655.171069127475
6344.0	65	11655.560286494478
6345.0	59	11655.94951770894
6346.0	57	11656.338762771366
6347.0	75	11656.72802168227
6348.0	48	11657.117294442141
6349.0	60	11657.506581051492
6350.0	58	11657.89588151083
6351.0	55	11658.285195820657
6352.0	69	11658.67452398148
6353.0	55	11659.063865993807
6354.0	70	11659.453221858128
6355.0	59	11659.842591574963
6356.0	66	11660.231975144807
6357.0	73	11660.62137256817
6358.0	63	11661.01078384556
6359.0	60	11661.400208977479
6360.0	54	11661.78964796443
6361.0	61	11662.17910080692
6362.0	73	11662.568567505446
6363.0	58	11662.958048060525
6364.0	36	11663.347542472657
6365.0	44	11663.737050742347
6366.0	55	11664.126572870107
6367.0	48	11664.516108856424
6368.0	62	11664.90565870182
6369.0	56	11665.295222406794
6370.0	67	11665.684799971852
6371.0	48	11666.074391397498
6372.0	65	11666.463996684235
6373.0	67	11666.853615832573
6374.0	64	11667.243248843017
6375.0	52	11667.632895716068
6376.0	57	11668.022556452237
6377.0	56	11668.412231052025
6378.0	53	11668.801919515936
6379.0	59	11669.191621844479
6380.0	49	11669.581338038157
6381.0	59	11669.97106809748
6382.0	57	11670.36081202295
6383.0	60	11670.750569815063
6384.0	65	11671.140341474334
6385.0	62	11671.530127001279
6386.0	50	11671.919926396386
6387.0	69	11672.30973966016
6388.0	64	11672.699566793124
6389.0	61	11673.089407795762
6390.0	60	11673.479262668596
6391.0	52	11673.869131412124
6392.0	44	11674.259014026855
6393.0	54	11674.64891051329
6394.0	68	11675.038820871936
6395.0	53	11675.428745103305
6396.0	56	11675.818683207892
6397.0	50	11676.208635186209
6398.0	58	11676.598601038766
6399.0	60	11676.98858076606
6400.0	58	11677.378574368597
6401.0	64	11677.768581846889
6402.0	59	11678.158603201433
6403.0	66	11678.548638432749
6404.0	55	11678.938687541326
6405.0	55	11679.32875052768
6406.0	56	11679.71882739232
6407.0	60	11680.108918135744
6408.0	52	11680.499022758457
6409.0	50	11680.88914126097
6410.0	54	11681.279273643782
6411.0	49	11681.66941990741
6412.0	69	11682.059580052348
6413.0	55	11682.449754079114
6414.0	65	11682.8399419882
6415.0	52	11683.230143780132
6416.0	45	11683.620359455394
6417.0	52	11684.010589014497
6418.0	51	11684.400832457959
6419.0	60	11684.791089786277
6420.0	67	11685.181360999964
6421.0	57	11685.571646099512
6422.0	53	11685.961945085442
6423.0	53	11686.352257958251
6424.0	53	11686.742584718451
6425.0	63	11687.132925366546
6426.0	59	11687.523279903038
6427.0	47	11687.913648328438
6428.0	68	11688.304030643249
6429.0	51	11688.694426847984
6430.0	62	11689.084836943139
6431.0	46	11689.47526092923
6432.0	61	11689.865698806754
6433.0	65	11690.256150576224
6434.0	51	11690.64661623815
6435.0	59	11691.037095793028
6436.0	62	11691.427589241364
6437.0	70	11691.81809658368
6438.0	55	11692.208617820464
6439.0	44	11692.599152952238
6440.0	55	11692.9897019795
6441.0	56	11693.380264902757
6442.0	54	11693.770841722511
6443.0	47	11694.161432439274
6444.0	59	11694.552037053552
6445.0	49	11694.942655565852
6446.0	55	11695.33328797668
6447.0	59	11695.72393428655
6448.0	52	11696.114594495952
6449.0	69	11696.505268605402
6450.0	61	11696.89595661541
6451.0	53	11697.286658526486
6452.0	38	11697.677374339119
6453.0	47	11698.068104053827
6454.0	54	11698.458847671118
6455.0	63	11698.849605191503
6456.0	55	11699.240376615475
6457.0	53	11699.631161943551
6458.0	72	11700.021961176237
6459.0	55	11700.412774314034
6460.0	75	11700.803601357453
6461.0	54	11701.194442306998
6462.0	67	11701.585297163188
6463.0	57	11701.976165926511
6464.0	56	11702.367048597493
6465.0	64	11702.757945176621
6466.0	60	11703.148855664414
6467.0	52	11703.539780061377
6468.0	56	11703.930718368028
6469.0	52	11704.321670584854
6470.0	72	11704.712636712364
6471.0	58	11705.103616751087
6472.0	55	11705.4946107015
6473.0	63	11705.885618564133
6474.0	67	11706.276640339489
6475.0	56	11706.667676028066
6476.0	56	11707.058725630373
6477.0	64	11707.449789146924
6478.0	58	11707.840866578226
6479.0	45	11708.231957924781
6480.0	53	11708.623063187102
6481.0	47	11709.014182365685
6482.0	48	11709.405315461048
6483.0	60	11709.796462473694
6484.0	61	11710.187623404134
6485.0	55	11710.578798252867
6486.0	53	11710.969987020413
6487.0	61	11711.361189707264
6488.0	43	11711.752406313939
6489.0	62	11712.14363684094
6490.0	61	11712.534881288779
6491.0	48	11712.926139657959
6492.0	51	11713.317411948998
6493.0	57	11713.70869816238
6494.0	50	11714.099998298634
6495.0	67	11714.491312358256
6496.0	60	11714.882640341762
6497.0	47	11715.273982249655
6498.0	51	11715.665338082445
6499.0	63	11716.056707840627
6500.0	57	11716.44809152473
6501.0	61	11716.83948913525
6502.0	51	11717.230900672695
6503.0	67	11717.622326137565
6504.0	50	11718.013765530386
6505.0	51	11718.405218851649
6506.0	54	11718.796686101872
6507.0	74	11719.188167281556
6508.0	61	11719.579662391208
6509.0	60	11719.97117143134
6510.0	61	11720.362694402462
6511.0	57	11720.754231305082
6512.0	70	11721.145782139696
6513.0	55	11721.537346906822
6514.0	53	11721.928925606975
6515.0	65	11722.320518240645
6516.0	64	11722.712124808351
6517.0	46	11723.103745310596
6518.0	54	11723.49537974789
6519.0	46	11723.887028120751
6520.0	70	11724.278690429668
6521.0	48	11724.670366675162
6522.0	42	11725.062056857743
6523.0	64	11725.453760977902
6524.0	54	11725.84547903617
6525.0	78	11726.237211033034
6526.0	50	11726.62895696902
6527.0	60	11727.020716844623
6528.0	72	11727.412490660356
6529.0	55	11727.804278416721
6530.0	62	11728.19608011424
6531.0	69	11728.587895753411
6532.0	70	11728.979725334744
6533.0	58	11729.371568858754
6534.0	66	11729.763426325937
6535.0	57	11730.155297736806
6536.0	53	11730.54718309187
6537.0	70	11730.939082391644
6538.0	64	11731.330995636628
6539.0	71	11731.72292282732
6540.0	69	11732.114863964252
6541.0	53	11732.506819047927
6542.0	50	11732.898788078832
6543.0	51	11733.290771057504
6544.0	73	11733.682767984426
6545.0	58	11734.074778860127
6546.0	59	11734.466803685109
6547.0	51	11734.858842459867
6548.0	53	11735.250895184925
6549.0	74	11735.642961860798
6550.0	64	11736.035042487973
6551.0	55	11736.427137066972
6552.0	67	11736.819245598308
6553.0	39	11737.211368082473
6554.0	59	11737.60350451999
6555.0	50	11737.99565491136
6556.0	52	11738.387819257092
6557.0	42	11738.7799975577
6558.0	56	11739.172189813697
6559.0	82	11739.564396025577
6560.0	49	11739.956616193855
6561.0	54	11740.348850319042
6562.0	56	11740.741098401653
6563.0	52	11741.13336044218
6564.0	61	11741.525636441142
6565.0	73	11741.91792639905
6566.0	50	11742.31023031641
6567.0	67	11742.702548193734
6568.0	56	11743.094880031518
6569.0	73	11743.487225830288
6570.0	53	11743.879585590543
6571.0	57	11744.271959312795
6572.0	60	11744.664346997553
6573.0	60	11745.056748645327
6574.0	66	11745.449164256619
6575.0	66	11745.841593831947
6576.0	61	11746.234037371814
6577.0	60	11746.62649487673
6578.0	49	11747.01896634721
6579.0	63	11747.411451783753
6580.0	63	11747.803951186877
6581.0	62	11748.196464557088
6582.0	58	11748.588991894892
6583.0	65	11748.9815332008
6584.0	66	11749.37408847532
6585.0	64	11749.76665771897
6586.0	50	11750.159240932255
6587.0	70	11750.551838115667
6588.0	65	11750.944449269744
6589.0	62	11751.33707439497
6590.0	64	11751.729713491872
6591.0	69	11752.122366560949
6592.0	51	11752.515033602722
6593.0	43	11752.907714617682
6594.0	59	11753.300409606356
6595.0	53	11753.693118569247
6596.0	54	11754.085841506852
6597.0	61	11754.478578419697
6598.0	65	11754.871329308293
6599.0	77	11755.264094173139
6600.0	66	11755.656873014748
6601.0	69	11756.049665833627
6602.0	53	11756.442472630293
6603.0	67	11756.835293405244
