time	whole_blood_radioactivity	plasma_radioactivity
-6345.0	29	0.0
-6344.0	37	0.0
-6343.0	36	0.0
-6342.0	34	0.0
-6341.0	24	0.0
-6340.0	35	0.0
-6339.0	37	0.0
-6338.0	34	0.0
-6337.0	33	0.0
-6336.0	38	0.0
-6335.0	37	0.0
-6334.0	28	0.0
-6333.0	30	0.0
-6332.0	26	0.0
-6331.0	17	0.0
-6330.0	22	0.0
-6329.0	26	0.0
-6328.0	35	0.0
-6327.0	28	0.0
-6326.0	36	0.0
-6325.0	34	0.0
-6324.0	25	0.0
-6323.0	35	0.0
-6322.0	35	0.0
-6321.0	31	0.0
-6320.0	26	0.0
-6319.0	27	0.0
-6318.0	32	0.0
-6317.0	23	0.0
-6316.0	34	0.0
-6315.0	27	0.0
-6314.0	32	0.0
-6313.0	27	0.0
-6312.0	23	0.0
-6311.0	27	0.0
-6310.0	37	0.0
-6309.0	39	0.0
-6308.0	43	0.0
-6307.0	33	0.0
-6306.0	25	0.0
-6305.0	35	0.0
-6304.0	32	0.0
-6303.0	30	0.0
-6302.0	25	0.0
-6301.0	38	0.0
-6300.0	30	0.0
-6299.0	37	0.0
-6298.0	29	0.0
-6297.0	30	0.0
-6296.0	29	0.0
-6295.0	37	0.0
-6294.0	31	0.0
-6293.0	28	0.0
-6292.0	23	0.0
-6291.0	35	0.0
-6290.0	25	0.0
-6289.0	28	0.0
-6288.0	25	0.0
-6287.0	24	0.0
-6286.0	27	0.0
-6285.0	33	0.0
-6284.0	31	0.0
-6283.0	29	0.0
-6282.0	25	0.0
-6281.0	26	0.0
-6280.0	33	0.0
-6279.0	34	0.0
-6278.0	31	0.0
-6277.0	28	0.0
-6276.0	16	0.0
-6275.0	30	0.0
-6274.0	35	0.0
-6273.0	30	0.0
-6272.0	29	0.0
-6271.0	24	0.0
-6270.0	29	0.0
-6269.0	27	0.0
-6268.0	26	0.0
-6267.0	23	0.0
-6266.0	32	0.0
-6265.0	29	0.0
-6264.0	36	0.0
-6263.0	34	0.0
-6262.0	35	0.0
-6261.0	25	0.0
-6260.0	22	0.0
-6259.0	19	0.0
-6258.0	34	0.0
-6257.0	40	0.0
-6256.0	38	0.0
-6255.0	30	0.0
-6254.0	31	0.0
-6253.0	33	0.0
-6252.0	25	0.0
-6251.0	26	0.0
-6250.0	30	0.0
-6249.0	40	0.0
-6248.0	32	0.0
-6247.0	33	0.0
-6246.0	16	0.0
-6245.0	42	0.0
-6244.0	32	0.0
-6243.0	37	0.0
-6242.0	36	0.0
-6241.0	34	0.0
-6240.0	32	0.0
-6239.0	38	0.0
-6238.0	31	0.0
-6237.0	24	0.0
-6236.0	37	0.0
-6235.0	28	0.0
-6234.0	34	0.0
-6233.0	29	0.0
-6232.0	25	0.0
-6231.0	39	0.0
-6230.0	24	0.0
-6229.0	34	0.0
-6228.0	29	0.0
-6227.0	28	0.0
-6226.0	33	0.0
-6225.0	29	0.0
-6224.0	25	0.0
-6223.0	29	0.0
-6222.0	23	0.0
-6221.0	37	0.0
-6220.0	25	0.0
-6219.0	24	0.0
-6218.0	35	0.0
-6217.0	29	0.0
-6216.0	35	0.0
-6215.0	28	0.0
-6214.0	25	0.0
-6213.0	33	0.0
-6212.0	29	0.0
-6211.0	35	0.0
-6210.0	23	0.0
-6209.0	19	0.0
-6208.0	32	0.0
-6207.0	34	0.0
-6206.0	27	0.0
-6205.0	32	0.0
-6204.0	30	0.0
-6203.0	41	0.0
-6202.0	38	0.0
-6201.0	34	0.0
-6200.0	28	0.0
-6199.0	37	0.0
-6198.0	26	0.0
-6197.0	25	0.0
-6196.0	35	0.0
-6195.0	25	0.0
-6194.0	36	0.0
-6193.0	35	0.0
-6192.0	30	0.0
-6191.0	30	0.0
-6190.0	32	0.0
-6189.0	25	0.0
-6188.0	26	0.0
-6187.0	27	0.0
-6186.0	34	0.0
-6185.0	33	0.0
-6184.0	25	0.0
-6183.0	31	0.0
-6182.0	27	0.0
-6181.0	32	0.0
-6180.0	43	0.0
-6179.0	31	0.0
-6178.0	34	0.0
-6177.0	34	0.0
-6176.0	34	0.0
-6175.0	25	0.0
-6174.0	19	0.0
-6173.0	28	0.0
-6172.0	33	0.0
-6171.0	33	0.0
-6170.0	27	0.0
-6169.0	21	0.0
-6168.0	27	0.0
-6167.0	31	0.0
-6166.0	28	0.0
-6165.0	31	0.0
-6164.0	32	0.0
-6163.0	24	0.0
-6162.0	31	0.0
-6161.0	28	0.0
-6160.0	37	0.0
-6159.0	28	0.0
-6158.0	32	0.0
-6157.0	30	0.0
-6156.0	36	0.0
-6155.0	31	0.0
-6154.0	22	0.0
-6153.0	36	0.0
-6152.0	32	0.0
-6151.0	28	0.0
-6150.0	27	0.0
-6149.0	35	0.0
-6148.0	27	0.0
-6147.0	24	0.0
-6146.0	38	0.0
-6145.0	19	0.0
-6144.0	34	0.0
-6143.0	42	0.0
-6142.0	34	0.0
-6141.0	44	0.0
-6140.0	26	0.0
-6139.0	35	0.0
-6138.0	33	0.0
-6137.0	35	0.0
-6136.0	31	0.0
-6135.0	36	0.0
-6134.0	24	0.0
-6133.0	35	0.0
-6132.0	30	0.0
-6131.0	27	0.0
-6130.0	31	0.0
-6129.0	37	0.0
-6128.0	23	0.0
-6127.0	27	0.0
-6126.0	31	0.0
-6125.0	38	0.0
-6124.0	35	0.0
-6123.0	28	0.0
-6122.0	24	0.0
-6121.0	29	0.0
-6120.0	30	0.0
-6119.0	36	0.0
-6118.0	29	0.0
-6117.0	33	0.0
-6116.0	36	0.0
-6115.0	35	0.0
-6114.0	27	0.0
-6113.0	29	0.0
-6112.0	43	0.0
-6111.0	37	0.0
-6110.0	29	0.0
-6109.0	39	0.0
-6108.0	29	0.0
-6107.0	29	0.0
-6106.0	22	0.0
-6105.0	35	0.0
-6104.0	33	0.0
-6103.0	34	0.0
-6102.0	30	0.0
-6101.0	39	0.0
-6100.0	29	0.0
-6099.0	31	0.0
-6098.0	26	0.0
-6097.0	31	0.0
-6096.0	28	0.0
-6095.0	18	0.0
-6094.0	42	0.0
-6093.0	27	0.0
-6092.0	34	0.0
-6091.0	34	0.0
-6090.0	30	0.0
-6089.0	25	0.0
-6088.0	36	0.0
-6087.0	34	0.0
-6086.0	31	0.0
-6085.0	27	0.0
-6084.0	30	0.0
-6083.0	21	0.0
-6082.0	24	0.0
-6081.0	34	0.0
-6080.0	32	0.0
-6079.0	40	0.0
-6078.0	33	0.0
-6077.0	31	0.0
-6076.0	34	0.0
-6075.0	24	0.0
-6074.0	30	0.0
-6073.0	31	0.0
-6072.0	32	0.0
-6071.0	37	0.0
-6070.0	34	0.0
-6069.0	45	0.0
-6068.0	24	0.0
-6067.0	37	0.0
-6066.0	23	0.0
-6065.0	25	0.0
-6064.0	29	0.0
-6063.0	36	0.0
-6062.0	30	0.0
-6061.0	28	0.0
-6060.0	33	0.0
-6059.0	31	0.0
-6058.0	22	0.0
-6057.0	35	0.0
-6056.0	22	0.0
-6055.0	38	0.0
-6054.0	37	0.0
-6053.0	33	0.0
-6052.0	26	0.0
-6051.0	26	0.0
-6050.0	25	0.0
-6049.0	26	0.0
-6048.0	22	0.0
-6047.0	38	0.0
-6046.0	27	0.0
-6045.0	41	0.0
-6044.0	36	0.0
-6043.0	35	0.0
-6042.0	29	0.0
-6041.0	33	0.0
-6040.0	27	0.0
-6039.0	32	0.0
-6038.0	27	0.0
-6037.0	25	0.0
-6036.0	33	0.0
-6035.0	35	0.0
-6034.0	26	0.0
-6033.0	29	0.0
-6032.0	32	0.0
-6031.0	27	0.0
-6030.0	32	0.0
-6029.0	37	0.0
-6028.0	37	0.0
-6027.0	29	0.0
-6026.0	43	0.0
-6025.0	34	0.0
-6024.0	30	0.0
-6023.0	28	0.0
-6022.0	29	0.0
-6021.0	27	0.0
-6020.0	34	0.0
-6019.0	38	0.0
-6018.0	19	0.0
-6017.0	25	0.0
-6016.0	31	0.0
-6015.0	36	0.0
-6014.0	32	0.0
-6013.0	33	0.0
-6012.0	29	0.0
-6011.0	33	0.0
-6010.0	29	0.0
-6009.0	25	0.0
-6008.0	30	0.0
-6007.0	37	0.0
-6006.0	20	0.0
-6005.0	31	0.0
-6004.0	26	0.0
-6003.0	28	0.0
-6002.0	31	0.0
-6001.0	25	0.0
-6000.0	33	0.0
-5999.0	30	0.0
-5998.0	20	0.0
-5997.0	32	0.0
-5996.0	31	0.0
-5995.0	37	0.0
-5994.0	31	0.0
-5993.0	32	0.0
-5992.0	36	0.0
-5991.0	25	0.0
-5990.0	32	0.0
-5989.0	35	0.0
-5988.0	35	0.0
-5987.0	33	0.0
-5986.0	29	0.0
-5985.0	22	0.0
-5984.0	20	0.0
-5983.0	32	0.0
-5982.0	23	0.0
-5981.0	26	0.0
-5980.0	24	0.0
-5979.0	25	0.0
-5978.0	25	0.0
-5977.0	32	0.0
-5976.0	31	0.0
-5975.0	27	0.0
-5974.0	30	0.0
-5973.0	31	0.0
-5972.0	28	0.0
-5971.0	32	0.0
-5970.0	24	0.0
-5969.0	23	0.0
-5968.0	34	0.0
-5967.0	31	0.0
-5966.0	32	0.0
-5965.0	34	0.0
-5964.0	30	0.0
-5963.0	41	0.0
-5962.0	20	0.0
-5961.0	22	0.0
-5960.0	34	0.0
-5959.0	24	0.0
-5958.0	28	0.0
-5957.0	33	0.0
-5956.0	26	0.0
-5955.0	31	0.0
-5954.0	33	0.0
-5953.0	31	0.0
-5952.0	24	0.0
-5951.0	31	0.0
-5950.0	37	0.0
-5949.0	31	0.0
-5948.0	35	0.0
-5947.0	23	0.0
-5946.0	32	0.0
-5945.0	29	0.0
-5944.0	29	0.0
-5943.0	25	0.0
-5942.0	40	0.0
-5941.0	24	0.0
-5940.0	27	0.0
-5939.0	29	0.0
-5938.0	27	0.0
-5937.0	32	0.0
-5936.0	26	0.0
-5935.0	33	0.0
-5934.0	25	0.0
-5933.0	30	0.0
-5932.0	33	0.0
-5931.0	23	0.0
-5930.0	30	0.0
-5929.0	33	0.0
-5928.0	24	0.0
-5927.0	34	0.0
-5926.0	34	0.0
-5925.0	30	0.0
-5924.0	26	0.0
-5923.0	37	0.0
-5922.0	38	0.0
-5921.0	34	0.0
-5920.0	34	0.0
-5919.0	19	0.0
-5918.0	35	0.0
-5917.0	24	0.0
-5916.0	29	0.0
-5915.0	31	0.0
-5914.0	22	0.0
-5913.0	24	0.0
-5912.0	26	0.0
-5911.0	31	0.0
-5910.0	32	0.0
-5909.0	34	0.0
-5908.0	34	0.0
-5907.0	28	0.0
-5906.0	32	0.0
-5905.0	36	0.0
-5904.0	35	0.0
-5903.0	41	0.0
-5902.0	31	0.0
-5901.0	30	0.0
-5900.0	19	0.0
-5899.0	29	0.0
-5898.0	42	0.0
-5897.0	35	0.0
-5896.0	34	0.0
-5895.0	43	0.0
-5894.0	28	0.0
-5893.0	32	0.0
-5892.0	36	0.0
-5891.0	23	0.0
-5890.0	19	0.0
-5889.0	30	0.0
-5888.0	33	0.0
-5887.0	35	0.0
-5886.0	24	0.0
-5885.0	29	0.0
-5884.0	44	0.0
-5883.0	29	0.0
-5882.0	30	0.0
-5881.0	36	0.0
-5880.0	38	0.0
-5879.0	25	0.0
-5878.0	28	0.0
-5877.0	33	0.0
-5876.0	35	0.0
-5875.0	24	0.0
-5874.0	31	0.0
-5873.0	31	0.0
-5872.0	32	0.0
-5871.0	21	0.0
-5870.0	27	0.0
-5869.0	31	0.0
-5868.0	28	0.0
-5867.0	21	0.0
-5866.0	30	0.0
-5865.0	30	0.0
-5864.0	30	0.0
-5863.0	38	0.0
-5862.0	32	0.0
-5861.0	27	0.0
-5860.0	33	0.0
-5859.0	31	0.0
-5858.0	39	0.0
-5857.0	36	0.0
-5856.0	30	0.0
-5855.0	22	0.0
-5854.0	35	0.0
-5853.0	29	0.0
-5852.0	27	0.0
-5851.0	35	0.0
-5850.0	32	0.0
-5849.0	38	0.0
-5848.0	34	0.0
-5847.0	29	0.0
-5846.0	33	0.0
-5845.0	24	0.0
-5844.0	35	0.0
-5843.0	32	0.0
-5842.0	29	0.0
-5841.0	26	0.0
-5840.0	45	0.0
-5839.0	31	0.0
-5838.0	27	0.0
-5837.0	27	0.0
-5836.0	28	0.0
-5835.0	25	0.0
-5834.0	27	0.0
-5833.0	31	0.0
-5832.0	35	0.0
-5831.0	26	0.0
-5830.0	34	0.0
-5829.0	36	0.0
-5828.0	20	0.0
-5827.0	28	0.0
-5826.0	27	0.0
-5825.0	27	0.0
-5824.0	33	0.0
-5823.0	24	0.0
-5822.0	28	0.0
-5821.0	33	0.0
-5820.0	19	0.0
-5819.0	32	0.0
-5818.0	18	0.0
-5817.0	27	0.0
-5816.0	28	0.0
-5815.0	41	0.0
-5814.0	22	0.0
-5813.0	28	0.0
-5812.0	29	0.0
-5811.0	35	0.0
-5810.0	28	0.0
-5809.0	25	0.0
-5808.0	26	0.0
-5807.0	34	0.0
-5806.0	32	0.0
-5805.0	36	0.0
-5804.0	29	0.0
-5803.0	35	0.0
-5802.0	31	0.0
-5801.0	22	0.0
-5800.0	28	0.0
-5799.0	34	0.0
-5798.0	27	0.0
-5797.0	35	0.0
-5796.0	25	0.0
-5795.0	29	0.0
-5794.0	35	0.0
-5793.0	39	0.0
-5792.0	31	0.0
-5791.0	34	0.0
-5790.0	31	0.0
-5789.0	26	0.0
-5788.0	36	0.0
-5787.0	33	0.0
-5786.0	24	0.0
-5785.0	24	0.0
-5784.0	36	0.0
-5783.0	25	0.0
-5782.0	26	0.0
-5781.0	23	0.0
-5780.0	28	0.0
-5779.0	31	0.0
-5778.0	41	0.0
-5777.0	32	0.0
-5776.0	24	0.0
-5775.0	29	0.0
-5774.0	27	0.0
-5773.0	35	0.0
-5772.0	25	0.0
-5771.0	24	0.0
-5770.0	30	0.0
-5769.0	45	0.0
-5768.0	30	0.0
-5767.0	33	0.0
-5766.0	24	0.0
-5765.0	33	0.0
-5764.0	28	0.0
-5763.0	22	0.0
-5762.0	33	0.0
-5761.0	35	0.0
-5760.0	29	0.0
-5759.0	31	0.0
-5758.0	27	0.0
-5757.0	28	0.0
-5756.0	31	0.0
-5755.0	32	0.0
-5754.0	31	0.0
-5753.0	33	0.0
-5752.0	26	0.0
-5751.0	32	0.0
-5750.0	47	0.0
-5749.0	26	0.0
-5748.0	22	0.0
-5747.0	24	0.0
-5746.0	23	0.0
-5745.0	36	0.0
-5744.0	33	0.0
-5743.0	30	0.0
-5742.0	26	0.0
-5741.0	31	0.0
-5740.0	20	0.0
-5739.0	40	0.0
-5738.0	31	0.0
-5737.0	25	0.0
-5736.0	31	0.0
-5735.0	32	0.0
-5734.0	24	0.0
-5733.0	35	0.0
-5732.0	33	0.0
-5731.0	29	0.0
-5730.0	24	0.0
-5729.0	31	0.0
-5728.0	36	0.0
-5727.0	31	0.0
-5726.0	36	0.0
-5725.0	29	0.0
-5724.0	32	0.0
-5723.0	28	0.0
-5722.0	31	0.0
-5721.0	30	0.0
-5720.0	29	0.0
-5719.0	24	0.0
-5718.0	23	0.0
-5717.0	35	0.0
-5716.0	31	0.0
-5715.0	32	0.0
-5714.0	33	0.0
-5713.0	23	0.0
-5712.0	23	0.0
-5711.0	34	0.0
-5710.0	29	0.0
-5709.0	27	0.0
-5708.0	24	0.0
-5707.0	24	0.0
-5706.0	33	0.0
-5705.0	26	0.0
-5704.0	40	0.0
-5703.0	24	0.0
-5702.0	37	0.0
-5701.0	31	0.0
-5700.0	43	0.0
-5699.0	26	0.0
-5698.0	32	0.0
-5697.0	57	0.0
-5696.0	32	0.0
-5695.0	27	0.0
-5694.0	28	0.0
-5693.0	36	0.0
-5692.0	31	0.0
-5691.0	36	0.0
-5690.0	37	0.0
-5689.0	32	0.0
-5688.0	24	0.0
-5687.0	33	0.0
-5686.0	33	0.0
-5685.0	34	0.0
-5684.0	32	0.0
-5683.0	20	0.0
-5682.0	24	0.0
-5681.0	29	0.0
-5680.0	23	0.0
-5679.0	24	0.0
-5678.0	33	0.0
-5677.0	27	0.0
-5676.0	35	0.0
-5675.0	27	0.0
-5674.0	31	0.0
-5673.0	21	0.0
-5672.0	30	0.0
-5671.0	26	0.0
-5670.0	31	0.0
-5669.0	39	0.0
-5668.0	30	0.0
-5667.0	26	0.0
-5666.0	25	0.0
-5665.0	27	0.0
-5664.0	24	0.0
-5663.0	33	0.0
-5662.0	26	0.0
-5661.0	26	0.0
-5660.0	26	0.0
-5659.0	25	0.0
-5658.0	42	0.0
-5657.0	30	0.0
-5656.0	26	0.0
-5655.0	23	0.0
-5654.0	26	0.0
-5653.0	28	0.0
-5652.0	30	0.0
-5651.0	35	0.0
-5650.0	41	0.0
-5649.0	31	0.0
-5648.0	36	0.0
-5647.0	41	0.0
-5646.0	27	0.0
-5645.0	36	0.0
-5644.0	34	0.0
-5643.0	28	0.0
-5642.0	24	0.0
-5641.0	31	0.0
-5640.0	30	0.0
-5639.0	24	0.0
-5638.0	24	0.0
-5637.0	32	0.0
-5636.0	25	0.0
-5635.0	40	0.0
-5634.0	26	0.0
-5633.0	21	0.0
-5632.0	33	0.0
-5631.0	23	0.0
-5630.0	28	0.0
-5629.0	38	0.0
-5628.0	25	0.0
-5627.0	31	0.0
-5626.0	43	0.0
-5625.0	38	0.0
-5624.0	31	0.0
-5623.0	28	0.0
-5622.0	29	0.0
-5621.0	29	0.0
-5620.0	34	0.0
-5619.0	31	0.0
-5618.0	24	0.0
-5617.0	27	0.0
-5616.0	32	0.0
-5615.0	32	0.0
-5614.0	37	0.0
-5613.0	37	0.0
-5612.0	52	0.0
-5611.0	34	0.0
-5610.0	35	0.0
-5609.0	31	0.0
-5608.0	38	0.0
-5607.0	27	0.0
-5606.0	35	0.0
-5605.0	33	0.0
-5604.0	31	0.0
-5603.0	35	0.0
-5602.0	24	0.0
-5601.0	26	0.0
-5600.0	29	0.0
-5599.0	30	0.0
-5598.0	35	0.0
-5597.0	36	0.0
-5596.0	33	0.0
-5595.0	25	0.0
-5594.0	27	0.0
-5593.0	30	0.0
-5592.0	25	0.0
-5591.0	28	0.0
-5590.0	28	0.0
-5589.0	26	0.0
-5588.0	30	0.0
-5587.0	41	0.0
-5586.0	30	0.0
-5585.0	30	0.0
-5584.0	34	0.0
-5583.0	24	0.0
-5582.0	22	0.0
-5581.0	28	0.0
-5580.0	25	0.0
-5579.0	32	0.0
-5578.0	30	0.0
-5577.0	31	0.0
-5576.0	35	0.0
-5575.0	27	0.0
-5574.0	33	0.0
-5573.0	32	0.0
-5572.0	28	0.0
-5571.0	28	0.0
-5570.0	32	0.0
-5569.0	29	0.0
-5568.0	32	0.0
-5567.0	30	0.0
-5566.0	34	0.0
-5565.0	27	0.0
-5564.0	31	0.0
-5563.0	20	0.0
-5562.0	22	0.0
-5561.0	31	0.0
-5560.0	25	0.0
-5559.0	33	0.0
-5558.0	28	0.0
-5557.0	27	0.0
-5556.0	31	0.0
-5555.0	34	0.0
-5554.0	30	0.0
-5553.0	32	0.0
-5552.0	27	0.0
-5551.0	30	0.0
-5550.0	36	0.0
-5549.0	26	0.0
-5548.0	32	0.0
-5547.0	32	0.0
-5546.0	34	0.0
-5545.0	34	0.0
-5544.0	26	0.0
-5543.0	22	0.0
-5542.0	25	0.0
-5541.0	20	0.0
-5540.0	32	0.0
-5539.0	29	0.0
-5538.0	35	0.0
-5537.0	30	0.0
-5536.0	27	0.0
-5535.0	30	0.0
-5534.0	17	0.0
-5533.0	27	0.0
-5532.0	31	0.0
-5531.0	28	0.0
-5530.0	32	0.0
-5529.0	21	0.0
-5528.0	27	0.0
-5527.0	38	0.0
-5526.0	31	0.0
-5525.0	24	0.0
-5524.0	21	0.0
-5523.0	25	0.0
-5522.0	34	0.0
-5521.0	19	0.0
-5520.0	37	0.0
-5519.0	38	0.0
-5518.0	38	0.0
-5517.0	41	0.0
-5516.0	32	0.0
-5515.0	26	0.0
-5514.0	21	0.0
-5513.0	30	0.0
-5512.0	25	0.0
-5511.0	27	0.0
-5510.0	24	0.0
-5509.0	33	0.0
-5508.0	28	0.0
-5507.0	33	0.0
-5506.0	35	0.0
-5505.0	29	0.0
-5504.0	34	0.0
-5503.0	32	0.0
-5502.0	33	0.0
-5501.0	32	0.0
-5500.0	33	0.0
-5499.0	25	0.0
-5498.0	21	0.0
-5497.0	36	0.0
-5496.0	34	0.0
-5495.0	25	0.0
-5494.0	24	0.0
-5493.0	27	0.0
-5492.0	27	0.0
-5491.0	34	0.0
-5490.0	27	0.0
-5489.0	29	0.0
-5488.0	33	0.0
-5487.0	31	0.0
-5486.0	27	0.0
-5485.0	21	0.0
-5484.0	28	0.0
-5483.0	36	0.0
-5482.0	19	0.0
-5481.0	28	0.0
-5480.0	36	0.0
-5479.0	32	0.0
-5478.0	34	0.0
-5477.0	40	0.0
-5476.0	29	0.0
-5475.0	32	0.0
-5474.0	29	0.0
-5473.0	29	0.0
-5472.0	31	0.0
-5471.0	23	0.0
-5470.0	31	0.0
-5469.0	33	0.0
-5468.0	28	0.0
-5467.0	27	0.0
-5466.0	24	0.0
-5465.0	25	0.0
-5464.0	30	0.0
-5463.0	39	0.0
-5462.0	32	0.0
-5461.0	25	0.0
-5460.0	32	0.0
-5459.0	29	0.0
-5458.0	23	0.0
-5457.0	22	0.0
-5456.0	34	0.0
-5455.0	39	0.0
-5454.0	37	0.0
-5453.0	22	0.0
-5452.0	31	0.0
-5451.0	29	0.0
-5450.0	37	0.0
-5449.0	21	0.0
-5448.0	37	0.0
-5447.0	31	0.0
-5446.0	32	0.0
-5445.0	29	0.0
-5444.0	27	0.0
-5443.0	34	0.0
-5442.0	27	0.0
-5441.0	31	0.0
-5440.0	20	0.0
-5439.0	32	0.0
-5438.0	25	0.0
-5437.0	42	0.0
-5436.0	38	0.0
-5435.0	26	0.0
-5434.0	26	0.0
-5433.0	28	0.0
-5432.0	26	0.0
-5431.0	21	0.0
-5430.0	37	0.0
-5429.0	29	0.0
-5428.0	29	0.0
-5427.0	32	0.0
-5426.0	23	0.0
-5425.0	24	0.0
-5424.0	30	0.0
-5423.0	23	0.0
-5422.0	30	0.0
-5421.0	36	0.0
-5420.0	39	0.0
-5419.0	29	0.0
-5418.0	33	0.0
-5417.0	21	0.0
-5416.0	37	0.0
-5415.0	35	0.0
-5414.0	21	0.0
-5413.0	36	0.0
-5412.0	26	0.0
-5411.0	41	0.0
-5410.0	28	0.0
-5409.0	35	0.0
-5408.0	20	0.0
-5407.0	26	0.0
-5406.0	26	0.0
-5405.0	30	0.0
-5404.0	25	0.0
-5403.0	22	0.0
-5402.0	34	0.0
-5401.0	29	0.0
-5400.0	37	0.0
-5399.0	40	0.0
-5398.0	23	0.0
-5397.0	24	0.0
-5396.0	21	0.0
-5395.0	33	0.0
-5394.0	30	0.0
-5393.0	21	0.0
-5392.0	27	0.0
-5391.0	31	0.0
-5390.0	24	0.0
-5389.0	37	0.0
-5388.0	22	0.0
-5387.0	26	0.0
-5386.0	30	0.0
-5385.0	27	0.0
-5384.0	31	0.0
-5383.0	26	0.0
-5382.0	16	0.0
-5381.0	26	0.0
-5380.0	37	0.0
-5379.0	25	0.0
-5378.0	29	0.0
-5377.0	28	0.0
-5376.0	28	0.0
-5375.0	26	0.0
-5374.0	37	0.0
-5373.0	41	0.0
-5372.0	35	0.0
-5371.0	19	0.0
-5370.0	37	0.0
-5369.0	35	0.0
-5368.0	40	0.0
-5367.0	35	0.0
-5366.0	37	0.0
-5365.0	27	0.0
-5364.0	26	0.0
-5363.0	34	0.0
-5362.0	41	0.0
-5361.0	30	0.0
-5360.0	38	0.0
-5359.0	29	0.0
-5358.0	25	0.0
-5357.0	32	0.0
-5356.0	32	0.0
-5355.0	30	0.0
-5354.0	25	0.0
-5353.0	42	0.0
-5352.0	22	0.0
-5351.0	35	0.0
-5350.0	22	0.0
-5349.0	44	0.0
-5348.0	30	0.0
-5347.0	33	0.0
-5346.0	34	0.0
-5345.0	33	0.0
-5344.0	32	0.0
-5343.0	32	0.0
-5342.0	24	0.0
-5341.0	35	0.0
-5340.0	38	0.0
-5339.0	26	0.0
-5338.0	26	0.0
-5337.0	29	0.0
-5336.0	48	0.0
-5335.0	35	0.0
-5334.0	32	0.0
-5333.0	30	0.0
-5332.0	34	0.0
-5331.0	19	0.0
-5330.0	25	0.0
-5329.0	30	0.0
-5328.0	28	0.0
-5327.0	30	0.0
-5326.0	32	0.0
-5325.0	29	0.0
-5324.0	31	0.0
-5323.0	39	0.0
-5322.0	35	0.0
-5321.0	33	0.0
-5320.0	33	0.0
-5319.0	27	0.0
-5318.0	28	0.0
-5317.0	28	0.0
-5316.0	33	0.0
-5315.0	28	0.0
-5314.0	42	0.0
-5313.0	34	0.0
-5312.0	35	0.0
-5311.0	27	0.0
-5310.0	26	0.0
-5309.0	38	0.0
-5308.0	21	0.0
-5307.0	27	0.0
-5306.0	37	0.0
-5305.0	31	0.0
-5304.0	35	0.0
-5303.0	31	0.0
-5302.0	30	0.0
-5301.0	27	0.0
-5300.0	23	0.0
-5299.0	33	0.0
-5298.0	24	0.0
-5297.0	33	0.0
-5296.0	35	0.0
-5295.0	31	0.0
-5294.0	34	0.0
-5293.0	20	0.0
-5292.0	29	0.0
-5291.0	33	0.0
-5290.0	26	0.0
-5289.0	31	0.0
-5288.0	27	0.0
-5287.0	23	0.0
-5286.0	33	0.0
-5285.0	17	0.0
-5284.0	26	0.0
-5283.0	33	0.0
-5282.0	27	0.0
-5281.0	41	0.0
-5280.0	31	0.0
-5279.0	37	0.0
-5278.0	21	0.0
-5277.0	21	0.0
-5276.0	38	0.0
-5275.0	30	0.0
-5274.0	27	0.0
-5273.0	35	0.0
-5272.0	36	0.0
-5271.0	20	0.0
-5270.0	24	0.0
-5269.0	27	0.0
-5268.0	23	0.0
-5267.0	30	0.0
-5266.0	25	0.0
-5265.0	29	0.0
-5264.0	32	0.0
-5263.0	27	0.0
-5262.0	35	0.0
-5261.0	27	0.0
-5260.0	33	0.0
-5259.0	31	0.0
-5258.0	29	0.0
-5257.0	31	0.0
-5256.0	28	0.0
-5255.0	33	0.0
-5254.0	33	0.0
-5253.0	34	0.0
-5252.0	36	0.0
-5251.0	25	0.0
-5250.0	36	0.0
-5249.0	23	0.0
-5248.0	31	0.0
-5247.0	31	0.0
-5246.0	32	0.0
-5245.0	32	0.0
-5244.0	31	0.0
-5243.0	34	0.0
-5242.0	29	0.0
-5241.0	28	0.0
-5240.0	33	0.0
-5239.0	27	0.0
-5238.0	50	0.0
-5237.0	25	0.0
-5236.0	33	0.0
-5235.0	26	0.0
-5234.0	35	0.0
-5233.0	29	0.0
-5232.0	30	0.0
-5231.0	28	0.0
-5230.0	28	0.0
-5229.0	34	0.0
-5228.0	27	0.0
-5227.0	32	0.0
-5226.0	35	0.0
-5225.0	33	0.0
-5224.0	34	0.0
-5223.0	24	0.0
-5222.0	24	0.0
-5221.0	30	0.0
-5220.0	25	0.0
-5219.0	32	0.0
-5218.0	27	0.0
-5217.0	24	0.0
-5216.0	29	0.0
-5215.0	31	0.0
-5214.0	22	0.0
-5213.0	30	0.0
-5212.0	47	0.0
-5211.0	27	0.0
-5210.0	20	0.0
-5209.0	32	0.0
-5208.0	30	0.0
-5207.0	33	0.0
-5206.0	32	0.0
-5205.0	29	0.0
-5204.0	26	0.0
-5203.0	18	0.0
-5202.0	37	0.0
-5201.0	26	0.0
-5200.0	25	0.0
-5199.0	36	0.0
-5198.0	26	0.0
-5197.0	27	0.0
-5196.0	35	0.0
-5195.0	30	0.0
-5194.0	32	0.0
-5193.0	36	0.0
-5192.0	22	0.0
-5191.0	32	0.0
-5190.0	22	0.0
-5189.0	37	0.0
-5188.0	32	0.0
-5187.0	31	0.0
-5186.0	22	0.0
-5185.0	36	0.0
-5184.0	32	0.0
-5183.0	42	0.0
-5182.0	31	0.0
-5181.0	33	0.0
-5180.0	26	0.0
-5179.0	24	0.0
-5178.0	28	0.0
-5177.0	39	0.0
-5176.0	36	0.0
-5175.0	33	0.0
-5174.0	31	0.0
-5173.0	34	0.0
-5172.0	31	0.0
-5171.0	28	0.0
-5170.0	32	0.0
-5169.0	37	0.0
-5168.0	30	0.0
-5167.0	27	0.0
-5166.0	30	0.0
-5165.0	30	0.0
-5164.0	28	0.0
-5163.0	36	0.0
-5162.0	32	0.0
-5161.0	28	0.0
-5160.0	41	0.0
-5159.0	28	0.0
-5158.0	34	0.0
-5157.0	34	0.0
-5156.0	29	0.0
-5155.0	36	0.0
-5154.0	23	0.0
-5153.0	33	0.0
-5152.0	30	0.0
-5151.0	24	0.0
-5150.0	32	0.0
-5149.0	32	0.0
-5148.0	38	0.0
-5147.0	35	0.0
-5146.0	29	0.0
-5145.0	32	0.0
-5144.0	30	0.0
-5143.0	28	0.0
-5142.0	26	0.0
-5141.0	33	0.0
-5140.0	29	0.0
-5139.0	39	0.0
-5138.0	21	0.0
-5137.0	22	0.0
-5136.0	36	0.0
-5135.0	35	0.0
-5134.0	27	0.0
-5133.0	36	0.0
-5132.0	32	0.0
-5131.0	25	0.0
-5130.0	30	0.0
-5129.0	33	0.0
-5128.0	28	0.0
-5127.0	24	0.0
-5126.0	23	0.0
-5125.0	28	0.0
-5124.0	22	0.0
-5123.0	28	0.0
-5122.0	28	0.0
-5121.0	19	0.0
-5120.0	32	0.0
-5119.0	34	0.0
-5118.0	25	0.0
-5117.0	23	0.0
-5116.0	35	0.0
-5115.0	33	0.0
-5114.0	29	0.0
-5113.0	40	0.0
-5112.0	21	0.0
-5111.0	39	0.0
-5110.0	36	0.0
-5109.0	30	0.0
-5108.0	29	0.0
-5107.0	33	0.0
-5106.0	28	0.0
-5105.0	19	0.0
-5104.0	25	0.0
-5103.0	27	0.0
-5102.0	29	0.0
-5101.0	31	0.0
-5100.0	24	0.0
-5099.0	25	0.0
-5098.0	21	0.0
-5097.0	31	0.0
-5096.0	27	0.0
-5095.0	23	0.0
-5094.0	32	0.0
-5093.0	29	0.0
-5092.0	30	0.0
-5091.0	34	0.0
-5090.0	40	0.0
-5089.0	34	0.0
-5088.0	33	0.0
-5087.0	28	0.0
-5086.0	24	0.0
-5085.0	37	0.0
-5084.0	37	0.0
-5083.0	32	0.0
-5082.0	39	0.0
-5081.0	27	0.0
-5080.0	28	0.0
-5079.0	31	0.0
-5078.0	24	0.0
-5077.0	32	0.0
-5076.0	30	0.0
-5075.0	32	0.0
-5074.0	23	0.0
-5073.0	31	0.0
-5072.0	25	0.0
-5071.0	26	0.0
-5070.0	31	0.0
-5069.0	27	0.0
-5068.0	35	0.0
-5067.0	35	0.0
-5066.0	25	0.0
-5065.0	36	0.0
-5064.0	25	0.0
-5063.0	32	0.0
-5062.0	36	0.0
-5061.0	31	0.0
-5060.0	33	0.0
-5059.0	37	0.0
-5058.0	20	0.0
-5057.0	36	0.0
-5056.0	27	0.0
-5055.0	30	0.0
-5054.0	29	0.0
-5053.0	27	0.0
-5052.0	32	0.0
-5051.0	30	0.0
-5050.0	38	0.0
-5049.0	36	0.0
-5048.0	35	0.0
-5047.0	36	0.0
-5046.0	34	0.0
-5045.0	31	0.0
-5044.0	30	0.0
-5043.0	28	0.0
-5042.0	27	0.0
-5041.0	34	0.0
-5040.0	19	0.0
-5039.0	27	0.0
-5038.0	39	0.0
-5037.0	21	0.0
-5036.0	30	0.0
-5035.0	27	0.0
-5034.0	29	0.0
-5033.0	39	0.0
-5032.0	39	0.0
-5031.0	24	0.0
-5030.0	34	0.0
-5029.0	27	0.0
-5028.0	29	0.0
-5027.0	31	0.0
-5026.0	30	0.0
-5025.0	34	0.0
-5024.0	33	0.0
-5023.0	30	0.0
-5022.0	33	0.0
-5021.0	32	0.0
-5020.0	42	0.0
-5019.0	27	0.0
-5018.0	31	0.0
-5017.0	27	0.0
-5016.0	30	0.0
-5015.0	29	0.0
-5014.0	24	0.0
-5013.0	25	0.0
-5012.0	40	0.0
-5011.0	29	0.0
-5010.0	31	0.0
-5009.0	28	0.0
-5008.0	37	0.0
-5007.0	42	0.0
-5006.0	36	0.0
-5005.0	34	0.0
-5004.0	35	0.0
-5003.0	35	0.0
-5002.0	32	0.0
-5001.0	36	0.0
-5000.0	37	0.0
-4999.0	31	0.0
-4998.0	27	0.0
-4997.0	39	0.0
-4996.0	25	0.0
-4995.0	36	0.0
-4994.0	28	0.0
-4993.0	35	0.0
-4992.0	31	0.0
-4991.0	35	0.0
-4990.0	16	0.0
-4989.0	17	0.0
-4988.0	31	0.0
-4987.0	30	0.0
-4986.0	36	0.0
-4985.0	30	0.0
-4984.0	28	0.0
-4983.0	29	0.0
-4982.0	30	0.0
-4981.0	32	0.0
-4980.0	35	0.0
-4979.0	25	0.0
-4978.0	27	0.0
-4977.0	25	0.0
-4976.0	40	0.0
-4975.0	20	0.0
-4974.0	26	0.0
-4973.0	34	0.0
-4972.0	25	0.0
-4971.0	19	0.0
-4970.0	24	0.0
-4969.0	29	0.0
-4968.0	29	0.0
-4967.0	28	0.0
-4966.0	38	0.0
-4965.0	32	0.0
-4964.0	31	0.0
-4963.0	32	0.0
-4962.0	31	0.0
-4961.0	31	0.0
-4960.0	28	0.0
-4959.0	29	0.0
-4958.0	25	0.0
-4957.0	29	0.0
-4956.0	37	0.0
-4955.0	20	0.0
-4954.0	35	0.0
-4953.0	35	0.0
-4952.0	30	0.0
-4951.0	31	0.0
-4950.0	28	0.0
-4949.0	43	0.0
-4948.0	22	0.0
-4947.0	23	0.0
-4946.0	36	0.0
-4945.0	31	0.0
-4944.0	30	0.0
-4943.0	33	0.0
-4942.0	26	0.0
-4941.0	27	0.0
-4940.0	31	0.0
-4939.0	31	0.0
-4938.0	37	0.0
-4937.0	30	0.0
-4936.0	31	0.0
-4935.0	32	0.0
-4934.0	41	0.0
-4933.0	32	0.0
-4932.0	28	0.0
-4931.0	46	0.0
-4930.0	28	0.0
-4929.0	20	0.0
-4928.0	35	0.0
-4927.0	30	0.0
-4926.0	29	0.0
-4925.0	25	0.0
-4924.0	35	0.0
-4923.0	30	0.0
-4922.0	19	0.0
-4921.0	27	0.0
-4920.0	21	0.0
-4919.0	31	0.0
-4918.0	39	0.0
-4917.0	27	0.0
-4916.0	28	0.0
-4915.0	34	0.0
-4914.0	35	0.0
-4913.0	29	0.0
-4912.0	37	0.0
-4911.0	38	0.0
-4910.0	29	0.0
-4909.0	44	0.0
-4908.0	23	0.0
-4907.0	31	0.0
-4906.0	42	0.0
-4905.0	32	0.0
-4904.0	27	0.0
-4903.0	34	0.0
-4902.0	27	0.0
-4901.0	29	0.0
-4900.0	26	0.0
-4899.0	29	0.0
-4898.0	34	0.0
-4897.0	33	0.0
-4896.0	28	0.0
-4895.0	33	0.0
-4894.0	29	0.0
-4893.0	24	0.0
-4892.0	38	0.0
-4891.0	32	0.0
-4890.0	31	0.0
-4889.0	26	0.0
-4888.0	37	0.0
-4887.0	23	0.0
-4886.0	25	0.0
-4885.0	35	0.0
-4884.0	32	0.0
-4883.0	31	0.0
-4882.0	38	0.0
-4881.0	27	0.0
-4880.0	31	0.0
-4879.0	31	0.0
-4878.0	33	0.0
-4877.0	26	0.0
-4876.0	27	0.0
-4875.0	29	0.0
-4874.0	32	0.0
-4873.0	23	0.0
-4872.0	30	0.0
-4871.0	23	0.0
-4870.0	36	0.0
-4869.0	33	0.0
-4868.0	32	0.0
-4867.0	26	0.0
-4866.0	27	0.0
-4865.0	27	0.0
-4864.0	31	0.0
-4863.0	22	0.0
-4862.0	42	0.0
-4861.0	19	0.0
-4860.0	25	0.0
-4859.0	32	0.0
-4858.0	31	0.0
-4857.0	25	0.0
-4856.0	31	0.0
-4855.0	33	0.0
-4854.0	32	0.0
-4853.0	29	0.0
-4852.0	21	0.0
-4851.0	18	0.0
-4850.0	28	0.0
-4849.0	34	0.0
-4848.0	28	0.0
-4847.0	25	0.0
-4846.0	23	0.0
-4845.0	31	0.0
-4844.0	32	0.0
-4843.0	34	0.0
-4842.0	38	0.0
-4841.0	32	0.0
-4840.0	26	0.0
-4839.0	30	0.0
-4838.0	33	0.0
-4837.0	31	0.0
-4836.0	28	0.0
-4835.0	27	0.0
-4834.0	31	0.0
-4833.0	20	0.0
-4832.0	28	0.0
-4831.0	29	0.0
-4830.0	35	0.0
-4829.0	34	0.0
-4828.0	25	0.0
-4827.0	26	0.0
-4826.0	23	0.0
-4825.0	26	0.0
-4824.0	31	0.0
-4823.0	35	0.0
-4822.0	31	0.0
-4821.0	13	0.0
-4820.0	26	0.0
-4819.0	27	0.0
-4818.0	33	0.0
-4817.0	33	0.0
-4816.0	34	0.0
-4815.0	20	0.0
-4814.0	31	0.0
-4813.0	25	0.0
-4812.0	29	0.0
-4811.0	33	0.0
-4810.0	32	0.0
-4809.0	21	0.0
-4808.0	33	0.0
-4807.0	32	0.0
-4806.0	28	0.0
-4805.0	21	0.0
-4804.0	22	0.0
-4803.0	31	0.0
-4802.0	37	0.0
-4801.0	35	0.0
-4800.0	35	0.0
-4799.0	29	0.0
-4798.0	30	0.0
-4797.0	24	0.0
-4796.0	26	0.0
-4795.0	31	0.0
-4794.0	22	0.0
-4793.0	34	0.0
-4792.0	27	0.0
-4791.0	26	0.0
-4790.0	26	0.0
-4789.0	27	0.0
-4788.0	30	0.0
-4787.0	29	0.0
-4786.0	32	0.0
-4785.0	38	0.0
-4784.0	24	0.0
-4783.0	26	0.0
-4782.0	31	0.0
-4781.0	32	0.0
-4780.0	22	0.0
-4779.0	22	0.0
-4778.0	30	0.0
-4777.0	41	0.0
-4776.0	35	0.0
-4775.0	32	0.0
-4774.0	32	0.0
-4773.0	30	0.0
-4772.0	31	0.0
-4771.0	21	0.0
-4770.0	43	0.0
-4769.0	30	0.0
-4768.0	28	0.0
-4767.0	25	0.0
-4766.0	21	0.0
-4765.0	27	0.0
-4764.0	31	0.0
-4763.0	22	0.0
-4762.0	27	0.0
-4761.0	36	0.0
-4760.0	27	0.0
-4759.0	30	0.0
-4758.0	29	0.0
-4757.0	28	0.0
-4756.0	27	0.0
-4755.0	33	0.0
-4754.0	28	0.0
-4753.0	38	0.0
-4752.0	26	0.0
-4751.0	29	0.0
-4750.0	25	0.0
-4749.0	31	0.0
-4748.0	31	0.0
-4747.0	29	0.0
-4746.0	27	0.0
-4745.0	30	0.0
-4744.0	23	0.0
-4743.0	28	0.0
-4742.0	26	0.0
-4741.0	22	0.0
-4740.0	33	0.0
-4739.0	31	0.0
-4738.0	21	0.0
-4737.0	26	0.0
-4736.0	37	0.0
-4735.0	38	0.0
-4734.0	25	0.0
-4733.0	19	0.0
-4732.0	34	0.0
-4731.0	23	0.0
-4730.0	31	0.0
-4729.0	34	0.0
-4728.0	32	0.0
-4727.0	19	0.0
-4726.0	27	0.0
-4725.0	28	0.0
-4724.0	29	0.0
-4723.0	38	0.0
-4722.0	32	0.0
-4721.0	35	0.0
-4720.0	24	0.0
-4719.0	25	0.0
-4718.0	22	0.0
-4717.0	25	0.0
-4716.0	29	0.0
-4715.0	33	0.0
-4714.0	23	0.0
-4713.0	34	0.0
-4712.0	28	0.0
-4711.0	35	0.0
-4710.0	28	0.0
-4709.0	38	0.0
-4708.0	20	0.0
-4707.0	22	0.0
-4706.0	23	0.0
-4705.0	29	0.0
-4704.0	34	0.0
-4703.0	31	0.0
-4702.0	17	0.0
-4701.0	25	0.0
-4700.0	19	0.0
-4699.0	37	0.0
-4698.0	27	0.0
-4697.0	30	0.0
-4696.0	39	0.0
-4695.0	31	0.0
-4694.0	31	0.0
-4693.0	25	0.0
-4692.0	28	0.0
-4691.0	25	0.0
-4690.0	38	0.0
-4689.0	21	0.0
-4688.0	36	0.0
-4687.0	26	0.0
-4686.0	31	0.0
-4685.0	33	0.0
-4684.0	28	0.0
-4683.0	26	0.0
-4682.0	19	0.0
-4681.0	26	0.0
-4680.0	30	0.0
-4679.0	30	0.0
-4678.0	27	0.0
-4677.0	36	0.0
-4676.0	32	0.0
-4675.0	35	0.0
-4674.0	34	0.0
-4673.0	37	0.0
-4672.0	30	0.0
-4671.0	35	0.0
-4670.0	30	0.0
-4669.0	32	0.0
-4668.0	23	0.0
-4667.0	30	0.0
-4666.0	42	0.0
-4665.0	34	0.0
-4664.0	25	0.0
-4663.0	31	0.0
-4662.0	26	0.0
-4661.0	28	0.0
-4660.0	23	0.0
-4659.0	35	0.0
-4658.0	28	0.0
-4657.0	28	0.0
-4656.0	27	0.0
-4655.0	34	0.0
-4654.0	26	0.0
-4653.0	32	0.0
-4652.0	21	0.0
-4651.0	28	0.0
-4650.0	22	0.0
-4649.0	40	0.0
-4648.0	24	0.0
-4647.0	25	0.0
-4646.0	31	0.0
-4645.0	33	0.0
-4644.0	29	0.0
-4643.0	22	0.0
-4642.0	26	0.0
-4641.0	24	0.0
-4640.0	32	0.0
-4639.0	33	0.0
-4638.0	21	0.0
-4637.0	36	0.0
-4636.0	31	0.0
-4635.0	34	0.0
-4634.0	33	0.0
-4633.0	29	0.0
-4632.0	28	0.0
-4631.0	31	0.0
-4630.0	26	0.0
-4629.0	24	0.0
-4628.0	27	0.0
-4627.0	35	0.0
-4626.0	24	0.0
-4625.0	20	0.0
-4624.0	33	0.0
-4623.0	22	0.0
-4622.0	29	0.0
-4621.0	34	0.0
-4620.0	31	0.0
-4619.0	37	0.0
-4618.0	31	0.0
-4617.0	31	0.0
-4616.0	31	0.0
-4615.0	23	0.0
-4614.0	23	0.0
-4613.0	31	0.0
-4612.0	44	0.0
-4611.0	27	0.0
-4610.0	26	0.0
-4609.0	28	0.0
-4608.0	30	0.0
-4607.0	35	0.0
-4606.0	31	0.0
-4605.0	29	0.0
-4604.0	24	0.0
-4603.0	23	0.0
-4602.0	33	0.0
-4601.0	34	0.0
-4600.0	24	0.0
-4599.0	31	0.0
-4598.0	26	0.0
-4597.0	23	0.0
-4596.0	35	0.0
-4595.0	34	0.0
-4594.0	31	0.0
-4593.0	29	0.0
-4592.0	32	0.0
-4591.0	23	0.0
-4590.0	29	0.0
-4589.0	27	0.0
-4588.0	34	0.0
-4587.0	31	0.0
-4586.0	20	0.0
-4585.0	29	0.0
-4584.0	43	0.0
-4583.0	35	0.0
-4582.0	28	0.0
-4581.0	25	0.0
-4580.0	32	0.0
-4579.0	35	0.0
-4578.0	29	0.0
-4577.0	30	0.0
-4576.0	28	0.0
-4575.0	22	0.0
-4574.0	40	0.0
-4573.0	37	0.0
-4572.0	27	0.0
-4571.0	28	0.0
-4570.0	32	0.0
-4569.0	36	0.0
-4568.0	29	0.0
-4567.0	23	0.0
-4566.0	31	0.0
-4565.0	27	0.0
-4564.0	28	0.0
-4563.0	26	0.0
-4562.0	28	0.0
-4561.0	30	0.0
-4560.0	39	0.0
-4559.0	33	0.0
-4558.0	35	0.0
-4557.0	30	0.0
-4556.0	25	0.0
-4555.0	34	0.0
-4554.0	31	0.0
-4553.0	20	0.0
-4552.0	28	0.0
-4551.0	33	0.0
-4550.0	28	0.0
-4549.0	29	0.0
-4548.0	22	0.0
-4547.0	24	0.0
-4546.0	34	0.0
-4545.0	28	0.0
-4544.0	28	0.0
-4543.0	25	0.0
-4542.0	19	0.0
-4541.0	26	0.0
-4540.0	27	0.0
-4539.0	32	0.0
-4538.0	23	0.0
-4537.0	25	0.0
-4536.0	31	0.0
-4535.0	23	0.0
-4534.0	27	0.0
-4533.0	38	0.0
-4532.0	20	0.0
-4531.0	20	0.0
-4530.0	32	0.0
-4529.0	33	0.0
-4528.0	29	0.0
-4527.0	32	0.0
-4526.0	37	0.0
-4525.0	28	0.0
-4524.0	26	0.0
-4523.0	26	0.0
-4522.0	36	0.0
-4521.0	26	0.0
-4520.0	25	0.0
-4519.0	32	0.0
-4518.0	37	0.0
-4517.0	29	0.0
-4516.0	26	0.0
-4515.0	34	0.0
-4514.0	22	0.0
-4513.0	31	0.0
-4512.0	28	0.0
-4511.0	23	0.0
-4510.0	43	0.0
-4509.0	35	0.0
-4508.0	20	0.0
-4507.0	29	0.0
-4506.0	32	0.0
-4505.0	24	0.0
-4504.0	31	0.0
-4503.0	25	0.0
-4502.0	40	0.0
-4501.0	26	0.0
-4500.0	26	0.0
-4499.0	24	0.0
-4498.0	33	0.0
-4497.0	33	0.0
-4496.0	28	0.0
-4495.0	25	0.0
-4494.0	21	0.0
-4493.0	29	0.0
-4492.0	25	0.0
-4491.0	36	0.0
-4490.0	25	0.0
-4489.0	25	0.0
-4488.0	43	0.0
-4487.0	26	0.0
-4486.0	26	0.0
-4485.0	38	0.0
-4484.0	29	0.0
-4483.0	21	0.0
-4482.0	29	0.0
-4481.0	35	0.0
-4480.0	37	0.0
-4479.0	32	0.0
-4478.0	33	0.0
-4477.0	31	0.0
-4476.0	31	0.0
-4475.0	34	0.0
-4474.0	33	0.0
-4473.0	30	0.0
-4472.0	24	0.0
-4471.0	30	0.0
-4470.0	24	0.0
-4469.0	23	0.0
-4468.0	33	0.0
-4467.0	26	0.0
-4466.0	36	0.0
-4465.0	31	0.0
-4464.0	32	0.0
-4463.0	22	0.0
-4462.0	34	0.0
-4461.0	31	0.0
-4460.0	31	0.0
-4459.0	37	0.0
-4458.0	35	0.0
-4457.0	34	0.0
-4456.0	28	0.0
-4455.0	34	0.0
-4454.0	28	0.0
-4453.0	26	0.0
-4452.0	26	0.0
-4451.0	26	0.0
-4450.0	26	0.0
-4449.0	23	0.0
-4448.0	26	0.0
-4447.0	36	0.0
-4446.0	30	0.0
-4445.0	27	0.0
-4444.0	35	0.0
-4443.0	33	0.0
-4442.0	31	0.0
-4441.0	26	0.0
-4440.0	30	0.0
-4439.0	40	0.0
-4438.0	25	0.0
-4437.0	28	0.0
-4436.0	28	0.0
-4435.0	37	0.0
-4434.0	31	0.0
-4433.0	31	0.0
-4432.0	27	0.0
-4431.0	27	0.0
-4430.0	41	0.0
-4429.0	30	0.0
-4428.0	16	0.0
-4427.0	39	0.0
-4426.0	29	0.0
-4425.0	26	0.0
-4424.0	26	0.0
-4423.0	27	0.0
-4422.0	24	0.0
-4421.0	28	0.0
-4420.0	34	0.0
-4419.0	29	0.0
-4418.0	42	0.0
-4417.0	32	0.0
-4416.0	30	0.0
-4415.0	37	0.0
-4414.0	24	0.0
-4413.0	30	0.0
-4412.0	34	0.0
-4411.0	35	0.0
-4410.0	25	0.0
-4409.0	21	0.0
-4408.0	26	0.0
-4407.0	40	0.0
-4406.0	29	0.0
-4405.0	31	0.0
-4404.0	31	0.0
-4403.0	28	0.0
-4402.0	22	0.0
-4401.0	34	0.0
-4400.0	24	0.0
-4399.0	29	0.0
-4398.0	26	0.0
-4397.0	35	0.0
-4396.0	30	0.0
-4395.0	23	0.0
-4394.0	36	0.0
-4393.0	35	0.0
-4392.0	26	0.0
-4391.0	36	0.0
-4390.0	31	0.0
-4389.0	35	0.0
-4388.0	26	0.0
-4387.0	29	0.0
-4386.0	49	0.0
-4385.0	29	0.0
-4384.0	27	0.0
-4383.0	25	0.0
-4382.0	26	0.0
-4381.0	29	0.0
-4380.0	25	0.0
-4379.0	35	0.0
-4378.0	31	0.0
-4377.0	29	0.0
-4376.0	29	0.0
-4375.0	37	0.0
-4374.0	24	0.0
-4373.0	36	0.0
-4372.0	31	0.0
-4371.0	36	0.0
-4370.0	29	0.0
-4369.0	37	0.0
-4368.0	28	0.0
-4367.0	34	0.0
-4366.0	32	0.0
-4365.0	34	0.0
-4364.0	29	0.0
-4363.0	23	0.0
-4362.0	20	0.0
-4361.0	46	0.0
-4360.0	35	0.0
-4359.0	30	0.0
-4358.0	27	0.0
-4357.0	33	0.0
-4356.0	23	0.0
-4355.0	25	0.0
-4354.0	35	0.0
-4353.0	31	0.0
-4352.0	35	0.0
-4351.0	30	0.0
-4350.0	31	0.0
-4349.0	26	0.0
-4348.0	34	0.0
-4347.0	36	0.0
-4346.0	38	0.0
-4345.0	24	0.0
-4344.0	32	0.0
-4343.0	40	0.0
-4342.0	33	0.0
-4341.0	28	0.0
-4340.0	25	0.0
-4339.0	22	0.0
-4338.0	32	0.0
-4337.0	28	0.0
-4336.0	32	0.0
-4335.0	35	0.0
-4334.0	15	0.0
-4333.0	27	0.0
-4332.0	17	0.0
-4331.0	30	0.0
-4330.0	28	0.0
-4329.0	39	0.0
-4328.0	27	0.0
-4327.0	33	0.0
-4326.0	27	0.0
-4325.0	32	0.0
-4324.0	41	0.0
-4323.0	43	0.0
-4322.0	30	0.0
-4321.0	30	0.0
-4320.0	19	0.0
-4319.0	40	0.0
-4318.0	23	0.0
-4317.0	40	0.0
-4316.0	24	0.0
-4315.0	26	0.0
-4314.0	28	0.0
-4313.0	33	0.0
-4312.0	26	0.0
-4311.0	37	0.0
-4310.0	33	0.0
-4309.0	35	0.0
-4308.0	25	0.0
-4307.0	21	0.0
-4306.0	26	0.0
-4305.0	21	0.0
-4304.0	33	0.0
-4303.0	22	0.0
-4302.0	25	0.0
-4301.0	25	0.0
-4300.0	35	0.0
-4299.0	24	0.0
-4298.0	29	0.0
-4297.0	34	0.0
-4296.0	39	0.0
-4295.0	25	0.0
-4294.0	31	0.0
-4293.0	27	0.0
-4292.0	37	0.0
-4291.0	40	0.0
-4290.0	37	0.0
-4289.0	34	0.0
-4288.0	23	0.0
-4287.0	23	0.0
-4286.0	28	0.0
-4285.0	27	0.0
-4284.0	33	0.0
-4283.0	26	0.0
-4282.0	43	0.0
-4281.0	20	0.0
-4280.0	22	0.0
-4279.0	26	0.0
-4278.0	24	0.0
-4277.0	37	0.0
-4276.0	33	0.0
-4275.0	32	0.0
-4274.0	25	0.0
-4273.0	25	0.0
-4272.0	29	0.0
-4271.0	33	0.0
-4270.0	23	0.0
-4269.0	40	0.0
-4268.0	29	0.0
-4267.0	34	0.0
-4266.0	31	0.0
-4265.0	33	0.0
-4264.0	26	0.0
-4263.0	32	0.0
-4262.0	30	0.0
-4261.0	29	0.0
-4260.0	39	0.0
-4259.0	36	0.0
-4258.0	31	0.0
-4257.0	23	0.0
-4256.0	26	0.0
-4255.0	23	0.0
-4254.0	20	0.0
-4253.0	30	0.0
-4252.0	20	0.0
-4251.0	27	0.0
-4250.0	20	0.0
-4249.0	27	0.0
-4248.0	28	0.0
-4247.0	43	0.0
-4246.0	21	0.0
-4245.0	37	0.0
-4244.0	29	0.0
-4243.0	26	0.0
-4242.0	29	0.0
-4241.0	29	0.0
-4240.0	29	0.0
-4239.0	32	0.0
-4238.0	29	0.0
-4237.0	30	0.0
-4236.0	39	0.0
-4235.0	23	0.0
-4234.0	27	0.0
-4233.0	32	0.0
-4232.0	33	0.0
-4231.0	30	0.0
-4230.0	35	0.0
-4229.0	35	0.0
-4228.0	27	0.0
-4227.0	24	0.0
-4226.0	38	0.0
-4225.0	37	0.0
-4224.0	27	0.0
-4223.0	28	0.0
-4222.0	26	0.0
-4221.0	31	0.0
-4220.0	25	0.0
-4219.0	38	0.0
-4218.0	27	0.0
-4217.0	31	0.0
-4216.0	18	0.0
-4215.0	16	0.0
-4214.0	32	0.0
-4213.0	29	0.0
-4212.0	27	0.0
-4211.0	28	0.0
-4210.0	35	0.0
-4209.0	28	0.0
-4208.0	30	0.0
-4207.0	44	0.0
-4206.0	25	0.0
-4205.0	22	0.0
-4204.0	24	0.0
-4203.0	32	0.0
-4202.0	27	0.0
-4201.0	34	0.0
-4200.0	31	0.0
-4199.0	24	0.0
-4198.0	35	0.0
-4197.0	32	0.0
-4196.0	32	0.0
-4195.0	35	0.0
-4194.0	34	0.0
-4193.0	26	0.0
-4192.0	35	0.0
-4191.0	33	0.0
-4190.0	25	0.0
-4189.0	35	0.0
-4188.0	21	0.0
-4187.0	36	0.0
-4186.0	21	0.0
-4185.0	27	0.0
-4184.0	29	0.0
-4183.0	24	0.0
-4182.0	30	0.0
-4181.0	35	0.0
-4180.0	31	0.0
-4179.0	29	0.0
-4178.0	31	0.0
-4177.0	28	0.0
-4176.0	26	0.0
-4175.0	25	0.0
-4174.0	33	0.0
-4173.0	34	0.0
-4172.0	32	0.0
-4171.0	27	0.0
-4170.0	23	0.0
-4169.0	26	0.0
-4168.0	28	0.0
-4167.0	34	0.0
-4166.0	17	0.0
-4165.0	30	0.0
-4164.0	28	0.0
-4163.0	23	0.0
-4162.0	27	0.0
-4161.0	25	0.0
-4160.0	34	0.0
-4159.0	22	0.0
-4158.0	32	0.0
-4157.0	30	0.0
-4156.0	30	0.0
-4155.0	30	0.0
-4154.0	28	0.0
-4153.0	26	0.0
-4152.0	31	0.0
-4151.0	22	0.0
-4150.0	21	0.0
-4149.0	33	0.0
-4148.0	29	0.0
-4147.0	33	0.0
-4146.0	29	0.0
-4145.0	33	0.0
-4144.0	24	0.0
-4143.0	39	0.0
-4142.0	27	0.0
-4141.0	39	0.0
-4140.0	28	0.0
-4139.0	27	0.0
-4138.0	29	0.0
-4137.0	33	0.0
-4136.0	29	0.0
-4135.0	40	0.0
-4134.0	27	0.0
-4133.0	39	0.0
-4132.0	32	0.0
-4131.0	26	0.0
-4130.0	34	0.0
-4129.0	45	0.0
-4128.0	26	0.0
-4127.0	32	0.0
-4126.0	26	0.0
-4125.0	29	0.0
-4124.0	39	0.0
-4123.0	20	0.0
-4122.0	31	0.0
-4121.0	25	0.0
-4120.0	36	0.0
-4119.0	32	0.0
-4118.0	30	0.0
-4117.0	27	0.0
-4116.0	24	0.0
-4115.0	36	0.0
-4114.0	30	0.0
-4113.0	30	0.0
-4112.0	36	0.0
-4111.0	26	0.0
-4110.0	31	0.0
-4109.0	21	0.0
-4108.0	29	0.0
-4107.0	29	0.0
-4106.0	27	0.0
-4105.0	32	0.0
-4104.0	25	0.0
-4103.0	34	0.0
-4102.0	26	0.0
-4101.0	29	0.0
-4100.0	21	0.0
-4099.0	27	0.0
-4098.0	32	0.0
-4097.0	33	0.0
-4096.0	30	0.0
-4095.0	27	0.0
-4094.0	27	0.0
-4093.0	27	0.0
-4092.0	37	0.0
-4091.0	31	0.0
-4090.0	30	0.0
-4089.0	37	0.0
-4088.0	23	0.0
-4087.0	29	0.0
-4086.0	21	0.0
-4085.0	33	0.0
-4084.0	25	0.0
-4083.0	39	0.0
-4082.0	21	0.0
-4081.0	25	0.0
-4080.0	31	0.0
-4079.0	35	0.0
-4078.0	33	0.0
-4077.0	23	0.0
-4076.0	23	0.0
-4075.0	30	0.0
-4074.0	31	0.0
-4073.0	25	0.0
-4072.0	32	0.0
-4071.0	24	0.0
-4070.0	32	0.0
-4069.0	20	0.0
-4068.0	33	0.0
-4067.0	40	0.0
-4066.0	46	0.0
-4065.0	33	0.0
-4064.0	25	0.0
-4063.0	33	0.0
-4062.0	25	0.0
-4061.0	19	0.0
-4060.0	22	0.0
-4059.0	20	0.0
-4058.0	26	0.0
-4057.0	26	0.0
-4056.0	32	0.0
-4055.0	27	0.0
-4054.0	44	0.0
-4053.0	30	0.0
-4052.0	26	0.0
-4051.0	29	0.0
-4050.0	27	0.0
-4049.0	30	0.0
-4048.0	30	0.0
-4047.0	38	0.0
-4046.0	34	0.0
-4045.0	29	0.0
-4044.0	34	0.0
-4043.0	28	0.0
-4042.0	25	0.0
-4041.0	32	0.0
-4040.0	23	0.0
-4039.0	25	0.0
-4038.0	30	0.0
-4037.0	33	0.0
-4036.0	19	0.0
-4035.0	30	0.0
-4034.0	21	0.0
-4033.0	24	0.0
-4032.0	25	0.0
-4031.0	28	0.0
-4030.0	25	0.0
-4029.0	32	0.0
-4028.0	32	0.0
-4027.0	29	0.0
-4026.0	29	0.0
-4025.0	25	0.0
-4024.0	22	0.0
-4023.0	33	0.0
-4022.0	30	0.0
-4021.0	29	0.0
-4020.0	33	0.0
-4019.0	28	0.0
-4018.0	25	0.0
-4017.0	34	0.0
-4016.0	30	0.0
-4015.0	34	0.0
-4014.0	33	0.0
-4013.0	25	0.0
-4012.0	28	0.0
-4011.0	25	0.0
-4010.0	25	0.0
-4009.0	28	0.0
-4008.0	27	0.0
-4007.0	42	0.0
-4006.0	30	0.0
-4005.0	35	0.0
-4004.0	34	0.0
-4003.0	32	0.0
-4002.0	30	0.0
-4001.0	23	0.0
-4000.0	29	0.0
-3999.0	25	0.0
-3998.0	31	0.0
-3997.0	29	0.0
-3996.0	18	0.0
-3995.0	37	0.0
-3994.0	28	0.0
-3993.0	27	0.0
-3992.0	25	0.0
-3991.0	31	0.0
-3990.0	35	0.0
-3989.0	28	0.0
-3988.0	30	0.0
-3987.0	31	0.0
-3986.0	24	0.0
-3985.0	21	0.0
-3984.0	33	0.0
-3983.0	37	0.0
-3982.0	29	0.0
-3981.0	22	0.0
-3980.0	33	0.0
-3979.0	35	0.0
-3978.0	34	0.0
-3977.0	39	0.0
-3976.0	33	0.0
-3975.0	37	0.0
-3974.0	34	0.0
-3973.0	34	0.0
-3972.0	36	0.0
-3971.0	32	0.0
-3970.0	24	0.0
-3969.0	36	0.0
-3968.0	37	0.0
-3967.0	32	0.0
-3966.0	29	0.0
-3965.0	32	0.0
-3964.0	31	0.0
-3963.0	25	0.0
-3962.0	23	0.0
-3961.0	46	0.0
-3960.0	28	0.0
-3959.0	37	0.0
-3958.0	38	0.0
-3957.0	40	0.0
-3956.0	31	0.0
-3955.0	41	0.0
-3954.0	30	0.0
-3953.0	28	0.0
-3952.0	26	0.0
-3951.0	25	0.0
-3950.0	28	0.0
-3949.0	39	0.0
-3948.0	31	0.0
-3947.0	34	0.0
-3946.0	37	0.0
-3945.0	31	0.0
-3944.0	28	0.0
-3943.0	25	0.0
-3942.0	24	0.0
-3941.0	40	0.0
-3940.0	27	0.0
-3939.0	30	0.0
-3938.0	27	0.0
-3937.0	36	0.0
-3936.0	32	0.0
-3935.0	21	0.0
-3934.0	38	0.0
-3933.0	27	0.0
-3932.0	26	0.0
-3931.0	33	0.0
-3930.0	22	0.0
-3929.0	34	0.0
-3928.0	32	0.0
-3927.0	31	0.0
-3926.0	37	0.0
-3925.0	40	0.0
-3924.0	22	0.0
-3923.0	22	0.0
-3922.0	24	0.0
-3921.0	34	0.0
-3920.0	34	0.0
-3919.0	31	0.0
-3918.0	29	0.0
-3917.0	34	0.0
-3916.0	24	0.0
-3915.0	19	0.0
-3914.0	31	0.0
-3913.0	24	0.0
-3912.0	18	0.0
-3911.0	35	0.0
-3910.0	24	0.0
-3909.0	37	0.0
-3908.0	32	0.0
-3907.0	32	0.0
-3906.0	31	0.0
-3905.0	29	0.0
-3904.0	30	0.0
-3903.0	36	0.0
-3902.0	27	0.0
-3901.0	33	0.0
-3900.0	25	0.0
-3899.0	36	0.0
-3898.0	30	0.0
-3897.0	29	0.0
-3896.0	43	0.0
-3895.0	27	0.0
-3894.0	30	0.0
-3893.0	23	0.0
-3892.0	27	0.0
-3891.0	32	0.0
-3890.0	25	0.0
-3889.0	22	0.0
-3888.0	23	0.0
-3887.0	29	0.0
-3886.0	36	0.0
-3885.0	33	0.0
-3884.0	24	0.0
-3883.0	32	0.0
-3882.0	40	0.0
-3881.0	30	0.0
-3880.0	26	0.0
-3879.0	29	0.0
-3878.0	23	0.0
-3877.0	32	0.0
-3876.0	32	0.0
-3875.0	23	0.0
-3874.0	26	0.0
-3873.0	20	0.0
-3872.0	21	0.0
-3871.0	26	0.0
-3870.0	34	0.0
-3869.0	30	0.0
-3868.0	37	0.0
-3867.0	26	0.0
-3866.0	26	0.0
-3865.0	21	0.0
-3864.0	27	0.0
-3863.0	27	0.0
-3862.0	25	0.0
-3861.0	24	0.0
-3860.0	31	0.0
-3859.0	34	0.0
-3858.0	28	0.0
-3857.0	29	0.0
-3856.0	30	0.0
-3855.0	34	0.0
-3854.0	29	0.0
-3853.0	40	0.0
-3852.0	24	0.0
-3851.0	23	0.0
-3850.0	17	0.0
-3849.0	33	0.0
-3848.0	30	0.0
-3847.0	36	0.0
-3846.0	30	0.0
-3845.0	35	0.0
-3844.0	37	0.0
-3843.0	27	0.0
-3842.0	29	0.0
-3841.0	19	0.0
-3840.0	26	0.0
-3839.0	30	0.0
-3838.0	23	0.0
-3837.0	43	0.0
-3836.0	38	0.0
-3835.0	31	0.0
-3834.0	26	0.0
-3833.0	26	0.0
-3832.0	26	0.0
-3831.0	25	0.0
-3830.0	27	0.0
-3829.0	36	0.0
-3828.0	36	0.0
-3827.0	25	0.0
-3826.0	31	0.0
-3825.0	34	0.0
-3824.0	37	0.0
-3823.0	25	0.0
-3822.0	34	0.0
-3821.0	31	0.0
-3820.0	35	0.0
-3819.0	31	0.0
-3818.0	39	0.0
-3817.0	29	0.0
-3816.0	31	0.0
-3815.0	34	0.0
-3814.0	38	0.0
-3813.0	34	0.0
-3812.0	25	0.0
-3811.0	37	0.0
-3810.0	31	0.0
-3809.0	32	0.0
-3808.0	31	0.0
-3807.0	34	0.0
-3806.0	24	0.0
-3805.0	43	0.0
-3804.0	25	0.0
-3803.0	32	0.0
-3802.0	28	0.0
-3801.0	41	0.0
-3800.0	30	0.0
-3799.0	32	0.0
-3798.0	27	0.0
-3797.0	34	0.0
-3796.0	28	0.0
-3795.0	28	0.0
-3794.0	29	0.0
-3793.0	30	0.0
-3792.0	22	0.0
-3791.0	29	0.0
-3790.0	33	0.0
-3789.0	30	0.0
-3788.0	19	0.0
-3787.0	21	0.0
-3786.0	32	0.0
-3785.0	34	0.0
-3784.0	30	0.0
-3783.0	33	0.0
-3782.0	30	0.0
-3781.0	31	0.0
-3780.0	21	0.0
-3779.0	27	0.0
-3778.0	27	0.0
-3777.0	28	0.0
-3776.0	30	0.0
-3775.0	31	0.0
-3774.0	16	0.0
-3773.0	34	0.0
-3772.0	34	0.0
-3771.0	35	0.0
-3770.0	32	0.0
-3769.0	36	0.0
-3768.0	30	0.0
-3767.0	24	0.0
-3766.0	22	0.0
-3765.0	32	0.0
-3764.0	18	0.0
-3763.0	36	0.0
-3762.0	33	0.0
-3761.0	25	0.0
-3760.0	24	0.0
-3759.0	31	0.0
-3758.0	31	0.0
-3757.0	25	0.0
-3756.0	32	0.0
-3755.0	24	0.0
-3754.0	32	0.0
-3753.0	23	0.0
-3752.0	29	0.0
-3751.0	38	0.0
-3750.0	23	0.0
-3749.0	27	0.0
-3748.0	31	0.0
-3747.0	29	0.0
-3746.0	24	0.0
-3745.0	38	0.0
-3744.0	26	0.0
-3743.0	32	0.0
-3742.0	16	0.0
-3741.0	27	0.0
-3740.0	31	0.0
-3739.0	32	0.0
-3738.0	20	0.0
-3737.0	31	0.0
-3736.0	35	0.0
-3735.0	24	0.0
-3734.0	32	0.0
-3733.0	24	0.0
-3732.0	40	0.0
-3731.0	34	0.0
-3730.0	21	0.0
-3729.0	29	0.0
-3728.0	36	0.0
-3727.0	22	0.0
-3726.0	24	0.0
-3725.0	42	0.0
-3724.0	24	0.0
-3723.0	30	0.0
-3722.0	23	0.0
-3721.0	21	0.0
-3720.0	27	0.0
-3719.0	32	0.0
-3718.0	23	0.0
-3717.0	35	0.0
-3716.0	29	0.0
-3715.0	29	0.0
-3714.0	21	0.0
-3713.0	35	0.0
-3712.0	33	0.0
-3711.0	32	0.0
-3710.0	24	0.0
-3709.0	24	0.0
-3708.0	29	0.0
-3707.0	31	0.0
-3706.0	38	0.0
-3705.0	35	0.0
-3704.0	33	0.0
-3703.0	34	0.0
-3702.0	30	0.0
-3701.0	32	0.0
-3700.0	28	0.0
-3699.0	22	0.0
-3698.0	30	0.0
-3697.0	29	0.0
-3696.0	35	0.0
-3695.0	29	0.0
-3694.0	33	0.0
-3693.0	30	0.0
-3692.0	31	0.0
-3691.0	26	0.0
-3690.0	35	0.0
-3689.0	25	0.0
-3688.0	29	0.0
-3687.0	32	0.0
-3686.0	23	0.0
-3685.0	24	0.0
-3684.0	30	0.0
-3683.0	24	0.0
-3682.0	32	0.0
-3681.0	31	0.0
-3680.0	28	0.0
-3679.0	40	0.0
-3678.0	34	0.0
-3677.0	45	0.0
-3676.0	25	0.0
-3675.0	18	0.0
-3674.0	30	0.0
-3673.0	29	0.0
-3672.0	29	0.0
-3671.0	28	0.0
-3670.0	26	0.0
-3669.0	31	0.0
-3668.0	31	0.0
-3667.0	36	0.0
-3666.0	31	0.0
-3665.0	37	0.0
-3664.0	31	0.0
-3663.0	32	0.0
-3662.0	32	0.0
-3661.0	23	0.0
-3660.0	34	0.0
-3659.0	30	0.0
-3658.0	32	0.0
-3657.0	28	0.0
-3656.0	21	0.0
-3655.0	34	0.0
-3654.0	29	0.0
-3653.0	38	0.0
-3652.0	27	0.0
-3651.0	24	0.0
-3650.0	29	0.0
-3649.0	29	0.0
-3648.0	37	0.0
-3647.0	23	0.0
-3646.0	25	0.0
-3645.0	32	0.0
-3644.0	31	0.0
-3643.0	30	0.0
-3642.0	35	0.0
-3641.0	36	0.0
-3640.0	22	0.0
-3639.0	32	0.0
-3638.0	33	0.0
-3637.0	33	0.0
-3636.0	23	0.0
-3635.0	26	0.0
-3634.0	24	0.0
-3633.0	21	0.0
-3632.0	29	0.0
-3631.0	32	0.0
-3630.0	39	0.0
-3629.0	27	0.0
-3628.0	27	0.0
-3627.0	30	0.0
-3626.0	32	0.0
-3625.0	28	0.0
-3624.0	23	0.0
-3623.0	33	0.0
-3622.0	31	0.0
-3621.0	26	0.0
-3620.0	27	0.0
-3619.0	29	0.0
-3618.0	38	0.0
-3617.0	33	0.0
-3616.0	23	0.0
-3615.0	21	0.0
-3614.0	31	0.0
-3613.0	34	0.0
-3612.0	23	0.0
-3611.0	36	0.0
-3610.0	32	0.0
-3609.0	38	0.0
-3608.0	39	0.0
-3607.0	24	0.0
-3606.0	21	0.0
-3605.0	29	0.0
-3604.0	24	0.0
-3603.0	37	0.0
-3602.0	27	0.0
-3601.0	24	0.0
-3600.0	40	0.0
-3599.0	22	0.0
-3598.0	30	0.0
-3597.0	30	0.0
-3596.0	33	0.0
-3595.0	26	0.0
-3594.0	25	0.0
-3593.0	28	0.0
-3592.0	35	0.0
-3591.0	32	0.0
-3590.0	16	0.0
-3589.0	27	0.0
-3588.0	31	0.0
-3587.0	31	0.0
-3586.0	34	0.0
-3585.0	21	0.0
-3584.0	24	0.0
-3583.0	30	0.0
-3582.0	28	0.0
-3581.0	21	0.0
-3580.0	25	0.0
-3579.0	26	0.0
-3578.0	28	0.0
-3577.0	28	0.0
-3576.0	32	0.0
-3575.0	37	0.0
-3574.0	21	0.0
-3573.0	25	0.0
-3572.0	25	0.0
-3571.0	31	0.0
-3570.0	30	0.0
-3569.0	44	0.0
-3568.0	29	0.0
-3567.0	25	0.0
-3566.0	30	0.0
-3565.0	33	0.0
-3564.0	35	0.0
-3563.0	29	0.0
-3562.0	30	0.0
-3561.0	36	0.0
-3560.0	36	0.0
-3559.0	28	0.0
-3558.0	31	0.0
-3557.0	32	0.0
-3556.0	27	0.0
-3555.0	39	0.0
-3554.0	29	0.0
-3553.0	35	0.0
-3552.0	36	0.0
-3551.0	35	0.0
-3550.0	25	0.0
-3549.0	36	0.0
-3548.0	19	0.0
-3547.0	28	0.0
-3546.0	35	0.0
-3545.0	30	0.0
-3544.0	28	0.0
-3543.0	32	0.0
-3542.0	37	0.0
-3541.0	25	0.0
-3540.0	26	0.0
-3539.0	35	0.0
-3538.0	42	0.0
-3537.0	26	0.0
-3536.0	30	0.0
-3535.0	26	0.0
-3534.0	27	0.0
-3533.0	38	0.0
-3532.0	36	0.0
-3531.0	19	0.0
-3530.0	16	0.0
-3529.0	30	0.0
-3528.0	25	0.0
-3527.0	37	0.0
-3526.0	26	0.0
-3525.0	34	0.0
-3524.0	26	0.0
-3523.0	18	0.0
-3522.0	37	0.0
-3521.0	28	0.0
-3520.0	32	0.0
-3519.0	31	0.0
-3518.0	32	0.0
-3517.0	25	0.0
-3516.0	41	0.0
-3515.0	29	0.0
-3514.0	33	0.0
-3513.0	28	0.0
-3512.0	40	0.0
-3511.0	37	0.0
-3510.0	32	0.0
-3509.0	21	0.0
-3508.0	34	0.0
-3507.0	34	0.0
-3506.0	36	0.0
-3505.0	28	0.0
-3504.0	28	0.0
-3503.0	35	0.0
-3502.0	32	0.0
-3501.0	31	0.0
-3500.0	27	0.0
-3499.0	25	0.0
-3498.0	27	0.0
-3497.0	27	0.0
-3496.0	23	0.0
-3495.0	26	0.0
-3494.0	33	0.0
-3493.0	26	0.0
-3492.0	31	0.0
-3491.0	26	0.0
-3490.0	25	0.0
-3489.0	29	0.0
-3488.0	33	0.0
-3487.0	29	0.0
-3486.0	40	0.0
-3485.0	34	0.0
-3484.0	26	0.0
-3483.0	31	0.0
-3482.0	21	0.0
-3481.0	27	0.0
-3480.0	31	0.0
-3479.0	34	0.0
-3478.0	32	0.0
-3477.0	24	0.0
-3476.0	29	0.0
-3475.0	32	0.0
-3474.0	37	0.0
-3473.0	13	0.0
-3472.0	25	0.0
-3471.0	32	0.0
-3470.0	28	0.0
-3469.0	32	0.0
-3468.0	26	0.0
-3467.0	25	0.0
-3466.0	34	0.0
-3465.0	25	0.0
-3464.0	33	0.0
-3463.0	20	0.0
-3462.0	34	0.0
-3461.0	31	0.0
-3460.0	27	0.0
-3459.0	33	0.0
-3458.0	42	0.0
-3457.0	37	0.0
-3456.0	27	0.0
-3455.0	25	0.0
-3454.0	35	0.0
-3453.0	30	0.0
-3452.0	38	0.0
-3451.0	31	0.0
-3450.0	35	0.0
-3449.0	26	0.0
-3448.0	26	0.0
-3447.0	27	0.0
-3446.0	42	0.0
-3445.0	34	0.0
-3444.0	26	0.0
-3443.0	34	0.0
-3442.0	27	0.0
-3441.0	30	0.0
-3440.0	30	0.0
-3439.0	28	0.0
-3438.0	26	0.0
-3437.0	22	0.0
-3436.0	24	0.0
-3435.0	31	0.0
-3434.0	28	0.0
-3433.0	33	0.0
-3432.0	25	0.0
-3431.0	22	0.0
-3430.0	26	0.0
-3429.0	35	0.0
-3428.0	35	0.0
-3427.0	36	0.0
-3426.0	34	0.0
-3425.0	30	0.0
-3424.0	29	0.0
-3423.0	30	0.0
-3422.0	33	0.0
-3421.0	36	0.0
-3420.0	15	0.0
-3419.0	24	0.0
-3418.0	35	0.0
-3417.0	17	0.0
-3416.0	29	0.0
-3415.0	32	0.0
-3414.0	28	0.0
-3413.0	21	0.0
-3412.0	25	0.0
-3411.0	28	0.0
-3410.0	27	0.0
-3409.0	28	0.0
-3408.0	30	0.0
-3407.0	38	0.0
-3406.0	38	0.0
-3405.0	37	0.0
-3404.0	33	0.0
-3403.0	30	0.0
-3402.0	34	0.0
-3401.0	21	0.0
-3400.0	32	0.0
-3399.0	35	0.0
-3398.0	22	0.0
-3397.0	31	0.0
-3396.0	35	0.0
-3395.0	31	0.0
-3394.0	27	0.0
-3393.0	25	0.0
-3392.0	21	0.0
-3391.0	47	0.0
-3390.0	27	0.0
-3389.0	37	0.0
-3388.0	29	0.0
-3387.0	27	0.0
-3386.0	28	0.0
-3385.0	26	0.0
-3384.0	30	0.0
-3383.0	21	0.0
-3382.0	31	0.0
-3381.0	32	0.0
-3380.0	34	0.0
-3379.0	34	0.0
-3378.0	34	0.0
-3377.0	28	0.0
-3376.0	23	0.0
-3375.0	32	0.0
-3374.0	30	0.0
-3373.0	31	0.0
-3372.0	22	0.0
-3371.0	27	0.0
-3370.0	26	0.0
-3369.0	25	0.0
-3368.0	21	0.0
-3367.0	28	0.0
-3366.0	21	0.0
-3365.0	34	0.0
-3364.0	31	0.0
-3363.0	28	0.0
-3362.0	33	0.0
-3361.0	41	0.0
-3360.0	27	0.0
-3359.0	32	0.0
-3358.0	32	0.0
-3357.0	31	0.0
-3356.0	35	0.0
-3355.0	36	0.0
-3354.0	27	0.0
-3353.0	28	0.0
-3352.0	31	0.0
-3351.0	24	0.0
-3350.0	26	0.0
-3349.0	27	0.0
-3348.0	32	0.0
-3347.0	38	0.0
-3346.0	34	0.0
-3345.0	20	0.0
-3344.0	30	0.0
-3343.0	25	0.0
-3342.0	35	0.0
-3341.0	30	0.0
-3340.0	28	0.0
-3339.0	33	0.0
-3338.0	24	0.0
-3337.0	31	0.0
-3336.0	26	0.0
-3335.0	32	0.0
-3334.0	38	0.0
-3333.0	30	0.0
-3332.0	28	0.0
-3331.0	31	0.0
-3330.0	28	0.0
-3329.0	27	0.0
-3328.0	32	0.0
-3327.0	29	0.0
-3326.0	39	0.0
-3325.0	37	0.0
-3324.0	29	0.0
-3323.0	31	0.0
-3322.0	24	0.0
-3321.0	26	0.0
-3320.0	25	0.0
-3319.0	24	0.0
-3318.0	25	0.0
-3317.0	27	0.0
-3316.0	37	0.0
-3315.0	31	0.0
-3314.0	30	0.0
-3313.0	26	0.0
-3312.0	28	0.0
-3311.0	35	0.0
-3310.0	33	0.0
-3309.0	35	0.0
-3308.0	32	0.0
-3307.0	31	0.0
-3306.0	34	0.0
-3305.0	28	0.0
-3304.0	33	0.0
-3303.0	20	0.0
-3302.0	22	0.0
-3301.0	34	0.0
-3300.0	16	0.0
-3299.0	25	0.0
-3298.0	27	0.0
-3297.0	30	0.0
-3296.0	28	0.0
-3295.0	27	0.0
-3294.0	26	0.0
-3293.0	30	0.0
-3292.0	26	0.0
-3291.0	32	0.0
-3290.0	25	0.0
-3289.0	39	0.0
-3288.0	34	0.0
-3287.0	26	0.0
-3286.0	28	0.0
-3285.0	37	0.0
-3284.0	35	0.0
-3283.0	37	0.0
-3282.0	31	0.0
-3281.0	27	0.0
-3280.0	28	0.0
-3279.0	32	0.0
-3278.0	42	0.0
-3277.0	32	0.0
-3276.0	26	0.0
-3275.0	26	0.0
-3274.0	41	0.0
-3273.0	35	0.0
-3272.0	21	0.0
-3271.0	27	0.0
-3270.0	29	0.0
-3269.0	30	0.0
-3268.0	34	0.0
-3267.0	30	0.0
-3266.0	29	0.0
-3265.0	33	0.0
-3264.0	41	0.0
-3263.0	33	0.0
-3262.0	22	0.0
-3261.0	38	0.0
-3260.0	28	0.0
-3259.0	35	0.0
-3258.0	21	0.0
-3257.0	30	0.0
-3256.0	28	0.0
-3255.0	26	0.0
-3254.0	33	0.0
-3253.0	18	0.0
-3252.0	29	0.0
-3251.0	34	0.0
-3250.0	35	0.0
-3249.0	41	0.0
-3248.0	22	0.0
-3247.0	14	0.0
-3246.0	36	0.0
-3245.0	20	0.0
-3244.0	24	0.0
-3243.0	38	0.0
-3242.0	34	0.0
-3241.0	31	0.0
-3240.0	34	0.0
-3239.0	42	0.0
-3238.0	19	0.0
-3237.0	31	0.0
-3236.0	27	0.0
-3235.0	33	0.0
-3234.0	34	0.0
-3233.0	31	0.0
-3232.0	21	0.0
-3231.0	34	0.0
-3230.0	29	0.0
-3229.0	24	0.0
-3228.0	27	0.0
-3227.0	34	0.0
-3226.0	33	0.0
-3225.0	25	0.0
-3224.0	16	0.0
-3223.0	25	0.0
-3222.0	33	0.0
-3221.0	32	0.0
-3220.0	30	0.0
-3219.0	24	0.0
-3218.0	23	0.0
-3217.0	28	0.0
-3216.0	24	0.0
-3215.0	32	0.0
-3214.0	30	0.0
-3213.0	30	0.0
-3212.0	28	0.0
-3211.0	26	0.0
-3210.0	40	0.0
-3209.0	31	0.0
-3208.0	28	0.0
-3207.0	27	0.0
-3206.0	18	0.0
-3205.0	34	0.0
-3204.0	35	0.0
-3203.0	32	0.0
-3202.0	40	0.0
-3201.0	33	0.0
-3200.0	31	0.0
-3199.0	35	0.0
-3198.0	32	0.0
-3197.0	31	0.0
-3196.0	33	0.0
-3195.0	32	0.0
-3194.0	25	0.0
-3193.0	36	0.0
-3192.0	36	0.0
-3191.0	33	0.0
-3190.0	37	0.0
-3189.0	34	0.0
-3188.0	35	0.0
-3187.0	28	0.0
-3186.0	33	0.0
-3185.0	29	0.0
-3184.0	33	0.0
-3183.0	18	0.0
-3182.0	27	0.0
-3181.0	28	0.0
-3180.0	27	0.0
-3179.0	32	0.0
-3178.0	28	0.0
-3177.0	34	0.0
-3176.0	28	0.0
-3175.0	19	0.0
-3174.0	27	0.0
-3173.0	27	0.0
-3172.0	24	0.0
-3171.0	33	0.0
-3170.0	25	0.0
-3169.0	34	0.0
-3168.0	32	0.0
-3167.0	22	0.0
-3166.0	22	0.0
-3165.0	29	0.0
-3164.0	25	0.0
-3163.0	30	0.0
-3162.0	25	0.0
-3161.0	29	0.0
-3160.0	29	0.0
-3159.0	30	0.0
-3158.0	28	0.0
-3157.0	25	0.0
-3156.0	23	0.0
-3155.0	37	0.0
-3154.0	23	0.0
-3153.0	29	0.0
-3152.0	26	0.0
-3151.0	29	0.0
-3150.0	33	0.0
-3149.0	42	0.0
-3148.0	26	0.0
-3147.0	28	0.0
-3146.0	30	0.0
-3145.0	33	0.0
-3144.0	26	0.0
-3143.0	19	0.0
-3142.0	24	0.0
-3141.0	36	0.0
-3140.0	23	0.0
-3139.0	26	0.0
-3138.0	29	0.0
-3137.0	22	0.0
-3136.0	35	0.0
-3135.0	28	0.0
-3134.0	25	0.0
-3133.0	33	0.0
-3132.0	29	0.0
-3131.0	35	0.0
-3130.0	30	0.0
-3129.0	31	0.0
-3128.0	22	0.0
-3127.0	23	0.0
-3126.0	29	0.0
-3125.0	22	0.0
-3124.0	26	0.0
-3123.0	33	0.0
-3122.0	26	0.0
-3121.0	27	0.0
-3120.0	32	0.0
-3119.0	24	0.0
-3118.0	25	0.0
-3117.0	29	0.0
-3116.0	24	0.0
-3115.0	37	0.0
-3114.0	29	0.0
-3113.0	25	0.0
-3112.0	39	0.0
-3111.0	30	0.0
-3110.0	28	0.0
-3109.0	23	0.0
-3108.0	25	0.0
-3107.0	25	0.0
-3106.0	25	0.0
-3105.0	30	0.0
-3104.0	22	0.0
-3103.0	24	0.0
-3102.0	30	0.0
-3101.0	29	0.0
-3100.0	19	0.0
-3099.0	27	0.0
-3098.0	23	0.0
-3097.0	29	0.0
-3096.0	39	0.0
-3095.0	23	0.0
-3094.0	30	0.0
-3093.0	31	0.0
-3092.0	21	0.0
-3091.0	27	0.0
-3090.0	36	0.0
-3089.0	32	0.0
-3088.0	25	0.0
-3087.0	30	0.0
-3086.0	38	0.0
-3085.0	37	0.0
-3084.0	37	0.0
-3083.0	35	0.0
-3082.0	23	0.0
-3081.0	35	0.0
-3080.0	32	0.0
-3079.0	33	0.0
-3078.0	27	0.0
-3077.0	26	0.0
-3076.0	19	0.0
-3075.0	38	0.0
-3074.0	30	0.0
-3073.0	32	0.0
-3072.0	25	0.0
-3071.0	23	0.0
-3070.0	17	0.0
-3069.0	29	0.0
-3068.0	31	0.0
-3067.0	24	0.0
-3066.0	33	0.0
-3065.0	31	0.0
-3064.0	29	0.0
-3063.0	32	0.0
-3062.0	32	0.0
-3061.0	31	0.0
-3060.0	24	0.0
-3059.0	24	0.0
-3058.0	35	0.0
-3057.0	20	0.0
-3056.0	22	0.0
-3055.0	36	0.0
-3054.0	30	0.0
-3053.0	20	0.0
-3052.0	20	0.0
-3051.0	35	0.0
-3050.0	30	0.0
-3049.0	33	0.0
-3048.0	27	0.0
-3047.0	23	0.0
-3046.0	22	0.0
-3045.0	21	0.0
-3044.0	22	0.0
-3043.0	27	0.0
-3042.0	27	0.0
-3041.0	34	0.0
-3040.0	30	0.0
-3039.0	27	0.0
-3038.0	34	0.0
-3037.0	22	0.0
-3036.0	22	0.0
-3035.0	25	0.0
-3034.0	31	0.0
-3033.0	29	0.0
-3032.0	35	0.0
-3031.0	28	0.0
-3030.0	24	0.0
-3029.0	27	0.0
-3028.0	33	0.0
-3027.0	24	0.0
-3026.0	30	0.0
-3025.0	36	0.0
-3024.0	34	0.0
-3023.0	30	0.0
-3022.0	24	0.0
-3021.0	27	0.0
-3020.0	37	0.0
-3019.0	33	0.0
-3018.0	27	0.0
-3017.0	25	0.0
-3016.0	29	0.0
-3015.0	35	0.0
-3014.0	32	0.0
-3013.0	33	0.0
-3012.0	38	0.0
-3011.0	30	0.0
-3010.0	26	0.0
-3009.0	26	0.0
-3008.0	18	0.0
-3007.0	30	0.0
-3006.0	41	0.0
-3005.0	22	0.0
-3004.0	43	0.0
-3003.0	22	0.0
-3002.0	26	0.0
-3001.0	34	0.0
-3000.0	26	0.0
-2999.0	27	0.0
-2998.0	31	0.0
-2997.0	24	0.0
-2996.0	31	0.0
-2995.0	22	0.0
-2994.0	26	0.0
-2993.0	28	0.0
-2992.0	32	0.0
-2991.0	27	0.0
-2990.0	44	0.0
-2989.0	27	0.0
-2988.0	26	0.0
-2987.0	24	0.0
-2986.0	41	0.0
-2985.0	46	0.0
-2984.0	23	0.0
-2983.0	31	0.0
-2982.0	21	0.0
-2981.0	36	0.0
-2980.0	26	0.0
-2979.0	24	0.0
-2978.0	20	0.0
-2977.0	29	0.0
-2976.0	22	0.0
-2975.0	30	0.0
-2974.0	32	0.0
-2973.0	20	0.0
-2972.0	38	0.0
-2971.0	26	0.0
-2970.0	25	0.0
-2969.0	31	0.0
-2968.0	31	0.0
-2967.0	24	0.0
-2966.0	30	0.0
-2965.0	28	0.0
-2964.0	25	0.0
-2963.0	27	0.0
-2962.0	26	0.0
-2961.0	33	0.0
-2960.0	27	0.0
-2959.0	30	0.0
-2958.0	30	0.0
-2957.0	30	0.0
-2956.0	26	0.0
-2955.0	29	0.0
-2954.0	27	0.0
-2953.0	30	0.0
-2952.0	37	0.0
-2951.0	31	0.0
-2950.0	36	0.0
-2949.0	27	0.0
-2948.0	32	0.0
-2947.0	37	0.0
-2946.0	36	0.0
-2945.0	48	0.0
-2944.0	27	0.0
-2943.0	22	0.0
-2942.0	27	0.0
-2941.0	35	0.0
-2940.0	30	0.0
-2939.0	23	0.0
-2938.0	33	0.0
-2937.0	26	0.0
-2936.0	27	0.0
-2935.0	27	0.0
-2934.0	33	0.0
-2933.0	31	0.0
-2932.0	29	0.0
-2931.0	34	0.0
-2930.0	30	0.0
-2929.0	26	0.0
-2928.0	26	0.0
-2927.0	30	0.0
-2926.0	35	0.0
-2925.0	17	0.0
-2924.0	29	0.0
-2923.0	29	0.0
-2922.0	35	0.0
-2921.0	27	0.0
-2920.0	26	0.0
-2919.0	30	0.0
-2918.0	13	0.0
-2917.0	30	0.0
-2916.0	29	0.0
-2915.0	21	0.0
-2914.0	38	0.0
-2913.0	38	0.0
-2912.0	34	0.0
-2911.0	27	0.0
-2910.0	25	0.0
-2909.0	40	0.0
-2908.0	23	0.0
-2907.0	27	0.0
-2906.0	35	0.0
-2905.0	26	0.0
-2904.0	27	0.0
-2903.0	32	0.0
-2902.0	34	0.0
-2901.0	24	0.0
-2900.0	41	0.0
-2899.0	31	0.0
-2898.0	19	0.0
-2897.0	23	0.0
-2896.0	33	0.0
-2895.0	28	0.0
-2894.0	42	0.0
-2893.0	29	0.0
-2892.0	28	0.0
-2891.0	30	0.0
-2890.0	38	0.0
-2889.0	21	0.0
-2888.0	31	0.0
-2887.0	27	0.0
-2886.0	38	0.0
-2885.0	31	0.0
-2884.0	33	0.0
-2883.0	32	0.0
-2882.0	36	0.0
-2881.0	34	0.0
-2880.0	37	0.0
-2879.0	35	0.0
-2878.0	24	0.0
-2877.0	32	0.0
-2876.0	37	0.0
-2875.0	29	0.0
-2874.0	26	0.0
-2873.0	22	0.0
-2872.0	30	0.0
-2871.0	29	0.0
-2870.0	33	0.0
-2869.0	31	0.0
-2868.0	39	0.0
-2867.0	32	0.0
-2866.0	26	0.0
-2865.0	35	0.0
-2864.0	26	0.0
-2863.0	32	0.0
-2862.0	31	0.0
-2861.0	27	0.0
-2860.0	35	0.0
-2859.0	30	0.0
-2858.0	32	0.0
-2857.0	29	0.0
-2856.0	28	0.0
-2855.0	28	0.0
-2854.0	33	0.0
-2853.0	23	0.0
-2852.0	33	0.0
-2851.0	23	0.0
-2850.0	28	0.0
-2849.0	31	0.0
-2848.0	37	0.0
-2847.0	26	0.0
-2846.0	23	0.0
-2845.0	24	0.0
-2844.0	24	0.0
-2843.0	25	0.0
-2842.0	29	0.0
-2841.0	33	0.0
-2840.0	44	0.0
-2839.0	22	0.0
-2838.0	24	0.0
-2837.0	25	0.0
-2836.0	35	0.0
-2835.0	32	0.0
-2834.0	23	0.0
-2833.0	30	0.0
-2832.0	30	0.0
-2831.0	31	0.0
-2830.0	27	0.0
-2829.0	23	0.0
-2828.0	26	0.0
-2827.0	28	0.0
-2826.0	29	0.0
-2825.0	34	0.0
-2824.0	26	0.0
-2823.0	26	0.0
-2822.0	29	0.0
-2821.0	30	0.0
-2820.0	30	0.0
-2819.0	28	0.0
-2818.0	34	0.0
-2817.0	29	0.0
-2816.0	28	0.0
-2815.0	30	0.0
-2814.0	30	0.0
-2813.0	23	0.0
-2812.0	31	0.0
-2811.0	27	0.0
-2810.0	25	0.0
-2809.0	26	0.0
-2808.0	28	0.0
-2807.0	32	0.0
-2806.0	33	0.0
-2805.0	36	0.0
-2804.0	23	0.0
-2803.0	26	0.0
-2802.0	27	0.0
-2801.0	31	0.0
-2800.0	21	0.0
-2799.0	25	0.0
-2798.0	25	0.0
-2797.0	31	0.0
-2796.0	32	0.0
-2795.0	19	0.0
-2794.0	31	0.0
-2793.0	29	0.0
-2792.0	30	0.0
-2791.0	30	0.0
-2790.0	29	0.0
-2789.0	31	0.0
-2788.0	30	0.0
-2787.0	24	0.0
-2786.0	29	0.0
-2785.0	29	0.0
-2784.0	35	0.0
-2783.0	26	0.0
-2782.0	20	0.0
-2781.0	30	0.0
-2780.0	35	0.0
-2779.0	34	0.0
-2778.0	33	0.0
-2777.0	38	0.0
-2776.0	27	0.0
-2775.0	34	0.0
-2774.0	21	0.0
-2773.0	36	0.0
-2772.0	26	0.0
-2771.0	29	0.0
-2770.0	29	0.0
-2769.0	43	0.0
-2768.0	29	0.0
-2767.0	30	0.0
-2766.0	28	0.0
-2765.0	31	0.0
-2764.0	24	0.0
-2763.0	19	0.0
-2762.0	33	0.0
-2761.0	23	0.0
-2760.0	33	0.0
-2759.0	30	0.0
-2758.0	27	0.0
-2757.0	22	0.0
-2756.0	26	0.0
-2755.0	30	0.0
-2754.0	25	0.0
-2753.0	38	0.0
-2752.0	26	0.0
-2751.0	24	0.0
-2750.0	35	0.0
-2749.0	35	0.0
-2748.0	29	0.0
-2747.0	27	0.0
-2746.0	32	0.0
-2745.0	35	0.0
-2744.0	40	0.0
-2743.0	28	0.0
-2742.0	21	0.0
-2741.0	37	0.0
-2740.0	27	0.0
-2739.0	35	0.0
-2738.0	33	0.0
-2737.0	31	0.0
-2736.0	36	0.0
-2735.0	28	0.0
-2734.0	36	0.0
-2733.0	27	0.0
-2732.0	35	0.0
-2731.0	29	0.0
-2730.0	26	0.0
-2729.0	27	0.0
-2728.0	32	0.0
-2727.0	39	0.0
-2726.0	24	0.0
-2725.0	38	0.0
-2724.0	32	0.0
-2723.0	28	0.0
-2722.0	21	0.0
-2721.0	22	0.0
-2720.0	23	0.0
-2719.0	34	0.0
-2718.0	36	0.0
-2717.0	28	0.0
-2716.0	35	0.0
-2715.0	36	0.0
-2714.0	27	0.0
-2713.0	35	0.0
-2712.0	30	0.0
-2711.0	29	0.0
-2710.0	31	0.0
-2709.0	39	0.0
-2708.0	29	0.0
-2707.0	22	0.0
-2706.0	35	0.0
-2705.0	26	0.0
-2704.0	25	0.0
-2703.0	29	0.0
-2702.0	21	0.0
-2701.0	30	0.0
-2700.0	42	0.0
-2699.0	23	0.0
-2698.0	32	0.0
-2697.0	26	0.0
-2696.0	17	0.0
-2695.0	33	0.0
-2694.0	29	0.0
-2693.0	33	0.0
-2692.0	42	0.0
-2691.0	21	0.0
-2690.0	22	0.0
-2689.0	25	0.0
-2688.0	31	0.0
-2687.0	33	0.0
-2686.0	28	0.0
-2685.0	27	0.0
-2684.0	24	0.0
-2683.0	29	0.0
-2682.0	29	0.0
-2681.0	21	0.0
-2680.0	27	0.0
-2679.0	15	0.0
-2678.0	20	0.0
-2677.0	25	0.0
-2676.0	33	0.0
-2675.0	28	0.0
-2674.0	23	0.0
-2673.0	20	0.0
-2672.0	32	0.0
-2671.0	22	0.0
-2670.0	36	0.0
-2669.0	19	0.0
-2668.0	25	0.0
-2667.0	29	0.0
-2666.0	35	0.0
-2665.0	28	0.0
-2664.0	34	0.0
-2663.0	28	0.0
-2662.0	17	0.0
-2661.0	32	0.0
-2660.0	32	0.0
-2659.0	35	0.0
-2658.0	28	0.0
-2657.0	41	0.0
-2656.0	30	0.0
-2655.0	26	0.0
-2654.0	21	0.0
-2653.0	33	0.0
-2652.0	23	0.0
-2651.0	32	0.0
-2650.0	29	0.0
-2649.0	24	0.0
-2648.0	29	0.0
-2647.0	38	0.0
-2646.0	26	0.0
-2645.0	22	0.0
-2644.0	25	0.0
-2643.0	25	0.0
-2642.0	19	0.0
-2641.0	23	0.0
-2640.0	29	0.0
-2639.0	33	0.0
-2638.0	32	0.0
-2637.0	11	0.0
-2636.0	30	0.0
-2635.0	39	0.0
-2634.0	33	0.0
-2633.0	27	0.0
-2632.0	34	0.0
-2631.0	24	0.0
-2630.0	20	0.0
-2629.0	31	0.0
-2628.0	18	0.0
-2627.0	27	0.0
-2626.0	26	0.0
-2625.0	21	0.0
-2624.0	33	0.0
-2623.0	29	0.0
-2622.0	29	0.0
-2621.0	32	0.0
-2620.0	20	0.0
-2619.0	36	0.0
-2618.0	30	0.0
-2617.0	41	0.0
-2616.0	31	0.0
-2615.0	40	0.0
-2614.0	27	0.0
-2613.0	34	0.0
-2612.0	30	0.0
-2611.0	39	0.0
-2610.0	46	0.0
-2609.0	25	0.0
-2608.0	35	0.0
-2607.0	30	0.0
-2606.0	31	0.0
-2605.0	28	0.0
-2604.0	21	0.0
-2603.0	27	0.0
-2602.0	29	0.0
-2601.0	30	0.0
-2600.0	28	0.0
-2599.0	25	0.0
-2598.0	29	0.0
-2597.0	23	0.0
-2596.0	35	0.0
-2595.0	29	0.0
-2594.0	28	0.0
-2593.0	30	0.0
-2592.0	27	0.0
-2591.0	35	0.0
-2590.0	32	0.0
-2589.0	26	0.0
-2588.0	35	0.0
-2587.0	24	0.0
-2586.0	24	0.0
-2585.0	28	0.0
-2584.0	28	0.0
-2583.0	28	0.0
-2582.0	21	0.0
-2581.0	38	0.0
-2580.0	28	0.0
-2579.0	29	0.0
-2578.0	20	0.0
-2577.0	29	0.0
-2576.0	30	0.0
-2575.0	32	0.0
-2574.0	22	0.0
-2573.0	27	0.0
-2572.0	23	0.0
-2571.0	30	0.0
-2570.0	24	0.0
-2569.0	35	0.0
-2568.0	29	0.0
-2567.0	30	0.0
-2566.0	30	0.0
-2565.0	33	0.0
-2564.0	29	0.0
-2563.0	20	0.0
-2562.0	25	0.0
-2561.0	21	0.0
-2560.0	26	0.0
-2559.0	38	0.0
-2558.0	32	0.0
-2557.0	28	0.0
-2556.0	35	0.0
-2555.0	40	0.0
-2554.0	30	0.0
-2553.0	31	0.0
-2552.0	26	0.0
-2551.0	25	0.0
-2550.0	36	0.0
-2549.0	30	0.0
-2548.0	23	0.0
-2547.0	26	0.0
-2546.0	23	0.0
-2545.0	33	0.0
-2544.0	29	0.0
-2543.0	26	0.0
-2542.0	24	0.0
-2541.0	28	0.0
-2540.0	21	0.0
-2539.0	34	0.0
-2538.0	19	0.0
-2537.0	20	0.0
-2536.0	31	0.0
-2535.0	23	0.0
-2534.0	26	0.0
-2533.0	19	0.0
-2532.0	20	0.0
-2531.0	35	0.0
-2530.0	25	0.0
-2529.0	22	0.0
-2528.0	24	0.0
-2527.0	33	0.0
-2526.0	22	0.0
-2525.0	30	0.0
-2524.0	24	0.0
-2523.0	28	0.0
-2522.0	40	0.0
-2521.0	26	0.0
-2520.0	32	0.0
-2519.0	28	0.0
-2518.0	30	0.0
-2517.0	29	0.0
-2516.0	27	0.0
-2515.0	29	0.0
-2514.0	32	0.0
-2513.0	40	0.0
-2512.0	30	0.0
-2511.0	29	0.0
-2510.0	25	0.0
-2509.0	26	0.0
-2508.0	27	0.0
-2507.0	27	0.0
-2506.0	30	0.0
-2505.0	27	0.0
-2504.0	22	0.0
-2503.0	33	0.0
-2502.0	23	0.0
-2501.0	29	0.0
-2500.0	29	0.0
-2499.0	34	0.0
-2498.0	29	0.0
-2497.0	23	0.0
-2496.0	20	0.0
-2495.0	29	0.0
-2494.0	37	0.0
-2493.0	30	0.0
-2492.0	33	0.0
-2491.0	28	0.0
-2490.0	37	0.0
-2489.0	25	0.0
-2488.0	27	0.0
-2487.0	25	0.0
-2486.0	30	0.0
-2485.0	33	0.0
-2484.0	26	0.0
-2483.0	32	0.0
-2482.0	32	0.0
-2481.0	30	0.0
-2480.0	27	0.0
-2479.0	35	0.0
-2478.0	29	0.0
-2477.0	29	0.0
-2476.0	28	0.0
-2475.0	36	0.0
-2474.0	27	0.0
-2473.0	30	0.0
-2472.0	24	0.0
-2471.0	27	0.0
-2470.0	30	0.0
-2469.0	30	0.0
-2468.0	33	0.0
-2467.0	37	0.0
-2466.0	25	0.0
-2465.0	32	0.0
-2464.0	37	0.0
-2463.0	20	0.0
-2462.0	39	0.0
-2461.0	31	0.0
-2460.0	35	0.0
-2459.0	36	0.0
-2458.0	27	0.0
-2457.0	30	0.0
-2456.0	29	0.0
-2455.0	39	0.0
-2454.0	31	0.0
-2453.0	32	0.0
-2452.0	24	0.0
-2451.0	25	0.0
-2450.0	31	0.0
-2449.0	31	0.0
-2448.0	24	0.0
-2447.0	22	0.0
-2446.0	36	0.0
-2445.0	26	0.0
-2444.0	28	0.0
-2443.0	28	0.0
-2442.0	25	0.0
-2441.0	27	0.0
-2440.0	22	0.0
-2439.0	19	0.0
-2438.0	29	0.0
-2437.0	30	0.0
-2436.0	29	0.0
-2435.0	20	0.0
-2434.0	22	0.0
-2433.0	27	0.0
-2432.0	27	0.0
-2431.0	27	0.0
-2430.0	23	0.0
-2429.0	32	0.0
-2428.0	18	0.0
-2427.0	26	0.0
-2426.0	32	0.0
-2425.0	35	0.0
-2424.0	34	0.0
-2423.0	30	0.0
-2422.0	27	0.0
-2421.0	35	0.0
-2420.0	29	0.0
-2419.0	25	0.0
-2418.0	39	0.0
-2417.0	25	0.0
-2416.0	30	0.0
-2415.0	30	0.0
-2414.0	25	0.0
-2413.0	27	0.0
-2412.0	15	0.0
-2411.0	38	0.0
-2410.0	25	0.0
-2409.0	29	0.0
-2408.0	27	0.0
-2407.0	27	0.0
-2406.0	39	0.0
-2405.0	24	0.0
-2404.0	24	0.0
-2403.0	31	0.0
-2402.0	26	0.0
-2401.0	31	0.0
-2400.0	29	0.0
-2399.0	25	0.0
-2398.0	29	0.0
-2397.0	35	0.0
-2396.0	23	0.0
-2395.0	33	0.0
-2394.0	25	0.0
-2393.0	23	0.0
-2392.0	21	0.0
-2391.0	29	0.0
-2390.0	27	0.0
-2389.0	27	0.0
-2388.0	25	0.0
-2387.0	41	0.0
-2386.0	30	0.0
-2385.0	27	0.0
-2384.0	31	0.0
-2383.0	24	0.0
-2382.0	31	0.0
-2381.0	29	0.0
-2380.0	30	0.0
-2379.0	23	0.0
-2378.0	35	0.0
-2377.0	23	0.0
-2376.0	24	0.0
-2375.0	25	0.0
-2374.0	26	0.0
-2373.0	24	0.0
-2372.0	32	0.0
-2371.0	26	0.0
-2370.0	25	0.0
-2369.0	46	0.0
-2368.0	35	0.0
-2367.0	26	0.0
-2366.0	36	0.0
-2365.0	35	0.0
-2364.0	34	0.0
-2363.0	37	0.0
-2362.0	33	0.0
-2361.0	31	0.0
-2360.0	26	0.0
-2359.0	27	0.0
-2358.0	31	0.0
-2357.0	25	0.0
-2356.0	21	0.0
-2355.0	30	0.0
-2354.0	25	0.0
-2353.0	34	0.0
-2352.0	34	0.0
-2351.0	35	0.0
-2350.0	30	0.0
-2349.0	19	0.0
-2348.0	28	0.0
-2347.0	24	0.0
-2346.0	31	0.0
-2345.0	33	0.0
-2344.0	33	0.0
-2343.0	34	0.0
-2342.0	34	0.0
-2341.0	19	0.0
-2340.0	25	0.0
-2339.0	24	0.0
-2338.0	24	0.0
-2337.0	25	0.0
-2336.0	32	0.0
-2335.0	33	0.0
-2334.0	28	0.0
-2333.0	24	0.0
-2332.0	39	0.0
-2331.0	29	0.0
-2330.0	32	0.0
-2329.0	27	0.0
-2328.0	32	0.0
-2327.0	21	0.0
-2326.0	20	0.0
-2325.0	23	0.0
-2324.0	25	0.0
-2323.0	32	0.0
-2322.0	25	0.0
-2321.0	29	0.0
-2320.0	33	0.0
-2319.0	24	0.0
-2318.0	26	0.0
-2317.0	34	0.0
-2316.0	22	0.0
-2315.0	23	0.0
-2314.0	32	0.0
-2313.0	34	0.0
-2312.0	35	0.0
-2311.0	31	0.0
-2310.0	31	0.0
-2309.0	24	0.0
-2308.0	36	0.0
-2307.0	32	0.0
-2306.0	30	0.0
-2305.0	26	0.0
-2304.0	29	0.0
-2303.0	33	0.0
-2302.0	35	0.0
-2301.0	30	0.0
-2300.0	26	0.0
-2299.0	24	0.0
-2298.0	38	0.0
-2297.0	32	0.0
-2296.0	25	0.0
-2295.0	25	0.0
-2294.0	31	0.0
-2293.0	27	0.0
-2292.0	36	0.0
-2291.0	29	0.0
-2290.0	31	0.0
-2289.0	31	0.0
-2288.0	30	0.0
-2287.0	27	0.0
-2286.0	31	0.0
-2285.0	28	0.0
-2284.0	26	0.0
-2283.0	25	0.0
-2282.0	29	0.0
-2281.0	38	0.0
-2280.0	25	0.0
-2279.0	25	0.0
-2278.0	27	0.0
-2277.0	19	0.0
-2276.0	25	0.0
-2275.0	23	0.0
-2274.0	37	0.0
-2273.0	23	0.0
-2272.0	23	0.0
-2271.0	20	0.0
-2270.0	26	0.0
-2269.0	25	0.0
-2268.0	27	0.0
-2267.0	28	0.0
-2266.0	26	0.0
-2265.0	40	0.0
-2264.0	27	0.0
-2263.0	36	0.0
-2262.0	24	0.0
-2261.0	28	0.0
-2260.0	32	0.0
-2259.0	21	0.0
-2258.0	38	0.0
-2257.0	25	0.0
-2256.0	26	0.0
-2255.0	24	0.0
-2254.0	29	0.0
-2253.0	26	0.0
-2252.0	31	0.0
-2251.0	31	0.0
-2250.0	41	0.0
-2249.0	33	0.0
-2248.0	28	0.0
-2247.0	31	0.0
-2246.0	35	0.0
-2245.0	26	0.0
-2244.0	29	0.0
-2243.0	29	0.0
-2242.0	28	0.0
-2241.0	40	0.0
-2240.0	24	0.0
-2239.0	26	0.0
-2238.0	27	0.0
-2237.0	31	0.0
-2236.0	31	0.0
-2235.0	14	0.0
-2234.0	31	0.0
-2233.0	29	0.0
-2232.0	29	0.0
-2231.0	31	0.0
-2230.0	37	0.0
-2229.0	26	0.0
-2228.0	30	0.0
-2227.0	28	0.0
-2226.0	20	0.0
-2225.0	38	0.0
-2224.0	35	0.0
-2223.0	33	0.0
-2222.0	36	0.0
-2221.0	40	0.0
-2220.0	31	0.0
-2219.0	30	0.0
-2218.0	19	0.0
-2217.0	37	0.0
-2216.0	32	0.0
-2215.0	24	0.0
-2214.0	27	0.0
-2213.0	42	0.0
-2212.0	35	0.0
-2211.0	32	0.0
-2210.0	26	0.0
-2209.0	32	0.0
-2208.0	32	0.0
-2207.0	24	0.0
-2206.0	28	0.0
-2205.0	25	0.0
-2204.0	25	0.0
-2203.0	27	0.0
-2202.0	31	0.0
-2201.0	28	0.0
-2200.0	20	0.0
-2199.0	38	0.0
-2198.0	23	0.0
-2197.0	29	0.0
-2196.0	27	0.0
-2195.0	35	0.0
-2194.0	37	0.0
-2193.0	28	0.0
-2192.0	29	0.0
-2191.0	35	0.0
-2190.0	34	0.0
-2189.0	23	0.0
-2188.0	33	0.0
-2187.0	19	0.0
-2186.0	26	0.0
-2185.0	22	0.0
-2184.0	26	0.0
-2183.0	42	0.0
-2182.0	32	0.0
-2181.0	29	0.0
-2180.0	24	0.0
-2179.0	38	0.0
-2178.0	28	0.0
-2177.0	32	0.0
-2176.0	44	0.0
-2175.0	33	0.0
-2174.0	29	0.0
-2173.0	39	0.0
-2172.0	32	0.0
-2171.0	34	0.0
-2170.0	26	0.0
-2169.0	37	0.0
-2168.0	25	0.0
-2167.0	19	0.0
-2166.0	25	0.0
-2165.0	20	0.0
-2164.0	33	0.0
-2163.0	19	0.0
-2162.0	30	0.0
-2161.0	27	0.0
-2160.0	29	0.0
-2159.0	19	0.0
-2158.0	34	0.0
-2157.0	32	0.0
-2156.0	25	0.0
-2155.0	32	0.0
-2154.0	37	0.0
-2153.0	23	0.0
-2152.0	37	0.0
-2151.0	28	0.0
-2150.0	30	0.0
-2149.0	35	0.0
-2148.0	18	0.0
-2147.0	30	0.0
-2146.0	24	0.0
-2145.0	20	0.0
-2144.0	30	0.0
-2143.0	30	0.0
-2142.0	24	0.0
-2141.0	27	0.0
-2140.0	28	0.0
-2139.0	31	0.0
-2138.0	47	0.0
-2137.0	20	0.0
-2136.0	34	0.0
-2135.0	47	0.0
-2134.0	31	0.0
-2133.0	25	0.0
-2132.0	21	0.0
-2131.0	29	0.0
-2130.0	29	0.0
-2129.0	34	0.0
-2128.0	32	0.0
-2127.0	28	0.0
-2126.0	25	0.0
-2125.0	35	0.0
-2124.0	19	0.0
-2123.0	24	0.0
-2122.0	30	0.0
-2121.0	35	0.0
-2120.0	25	0.0
-2119.0	28	0.0
-2118.0	30	0.0
-2117.0	25	0.0
-2116.0	32	0.0
-2115.0	28	0.0
-2114.0	29	0.0
-2113.0	28	0.0
-2112.0	36	0.0
-2111.0	31	0.0
-2110.0	31	0.0
-2109.0	23	0.0
-2108.0	26	0.0
-2107.0	25	0.0
-2106.0	26	0.0
-2105.0	37	0.0
-2104.0	26	0.0
-2103.0	30	0.0
-2102.0	24	0.0
-2101.0	35	0.0
-2100.0	32	0.0
-2099.0	24	0.0
-2098.0	24	0.0
-2097.0	35	0.0
-2096.0	23	0.0
-2095.0	34	0.0
-2094.0	42	0.0
-2093.0	25	0.0
-2092.0	27	0.0
-2091.0	32	0.0
-2090.0	21	0.0
-2089.0	28	0.0
-2088.0	37	0.0
-2087.0	34	0.0
-2086.0	23	0.0
-2085.0	29	0.0
-2084.0	26	0.0
-2083.0	29	0.0
-2082.0	30	0.0
-2081.0	26	0.0
-2080.0	33	0.0
-2079.0	30	0.0
-2078.0	31	0.0
-2077.0	28	0.0
-2076.0	29	0.0
-2075.0	29	0.0
-2074.0	25	0.0
-2073.0	28	0.0
-2072.0	41	0.0
-2071.0	22	0.0
-2070.0	26	0.0
-2069.0	27	0.0
-2068.0	37	0.0
-2067.0	37	0.0
-2066.0	28	0.0
-2065.0	26	0.0
-2064.0	34	0.0
-2063.0	30	0.0
-2062.0	25	0.0
-2061.0	32	0.0
-2060.0	29	0.0
-2059.0	23	0.0
-2058.0	25	0.0
-2057.0	19	0.0
-2056.0	21	0.0
-2055.0	32	0.0
-2054.0	30	0.0
-2053.0	34	0.0
-2052.0	38	0.0
-2051.0	30	0.0
-2050.0	29	0.0
-2049.0	27	0.0
-2048.0	35	0.0
-2047.0	29	0.0
-2046.0	28	0.0
-2045.0	38	0.0
-2044.0	30	0.0
-2043.0	27	0.0
-2042.0	38	0.0
-2041.0	21	0.0
-2040.0	36	0.0
-2039.0	29	0.0
-2038.0	32	0.0
-2037.0	34	0.0
-2036.0	28	0.0
-2035.0	31	0.0
-2034.0	20	0.0
-2033.0	28	0.0
-2032.0	30	0.0
-2031.0	29	0.0
-2030.0	33	0.0
-2029.0	25	0.0
-2028.0	28	0.0
-2027.0	24	0.0
-2026.0	20	0.0
-2025.0	26	0.0
-2024.0	26	0.0
-2023.0	28	0.0
-2022.0	26	0.0
-2021.0	30	0.0
-2020.0	28	0.0
-2019.0	29	0.0
-2018.0	27	0.0
-2017.0	27	0.0
-2016.0	34	0.0
-2015.0	28	0.0
-2014.0	31	0.0
-2013.0	39	0.0
-2012.0	27	0.0
-2011.0	28	0.0
-2010.0	36	0.0
-2009.0	31	0.0
-2008.0	22	0.0
-2007.0	33	0.0
-2006.0	36	0.0
-2005.0	28	0.0
-2004.0	22	0.0
-2003.0	20	0.0
-2002.0	38	0.0
-2001.0	30	0.0
-2000.0	29	0.0
-1999.0	24	0.0
-1998.0	30	0.0
-1997.0	24	0.0
-1996.0	32	0.0
-1995.0	20	0.0
-1994.0	18	0.0
-1993.0	32	0.0
-1992.0	25	0.0
-1991.0	36	0.0
-1990.0	23	0.0
-1989.0	23	0.0
-1988.0	28	0.0
-1987.0	31	0.0
-1986.0	30	0.0
-1985.0	24	0.0
-1984.0	29	0.0
-1983.0	31	0.0
-1982.0	25	0.0
-1981.0	26	0.0
-1980.0	36	0.0
-1979.0	31	0.0
-1978.0	30	0.0
-1977.0	39	0.0
-1976.0	25	0.0
-1975.0	25	0.0
-1974.0	32	0.0
-1973.0	34	0.0
-1972.0	34	0.0
-1971.0	26	0.0
-1970.0	26	0.0
-1969.0	31	0.0
-1968.0	36	0.0
-1967.0	26	0.0
-1966.0	22	0.0
-1965.0	35	0.0
-1964.0	37	0.0
-1963.0	31	0.0
-1962.0	32	0.0
-1961.0	29	0.0
-1960.0	32	0.0
-1959.0	30	0.0
-1958.0	26	0.0
-1957.0	28	0.0
-1956.0	33	0.0
-1955.0	30	0.0
-1954.0	27	0.0
-1953.0	33	0.0
-1952.0	22	0.0
-1951.0	28	0.0
-1950.0	24	0.0
-1949.0	28	0.0
-1948.0	29	0.0
-1947.0	22	0.0
-1946.0	26	0.0
-1945.0	30	0.0
-1944.0	29	0.0
-1943.0	25	0.0
-1942.0	34	0.0
-1941.0	32	0.0
-1940.0	28	0.0
-1939.0	27	0.0
-1938.0	25	0.0
-1937.0	25	0.0
-1936.0	24	0.0
-1935.0	36	0.0
-1934.0	34	0.0
-1933.0	28	0.0
-1932.0	20	0.0
-1931.0	29	0.0
-1930.0	24	0.0
-1929.0	38	0.0
-1928.0	31	0.0
-1927.0	27	0.0
-1926.0	28	0.0
-1925.0	31	0.0
-1924.0	27	0.0
-1923.0	29	0.0
-1922.0	30	0.0
-1921.0	29	0.0
-1920.0	31	0.0
-1919.0	30	0.0
-1918.0	29	0.0
-1917.0	37	0.0
-1916.0	21	0.0
-1915.0	43	0.0
-1914.0	27	0.0
-1913.0	42	0.0
-1912.0	35	0.0
-1911.0	31	0.0
-1910.0	25	0.0
-1909.0	29	0.0
-1908.0	19	0.0
-1907.0	30	0.0
-1906.0	30	0.0
-1905.0	27	0.0
-1904.0	36	0.0
-1903.0	30	0.0
-1902.0	28	0.0
-1901.0	25	0.0
-1900.0	25	0.0
-1899.0	25	0.0
-1898.0	24	0.0
-1897.0	33	0.0
-1896.0	27	0.0
-1895.0	25	0.0
-1894.0	36	0.0
-1893.0	31	0.0
-1892.0	30	0.0
-1891.0	29	0.0
-1890.0	37	0.0
-1889.0	23	0.0
-1888.0	39	0.0
-1887.0	34	0.0
-1886.0	25	0.0
-1885.0	22	0.0
-1884.0	28	0.0
-1883.0	27	0.0
-1882.0	24	0.0
-1881.0	22	0.0
-1880.0	32	0.0
-1879.0	36	0.0
-1878.0	28	0.0
-1877.0	20	0.0
-1876.0	22	0.0
-1875.0	19	0.0
-1874.0	28	0.0
-1873.0	20	0.0
-1872.0	35	0.0
-1871.0	36	0.0
-1870.0	42	0.0
-1869.0	29	0.0
-1868.0	26	0.0
-1867.0	27	0.0
-1866.0	33	0.0
-1865.0	26	0.0
-1864.0	41	0.0
-1863.0	34	0.0
-1862.0	26	0.0
-1861.0	32	0.0
-1860.0	28	0.0
-1859.0	31	0.0
-1858.0	26	0.0
-1857.0	29	0.0
-1856.0	21	0.0
-1855.0	29	0.0
-1854.0	42	0.0
-1853.0	32	0.0
-1852.0	27	0.0
-1851.0	25	0.0
-1850.0	24	0.0
-1849.0	19	0.0
-1848.0	29	0.0
-1847.0	20	0.0
-1846.0	43	0.0
-1845.0	41	0.0
-1844.0	28	0.0
-1843.0	30	0.0
-1842.0	43	0.0
-1841.0	28	0.0
-1840.0	31	0.0
-1839.0	44	0.0
-1838.0	27	0.0
-1837.0	23	0.0
-1836.0	39	0.0
-1835.0	26	0.0
-1834.0	28	0.0
-1833.0	32	0.0
-1832.0	33	0.0
-1831.0	37	0.0
-1830.0	28	0.0
-1829.0	22	0.0
-1828.0	25	0.0
-1827.0	26	0.0
-1826.0	34	0.0
-1825.0	24	0.0
-1824.0	25	0.0
-1823.0	31	0.0
-1822.0	30	0.0
-1821.0	31	0.0
-1820.0	36	0.0
-1819.0	29	0.0
-1818.0	32	0.0
-1817.0	21	0.0
-1816.0	33	0.0
-1815.0	25	0.0
-1814.0	24	0.0
-1813.0	23	0.0
-1812.0	31	0.0
-1811.0	30	0.0
-1810.0	26	0.0
-1809.0	21	0.0
-1808.0	37	0.0
-1807.0	26	0.0
-1806.0	29	0.0
-1805.0	31	0.0
-1804.0	31	0.0
-1803.0	34	0.0
-1802.0	29	0.0
-1801.0	25	0.0
-1800.0	23	0.0
-1799.0	34	0.0
-1798.0	33	0.0
-1797.0	31	0.0
-1796.0	34	0.0
-1795.0	26	0.0
-1794.0	35	0.0
-1793.0	32	0.0
-1792.0	28	0.0
-1791.0	37	0.0
-1790.0	20	0.0
-1789.0	27	0.0
-1788.0	37	0.0
-1787.0	36	0.0
-1786.0	34	0.0
-1785.0	35	0.0
-1784.0	29	0.0
-1783.0	22	0.0
-1782.0	23	0.0
-1781.0	35	0.0
-1780.0	27	0.0
-1779.0	41	0.0
-1778.0	34	0.0
-1777.0	41	0.0
-1776.0	43	0.0
-1775.0	32	0.0
-1774.0	26	0.0
-1773.0	29	0.0
-1772.0	29	0.0
-1771.0	26	0.0
-1770.0	31	0.0
-1769.0	30	0.0
-1768.0	44	0.0
-1767.0	37	0.0
-1766.0	31	0.0
-1765.0	30	0.0
-1764.0	23	0.0
-1763.0	36	0.0
-1762.0	30	0.0
-1761.0	27	0.0
-1760.0	19	0.0
-1759.0	29	0.0
-1758.0	29	0.0
-1757.0	21	0.0
-1756.0	27	0.0
-1755.0	34	0.0
-1754.0	27	0.0
-1753.0	34	0.0
-1752.0	30	0.0
-1751.0	26	0.0
-1750.0	30	0.0
-1749.0	22	0.0
-1748.0	27	0.0
-1747.0	24	0.0
-1746.0	36	0.0
-1745.0	31	0.0
-1744.0	21	0.0
-1743.0	34	0.0
-1742.0	18	0.0
-1741.0	38	0.0
-1740.0	41	0.0
-1739.0	21	0.0
-1738.0	35	0.0
-1737.0	29	0.0
-1736.0	34	0.0
-1735.0	30	0.0
-1734.0	37	0.0
-1733.0	30	0.0
-1732.0	27	0.0
-1731.0	23	0.0
-1730.0	29	0.0
-1729.0	28	0.0
-1728.0	28	0.0
-1727.0	30	0.0
-1726.0	34	0.0
-1725.0	38	0.0
-1724.0	28	0.0
-1723.0	25	0.0
-1722.0	33	0.0
-1721.0	28	0.0
-1720.0	31	0.0
-1719.0	27	0.0
-1718.0	38	0.0
-1717.0	30	0.0
-1716.0	27	0.0
-1715.0	32	0.0
-1714.0	33	0.0
-1713.0	32	0.0
-1712.0	27	0.0
-1711.0	38	0.0
-1710.0	40	0.0
-1709.0	31	0.0
-1708.0	34	0.0
-1707.0	28	0.0
-1706.0	40	0.0
-1705.0	27	0.0
-1704.0	26	0.0
-1703.0	28	0.0
-1702.0	26	0.0
-1701.0	31	0.0
-1700.0	31	0.0
-1699.0	37	0.0
-1698.0	14	0.0
-1697.0	25	0.0
-1696.0	24	0.0
-1695.0	33	0.0
-1694.0	29	0.0
-1693.0	32	0.0
-1692.0	39	0.0
-1691.0	31	0.0
-1690.0	25	0.0
-1689.0	34	0.0
-1688.0	38	0.0
-1687.0	26	0.0
-1686.0	31	0.0
-1685.0	28	0.0
-1684.0	27	0.0
-1683.0	27	0.0
-1682.0	26	0.0
-1681.0	30	0.0
-1680.0	22	0.0
-1679.0	23	0.0
-1678.0	22	0.0
-1677.0	20	0.0
-1676.0	26	0.0
-1675.0	32	0.0
-1674.0	28	0.0
-1673.0	32	0.0
-1672.0	23	0.0
-1671.0	33	0.0
-1670.0	30	0.0
-1669.0	24	0.0
-1668.0	21	0.0
-1667.0	32	0.0
-1666.0	35	0.0
-1665.0	31	0.0
-1664.0	29	0.0
-1663.0	33	0.0
-1662.0	31	0.0
-1661.0	29	0.0
-1660.0	24	0.0
-1659.0	21	0.0
-1658.0	25	0.0
-1657.0	21	0.0
-1656.0	25	0.0
-1655.0	32	0.0
-1654.0	32	0.0
-1653.0	27	0.0
-1652.0	37	0.0
-1651.0	22	0.0
-1650.0	28	0.0
-1649.0	27	0.0
-1648.0	33	0.0
-1647.0	36	0.0
-1646.0	32	0.0
-1645.0	34	0.0
-1644.0	24	0.0
-1643.0	21	0.0
-1642.0	31	0.0
-1641.0	29	0.0
-1640.0	26	0.0
-1639.0	31	0.0
-1638.0	35	0.0
-1637.0	27	0.0
-1636.0	30	0.0
-1635.0	29	0.0
-1634.0	32	0.0
-1633.0	31	0.0
-1632.0	36	0.0
-1631.0	27	0.0
-1630.0	32	0.0
-1629.0	33	0.0
-1628.0	19	0.0
-1627.0	25	0.0
-1626.0	33	0.0
-1625.0	25	0.0
-1624.0	31	0.0
-1623.0	33	0.0
-1622.0	23	0.0
-1621.0	30	0.0
-1620.0	32	0.0
-1619.0	18	0.0
-1618.0	31	0.0
-1617.0	32	0.0
-1616.0	27	0.0
-1615.0	29	0.0
-1614.0	27	0.0
-1613.0	25	0.0
-1612.0	19	0.0
-1611.0	25	0.0
-1610.0	18	0.0
-1609.0	29	0.0
-1608.0	31	0.0
-1607.0	18	0.0
-1606.0	25	0.0
-1605.0	30	0.0
-1604.0	27	0.0
-1603.0	35	0.0
-1602.0	25	0.0
-1601.0	28	0.0
-1600.0	32	0.0
-1599.0	22	0.0
-1598.0	32	0.0
-1597.0	25	0.0
-1596.0	35	0.0
-1595.0	25	0.0
-1594.0	26	0.0
-1593.0	31	0.0
-1592.0	24	0.0
-1591.0	38	0.0
-1590.0	30	0.0
-1589.0	23	0.0
-1588.0	35	0.0
-1587.0	31	0.0
-1586.0	24	0.0
-1585.0	34	0.0
-1584.0	29	0.0
-1583.0	18	0.0
-1582.0	37	0.0
-1581.0	36	0.0
-1580.0	42	0.0
-1579.0	39	0.0
-1578.0	21	0.0
-1577.0	39	0.0
-1576.0	25	0.0
-1575.0	32	0.0
-1574.0	29	0.0
-1573.0	33	0.0
-1572.0	39	0.0
-1571.0	26	0.0
-1570.0	22	0.0
-1569.0	23	0.0
-1568.0	44	0.0
-1567.0	28	0.0
-1566.0	30	0.0
-1565.0	37	0.0
-1564.0	23	0.0
-1563.0	25	0.0
-1562.0	34	0.0
-1561.0	35	0.0
-1560.0	32	0.0
-1559.0	21	0.0
-1558.0	36	0.0
-1557.0	35	0.0
-1556.0	31	0.0
-1555.0	28	0.0
-1554.0	25	0.0
-1553.0	15	0.0
-1552.0	31	0.0
-1551.0	39	0.0
-1550.0	28	0.0
-1549.0	30	0.0
-1548.0	25	0.0
-1547.0	34	0.0
-1546.0	35	0.0
-1545.0	32	0.0
-1544.0	32	0.0
-1543.0	29	0.0
-1542.0	36	0.0
-1541.0	23	0.0
-1540.0	28	0.0
-1539.0	28	0.0
-1538.0	31	0.0
-1537.0	27	0.0
-1536.0	28	0.0
-1535.0	37	0.0
-1534.0	31	0.0
-1533.0	29	0.0
-1532.0	30	0.0
-1531.0	31	0.0
-1530.0	34	0.0
-1529.0	39	0.0
-1528.0	24	0.0
-1527.0	29	0.0
-1526.0	34	0.0
-1525.0	33	0.0
-1524.0	45	0.0
-1523.0	29	0.0
-1522.0	29	0.0
-1521.0	33	0.0
-1520.0	32	0.0
-1519.0	36	0.0
-1518.0	30	0.0
-1517.0	35	0.0
-1516.0	27	0.0
-1515.0	30	0.0
-1514.0	33	0.0
-1513.0	31	0.0
-1512.0	33	0.0
-1511.0	26	0.0
-1510.0	19	0.0
-1509.0	29	0.0
-1508.0	29	0.0
-1507.0	23	0.0
-1506.0	20	0.0
-1505.0	24	0.0
-1504.0	31	0.0
-1503.0	18	0.0
-1502.0	32	0.0
-1501.0	27	0.0
-1500.0	27	0.0
-1499.0	26	0.0
-1498.0	34	0.0
-1497.0	30	0.0
-1496.0	34	0.0
-1495.0	23	0.0
-1494.0	34	0.0
-1493.0	30	0.0
-1492.0	28	0.0
-1491.0	28	0.0
-1490.0	28	0.0
-1489.0	29	0.0
-1488.0	30	0.0
-1487.0	33	0.0
-1486.0	34	0.0
-1485.0	28	0.0
-1484.0	40	0.0
-1483.0	39	0.0
-1482.0	28	0.0
-1481.0	36	0.0
-1480.0	33	0.0
-1479.0	28	0.0
-1478.0	36	0.0
-1477.0	22	0.0
-1476.0	30	0.0
-1475.0	31	0.0
-1474.0	27	0.0
-1473.0	36	0.0
-1472.0	32	0.0
-1471.0	26	0.0
-1470.0	39	0.0
-1469.0	22	0.0
-1468.0	30	0.0
-1467.0	23	0.0
-1466.0	21	0.0
-1465.0	35	0.0
-1464.0	31	0.0
-1463.0	35	0.0
-1462.0	32	0.0
-1461.0	28	0.0
-1460.0	26	0.0
-1459.0	30	0.0
-1458.0	31	0.0
-1457.0	32	0.0
-1456.0	24	0.0
-1455.0	18	0.0
-1454.0	31	0.0
-1453.0	25	0.0
-1452.0	31	0.0
-1451.0	34	0.0
-1450.0	27	0.0
-1449.0	24	0.0
-1448.0	28	0.0
-1447.0	37	0.0
-1446.0	25	0.0
-1445.0	34	0.0
-1444.0	34	0.0
-1443.0	23	0.0
-1442.0	36	0.0
-1441.0	24	0.0
-1440.0	30	0.0
-1439.0	23	0.0
-1438.0	40	0.0
-1437.0	25	0.0
-1436.0	22	0.0
-1435.0	30	0.0
-1434.0	39	0.0
-1433.0	30	0.0
-1432.0	34	0.0
-1431.0	23	0.0
-1430.0	32	0.0
-1429.0	26	0.0
-1428.0	38	0.0
-1427.0	35	0.0
-1426.0	29	0.0
-1425.0	24	0.0
-1424.0	27	0.0
-1423.0	22	0.0
-1422.0	27	0.0
-1421.0	36	0.0
-1420.0	50	0.0
-1419.0	23	0.0
-1418.0	36	0.0
-1417.0	32	0.0
-1416.0	21	0.0
-1415.0	37	0.0
-1414.0	29	0.0
-1413.0	27	0.0
-1412.0	33	0.0
-1411.0	31	0.0
-1410.0	37	0.0
-1409.0	27	0.0
-1408.0	29	0.0
-1407.0	33	0.0
-1406.0	35	0.0
-1405.0	30	0.0
-1404.0	25	0.0
-1403.0	35	0.0
-1402.0	36	0.0
-1401.0	30	0.0
-1400.0	30	0.0
-1399.0	24	0.0
-1398.0	16	0.0
-1397.0	26	0.0
-1396.0	26	0.0
-1395.0	40	0.0
-1394.0	29	0.0
-1393.0	33	0.0
-1392.0	27	0.0
-1391.0	29	0.0
-1390.0	40	0.0
-1389.0	29	0.0
-1388.0	39	0.0
-1387.0	33	0.0
-1386.0	36	0.0
-1385.0	34	0.0
-1384.0	26	0.0
-1383.0	30	0.0
-1382.0	33	0.0
-1381.0	32	0.0
-1380.0	17	0.0
-1379.0	35	0.0
-1378.0	26	0.0
-1377.0	26	0.0
-1376.0	31	0.0
-1375.0	26	0.0
-1374.0	34	0.0
-1373.0	21	0.0
-1372.0	36	0.0
-1371.0	26	0.0
-1370.0	22	0.0
-1369.0	40	0.0
-1368.0	33	0.0
-1367.0	26	0.0
-1366.0	26	0.0
-1365.0	40	0.0
-1364.0	32	0.0
-1363.0	20	0.0
-1362.0	31	0.0
-1361.0	38	0.0
-1360.0	25	0.0
-1359.0	33	0.0
-1358.0	30	0.0
-1357.0	24	0.0
-1356.0	28	0.0
-1355.0	34	0.0
-1354.0	20	0.0
-1353.0	28	0.0
-1352.0	19	0.0
-1351.0	24	0.0
-1350.0	34	0.0
-1349.0	31	0.0
-1348.0	24	0.0
-1347.0	25	0.0
-1346.0	35	0.0
-1345.0	24	0.0
-1344.0	27	0.0
-1343.0	22	0.0
-1342.0	22	0.0
-1341.0	38	0.0
-1340.0	24	0.0
-1339.0	27	0.0
-1338.0	28	0.0
-1337.0	20	0.0
-1336.0	30	0.0
-1335.0	42	0.0
-1334.0	32	0.0
-1333.0	26	0.0
-1332.0	30	0.0
-1331.0	27	0.0
-1330.0	42	0.0
-1329.0	28	0.0
-1328.0	22	0.0
-1327.0	26	0.0
-1326.0	30	0.0
-1325.0	27	0.0
-1324.0	23	0.0
-1323.0	34	0.0
-1322.0	31	0.0
-1321.0	30	0.0
-1320.0	21	0.0
-1319.0	34	0.0
-1318.0	27	0.0
-1317.0	27	0.0
-1316.0	30	0.0
-1315.0	26	0.0
-1314.0	34	0.0
-1313.0	30	0.0
-1312.0	29	0.0
-1311.0	30	0.0
-1310.0	21	0.0
-1309.0	29	0.0
-1308.0	31	0.0
-1307.0	34	0.0
-1306.0	25	0.0
-1305.0	33	0.0
-1304.0	33	0.0
-1303.0	33	0.0
-1302.0	26	0.0
-1301.0	20	0.0
-1300.0	24	0.0
-1299.0	24	0.0
-1298.0	26	0.0
-1297.0	25	0.0
-1296.0	35	0.0
-1295.0	34	0.0
-1294.0	28	0.0
-1293.0	25	0.0
-1292.0	27	0.0
-1291.0	37	0.0
-1290.0	31	0.0
-1289.0	35	0.0
-1288.0	26	0.0
-1287.0	22	0.0
-1286.0	27	0.0
-1285.0	37	0.0
-1284.0	25	0.0
-1283.0	26	0.0
-1282.0	26	0.0
-1281.0	19	0.0
-1280.0	43	0.0
-1279.0	23	0.0
-1278.0	27	0.0
-1277.0	28	0.0
-1276.0	32	0.0
-1275.0	27	0.0
-1274.0	27	0.0
-1273.0	28	0.0
-1272.0	26	0.0
-1271.0	24	0.0
-1270.0	27	0.0
-1269.0	33	0.0
-1268.0	28	0.0
-1267.0	32	0.0
-1266.0	28	0.0
-1265.0	36	0.0
-1264.0	36	0.0
-1263.0	33	0.0
-1262.0	39	0.0
-1261.0	31	0.0
-1260.0	26	0.0
-1259.0	27	0.0
-1258.0	37	0.0
-1257.0	21	0.0
-1256.0	26	0.0
-1255.0	25	0.0
-1254.0	36	0.0
-1253.0	31	0.0
-1252.0	34	0.0
-1251.0	36	0.0
-1250.0	27	0.0
-1249.0	40	0.0
-1248.0	25	0.0
-1247.0	27	0.0
-1246.0	31	0.0
-1245.0	24	0.0
-1244.0	34	0.0
-1243.0	31	0.0
-1242.0	38	0.0
-1241.0	26	0.0
-1240.0	23	0.0
-1239.0	26	0.0
-1238.0	23	0.0
-1237.0	26	0.0
-1236.0	31	0.0
-1235.0	39	0.0
-1234.0	38	0.0
-1233.0	22	0.0
-1232.0	27	0.0
-1231.0	27	0.0
-1230.0	27	0.0
-1229.0	32	0.0
-1228.0	37	0.0
-1227.0	36	0.0
-1226.0	28	0.0
-1225.0	36	0.0
-1224.0	27	0.0
-1223.0	30	0.0
-1222.0	31	0.0
-1221.0	20	0.0
-1220.0	26	0.0
-1219.0	29	0.0
-1218.0	32	0.0
-1217.0	28	0.0
-1216.0	38	0.0
-1215.0	27	0.0
-1214.0	25	0.0
-1213.0	23	0.0
-1212.0	30	0.0
-1211.0	32	0.0
-1210.0	23	0.0
-1209.0	36	0.0
-1208.0	33	0.0
-1207.0	23	0.0
-1206.0	32	0.0
-1205.0	34	0.0
-1204.0	30	0.0
-1203.0	30	0.0
-1202.0	24	0.0
-1201.0	37	0.0
-1200.0	22	0.0
-1199.0	32	0.0
-1198.0	30	0.0
-1197.0	40	0.0
-1196.0	22	0.0
-1195.0	31	0.0
-1194.0	38	0.0
-1193.0	30	0.0
-1192.0	21	0.0
-1191.0	37	0.0
-1190.0	23	0.0
-1189.0	33	0.0
-1188.0	33	0.0
-1187.0	34	0.0
-1186.0	25	0.0
-1185.0	30	0.0
-1184.0	32	0.0
-1183.0	34	0.0
-1182.0	31	0.0
-1181.0	20	0.0
-1180.0	25	0.0
-1179.0	26	0.0
-1178.0	20	0.0
-1177.0	27	0.0
-1176.0	19	0.0
-1175.0	26	0.0
-1174.0	24	0.0
-1173.0	25	0.0
-1172.0	36	0.0
-1171.0	29	0.0
-1170.0	34	0.0
-1169.0	37	0.0
-1168.0	31	0.0
-1167.0	33	0.0
-1166.0	32	0.0
-1165.0	33	0.0
-1164.0	28	0.0
-1163.0	31	0.0
-1162.0	38	0.0
-1161.0	38	0.0
-1160.0	36	0.0
-1159.0	24	0.0
-1158.0	32	0.0
-1157.0	28	0.0
-1156.0	30	0.0
-1155.0	28	0.0
-1154.0	25	0.0
-1153.0	36	0.0
-1152.0	19	0.0
-1151.0	38	0.0
-1150.0	40	0.0
-1149.0	24	0.0
-1148.0	27	0.0
-1147.0	20	0.0
-1146.0	26	0.0
-1145.0	25	0.0
-1144.0	26	0.0
-1143.0	28	0.0
-1142.0	26	0.0
-1141.0	30	0.0
-1140.0	23	0.0
-1139.0	30	0.0
-1138.0	26	0.0
-1137.0	25	0.0
-1136.0	29	0.0
-1135.0	35	0.0
-1134.0	32	0.0
-1133.0	24	0.0
-1132.0	22	0.0
-1131.0	25	0.0
-1130.0	35	0.0
-1129.0	23	0.0
-1128.0	29	0.0
-1127.0	28	0.0
-1126.0	40	0.0
-1125.0	29	0.0
-1124.0	32	0.0
-1123.0	31	0.0
-1122.0	30	0.0
-1121.0	27	0.0
-1120.0	32	0.0
-1119.0	40	0.0
-1118.0	30	0.0
-1117.0	27	0.0
-1116.0	18	0.0
-1115.0	32	0.0
-1114.0	25	0.0
-1113.0	16	0.0
-1112.0	32	0.0
-1111.0	39	0.0
-1110.0	25	0.0
-1109.0	29	0.0
-1108.0	31	0.0
-1107.0	33	0.0
-1106.0	31	0.0
-1105.0	22	0.0
-1104.0	34	0.0
-1103.0	22	0.0
-1102.0	33	0.0
-1101.0	39	0.0
-1100.0	32	0.0
-1099.0	36	0.0
-1098.0	34	0.0
-1097.0	26	0.0
-1096.0	26	0.0
-1095.0	36	0.0
-1094.0	35	0.0
-1093.0	28	0.0
-1092.0	32	0.0
-1091.0	25	0.0
-1090.0	22	0.0
-1089.0	28	0.0
-1088.0	30	0.0
-1087.0	24	0.0
-1086.0	28	0.0
-1085.0	34	0.0
-1084.0	36	0.0
-1083.0	36	0.0
-1082.0	36	0.0
-1081.0	23	0.0
-1080.0	23	0.0
-1079.0	32	0.0
-1078.0	30	0.0
-1077.0	24	0.0
-1076.0	29	0.0
-1075.0	25	0.0
-1074.0	33	0.0
-1073.0	27	0.0
-1072.0	35	0.0
-1071.0	34	0.0
-1070.0	13	0.0
-1069.0	24	0.0
-1068.0	34	0.0
-1067.0	23	0.0
-1066.0	33	0.0
-1065.0	23	0.0
-1064.0	29	0.0
-1063.0	30	0.0
-1062.0	29	0.0
-1061.0	31	0.0
-1060.0	30	0.0
-1059.0	33	0.0
-1058.0	39	0.0
-1057.0	24	0.0
-1056.0	28	0.0
-1055.0	30	0.0
-1054.0	27	0.0
-1053.0	33	0.0
-1052.0	26	0.0
-1051.0	24	0.0
-1050.0	33	0.0
-1049.0	41	0.0
-1048.0	38	0.0
-1047.0	35	0.0
-1046.0	24	0.0
-1045.0	21	0.0
-1044.0	26	0.0
-1043.0	28	0.0
-1042.0	20	0.0
-1041.0	42	0.0
-1040.0	27	0.0
-1039.0	30	0.0
-1038.0	23	0.0
-1037.0	26	0.0
-1036.0	32	0.0
-1035.0	21	0.0
-1034.0	21	0.0
-1033.0	25	0.0
-1032.0	30	0.0
-1031.0	30	0.0
-1030.0	30	0.0
-1029.0	34	0.0
-1028.0	33	0.0
-1027.0	24	0.0
-1026.0	24	0.0
-1025.0	35	0.0
-1024.0	18	0.0
-1023.0	21	0.0
-1022.0	35	0.0
-1021.0	20	0.0
-1020.0	30	0.0
-1019.0	26	0.0
-1018.0	26	0.0
-1017.0	21	0.0
-1016.0	30	0.0
-1015.0	31	0.0
-1014.0	29	0.0
-1013.0	24	0.0
-1012.0	38	0.0
-1011.0	23	0.0
-1010.0	39	0.0
-1009.0	23	0.0
-1008.0	28	0.0
-1007.0	25	0.0
-1006.0	33	0.0
-1005.0	32	0.0
-1004.0	24	0.0
-1003.0	22	0.0
-1002.0	27	0.0
-1001.0	34	0.0
-1000.0	33	0.0
-999.0	36	0.0
-998.0	22	0.0
-997.0	31	0.0
-996.0	28	0.0
-995.0	18	0.0
-994.0	37	0.0
-993.0	29	0.0
-992.0	30	0.0
-991.0	31	0.0
-990.0	32	0.0
-989.0	26	0.0
-988.0	30	0.0
-987.0	33	0.0
-986.0	39	0.0
-985.0	42	0.0
-984.0	29	0.0
-983.0	24	0.0
-982.0	33	0.0
-981.0	34	0.0
-980.0	41	0.0
-979.0	38	0.0
-978.0	18	0.0
-977.0	25	0.0
-976.0	35	0.0
-975.0	24	0.0
-974.0	25	0.0
-973.0	32	0.0
-972.0	40	0.0
-971.0	28	0.0
-970.0	33	0.0
-969.0	35	0.0
-968.0	28	0.0
-967.0	43	0.0
-966.0	39	0.0
-965.0	26	0.0
-964.0	28	0.0
-963.0	36	0.0
-962.0	35	0.0
-961.0	39	0.0
-960.0	24	0.0
-959.0	24	0.0
-958.0	25	0.0
-957.0	45	0.0
-956.0	27	0.0
-955.0	26	0.0
-954.0	28	0.0
-953.0	42	0.0
-952.0	20	0.0
-951.0	30	0.0
-950.0	26	0.0
-949.0	32	0.0
-948.0	38	0.0
-947.0	36	0.0
-946.0	31	0.0
-945.0	26	0.0
-944.0	22	0.0
-943.0	22	0.0
-942.0	32	0.0
-941.0	33	0.0
-940.0	23	0.0
-939.0	26	0.0
-938.0	33	0.0
-937.0	37	0.0
-936.0	30	0.0
-935.0	27	0.0
-934.0	31	0.0
-933.0	24	0.0
-932.0	26	0.0
-931.0	39	0.0
-930.0	31	0.0
-929.0	31	0.0
-928.0	33	0.0
-927.0	24	0.0
-926.0	21	0.0
-925.0	31	0.0
-924.0	28	0.0
-923.0	22	0.0
-922.0	25	0.0
-921.0	30	0.0
-920.0	24	0.0
-919.0	19	0.0
-918.0	22	0.0
-917.0	31	0.0
-916.0	34	0.0
-915.0	47	0.0
-914.0	24	0.0
-913.0	30	0.0
-912.0	32	0.0
-911.0	36	0.0
-910.0	32	0.0
-909.0	37	0.0
-908.0	35	0.0
-907.0	36	0.0
-906.0	36	0.0
-905.0	35	0.0
-904.0	32	0.0
-903.0	27	0.0
-902.0	28	0.0
-901.0	35	0.0
-900.0	30	0.0
-899.0	17	0.0
-898.0	30	0.0
-897.0	22	0.0
-896.0	31	0.0
-895.0	29	0.0
-894.0	24	0.0
-893.0	27	0.0
-892.0	34	0.0
-891.0	31	0.0
-890.0	32	0.0
-889.0	24	0.0
-888.0	42	0.0
-887.0	20	0.0
-886.0	27	0.0
-885.0	41	0.0
-884.0	30	0.0
-883.0	30	0.0
-882.0	31	0.0
-881.0	36	0.0
-880.0	31	0.0
-879.0	43	0.0
-878.0	22	0.0
-877.0	31	0.0
-876.0	29	0.0
-875.0	34	0.0
-874.0	33	0.0
-873.0	40	0.0
-872.0	26	0.0
-871.0	33	0.0
-870.0	35	0.0
-869.0	30	0.0
-868.0	29	0.0
-867.0	33	0.0
-866.0	29	0.0
-865.0	35	0.0
-864.0	34	0.0
-863.0	22	0.0
-862.0	28	0.0
-861.0	29	0.0
-860.0	39	0.0
-859.0	24	0.0
-858.0	30	0.0
-857.0	36	0.0
-856.0	29	0.0
-855.0	22	0.0
-854.0	31	0.0
-853.0	34	0.0
-852.0	19	0.0
-851.0	30	0.0
-850.0	30	0.0
-849.0	35	0.0
-848.0	24	0.0
-847.0	27	0.0
-846.0	20	0.0
-845.0	33	0.0
-844.0	36	0.0
-843.0	31	0.0
-842.0	36	0.0
-841.0	39	0.0
-840.0	31	0.0
-839.0	32	0.0
-838.0	40	0.0
-837.0	25	0.0
-836.0	31	0.0
-835.0	29	0.0
-834.0	28	0.0
-833.0	36	0.0
-832.0	33	0.0
-831.0	22	0.0
-830.0	40	0.0
-829.0	22	0.0
-828.0	29	0.0
-827.0	36	0.0
-826.0	31	0.0
-825.0	26	0.0
-824.0	29	0.0
-823.0	29	0.0
-822.0	24	0.0
-821.0	36	0.0
-820.0	35	0.0
-819.0	38	0.0
-818.0	34	0.0
-817.0	28	0.0
-816.0	33	0.0
-815.0	17	0.0
-814.0	34	0.0
-813.0	21	0.0
-812.0	28	0.0
-811.0	24	0.0
-810.0	30	0.0
-809.0	30	0.0
-808.0	35	0.0
-807.0	33	0.0
-806.0	21	0.0
-805.0	24	0.0
-804.0	38	0.0
-803.0	19	0.0
-802.0	28	0.0
-801.0	26	0.0
-800.0	36	0.0
-799.0	30	0.0
-798.0	28	0.0
-797.0	19	0.0
-796.0	26	0.0
-795.0	21	0.0
-794.0	32	0.0
-793.0	30	0.0
-792.0	30	0.0
-791.0	34	0.0
-790.0	22	0.0
-789.0	25	0.0
-788.0	20	0.0
-787.0	30	0.0
-786.0	35	0.0
-785.0	30	0.0
-784.0	20	0.0
-783.0	32	0.0
-782.0	38	0.0
-781.0	36	0.0
-780.0	29	0.0
-779.0	27	0.0
-778.0	32	0.0
-777.0	32	0.0
-776.0	26	0.0
-775.0	26	0.0
-774.0	28	0.0
-773.0	33	0.0
-772.0	31	0.0
-771.0	39	0.0
-770.0	32	0.0
-769.0	26	0.0
-768.0	24	0.0
-767.0	32	0.0
-766.0	32	0.0
-765.0	27	0.0
-764.0	25	0.0
-763.0	20	0.0
-762.0	28	0.0
-761.0	30	0.0
-760.0	31	0.0
-759.0	29	0.0
-758.0	27	0.0
-757.0	19	0.0
-756.0	42	0.0
-755.0	37	0.0
-754.0	28	0.0
-753.0	23	0.0
-752.0	39	0.0
-751.0	40	0.0
-750.0	35	0.0
-749.0	35	0.0
-748.0	34	0.0
-747.0	34	0.0
-746.0	32	0.0
-745.0	33	0.0
-744.0	28	0.0
-743.0	32	0.0
-742.0	21	0.0
-741.0	24	0.0
-740.0	35	0.0
-739.0	23	0.0
-738.0	29	0.0
-737.0	37	0.0
-736.0	33	0.0
-735.0	31	0.0
-734.0	24	0.0
-733.0	36	0.0
-732.0	26	0.0
-731.0	24	0.0
-730.0	32	0.0
-729.0	29	0.0
-728.0	33	0.0
-727.0	33	0.0
-726.0	28	0.0
-725.0	26	0.0
-724.0	30	0.0
-723.0	39	0.0
-722.0	27	0.0
-721.0	38	0.0
-720.0	31	0.0
-719.0	36	0.0
-718.0	30	0.0
-717.0	27	0.0
-716.0	38	0.0
-715.0	30	0.0
-714.0	32	0.0
-713.0	30	0.0
-712.0	26	0.0
-711.0	25	0.0
-710.0	28	0.0
-709.0	30	0.0
-708.0	39	0.0
-707.0	25	0.0
-706.0	31	0.0
-705.0	33	0.0
-704.0	21	0.0
-703.0	24	0.0
-702.0	36	0.0
-701.0	20	0.0
-700.0	30	0.0
-699.0	29	0.0
-698.0	43	0.0
-697.0	19	0.0
-696.0	35	0.0
-695.0	33	0.0
-694.0	23	0.0
-693.0	30	0.0
-692.0	38	0.0
-691.0	34	0.0
-690.0	32	0.0
-689.0	37	0.0
-688.0	31	0.0
-687.0	42	0.0
-686.0	32	0.0
-685.0	33	0.0
-684.0	25	0.0
-683.0	18	0.0
-682.0	21	0.0
-681.0	32	0.0
-680.0	34	0.0
-679.0	28	0.0
-678.0	31	0.0
-677.0	31	0.0
-676.0	22	0.0
-675.0	29	0.0
-674.0	42	0.0
-673.0	33	0.0
-672.0	26	0.0
-671.0	28	0.0
-670.0	26	0.0
-669.0	26	0.0
-668.0	29	0.0
-667.0	23	0.0
-666.0	25	0.0
-665.0	31	0.0
-664.0	29	0.0
-663.0	32	0.0
-662.0	38	0.0
-661.0	28	0.0
-660.0	23	0.0
-659.0	14	0.0
-658.0	35	0.0
-657.0	35	0.0
-656.0	28	0.0
-655.0	31	0.0
-654.0	33	0.0
-653.0	34	0.0
-652.0	19	0.0
-651.0	29	0.0
-650.0	33	0.0
-649.0	42	0.0
-648.0	30	0.0
-647.0	29	0.0
-646.0	26	0.0
-645.0	31	0.0
-644.0	22	0.0
-643.0	35	0.0
-642.0	29	0.0
-641.0	35	0.0
-640.0	28	0.0
-639.0	26	0.0
-638.0	39	0.0
-637.0	26	0.0
-636.0	33	0.0
-635.0	37	0.0
-634.0	31	0.0
-633.0	33	0.0
-632.0	30	0.0
-631.0	29	0.0
-630.0	30	0.0
-629.0	34	0.0
-628.0	23	0.0
-627.0	25	0.0
-626.0	26	0.0
-625.0	33	0.0
-624.0	23	0.0
-623.0	31	0.0
-622.0	28	0.0
-621.0	29	0.0
-620.0	29	0.0
-619.0	33	0.0
-618.0	41	0.0
-617.0	30	0.0
-616.0	31	0.0
-615.0	25	0.0
-614.0	20	0.0
-613.0	28	0.0
-612.0	25	0.0
-611.0	37	0.0
-610.0	27	0.0
-609.0	34	0.0
-608.0	25	0.0
-607.0	28	0.0
-606.0	29	0.0
-605.0	25	0.0
-604.0	27	0.0
-603.0	32	0.0
-602.0	30	0.0
-601.0	36	0.0
-600.0	21	0.0
-599.0	30	0.0
-598.0	36	0.0
-597.0	26	0.0
-596.0	37	0.0
-595.0	22	0.0
-594.0	36	0.0
-593.0	31	0.0
-592.0	24	0.0
-591.0	27	0.0
-590.0	22	0.0
-589.0	24	0.0
-588.0	30	0.0
-587.0	27	0.0
-586.0	27	0.0
-585.0	35	0.0
-584.0	31	0.0
-583.0	47	0.0
-582.0	35	0.0
-581.0	28	0.0
-580.0	32	0.0
-579.0	36	0.0
-578.0	25	0.0
-577.0	29	0.0
-576.0	31	0.0
-575.0	29	0.0
-574.0	25	0.0
-573.0	33	0.0
-572.0	31	0.0
-571.0	27	0.0
-570.0	40	0.0
-569.0	22	0.0
-568.0	26	0.0
-567.0	30	0.0
-566.0	32	0.0
-565.0	31	0.0
-564.0	34	0.0
-563.0	33	0.0
-562.0	26	0.0
-561.0	33	0.0
-560.0	32	0.0
-559.0	33	0.0
-558.0	24	0.0
-557.0	31	0.0
-556.0	25	0.0
-555.0	28	0.0
-554.0	36	0.0
-553.0	26	0.0
-552.0	33	0.0
-551.0	21	0.0
-550.0	30	0.0
-549.0	31	0.0
-548.0	25	0.0
-547.0	22	0.0
-546.0	28	0.0
-545.0	32	0.0
-544.0	28	0.0
-543.0	22	0.0
-542.0	31	0.0
-541.0	40	0.0
-540.0	37	0.0
-539.0	29	0.0
-538.0	24	0.0
-537.0	30	0.0
-536.0	28	0.0
-535.0	27	0.0
-534.0	20	0.0
-533.0	21	0.0
-532.0	24	0.0
-531.0	34	0.0
-530.0	24	0.0
-529.0	30	0.0
-528.0	28	0.0
-527.0	39	0.0
-526.0	30	0.0
-525.0	31	0.0
-524.0	33	0.0
-523.0	25	0.0
-522.0	34	0.0
-521.0	26	0.0
-520.0	28	0.0
-519.0	28	0.0
-518.0	35	0.0
-517.0	30	0.0
-516.0	32	0.0
-515.0	32	0.0
-514.0	28	0.0
-513.0	23	0.0
-512.0	29	0.0
-511.0	40	0.0
-510.0	35	0.0
-509.0	39	0.0
-508.0	27	0.0
-507.0	31	0.0
-506.0	30	0.0
-505.0	28	0.0
-504.0	38	0.0
-503.0	21	0.0
-502.0	31	0.0
-501.0	24	0.0
-500.0	42	0.0
-499.0	29	0.0
-498.0	29	0.0
-497.0	38	0.0
-496.0	28	0.0
-495.0	30	0.0
-494.0	29	0.0
-493.0	18	0.0
-492.0	38	0.0
-491.0	40	0.0
-490.0	24	0.0
-489.0	27	0.0
-488.0	24	0.0
-487.0	32	0.0
-486.0	47	0.0
-485.0	26	0.0
-484.0	29	0.0
-483.0	27	0.0
-482.0	37	0.0
-481.0	32	0.0
-480.0	28	0.0
-479.0	37	0.0
-478.0	30	0.0
-477.0	37	0.0
-476.0	13	0.0
-475.0	34	0.0
-474.0	27	0.0
-473.0	27	0.0
-472.0	24	0.0
-471.0	29	0.0
-470.0	30	0.0
-469.0	29	0.0
-468.0	22	0.0
-467.0	31	0.0
-466.0	35	0.0
-465.0	31	0.0
-464.0	27	0.0
-463.0	36	0.0
-462.0	44	0.0
-461.0	26	0.0
-460.0	41	0.0
-459.0	40	0.0
-458.0	24	0.0
-457.0	26	0.0
-456.0	36	0.0
-455.0	28	0.0
-454.0	22	0.0
-453.0	40	0.0
-452.0	35	0.0
-451.0	39	0.0
-450.0	29	0.0
-449.0	29	0.0
-448.0	18	0.0
-447.0	29	0.0
-446.0	38	0.0
-445.0	38	0.0
-444.0	23	0.0
-443.0	33	0.0
-442.0	33	0.0
-441.0	27	0.0
-440.0	31	0.0
-439.0	33	0.0
-438.0	35	0.0
-437.0	24	0.0
-436.0	31	0.0
-435.0	38	0.0
-434.0	37	0.0
-433.0	34	0.0
-432.0	31	0.0
-431.0	22	0.0
-430.0	27	0.0
-429.0	23	0.0
-428.0	28	0.0
-427.0	21	0.0
-426.0	27	0.0
-425.0	29	0.0
-424.0	34	0.0
-423.0	23	0.0
-422.0	41	0.0
-421.0	32	0.0
-420.0	25	0.0
-419.0	31	0.0
-418.0	23	0.0
-417.0	29	0.0
-416.0	33	0.0
-415.0	26	0.0
-414.0	29	0.0
-413.0	21	0.0
-412.0	36	0.0
-411.0	41	0.0
-410.0	21	0.0
-409.0	30	0.0
-408.0	23	0.0
-407.0	30	0.0
-406.0	30	0.0
-405.0	38	0.0
-404.0	20	0.0
-403.0	23	0.0
-402.0	22	0.0
-401.0	25	0.0
-400.0	29	0.0
-399.0	28	0.0
-398.0	23	0.0
-397.0	32	0.0
-396.0	30	0.0
-395.0	28	0.0
-394.0	30	0.0
-393.0	20	0.0
-392.0	30	0.0
-391.0	24	0.0
-390.0	23	0.0
-389.0	28	0.0
-388.0	27	0.0
-387.0	25	0.0
-386.0	27	0.0
-385.0	22	0.0
-384.0	38	0.0
-383.0	23	0.0
-382.0	33	0.0
-381.0	29	0.0
-380.0	35	0.0
-379.0	37	0.0
-378.0	30	0.0
-377.0	29	0.0
-376.0	39	0.0
-375.0	24	0.0
-374.0	22	0.0
-373.0	31	0.0
-372.0	29	0.0
-371.0	24	0.0
-370.0	25	0.0
-369.0	24	0.0
-368.0	33	0.0
-367.0	31	0.0
-366.0	23	0.0
-365.0	27	0.0
-364.0	28	0.0
-363.0	28	0.0
-362.0	25	0.0
-361.0	25	0.0
-360.0	32	0.0
-359.0	22	0.0
-358.0	31	0.0
-357.0	24	0.0
-356.0	23	0.0
-355.0	28	0.0
-354.0	29	0.0
-353.0	28	0.0
-352.0	30	0.0
-351.0	31	0.0
-350.0	28	0.0
-349.0	24	0.0
-348.0	31	0.0
-347.0	35	0.0
-346.0	24	0.0
-345.0	27	0.0
-344.0	32	0.0
-343.0	33	0.0
-342.0	32	0.0
-341.0	30	0.0
-340.0	22	0.0
-339.0	29	0.0
-338.0	21	0.0
-337.0	24	0.0
-336.0	30	0.0
-335.0	29	0.0
-334.0	30	0.0
-333.0	30	0.0
-332.0	22	0.0
-331.0	15	0.0
-330.0	29	0.0
-329.0	36	0.0
-328.0	27	0.0
-327.0	29	0.0
-326.0	39	0.0
-325.0	32	0.0
-324.0	38	0.0
-323.0	31	0.0
-322.0	30	0.0
-321.0	32	0.0
-320.0	35	0.0
-319.0	29	0.0
-318.0	33	0.0
-317.0	35	0.0
-316.0	29	0.0
-315.0	23	0.0
-314.0	24	0.0
-313.0	31	0.0
-312.0	30	0.0
-311.0	25	0.0
-310.0	43	0.0
-309.0	42	0.0
-308.0	34	0.0
-307.0	31	0.0
-306.0	39	0.0
-305.0	21	0.0
-304.0	29	0.0
-303.0	25	0.0
-302.0	32	0.0
-301.0	28	0.0
-300.0	40	0.0
-299.0	26	0.0
-298.0	32	0.0
-297.0	27	0.0
-296.0	33	0.0
-295.0	27	0.0
-294.0	28	0.0
-293.0	30	0.0
-292.0	34	0.0
-291.0	41	0.0
-290.0	33	0.0
-289.0	34	0.0
-288.0	32	0.0
-287.0	28	0.0
-286.0	27	0.0
-285.0	32	0.0
-284.0	33	0.0
-283.0	26	0.0
-282.0	29	0.0
-281.0	33	0.0
-280.0	28	0.0
-279.0	28	0.0
-278.0	46	0.0
-277.0	28	0.0
-276.0	35	0.0
-275.0	25	0.0
-274.0	35	0.0
-273.0	35	0.0
-272.0	28	0.0
-271.0	23	0.0
-270.0	29	0.0
-269.0	39	0.0
-268.0	27	0.0
-267.0	25	0.0
-266.0	34	0.0
-265.0	28	0.0
-264.0	35	0.0
-263.0	30	0.0
-262.0	37	0.0
-261.0	36	0.0
-260.0	30	0.0
-259.0	41	0.0
-258.0	29	0.0
-257.0	45	0.0
-256.0	23	0.0
-255.0	34	0.0
-254.0	28	0.0
-253.0	27	0.0
-252.0	25	0.0
-251.0	25	0.0
-250.0	40	0.0
-249.0	25	0.0
-248.0	36	0.0
-247.0	34	0.0
-246.0	33	0.0
-245.0	30	0.0
-244.0	28	0.0
-243.0	25	0.0
-242.0	26	0.0
-241.0	26	0.0
-240.0	27	0.0
-239.0	26	0.0
-238.0	32	0.0
-237.0	28	0.0
-236.0	30	0.0
-235.0	27	0.0
-234.0	28	0.0
-233.0	22	0.0
-232.0	22	0.0
-231.0	20	0.0
-230.0	32	0.0
-229.0	27	0.0
-228.0	27	0.0
-227.0	30	0.0
-226.0	32	0.0
-225.0	40	0.0
-224.0	28	0.0
-223.0	36	0.0
-222.0	28	0.0
-221.0	24	0.0
-220.0	34	0.0
-219.0	29	0.0
-218.0	22	0.0
-217.0	23	0.0
-216.0	33	0.0
-215.0	34	0.0
-214.0	26	0.0
-213.0	31	0.0
-212.0	31	0.0
-211.0	35	0.0
-210.0	28	0.0
-209.0	24	0.0
-208.0	30	0.0
-207.0	25	0.0
-206.0	25	0.0
-205.0	24	0.0
-204.0	27	0.0
-203.0	28	0.0
-202.0	36	0.0
-201.0	23	0.0
-200.0	30	0.0
-199.0	28	0.0
-198.0	38	0.0
-197.0	32	0.0
-196.0	40	0.0
-195.0	29	0.0
-194.0	34	0.0
-193.0	30	0.0
-192.0	27	0.0
-191.0	31	0.0
-190.0	30	0.0
-189.0	24	0.0
-188.0	29	0.0
-187.0	26	0.0
-186.0	35	0.0
-185.0	32	0.0
-184.0	24	0.0
-183.0	29	0.0
-182.0	35	0.0
-181.0	31	0.0
-180.0	36	0.0
-179.0	33	0.0
-178.0	27	0.0
-177.0	29	0.0
-176.0	32	0.0
-175.0	33	0.0
-174.0	25	0.0
-173.0	32	0.0
-172.0	30	0.0
-171.0	30	0.0
-170.0	26	0.0
-169.0	34	0.0
-168.0	29	0.0
-167.0	39	0.0
-166.0	36	0.0
-165.0	36	0.0
-164.0	29	0.0
-163.0	33	0.0
-162.0	38	0.0
-161.0	24	0.0
-160.0	14	0.0
-159.0	31	0.0
-158.0	30	0.0
-157.0	35	0.0
-156.0	23	0.0
-155.0	24	0.0
-154.0	38	0.0
-153.0	30	0.0
-152.0	31	0.0
-151.0	51	0.0
-150.0	28	0.0
-149.0	34	0.0
-148.0	27	0.0
-147.0	37	0.0
-146.0	29	0.0
-145.0	36	0.0
-144.0	24	0.0
-143.0	32	0.0
-142.0	28	0.0
-141.0	16	0.0
-140.0	29	0.0
-139.0	27	0.0
-138.0	32	0.0
-137.0	29	0.0
-136.0	29	0.0
-135.0	28	0.0
-134.0	32	0.0
-133.0	27	0.0
-132.0	40	0.0
-131.0	38	0.0
-130.0	38	0.0
-129.0	25	0.0
-128.0	24	0.0
-127.0	21	0.0
-126.0	30	0.0
-125.0	29	0.0
-124.0	25	0.0
-123.0	32	0.0
-122.0	37	0.0
-121.0	24	0.0
-120.0	30	0.0
-119.0	25	0.0
-118.0	20	0.0
-117.0	29	0.0
-116.0	33	0.0
-115.0	24	0.0
-114.0	33	0.0
-113.0	25	0.0
-112.0	34	0.0
-111.0	35	0.0
-110.0	30	0.0
-109.0	30	0.0
-108.0	45	0.0
-107.0	27	0.0
-106.0	34	0.0
-105.0	27	0.0
-104.0	25	0.0
-103.0	43	0.0
-102.0	26	0.0
-101.0	29	0.0
-100.0	29	0.0
-99.0	32	0.0
-98.0	41	0.0
-97.0	31	0.0
-96.0	32	0.0
-95.0	29	0.0
-94.0	29	0.0
-93.0	42	0.0
-92.0	34	0.0
-91.0	38	0.0
-90.0	23	0.0
-89.0	28	0.0
-88.0	41	0.0
-87.0	31	0.0
-86.0	34	0.0
-85.0	37	0.0
-84.0	32	0.0
-83.0	24	0.0
-82.0	32	0.0
-81.0	29	0.0
-80.0	28	0.0
-79.0	21	0.0
-78.0	38	0.0
-77.0	35	0.0
-76.0	33	0.0
-75.0	27	0.0
-74.0	34	0.0
-73.0	32	0.0
-72.0	27	0.0
-71.0	26	0.0
-70.0	33	0.0
-69.0	32	0.0
-68.0	31	0.0
-67.0	21	0.0
-66.0	24	0.0
-65.0	37	0.0
-64.0	39	0.0
-63.0	39	0.0
-62.0	29	0.0
-61.0	42	0.0
-60.0	40	0.0
-59.0	24	0.0
-58.0	27	0.0
-57.0	34	0.0
-56.0	19	0.0
-55.0	21	0.0
-54.0	25	0.0
-53.0	26	0.0
-52.0	36	0.0
-51.0	27	0.0
-50.0	38	0.0
-49.0	30	0.0
-48.0	22	0.0
-47.0	26	0.0
-46.0	35	0.0
-45.0	29	0.0
-44.0	21	0.0
-43.0	24	0.0
-42.0	29	0.0
-41.0	33	0.0
-40.0	27	0.0
-39.0	34	0.0
-38.0	27	0.0
-37.0	32	0.0
-36.0	33	0.0
-35.0	23	0.0
-34.0	37	0.0
-33.0	34	0.0
-32.0	35	0.0
-31.0	25	0.0
-30.0	26	0.0
-29.0	26	0.0
-28.0	27	0.0
-27.0	37	0.0
-26.0	29	0.0
-25.0	36	0.0
-24.0	25	0.0
-23.0	37	0.0
-22.0	26	0.0
-21.0	26	0.0
-20.0	31	0.0
-19.0	34	0.0
-18.0	25	0.0
-17.0	37	0.0
-16.0	36	0.0
-15.0	32	0.0
-14.0	34	0.0
-13.0	29	0.0
-12.0	47	0.0
-11.0	29	0.0
-10.0	41	0.0
-9.0	40	0.0
-8.0	36	0.0
-7.0	23	0.0
-6.0	30	0.0
-5.0	25	0.0
-4.0	44	0.0
-3.0	35	0.0
-2.0	34	0.0
-1.0	23	0.0
0.0	40	0.0
1.0	27	0.0
2.0	33	0.0
3.0	31	0.0
4.0	38	0.0
5.0	29	0.0
6.0	21	0.0
7.0	30	0.0
8.0	29	0.0
9.0	29	0.0
10.0	30	0.0
11.0	31	0.0
12.0	24	0.0
13.0	28	0.0
14.0	33	0.0
15.0	32	0.0
16.0	32	0.0
17.0	40	0.0
18.0	34	0.0
19.0	33	0.0
20.0	20	0.0
21.0	29	0.0
22.0	33	0.0
23.0	30	0.0
24.0	28	0.0
25.0	32	0.0
26.0	26	0.0
27.0	35	0.0
28.0	25	0.0
29.0	31	0.0
30.0	32	0.0
31.0	25	0.0
32.0	39	0.0
33.0	23	0.0
34.0	20	0.0
35.0	27	0.0
36.0	33	0.0
37.0	33	0.0
38.0	43	0.0
39.0	31	0.0
40.0	31	0.0
41.0	37	0.0
42.0	28	0.0
43.0	25	0.0
44.0	29	0.0
45.0	34	0.0
46.0	33	0.0
47.0	32	0.0
48.0	36	0.0
49.0	31	0.0
50.0	30	0.0
51.0	40	0.0
52.0	29	0.0
53.0	23	0.0
54.0	30	0.0
55.0	32	858.6481391932507
56.0	37	1640.4720302190979
57.0	30	2350.843124597555
58.0	27	2994.7957318309077
59.0	38	3577.0469374219033
60.0	29	4102.015388935779
61.0	21	4573.839012720839
62.0	37	4996.391720508926
63.0	33	5373.29916190147
64.0	32	5707.953575705565
65.0	34	6003.527790203705
66.0	36	6262.988419716532
67.0	37	6489.108302237055
68.0	31	6684.478220474404
69.0	29	6851.517946334407
70.0	36	6992.486646677426
71.0	50	7109.492686126003
72.0	46	7204.5028607357235
73.0	39	7279.35109449111
74.0	46	7335.746628835491
75.0	51	7375.281733784983
76.0	47	7399.43896760844
77.0	36	7409.598010570446
78.0	51	7407.042096830343
79.0	35	7392.964067262565
80.0	55	7368.472064706187
81.0	30	7334.5948919643915
82.0	28	7292.287051749514
83.0	40	7242.433486706724
84.0	28	7185.854036644396
85.0	33	7123.30762914749
86.0	46	7055.496218852642
87.0	42	6983.068489811816
88.0	41	6906.623334569197
89.0	34	6826.713122814823
90.0	43	6743.8467717606145
91.0	35	6658.4926297047505
92.0	33	6571.081183608407
93.0	34	6482.007600902218
94.0	41	6391.634115164869
95.0	37	6300.292264775862
96.0	37	6208.284993129971
97.0	36	6115.888618518239
98.0	35	6023.354681321272
99.0	41	5930.91167572926
100.0	37	5838.766672793693
101.0	31	5747.10684123003
102.0	43	5656.10087202553
103.0	34	5565.900312562253
104.0	41	5476.640815639495
105.0	41	5388.44330847198
106.0	37	5301.415086450914
107.0	35	5215.650836179632
108.0	33	5131.233592036945
109.0	24	5048.235630276823
110.0	40	4966.719304442348
111.0	34	4886.737825652904
112.0	44	4808.335991119113
113.0	34	4731.550864044339
114.0	37	4656.412407889354
115.0	19	4582.944077802647
116.0	29	4511.163371856137
117.0	41	4441.082344572006
118.0	24	4372.708085079643
119.0	42	4306.043162106393
120.0	35	4241.086037874571
121.0	38	4177.8314528557985
122.0	27	4116.270783218497
123.0	28	4056.392372695495
124.0	32	3998.1818404964406
125.0	26	3941.6223667925005
126.0	33	3886.694957210566
127.0	30	3833.3786876872477
128.0	39	3781.65093095298
129.0	32	3731.4875658393266
130.0	32	3682.863170530898
131.0	43	3635.751200815967
132.0	43	3590.1241543250726
133.0	37	3545.9537216874414
134.0	28	3503.21092547782
135.0	40	3461.8662477735193
136.0	29	3421.8897470902407
137.0	42	3383.2511654186656
138.0	24	3345.9200260388584
139.0	29	3309.865722747628
140.0	31	3275.057601093768
141.0	28	3241.465032180604
142.0	35	3209.0574795578677
143.0	41	3177.804559694159
144.0	43	3147.6760964886976
145.0	33	3118.6421702529037
146.0	32	3090.673161564322
147.0	43	3063.7397903696306
148.0	36	3037.8131506899367
149.0	32	3012.864741257569
150.0	31	2988.866492393281
151.0	33	2965.79078941202
152.0	30	2943.6104928264517
153.0	33	2922.2989556003113
154.0	31	2901.8300376858815
155.0	36	2882.17811806551
156.0	49	2863.3181045011806
157.0	31	2845.22544118319
158.0	37	2827.876114455524
159.0	30	2811.246656783701
160.0	42	2795.314149119102
161.0	49	2780.056221803606
162.0	37	2765.4510541476834
163.0	39	2751.4773728062637
164.0	38	2738.1144490677525
165.0	30	2725.3420951629464
166.0	28	2713.1406596935003
167.0	39	2701.4910222718286
168.0	39	2690.3745874579176
169.0	25	2679.773278071913
170.0	35	2669.669527955598
171.0	31	2660.0462742504046
172.0	39	2650.886949254211
173.0	29	2642.175471914348
174.0	29	2633.896239010188
175.0	26	2626.0341160735056
176.0	36	2618.5744280921795
177.0	34	2611.502950037679
178.0	40	2604.8058972547606
179.0	43	2598.4699157473083
180.0	24	2592.4820723924267
181.0	37	2586.829845111275
182.0	34	2581.50111302297
183.0	31	2576.484146605364
184.0	32	2571.7675978845095
185.0	27	2567.3404906719916
186.0	36	2563.192210867942
187.0	37	2559.3124968458364
188.0	32	2555.69142993243
189.0	36	2552.3194249967055
190.0	29	2549.1872211576547
191.0	36	2546.285872622179
192.0	27	2543.6067396606295
193.0	36	2541.1414797284338
194.0	30	2538.8820387398578
195.0	32	2536.820642499635
196.0	25	2534.9497882972473
197.0	34	2533.26223666782
198.0	26	2531.7510033223816
199.0	34	2530.4093512506447
200.0	38	2529.2307829977394
201.0	33	2528.209033116087
202.0	33	2527.3380607937534
203.0	34	2526.6120426590205
204.0	36	2526.0253657614558
205.0	35	2525.57262072858
206.0	26	2525.248595097953
207.0	35	2525.048266822627
208.0	36	2524.9667979493406
209.0	35	2524.999528467077
210.0	41	2525.1419703246456
211.0	28	2525.3898016146013
212.0	39	2525.7388609216055
213.0	35	2526.185141832563
214.0	23	2526.7247876057804
215.0	29	2527.354085997003
216.0	28	2528.0694642385542
217.0	31	2528.867484169727
218.0	32	2529.744837514589
219.0	44	2530.69834130458
220.0	30	2531.7249334427834
221.0	23	2532.8216684066883
222.0	29	2533.985713086343
223.0	33	2535.2143427545902
224.0	34	2536.504937166471
225.0	30	2537.8549767845366
226.0	29	2539.2620391267646
227.0	36	2540.7237952341693
228.0	33	2542.2380062548755
229.0	33	2543.8025201416594
230.0	33	2545.4152684595406
231.0	34	2547.074263301076
232.0	38	2548.7775943056286
233.0	23	2550.523425780266
234.0	40	2552.3099939189296
235.0	26	2554.135604117439
236.0	46	2555.998628380981
237.0	30	2557.897502822127
238.0	21	2559.8307252456552
239.0	28	2561.796852818527
240.0	35	2563.7944998217995
241.0	39	2565.8223354820625
242.0	30	2567.879081880033
243.0	24	2569.9635119337786
244.0	34	2572.0744474542043
245.0	39	2574.210757270642
246.0	32	2576.3713554239616
247.0	34	2578.5551994252946
248.0	36	2580.761288578189
249.0	27	2582.9886623618963
250.0	31	2585.2363988740804
251.0	43	2587.5036133306116
252.0	32	2589.7894566207924
253.0	25	2592.093113916172
254.0	17	2594.4138033306854
255.0	37	2596.7507746310716
256.0	35	2599.1033079952413
257.0	37	2601.470712817103
258.0	29	2603.8523265563817
259.0	28	2606.2475136318985
260.0	25	2608.655664356275
261.0	26	2611.076193911342
262.0	43	2613.508541362307
263.0	37	2615.9521687093493
264.0	39	2618.406559975579
265.0	24	2620.871220329755
266.0	34	2623.3456752426855
267.0	27	2625.8294696760163
268.0	40	2628.322167302266
269.0	38	2630.8233497550514
270.0	33	2633.3326159080807
271.0	45	2635.84958118246
272.0	26	2638.373876880499
273.0	20	2640.905149545726
274.0	30	2643.4430603477963
275.0	39	2645.987284491421
276.0	42	2648.5375106483702
277.0	34	2651.0934404118943
278.0	28	2653.6547877723874
279.0	35	2656.221278613986
280.0	45	2658.792650230737
281.0	33	2661.368650861951
282.0	30	2663.9490392460584
283.0	30	2666.5335841920596
284.0	29	2669.1220641679497
285.0	41	2671.7142669056643
286.0	41	2674.3099890215203
287.0	43	2676.909035652097
288.0	20	2679.5112201043594
289.0	30	2682.1163635200023
290.0	35	2684.7242945531802
291.0	28	2687.3348490611343
292.0	30	2689.9478698073244
293.0	32	2692.5632061764
294.0	38	2695.180713900752
295.0	35	2697.8002547980905
296.0	42	2700.4216965196183
297.0	40	2703.044912308307
298.0	30	2705.6697807671476
299.0	34	2708.2961856366314
300.0	46	2710.924015581383
301.0	31	2713.5531639853157
302.0	30	2716.183528755411
303.0	21	2718.8150121332014
304.0	36	2721.447520514076
305.0	30	2724.080964274048
306.0	22	2726.715257603376
307.0	39	2729.350318347302
308.0	41	2731.9860678530717
309.0	38	2734.6224308233604
310.0	38	2737.259335175652
311.0	43	2739.8967119075314
312.0	33	2742.534494967292
313.0	27	2745.172621130133
314.0	26	2747.811029879282
315.0	40	2750.4496632921287
316.0	38	2753.088465931001
317.0	33	2755.7273847385077
318.0	26	2758.366368937151
319.0	43	2761.0053699332543
320.0	25	2763.6443412246995
321.0	41	2766.2832383125215
322.0	31	2768.922018616302
323.0	30	2771.560641393011
324.0	32	2774.1990676591813
325.0	40	2776.837260116404
326.0	36	2779.475183079792
327.0	31	2782.112802409802
328.0	25	2784.7500854463105
329.0	47	2787.3870009459692
330.0	30	2790.0235190220656
331.0	31	2792.659611086595
332.0	35	2795.295249795182
333.0	32	2797.9304089940856
334.0	40	2800.565063669438
335.0	49	2803.1991898986785
336.0	36	2805.8327648039503
337.0	40	2808.4657665076556
338.0	31	2811.098174089532
339.0	35	2813.7299675459026
340.0	45	2816.3611277504147
341.0	34	2818.9916364165524
342.0	44	2821.621476061653
343.0	50	2824.2506299724164
344.0	39	2826.8790821721786
345.0	32	2829.5068173889485
346.0	39	2832.133821025542
347.0	30	2834.7600791304058
348.0	35	2837.3855783699605
349.0	28	2840.0103060020415
350.0	36	2842.6342498504778
351.0	33	2845.2573982807066
352.0	38	2847.879740176572
353.0	36	2850.5012649178925
354.0	41	2853.1219623591173
355.0	27	2855.741822808977
356.0	43	2858.360837010728
357.0	35	2860.978996123543
358.0	30	2863.5962917045167
359.0	30	2866.2127156914357
360.0	26	2868.828260386403
361.0	25	2871.442918440068
362.0	31	2874.0566828365245
363.0	39	2876.6695468789867
364.0	37	2879.281504175765
365.0	33	2881.8925486273147
366.0	30	2884.5026744134166
367.0	28	2887.111875981096
368.0	22	2889.720148033093
369.0	37	2892.327485516674
370.0	39	2894.933883613107
371.0	37	2897.539337727493
372.0	40	2900.1438434789843
373.0	40	2902.74739669152
374.0	34	2905.349993384967
375.0	42	2907.9516297665095
376.0	29	2910.5523022225666
377.0	34	2913.1520073110046
378.0	36	2915.7507417535226
379.0	34	2918.3485024288107
380.0	29	2920.9452863653646
381.0	43	2923.541090735201
382.0	38	2926.135912847546
383.0	28	2928.729750142704
384.0	25	2931.322600186578
385.0	38	2933.9144606649556
386.0	29	2936.5053293784745
387.0	32	2939.095204237404
388.0	48	2941.684083257015
389.0	36	2944.2719645529132
390.0	42	2946.8588463366573
391.0	52	2949.444726911548
392.0	46	2952.029604668644
393.0	29	2954.6134780829207
394.0	31	2957.196345709488
395.0	32	2959.778206180262
396.0	29	2962.35905820048
397.0	37	2964.938900545425
398.0	29	2967.517732057509
399.0	34	2970.0955516431954
400.0	36	2972.6723582702652
401.0	34	2975.248150965098
402.0	32	2977.822928810032
403.0	27	2980.3966909410547
404.0	23	2982.9694365452615
405.0	27	2985.5411648587938
406.0	36	2988.111875164449
407.0	34	2990.681566789917
408.0	37	2993.250239105529
409.0	26	2995.817891522551
410.0	28	2998.38452349127
411.0	39	3000.950134499434
412.0	37	3003.514724070356
413.0	41	3006.078291761592
414.0	34	3008.6408371632306
415.0	38	3011.2023598966307
416.0	33	3013.7628596128884
417.0	33	3016.3223359915946
418.0	29	3018.880788739569
419.0	43	3021.4382175897154
420.0	33	3023.9946222996564
421.0	32	3026.5500026509553
422.0	30	3029.104358447784
423.0	34	3031.657689516064
424.0	28	3034.2099957024525
425.0	37	3036.7612768734143
426.0	34	3039.3115329144107
427.0	37	3041.8607637289547
428.0	33	3044.408969237935
429.0	41	3046.9561493786573
430.0	38	3049.502304104322
431.0	34	3052.047433383223
432.0	25	3054.591537198035
433.0	37	3057.1346155451997
434.0	39	3059.676668434394
435.0	33	3062.217695887852
436.0	37	3064.757697939794
437.0	37	3067.296674635952
438.0	24	3069.8346260330636
439.0	30	3072.371552198279
440.0	41	3074.9074532088157
441.0	33	3077.4423291514317
442.0	30	3079.9761801220293
443.0	42	3082.5090062252807
444.0	31	3085.0408075740984
445.0	37	3087.571584289487
446.0	31	3090.101336499935
447.0	37	3092.6300643412983
448.0	31	3095.1577679563293
449.0	30	3097.6844474944082
450.0	29	3100.210103111223
451.0	36	3102.734734968576
452.0	42	3105.258343233961
453.0	40	3107.7809280804845
454.0	41	3110.302489686417
455.0	32	3112.8230282351174
456.0	40	3115.3425439147413
457.0	28	3117.861036917947
458.0	33	3120.3785074419043
459.0	39	3122.8949556878897
460.0	29	3125.4103818611516
461.0	34	3127.924786170755
462.0	39	3130.438168829436
463.0	34	3132.9505300533583
464.0	36	3135.461870062006
465.0	33	3137.9721890780497
466.0	37	3140.4814873271353
467.0	27	3142.989765037806
468.0	26	3145.4970224413873
469.0	32	3148.0032597717536
470.0	38	3150.5084772653177
471.0	33	3153.0126751608937
472.0	36	3155.5158536995314
473.0	37	3158.018013124456
474.0	35	3160.5191536810225
475.0	36	3163.0192756165343
476.0	32	3165.5183791801073
477.0	34	3168.0164646227477
478.0	41	3170.513532197107
479.0	29	3173.0095821575314
480.0	31	3175.5046147598314
481.0	36	3177.998630261388
482.0	26	3180.4916289209614
483.0	32	3182.9836109986986
484.0	39	3185.474576755931
485.0	30	3187.9645264553005
486.0	31	3190.453460360631
487.0	32	3192.941378736729
488.0	35	3195.42828184958
489.0	30	3197.914169966155
490.0	34	3200.399043354362
491.0	29	3202.882902283002
492.0	32	3205.365747021768
493.0	49	3207.847577841173
494.0	32	3210.3283950125137
495.0	34	3212.808198807864
496.0	32	3215.2869894999444
497.0	35	3217.7647673621755
498.0	35	3220.2415326686746
499.0	34	3222.717285694073
500.0	34	3225.1920267136397
501.0	32	3227.665756003206
502.0	25	3230.1384738390734
503.0	36	3232.610180498057
504.0	44	3235.080876257491
505.0	42	3237.5505613950727
506.0	33	3240.019236188986
507.0	35	3242.48690091778
508.0	42	3244.9535558603693
509.0	30	3247.419201296076
510.0	31	3249.8838375045316
511.0	32	3252.3474647656844
512.0	47	3254.8100833597737
513.0	37	3257.2716935673575
514.0	40	3259.7322956692396
515.0	31	3262.1918899464977
516.0	37	3264.6504766804537
517.0	42	3267.108056152586
518.0	32	3269.5646286446745
519.0	30	3272.020194438655
520.0	33	3274.4747538166616
521.0	36	3276.928307060985
522.0	27	3279.380854454126
523.0	40	3281.8323962786535
524.0	48	3284.282932817392
525.0	26	3286.732464353188
526.0	34	3289.180991169099
527.0	34	3291.62851354831
528.0	37	3294.0750317739758
529.0	35	3296.5205461294977
530.0	33	3298.9650568983097
531.0	38	3301.408564363956
532.0	30	3303.851068809967
533.0	27	3306.2925705200887
534.0	39	3308.7330697780403
535.0	32	3311.1725668675595
536.0	34	3313.6110620725826
537.0	37	3316.048555676929
538.0	31	3318.485047964558
539.0	31	3320.9205392194317
540.0	31	3323.355029725559
541.0	36	3325.7885197669693
542.0	30	3328.2210096276667
543.0	27	3330.6524995917903
544.0	26	3333.082989943381
545.0	38	3335.512480966525
546.0	34	3337.940972945328
547.0	30	3340.3684661638863
548.0	30	3342.794960906311
549.0	39	3345.220457456675
550.0	39	3347.644956099082
551.0	42	3350.068457117624
552.0	32	3352.4909607963386
553.0	38	3354.912467419295
554.0	30	3357.3329772705215
555.0	45	3359.7524906340636
556.0	26	3362.17100779385
557.0	37	3364.5885290338906
558.0	42	3367.005054638105
559.0	30	3369.4205848904476
560.0	41	3371.835120074741
561.0	30	3374.248660474856
562.0	36	3376.661206374623
563.0	36	3379.0727580578123
564.0	38	3381.4833158081256
565.0	26	3383.8928799093574
566.0	33	3386.301450645063
567.0	38	3388.7090282989093
568.0	39	3391.115613154489
569.0	38	3393.5212054953104
570.0	29	3395.9258056048666
571.0	28	3398.329413766597
572.0	31	3400.732030263883
573.0	33	3403.1336553800943
574.0	37	3405.5342893984985
575.0	29	3407.933932602338
576.0	38	3410.3325852748103
577.0	29	3412.7302476990453
578.0	35	3415.1269201581417
579.0	38	3417.5226029351147
580.0	36	3419.9172963129217
581.0	37	3422.311000574554
582.0	37	3424.7037160028085
583.0	46	3427.095442880504
584.0	51	3429.486181490384
585.0	22	3431.875932115154
586.0	28	3434.264695037399
587.0	28	3436.652470539786
588.0	44	3439.039258904756
589.0	29	3441.4250604147564
590.0	31	3443.809875352176
591.0	28	3446.1937039993795
592.0	33	3448.5765466386265
593.0	36	3450.958403552077
594.0	39	3453.3392750219687
595.0	33	3455.7191613302707
596.0	46	3458.09806275905
597.0	32	3460.4759795902823
598.0	32	3462.852912105828
599.0	38	3465.228860587507
600.0	39	3467.603825317111
601.0	38	3469.977806576315
602.0	41	3472.3508046467373
603.0	32	3474.722819809956
604.0	40	3477.093852347475
605.0	29	3479.463902540743
606.0	35	3481.832970671108
607.0	27	3484.201057019873
608.0	39	3486.5681618682734
609.0	33	3488.9342854975143
610.0	36	3491.299428188625
611.0	39	3493.6635902227295
612.0	32	3496.026771880715
613.0	34	3498.3889734435597
614.0	31	3500.750195192038
615.0	39	3503.1104374069396
616.0	37	3505.4697003689844
617.0	33	3507.827984358776
618.0	29	3510.1852896569353
619.0	39	3512.541616543833
620.0	27	3514.8969653000345
621.0	32	3517.251336205827
622.0	43	3519.6047295415447
623.0	31	3521.9571455873765
624.0	25	3524.308584623497
625.0	45	3526.659046929982
626.0	41	3529.0085327868483
627.0	36	3531.357042474057
628.0	42	3533.704576271528
629.0	33	3536.0511344589736
630.0	40	3538.3967173162455
631.0	30	3540.7413251229723
632.0	34	3543.084958158742
633.0	38	3545.427616703131
634.0	38	3547.7693010356
635.0	33	3550.110011435521
636.0	34	3552.449748182269
637.0	32	3554.78851155506
638.0	38	3557.1263018331415
639.0	29	3559.463119295554
640.0	30	3561.7989642214498
641.0	45	3564.13383688974
642.0	38	3566.4677375793567
643.0	35	3568.800666569204
644.0	46	3571.132624137997
645.0	24	3573.4636105644813
646.0	32	3575.7936261272566
647.0	34	3578.1226711048967
648.0	30	3580.4507457759632
649.0	22	3582.7778504188122
650.0	37	3585.1039853118473
651.0	43	3587.42915073334
652.0	31	3589.7533469615378
653.0	28	3592.0765742745666
654.0	23	3594.398832950545
655.0	37	3596.720123267461
656.0	38	3599.0404455032867
657.0	24	3601.359799935849
658.0	34	3603.6781868429816
659.0	36	3605.9956065024426
660.0	27	3608.3120591918755
661.0	34	3610.6275451888814
662.0	29	3612.942064770991
663.0	35	3615.2556182156763
664.0	25	3617.5682058003117
665.0	35	3619.87982780221
666.0	41	3622.190484498676
667.0	29	3624.5001761668077
668.0	40	3626.80890308378
669.0	32	3629.116665526608
670.0	37	3631.4234637722934
671.0	25	3633.7292980976786
672.0	42	3636.0341687796677
673.0	27	3638.3380760950035
674.0	34	3640.641020320358
675.0	31	3642.943001732422
676.0	35	3645.2440206076794
677.0	31	3647.544077222616
678.0	29	3649.8431718537245
679.0	31	3652.1413047773035
680.0	31	3654.4384762696095
681.0	30	3656.7346866069047
682.0	23	3659.029936065335
683.0	38	3661.3242249208974
684.0	56	3663.6175534496692
685.0	40	3665.909921927536
686.0	24	3668.201330630402
687.0	34	3670.4917798340393
688.0	37	3672.7812698141947
689.0	29	3675.069800846468
690.0	35	3677.3573732065206
691.0	30	3679.6439871698103
692.0	36	3681.9296430118284
693.0	38	3684.214341007933
694.0	36	3686.4980814334417
695.0	40	3688.780864563569
696.0	37	3691.062690673507
697.0	34	3693.3435600383877
698.0	38	3695.623472933213
699.0	36	3697.902429632944
700.0	25	3700.180430412484
701.0	25	3702.4574755466647
702.0	34	3704.733565310218
703.0	21	3707.008699977865
704.0	28	3709.282879824222
705.0	38	3711.5561051238074
706.0	36	3713.8283761511107
707.0	35	3716.099693180596
708.0	42	3718.370056486568
709.0	38	3720.639466343257
710.0	32	3722.907923024927
711.0	26	3725.1754268056984
712.0	29	3727.4419779596483
713.0	35	3729.707576760766
714.0	44	3731.9722234829737
715.0	33	3734.235918400119
716.0	36	3736.498661786052
717.0	34	3738.7604539144195
718.0	46	3741.021295058931
719.0	30	3743.281185493149
720.0	33	3745.540125490596
721.0	43	3747.7981153247206
722.0	27	3750.0551552688576
723.0	40	3752.3112455963746
724.0	28	3754.566386580508
725.0	35	3756.8205784944225
726.0	29	3759.0738216111968
727.0	24	3761.3261162038975
728.0	34	3763.5774625454615
729.0	39	3765.8278609088284
730.0	35	3768.077311566791
731.0	33	3770.3258147920883
732.0	38	3772.573370857488
733.0	41	3774.819980035556
734.0	28	3777.065642598861
735.0	35	3779.3103588198696
736.0	52	3781.554128971038
737.0	37	3783.796953324705
738.0	32	3786.038832153108
739.0	31	3788.2797657285046
740.0	35	3790.5197543230365
741.0	44	3792.758798208756
742.0	37	3794.996897657662
743.0	37	3797.234052941726
744.0	27	3799.470264332789
745.0	34	3801.705532102681
746.0	40	3803.939856523114
747.0	36	3806.1732378657593
748.0	23	3808.4056764021893
749.0	27	3810.637172403946
750.0	33	3812.8677261425187
751.0	36	3815.0973378892654
752.0	36	3817.3260079155007
753.0	36	3819.553736492497
754.0	26	3821.7805238914307
755.0	37	3824.0063703834326
756.0	41	3826.231276239564
757.0	35	3828.4552417307686
758.0	41	3830.6782671279657
759.0	36	3832.900352702016
760.0	37	3835.1214987237113
761.0	27	3837.3417054636966
762.0	38	3839.5609731926816
763.0	33	3841.779302181197
764.0	35	3843.9966926997945
765.0	36	3846.2131450188344
766.0	33	3848.42865940874
767.0	31	3850.6432361397906
768.0	25	3852.856875482221
769.0	35	3855.069577706213
770.0	32	3857.2813430818287
771.0	36	3859.4921718791375
772.0	38	3861.7020643680476
773.0	34	3863.911020818468
774.0	37	3866.1190415002393
775.0	33	3868.3261266831296
776.0	36	3870.5322766367613
777.0	34	3872.73749163082
778.0	39	3874.9417719348467
779.0	32	3877.1451178183097
780.0	27	3879.3475295506078
781.0	37	3881.549007401126
782.0	42	3883.7495516391205
783.0	41	3885.9491625338073
784.0	36	3888.1478403543433
785.0	34	3890.3455853697856
786.0	30	3892.5423978491804
787.0	31	3894.738278061399
788.0	33	3896.9332262753737
789.0	35	3899.1272427599242
790.0	38	3901.3203277837056
791.0	38	3903.5124816154844
792.0	39	3905.703704523804
793.0	35	3907.8939967772144
794.0	37	3910.0833586442072
795.0	32	3912.2717903931293
796.0	35	3914.45929229236
797.0	33	3916.645864610135
798.0	33	3918.8315076146614
799.0	29	3921.0162215740925
800.0	34	3923.200006756448
801.0	24	3925.3828634297383
802.0	40	3927.564791861901
803.0	35	3929.7457923207926
804.0	40	3931.9258650741767
805.0	46	3934.105010389825
806.0	40	3936.2832285353634
807.0	34	3938.460519778404
808.0	28	3940.6368843864307
809.0	30	3942.812322626899
810.0	41	3944.986834767241
811.0	49	3947.1604210747705
812.0	27	3949.333081816716
813.0	40	3951.504817260235
814.0	33	3953.675627672491
815.0	34	3955.8455133205434
816.0	29	3958.0144744713502
817.0	33	3960.1825113918176
818.0	31	3962.3496243488066
819.0	25	3964.515813609094
820.0	22	3966.6810794394173
821.0	39	3968.845422106378
822.0	36	3971.008841876589
823.0	34	3973.1713390165837
824.0	32	3975.3329137927562
825.0	28	3977.4935664715017
826.0	41	3979.653297319145
827.0	38	3981.8121066019253
828.0	33	3983.969994586011
829.0	33	3986.126961537542
830.0	38	3988.2830077225162
831.0	32	3990.4381334069185
832.0	32	3992.592338856662
833.0	35	3994.7456243376205
834.0	32	3996.8979901155217
835.0	26	3999.049436456095
836.0	28	4001.1999636249884
837.0	32	4003.3495718877593
838.0	27	4005.4982615099284
839.0	43	4007.646032756925
840.0	41	4009.792885894112
841.0	31	4011.9388211868127
842.0	42	4014.0838389002593
843.0	36	4016.2279392996297
844.0	40	4018.371122650021
845.0	27	4020.5133892164813
846.0	34	4022.6547392639636
847.0	38	4024.7951730573786
848.0	45	4026.934690861581
849.0	38	4029.0732929413375
850.0	31	4031.210979561332
851.0	32	4033.347750986206
852.0	38	4035.4836074805457
853.0	34	4037.6185493088515
854.0	36	4039.7525767355673
855.0	42	4041.885690025035
856.0	28	4044.0178894415885
857.0	37	4046.1491752494594
858.0	30	4048.279547712794
859.0	33	4050.409007095741
860.0	29	4052.5375536623037
861.0	41	4054.665187676462
862.0	31	4056.791909402108
863.0	28	4058.917719103109
864.0	35	4061.0426170432283
865.0	31	4063.1666034861323
866.0	29	4065.2896786955184
867.0	34	4067.411842934898
868.0	28	4069.5330964678406
869.0	42	4071.6534395577287
870.0	37	4073.772872467948
871.0	32	4075.891395461829
872.0	43	4078.009008802585
873.0	33	4080.1257127534045
874.0	23	4082.2415075774047
875.0	29	4084.3563935375882
876.0	25	4086.4703708969605
877.0	35	4088.5834399184264
878.0	36	4090.6956008647903
879.0	34	4092.8068539988767
880.0	50	4094.9171995833763
881.0	30	4097.026637880929
882.0	43	4099.135169154113
883.0	30	4101.242793665426
884.0	20	4103.349511677321
885.0	38	4105.455323452199
886.0	37	4107.560229252343
887.0	42	4109.664229339991
888.0	37	4111.767323977336
889.0	28	4113.869513426489
890.0	37	4115.970797949513
891.0	43	4118.071177808351
892.0	35	4120.170653264952
893.0	38	4122.269224581165
894.0	43	4124.3668920187365
895.0	40	4126.463655839417
896.0	42	4128.559516304844
897.0	29	4130.65447367658
898.0	40	4132.748528216197
899.0	28	4134.841680185085
900.0	37	4136.933929844677
901.0	42	4139.025277456281
902.0	39	4141.115723281127
903.0	31	4143.2052675804425
904.0	32	4145.293910615327
905.0	30	4147.381652646814
906.0	29	4149.468493935933
907.0	32	4151.554434743604
908.0	34	4153.639475330676
909.0	40	4155.723615957936
910.0	37	4157.8068568861245
911.0	30	4159.889198375889
912.0	37	4161.970640687839
913.0	42	4164.051184082501
914.0	35	4166.1308288203245
915.0	44	4168.20957516171
916.0	31	4170.2874233670145
917.0	31	4172.364373696477
918.0	38	4174.44042641033
919.0	46	4176.515581768688
920.0	36	4178.589840031609
921.0	38	4180.663201459115
922.0	42	4182.735666311137
923.0	37	4184.807234847535
924.0	41	4186.877907328135
925.0	40	4188.9476840127
926.0	50	4191.016565160867
927.0	37	4193.084551032262
928.0	38	4195.151641886422
929.0	31	4197.217837982846
930.0	36	4199.283139580918
931.0	32	4201.347546940011
932.0	31	4203.411060319395
933.0	25	4205.473679978303
934.0	30	4207.5354061758635
935.0	27	4209.596239171185
936.0	41	4211.656179223253
937.0	38	4213.715226591079
938.0	32	4215.7733815335105
939.0	46	4217.830644309385
940.0	28	4219.887015177469
941.0	43	4221.942494396446
942.0	38	4223.997082224955
943.0	37	4226.050778921537
944.0	33	4228.103584744723
945.0	38	4230.15549995291
946.0	33	4232.206524804487
947.0	37	4234.256659557776
948.0	30	4236.305904470975
949.0	34	4238.35425980228
950.0	44	4240.401725809793
951.0	26	4242.448302751538
952.0	40	4244.493990885524
953.0	36	4246.538790469647
954.0	34	4248.582701761732
955.0	28	4250.625725019606
956.0	33	4252.667860500937
957.0	43	4254.709108463416
958.0	36	4256.749469164598
959.0	32	4258.788942862014
960.0	28	4260.827529813127
961.0	30	4262.865230275311
962.0	35	4264.902044505903
963.0	35	4266.937972762166
964.0	30	4268.973015301296
965.0	35	4271.007172380416
966.0	31	4273.040444256594
967.0	45	4275.072831186827
968.0	31	4277.104333428059
969.0	16	4279.134951237145
970.0	33	4281.164684870919
971.0	30	4283.193534586078
972.0	33	4285.22150063936
973.0	33	4287.248583287324
974.0	38	4289.274782786536
975.0	29	4291.3000993934875
976.0	44	4293.324533364559
977.0	45	4295.348084956133
978.0	20	4297.37075442449
979.0	41	4299.39254202586
980.0	36	4301.413448016385
981.0	35	4303.433472652178
982.0	36	4305.452616189258
983.0	25	4307.470878883584
984.0	35	4309.488260991031
985.0	32	4311.5047627674785
986.0	29	4313.52038446866
987.0	38	4315.535126350317
988.0	25	4317.548988668054
989.0	42	4319.561971677471
990.0	24	4321.574075634065
991.0	31	4323.585300793293
992.0	37	4325.595647410511
993.0	44	4327.605115741081
994.0	34	4329.613706040219
995.0	34	4331.621418563129
996.0	27	4333.6282535649325
997.0	36	4335.634211300679
998.0	37	4337.639292025363
999.0	36	4339.643495993937
1000.0	29	4341.646823461269
1001.0	31	4343.64927468213
1002.0	41	4345.650849911261
1003.0	28	4347.651549403349
1004.0	42	4349.65137341301
1005.0	36	4351.650322194764
1006.0	48	4353.6483960031
1007.0	29	4355.645595092439
1008.0	36	4357.641919717132
1009.0	31	4359.637370131458
1010.0	27	4361.631946589659
1011.0	41	4363.625649345873
1012.0	36	4365.618478654184
1013.0	36	4367.610434768667
1014.0	35	4369.601517943235
1015.0	22	4371.591728431807
1016.0	27	4373.581066488212
1017.0	36	4375.569532366248
1018.0	39	4377.557126319603
1019.0	36	4379.543848601933
1020.0	33	4381.52969946683
1021.0	33	4383.514679167763
1022.0	33	4385.498787958232
1023.0	32	4387.482026091594
1024.0	30	4389.464393821192
1025.0	21	4391.445891400289
1026.0	36	4393.426519082056
1027.0	54	4395.406277119646
1028.0	49	4397.385165766122
1029.0	39	4399.3631852744775
1030.0	35	4401.340335897667
1031.0	36	4403.316617888571
1032.0	29	4405.29203149996
1033.0	42	4407.266576984623
1034.0	36	4409.2402545952455
1035.0	39	4411.213064584429
1036.0	35	4413.185007204723
1037.0	31	4415.156082708632
1038.0	37	4417.12629134861
1039.0	42	4419.0956333769755
1040.0	34	4421.064109046056
1041.0	23	4423.0317186080465
1042.0	40	4424.998462315178
1043.0	39	4426.964340419549
1044.0	42	4428.929353173193
1045.0	38	4430.893500828068
1046.0	48	4432.856783636122
1047.0	33	4434.819201849206
1048.0	34	4436.780755719099
1049.0	34	4438.741445497555
1050.0	32	4440.701271436183
1051.0	40	4442.660233786639
1052.0	42	4444.618332800424
1053.0	36	4446.575568729039
1054.0	39	4448.531941823843
1055.0	42	4450.487452336246
1056.0	40	4452.442100517475
1057.0	29	4454.395886618772
1058.0	38	4456.348810891302
1059.0	34	4458.30087358613
1060.0	33	4460.252074954301
1061.0	39	4462.202415246757
1062.0	36	4464.151894714424
1063.0	43	4466.1005136081085
1064.0	44	4468.048272178614
1065.0	41	4469.995170676632
1066.0	40	4471.941209352829
1067.0	35	4473.886388457768
1068.0	36	4475.830708241977
1069.0	31	4477.77416895588
1070.0	37	4479.716770849921
1071.0	33	4481.658514174401
1072.0	33	4483.5993991796095
1073.0	27	4485.539426115706
1074.0	31	4487.478595232841
1075.0	40	4489.416906781121
1076.0	41	4491.3543610105435
1077.0	38	4493.2909581710455
1078.0	40	4495.226698512511
1079.0	28	4497.161582284783
1080.0	38	4499.095609737623
1081.0	25	4501.028781120703
1082.0	35	4502.96109668367
1083.0	25	4504.892556676074
1084.0	39	4506.823161347467
1085.0	19	4508.752910947244
1086.0	33	4510.681805724803
1087.0	40	4512.609845929484
1088.0	39	4514.537031810502
1089.0	31	4516.463363617074
1090.0	30	4518.388841598318
1091.0	40	4520.313466003297
1092.0	34	4522.2372370810335
1093.0	34	4524.1601550804335
1094.0	38	4526.082220250394
1095.0	33	4528.003432839716
1096.0	31	4529.923793097167
1097.0	28	4531.843301271408
1098.0	47	4533.761957611097
1099.0	24	4535.67976236474
1100.0	32	4537.596715780901
1101.0	33	4539.512818107959
1102.0	38	4541.4280695943235
1103.0	40	4543.342470488294
1104.0	50	4545.256021038082
1105.0	26	4547.16872149193
1106.0	42	4549.080572097929
1107.0	34	4550.991573104125
1108.0	36	4552.9017247585225
1109.0	25	4554.8110273090615
1110.0	27	4556.719481003604
1111.0	32	4558.627086089951
1112.0	28	4560.533842815887
1113.0	24	4562.4397514290085
1114.0	30	4564.344812177006
1115.0	40	4566.249025307413
1116.0	44	4568.15239106772
1117.0	36	4570.054909705348
1118.0	27	4571.9565814676935
1119.0	35	4573.85740660204
1120.0	35	4575.7573853556405
1121.0	28	4577.656517975639
1122.0	31	4579.554804709182
1123.0	30	4581.452245803345
1124.0	39	4583.348841505074
1125.0	28	4585.244592061338
1126.0	31	4587.139497718957
1127.0	45	4589.033558724801
1128.0	35	4590.926775325554
1129.0	34	4592.8191477679175
1130.0	33	4594.710676298493
1131.0	39	4596.601361163858
1132.0	35	4598.491202610487
1133.0	51	4600.380200884817
1134.0	27	4602.268356233217
1135.0	29	4604.15566890197
1136.0	41	4606.04213913736
1137.0	40	4607.927767185513
1138.0	30	4609.812553292596
1139.0	39	4611.696497704654
1140.0	45	4613.579600667633
1141.0	37	4615.461862427501
1142.0	28	4617.343283230111
1143.0	36	4619.2238633213055
1144.0	36	4621.1036029468105
1145.0	29	4622.982502352271
1146.0	30	4624.860561783319
1147.0	38	4626.737781485534
1148.0	47	4628.614161704419
1149.0	31	4630.489702685372
1150.0	40	4632.364404673774
1151.0	40	4634.238267914925
1152.0	44	4636.111292654095
1153.0	42	4637.983479136461
1154.0	47	4639.854827607125
1155.0	34	4641.725338311151
1156.0	33	4643.595011493549
1157.0	47	4645.463847399211
1158.0	33	4647.331846273082
1159.0	27	4649.199008359916
1160.0	32	4651.0653339044875
1161.0	40	4652.9308231514715
1162.0	38	4654.795476345503
1163.0	32	4656.65929373113
1164.0	35	4658.522275552863
1165.0	37	4660.384422055127
1166.0	31	4662.24573348231
1167.0	38	4664.106210078755
1168.0	35	4665.965852088647
1169.0	36	4667.824659756223
1170.0	42	4669.682633325619
1171.0	37	4671.5397730408695
1172.0	31	4673.396079146001
1173.0	38	4675.251551884958
1174.0	38	4677.106191501609
1175.0	26	4678.959998239755
1176.0	44	4680.81297234322
1177.0	33	4682.665114055621
1178.0	35	4684.51642362064
1179.0	42	4686.36690128186
1180.0	37	4688.216547282746
1181.0	41	4690.065361866775
1182.0	27	4691.913345277317
1183.0	36	4693.760497757723
1184.0	36	4695.6068195512535
1185.0	41	4697.452310901075
1186.0	39	4699.29697205034
1187.0	39	4701.140803242175
1188.0	33	4702.983804719542
1189.0	34	4704.825976725408
1190.0	34	4706.667319502681
1191.0	24	4708.507833294181
1192.0	27	4710.347518342703
1193.0	32	4712.186374890912
1194.0	33	4714.024403181481
1195.0	31	4715.861603456994
1196.0	35	4717.6979759599835
1197.0	32	4719.533520932894
1198.0	26	4721.36823861815
1199.0	30	4723.202129258056
1200.0	38	4725.035193094942
1201.0	44	4726.867430370972
1202.0	39	4728.698841328308
1203.0	26	4730.529426209094
1204.0	25	4732.359185255291
1205.0	32	4734.188118708922
1206.0	37	4736.016226811897
1207.0	38	4737.843509806036
1208.0	48	4739.669967933145
1209.0	32	4741.495601434918
1210.0	44	4743.320410553094
1211.0	33	4745.144395529186
1212.0	39	4746.96755660479
1213.0	30	4748.789894021358
1214.0	39	4750.611408020345
1215.0	47	4752.432098843078
1216.0	35	4754.251966730874
1217.0	37	4756.071011924951
1218.0	33	4757.889234666485
1219.0	34	4759.7066351966
1220.0	43	4761.523213756347
1221.0	27	4763.338970586698
1222.0	30	4765.153905928608
1223.0	33	4766.968020022939
1224.0	26	4768.781313110479
1225.0	36	4770.593785431994
1226.0	39	4772.405437228163
1227.0	33	4774.216268739625
1228.0	36	4776.026280206924
1229.0	33	4777.835471870559
1230.0	43	4779.643843970962
1231.0	33	4781.451396748541
1232.0	30	4783.258130443616
1233.0	41	4785.06404529641
1234.0	34	4786.8691415471685
1235.0	34	4788.673419435972
1236.0	38	4790.476879202941
1237.0	36	4792.279521088078
1238.0	22	4794.081345331304
1239.0	41	4795.882352172555
1240.0	29	4797.682541851662
1241.0	34	4799.481914608363
1242.0	21	4801.280470682373
1243.0	30	4803.078210313368
1244.0	42	4804.875133740897
1245.0	36	4806.671241204524
1246.0	46	4808.46653294369
1247.0	31	4810.261009197837
1248.0	48	4812.054670206247
1249.0	37	4813.847516208269
1250.0	29	4815.6395474430765
1251.0	41	4817.430764149868
1252.0	40	4819.22116656772
1253.0	34	4821.010754935687
1254.0	38	4822.799529492728
1255.0	34	4824.587490477802
1256.0	33	4826.374638129742
1257.0	36	4828.160972687355
1258.0	30	4829.946494389378
1259.0	37	4831.731203474465
1260.0	27	4833.515100181257
1261.0	30	4835.298184748316
1262.0	36	4837.080457414128
1263.0	41	4838.861918417102
1264.0	38	4840.642567995663
1265.0	31	4842.422406388071
1266.0	29	4844.201433832618
1267.0	34	4845.979650567503
1268.0	29	4847.757056830815
1269.0	35	4849.5336528606595
1270.0	45	4851.309438895029
1271.0	36	4853.084415171897
1272.0	44	4854.858581929142
1273.0	34	4856.631939404566
1274.0	40	4858.40448783599
1275.0	37	4860.176227461101
1276.0	39	4861.947158517523
1277.0	36	4863.717281242895
1278.0	34	4865.486595874688
1279.0	23	4867.255102650432
1280.0	34	4869.022801807468
1281.0	36	4870.789693583192
1282.0	33	4872.555778214867
1283.0	36	4874.321055939704
1284.0	30	4876.085526994932
1285.0	32	4877.849191617605
1286.0	34	4879.612050044787
1287.0	39	4881.374102513439
1288.0	39	4883.13534926051
1289.0	28	4884.895790522872
1290.0	32	4886.655426537305
1291.0	40	4888.414257540569
1292.0	48	4890.172283769339
1293.0	28	4891.929505460262
1294.0	43	4893.685922849876
1295.0	42	4895.441536174708
1296.0	41	4897.196345671211
1297.0	35	4898.950351575699
1298.0	36	4900.703554124592
1299.0	38	4902.455953554069
1300.0	40	4904.207550100394
1301.0	40	4905.958343999706
1302.0	34	4907.708335488047
1303.0	33	4909.457524801477
1304.0	40	4911.20591217594
1305.0	36	4912.953497847376
1306.0	45	4914.700282051589
1307.0	32	4916.446265024378
1308.0	38	4918.191447001472
1309.0	43	4919.935828218513
1310.0	32	4921.679408911123
1311.0	38	4923.422189314866
1312.0	34	4925.1641696651905
1313.0	50	4926.905350197558
1314.0	40	4928.645731147305
1315.0	29	4930.385312749736
1316.0	38	4932.124095240101
1317.0	41	4933.862078853605
1318.0	39	4935.599263825347
1319.0	24	4937.335650390423
1320.0	37	4939.071238783806
1321.0	33	4940.806029240485
1322.0	34	4942.540021995281
1323.0	42	4944.273217283087
1324.0	28	4946.005615338643
1325.0	29	4947.737216396633
1326.0	24	4949.4680206917465
1327.0	43	4951.198028458559
1328.0	36	4952.927239931604
1329.0	39	4954.655655345319
1330.0	34	4956.383274934134
1331.0	24	4958.110098932418
1332.0	34	4959.836127574429
1333.0	31	4961.561361094449
1334.0	31	4963.28579972658
1335.0	39	4965.009443704979
1336.0	43	4966.732293263686
1337.0	35	4968.454348636705
1338.0	30	4970.1756100579505
1339.0	45	4971.896077761287
1340.0	34	4973.615751980583
1341.0	38	4975.334632949532
1342.0	31	4977.0527209018655
1343.0	33	4978.770016071199
1344.0	39	4980.486518691125
1345.0	33	4982.202228995147
1346.0	35	4983.917147216753
1347.0	41	4985.631273589277
1348.0	41	4987.344608346142
1349.0	33	4989.057151720575
1350.0	33	4990.768903945785
1351.0	34	4992.479865254965
1352.0	36	4994.190035881215
1353.0	33	4995.899416057562
1354.0	45	4997.608006017009
1355.0	20	4999.315805992431
1356.0	38	5001.022816216751
1357.0	29	5002.729036922769
1358.0	40	5004.434468343195
1359.0	36	5006.139110710729
1360.0	38	5007.842964258037
1361.0	44	5009.546029217635
1362.0	44	5011.24830582205
1363.0	32	5012.949794303737
1364.0	37	5014.650494895095
1365.0	35	5016.350407828444
1366.0	31	5018.049533336059
1367.0	40	5019.747871650148
1368.0	34	5021.445423002883
1369.0	33	5023.1421876263485
1370.0	34	5024.838165752587
1371.0	33	5026.533357613547
1372.0	33	5028.227763441196
1373.0	29	5029.921383467373
1374.0	36	5031.6142179238595
1375.0	36	5033.306267042431
1376.0	41	5034.997531054747
1377.0	36	5036.68801019243
1378.0	30	5038.377704687061
1379.0	42	5040.066614770125
1380.0	35	5041.754740673092
1381.0	34	5043.442082627339
1382.0	31	5045.128640864201
1383.0	32	5046.814415614927
1384.0	36	5048.499407110763
1385.0	35	5050.183615582831
1386.0	31	5051.867041262253
1387.0	34	5053.549684380033
1388.0	28	5055.23154516715
1389.0	37	5056.912623854561
1390.0	37	5058.592920673078
1391.0	25	5060.272435853532
1392.0	41	5061.9511696266445
1393.0	39	5063.62912222312
1394.0	38	5065.306293873572
1395.0	46	5066.982684808542
1396.0	27	5068.658295258574
1397.0	46	5070.3331254541035
1398.0	32	5072.0071756255065
1399.0	36	5073.680446003109
1400.0	35	5075.352936817211
1401.0	36	5077.024648298014
1402.0	39	5078.69558067568
1403.0	36	5080.365734180271
1404.0	31	5082.03510904184
1405.0	23	5083.703705490404
1406.0	33	5085.371523755846
1407.0	36	5087.038564068015
1408.0	35	5088.704826656747
1409.0	45	5090.370311751778
1410.0	39	5092.035019582795
1411.0	39	5093.698950379412
1412.0	41	5095.362104371205
1413.0	33	5097.024481787694
1414.0	34	5098.686082858319
1415.0	31	5100.346907812494
1416.0	41	5102.006956879531
1417.0	38	5103.666230288721
1418.0	37	5105.324728269271
1419.0	38	5106.982451050363
1420.0	31	5108.639398861049
1421.0	43	5110.295571930449
1422.0	45	5111.9509704874945
1423.0	46	5113.605594761134
1424.0	32	5115.2594449802355
1425.0	31	5116.912521373581
1426.0	40	5118.564824169974
1427.0	40	5120.216353598061
1428.0	34	5121.867109886504
1429.0	40	5123.517093263874
1430.0	36	5125.16630395868
1431.0	31	5126.814742199397
1432.0	29	5128.46240821443
1433.0	35	5130.109302232113
1434.0	39	5131.755424480758
1435.0	33	5133.4007751885465
1436.0	36	5135.045354583697
1437.0	24	5136.6891628942985
1438.0	35	5138.332200348387
1439.0	36	5139.974467174004
1440.0	40	5141.615963599059
1441.0	32	5143.256689851399
1442.0	32	5144.896646158929
1443.0	50	5146.535832749342
1444.0	39	5148.174249850379
1445.0	36	5149.81189768968
1446.0	43	5151.448776494806
1447.0	34	5153.084886493334
1448.0	37	5154.720227912729
1449.0	33	5156.354800980386
1450.0	42	5157.988605923681
1451.0	48	5159.621642969897
1452.0	32	5161.253912346303
1453.0	34	5162.885414280045
1454.0	32	5164.516148998267
1455.0	31	5166.146116728056
1456.0	29	5167.775317696412
1457.0	28	5169.4037521302735
1458.0	41	5171.031420256548
1459.0	44	5172.658322302077
1460.0	45	5174.284458493634
1461.0	35	5175.909829057937
1462.0	35	5177.534434221649
1463.0	37	5179.1582742113815
1464.0	43	5180.781349253675
1465.0	45	5182.403659575035
1466.0	41	5184.025205401877
1467.0	41	5185.645986960597
1468.0	30	5187.266004477491
1469.0	47	5188.885258178829
1470.0	33	5190.503748290816
1471.0	42	5192.1214750396
1472.0	40	5193.7384386512595
1473.0	38	5195.354639351807
1474.0	46	5196.970077367245
1475.0	30	5198.584752923476
1476.0	45	5200.198666246364
1477.0	34	5201.811817561676
1478.0	50	5203.424207095182
1479.0	34	5205.03583507257
1480.0	39	5206.646701719458
1481.0	41	5208.256807261396
1482.0	39	5209.8661519239395
1483.0	40	5211.474735932472
1484.0	27	5213.08255951247
1485.0	32	5214.689622889223
1486.0	36	5216.295926288027
1487.0	37	5217.901469934108
1488.0	32	5219.506254052607
1489.0	34	5221.110278868674
1490.0	38	5222.713544607314
1491.0	29	5224.316051493583
1492.0	38	5225.917799752362
1493.0	46	5227.518789608569
1494.0	38	5229.119021286981
1495.0	35	5230.718495012403
1496.0	38	5232.317211009521
1497.0	40	5233.915169503022
1498.0	38	5235.512370717449
1499.0	35	5237.108814877368
1500.0	26	5238.704502207256
1501.0	37	5240.299432931502
1502.0	40	5241.89360727452
1503.0	43	5243.487025460585
1504.0	43	5245.079687713949
1505.0	35	5246.671594258822
1506.0	40	5248.26274531932
1507.0	39	5249.85314111953
1508.0	31	5251.442781883472
1509.0	41	5253.031667835115
1510.0	42	5254.619799198353
1511.0	35	5256.207176197048
1512.0	46	5257.793799054975
1513.0	38	5259.379667995886
1514.0	39	5260.9647832434475
1515.0	36	5262.549145021316
1516.0	44	5264.132753553008
1517.0	28	5265.7156090620465
1518.0	42	5267.297711771897
1519.0	28	5268.879061905944
1520.0	23	5270.459659687515
1521.0	40	5272.039505339875
1522.0	53	5273.618599086301
1523.0	21	5275.196941149907
1524.0	50	5276.7745317538165
1525.0	32	5278.351371121083
1526.0	45	5279.927459474735
1527.0	34	5281.502797037625
1528.0	33	5283.077384032714
1529.0	32	5284.651220682785
1530.0	29	5286.224307210646
1531.0	31	5287.796643838959
1532.0	47	5289.368230790382
1533.0	40	5290.939068287526
1534.0	38	5292.509156552957
1535.0	43	5294.078495809122
1536.0	30	5295.647086278473
1537.0	30	5297.214928183352
1538.0	41	5298.7820217460785
1539.0	38	5300.3483671889135
1540.0	41	5301.91396473408
1541.0	44	5303.478814603663
1542.0	34	5305.0429170197895
1543.0	35	5306.606272204496
1544.0	39	5308.168880379761
1545.0	34	5309.730741767467
1546.0	43	5311.29185658947
1547.0	42	5312.852225067616
1548.0	37	5314.411847423613
1549.0	35	5315.970723879171
1550.0	24	5317.528854655901
1551.0	32	5319.08623997541
1552.0	32	5320.642880059185
1553.0	33	5322.198775128706
1554.0	45	5323.753925405387
1555.0	35	5325.308331110574
1556.0	37	5326.861992465555
1557.0	42	5328.414909691582
1558.0	33	5329.967083009804
1559.0	34	5331.518512641371
1560.0	37	5333.069198807355
1561.0	37	5334.619141728747
1562.0	37	5336.168341626518
1563.0	40	5337.71679872155
1564.0	26	5339.264513234718
1565.0	40	5340.811485386772
1566.0	35	5342.357715398448
1567.0	39	5343.903203490418
1568.0	38	5345.447949883339
1569.0	35	5346.9919547977315
1570.0	27	5348.535218454102
1571.0	36	5350.077741072894
1572.0	47	5351.619522874506
1573.0	31	5353.160564079302
1574.0	41	5354.700864907515
1575.0	29	5356.240425579386
1576.0	31	5357.7792463151045
1577.0	38	5359.317327334755
1578.0	37	5360.854668858372
1579.0	36	5362.391271106015
1580.0	29	5363.927134297563
1581.0	28	5365.462258652936
1582.0	33	5366.996644391939
1583.0	29	5368.530291734399
1584.0	33	5370.063200899968
1585.0	37	5371.595372108352
1586.0	48	5373.126805579124
1587.0	40	5374.657501531824
1588.0	38	5376.187460186008
1589.0	35	5377.716681761061
1590.0	35	5379.245166476377
1591.0	31	5380.772914551276
1592.0	35	5382.2999262050125
1593.0	35	5383.826201656832
1594.0	35	5385.351741125883
1595.0	43	5386.876544831256
1596.0	39	5388.400612991979
1597.0	32	5389.923945827095
1598.0	26	5391.446543555464
1599.0	41	5392.968406396024
1600.0	38	5394.489534567555
1601.0	33	5396.009928288844
1602.0	37	5397.529587778611
1603.0	43	5399.048513255489
1604.0	41	5400.56670493806
1605.0	51	5402.08416304491
1606.0	30	5403.600887794487
1607.0	27	5405.116879405237
1608.0	39	5406.6321380955305
1609.0	43	5408.146664083694
1610.0	43	5409.660457587974
1611.0	32	5411.173518826575
1612.0	32	5412.685848017694
1613.0	42	5414.19744537936
1614.0	32	5415.70831112966
1615.0	52	5417.218445486542
1616.0	35	5418.727848667974
1617.0	23	5420.236520891796
1618.0	39	5421.74446237583
1619.0	28	5423.251673337876
1620.0	44	5424.75815399559
1621.0	37	5426.263904566626
1622.0	26	5427.768925268584
1623.0	23	5429.273216319032
1624.0	50	5430.776777935436
1625.0	23	5432.279610335205
1626.0	35	5433.781713735729
1627.0	28	5435.283088354313
1628.0	41	5436.783734408237
1629.0	34	5438.283652114675
1630.0	39	5439.782841690796
1631.0	34	5441.281303353693
1632.0	29	5442.779037320433
1633.0	44	5444.276043807942
1634.0	37	5445.772323033195
1635.0	35	5447.267875213024
1636.0	44	5448.762700564268
1637.0	26	5450.256799303682
1638.0	32	5451.750171647998
1639.0	41	5453.242817813849
1640.0	38	5454.734738017816
1641.0	28	5456.225932476456
1642.0	28	5457.716401406257
1643.0	36	5459.20614502362
1644.0	30	5460.695163544947
1645.0	28	5462.18345718656
1646.0	36	5463.67102616468
1647.0	34	5465.1578706955515
1648.0	36	5466.643990995329
1649.0	32	5468.1293872801125
1650.0	45	5469.614059765917
1651.0	33	5471.098008668735
1652.0	39	5472.581234204535
1653.0	34	5474.063736589156
1654.0	38	5475.545516038417
1655.0	42	5477.026572768094
1656.0	29	5478.506906993915
1657.0	36	5479.986518931519
1658.0	34	5481.465408796511
1659.0	32	5482.943576804409
1660.0	37	5484.421023170756
1661.0	46	5485.897748110965
1662.0	31	5487.373751840366
1663.0	35	5488.849034574353
1664.0	41	5490.323596528166
1665.0	48	5491.797437917031
1666.0	35	5493.270558956114
1667.0	38	5494.7429598604895
1668.0	27	5496.214640845242
1669.0	32	5497.685602125329
1670.0	37	5499.155843915711
1671.0	34	5500.625366431283
1672.0	35	5502.094169886871
1673.0	39	5503.5622544972175
1674.0	42	5505.0296204770875
1675.0	32	5506.496268041128
1676.0	39	5507.962197403939
1677.0	33	5509.427408780066
1678.0	35	5510.891902384041
1679.0	29	5512.355678430319
1680.0	36	5513.818737133238
1681.0	27	5515.281078707157
1682.0	44	5516.742703366387
1683.0	37	5518.203611325134
1684.0	44	5519.663802797554
1685.0	39	5521.123277997764
1686.0	45	5522.582037139842
1687.0	34	5524.040080437786
1688.0	32	5525.4974081055525
1689.0	35	5526.954020357029
1690.0	33	5528.409917406067
1691.0	29	5529.865099466463
1692.0	29	5531.319566751918
1693.0	35	5532.7733194761795
1694.0	28	5534.226357852767
1695.0	35	5535.678682095355
1696.0	37	5537.130292417397
1697.0	31	5538.581189032357
1698.0	31	5540.031372153657
1699.0	37	5541.480841994626
1700.0	30	5542.929598768579
1701.0	37	5544.377642688766
1702.0	41	5545.824973968338
1703.0	43	5547.271592820468
1704.0	28	5548.717499458199
1705.0	38	5550.162694094599
1706.0	34	5551.607176942588
1707.0	39	5553.050948215098
1708.0	35	5554.49400812499
1709.0	36	5555.936356885085
1710.0	37	5557.377994708096
1711.0	31	5558.818921806766
1712.0	27	5560.259138393698
1713.0	35	5561.698644681492
1714.0	37	5563.137440882698
1715.0	26	5564.575527209764
1716.0	42	5566.012903875123
1717.0	30	5567.449571091187
1718.0	30	5568.885529070181
1719.0	47	5570.320778024468
1720.0	41	5571.755318166197
1721.0	47	5573.189149707523
1722.0	34	5574.622272860559
1723.0	33	5576.0546878373225
1724.0	41	5577.4863948498405
1725.0	41	5578.917394110007
1726.0	28	5580.347685829754
1727.0	41	5581.777270220874
1728.0	44	5583.206147495144
1729.0	20	5584.6343178642655
1730.0	44	5586.061781539926
1731.0	35	5587.488538733735
1732.0	35	5588.91458965723
1733.0	38	5590.3399345219395
1734.0	37	5591.764573539295
1735.0	41	5593.188506920695
1736.0	29	5594.611734877461
1737.0	41	5596.0342576209105
1738.0	46	5597.456075362234
1739.0	31	5598.877188312612
1740.0	37	5600.29759668322
1741.0	31	5601.717300685069
1742.0	36	5603.136300529212
1743.0	37	5604.5545964265875
1744.0	38	5605.97218858808
1745.0	33	5607.389077224581
1746.0	50	5608.805262546886
1747.0	44	5610.22074476572
1748.0	43	5611.6355240918
1749.0	40	5613.04960073573
1750.0	47	5614.462974908091
1751.0	27	5615.875646819443
1752.0	32	5617.287616680244
1753.0	33	5618.6988847009015
1754.0	27	5620.109451091813
1755.0	27	5621.51931606328
1756.0	21	5622.928479825517
1757.0	40	5624.336942588812
1758.0	25	5625.744704563245
1759.0	38	5627.151765958947
1760.0	30	5628.558126985951
1761.0	32	5629.963787854259
1762.0	38	5631.368748773782
1763.0	35	5632.773009954439
1764.0	35	5634.176571606023
1765.0	40	5635.579433938317
1766.0	30	5636.981597161068
1767.0	42	5638.383061483894
1768.0	37	5639.783827116449
1769.0	28	5641.183894268291
1770.0	41	5642.583263148892
1771.0	46	5643.981933967746
1772.0	42	5645.3799069342385
1773.0	53	5646.7771822576815
1774.0	28	5648.173760147427
1775.0	26	5649.569640812652
1776.0	41	5650.964824462586
1777.0	34	5652.359311306332
1778.0	45	5653.753101552969
1779.0	36	5655.146195411522
1780.0	38	5656.538593090993
1781.0	39	5657.930294800271
1782.0	30	5659.321300748179
1783.0	41	5660.711611143589
1784.0	38	5662.101226195216
1785.0	29	5663.4901461118
1786.0	45	5664.878371101961
1787.0	34	5666.265901374302
1788.0	36	5667.652737137325
1789.0	38	5669.038878599603
1790.0	49	5670.424325969513
1791.0	36	5671.809079455433
1792.0	43	5673.193139265711
1793.0	27	5674.576505608615
1794.0	31	5675.959178692346
1795.0	36	5677.341158725109
1796.0	34	5678.722445915015
1797.0	35	5680.103040470086
1798.0	29	5681.482942598358
1799.0	22	5682.8621525077915
1800.0	30	5684.240670406243
1801.0	39	5685.618496501611
1802.0	33	5686.995631001689
1803.0	32	5688.3720741141815
1804.0	35	5689.74782604679
1805.0	35	5691.122887007175
1806.0	42	5692.497257202886
1807.0	38	5693.870936841449
1808.0	23	5695.243926130362
1809.0	36	5696.616225277034
1810.0	34	5697.987834488827
1811.0	35	5699.358753973057
1812.0	34	5700.728983937015
1813.0	37	5702.09852458786
1814.0	39	5703.467376132792
1815.0	30	5704.835538778901
1816.0	45	5706.20301273323
1817.0	33	5707.569798202764
1818.0	36	5708.935895394473
1819.0	35	5710.301304515216
1820.0	39	5711.666025771859
1821.0	43	5713.030059371174
1822.0	32	5714.393405519885
1823.0	37	5715.7560644246605
1824.0	32	5717.118036292168
1825.0	29	5718.479321328961
1826.0	41	5719.839919741517
1827.0	33	5721.199831736346
1828.0	43	5722.5590575198585
1829.0	39	5723.917597298402
1830.0	41	5725.275451278294
1831.0	32	5726.632619665763
1832.0	35	5727.989102667052
1833.0	37	5729.34490048828
1834.0	28	5730.7000133355405
1835.0	43	5732.054441414892
1836.0	34	5733.408184932307
1837.0	31	5734.76124409374
1838.0	31	5736.113619105071
1839.0	43	5737.465310172116
1840.0	36	5738.8163175006675
1841.0	34	5740.166641296449
1842.0	49	5741.516281765147
1843.0	33	5742.865239112352
1844.0	33	5744.213513543646
1845.0	35	5745.561105264521
1846.0	45	5746.9080144805
1847.0	25	5748.254241396947
1848.0	32	5749.599786219197
1849.0	29	5750.944649152614
1850.0	38	5752.288830402386
1851.0	33	5753.632330173752
1852.0	42	5754.97514867184
1853.0	43	5756.317286101756
1854.0	45	5757.658742668548
1855.0	27	5758.999518577158
1856.0	37	5760.33961403256
1857.0	48	5761.6790292396345
1858.0	37	5763.017764403205
1859.0	45	5764.355819728056
1860.0	30	5765.693195418898
1861.0	41	5767.029891680406
1862.0	32	5768.365908717198
1863.0	36	5769.701246733849
1864.0	33	5771.03590593488
1865.0	34	5772.369886524747
1866.0	40	5773.703188707838
1867.0	40	5775.035812688546
1868.0	29	5776.367758671168
1869.0	25	5777.699026859905
1870.0	29	5779.029617459033
1871.0	36	5780.359530672647
1872.0	37	5781.688766704849
1873.0	42	5783.017325759714
1874.0	40	5784.345208041206
1875.0	45	5785.672413753269
1876.0	48	5786.998943099759
1877.0	41	5788.324796284544
1878.0	26	5789.649973511435
1879.0	42	5790.974474984074
1880.0	47	5792.298300906197
1881.0	29	5793.621451481416
1882.0	34	5794.9439269133145
1883.0	39	5796.265727405367
1884.0	33	5797.586853161118
1885.0	30	5798.907304383917
1886.0	34	5800.227081277127
1887.0	38	5801.5461840440985
1888.0	33	5802.864612888027
1889.0	38	5804.182368012191
1890.0	24	5805.499449619723
1891.0	41	5806.815857913692
1892.0	36	5808.131593097168
1893.0	44	5809.446655373145
1894.0	44	5810.761044944575
1895.0	33	5812.074762014359
1896.0	37	5813.387806785315
1897.0	30	5814.700179460221
1898.0	38	5816.011880241863
1899.0	41	5817.322909332886
1900.0	29	5818.633266935946
1901.0	29	5819.942953253578
1902.0	46	5821.251968488357
1903.0	31	5822.560312842764
1904.0	31	5823.867986519175
1905.0	26	5825.174989719996
1906.0	31	5826.481322647547
1907.0	39	5827.786985504078
1908.0	41	5829.091978491836
1909.0	28	5830.396301812965
1910.0	42	5831.699955669561
1911.0	28	5833.002940263725
1912.0	44	5834.305255797429
1913.0	37	5835.606902472654
1914.0	39	5836.907880491297
1915.0	42	5838.208190055192
1916.0	33	5839.507831366156
1917.0	28	5840.80680462595
1918.0	43	5842.105110036254
1919.0	27	5843.402747798724
1920.0	42	5844.699718114935
1921.0	35	5845.996021186436
1922.0	34	5847.291657214747
1923.0	31	5848.586626401274
1924.0	40	5849.880928947404
1925.0	39	5851.174565054486
1926.0	36	5852.467534923785
1927.0	41	5853.759838756557
1928.0	37	5855.0514767539635
1929.0	29	5856.342449117128
1930.0	30	5857.632756047131
1931.0	35	5858.9223977450065
1932.0	41	5860.211374411732
1933.0	32	5861.499686248192
1934.0	29	5862.787333455303
1935.0	44	5864.074316233857
1936.0	30	5865.360634784622
1937.0	40	5866.646289308326
1938.0	31	5867.931280005607
1939.0	34	5869.2156070771025
1940.0	33	5870.499270723354
1941.0	38	5871.782271144853
1942.0	34	5873.064608542082
1943.0	41	5874.34628311547
1944.0	30	5875.627295065336
1945.0	27	5876.90764459197
1946.0	36	5878.187331895663
1947.0	34	5879.466357176571
1948.0	43	5880.744720634905
1949.0	38	5882.0224224706935
1950.0	38	5883.299462884008
1951.0	33	5884.575842074829
1952.0	39	5885.851560243109
1953.0	35	5887.1266175887395
1954.0	38	5888.401014311586
1955.0	36	5889.674750611399
1956.0	39	5890.9478266879105
1957.0	39	5892.220242740844
1958.0	34	5893.491998969776
1959.0	43	5894.763095574343
1960.0	39	5896.0335327540615
1961.0	40	5897.303310708401
1962.0	32	5898.572429636791
1963.0	31	5899.840889738603
1964.0	31	5901.108691213169
1965.0	26	5902.375834259786
1966.0	34	5903.642319077615
1967.0	46	5904.908145865924
1968.0	30	5906.173314823742
1969.0	37	5907.437826150171
1970.0	37	5908.7016800442525
1971.0	35	5909.964876704912
1972.0	39	5911.227416331111
1973.0	35	5912.489299121658
1974.0	39	5913.7505252754245
1975.0	38	5915.011094991141
1976.0	33	5916.271008467532
1977.0	45	5917.530265903252
1978.0	34	5918.788867496918
1979.0	44	5920.046813447054
1980.0	28	5921.3041039521995
1981.0	32	5922.560739210801
1982.0	41	5923.816719421282
1983.0	41	5925.07204478195
1984.0	41	5926.326715491169
1985.0	44	5927.580731747132
1986.0	41	5928.834093748076
1987.0	37	5930.086801692134
1988.0	31	5931.338855777413
1989.0	23	5932.590256201966
1990.0	43	5933.8410031637695
1991.0	37	5935.091096860782
1992.0	41	5936.340537490922
1993.0	27	5937.589325251986
1994.0	44	5938.837460341795
1995.0	48	5940.084942958105
1996.0	36	5941.331773298559
1997.0	40	5942.577951560849
1998.0	36	5943.82347794253
1999.0	33	5945.068352641158
2000.0	23	5946.312575854212
2001.0	43	5947.556147779132
2002.0	30	5948.7990686133035
2003.0	29	5950.041338554075
2004.0	40	5951.282957798701
2005.0	32	5952.523926544439
2006.0	36	5953.764244988465
2007.0	27	5955.003913327936
2008.0	33	5956.242931759877
2009.0	35	5957.481300481368
2010.0	34	5958.71901968936
2011.0	38	5959.956089580796
2012.0	39	5961.192510352572
2013.0	40	5962.428282201466
2014.0	34	5963.663405324321
2015.0	41	5964.897879917799
2016.0	41	5966.1317061786285
2017.0	42	5967.364884303408
2018.0	38	5968.597414488698
2019.0	36	5969.829296931024
2020.0	33	5971.060531826917
2021.0	39	5972.291119372738
2022.0	32	5973.521059764897
2023.0	42	5974.750353199681
2024.0	45	5975.97899987338
2025.0	57	5977.206999982206
2026.0	29	5978.434353722345
2027.0	44	5979.661061289916
2028.0	42	5980.887122880986
2029.0	25	5982.112538691541
2030.0	32	5983.337308917589
2031.0	48	5984.561433755038
2032.0	39	5985.784913399748
2033.0	29	5987.00774804752
2034.0	31	5988.229937894171
2035.0	38	5989.451483135368
2036.0	37	5990.672383966792
2037.0	38	5991.892640584065
2038.0	36	5993.112253182746
2039.0	34	5994.331221958355
2040.0	37	5995.549547106333
2041.0	35	5996.767228822121
2042.0	30	5997.984267301085
2043.0	36	5999.200662738521
2044.0	42	6000.416415329671
2045.0	36	6001.631525269801
2046.0	37	6002.845992754036
2047.0	30	6004.059817977477
2048.0	47	6005.273001135229
2049.0	32	6006.485542422263
2050.0	34	6007.697442033567
2051.0	37	6008.908700164031
2052.0	28	6010.11931700854
2053.0	34	6011.3292927618795
2054.0	39	6012.538627618816
2055.0	36	6013.747321774074
2056.0	36	6014.955375422301
2057.0	40	6016.162788758088
2058.0	38	6017.369561976032
2059.0	41	6018.575695270639
2060.0	36	6019.781188836343
2061.0	38	6020.986042867556
2062.0	38	6022.19025755864
2063.0	40	6023.393833103931
2064.0	35	6024.59676969767
2065.0	37	6025.7990675340325
2066.0	35	6027.000726807226
2067.0	28	6028.201747711337
2068.0	42	6029.402130440438
2069.0	36	6030.601875188541
2070.0	30	6031.80098214954
2071.0	39	6032.999451517431
2072.0	34	6034.197283486022
2073.0	28	6035.394478249154
2074.0	34	6036.591036000545
2075.0	35	6037.786956933951
2076.0	41	6038.9822412429985
2077.0	38	6040.17688912131
2078.0	28	6041.370900762434
2079.0	42	6042.564276359888
2080.0	26	6043.757016107133
2081.0	28	6044.949120197553
2082.0	30	6046.140588824566
2083.0	36	6047.331422181415
2084.0	47	6048.5216204614035
2085.0	31	6049.711183857729
2086.0	40	6050.900112563556
2087.0	40	6052.088406771983
2088.0	33	6053.27606667607
2089.0	50	6054.463092468836
2090.0	33	6055.649484343255
2091.0	31	6056.835242492241
2092.0	27	6058.020367108602
2093.0	38	6059.204858385209
2094.0	46	6060.388716514794
2095.0	46	6061.571941690095
2096.0	44	6062.754534103753
2097.0	38	6063.936493948386
2098.0	36	6065.117821416564
2099.0	40	6066.298516700797
2100.0	50	6067.478579993522
2101.0	30	6068.658011487217
2102.0	44	6069.8368113741835
2103.0	38	6071.014979846787
2104.0	39	6072.192517097251
2105.0	40	6073.369423317805
2106.0	35	6074.545698700641
2107.0	37	6075.721343437857
2108.0	45	6076.896357721495
2109.0	33	6078.070741743594
2110.0	32	6079.244495696167
2111.0	43	6080.417619771072
2112.0	27	6081.590114160173
2113.0	39	6082.7619790553435
2114.0	31	6083.933214648311
2115.0	42	6085.103821130834
2116.0	26	6086.273798694532
2117.0	43	6087.443147531103
2118.0	30	6088.611867832038
2119.0	33	6089.779959788881
2120.0	43	6090.947423593137
2121.0	35	6092.114259436217
2122.0	44	6093.280467509508
2123.0	38	6094.446048004302
2124.0	25	6095.611001111895
2125.0	31	6096.775327023505
2126.0	40	6097.939025930338
2127.0	41	6099.102098023492
2128.0	33	6100.26454349404
2129.0	32	6101.42636253305
2130.0	33	6102.587555331477
2131.0	37	6103.748122080239
2132.0	22	6104.9080629702585
2133.0	34	6106.067378192321
2134.0	40	6107.226067937247
2135.0	45	6108.384132395747
2136.0	36	6109.541571758534
2137.0	40	6110.698386216215
2138.0	45	6111.85457595937
2139.0	23	6113.010141178576
2140.0	37	6114.165082064281
2141.0	47	6115.319398806954
2142.0	47	6116.473091596969
2143.0	31	6117.626160624648
2144.0	29	6118.7786060803355
2145.0	41	6119.930428154232
2146.0	37	6121.081627036531
2147.0	34	6122.232202917394
2148.0	40	6123.382155986924
2149.0	40	6124.531486435143
2150.0	45	6125.68019445204
2151.0	28	6126.828280227593
2152.0	31	6127.975743951698
2153.0	36	6129.122585814185
2154.0	43	6130.268806004876
2155.0	37	6131.414404713512
2156.0	47	6132.559382129796
2157.0	38	6133.703738443365
2158.0	37	6134.847473843876
2159.0	33	6135.990588520818
2160.0	49	6137.133082663757
2161.0	39	6138.274956462096
2162.0	44	6139.416210105296
2163.0	34	6140.556843782696
2164.0	36	6141.696857683599
2165.0	43	6142.836251997281
2166.0	40	6143.975026912941
2167.0	45	6145.1131826197525
2168.0	45	6146.250719306855
2169.0	39	6147.387637163272
2170.0	29	6148.523936378054
2171.0	34	6149.65961714015
2172.0	38	6150.794679638504
2173.0	39	6151.929124061952
2174.0	33	6153.062950599359
2175.0	41	6154.196159439471
2176.0	45	6155.328750771037
2177.0	35	6156.460724782713
2178.0	37	6157.5920816631
2179.0	40	6158.722821600864
2180.0	44	6159.852944784462
2181.0	36	6160.982451402381
2182.0	30	6162.111341643104
2183.0	40	6163.239615694977
2184.0	48	6164.367273746329
2185.0	30	6165.49431598546
2186.0	43	6166.620742600611
2187.0	33	6167.74655377998
2188.0	44	6168.8717497116895
2189.0	36	6169.996330583843
2190.0	31	6171.12029658451
2191.0	30	6172.243647901627
2192.0	43	6173.366384723201
2193.0	35	6174.488507237086
2194.0	47	6175.610015631153
2195.0	47	6176.730910093209
2196.0	32	6177.851190811009
2197.0	40	6178.970857972237
2198.0	40	6180.0899117645595
2199.0	36	6181.208352375594
2200.0	39	6182.326179992867
2201.0	41	6183.443394803948
2202.0	34	6184.559996996236
2203.0	38	6185.675986757178
2204.0	32	6186.79136427416
2205.0	22	6187.906129734467
2206.0	32	6189.020283325346
2207.0	33	6190.133825234071
2208.0	42	6191.246755647771
2209.0	32	6192.3590747536155
2210.0	37	6193.470782738627
2211.0	37	6194.581879789857
2212.0	44	6195.692366094287
2213.0	25	6196.802241838844
2214.0	26	6197.911507210409
2215.0	25	6199.020162395821
2216.0	39	6200.128207581869
2217.0	42	6201.235642955261
2218.0	34	6202.342468702696
2219.0	29	6203.448685010851
2220.0	55	6204.5542920662765
2221.0	37	6205.659290055532
2222.0	45	6206.763679165126
2223.0	31	6207.86745958148
2224.0	31	6208.970631490997
2225.0	43	6210.0731950800455
2226.0	35	6211.1751505349075
2227.0	26	6212.276498041861
2228.0	31	6213.377237787097
2229.0	39	6214.477369956793
2230.0	31	6215.576894737038
2231.0	29	6216.675812313887
2232.0	35	6217.774122873356
2233.0	52	6218.871826601454
2234.0	37	6219.968923684079
2235.0	35	6221.065414307063
2236.0	27	6222.161298656248
2237.0	43	6223.256576917446
2238.0	44	6224.351249276321
2239.0	46	6225.445315918568
2240.0	43	6226.538777029867
2241.0	35	6227.631632795734
2242.0	40	6228.723883401758
2243.0	31	6229.815529033383
2244.0	34	6230.906569876036
2245.0	43	6231.997006115175
2246.0	36	6233.086837936075
2247.0	32	6234.176065524067
2248.0	30	6235.264689064378
2249.0	37	6236.352708742217
2250.0	33	6237.440124742727
2251.0	44	6238.526937250999
2252.0	40	6239.613146452117
2253.0	24	6240.698752531077
2254.0	37	6241.783755672818
2255.0	51	6242.868156062265
2256.0	27	6243.95195388428
2257.0	37	6245.035149323686
2258.0	37	6246.117742565253
2259.0	47	6247.199733793673
2260.0	34	6248.281123193657
2261.0	39	6249.361910949791
2262.0	45	6250.4420972466705
2263.0	34	6251.521682268823
2264.0	39	6252.600666200749
2265.0	29	6253.679049226831
2266.0	40	6254.756831531515
2267.0	27	6255.83401329909
2268.0	35	6256.910594713867
2269.0	38	6257.986575960094
2270.0	35	6259.061957221949
2271.0	48	6260.136738683588
2272.0	32	6261.210920529118
2273.0	35	6262.284502942578
2274.0	42	6263.357486107965
2275.0	44	6264.4298702092765
2276.0	42	6265.501655430365
2277.0	38	6266.572841955121
2278.0	42	6267.643429967354
2279.0	29	6268.713419650834
2280.0	41	6269.782811189284
2281.0	40	6270.851604766371
2282.0	25	6271.919800565737
2283.0	42	6272.987398770895
2284.0	27	6274.054399565427
2285.0	29	6275.1208031328115
2286.0	46	6276.186609656485
2287.0	40	6277.251819319791
2288.0	49	6278.316432306126
2289.0	34	6279.380448798742
2290.0	47	6280.443868980871
2291.0	34	6281.506693035771
2292.0	37	6282.568921146533
2293.0	40	6283.630553496283
2294.0	45	6284.691590268091
2295.0	51	6285.752031644914
2296.0	30	6286.811877809731
2297.0	36	6287.871128945487
2298.0	50	6288.929785235014
2299.0	45	6289.987846861135
2300.0	32	6291.045314006614
2301.0	36	6292.1021868541975
2302.0	39	6293.158465586527
2303.0	35	6294.214150386267
2304.0	34	6295.269241435965
2305.0	44	6296.3237389181695
2306.0	25	6297.377643015372
2307.0	39	6298.430953909997
2308.0	27	6299.483671784464
2309.0	41	6300.535796821065
2310.0	47	6301.587329202132
2311.0	35	6302.638269109942
2312.0	44	6303.688616726662
2313.0	43	6304.738372234426
2314.0	26	6305.787535815395
2315.0	27	6306.8361076516
2316.0	39	6307.884087925061
2317.0	39	6308.9314768177455
2318.0	37	6309.978274511554
2319.0	42	6311.02448118838
2320.0	26	6312.070097030068
2321.0	30	6313.115122218379
2322.0	30	6314.159556935021
2323.0	48	6315.203401361711
2324.0	27	6316.246655680057
2325.0	30	6317.289320071685
2326.0	36	6318.331394718114
2327.0	25	6319.37287980084
2328.0	44	6320.4137755013035
2329.0	31	6321.454082000943
2330.0	32	6322.493799481084
2331.0	28	6323.532928123045
2332.0	36	6324.571468108092
2333.0	31	6325.609419617395
2334.0	30	6326.646782832194
2335.0	42	6327.683557933552
2336.0	27	6328.7197451025595
2337.0	32	6329.755344520271
2338.0	40	6330.790356367643
2339.0	34	6331.824780825579
2340.0	41	6332.858618075021
2341.0	41	6333.891868296771
2342.0	36	6334.9245316716215
2343.0	40	6335.956608380348
2344.0	36	6336.988098603612
2345.0	31	6338.019002522078
2346.0	29	6339.049320316354
2347.0	34	6340.079052167
2348.0	37	6341.10819825452
2349.0	35	6342.136758759405
2350.0	39	6343.164733862032
2351.0	29	6344.192123742797
2352.0	33	6345.2189285820305
2353.0	33	6346.245148559992
2354.0	46	6347.27078385693
2355.0	42	6348.295834652995
2356.0	31	6349.320301128349
2357.0	20	6350.344183463085
2358.0	41	6351.367481837245
2359.0	39	6352.39019643082
2360.0	31	6353.412327423764
2361.0	35	6354.433874995977
2362.0	34	6355.454839327328
2363.0	35	6356.475220597599
2364.0	38	6357.49501898661
2365.0	37	6358.514234674031
2366.0	30	6359.532867839531
2367.0	40	6360.550918662764
2368.0	35	6361.568387323288
2369.0	33	6362.585274000662
2370.0	45	6363.601578874327
2371.0	28	6364.617302123741
2372.0	35	6365.6324439282835
2373.0	21	6366.647004467328
2374.0	30	6367.660983920162
2375.0	35	6368.674382466028
2376.0	34	6369.687200284141
2377.0	37	6370.699437553665
2378.0	40	6371.711094453701
2379.0	35	6372.722171163312
2380.0	37	6373.732667861509
2381.0	37	6374.742584727324
2382.0	31	6375.751921939605
2383.0	31	6376.760679677299
2384.0	37	6377.768858119178
2385.0	42	6378.776457444071
2386.0	35	6379.783477830738
2387.0	31	6380.789919457814
2388.0	31	6381.795782504002
2389.0	32	6382.801067147876
2390.0	24	6383.805773567993
2391.0	36	6384.809901942885
2392.0	37	6385.813452450988
2393.0	34	6386.816425270745
2394.0	36	6387.818820580477
2395.0	41	6388.820638558585
2396.0	36	6389.821879383281
2397.0	45	6390.822543232851
2398.0	33	6391.822630285452
2399.0	38	6392.8221407191995
2400.0	32	6393.821074712227
2401.0	51	6394.819432442563
2402.0	44	6395.817214088206
2403.0	48	6396.814419827143
2404.0	29	6397.811049837248
2405.0	33	6398.8071042963875
2406.0	40	6399.80258338239
2407.0	43	6400.797487273033
2408.0	29	6401.791816146013
2409.0	38	6402.7855701790295
2410.0	31	6403.778749549696
2411.0	46	6404.771354435637
2412.0	36	6405.763385014342
2413.0	32	6406.754841463339
2414.0	42	6407.745723960071
2415.0	36	6408.736032681937
2416.0	29	6409.725767806279
2417.0	37	6410.714929510416
2418.0	32	6411.703517971631
2419.0	40	6412.691533367098
2420.0	50	6413.678975874042
2421.0	39	6414.66584566955
2422.0	37	6415.652142930723
2423.0	39	6416.637867834576
2424.0	46	6417.623020558107
2425.0	50	6418.607601278249
2426.0	45	6419.591610171913
2427.0	24	6420.57504741596
2428.0	30	6421.557913187161
2429.0	35	6422.540207662283
2430.0	49	6423.521931018048
2431.0	40	6424.5030834311465
2432.0	34	6425.483665078131
2433.0	43	6426.463676135653
2434.0	39	6427.443116780165
2435.0	41	6428.4219871882215
2436.0	41	6429.400287536225
2437.0	34	6430.378018000573
2438.0	31	6431.355178757597
2439.0	41	6432.3317699836225
2440.0	34	6433.30779185489
2441.0	45	6434.283244547593
2442.0	33	6435.2581282379115
2443.0	49	6436.232443101979
2444.0	40	6437.206189315848
2445.0	40	6438.179367055533
2446.0	41	6439.151976497013
2447.0	42	6440.124017816259
2448.0	43	6441.095491189111
2449.0	33	6442.066396791454
2450.0	41	6443.036734799069
2451.0	43	6444.0065053876815
2452.0	35	6444.975708733039
2453.0	34	6445.944345010787
2454.0	40	6446.912414396521
2455.0	36	6447.879917065827
2456.0	36	6448.846853194232
2457.0	37	6449.813222957211
2458.0	34	6450.779026530176
2459.0	43	6451.74426408856
2460.0	34	6452.70893580764
2461.0	42	6453.673041862783
2462.0	32	6454.6365824291815
2463.0	39	6455.599557682065
2464.0	29	6456.561967796584
2465.0	38	6457.52381294784
2466.0	40	6458.485093310944
2467.0	33	6459.445809060878
2468.0	33	6460.405960372652
2469.0	39	6461.365547421146
2470.0	28	6462.324570381297
2471.0	28	6463.283029427921
2472.0	41	6464.240924735842
2473.0	41	6465.1982564797645
2474.0	40	6466.155024834396
2475.0	38	6467.111229974452
2476.0	28	6468.066872074498
2477.0	41	6469.021951309104
2478.0	41	6469.976467852808
2479.0	41	6470.930421880087
2480.0	42	6471.8838135653705
2481.0	39	6472.836643083023
2482.0	46	6473.788910607427
2483.0	45	6474.740616312856
2484.0	35	6475.691760373558
2485.0	38	6476.642342963748
2486.0	36	6477.592364257559
2487.0	41	6478.541824429182
2488.0	43	6479.490723652595
2489.0	36	6480.439062101867
2490.0	36	6481.3868399509765
2491.0	52	6482.334057373865
2492.0	45	6483.280714544392
2493.0	37	6484.226811636412
2494.0	41	6485.172348823778
2495.0	33	6486.117326280168
2496.0	41	6487.061744179317
2497.0	41	6488.005602694901
2498.0	34	6488.948902000517
2499.0	36	6489.891642269755
2500.0	46	6490.833823676131
2501.0	40	6491.775446393151
2502.0	42	6492.716510594218
2503.0	42	6493.657016452753
2504.0	45	6494.596964142096
2505.0	35	6495.5363538355305
2506.0	32	6496.475185706345
2507.0	45	6497.413459927713
2508.0	34	6498.35117667286
2509.0	33	6499.288336114871
2510.0	34	6500.224938426791
2511.0	35	6501.160983781696
2512.0	38	6502.09647235258
2513.0	33	6503.031404312372
2514.0	40	6503.965779833969
2515.0	43	6504.899599090202
2516.0	44	6505.832862253893
2517.0	37	6506.765569497828
2518.0	42	6507.697720994721
2519.0	38	6508.629316917202
2520.0	32	6509.560357437933
2521.0	34	6510.490842729495
2522.0	36	6511.420772964414
2523.0	30	6512.350148315197
2524.0	34	6513.27896895428
2525.0	41	6514.207235054072
2526.0	38	6515.134946786947
2527.0	32	6516.062104325174
2528.0	43	6516.988707841067
2529.0	37	6517.914757506847
2530.0	45	6518.840253494657
2531.0	42	6519.765195976668
2532.0	35	6520.689585124957
2533.0	30	6521.613421111556
2534.0	30	6522.536704108493
2535.0	51	6523.459434287703
2536.0	35	6524.381611821112
2537.0	42	6525.303236880557
2538.0	31	6526.224309637888
2539.0	34	6527.144830264887
2540.0	47	6528.0647989332565
2541.0	31	6528.984215814689
2542.0	37	6529.903081080855
2543.0	51	6530.821394903324
2544.0	40	6531.73915745367
2545.0	47	6532.656368903372
2546.0	46	6533.573029423927
2547.0	38	6534.489139186747
2548.0	34	6535.404698363183
2549.0	28	6536.319707124605
2550.0	41	6537.234165642252
2551.0	33	6538.148074087401
2552.0	32	6539.061432631243
2553.0	37	6539.9742414449365
2554.0	36	6540.886500699546
2555.0	35	6541.798210566169
2556.0	37	6542.70937121584
2557.0	46	6543.619982819501
2558.0	33	6544.5300455480865
2559.0	43	6545.439559572507
2560.0	38	6546.3485250635595
2561.0	47	6547.2569421920925
2562.0	51	6548.164811128803
2563.0	35	6549.072132044453
2564.0	34	6549.978905109654
2565.0	34	6550.885130495057
2566.0	35	6551.790808371222
2567.0	36	6552.695938908686
2568.0	36	6553.600522277928
2569.0	35	6554.504558649379
2570.0	45	6555.408048193454
2571.0	44	6556.310991080516
2572.0	48	6557.2133874808615
2573.0	29	6558.115237564701
2574.0	37	6559.016541502332
2575.0	44	6559.917299463894
2576.0	38	6560.817511619512
2577.0	25	6561.717178139292
2578.0	45	6562.616299193264
2579.0	31	6563.514874951409
2580.0	25	6564.412905583704
2581.0	39	6565.310391260064
2582.0	34	6566.207332150308
2583.0	37	6567.103728424326
2584.0	36	6567.999580251836
2585.0	45	6568.894887802576
2586.0	39	6569.789651246283
2587.0	44	6570.683870752546
2588.0	33	6571.577546490978
2589.0	42	6572.470678631159
2590.0	37	6573.363267342564
2591.0	40	6574.2553127946885
2592.0	35	6575.1468151569325
2593.0	37	6576.037774598722
2594.0	27	6576.928191289313
2595.0	29	6577.818065398081
2596.0	36	6578.7073970942165
2597.0	31	6579.596186546919
2598.0	52	6580.484433925387
2599.0	46	6581.372139398696
2600.0	29	6582.259303135934
2601.0	32	6583.145925306159
2602.0	47	6584.032006078275
2603.0	26	6584.917545621292
2604.0	33	6585.802544104061
2605.0	39	6586.687001695459
2606.0	31	6587.570918564256
2607.0	29	6588.454294879278
2608.0	36	6589.337130809195
2609.0	40	6590.219426522665
2610.0	37	6591.101182188356
2611.0	37	6591.982397974868
2612.0	32	6592.863074050691
2613.0	37	6593.743210584358
2614.0	47	6594.622807744311
2615.0	36	6595.501865698988
2616.0	27	6596.380384616704
2617.0	32	6597.258364665826
2618.0	38	6598.135806014602
2619.0	43	6599.012708831295
2620.0	42	6599.889073284091
2621.0	40	6600.764899541128
2622.0	44	6601.640187770516
2623.0	52	6602.514938140296
2624.0	53	6603.38915081851
2625.0	31	6604.262825973124
2626.0	44	6605.135963772078
2627.0	42	6606.008564383226
2628.0	36	6606.880627974421
2629.0	34	6607.7521547134675
2630.0	40	6608.623144768117
2631.0	27	6609.493598306079
2632.0	39	6610.36351549501
2633.0	41	6611.232896502575
2634.0	42	6612.101741496295
2635.0	36	6612.970050643727
2636.0	47	6613.837824112357
2637.0	38	6614.70506206965
2638.0	43	6615.571764683009
2639.0	35	6616.437932119788
2640.0	36	6617.303564547293
2641.0	30	6618.1686621328
2642.0	32	6619.033225043543
2643.0	30	6619.897253446716
2644.0	37	6620.760747509475
2645.0	33	6621.62370739888
2646.0	38	6622.486133281992
2647.0	49	6623.348025325866
2648.0	35	6624.2093836974245
2649.0	39	6625.070208563601
2650.0	35	6625.930500091289
2651.0	28	6626.790258447327
2652.0	35	6627.649483798498
2653.0	46	6628.508176311545
2654.0	36	6629.366336153223
2655.0	20	6630.223963490106
2656.0	30	6631.081058488905
2657.0	50	6631.937621316158
2658.0	35	6632.793652138382
2659.0	35	6633.649151122107
2660.0	34	6634.504118433746
2661.0	45	6635.358554239727
2662.0	42	6636.212458706365
2663.0	32	6637.065832000018
2664.0	38	6637.918674286959
2665.0	41	6638.770985733403
2666.0	36	6639.622766505532
2667.0	41	6640.474016769507
2668.0	37	6641.324736691425
2669.0	32	6642.174926437316
2670.0	39	6643.024586173211
2671.0	28	6643.87371606508
2672.0	32	6644.722316278865
2673.0	36	6645.570386980431
2674.0	43	6646.417928335593
2675.0	28	6647.264940510187
2676.0	49	6648.111423669961
2677.0	41	6648.95737798059
2678.0	54	6649.802803607782
2679.0	37	6650.647700717156
2680.0	36	6651.492069474268
2681.0	33	6652.335910044682
2682.0	31	6653.179222593864
2683.0	39	6654.022007287286
2684.0	38	6654.864264290336
2685.0	40	6655.705993768422
2686.0	34	6656.547195886797
2687.0	51	6657.387870810785
2688.0	43	6658.228018705629
2689.0	41	6659.067639736495
2690.0	33	6659.9067340685415
2691.0	37	6660.74530186686
2692.0	39	6661.583343296535
2693.0	45	6662.420858522576
2694.0	43	6663.257847709965
2695.0	30	6664.09431102361
2696.0	38	6664.930248628441
2697.0	34	6665.765660689277
2698.0	33	6666.60054737092
2699.0	48	6667.434908838148
2700.0	37	6668.268745255682
2701.0	33	6669.102056788197
2702.0	36	6669.934843600289
2703.0	32	6670.7671058565775
2704.0	49	6671.598843721618
2705.0	46	6672.430057359905
2706.0	37	6673.260746935883
2707.0	49	6674.090912613982
2708.0	27	6674.920554558568
2709.0	38	6675.749672933999
2710.0	40	6676.578267904533
2711.0	46	6677.406339634433
2712.0	35	6678.233888287889
2713.0	44	6679.0609140290735
2714.0	28	6679.88741702209
2715.0	23	6680.71339743103
2716.0	34	6681.53885541991
2717.0	41	6682.363791152721
2718.0	36	6683.188204793421
2719.0	29	6684.012096505906
2720.0	42	6684.835466454021
2721.0	35	6685.658314801611
2722.0	32	6686.48064171244
2723.0	42	6687.302447350221
2724.0	23	6688.12373187865
2725.0	32	6688.9444954614155
2726.0	47	6689.764738262052
2727.0	37	6690.5844604441745
2728.0	37	6691.403662171295
2729.0	42	6692.2223436068425
2730.0	37	6693.040504914295
2731.0	38	6693.858146257042
2732.0	35	6694.675267798398
2733.0	46	6695.49186970171
2734.0	38	6696.307952130209
2735.0	34	6697.123515247136
2736.0	43	6697.938559215644
2737.0	40	6698.753084198884
2738.0	37	6699.567090359954
2739.0	34	6700.380577861889
2740.0	33	6701.193546867683
2741.0	39	6702.005997540316
2742.0	30	6702.817930042709
2743.0	40	6703.629344537747
2744.0	58	6704.440241188259
2745.0	40	6705.250620157031
2746.0	35	6706.060481606843
2747.0	36	6706.8698257003525
2748.0	34	6707.678652600265
2749.0	34	6708.486962469194
2750.0	44	6709.294755469736
2751.0	38	6710.102031764404
2752.0	25	6710.908791515689
2753.0	40	6711.715034886069
2754.0	33	6712.520762037943
2755.0	49	6713.325973133678
2756.0	37	6714.13066833561
2757.0	36	6714.934847806019
2758.0	41	6715.738511707148
2759.0	29	6716.54166020117
2760.0	36	6717.344293450277
2761.0	47	6718.146411616572
2762.0	29	6718.948014862113
2763.0	42	6719.749103348959
2764.0	41	6720.549677239061
2765.0	39	6721.349736694404
2766.0	42	6722.149281876845
2767.0	33	6722.948312948277
2768.0	42	6723.746830070495
2769.0	39	6724.544833405292
2770.0	45	6725.342323114423
2771.0	37	6726.139299359532
2772.0	41	6726.935762302279
2773.0	37	6727.731712104294
2774.0	40	6728.5271489271245
2775.0	39	6729.322072932289
2776.0	28	6730.116484281277
2777.0	41	6730.91038313553
2778.0	48	6731.703769656413
2779.0	36	6732.496644005323
2780.0	35	6733.289006343535
2781.0	31	6734.0808568323455
2782.0	40	6734.87219563296
2783.0	48	6735.6630229065595
2784.0	38	6736.453338814314
2785.0	29	6737.243143517283
2786.0	26	6738.032437176576
2787.0	36	6738.821219953174
2788.0	40	6739.6094920080495
2789.0	36	6740.397253502143
2790.0	51	6741.184504596338
2791.0	39	6741.97124545149
2792.0	40	6742.757476228418
2793.0	41	6743.543197087855
2794.0	46	6744.3284081905285
2795.0	37	6745.113109697128
2796.0	41	6745.897301768299
2797.0	32	6746.68098456462
2798.0	27	6747.464158246663
2799.0	39	6748.246822974909
2800.0	40	6749.028978909848
2801.0	38	6749.810626211896
2802.0	37	6750.59176504147
2803.0	34	6751.372395558876
2804.0	34	6752.15251792443
2805.0	39	6752.93213229838
2806.0	44	6753.711238840964
2807.0	25	6754.489837712344
2808.0	45	6755.267929072666
2809.0	42	6756.045513082017
2810.0	52	6756.822589900425
2811.0	37	6757.599159687931
2812.0	40	6758.375222604471
2813.0	26	6759.150778810007
2814.0	34	6759.925828464386
2815.0	32	6760.700371727454
2816.0	45	6761.474408759021
2817.0	32	6762.247939718849
2818.0	32	6763.020964766641
2819.0	34	6763.793484062076
2820.0	44	6764.565497764769
2821.0	43	6765.337006034358
2822.0	33	6766.108009030327
2823.0	30	6766.878506912235
2824.0	40	6767.648499839516
2825.0	33	6768.417987971584
2826.0	46	6769.186971467877
2827.0	38	6769.955450487667
2828.0	32	6770.723425190284
2829.0	26	6771.49089573498
2830.0	34	6772.257862280974
2831.0	52	6773.024324987435
2832.0	27	6773.7902840135
2833.0	43	6774.555739518239
2834.0	31	6775.320691660719
2835.0	47	6776.085140599926
2836.0	40	6776.849086494851
2837.0	32	6777.612529504401
2838.0	43	6778.375469787482
2839.0	47	6779.137907502869
2840.0	31	6779.899842809432
2841.0	39	6780.661275865882
2842.0	41	6781.422206830967
2843.0	45	6782.18263586333
2844.0	36	6782.9425631216345
2845.0	38	6783.701988764446
2846.0	38	6784.46091295032
2847.0	36	6785.219335837741
2848.0	40	6785.977257585229
2849.0	40	6786.7346783511475
2850.0	29	6787.49159829393
2851.0	29	6788.248017571891
2852.0	42	6789.0039363433425
2853.0	36	6789.759354766527
2854.0	36	6790.514272999685
2855.0	41	6791.26869120095
2856.0	36	6792.022609528498
2857.0	45	6792.776028140412
2858.0	32	6793.528947194747
2859.0	31	6794.281366849487
2860.0	28	6795.0332872626195
2861.0	34	6795.784708592087
2862.0	44	6796.53563099574
2863.0	57	6797.286054631426
2864.0	48	6798.035979657
2865.0	42	6798.785406230179
2866.0	47	6799.534334508669
2867.0	48	6800.282764650202
2868.0	40	6801.030696812356
2869.0	39	6801.778131152779
2870.0	32	6802.525067828986
2871.0	45	6803.271506998516
2872.0	38	6804.0174488188495
2873.0	36	6804.762893447386
2874.0	34	6805.507841041536
2875.0	47	6806.252291758656
2876.0	34	6806.996245756023
2877.0	43	6807.739703190924
2878.0	41	6808.482664220588
2879.0	40	6809.22512900222
2880.0	28	6809.967097692911
2881.0	32	6810.708570449786
2882.0	30	6811.449547429917
2883.0	40	6812.190028790306
2884.0	42	6812.930014687946
2885.0	47	6813.669505279772
2886.0	41	6814.408500722707
2887.0	39	6815.147001173518
2888.0	45	6815.885006789114
2889.0	46	6816.622517726224
2890.0	37	6817.359534141565
2891.0	36	6818.096056191854
2892.0	44	6818.832084033749
2893.0	40	6819.567617823839
2894.0	34	6820.302657718686
2895.0	37	6821.03720387483
2896.0	46	6821.771256448754
2897.0	44	6822.504815596917
2898.0	37	6823.237881475669
2899.0	47	6823.970454241444
2900.0	38	6824.702534050501
2901.0	27	6825.4341210591765
2902.0	36	6826.165215423667
2903.0	36	6826.895817300169
2904.0	49	6827.625926844883
2905.0	22	6828.355544213888
2906.0	24	6829.084669563271
2907.0	39	6829.813303049038
2908.0	38	6830.541444827241
2909.0	38	6831.269095053819
2910.0	36	6831.996253884616
2911.0	50	6832.722921475579
2912.0	42	6833.449097982516
2913.0	41	6834.174783561211
2914.0	38	6834.899978367416
2915.0	38	6835.624682556835
2916.0	40	6836.348896285135
2917.0	40	6837.0726197079375
2918.0	33	6837.795852980854
2919.0	33	6838.518596259386
2920.0	32	6839.240849699083
2921.0	32	6839.962613455372
2922.0	29	6840.683887683681
2923.0	43	6841.404672539405
2924.0	29	6842.12496817789
2925.0	46	6842.844774754394
2926.0	40	6843.564092424231
2927.0	29	6844.282921342585
2928.0	57	6845.001261664632
2929.0	39	6845.7191135455405
2930.0	30	6846.436477140355
2931.0	37	6847.153352604198
2932.0	38	6847.869740092025
2933.0	35	6848.585639758819
2934.0	36	6849.301051759553
2935.0	36	6850.015976249098
2936.0	40	6850.730413382277
2937.0	34	6851.444363313921
2938.0	32	6852.157826198849
2939.0	40	6852.870802191711
2940.0	44	6853.583291447254
2941.0	53	6854.295294120099
2942.0	31	6855.006810364866
2943.0	36	6855.717840336118
2944.0	41	6856.428384188382
2945.0	29	6857.1384420761715
2946.0	40	6857.84801415387
2947.0	50	6858.557100575948
2948.0	43	6859.265701496762
2949.0	34	6859.973817070581
2950.0	23	6860.6814474517405
2951.0	42	6861.388592794488
2952.0	41	6862.095253253009
2953.0	35	6862.801428981473
2954.0	50	6863.507120133985
2955.0	42	6864.212326864651
2956.0	45	6864.917049327499
2957.0	30	6865.621287676536
2958.0	37	6866.325042065707
2959.0	36	6867.02831264895
2960.0	27	6867.731099580155
2961.0	40	6868.43340301313
2962.0	38	6869.135223101706
2963.0	42	6869.836559999614
2964.0	33	6870.537413860599
2965.0	46	6871.237784838315
2966.0	36	6871.937673086398
2967.0	38	6872.63707875848
2968.0	39	6873.336002008087
2969.0	34	6874.0344429887255
2970.0	40	6874.732401853922
2971.0	38	6875.429878757063
2972.0	48	6876.126873851576
2973.0	38	6876.823387290781
2974.0	34	6877.519419228028
2975.0	24	6878.21496981657
2976.0	41	6878.910039209671
2977.0	43	6879.604627560482
2978.0	32	6880.298735022204
2979.0	50	6880.992361747915
2980.0	40	6881.685507890715
2981.0	51	6882.378173603617
2982.0	27	6883.070359039616
2983.0	48	6883.762064351682
2984.0	49	6884.453289692701
2985.0	36	6885.144035215585
2986.0	55	6885.834301073129
2987.0	27	6886.524087418156
2988.0	41	6887.213394403394
2989.0	45	6887.902222181571
2990.0	42	6888.5905709053595
2991.0	42	6889.278440727373
2992.0	42	6889.965831800222
2993.0	33	6890.652744276471
2994.0	35	6891.339178308596
2995.0	32	6892.025134049081
2996.0	33	6892.710611650391
2997.0	36	6893.395611264872
2998.0	38	6894.080133044911
2999.0	35	6894.76417714279
3000.0	43	6895.447743710821
3001.0	40	6896.130832901187
3002.0	43	6896.813444866094
3003.0	44	6897.49557975772
3004.0	51	6898.177237728163
3005.0	40	6898.858418929477
3006.0	30	6899.539123513728
3007.0	41	6900.219351632876
3008.0	34	6900.899103438891
3009.0	44	6901.578379083676
3010.0	38	6902.257178719113
3011.0	29	6902.93550249703
3012.0	34	6903.613350569204
3013.0	41	6904.290723087395
3014.0	41	6904.967620203342
3015.0	38	6905.644042068708
3016.0	33	6906.3199888351055
3017.0	32	6906.9954606541205
3018.0	34	6907.67045767735
3019.0	34	6908.344980056252
3020.0	34	6909.019027942357
3021.0	40	6909.692601487057
3022.0	40	6910.365700841754
3023.0	28	6911.03832615783
3024.0	40	6911.710477586558
3025.0	39	6912.38215527924
3026.0	37	6913.053359387101
3027.0	32	6913.724090061325
3028.0	35	6914.394347453097
3029.0	38	6915.064131713513
3030.0	46	6915.73344299366
3031.0	29	6916.402281444544
3032.0	40	6917.070647217204
3033.0	35	6917.738540462579
3034.0	39	6918.405961331575
3035.0	28	6919.072909975066
3036.0	38	6919.739386543914
3037.0	42	6920.4053911889105
3038.0	42	6921.070924060797
3039.0	37	6921.735985310304
3040.0	30	6922.400575088119
3041.0	38	6923.064693544877
3042.0	40	6923.728340831156
3043.0	52	6924.391517097545
3044.0	42	6925.054222494546
3045.0	51	6925.716457172666
3046.0	35	6926.378221282302
3047.0	38	6927.039514973891
3048.0	32	6927.700338397798
3049.0	39	6928.360691704326
3050.0	46	6929.020575043767
3051.0	46	6929.679988566363
3052.0	32	6930.338932422348
3053.0	43	6930.997406761838
3054.0	49	6931.655411734972
3055.0	26	6932.3129474918405
3056.0	46	6932.970014182506
3057.0	38	6933.626611956958
3058.0	29	6934.282740965165
3059.0	37	6934.938401357068
3060.0	40	6935.59359328255
3061.0	34	6936.248316891452
3062.0	39	6936.90257233358
3063.0	40	6937.556359758713
3064.0	39	6938.209679316582
3065.0	43	6938.862531156873
3066.0	39	6939.514915429253
3067.0	37	6940.166832283318
3068.0	38	6940.818281868642
3069.0	37	6941.4692643347735
3070.0	41	6942.1197798312
3071.0	33	6942.76982850737
3072.0	38	6943.419410512708
3073.0	38	6944.0685259965885
3074.0	31	6944.717175108352
3075.0	36	6945.36535799729
3076.0	42	6946.0130748126485
3077.0	36	6946.660325703687
3078.0	38	6947.307110819563
3079.0	34	6947.953430309392
3080.0	49	6948.599284322299
3081.0	37	6949.244673007368
3082.0	37	6949.88959651359
3083.0	37	6950.534054989965
3084.0	43	6951.178048585428
3085.0	42	6951.821577448897
3086.0	43	6952.464641729231
3087.0	43	6953.107241575251
3088.0	34	6953.749377135767
3089.0	22	6954.391048559504
3090.0	35	6955.032255995169
3091.0	30	6955.672999591448
3092.0	35	6956.313279496976
3093.0	36	6956.953095860346
3094.0	37	6957.592448830093
3095.0	38	6958.231338554741
3096.0	41	6958.869765182777
3097.0	40	6959.50772886262
3098.0	34	6960.145229742669
3099.0	40	6960.782267971281
3100.0	43	6961.418843696788
3101.0	30	6962.054957067463
3102.0	50	6962.6906082315445
3103.0	44	6963.3257973372365
3104.0	40	6963.960524532686
3105.0	44	6964.594789966032
3106.0	33	6965.228593785366
3107.0	47	6965.861936138718
3108.0	39	6966.49481717411
3109.0	42	6967.1272370395045
3110.0	31	6967.759195882808
3111.0	38	6968.390693851939
3112.0	44	6969.021731094739
3113.0	43	6969.652307759026
3114.0	30	6970.282423992552
3115.0	43	6970.91207994308
3116.0	45	6971.541275758278
3117.0	37	6972.170011585814
3118.0	32	6972.798287573308
3119.0	34	6973.426103868335
3120.0	44	6974.05346061844
3121.0	39	6974.680357971121
3122.0	40	6975.30679607382
3123.0	42	6975.932775074007
3124.0	39	6976.558295119005
3125.0	45	6977.183356356222
3126.0	42	6977.807958932909
3127.0	40	6978.432102996372
3128.0	37	6979.055788693831
3129.0	37	6979.679016172471
3130.0	31	6980.301785579423
3131.0	38	6980.9240970618275
3132.0	33	6981.545950766751
3133.0	33	6982.167346841232
3134.0	44	6982.788285432264
3135.0	36	6983.408766686817
3136.0	41	6984.028790751768
3137.0	37	6984.648357774043
3138.0	36	6985.267467900453
3139.0	33	6985.886121277837
3140.0	36	6986.504318052927
3141.0	33	6987.122058372454
3142.0	38	6987.739342383108
3143.0	30	6988.356170231527
3144.0	38	6988.972542064354
3145.0	37	6989.588458028123
3146.0	33	6990.203918269386
3147.0	34	6990.818922934611
3148.0	51	6991.433472170286
3149.0	41	6992.047566122798
3150.0	48	6992.661204938549
3151.0	28	6993.274388763873
3152.0	54	6993.887117745056
3153.0	37	6994.499392028389
3154.0	33	6995.111211760062
3155.0	30	6995.722577086267
3156.0	38	6996.333488153169
3157.0	33	6996.943945106865
3158.0	40	6997.553948093423
3159.0	36	6998.163497258861
3160.0	38	6998.772592749197
3161.0	36	6999.381234710374
3162.0	31	6999.989423288303
3163.0	37	7000.597158628863
3164.0	55	7001.20444087789
3165.0	38	7001.811270181193
3166.0	45	7002.417646684519
3167.0	44	7003.02357053359
3168.0	43	7003.629041874123
3169.0	44	7004.234060851739
3170.0	37	7004.838627612032
3171.0	30	7005.4427423006
3172.0	28	7006.046405062952
3173.0	46	7006.649616044604
3174.0	44	7007.252375390965
3175.0	36	7007.854683247516
3176.0	33	7008.456539759589
3177.0	33	7009.057945072533
3178.0	34	7009.658899331641
3179.0	38	7010.2594026821835
3180.0	44	7010.859455269412
3181.0	38	7011.459057238466
3182.0	39	7012.058208734514
3183.0	30	7012.656909902679
3184.0	44	7013.255160887996
3185.0	42	7013.852961835535
3186.0	38	7014.450312890276
3187.0	39	7015.047214197178
3188.0	32	7015.6436659011315
3189.0	32	7016.239668147066
3190.0	41	7016.835221079783
3191.0	49	7017.430324844104
3192.0	41	7018.0249795847985
3193.0	43	7018.619185446573
3194.0	33	7019.212942574128
3195.0	45	7019.806251112131
3196.0	46	7020.39911120517
3197.0	31	7020.99152299783
3198.0	45	7021.58348663464
3199.0	41	7022.175002260096
3200.0	31	7022.766070018674
3201.0	43	7023.356690054783
3202.0	53	7023.946862512813
3203.0	41	7024.536587537105
3204.0	32	7025.125865271958
3205.0	43	7025.714695861671
3206.0	32	7026.303079450445
3207.0	38	7026.8910161824815
3208.0	44	7027.478506201943
3209.0	41	7028.065549652914
3210.0	42	7028.652146679537
3211.0	40	7029.2382974258
3212.0	38	7029.82400203573
3213.0	42	7030.409260653282
3214.0	32	7030.994073422386
3215.0	45	7031.578440486928
3216.0	40	7032.162361990767
3217.0	35	7032.745838077719
3218.0	38	7033.328868891529
3219.0	39	7033.911454575965
3220.0	33	7034.493595274725
3221.0	33	7035.075291131461
3222.0	35	7035.656542289788
3223.0	44	7036.237348893317
3224.0	31	7036.817711085568
3225.0	31	7037.397629010069
3226.0	34	7037.977102810274
3227.0	33	7038.556132629651
3228.0	38	7039.134718611554
3229.0	50	7039.712860899374
3230.0	30	7040.2905596363835
3231.0	29	7040.867814965923
3232.0	37	7041.444627031217
3233.0	23	7042.020995975465
3234.0	36	7042.596921941832
3235.0	45	7043.172405073477
3236.0	33	7043.747445513447
3237.0	32	7044.322043404829
3238.0	41	7044.896198890646
3239.0	35	7045.469912113863
3240.0	37	7046.043183217413
3241.0	30	7046.616012344225
3242.0	36	7047.188399637156
3243.0	49	7047.760345239013
3244.0	49	7048.331849292625
3245.0	25	7048.902911940713
3246.0	41	7049.473533326024
3247.0	36	7050.043713591193
3248.0	34	7050.6134528789225
3249.0	33	7051.182751331753
3250.0	44	7051.75160909227
3251.0	38	7052.320026303035
3252.0	31	7052.888003106491
3253.0	40	7053.455539645114
3254.0	29	7054.0226360613115
3255.0	32	7054.589292497464
3256.0	49	7055.155509095908
3257.0	29	7055.721285998942
3258.0	34	7056.286623348838
3259.0	28	7056.851521287817
3260.0	48	7057.415979958057
3261.0	36	7057.979999501732
3262.0	41	7058.543580060949
3263.0	36	7059.106721777769
3264.0	27	7059.669424794243
3265.0	37	7060.231689252386
3266.0	28	7060.793515294133
3267.0	32	7061.354903061412
3268.0	33	7061.915852696145
3269.0	40	7062.476364340153
3270.0	33	7063.036438135253
3271.0	31	7063.596074223221
3272.0	39	7064.155272745798
3273.0	34	7064.714033844692
3274.0	31	7065.272357661571
3275.0	40	7065.830244338035
3276.0	37	7066.387694015706
3277.0	41	7066.9447068361
3278.0	45	7067.50128294075
3279.0	33	7068.0574224711445
3280.0	45	7068.613125568716
3281.0	34	7069.168392374844
3282.0	46	7069.723223030919
3283.0	56	7070.277617678252
3284.0	36	7070.831576458139
3285.0	43	7071.3850995118255
3286.0	36	7071.938186980552
3287.0	39	7072.490839005459
3288.0	44	7073.043055727706
3289.0	35	7073.594837288397
3290.0	34	7074.146183828593
3291.0	42	7074.697095489326
3292.0	24	7075.247572411593
3293.0	37	7075.79761473633
3294.0	42	7076.347222604478
3295.0	39	7076.896396156886
3296.0	39	7077.445135534398
3297.0	27	7077.993440877854
3298.0	42	7078.541312327994
3299.0	39	7079.088750025553
3300.0	36	7079.635754111221
3301.0	46	7080.182324725678
3302.0	49	7080.72846200949
3303.0	34	7081.274166103266
3304.0	39	7081.8194371475865
3305.0	38	7082.364275282916
3306.0	45	7082.90868064972
3307.0	25	7083.452653388456
3308.0	41	7083.996193639515
3309.0	39	7084.5393015432555
3310.0	41	7085.081977239966
3311.0	36	7085.624220869977
3312.0	42	7086.166032573505
3313.0	40	7086.707412490787
3314.0	29	7087.24836076197
3315.0	43	7087.788877527208
3316.0	30	7088.328962926581
3317.0	28	7088.868617100169
3318.0	36	7089.407840187983
3319.0	41	7089.94663233002
3320.0	41	7090.484993666226
3321.0	38	7091.022924336521
3322.0	32	7091.560424480748
3323.0	36	7092.09749423881
3324.0	47	7092.634133750462
3325.0	51	7093.170343155446
3326.0	35	7093.706122593561
3327.0	38	7094.241472204475
3328.0	40	7094.776392127795
3329.0	41	7095.310882503187
3330.0	30	7095.844943470218
3331.0	33	7096.378575168434
3332.0	36	7096.911777737325
3333.0	39	7097.444551316392
3334.0	40	7097.976896045046
3335.0	48	7098.508812062687
3336.0	43	7099.040299508682
3337.0	35	7099.571358522332
3338.0	37	7100.101989242933
3339.0	56	7100.632191809755
3340.0	40	7101.161966361961
3341.0	39	7101.6913130387875
3342.0	37	7102.22023197933
3343.0	34	7102.748723322681
3344.0	39	7103.276787207955
3345.0	37	7103.80442377413
3346.0	36	7104.331633160203
3347.0	44	7104.858415505153
3348.0	39	7105.3847709478805
3349.0	43	7105.910699627261
3350.0	52	7106.436201682155
3351.0	33	7106.961277251372
3352.0	42	7107.485926473645
3353.0	46	7108.010149487753
3354.0	42	7108.5339464323415
3355.0	48	7109.057317446119
3356.0	32	7109.580262667674
3357.0	49	7110.102782235619
3358.0	33	7110.624876288493
3359.0	31	7111.146544964791
3360.0	28	7111.667788403028
3361.0	42	7112.188606741606
3362.0	41	7112.709000118962
3363.0	34	7113.228968673431
3364.0	45	7113.748512543342
3365.0	41	7114.267631867004
3366.0	25	7114.786326782673
3367.0	35	7115.30459742858
3368.0	37	7115.822443942875
3369.0	25	7116.339866463733
3370.0	31	7116.856865129245
3371.0	44	7117.3734400774865
3372.0	37	7117.889591446522
3373.0	45	7118.405319374311
3374.0	48	7118.920623998843
3375.0	47	7119.435505458033
3376.0	31	7119.949963889792
3377.0	36	7120.463999431949
3378.0	37	7120.977612222324
3379.0	40	7121.490802398696
3380.0	30	7122.003570098835
3381.0	45	7122.515915460421
3382.0	37	7123.027838621124
3383.0	39	7123.53933971861
3384.0	33	7124.0504188904515
3385.0	32	7124.561076274212
3386.0	32	7125.071312007441
3387.0	28	7125.581126227593
3388.0	29	7126.090519072137
3389.0	33	7126.599490678475
3390.0	30	7127.108041184022
3391.0	40	7127.616170726077
3392.0	39	7128.123879441981
3393.0	39	7128.631167468993
3394.0	31	7129.13803494434
3395.0	36	7129.644482005226
3396.0	40	7130.150508788809
3397.0	35	7130.6561154322235
3398.0	36	7131.161302072559
3399.0	39	7131.666068846856
3400.0	38	7132.170415892142
3401.0	46	7132.6743433453785
3402.0	36	7133.177851343525
3403.0	35	7133.6809400234815
3404.0	37	7134.183609522127
3405.0	42	7134.68585997629
3406.0	46	7135.187691522758
3407.0	39	7135.689104298303
3408.0	25	7136.190098439662
3409.0	42	7136.690674083521
3410.0	36	7137.190831366514
3411.0	34	7137.690570425271
3412.0	47	7138.189891396382
3413.0	35	7138.688794416368
3414.0	46	7139.187279621754
3415.0	36	7139.6853471490185
3416.0	35	7140.182997134584
3417.0	39	7140.680229714858
3418.0	45	7141.177045026182
3419.0	56	7141.673443204927
3420.0	45	7142.169424387352
3421.0	31	7142.6649887097055
3422.0	34	7143.160136308221
3423.0	36	7143.654867319089
3424.0	50	7144.149181878445
3425.0	37	7144.643080122405
3426.0	43	7145.136562187035
3427.0	45	7145.629628208364
3428.0	40	7146.122278322432
3429.0	42	7146.614512665174
3430.0	39	7147.106331372537
3431.0	42	7147.597734580391
3432.0	35	7148.0887224246135
3433.0	38	7148.5792950410205
3434.0	29	7149.0694525654235
3435.0	29	7149.559195133517
3436.0	40	7150.048522881072
3437.0	44	7150.537435943731
3438.0	41	7151.025934457142
3439.0	35	7151.514018556914
3440.0	38	7152.001688378623
3441.0	40	7152.488944057814
3442.0	32	7152.975785729949
3443.0	34	7153.462213530507
3444.0	38	7153.9482275949185
3445.0	33	7154.433828058596
3446.0	37	7154.919015056838
3447.0	39	7155.403788725022
3448.0	34	7155.888149198385
3449.0	39	7156.372096612209
3450.0	30	7156.855631101668
3451.0	41	7157.338752801957
3452.0	39	7157.8214618482325
3453.0	26	7158.303758375579
3454.0	52	7158.785642519052
3455.0	36	7159.26711441369
3456.0	38	7159.748174194503
3457.0	35	7160.228821996438
3458.0	37	7160.709057954415
3459.0	46	7161.188882203343
3460.0	37	7161.668294878047
3461.0	48	7162.147296113363
3462.0	36	7162.62588604406
3463.0	43	7163.104064804881
3464.0	35	7163.581832530555
3465.0	49	7164.0591893557275
3466.0	39	7164.536135415068
3467.0	41	7165.012670843148
3468.0	29	7165.4887957745395
3469.0	42	7165.964510343786
3470.0	60	7166.439814685377
3471.0	38	7166.914708933759
3472.0	33	7167.389193223384
3473.0	42	7167.863267688617
3474.0	32	7168.336932463815
3475.0	36	7168.810187683276
3476.0	34	7169.283033481301
3477.0	47	7169.755469992141
3478.0	48	7170.227497349997
3479.0	34	7170.699115689035
3480.0	38	7171.170325143394
3481.0	40	7171.641125847186
3482.0	43	7172.111517934479
3483.0	33	7172.581501539275
3484.0	35	7173.051076795614
3485.0	34	7173.520243837428
3486.0	36	7173.989002798641
3487.0	36	7174.457353813143
3488.0	46	7174.92529701481
3489.0	35	7175.392832537418
3490.0	35	7175.859960514775
3491.0	41	7176.326681080624
3492.0	46	7176.792994368693
3493.0	38	7177.25890051264
3494.0	33	7177.724399646095
3495.0	43	7178.189491902666
3496.0	30	7178.654177415939
3497.0	50	7179.118456319413
3498.0	35	7179.582328746643
3499.0	43	7180.045794831046
3500.0	31	7180.5088547060495
3501.0	41	7180.97150850508
3502.0	33	7181.433756361445
3503.0	48	7181.895598408501
3504.0	41	7182.35703477951
3505.0	38	7182.818065607755
3506.0	33	7183.278691026409
3507.0	36	7183.738911168696
3508.0	43	7184.198726167725
3509.0	51	7184.658136156592
3510.0	29	7185.117141268411
3511.0	32	7185.575741636193
3512.0	42	7186.0339373929455
3513.0	37	7186.491728671656
3514.0	31	7186.949115605223
3515.0	46	7187.4060983265545
3516.0	38	7187.862676968527
3517.0	43	7188.318851663931
3518.0	38	7188.774622545582
3519.0	30	7189.229989746234
3520.0	44	7189.68495339861
3521.0	41	7190.139513635374
3522.0	37	7190.593670589205
3523.0	39	7191.047424392689
3524.0	37	7191.50077517841
3525.0	42	7191.953723078926
3526.0	35	7192.406268226726
3527.0	33	7192.858410754299
3528.0	44	7193.310150794073
3529.0	36	7193.761488478437
3530.0	52	7194.2124239398
3531.0	44	7194.662957310464
3532.0	38	7195.113088722715
3533.0	39	7195.562818308829
3534.0	42	7196.012146201055
3535.0	35	7196.461072531527
3536.0	33	7196.909597432466
3537.0	32	7197.357721035963
3538.0	35	7197.805443474071
3539.0	46	7198.252764878884
3540.0	47	7198.699685382406
3541.0	40	7199.14620511663
3542.0	32	7199.592324213478
3543.0	33	7200.03804280487
3544.0	38	7200.483361022697
3545.0	31	7200.928278998764
3546.0	42	7201.372796864889
3547.0	29	7201.816914752865
3548.0	39	7202.260632794421
3549.0	34	7202.70395112123
3550.0	46	7203.146869864968
3551.0	35	7203.589389157272
3552.0	26	7204.031509129751
3553.0	29	7204.4732299139305
3554.0	39	7204.914551641348
3555.0	45	7205.355474443516
3556.0	33	7205.795998451868
3557.0	35	7206.236123797813
3558.0	44	7206.675850612756
3559.0	26	7207.115179028046
3560.0	33	7207.554109174986
3561.0	41	7207.992641184854
3562.0	38	7208.430775188915
3563.0	37	7208.868511318366
3564.0	41	7209.305849704374
3565.0	33	7209.742790478095
3566.0	36	7210.179333770626
3567.0	41	7210.615479713051
3568.0	35	7211.051228436369
3569.0	33	7211.486580071617
3570.0	29	7211.921534749754
3571.0	51	7212.3560926017035
3572.0	32	7212.7902537583595
3573.0	41	7213.22401835059
3574.0	38	7213.657386509236
3575.0	28	7214.090358365038
3576.0	41	7214.522934048819
3577.0	40	7214.95511369126
3578.0	39	7215.386897423054
3579.0	52	7215.818285374858
3580.0	38	7216.249277677282
3581.0	32	7216.679874460928
3582.0	39	7217.110075856308
3583.0	51	7217.5398819939865
3584.0	31	7217.969293004407
3585.0	32	7218.398309018007
3586.0	37	7218.826930165211
3587.0	46	7219.255156576397
3588.0	35	7219.682988381916
3589.0	45	7220.110425712029
3590.0	38	7220.53746869704
3591.0	40	7220.9641174671815
3592.0	41	7221.390372152661
3593.0	32	7221.816232883632
3594.0	33	7222.241699790208
3595.0	40	7222.666773002532
3596.0	44	7223.091452650633
3597.0	36	7223.515738864534
3598.0	35	7223.939631774249
3599.0	33	7224.363131509733
3600.0	34	7224.7862382008925
3601.0	43	7225.208951977635
3602.0	44	7225.6312729698275
3603.0	37	7226.053201307243
3604.0	39	7226.474737119691
3605.0	31	7226.895880536944
3606.0	34	7227.316631688708
3607.0	45	7227.736990704636
3608.0	39	7228.156957714409
3609.0	39	7228.576532847626
3610.0	32	7228.995716233862
3611.0	34	7229.41450800267
3612.0	36	7229.832908283555
3613.0	43	7230.250917205989
3614.0	28	7230.668534899411
3615.0	32	7231.085761493216
3616.0	45	7231.502597116807
3617.0	35	7231.919041899501
3618.0	40	7232.335095970604
3619.0	37	7232.750759459363
3620.0	48	7233.166032495031
3621.0	35	7233.580915206828
3622.0	39	7233.995407723876
3623.0	30	7234.409510175316
3624.0	41	7234.823222690268
3625.0	35	7235.236545397757
3626.0	38	7235.649478426846
3627.0	47	7236.062021906509
3628.0	37	7236.474175965701
3629.0	43	7236.885940733357
3630.0	40	7237.29731633835
3631.0	32	7237.70830290955
3632.0	50	7238.1189005757815
3633.0	33	7238.529109465804
3634.0	43	7238.938929708389
3635.0	51	7239.348361432253
3636.0	40	7239.757404766093
3637.0	31	7240.166059838517
3638.0	41	7240.574326778189
3639.0	34	7240.982205713651
3640.0	49	7241.389696773475
3641.0	48	7241.796800086156
3642.0	34	7242.203515780178
3643.0	39	7242.609843983982
3644.0	28	7243.015784825978
3645.0	35	7243.421338434549
3646.0	45	7243.826504938016
3647.0	29	7244.2312844646995
3648.0	46	7244.635677142876
3649.0	28	7245.039683100777
3650.0	41	7245.443302466609
3651.0	33	7245.846535368524
3652.0	36	7246.249381934691
3653.0	31	7246.651842293174
3654.0	52	7247.053916572075
3655.0	31	7247.455604899392
3656.0	31	7247.856907403164
3657.0	42	7248.257824211317
3658.0	31	7248.658355451806
3659.0	29	7249.0585012525235
3660.0	47	7249.458261741313
3661.0	50	7249.857637046025
3662.0	27	7250.2566272944505
3663.0	38	7250.65523261434
3664.0	45	7251.053453133425
3665.0	28	7251.4512889794005
3666.0	38	7251.84874027992
3667.0	40	7252.245807162608
3668.0	40	7252.642489755049
3669.0	45	7253.038788184813
3670.0	35	7253.434702579401
3671.0	46	7253.830233066309
3672.0	33	7254.225379772999
3673.0	42	7254.62014282689
3674.0	35	7255.014522355353
3675.0	42	7255.408518485755
3676.0	34	7255.80213134541
3677.0	40	7256.195361061585
3678.0	41	7256.588207761551
3679.0	40	7256.98067157251
3680.0	38	7257.372752621668
3681.0	32	7257.764451036134
3682.0	38	7258.15576694305
3683.0	40	7258.546700469503
3684.0	37	7258.9372517425
3685.0	33	7259.327420889093
3686.0	52	7259.717208036232
3687.0	39	7260.106613310902
3688.0	34	7260.4956368399635
3689.0	32	7260.884278750301
3690.0	35	7261.272539168788
3691.0	36	7261.660418222215
3692.0	26	7262.047916037374
3693.0	34	7262.435032740961
3694.0	43	7262.821768459729
3695.0	38	7263.20812332034
3696.0	36	7263.594097449422
3697.0	30	7263.979690973593
3698.0	35	7264.364904019419
3699.0	30	7264.74973671344
3700.0	41	7265.134189182144
3701.0	49	7265.518261552031
3702.0	43	7265.901953949539
3703.0	35	7266.285266501035
3704.0	39	7266.6681993328975
3705.0	41	7267.050752571505
3706.0	34	7267.432926343124
3707.0	40	7267.814720774026
3708.0	28	7268.196135990446
3709.0	31	7268.577172118574
3710.0	27	7268.9578292846
3711.0	34	7269.338107614657
3712.0	30	7269.718007234824
3713.0	37	7270.09752827119
3714.0	32	7270.476670849753
3715.0	41	7270.855435096543
3716.0	34	7271.233821137516
3717.0	32	7271.611829098616
3718.0	31	7271.9894591057055
3719.0	44	7272.366711284676
3720.0	46	7272.74358576137
3721.0	49	7273.120082661556
3722.0	37	7273.496202111015
3723.0	27	7273.871944235472
3724.0	34	7274.247309160608
3725.0	37	7274.622297012107
3726.0	39	7274.9969079155935
3727.0	21	7275.371141996653
3728.0	39	7275.7449993808605
3729.0	37	7276.118480193735
3730.0	31	7276.491584560782
3731.0	36	7276.864312607447
3732.0	49	7277.236664459168
3733.0	35	7277.608640241336
3734.0	32	7277.980240079319
3735.0	34	7278.351464098437
3736.0	49	7278.722312423982
3737.0	45	7279.092785181217
3738.0	40	7279.46288249535
3739.0	51	7279.832604491622
3740.0	36	7280.201951295155
3741.0	45	7280.57092303108
3742.0	33	7280.939519824509
3743.0	39	7281.307741800469
3744.0	35	7281.675589084002
3745.0	41	7282.04306180012
3746.0	37	7282.410160073764
3747.0	41	7282.776884029841
3748.0	37	7283.143233793282
3749.0	46	7283.50920948892
3750.0	40	7283.874811241588
3751.0	42	7284.240039176082
3752.0	40	7284.604893417158
3753.0	37	7284.969374089538
3754.0	36	7285.333481317917
3755.0	40	7285.697215226956
3756.0	30	7286.060575941283
3757.0	42	7286.423563585486
3758.0	34	7286.786178284125
3759.0	45	7287.148420161711
3760.0	43	7287.510289342779
3761.0	36	7287.871785951747
3762.0	39	7288.232910113036
3763.0	42	7288.593661951072
3764.0	30	7288.9540415902
3765.0	39	7289.314049154748
3766.0	44	7289.673684768995
3767.0	37	7290.032948557219
3768.0	40	7290.39184064364
3769.0	45	7290.75036115244
3770.0	37	7291.108510207798
3771.0	45	7291.46628793382
3772.0	30	7291.823694454627
3773.0	39	7292.180729894255
3774.0	25	7292.537394376732
3775.0	38	7292.893688026067
3776.0	59	7293.2496109662125
3777.0	35	7293.605163321102
3778.0	30	7293.960345214622
3779.0	34	7294.315156770634
3780.0	37	7294.669598112967
3781.0	44	7295.023669365415
3782.0	28	7295.37737065175
3783.0	36	7295.730702095694
3784.0	42	7296.083663820937
3785.0	42	7296.436255951148
3786.0	37	7296.788478609955
3787.0	50	7297.1403319209685
3788.0	44	7297.491816007726
3789.0	42	7297.842930993773
3790.0	39	7298.193677002604
3791.0	48	7298.544054157687
3792.0	35	7298.894062582447
3793.0	45	7299.243702400278
3794.0	30	7299.592973734566
3795.0	43	7299.9418767086345
3796.0	47	7300.290411445756
3797.0	26	7300.638578069233
3798.0	44	7300.986376702286
3799.0	30	7301.333807468111
3800.0	42	7301.68087048987
3801.0	33	7302.027565890714
3802.0	45	7302.373893793726
3803.0	41	7302.719854321992
3804.0	38	7303.065447598536
3805.0	30	7303.41067374638
3806.0	50	7303.755532888447
3807.0	43	7304.100025147729
3808.0	36	7304.444150647088
3809.0	39	7304.787909509422
3810.0	40	7305.131301857551
3811.0	64	7305.474327814293
3812.0	41	7305.816987502426
3813.0	34	7306.159281044661
3814.0	40	7306.5012085637245
3815.0	35	7306.842770182281
3816.0	34	7307.183966022991
3817.0	35	7307.524796208451
3818.0	30	7307.865260861222
3819.0	30	7308.205360103863
3820.0	37	7308.545094058873
3821.0	38	7308.88446284875
3822.0	27	7309.223466595911
3823.0	40	7309.562105422777
3824.0	40	7309.900379451727
3825.0	40	7310.238288805118
3826.0	43	7310.5758336052395
3827.0	34	7310.913013974395
3828.0	47	7311.249830034823
3829.0	43	7311.586281908722
3830.0	40	7311.922369718282
3831.0	53	7312.25809358569
3832.0	37	7312.593453633
3833.0	30	7312.928449982335
3834.0	37	7313.263082755737
3835.0	50	7313.597352075225
3836.0	35	7313.931258062771
3837.0	37	7314.264800840349
3838.0	32	7314.597980529899
3839.0	32	7314.930797253246
3840.0	35	7315.263251132275
3841.0	44	7315.5953422888215
3842.0	40	7315.927070844666
3843.0	26	7316.25843692158
3844.0	44	7316.589440641257
3845.0	34	7316.920082125409
3846.0	43	7317.250361495685
3847.0	39	7317.580278873733
3848.0	32	7317.909834381117
3849.0	37	7318.239028139424
3850.0	23	7318.567860270167
3851.0	43	7318.896330894839
3852.0	32	7319.2244401349135
3853.0	47	7319.552188111835
3854.0	42	7319.87957494696
3855.0	31	7320.206600761707
3856.0	39	7320.533265677385
3857.0	40	7320.85956981528
3858.0	40	7321.185513296664
3859.0	30	7321.511096242812
3860.0	41	7321.836318774878
3861.0	30	7322.161181014063
3862.0	45	7322.485683081484
3863.0	32	7322.809825098263
3864.0	47	7323.133607185475
3865.0	32	7323.457029464162
3866.0	43	7323.780092055325
3867.0	30	7324.102795079938
3868.0	38	7324.425138658955
3869.0	38	7324.747122913267
3870.0	32	7325.068747963765
3871.0	42	7325.390013931321
3872.0	28	7325.710920936705
3873.0	51	7326.0314691007225
3874.0	46	7326.351658544134
3875.0	38	7326.671489387637
3876.0	43	7326.990961751915
3877.0	40	7327.310075757621
3878.0	50	7327.628831525401
3879.0	53	7327.947229175814
3880.0	43	7328.265268829408
3881.0	35	7328.582950606741
3882.0	35	7328.900274628286
3883.0	31	7329.217241014489
3884.0	49	7329.5338498857855
3885.0	36	7329.850101362579
3886.0	34	7330.165995565227
3887.0	32	7330.48153261404
3888.0	41	7330.7967126293315
3889.0	45	7331.111535731362
3890.0	43	7331.426002040368
3891.0	40	7331.740111676549
3892.0	31	7332.053864760061
3893.0	37	7332.367261411054
3894.0	27	7332.680301749625
3895.0	42	7332.992985895844
3896.0	41	7333.305313969767
3897.0	36	7333.617286091377
3898.0	45	7333.928902380656
3899.0	34	7334.240162957543
3900.0	32	7334.551067941954
3901.0	33	7334.861617453782
3902.0	34	7335.171811612845
3903.0	40	7335.48165053897
3904.0	35	7335.791134351934
3905.0	32	7336.100263171489
3906.0	40	7336.409037117358
3907.0	32	7336.717456309206
3908.0	38	7337.025520866727
3909.0	40	7337.33323090949
3910.0	48	7337.640586557118
3911.0	42	7337.947587929172
3912.0	35	7338.254235145144
3913.0	31	7338.560528324546
3914.0	33	7338.866467586845
3915.0	35	7339.1720530514685
3916.0	47	7339.477284837803
3917.0	32	7339.782163065226
3918.0	30	7340.086687853052
3919.0	36	7340.390859320576
3920.0	40	7340.694677587099
3921.0	27	7340.998142771839
3922.0	33	7341.301254993986
3923.0	35	7341.604014372733
3924.0	40	7341.906421027211
3925.0	40	7342.208475076538
3926.0	37	7342.510176639783
3927.0	34	7342.811525835976
3928.0	34	7343.112522784142
3929.0	40	7343.413167603278
3930.0	48	7343.713460412309
3931.0	35	7344.013401330161
3932.0	32	7344.312990475705
3933.0	46	7344.612227967812
3934.0	42	7344.911113925304
3935.0	29	7345.209648466952
3936.0	33	7345.507831711518
3937.0	26	7345.805663777735
3938.0	40	7346.103144784298
3939.0	35	7346.400274849858
3940.0	35	7346.697054093055
3941.0	42	7346.993482632467
3942.0	39	7347.289560586679
3943.0	36	7347.585288074215
3944.0	32	7347.880665213599
3945.0	37	7348.175692123268
3946.0	29	7348.470368921677
3947.0	41	7348.764695727225
3948.0	41	7349.058672658309
3949.0	45	7349.352299833231
3950.0	46	7349.64557737034
3951.0	35	7349.938505387901
3952.0	44	7350.23108400416
3953.0	30	7350.523313337336
3954.0	41	7350.8151935056185
3955.0	29	7351.106724627149
3956.0	48	7351.397906820048
3957.0	38	7351.688740202394
3958.0	38	7351.9792248922795
3959.0	36	7352.269361007708
3960.0	26	7352.559148666664
3961.0	36	7352.8485879871205
3962.0	41	7353.137679087018
3963.0	41	7353.426422084237
3964.0	39	7353.714817096635
3965.0	36	7354.00286424208
3966.0	31	7354.290563638349
3967.0	38	7354.577915403229
3968.0	42	7354.864919654454
3969.0	35	7355.151576509729
3970.0	30	7355.437886086733
3971.0	38	7355.723848503118
3972.0	29	7356.009463876497
3973.0	41	7356.294732324434
3974.0	51	7356.579653964494
3975.0	36	7356.864228914206
3976.0	41	7357.148457291052
3977.0	30	7357.43233921246
3978.0	49	7357.715874795879
3979.0	34	7357.999064158705
3980.0	46	7358.281907418308
3981.0	35	7358.564404691983
3982.0	32	7358.846556097053
3983.0	47	7359.128361750765
3984.0	37	7359.409821770371
3985.0	40	7359.690936273082
3986.0	40	7359.971705376046
3987.0	44	7360.252129196411
3988.0	40	7360.5322078512945
3989.0	44	7360.811941457771
3990.0	47	7361.091330132887
3991.0	40	7361.370373993666
3992.0	36	7361.649073157048
3993.0	49	7361.9274277400245
3994.0	34	7362.20543785951
3995.0	30	7362.483103632395
3996.0	40	7362.760425175529
3997.0	38	7363.037402605745
3998.0	37	7363.314036039814
3999.0	31	7363.590325594528
4000.0	34	7363.866271386594
4001.0	41	7364.1418735327325
4002.0	42	7364.417132149605
4003.0	40	7364.692047353837
4004.0	35	7364.96661926206
4005.0	44	7365.240847990825
4006.0	40	7365.514733656687
4007.0	39	7365.788276376151
4008.0	35	7366.061476265703
4009.0	37	7366.334333441799
4010.0	38	7366.606848020824
4011.0	46	7366.879020119204
4012.0	37	7367.150849853271
4013.0	28	7367.422337339363
4014.0	39	7367.693482693769
4015.0	54	7367.964286032732
4016.0	36	7368.234747472498
4017.0	43	7368.504867129273
4018.0	38	7368.774645119219
4019.0	53	7369.044081558447
4020.0	45	7369.313176563103
4021.0	34	7369.581930249236
4022.0	30	7369.850342732883
4023.0	33	7370.118414130082
4024.0	43	7370.386144556786
4025.0	35	7370.653534128957
4026.0	53	7370.920582962502
4027.0	36	7371.187291173325
4028.0	46	7371.453658877259
4029.0	47	7371.71968619015
4030.0	40	7371.985373227774
4031.0	39	7372.2507201059
4032.0	36	7372.515726940261
4033.0	40	7372.780393846565
4034.0	31	7373.044720940438
4035.0	41	7373.308708337573
4036.0	36	7373.572356153529
4037.0	34	7373.835664503909
4038.0	45	7374.098633504263
4039.0	38	7374.361263270072
4040.0	38	7374.623553916834
4041.0	46	7374.885505559995
4042.0	33	7375.147118315004
4043.0	31	7375.408392297209
4044.0	36	7375.669327621975
4045.0	36	7375.92992440464
4046.0	39	7376.190182760494
4047.0	41	7376.450102804824
4048.0	33	7376.7096846528175
4049.0	38	7376.968928419691
4050.0	41	7377.227834220638
4051.0	39	7377.48640217078
4052.0	40	7377.744632385244
4053.0	41	7378.002524979069
4054.0	41	7378.260080067333
4055.0	38	7378.517297765039
4056.0	29	7378.774178187186
4057.0	43	7379.030721448724
4058.0	34	7379.286927664552
4059.0	36	7379.5427969495895
4060.0	40	7379.798329418695
4061.0	27	7380.053525186687
4062.0	35	7380.308384368371
4063.0	35	7380.562907078503
4064.0	34	7380.817093431844
4065.0	34	7381.070943543079
4066.0	33	7381.32445752691
4067.0	35	7381.577635497944
4068.0	30	7381.830477570821
4069.0	44	7382.082983860114
4070.0	35	7382.335154480386
4071.0	28	7382.586989546153
4072.0	35	7382.838489171877
4073.0	35	7383.08965347206
4074.0	25	7383.340482561112
4075.0	36	7383.590976553421
4076.0	39	7383.841135563376
4077.0	43	7384.090959705294
4078.0	37	7384.340449093481
4079.0	32	7384.58960384223
4080.0	30	7384.838424065765
4081.0	34	7385.086909878301
4082.0	49	7385.3350613940265
4083.0	35	7385.5828787270975
4084.0	33	7385.830361991619
4085.0	41	7386.077511301698
4086.0	38	7386.324326771377
4087.0	37	7386.5708085146925
4088.0	32	7386.816956645637
4089.0	41	7387.06277127819
4090.0	32	7387.308252526268
4091.0	41	7387.553400503798
4092.0	44	7387.798215324645
4093.0	42	7388.042697102638
4094.0	41	7388.286845951615
4095.0	47	7388.530661985336
4096.0	27	7388.774145317562
4097.0	41	7389.017296062024
4098.0	44	7389.260114332401
4099.0	35	7389.502600242349
4100.0	29	7389.744753905521
4101.0	46	7389.986575435487
4102.0	40	7390.228064945831
4103.0	41	7390.469222550073
4104.0	43	7390.710048361751
4105.0	34	7390.950542494307
4106.0	38	7391.190705061203
4107.0	40	7391.430536175858
4108.0	33	7391.670035951629
4109.0	27	7391.909204501922
4110.0	23	7392.148041940016
4111.0	46	7392.386548379205
4112.0	34	7392.624723932789
4113.0	36	7392.862568713953
4114.0	40	7393.100082835918
4115.0	37	7393.337266411859
4116.0	33	7393.5741195549
4117.0	38	7393.810642378174
4118.0	36	7394.046834994732
4119.0	33	7394.2826975176395
4120.0	45	7394.51823005993
4121.0	41	7394.753432734551
4122.0	47	7394.988305654486
4123.0	37	7395.222848932661
4124.0	25	7395.457062681957
4125.0	37	7395.690947015252
4126.0	34	7395.924502045364
4127.0	31	7396.157727885136
4128.0	32	7396.390624647296
4129.0	28	7396.623192444619
4130.0	36	7396.855431389807
4131.0	40	7397.087341595531
4132.0	48	7397.318923174473
4133.0	41	7397.550176239225
4134.0	25	7397.7811009023935
4135.0	31	7398.011697276526
4136.0	46	7398.241965474183
4137.0	33	7398.471905607842
4138.0	36	7398.701517789963
4139.0	37	7398.930802133
4140.0	40	7399.159758749374
4141.0	35	7399.388387751446
4142.0	41	7399.616689251567
4143.0	41	7399.844663362058
4144.0	43	7400.072310195198
4145.0	23	7400.299629863268
4146.0	48	7400.526622478489
4147.0	36	7400.75328815302
4148.0	41	7400.979626999082
4149.0	34	7401.205639128775
4150.0	46	7401.431324654231
4151.0	43	7401.656683687507
4152.0	40	7401.881716340641
4153.0	37	7402.106422725662
4154.0	40	7402.330802954567
4155.0	38	7402.554857139282
4156.0	33	7402.778585391772
4157.0	25	7403.0019878238845
4158.0	49	7403.225064547517
4159.0	29	7403.447815674485
4160.0	39	7403.670241316599
4161.0	41	7403.892341585635
4162.0	42	7404.11411659334
4163.0	51	7404.335566451411
4164.0	33	7404.5566912715585
4165.0	37	7404.777491165405
4166.0	45	7404.997966244595
4167.0	41	7405.218116620712
4168.0	38	7405.437942405306
4169.0	31	7405.657443709937
4170.0	45	7405.876620646081
4171.0	36	7406.095473325223
4172.0	47	7406.314001858811
4173.0	41	7406.532206358251
4174.0	33	7406.750086934933
4175.0	41	7406.967643700185
4176.0	41	7407.184876765334
4177.0	36	7407.401786241679
4178.0	36	7407.618372240493
4179.0	40	7407.834634872994
4180.0	48	7408.050574250392
4181.0	38	7408.266190483848
4182.0	41	7408.48148368449
4183.0	35	7408.696453963474
4184.0	37	7408.91110143183
4185.0	33	7409.125426200639
4186.0	31	7409.339428380927
4187.0	46	7409.553108083656
4188.0	37	7409.766465419814
4189.0	50	7409.979500500318
4190.0	32	7410.19221343607
4191.0	32	7410.404604337947
4192.0	37	7410.616673316786
4193.0	36	7410.8284204834
4194.0	28	7411.039845948589
4195.0	41	7411.250949823063
4196.0	35	7411.461732217568
4197.0	31	7411.672193242799
4198.0	39	7411.8823330094065
4199.0	39	7412.092151628015
4200.0	38	7412.301649209258
4201.0	36	7412.510825863683
4202.0	36	7412.719681701826
4203.0	37	7412.9282168342115
4204.0	46	7413.13643137134
4205.0	46	7413.344325423618
4206.0	37	7413.551899101493
4207.0	31	7413.759152515369
4208.0	38	7413.966085775598
4209.0	31	7414.1726989925055
4210.0	50	7414.378992276386
4211.0	37	7414.584965737548
4212.0	40	7414.79061948621
4213.0	40	7414.995953632588
4214.0	20	7415.200968286857
4215.0	34	7415.4056635591905
4216.0	45	7415.610039559696
4217.0	26	7415.814096398494
4218.0	37	7416.017834185613
4219.0	26	7416.2212530310935
4220.0	37	7416.424353044962
4221.0	34	7416.62713433719
4222.0	34	7416.829597017712
4223.0	38	7417.03174119644
4224.0	54	7417.233566983271
4225.0	34	7417.435074488068
4226.0	27	7417.636263820622
4227.0	33	7417.837135090785
4228.0	38	7418.03768840829
4229.0	28	7418.237923882863
4230.0	36	7418.437841624232
4231.0	48	7418.637441742078
4232.0	35	7418.836724346032
4233.0	42	7419.035689545724
4234.0	36	7419.234337450739
4235.0	42	7419.43266817065
4236.0	38	7419.6306818149815
4237.0	46	7419.8283784932055
4238.0	42	7420.025758314828
4239.0	41	7420.222821389265
4240.0	36	7420.419567825954
4241.0	44	7420.615997734255
4242.0	39	7420.812111223528
4243.0	29	7421.007908403083
4244.0	32	7421.203389382233
4245.0	33	7421.39855427024
4246.0	37	7421.593403176317
4247.0	50	7421.787936209689
4248.0	36	7421.98215347951
4249.0	42	7422.176055094954
4250.0	29	7422.369641165116
4251.0	42	7422.562911799076
4252.0	30	7422.755867105906
4253.0	42	7422.948507194636
4254.0	36	7423.140832174233
4255.0	28	7423.332842153695
4256.0	47	7423.524537241963
4257.0	33	7423.715917547915
4258.0	28	7423.906983180456
4259.0	45	7424.097734248437
4260.0	44	7424.2881708606565
4261.0	34	7424.478293125914
4262.0	43	7424.668101152992
4263.0	44	7424.857595050594
4264.0	35	7425.04677492746
4265.0	39	7425.235640892212
4266.0	48	7425.424193053528
4267.0	44	7425.612431520016
4268.0	39	7425.800356400264
4269.0	31	7425.987967802806
4270.0	39	7426.175265836176
4271.0	47	7426.362250608909
4272.0	36	7426.548922229428
4273.0	41	7426.735280806167
4274.0	43	7426.921326447587
4275.0	41	7427.107059262005
4276.0	34	7427.292479357799
4277.0	35	7427.477586843301
4278.0	44	7427.662381826792
4279.0	40	7427.846864416513
4280.0	43	7428.031034720719
4281.0	35	7428.214892847619
4282.0	39	7428.398438905367
4283.0	53	7428.581673002116
4284.0	36	7428.764595245983
4285.0	38	7428.9472057450475
4286.0	52	7429.129504607389
4287.0	36	7429.311491940984
4288.0	42	7429.493167853894
4289.0	55	7429.674532454031
4290.0	52	7429.855585849382
4291.0	41	7430.036328147819
4292.0	37	7430.216759457263
4293.0	53	7430.396879885523
4294.0	37	7430.57668954044
4295.0	33	7430.756188529798
4296.0	32	7430.935376961382
4297.0	31	7431.1142549429105
4298.0	37	7431.2928225821115
4299.0	37	7431.471079986624
4300.0	27	7431.649027264123
4301.0	25	7431.826664522216
4302.0	43	7432.00399186849
4303.0	35	7432.1810094105185
4304.0	40	7432.357717255819
4305.0	33	7432.534115511889
4306.0	39	7432.710204286224
4307.0	34	7432.885983686247
4308.0	32	7433.061453819366
4309.0	27	7433.236614792972
4310.0	42	7433.411466714431
4311.0	21	7433.586009691079
4312.0	39	7433.760243830179
4313.0	43	7433.934169239038
4314.0	36	7434.107786024854
4315.0	34	7434.281094294867
4316.0	46	7434.454094156264
4317.0	49	7434.626785716163
4318.0	55	7434.799169081715
4319.0	40	7434.97124436001
4320.0	36	7435.143011658113
4321.0	32	7435.314471083053
4322.0	24	7435.4856227418395
4323.0	39	7435.656466741443
4324.0	44	7435.827003188825
4325.0	38	7435.997232190913
4326.0	44	7436.16715385458
4327.0	34	7436.336768286683
4328.0	33	7436.50607559408
4329.0	52	7436.675075883546
4330.0	42	7436.843769261886
4331.0	47	7437.012155835817
4332.0	41	7437.1802357120605
4333.0	26	7437.348008997343
4334.0	44	7437.515475798264
4335.0	38	7437.682636221511
4336.0	31	7437.849490373645
4337.0	29	7438.016038361234
4338.0	42	7438.1822802908555
4339.0	26	7438.348216269012
4340.0	29	7438.51384640217
4341.0	34	7438.679170796797
4342.0	42	7438.844189559339
4343.0	44	7439.008902796172
4344.0	34	7439.173310613676
4345.0	40	7439.337413118201
4346.0	18	7439.501210416023
4347.0	35	7439.664702613463
4348.0	45	7439.82788981676
4349.0	27	7439.990772132161
4350.0	43	7440.153349665822
4351.0	25	7440.315622523948
4352.0	45	7440.477590812643
4353.0	37	7440.639254638059
4354.0	36	7440.8006141062515
4355.0	46	7440.961669323272
4356.0	41	7441.1224203951615
4357.0	37	7441.282867427894
4358.0	40	7441.443010527456
4359.0	45	7441.602849799784
4360.0	49	7441.76238535077
4361.0	37	7441.921617286285
4362.0	31	7442.080545712218
4363.0	34	7442.239170734382
4364.0	23	7442.397492458542
4365.0	29	7442.555510990496
4366.0	29	7442.713226435962
4367.0	43	7442.870638900652
4368.0	42	7443.02774849025
4369.0	40	7443.1845553104
4370.0	36	7443.341059466735
4371.0	30	7443.497261064825
4372.0	35	7443.653160210266
4373.0	28	7443.808757008571
4374.0	29	7443.964051565249
4375.0	28	7444.119043985771
4376.0	38	7444.273734375617
4377.0	44	7444.42812284018
4378.0	33	7444.582209484852
4379.0	33	7444.735994415015
4380.0	41	7444.889477735998
4381.0	27	7445.042659553097
4382.0	43	7445.195539971612
4383.0	40	7445.348119096761
4384.0	35	7445.500397033795
4385.0	37	7445.652373887894
4386.0	42	7445.804049764216
4387.0	35	7445.955424767905
4388.0	52	7446.106499004052
4389.0	33	7446.257272577749
4390.0	40	7446.407745594041
4391.0	33	7446.557918157961
4392.0	44	7446.707790374487
4393.0	31	7446.857362348578
4394.0	34	7447.006634185177
4395.0	44	7447.155605989203
4396.0	34	7447.304277865505
4397.0	45	7447.45264991896
4398.0	33	7447.600722254384
4399.0	36	7447.748494976565
4400.0	42	7447.895968190263
4401.0	29	7448.043142000203
4402.0	41	7448.190016511134
4403.0	33	7448.336591827686
4404.0	32	7448.482868054561
4405.0	40	7448.628845296322
4406.0	43	7448.774523657597
4407.0	36	7448.919903242943
4408.0	39	7449.06498415691
4409.0	34	7449.2097665039855
4410.0	37	7449.354250388675
4411.0	32	7449.4984359153905
4412.0	37	7449.6423231885965
4413.0	41	7449.785912312676
4414.0	26	7449.929203391978
4415.0	39	7450.072196530848
4416.0	32	7450.214891833594
4417.0	30	7450.35728940451
4418.0	39	7450.499389347843
4419.0	31	7450.6411917678115
4420.0	38	7450.7826967686115
4421.0	43	7450.923904454423
4422.0	34	7451.064814929366
4423.0	37	7451.20542829757
4424.0	33	7451.3457446631055
4425.0	36	7451.485764130033
4426.0	30	7451.625486802369
4427.0	46	7451.764912784133
4428.0	36	7451.904042179269
4429.0	29	7452.042875091741
4430.0	36	7452.181411625442
4431.0	42	7452.319651884266
4432.0	40	7452.457595972073
4433.0	22	7452.595243992685
4434.0	29	7452.732596049909
4435.0	42	7452.869652247496
4436.0	44	7453.006412689238
4437.0	33	7453.142877478785
4438.0	35	7453.279046719876
4439.0	45	7453.4149205161375
4440.0	44	7453.550498971211
4441.0	33	7453.68578218871
4442.0	32	7453.820770272203
4443.0	41	7453.955463325234
4444.0	37	7454.089861451307
4445.0	41	7454.223964753929
4446.0	29	7454.357773336569
4447.0	42	7454.491287302655
4448.0	32	7454.6245067555665
4449.0	35	7454.757431798695
4450.0	40	7454.890062535396
4451.0	42	7455.022399069015
4452.0	37	7455.154441502791
4453.0	32	7455.286189940025
4454.0	35	7455.417644483944
4455.0	38	7455.548805237758
4456.0	34	7455.679672304648
4457.0	37	7455.810245787776
4458.0	44	7455.940525790226
4459.0	37	7456.070512415153
4460.0	33	7456.200205765568
4461.0	24	7456.3296059445565
4462.0	38	7456.458713055104
4463.0	45	7456.587527200201
4464.0	47	7456.716048482799
4465.0	36	7456.844277005838
4466.0	45	7456.972212872215
4467.0	30	7457.099856184793
4468.0	42	7457.227207046419
4469.0	39	7457.354265559909
4470.0	39	7457.481031828045
4471.0	31	7457.6075059536115
4472.0	31	7457.73368803931
4473.0	37	7457.859578187868
4474.0	29	7457.98517650193
4475.0	36	7458.110483084169
4476.0	44	7458.235498037212
4477.0	36	7458.3602214636185
4478.0	40	7458.484653465986
4479.0	34	7458.608794146832
4480.0	29	7458.732643608678
4481.0	37	7458.856201953983
4482.0	31	7458.979469285219
4483.0	31	7459.1024457048015
4484.0	38	7459.225131315117
4485.0	36	7459.34752621857
4486.0	30	7459.469630517453
4487.0	45	7459.591444314122
4488.0	40	7459.712967710834
4489.0	32	7459.834200809838
4490.0	45	7459.9551437134105
4491.0	31	7460.075796523711
4492.0	34	7460.196159342915
4493.0	45	7460.316232273175
4494.0	25	7460.436015416632
4495.0	38	7460.5555088753445
4496.0	38	7460.674712751381
4497.0	44	7460.793627146776
4498.0	35	7460.912252163552
4499.0	36	7461.030587903667
4500.0	28	7461.148634469078
4501.0	47	7461.2663919617235
4502.0	35	7461.383860483485
4503.0	50	7461.50104013622
4504.0	33	7461.617931021789
4505.0	38	7461.734533242002
4506.0	34	7461.850846898624
4507.0	45	7461.966872093417
4508.0	30	7462.082608928133
4509.0	37	7462.198057504448
4510.0	38	7462.313217924056
4511.0	49	7462.428090288583
4512.0	40	7462.54267469965
4513.0	27	7462.656971258857
4514.0	40	7462.77098006777
4515.0	36	7462.884701227902
4516.0	32	7462.99813484079
4517.0	35	7463.11128100789
4518.0	23	7463.224139830656
4519.0	49	7463.3367114105195
4520.0	50	7463.44899584888
4521.0	48	7463.560993247099
4522.0	35	7463.672703706519
4523.0	40	7463.784127328454
4524.0	29	7463.895264214202
4525.0	34	7464.006114465003
4526.0	31	7464.116678182088
4527.0	49	7464.226955466672
