time	whole_blood_radioactivity	plasma_radioactivity
-6533.0	59	0.0
-6532.0	52	0.0
-6531.0	47	0.0
-6530.0	36	0.0
-6529.0	44	0.0
-6528.0	28	0.0
-6527.0	42	0.0
-6526.0	50	0.0
-6525.0	48	0.0
-6524.0	44	0.0
-6523.0	52	0.0
-6522.0	38	0.0
-6521.0	49	0.0
-6520.0	36	0.0
-6519.0	41	0.0
-6518.0	33	0.0
-6517.0	45	0.0
-6516.0	35	0.0
-6515.0	46	0.0
-6514.0	40	0.0
-6513.0	29	0.0
-6512.0	44	0.0
-6511.0	40	0.0
-6510.0	34	0.0
-6509.0	62	0.0
-6508.0	36	0.0
-6507.0	39	0.0
-6506.0	39	0.0
-6505.0	46	0.0
-6504.0	39	0.0
-6503.0	40	0.0
-6502.0	46	0.0
-6501.0	44	0.0
-6500.0	48	0.0
-6499.0	45	0.0
-6498.0	35	0.0
-6497.0	34	0.0
-6496.0	44	0.0
-6495.0	42	0.0
-6494.0	43	0.0
-6493.0	52	0.0
-6492.0	41	0.0
-6491.0	29	0.0
-6490.0	46	0.0
-6489.0	39	0.0
-6488.0	52	0.0
-6487.0	44	0.0
-6486.0	40	0.0
-6485.0	46	0.0
-6484.0	47	0.0
-6483.0	38	0.0
-6482.0	46	0.0
-6481.0	40	0.0
-6480.0	43	0.0
-6479.0	40	0.0
-6478.0	33	0.0
-6477.0	43	0.0
-6476.0	36	0.0
-6475.0	47	0.0
-6474.0	41	0.0
-6473.0	44	0.0
-6472.0	33	0.0
-6471.0	45	0.0
-6470.0	40	0.0
-6469.0	56	0.0
-6468.0	42	0.0
-6467.0	56	0.0
-6466.0	50	0.0
-6465.0	40	0.0
-6464.0	43	0.0
-6463.0	47	0.0
-6462.0	39	0.0
-6461.0	65	0.0
-6460.0	47	0.0
-6459.0	45	0.0
-6458.0	48	0.0
-6457.0	48	0.0
-6456.0	47	0.0
-6455.0	44	0.0
-6454.0	44	0.0
-6453.0	43	0.0
-6452.0	45	0.0
-6451.0	34	0.0
-6450.0	38	0.0
-6449.0	37	0.0
-6448.0	32	0.0
-6447.0	47	0.0
-6446.0	60	0.0
-6445.0	42	0.0
-6444.0	44	0.0
-6443.0	43	0.0
-6442.0	46	0.0
-6441.0	54	0.0
-6440.0	57	0.0
-6439.0	44	0.0
-6438.0	52	0.0
-6437.0	48	0.0
-6436.0	44	0.0
-6435.0	43	0.0
-6434.0	48	0.0
-6433.0	42	0.0
-6432.0	33	0.0
-6431.0	39	0.0
-6430.0	52	0.0
-6429.0	44	0.0
-6428.0	45	0.0
-6427.0	41	0.0
-6426.0	38	0.0
-6425.0	42	0.0
-6424.0	43	0.0
-6423.0	41	0.0
-6422.0	36	0.0
-6421.0	42	0.0
-6420.0	50	0.0
-6419.0	44	0.0
-6418.0	40	0.0
-6417.0	42	0.0
-6416.0	46	0.0
-6415.0	46	0.0
-6414.0	37	0.0
-6413.0	40	0.0
-6412.0	34	0.0
-6411.0	42	0.0
-6410.0	40	0.0
-6409.0	35	0.0
-6408.0	35	0.0
-6407.0	40	0.0
-6406.0	47	0.0
-6405.0	41	0.0
-6404.0	50	0.0
-6403.0	45	0.0
-6402.0	37	0.0
-6401.0	37	0.0
-6400.0	41	0.0
-6399.0	47	0.0
-6398.0	52	0.0
-6397.0	47	0.0
-6396.0	53	0.0
-6395.0	40	0.0
-6394.0	33	0.0
-6393.0	50	0.0
-6392.0	42	0.0
-6391.0	34	0.0
-6390.0	33	0.0
-6389.0	35	0.0
-6388.0	43	0.0
-6387.0	48	0.0
-6386.0	44	0.0
-6385.0	63	0.0
-6384.0	32	0.0
-6383.0	38	0.0
-6382.0	49	0.0
-6381.0	37	0.0
-6380.0	39	0.0
-6379.0	51	0.0
-6378.0	35	0.0
-6377.0	34	0.0
-6376.0	31	0.0
-6375.0	47	0.0
-6374.0	39	0.0
-6373.0	42	0.0
-6372.0	47	0.0
-6371.0	34	0.0
-6370.0	50	0.0
-6369.0	46	0.0
-6368.0	42	0.0
-6367.0	46	0.0
-6366.0	36	0.0
-6365.0	43	0.0
-6364.0	43	0.0
-6363.0	39	0.0
-6362.0	38	0.0
-6361.0	39	0.0
-6360.0	41	0.0
-6359.0	49	0.0
-6358.0	51	0.0
-6357.0	57	0.0
-6356.0	44	0.0
-6355.0	37	0.0
-6354.0	35	0.0
-6353.0	50	0.0
-6352.0	43	0.0
-6351.0	39	0.0
-6350.0	42	0.0
-6349.0	31	0.0
-6348.0	39	0.0
-6347.0	43	0.0
-6346.0	35	0.0
-6345.0	43	0.0
-6344.0	53	0.0
-6343.0	40	0.0
-6342.0	36	0.0
-6341.0	41	0.0
-6340.0	42	0.0
-6339.0	42	0.0
-6338.0	53	0.0
-6337.0	42	0.0
-6336.0	30	0.0
-6335.0	39	0.0
-6334.0	50	0.0
-6333.0	39	0.0
-6332.0	40	0.0
-6331.0	50	0.0
-6330.0	54	0.0
-6329.0	41	0.0
-6328.0	35	0.0
-6327.0	56	0.0
-6326.0	41	0.0
-6325.0	45	0.0
-6324.0	48	0.0
-6323.0	37	0.0
-6322.0	45	0.0
-6321.0	47	0.0
-6320.0	61	0.0
-6319.0	40	0.0
-6318.0	42	0.0
-6317.0	44	0.0
-6316.0	36	0.0
-6315.0	47	0.0
-6314.0	48	0.0
-6313.0	36	0.0
-6312.0	47	0.0
-6311.0	44	0.0
-6310.0	52	0.0
-6309.0	42	0.0
-6308.0	56	0.0
-6307.0	53	0.0
-6306.0	55	0.0
-6305.0	39	0.0
-6304.0	42	0.0
-6303.0	39	0.0
-6302.0	39	0.0
-6301.0	30	0.0
-6300.0	49	0.0
-6299.0	45	0.0
-6298.0	47	0.0
-6297.0	35	0.0
-6296.0	45	0.0
-6295.0	58	0.0
-6294.0	39	0.0
-6293.0	38	0.0
-6292.0	39	0.0
-6291.0	47	0.0
-6290.0	44	0.0
-6289.0	62	0.0
-6288.0	45	0.0
-6287.0	52	0.0
-6286.0	37	0.0
-6285.0	52	0.0
-6284.0	41	0.0
-6283.0	39	0.0
-6282.0	35	0.0
-6281.0	41	0.0
-6280.0	49	0.0
-6279.0	45	0.0
-6278.0	56	0.0
-6277.0	53	0.0
-6276.0	34	0.0
-6275.0	39	0.0
-6274.0	41	0.0
-6273.0	43	0.0
-6272.0	39	0.0
-6271.0	35	0.0
-6270.0	38	0.0
-6269.0	35	0.0
-6268.0	46	0.0
-6267.0	38	0.0
-6266.0	48	0.0
-6265.0	49	0.0
-6264.0	46	0.0
-6263.0	46	0.0
-6262.0	42	0.0
-6261.0	42	0.0
-6260.0	39	0.0
-6259.0	40	0.0
-6258.0	29	0.0
-6257.0	35	0.0
-6256.0	54	0.0
-6255.0	41	0.0
-6254.0	40	0.0
-6253.0	35	0.0
-6252.0	46	0.0
-6251.0	39	0.0
-6250.0	47	0.0
-6249.0	44	0.0
-6248.0	44	0.0
-6247.0	36	0.0
-6246.0	43	0.0
-6245.0	37	0.0
-6244.0	47	0.0
-6243.0	41	0.0
-6242.0	39	0.0
-6241.0	48	0.0
-6240.0	40	0.0
-6239.0	43	0.0
-6238.0	44	0.0
-6237.0	52	0.0
-6236.0	47	0.0
-6235.0	51	0.0
-6234.0	49	0.0
-6233.0	37	0.0
-6232.0	47	0.0
-6231.0	42	0.0
-6230.0	44	0.0
-6229.0	49	0.0
-6228.0	52	0.0
-6227.0	64	0.0
-6226.0	46	0.0
-6225.0	40	0.0
-6224.0	40	0.0
-6223.0	51	0.0
-6222.0	40	0.0
-6221.0	44	0.0
-6220.0	42	0.0
-6219.0	42	0.0
-6218.0	49	0.0
-6217.0	43	0.0
-6216.0	52	0.0
-6215.0	36	0.0
-6214.0	42	0.0
-6213.0	60	0.0
-6212.0	40	0.0
-6211.0	51	0.0
-6210.0	53	0.0
-6209.0	57	0.0
-6208.0	47	0.0
-6207.0	37	0.0
-6206.0	47	0.0
-6205.0	43	0.0
-6204.0	41	0.0
-6203.0	28	0.0
-6202.0	44	0.0
-6201.0	52	0.0
-6200.0	42	0.0
-6199.0	49	0.0
-6198.0	44	0.0
-6197.0	28	0.0
-6196.0	26	0.0
-6195.0	51	0.0
-6194.0	40	0.0
-6193.0	36	0.0
-6192.0	47	0.0
-6191.0	44	0.0
-6190.0	41	0.0
-6189.0	36	0.0
-6188.0	55	0.0
-6187.0	42	0.0
-6186.0	38	0.0
-6185.0	45	0.0
-6184.0	47	0.0
-6183.0	62	0.0
-6182.0	41	0.0
-6181.0	52	0.0
-6180.0	35	0.0
-6179.0	47	0.0
-6178.0	38	0.0
-6177.0	41	0.0
-6176.0	51	0.0
-6175.0	38	0.0
-6174.0	46	0.0
-6173.0	36	0.0
-6172.0	41	0.0
-6171.0	55	0.0
-6170.0	43	0.0
-6169.0	46	0.0
-6168.0	36	0.0
-6167.0	46	0.0
-6166.0	39	0.0
-6165.0	41	0.0
-6164.0	44	0.0
-6163.0	39	0.0
-6162.0	41	0.0
-6161.0	58	0.0
-6160.0	43	0.0
-6159.0	42	0.0
-6158.0	43	0.0
-6157.0	39	0.0
-6156.0	42	0.0
-6155.0	38	0.0
-6154.0	44	0.0
-6153.0	44	0.0
-6152.0	40	0.0
-6151.0	32	0.0
-6150.0	52	0.0
-6149.0	41	0.0
-6148.0	45	0.0
-6147.0	37	0.0
-6146.0	48	0.0
-6145.0	41	0.0
-6144.0	43	0.0
-6143.0	38	0.0
-6142.0	44	0.0
-6141.0	56	0.0
-6140.0	43	0.0
-6139.0	45	0.0
-6138.0	46	0.0
-6137.0	40	0.0
-6136.0	38	0.0
-6135.0	46	0.0
-6134.0	41	0.0
-6133.0	38	0.0
-6132.0	44	0.0
-6131.0	37	0.0
-6130.0	40	0.0
-6129.0	56	0.0
-6128.0	54	0.0
-6127.0	47	0.0
-6126.0	49	0.0
-6125.0	38	0.0
-6124.0	30	0.0
-6123.0	42	0.0
-6122.0	43	0.0
-6121.0	38	0.0
-6120.0	47	0.0
-6119.0	46	0.0
-6118.0	49	0.0
-6117.0	38	0.0
-6116.0	36	0.0
-6115.0	45	0.0
-6114.0	40	0.0
-6113.0	49	0.0
-6112.0	44	0.0
-6111.0	39	0.0
-6110.0	47	0.0
-6109.0	43	0.0
-6108.0	27	0.0
-6107.0	53	0.0
-6106.0	48	0.0
-6105.0	50	0.0
-6104.0	41	0.0
-6103.0	49	0.0
-6102.0	53	0.0
-6101.0	41	0.0
-6100.0	47	0.0
-6099.0	53	0.0
-6098.0	53	0.0
-6097.0	42	0.0
-6096.0	42	0.0
-6095.0	45	0.0
-6094.0	48	0.0
-6093.0	46	0.0
-6092.0	34	0.0
-6091.0	39	0.0
-6090.0	40	0.0
-6089.0	39	0.0
-6088.0	41	0.0
-6087.0	58	0.0
-6086.0	49	0.0
-6085.0	53	0.0
-6084.0	45	0.0
-6083.0	48	0.0
-6082.0	46	0.0
-6081.0	43	0.0
-6080.0	37	0.0
-6079.0	38	0.0
-6078.0	50	0.0
-6077.0	44	0.0
-6076.0	46	0.0
-6075.0	43	0.0
-6074.0	36	0.0
-6073.0	33	0.0
-6072.0	43	0.0
-6071.0	44	0.0
-6070.0	45	0.0
-6069.0	37	0.0
-6068.0	44	0.0
-6067.0	31	0.0
-6066.0	40	0.0
-6065.0	47	0.0
-6064.0	41	0.0
-6063.0	32	0.0
-6062.0	61	0.0
-6061.0	42	0.0
-6060.0	43	0.0
-6059.0	51	0.0
-6058.0	49	0.0
-6057.0	40	0.0
-6056.0	36	0.0
-6055.0	44	0.0
-6054.0	48	0.0
-6053.0	42	0.0
-6052.0	33	0.0
-6051.0	41	0.0
-6050.0	41	0.0
-6049.0	39	0.0
-6048.0	51	0.0
-6047.0	45	0.0
-6046.0	47	0.0
-6045.0	30	0.0
-6044.0	33	0.0
-6043.0	42	0.0
-6042.0	42	0.0
-6041.0	45	0.0
-6040.0	31	0.0
-6039.0	43	0.0
-6038.0	35	0.0
-6037.0	42	0.0
-6036.0	38	0.0
-6035.0	44	0.0
-6034.0	43	0.0
-6033.0	36	0.0
-6032.0	46	0.0
-6031.0	38	0.0
-6030.0	32	0.0
-6029.0	37	0.0
-6028.0	41	0.0
-6027.0	40	0.0
-6026.0	53	0.0
-6025.0	41	0.0
-6024.0	36	0.0
-6023.0	52	0.0
-6022.0	44	0.0
-6021.0	60	0.0
-6020.0	36	0.0
-6019.0	36	0.0
-6018.0	40	0.0
-6017.0	46	0.0
-6016.0	40	0.0
-6015.0	44	0.0
-6014.0	40	0.0
-6013.0	37	0.0
-6012.0	40	0.0
-6011.0	49	0.0
-6010.0	42	0.0
-6009.0	38	0.0
-6008.0	38	0.0
-6007.0	37	0.0
-6006.0	54	0.0
-6005.0	45	0.0
-6004.0	38	0.0
-6003.0	66	0.0
-6002.0	32	0.0
-6001.0	49	0.0
-6000.0	49	0.0
-5999.0	49	0.0
-5998.0	40	0.0
-5997.0	44	0.0
-5996.0	49	0.0
-5995.0	39	0.0
-5994.0	48	0.0
-5993.0	39	0.0
-5992.0	40	0.0
-5991.0	43	0.0
-5990.0	41	0.0
-5989.0	35	0.0
-5988.0	37	0.0
-5987.0	51	0.0
-5986.0	41	0.0
-5985.0	50	0.0
-5984.0	44	0.0
-5983.0	46	0.0
-5982.0	45	0.0
-5981.0	44	0.0
-5980.0	33	0.0
-5979.0	51	0.0
-5978.0	45	0.0
-5977.0	39	0.0
-5976.0	42	0.0
-5975.0	59	0.0
-5974.0	46	0.0
-5973.0	38	0.0
-5972.0	43	0.0
-5971.0	40	0.0
-5970.0	37	0.0
-5969.0	47	0.0
-5968.0	32	0.0
-5967.0	41	0.0
-5966.0	52	0.0
-5965.0	58	0.0
-5964.0	29	0.0
-5963.0	45	0.0
-5962.0	49	0.0
-5961.0	49	0.0
-5960.0	24	0.0
-5959.0	39	0.0
-5958.0	61	0.0
-5957.0	39	0.0
-5956.0	39	0.0
-5955.0	47	0.0
-5954.0	45	0.0
-5953.0	50	0.0
-5952.0	46	0.0
-5951.0	42	0.0
-5950.0	40	0.0
-5949.0	49	0.0
-5948.0	40	0.0
-5947.0	35	0.0
-5946.0	49	0.0
-5945.0	40	0.0
-5944.0	53	0.0
-5943.0	34	0.0
-5942.0	48	0.0
-5941.0	45	0.0
-5940.0	42	0.0
-5939.0	40	0.0
-5938.0	43	0.0
-5937.0	48	0.0
-5936.0	51	0.0
-5935.0	37	0.0
-5934.0	43	0.0
-5933.0	54	0.0
-5932.0	50	0.0
-5931.0	37	0.0
-5930.0	49	0.0
-5929.0	33	0.0
-5928.0	41	0.0
-5927.0	34	0.0
-5926.0	44	0.0
-5925.0	41	0.0
-5924.0	39	0.0
-5923.0	40	0.0
-5922.0	42	0.0
-5921.0	43	0.0
-5920.0	40	0.0
-5919.0	41	0.0
-5918.0	39	0.0
-5917.0	42	0.0
-5916.0	43	0.0
-5915.0	52	0.0
-5914.0	43	0.0
-5913.0	47	0.0
-5912.0	37	0.0
-5911.0	54	0.0
-5910.0	42	0.0
-5909.0	46	0.0
-5908.0	43	0.0
-5907.0	44	0.0
-5906.0	43	0.0
-5905.0	47	0.0
-5904.0	41	0.0
-5903.0	40	0.0
-5902.0	50	0.0
-5901.0	28	0.0
-5900.0	47	0.0
-5899.0	47	0.0
-5898.0	43	0.0
-5897.0	43	0.0
-5896.0	41	0.0
-5895.0	38	0.0
-5894.0	42	0.0
-5893.0	43	0.0
-5892.0	37	0.0
-5891.0	41	0.0
-5890.0	41	0.0
-5889.0	47	0.0
-5888.0	45	0.0
-5887.0	60	0.0
-5886.0	51	0.0
-5885.0	47	0.0
-5884.0	35	0.0
-5883.0	38	0.0
-5882.0	42	0.0
-5881.0	40	0.0
-5880.0	52	0.0
-5879.0	46	0.0
-5878.0	43	0.0
-5877.0	46	0.0
-5876.0	45	0.0
-5875.0	43	0.0
-5874.0	45	0.0
-5873.0	45	0.0
-5872.0	44	0.0
-5871.0	53	0.0
-5870.0	44	0.0
-5869.0	50	0.0
-5868.0	40	0.0
-5867.0	58	0.0
-5866.0	34	0.0
-5865.0	44	0.0
-5864.0	36	0.0
-5863.0	41	0.0
-5862.0	46	0.0
-5861.0	54	0.0
-5860.0	37	0.0
-5859.0	36	0.0
-5858.0	42	0.0
-5857.0	48	0.0
-5856.0	39	0.0
-5855.0	34	0.0
-5854.0	38	0.0
-5853.0	54	0.0
-5852.0	46	0.0
-5851.0	44	0.0
-5850.0	33	0.0
-5849.0	46	0.0
-5848.0	39	0.0
-5847.0	50	0.0
-5846.0	40	0.0
-5845.0	48	0.0
-5844.0	41	0.0
-5843.0	42	0.0
-5842.0	51	0.0
-5841.0	43	0.0
-5840.0	45	0.0
-5839.0	50	0.0
-5838.0	33	0.0
-5837.0	43	0.0
-5836.0	38	0.0
-5835.0	40	0.0
-5834.0	49	0.0
-5833.0	40	0.0
-5832.0	54	0.0
-5831.0	38	0.0
-5830.0	42	0.0
-5829.0	54	0.0
-5828.0	40	0.0
-5827.0	41	0.0
-5826.0	44	0.0
-5825.0	52	0.0
-5824.0	31	0.0
-5823.0	42	0.0
-5822.0	39	0.0
-5821.0	41	0.0
-5820.0	39	0.0
-5819.0	33	0.0
-5818.0	30	0.0
-5817.0	48	0.0
-5816.0	35	0.0
-5815.0	35	0.0
-5814.0	34	0.0
-5813.0	46	0.0
-5812.0	41	0.0
-5811.0	42	0.0
-5810.0	37	0.0
-5809.0	45	0.0
-5808.0	51	0.0
-5807.0	44	0.0
-5806.0	36	0.0
-5805.0	43	0.0
-5804.0	45	0.0
-5803.0	52	0.0
-5802.0	37	0.0
-5801.0	49	0.0
-5800.0	35	0.0
-5799.0	46	0.0
-5798.0	44	0.0
-5797.0	41	0.0
-5796.0	42	0.0
-5795.0	40	0.0
-5794.0	50	0.0
-5793.0	47	0.0
-5792.0	43	0.0
-5791.0	42	0.0
-5790.0	38	0.0
-5789.0	32	0.0
-5788.0	47	0.0
-5787.0	56	0.0
-5786.0	36	0.0
-5785.0	39	0.0
-5784.0	44	0.0
-5783.0	36	0.0
-5782.0	37	0.0
-5781.0	41	0.0
-5780.0	45	0.0
-5779.0	53	0.0
-5778.0	35	0.0
-5777.0	40	0.0
-5776.0	42	0.0
-5775.0	47	0.0
-5774.0	40	0.0
-5773.0	51	0.0
-5772.0	42	0.0
-5771.0	37	0.0
-5770.0	48	0.0
-5769.0	40	0.0
-5768.0	46	0.0
-5767.0	41	0.0
-5766.0	42	0.0
-5765.0	34	0.0
-5764.0	41	0.0
-5763.0	49	0.0
-5762.0	62	0.0
-5761.0	51	0.0
-5760.0	42	0.0
-5759.0	35	0.0
-5758.0	47	0.0
-5757.0	47	0.0
-5756.0	38	0.0
-5755.0	36	0.0
-5754.0	39	0.0
-5753.0	43	0.0
-5752.0	49	0.0
-5751.0	47	0.0
-5750.0	46	0.0
-5749.0	38	0.0
-5748.0	29	0.0
-5747.0	49	0.0
-5746.0	35	0.0
-5745.0	45	0.0
-5744.0	46	0.0
-5743.0	42	0.0
-5742.0	40	0.0
-5741.0	46	0.0
-5740.0	35	0.0
-5739.0	45	0.0
-5738.0	54	0.0
-5737.0	35	0.0
-5736.0	54	0.0
-5735.0	50	0.0
-5734.0	43	0.0
-5733.0	41	0.0
-5732.0	50	0.0
-5731.0	34	0.0
-5730.0	37	0.0
-5729.0	42	0.0
-5728.0	43	0.0
-5727.0	55	0.0
-5726.0	47	0.0
-5725.0	48	0.0
-5724.0	40	0.0
-5723.0	36	0.0
-5722.0	47	0.0
-5721.0	44	0.0
-5720.0	47	0.0
-5719.0	47	0.0
-5718.0	44	0.0
-5717.0	32	0.0
-5716.0	51	0.0
-5715.0	35	0.0
-5714.0	36	0.0
-5713.0	39	0.0
-5712.0	31	0.0
-5711.0	47	0.0
-5710.0	35	0.0
-5709.0	57	0.0
-5708.0	39	0.0
-5707.0	40	0.0
-5706.0	46	0.0
-5705.0	53	0.0
-5704.0	39	0.0
-5703.0	39	0.0
-5702.0	47	0.0
-5701.0	39	0.0
-5700.0	43	0.0
-5699.0	50	0.0
-5698.0	59	0.0
-5697.0	44	0.0
-5696.0	52	0.0
-5695.0	58	0.0
-5694.0	41	0.0
-5693.0	34	0.0
-5692.0	43	0.0
-5691.0	36	0.0
-5690.0	53	0.0
-5689.0	49	0.0
-5688.0	45	0.0
-5687.0	42	0.0
-5686.0	53	0.0
-5685.0	44	0.0
-5684.0	36	0.0
-5683.0	49	0.0
-5682.0	39	0.0
-5681.0	46	0.0
-5680.0	51	0.0
-5679.0	51	0.0
-5678.0	45	0.0
-5677.0	38	0.0
-5676.0	43	0.0
-5675.0	42	0.0
-5674.0	39	0.0
-5673.0	30	0.0
-5672.0	38	0.0
-5671.0	48	0.0
-5670.0	54	0.0
-5669.0	44	0.0
-5668.0	35	0.0
-5667.0	40	0.0
-5666.0	46	0.0
-5665.0	36	0.0
-5664.0	42	0.0
-5663.0	50	0.0
-5662.0	45	0.0
-5661.0	34	0.0
-5660.0	44	0.0
-5659.0	44	0.0
-5658.0	56	0.0
-5657.0	43	0.0
-5656.0	49	0.0
-5655.0	35	0.0
-5654.0	44	0.0
-5653.0	41	0.0
-5652.0	42	0.0
-5651.0	55	0.0
-5650.0	40	0.0
-5649.0	46	0.0
-5648.0	42	0.0
-5647.0	50	0.0
-5646.0	54	0.0
-5645.0	47	0.0
-5644.0	41	0.0
-5643.0	41	0.0
-5642.0	38	0.0
-5641.0	43	0.0
-5640.0	45	0.0
-5639.0	43	0.0
-5638.0	36	0.0
-5637.0	46	0.0
-5636.0	46	0.0
-5635.0	47	0.0
-5634.0	42	0.0
-5633.0	44	0.0
-5632.0	25	0.0
-5631.0	43	0.0
-5630.0	41	0.0
-5629.0	45	0.0
-5628.0	35	0.0
-5627.0	45	0.0
-5626.0	43	0.0
-5625.0	46	0.0
-5624.0	41	0.0
-5623.0	33	0.0
-5622.0	47	0.0
-5621.0	30	0.0
-5620.0	37	0.0
-5619.0	38	0.0
-5618.0	49	0.0
-5617.0	43	0.0
-5616.0	38	0.0
-5615.0	42	0.0
-5614.0	34	0.0
-5613.0	46	0.0
-5612.0	44	0.0
-5611.0	40	0.0
-5610.0	50	0.0
-5609.0	53	0.0
-5608.0	44	0.0
-5607.0	42	0.0
-5606.0	58	0.0
-5605.0	44	0.0
-5604.0	36	0.0
-5603.0	45	0.0
-5602.0	46	0.0
-5601.0	43	0.0
-5600.0	41	0.0
-5599.0	49	0.0
-5598.0	48	0.0
-5597.0	42	0.0
-5596.0	50	0.0
-5595.0	47	0.0
-5594.0	37	0.0
-5593.0	42	0.0
-5592.0	40	0.0
-5591.0	45	0.0
-5590.0	45	0.0
-5589.0	33	0.0
-5588.0	44	0.0
-5587.0	49	0.0
-5586.0	52	0.0
-5585.0	50	0.0
-5584.0	54	0.0
-5583.0	50	0.0
-5582.0	36	0.0
-5581.0	53	0.0
-5580.0	58	0.0
-5579.0	39	0.0
-5578.0	41	0.0
-5577.0	43	0.0
-5576.0	46	0.0
-5575.0	40	0.0
-5574.0	36	0.0
-5573.0	52	0.0
-5572.0	43	0.0
-5571.0	52	0.0
-5570.0	50	0.0
-5569.0	37	0.0
-5568.0	41	0.0
-5567.0	54	0.0
-5566.0	51	0.0
-5565.0	41	0.0
-5564.0	37	0.0
-5563.0	43	0.0
-5562.0	47	0.0
-5561.0	53	0.0
-5560.0	48	0.0
-5559.0	38	0.0
-5558.0	42	0.0
-5557.0	45	0.0
-5556.0	51	0.0
-5555.0	46	0.0
-5554.0	53	0.0
-5553.0	41	0.0
-5552.0	33	0.0
-5551.0	48	0.0
-5550.0	33	0.0
-5549.0	43	0.0
-5548.0	32	0.0
-5547.0	44	0.0
-5546.0	45	0.0
-5545.0	38	0.0
-5544.0	39	0.0
-5543.0	37	0.0
-5542.0	45	0.0
-5541.0	45	0.0
-5540.0	38	0.0
-5539.0	50	0.0
-5538.0	42	0.0
-5537.0	38	0.0
-5536.0	59	0.0
-5535.0	41	0.0
-5534.0	42	0.0
-5533.0	39	0.0
-5532.0	39	0.0
-5531.0	48	0.0
-5530.0	47	0.0
-5529.0	44	0.0
-5528.0	30	0.0
-5527.0	47	0.0
-5526.0	51	0.0
-5525.0	45	0.0
-5524.0	40	0.0
-5523.0	31	0.0
-5522.0	39	0.0
-5521.0	46	0.0
-5520.0	45	0.0
-5519.0	36	0.0
-5518.0	36	0.0
-5517.0	45	0.0
-5516.0	45	0.0
-5515.0	34	0.0
-5514.0	37	0.0
-5513.0	42	0.0
-5512.0	54	0.0
-5511.0	52	0.0
-5510.0	48	0.0
-5509.0	49	0.0
-5508.0	45	0.0
-5507.0	34	0.0
-5506.0	39	0.0
-5505.0	32	0.0
-5504.0	52	0.0
-5503.0	47	0.0
-5502.0	41	0.0
-5501.0	46	0.0
-5500.0	37	0.0
-5499.0	46	0.0
-5498.0	50	0.0
-5497.0	48	0.0
-5496.0	46	0.0
-5495.0	39	0.0
-5494.0	60	0.0
-5493.0	45	0.0
-5492.0	44	0.0
-5491.0	51	0.0
-5490.0	40	0.0
-5489.0	41	0.0
-5488.0	48	0.0
-5487.0	40	0.0
-5486.0	44	0.0
-5485.0	48	0.0
-5484.0	42	0.0
-5483.0	51	0.0
-5482.0	45	0.0
-5481.0	47	0.0
-5480.0	48	0.0
-5479.0	39	0.0
-5478.0	53	0.0
-5477.0	47	0.0
-5476.0	42	0.0
-5475.0	46	0.0
-5474.0	53	0.0
-5473.0	46	0.0
-5472.0	47	0.0
-5471.0	38	0.0
-5470.0	48	0.0
-5469.0	42	0.0
-5468.0	54	0.0
-5467.0	45	0.0
-5466.0	46	0.0
-5465.0	34	0.0
-5464.0	47	0.0
-5463.0	39	0.0
-5462.0	48	0.0
-5461.0	51	0.0
-5460.0	50	0.0
-5459.0	45	0.0
-5458.0	47	0.0
-5457.0	31	0.0
-5456.0	53	0.0
-5455.0	30	0.0
-5454.0	41	0.0
-5453.0	28	0.0
-5452.0	46	0.0
-5451.0	40	0.0
-5450.0	34	0.0
-5449.0	48	0.0
-5448.0	31	0.0
-5447.0	34	0.0
-5446.0	50	0.0
-5445.0	57	0.0
-5444.0	40	0.0
-5443.0	41	0.0
-5442.0	39	0.0
-5441.0	39	0.0
-5440.0	47	0.0
-5439.0	50	0.0
-5438.0	41	0.0
-5437.0	42	0.0
-5436.0	36	0.0
-5435.0	33	0.0
-5434.0	49	0.0
-5433.0	32	0.0
-5432.0	53	0.0
-5431.0	40	0.0
-5430.0	39	0.0
-5429.0	41	0.0
-5428.0	48	0.0
-5427.0	41	0.0
-5426.0	56	0.0
-5425.0	50	0.0
-5424.0	49	0.0
-5423.0	40	0.0
-5422.0	28	0.0
-5421.0	40	0.0
-5420.0	51	0.0
-5419.0	44	0.0
-5418.0	25	0.0
-5417.0	34	0.0
-5416.0	42	0.0
-5415.0	41	0.0
-5414.0	35	0.0
-5413.0	46	0.0
-5412.0	42	0.0
-5411.0	29	0.0
-5410.0	46	0.0
-5409.0	49	0.0
-5408.0	47	0.0
-5407.0	37	0.0
-5406.0	32	0.0
-5405.0	30	0.0
-5404.0	39	0.0
-5403.0	50	0.0
-5402.0	49	0.0
-5401.0	37	0.0
-5400.0	37	0.0
-5399.0	40	0.0
-5398.0	49	0.0
-5397.0	40	0.0
-5396.0	41	0.0
-5395.0	48	0.0
-5394.0	33	0.0
-5393.0	45	0.0
-5392.0	32	0.0
-5391.0	46	0.0
-5390.0	42	0.0
-5389.0	40	0.0
-5388.0	50	0.0
-5387.0	33	0.0
-5386.0	37	0.0
-5385.0	42	0.0
-5384.0	52	0.0
-5383.0	43	0.0
-5382.0	29	0.0
-5381.0	61	0.0
-5380.0	25	0.0
-5379.0	33	0.0
-5378.0	44	0.0
-5377.0	41	0.0
-5376.0	37	0.0
-5375.0	29	0.0
-5374.0	57	0.0
-5373.0	38	0.0
-5372.0	48	0.0
-5371.0	46	0.0
-5370.0	50	0.0
-5369.0	46	0.0
-5368.0	40	0.0
-5367.0	38	0.0
-5366.0	40	0.0
-5365.0	39	0.0
-5364.0	34	0.0
-5363.0	31	0.0
-5362.0	39	0.0
-5361.0	36	0.0
-5360.0	50	0.0
-5359.0	40	0.0
-5358.0	43	0.0
-5357.0	37	0.0
-5356.0	37	0.0
-5355.0	45	0.0
-5354.0	40	0.0
-5353.0	44	0.0
-5352.0	38	0.0
-5351.0	41	0.0
-5350.0	40	0.0
-5349.0	41	0.0
-5348.0	51	0.0
-5347.0	44	0.0
-5346.0	41	0.0
-5345.0	32	0.0
-5344.0	40	0.0
-5343.0	34	0.0
-5342.0	44	0.0
-5341.0	46	0.0
-5340.0	43	0.0
-5339.0	43	0.0
-5338.0	36	0.0
-5337.0	51	0.0
-5336.0	43	0.0
-5335.0	54	0.0
-5334.0	33	0.0
-5333.0	52	0.0
-5332.0	41	0.0
-5331.0	42	0.0
-5330.0	38	0.0
-5329.0	36	0.0
-5328.0	45	0.0
-5327.0	40	0.0
-5326.0	50	0.0
-5325.0	31	0.0
-5324.0	46	0.0
-5323.0	50	0.0
-5322.0	41	0.0
-5321.0	38	0.0
-5320.0	40	0.0
-5319.0	36	0.0
-5318.0	39	0.0
-5317.0	44	0.0
-5316.0	37	0.0
-5315.0	36	0.0
-5314.0	38	0.0
-5313.0	32	0.0
-5312.0	44	0.0
-5311.0	36	0.0
-5310.0	33	0.0
-5309.0	49	0.0
-5308.0	36	0.0
-5307.0	63	0.0
-5306.0	36	0.0
-5305.0	53	0.0
-5304.0	52	0.0
-5303.0	36	0.0
-5302.0	44	0.0
-5301.0	38	0.0
-5300.0	36	0.0
-5299.0	47	0.0
-5298.0	36	0.0
-5297.0	36	0.0
-5296.0	53	0.0
-5295.0	44	0.0
-5294.0	51	0.0
-5293.0	43	0.0
-5292.0	46	0.0
-5291.0	46	0.0
-5290.0	43	0.0
-5289.0	26	0.0
-5288.0	41	0.0
-5287.0	49	0.0
-5286.0	37	0.0
-5285.0	43	0.0
-5284.0	40	0.0
-5283.0	37	0.0
-5282.0	52	0.0
-5281.0	48	0.0
-5280.0	36	0.0
-5279.0	42	0.0
-5278.0	39	0.0
-5277.0	40	0.0
-5276.0	46	0.0
-5275.0	41	0.0
-5274.0	52	0.0
-5273.0	46	0.0
-5272.0	38	0.0
-5271.0	44	0.0
-5270.0	39	0.0
-5269.0	47	0.0
-5268.0	38	0.0
-5267.0	49	0.0
-5266.0	45	0.0
-5265.0	46	0.0
-5264.0	40	0.0
-5263.0	39	0.0
-5262.0	58	0.0
-5261.0	41	0.0
-5260.0	47	0.0
-5259.0	43	0.0
-5258.0	31	0.0
-5257.0	50	0.0
-5256.0	38	0.0
-5255.0	33	0.0
-5254.0	55	0.0
-5253.0	38	0.0
-5252.0	44	0.0
-5251.0	50	0.0
-5250.0	46	0.0
-5249.0	33	0.0
-5248.0	43	0.0
-5247.0	33	0.0
-5246.0	37	0.0
-5245.0	46	0.0
-5244.0	42	0.0
-5243.0	37	0.0
-5242.0	45	0.0
-5241.0	47	0.0
-5240.0	38	0.0
-5239.0	45	0.0
-5238.0	47	0.0
-5237.0	45	0.0
-5236.0	31	0.0
-5235.0	40	0.0
-5234.0	62	0.0
-5233.0	56	0.0
-5232.0	36	0.0
-5231.0	43	0.0
-5230.0	41	0.0
-5229.0	44	0.0
-5228.0	43	0.0
-5227.0	44	0.0
-5226.0	36	0.0
-5225.0	42	0.0
-5224.0	42	0.0
-5223.0	44	0.0
-5222.0	37	0.0
-5221.0	47	0.0
-5220.0	44	0.0
-5219.0	49	0.0
-5218.0	36	0.0
-5217.0	39	0.0
-5216.0	41	0.0
-5215.0	35	0.0
-5214.0	41	0.0
-5213.0	42	0.0
-5212.0	44	0.0
-5211.0	36	0.0
-5210.0	36	0.0
-5209.0	50	0.0
-5208.0	50	0.0
-5207.0	40	0.0
-5206.0	42	0.0
-5205.0	52	0.0
-5204.0	47	0.0
-5203.0	54	0.0
-5202.0	50	0.0
-5201.0	55	0.0
-5200.0	42	0.0
-5199.0	46	0.0
-5198.0	43	0.0
-5197.0	36	0.0
-5196.0	50	0.0
-5195.0	34	0.0
-5194.0	43	0.0
-5193.0	40	0.0
-5192.0	49	0.0
-5191.0	45	0.0
-5190.0	41	0.0
-5189.0	33	0.0
-5188.0	52	0.0
-5187.0	32	0.0
-5186.0	47	0.0
-5185.0	41	0.0
-5184.0	42	0.0
-5183.0	37	0.0
-5182.0	37	0.0
-5181.0	48	0.0
-5180.0	47	0.0
-5179.0	44	0.0
-5178.0	39	0.0
-5177.0	53	0.0
-5176.0	46	0.0
-5175.0	52	0.0
-5174.0	42	0.0
-5173.0	55	0.0
-5172.0	42	0.0
-5171.0	41	0.0
-5170.0	46	0.0
-5169.0	38	0.0
-5168.0	49	0.0
-5167.0	47	0.0
-5166.0	54	0.0
-5165.0	40	0.0
-5164.0	48	0.0
-5163.0	24	0.0
-5162.0	47	0.0
-5161.0	37	0.0
-5160.0	48	0.0
-5159.0	49	0.0
-5158.0	50	0.0
-5157.0	49	0.0
-5156.0	44	0.0
-5155.0	39	0.0
-5154.0	54	0.0
-5153.0	50	0.0
-5152.0	40	0.0
-5151.0	37	0.0
-5150.0	46	0.0
-5149.0	52	0.0
-5148.0	44	0.0
-5147.0	35	0.0
-5146.0	28	0.0
-5145.0	37	0.0
-5144.0	57	0.0
-5143.0	43	0.0
-5142.0	46	0.0
-5141.0	46	0.0
-5140.0	45	0.0
-5139.0	44	0.0
-5138.0	48	0.0
-5137.0	50	0.0
-5136.0	40	0.0
-5135.0	41	0.0
-5134.0	50	0.0
-5133.0	43	0.0
-5132.0	50	0.0
-5131.0	49	0.0
-5130.0	50	0.0
-5129.0	45	0.0
-5128.0	42	0.0
-5127.0	33	0.0
-5126.0	36	0.0
-5125.0	47	0.0
-5124.0	40	0.0
-5123.0	38	0.0
-5122.0	57	0.0
-5121.0	45	0.0
-5120.0	44	0.0
-5119.0	37	0.0
-5118.0	35	0.0
-5117.0	48	0.0
-5116.0	46	0.0
-5115.0	46	0.0
-5114.0	37	0.0
-5113.0	39	0.0
-5112.0	38	0.0
-5111.0	42	0.0
-5110.0	43	0.0
-5109.0	44	0.0
-5108.0	59	0.0
-5107.0	49	0.0
-5106.0	46	0.0
-5105.0	43	0.0
-5104.0	37	0.0
-5103.0	36	0.0
-5102.0	33	0.0
-5101.0	44	0.0
-5100.0	49	0.0
-5099.0	50	0.0
-5098.0	51	0.0
-5097.0	37	0.0
-5096.0	55	0.0
-5095.0	45	0.0
-5094.0	37	0.0
-5093.0	47	0.0
-5092.0	48	0.0
-5091.0	39	0.0
-5090.0	48	0.0
-5089.0	38	0.0
-5088.0	36	0.0
-5087.0	37	0.0
-5086.0	44	0.0
-5085.0	32	0.0
-5084.0	36	0.0
-5083.0	45	0.0
-5082.0	39	0.0
-5081.0	50	0.0
-5080.0	44	0.0
-5079.0	30	0.0
-5078.0	35	0.0
-5077.0	47	0.0
-5076.0	46	0.0
-5075.0	46	0.0
-5074.0	43	0.0
-5073.0	41	0.0
-5072.0	47	0.0
-5071.0	46	0.0
-5070.0	61	0.0
-5069.0	43	0.0
-5068.0	53	0.0
-5067.0	50	0.0
-5066.0	64	0.0
-5065.0	34	0.0
-5064.0	38	0.0
-5063.0	48	0.0
-5062.0	37	0.0
-5061.0	43	0.0
-5060.0	39	0.0
-5059.0	46	0.0
-5058.0	37	0.0
-5057.0	45	0.0
-5056.0	45	0.0
-5055.0	39	0.0
-5054.0	36	0.0
-5053.0	46	0.0
-5052.0	48	0.0
-5051.0	38	0.0
-5050.0	57	0.0
-5049.0	55	0.0
-5048.0	50	0.0
-5047.0	49	0.0
-5046.0	43	0.0
-5045.0	46	0.0
-5044.0	40	0.0
-5043.0	41	0.0
-5042.0	47	0.0
-5041.0	44	0.0
-5040.0	43	0.0
-5039.0	60	0.0
-5038.0	33	0.0
-5037.0	49	0.0
-5036.0	29	0.0
-5035.0	47	0.0
-5034.0	48	0.0
-5033.0	38	0.0
-5032.0	36	0.0
-5031.0	35	0.0
-5030.0	37	0.0
-5029.0	40	0.0
-5028.0	36	0.0
-5027.0	33	0.0
-5026.0	46	0.0
-5025.0	39	0.0
-5024.0	38	0.0
-5023.0	40	0.0
-5022.0	43	0.0
-5021.0	42	0.0
-5020.0	54	0.0
-5019.0	38	0.0
-5018.0	37	0.0
-5017.0	58	0.0
-5016.0	44	0.0
-5015.0	29	0.0
-5014.0	39	0.0
-5013.0	43	0.0
-5012.0	37	0.0
-5011.0	44	0.0
-5010.0	39	0.0
-5009.0	48	0.0
-5008.0	45	0.0
-5007.0	31	0.0
-5006.0	42	0.0
-5005.0	47	0.0
-5004.0	64	0.0
-5003.0	32	0.0
-5002.0	36	0.0
-5001.0	43	0.0
-5000.0	43	0.0
-4999.0	38	0.0
-4998.0	32	0.0
-4997.0	40	0.0
-4996.0	40	0.0
-4995.0	25	0.0
-4994.0	46	0.0
-4993.0	44	0.0
-4992.0	38	0.0
-4991.0	48	0.0
-4990.0	31	0.0
-4989.0	37	0.0
-4988.0	33	0.0
-4987.0	33	0.0
-4986.0	39	0.0
-4985.0	42	0.0
-4984.0	32	0.0
-4983.0	39	0.0
-4982.0	50	0.0
-4981.0	49	0.0
-4980.0	34	0.0
-4979.0	48	0.0
-4978.0	42	0.0
-4977.0	38	0.0
-4976.0	46	0.0
-4975.0	50	0.0
-4974.0	42	0.0
-4973.0	45	0.0
-4972.0	36	0.0
-4971.0	37	0.0
-4970.0	47	0.0
-4969.0	44	0.0
-4968.0	46	0.0
-4967.0	48	0.0
-4966.0	43	0.0
-4965.0	31	0.0
-4964.0	44	0.0
-4963.0	49	0.0
-4962.0	38	0.0
-4961.0	41	0.0
-4960.0	51	0.0
-4959.0	37	0.0
-4958.0	47	0.0
-4957.0	49	0.0
-4956.0	37	0.0
-4955.0	35	0.0
-4954.0	31	0.0
-4953.0	39	0.0
-4952.0	40	0.0
-4951.0	35	0.0
-4950.0	44	0.0
-4949.0	37	0.0
-4948.0	54	0.0
-4947.0	43	0.0
-4946.0	49	0.0
-4945.0	37	0.0
-4944.0	39	0.0
-4943.0	31	0.0
-4942.0	47	0.0
-4941.0	35	0.0
-4940.0	37	0.0
-4939.0	37	0.0
-4938.0	38	0.0
-4937.0	60	0.0
-4936.0	42	0.0
-4935.0	32	0.0
-4934.0	50	0.0
-4933.0	32	0.0
-4932.0	52	0.0
-4931.0	42	0.0
-4930.0	57	0.0
-4929.0	44	0.0
-4928.0	30	0.0
-4927.0	37	0.0
-4926.0	37	0.0
-4925.0	46	0.0
-4924.0	36	0.0
-4923.0	36	0.0
-4922.0	38	0.0
-4921.0	38	0.0
-4920.0	50	0.0
-4919.0	36	0.0
-4918.0	43	0.0
-4917.0	29	0.0
-4916.0	39	0.0
-4915.0	43	0.0
-4914.0	40	0.0
-4913.0	45	0.0
-4912.0	42	0.0
-4911.0	29	0.0
-4910.0	41	0.0
-4909.0	46	0.0
-4908.0	42	0.0
-4907.0	37	0.0
-4906.0	48	0.0
-4905.0	44	0.0
-4904.0	47	0.0
-4903.0	52	0.0
-4902.0	39	0.0
-4901.0	43	0.0
-4900.0	41	0.0
-4899.0	37	0.0
-4898.0	45	0.0
-4897.0	54	0.0
-4896.0	37	0.0
-4895.0	49	0.0
-4894.0	40	0.0
-4893.0	45	0.0
-4892.0	44	0.0
-4891.0	41	0.0
-4890.0	43	0.0
-4889.0	35	0.0
-4888.0	41	0.0
-4887.0	45	0.0
-4886.0	49	0.0
-4885.0	32	0.0
-4884.0	42	0.0
-4883.0	41	0.0
-4882.0	46	0.0
-4881.0	34	0.0
-4880.0	39	0.0
-4879.0	50	0.0
-4878.0	53	0.0
-4877.0	23	0.0
-4876.0	38	0.0
-4875.0	32	0.0
-4874.0	55	0.0
-4873.0	40	0.0
-4872.0	44	0.0
-4871.0	48	0.0
-4870.0	46	0.0
-4869.0	55	0.0
-4868.0	28	0.0
-4867.0	41	0.0
-4866.0	53	0.0
-4865.0	44	0.0
-4864.0	40	0.0
-4863.0	25	0.0
-4862.0	31	0.0
-4861.0	40	0.0
-4860.0	41	0.0
-4859.0	45	0.0
-4858.0	47	0.0
-4857.0	45	0.0
-4856.0	46	0.0
-4855.0	35	0.0
-4854.0	57	0.0
-4853.0	45	0.0
-4852.0	49	0.0
-4851.0	43	0.0
-4850.0	47	0.0
-4849.0	51	0.0
-4848.0	43	0.0
-4847.0	42	0.0
-4846.0	49	0.0
-4845.0	38	0.0
-4844.0	32	0.0
-4843.0	36	0.0
-4842.0	53	0.0
-4841.0	37	0.0
-4840.0	40	0.0
-4839.0	40	0.0
-4838.0	39	0.0
-4837.0	45	0.0
-4836.0	48	0.0
-4835.0	46	0.0
-4834.0	54	0.0
-4833.0	43	0.0
-4832.0	48	0.0
-4831.0	35	0.0
-4830.0	54	0.0
-4829.0	51	0.0
-4828.0	31	0.0
-4827.0	34	0.0
-4826.0	40	0.0
-4825.0	38	0.0
-4824.0	41	0.0
-4823.0	47	0.0
-4822.0	41	0.0
-4821.0	47	0.0
-4820.0	43	0.0
-4819.0	44	0.0
-4818.0	49	0.0
-4817.0	35	0.0
-4816.0	44	0.0
-4815.0	36	0.0
-4814.0	44	0.0
-4813.0	39	0.0
-4812.0	49	0.0
-4811.0	47	0.0
-4810.0	35	0.0
-4809.0	50	0.0
-4808.0	34	0.0
-4807.0	48	0.0
-4806.0	37	0.0
-4805.0	47	0.0
-4804.0	45	0.0
-4803.0	44	0.0
-4802.0	41	0.0
-4801.0	33	0.0
-4800.0	47	0.0
-4799.0	48	0.0
-4798.0	45	0.0
-4797.0	47	0.0
-4796.0	41	0.0
-4795.0	38	0.0
-4794.0	35	0.0
-4793.0	38	0.0
-4792.0	38	0.0
-4791.0	42	0.0
-4790.0	41	0.0
-4789.0	40	0.0
-4788.0	40	0.0
-4787.0	44	0.0
-4786.0	45	0.0
-4785.0	45	0.0
-4784.0	36	0.0
-4783.0	46	0.0
-4782.0	45	0.0
-4781.0	52	0.0
-4780.0	34	0.0
-4779.0	43	0.0
-4778.0	36	0.0
-4777.0	32	0.0
-4776.0	48	0.0
-4775.0	39	0.0
-4774.0	38	0.0
-4773.0	37	0.0
-4772.0	41	0.0
-4771.0	39	0.0
-4770.0	36	0.0
-4769.0	45	0.0
-4768.0	39	0.0
-4767.0	37	0.0
-4766.0	40	0.0
-4765.0	35	0.0
-4764.0	50	0.0
-4763.0	45	0.0
-4762.0	43	0.0
-4761.0	35	0.0
-4760.0	53	0.0
-4759.0	32	0.0
-4758.0	40	0.0
-4757.0	42	0.0
-4756.0	46	0.0
-4755.0	54	0.0
-4754.0	38	0.0
-4753.0	41	0.0
-4752.0	48	0.0
-4751.0	42	0.0
-4750.0	41	0.0
-4749.0	41	0.0
-4748.0	46	0.0
-4747.0	42	0.0
-4746.0	49	0.0
-4745.0	54	0.0
-4744.0	53	0.0
-4743.0	38	0.0
-4742.0	46	0.0
-4741.0	30	0.0
-4740.0	40	0.0
-4739.0	45	0.0
-4738.0	41	0.0
-4737.0	41	0.0
-4736.0	36	0.0
-4735.0	44	0.0
-4734.0	41	0.0
-4733.0	37	0.0
-4732.0	37	0.0
-4731.0	50	0.0
-4730.0	50	0.0
-4729.0	53	0.0
-4728.0	44	0.0
-4727.0	46	0.0
-4726.0	45	0.0
-4725.0	36	0.0
-4724.0	48	0.0
-4723.0	47	0.0
-4722.0	50	0.0
-4721.0	42	0.0
-4720.0	30	0.0
-4719.0	32	0.0
-4718.0	49	0.0
-4717.0	42	0.0
-4716.0	41	0.0
-4715.0	43	0.0
-4714.0	48	0.0
-4713.0	43	0.0
-4712.0	62	0.0
-4711.0	49	0.0
-4710.0	45	0.0
-4709.0	43	0.0
-4708.0	44	0.0
-4707.0	45	0.0
-4706.0	42	0.0
-4705.0	49	0.0
-4704.0	44	0.0
-4703.0	52	0.0
-4702.0	36	0.0
-4701.0	42	0.0
-4700.0	44	0.0
-4699.0	45	0.0
-4698.0	43	0.0
-4697.0	60	0.0
-4696.0	46	0.0
-4695.0	40	0.0
-4694.0	40	0.0
-4693.0	33	0.0
-4692.0	27	0.0
-4691.0	41	0.0
-4690.0	37	0.0
-4689.0	44	0.0
-4688.0	56	0.0
-4687.0	37	0.0
-4686.0	50	0.0
-4685.0	56	0.0
-4684.0	43	0.0
-4683.0	41	0.0
-4682.0	53	0.0
-4681.0	38	0.0
-4680.0	42	0.0
-4679.0	42	0.0
-4678.0	33	0.0
-4677.0	48	0.0
-4676.0	42	0.0
-4675.0	48	0.0
-4674.0	43	0.0
-4673.0	37	0.0
-4672.0	48	0.0
-4671.0	44	0.0
-4670.0	33	0.0
-4669.0	53	0.0
-4668.0	38	0.0
-4667.0	48	0.0
-4666.0	45	0.0
-4665.0	31	0.0
-4664.0	47	0.0
-4663.0	39	0.0
-4662.0	47	0.0
-4661.0	36	0.0
-4660.0	43	0.0
-4659.0	48	0.0
-4658.0	48	0.0
-4657.0	34	0.0
-4656.0	35	0.0
-4655.0	52	0.0
-4654.0	48	0.0
-4653.0	41	0.0
-4652.0	46	0.0
-4651.0	49	0.0
-4650.0	41	0.0
-4649.0	53	0.0
-4648.0	40	0.0
-4647.0	50	0.0
-4646.0	40	0.0
-4645.0	44	0.0
-4644.0	42	0.0
-4643.0	54	0.0
-4642.0	43	0.0
-4641.0	41	0.0
-4640.0	46	0.0
-4639.0	47	0.0
-4638.0	45	0.0
-4637.0	41	0.0
-4636.0	42	0.0
-4635.0	58	0.0
-4634.0	37	0.0
-4633.0	38	0.0
-4632.0	44	0.0
-4631.0	41	0.0
-4630.0	33	0.0
-4629.0	41	0.0
-4628.0	45	0.0
-4627.0	44	0.0
-4626.0	38	0.0
-4625.0	52	0.0
-4624.0	39	0.0
-4623.0	55	0.0
-4622.0	44	0.0
-4621.0	42	0.0
-4620.0	43	0.0
-4619.0	52	0.0
-4618.0	52	0.0
-4617.0	49	0.0
-4616.0	47	0.0
-4615.0	44	0.0
-4614.0	55	0.0
-4613.0	33	0.0
-4612.0	42	0.0
-4611.0	41	0.0
-4610.0	41	0.0
-4609.0	39	0.0
-4608.0	51	0.0
-4607.0	37	0.0
-4606.0	52	0.0
-4605.0	39	0.0
-4604.0	41	0.0
-4603.0	47	0.0
-4602.0	52	0.0
-4601.0	41	0.0
-4600.0	42	0.0
-4599.0	43	0.0
-4598.0	33	0.0
-4597.0	48	0.0
-4596.0	46	0.0
-4595.0	44	0.0
-4594.0	39	0.0
-4593.0	56	0.0
-4592.0	34	0.0
-4591.0	42	0.0
-4590.0	54	0.0
-4589.0	47	0.0
-4588.0	38	0.0
-4587.0	48	0.0
-4586.0	52	0.0
-4585.0	39	0.0
-4584.0	48	0.0
-4583.0	50	0.0
-4582.0	42	0.0
-4581.0	41	0.0
-4580.0	52	0.0
-4579.0	41	0.0
-4578.0	42	0.0
-4577.0	46	0.0
-4576.0	39	0.0
-4575.0	39	0.0
-4574.0	35	0.0
-4573.0	50	0.0
-4572.0	44	0.0
-4571.0	38	0.0
-4570.0	50	0.0
-4569.0	44	0.0
-4568.0	44	0.0
-4567.0	36	0.0
-4566.0	63	0.0
-4565.0	37	0.0
-4564.0	49	0.0
-4563.0	38	0.0
-4562.0	41	0.0
-4561.0	42	0.0
-4560.0	45	0.0
-4559.0	41	0.0
-4558.0	42	0.0
-4557.0	47	0.0
-4556.0	48	0.0
-4555.0	40	0.0
-4554.0	44	0.0
-4553.0	54	0.0
-4552.0	45	0.0
-4551.0	45	0.0
-4550.0	37	0.0
-4549.0	46	0.0
-4548.0	48	0.0
-4547.0	59	0.0
-4546.0	47	0.0
-4545.0	37	0.0
-4544.0	45	0.0
-4543.0	39	0.0
-4542.0	39	0.0
-4541.0	44	0.0
-4540.0	46	0.0
-4539.0	45	0.0
-4538.0	40	0.0
-4537.0	35	0.0
-4536.0	43	0.0
-4535.0	47	0.0
-4534.0	52	0.0
-4533.0	43	0.0
-4532.0	49	0.0
-4531.0	48	0.0
-4530.0	51	0.0
-4529.0	58	0.0
-4528.0	40	0.0
-4527.0	61	0.0
-4526.0	42	0.0
-4525.0	53	0.0
-4524.0	39	0.0
-4523.0	43	0.0
-4522.0	40	0.0
-4521.0	47	0.0
-4520.0	43	0.0
-4519.0	39	0.0
-4518.0	48	0.0
-4517.0	43	0.0
-4516.0	58	0.0
-4515.0	56	0.0
-4514.0	42	0.0
-4513.0	31	0.0
-4512.0	53	0.0
-4511.0	37	0.0
-4510.0	39	0.0
-4509.0	53	0.0
-4508.0	52	0.0
-4507.0	39	0.0
-4506.0	47	0.0
-4505.0	41	0.0
-4504.0	51	0.0
-4503.0	53	0.0
-4502.0	54	0.0
-4501.0	38	0.0
-4500.0	46	0.0
-4499.0	46	0.0
-4498.0	43	0.0
-4497.0	37	0.0
-4496.0	44	0.0
-4495.0	38	0.0
-4494.0	32	0.0
-4493.0	41	0.0
-4492.0	43	0.0
-4491.0	37	0.0
-4490.0	32	0.0
-4489.0	35	0.0
-4488.0	48	0.0
-4487.0	50	0.0
-4486.0	37	0.0
-4485.0	35	0.0
-4484.0	43	0.0
-4483.0	41	0.0
-4482.0	44	0.0
-4481.0	47	0.0
-4480.0	41	0.0
-4479.0	47	0.0
-4478.0	31	0.0
-4477.0	48	0.0
-4476.0	46	0.0
-4475.0	34	0.0
-4474.0	42	0.0
-4473.0	40	0.0
-4472.0	40	0.0
-4471.0	40	0.0
-4470.0	48	0.0
-4469.0	40	0.0
-4468.0	56	0.0
-4467.0	36	0.0
-4466.0	50	0.0
-4465.0	48	0.0
-4464.0	43	0.0
-4463.0	48	0.0
-4462.0	37	0.0
-4461.0	42	0.0
-4460.0	48	0.0
-4459.0	39	0.0
-4458.0	45	0.0
-4457.0	31	0.0
-4456.0	47	0.0
-4455.0	41	0.0
-4454.0	46	0.0
-4453.0	44	0.0
-4452.0	59	0.0
-4451.0	38	0.0
-4450.0	43	0.0
-4449.0	39	0.0
-4448.0	51	0.0
-4447.0	39	0.0
-4446.0	42	0.0
-4445.0	54	0.0
-4444.0	46	0.0
-4443.0	41	0.0
-4442.0	47	0.0
-4441.0	51	0.0
-4440.0	33	0.0
-4439.0	54	0.0
-4438.0	42	0.0
-4437.0	30	0.0
-4436.0	30	0.0
-4435.0	42	0.0
-4434.0	42	0.0
-4433.0	41	0.0
-4432.0	38	0.0
-4431.0	34	0.0
-4430.0	42	0.0
-4429.0	39	0.0
-4428.0	45	0.0
-4427.0	47	0.0
-4426.0	52	0.0
-4425.0	54	0.0
-4424.0	42	0.0
-4423.0	39	0.0
-4422.0	45	0.0
-4421.0	33	0.0
-4420.0	44	0.0
-4419.0	43	0.0
-4418.0	46	0.0
-4417.0	40	0.0
-4416.0	46	0.0
-4415.0	46	0.0
-4414.0	40	0.0
-4413.0	49	0.0
-4412.0	48	0.0
-4411.0	60	0.0
-4410.0	37	0.0
-4409.0	37	0.0
-4408.0	45	0.0
-4407.0	41	0.0
-4406.0	36	0.0
-4405.0	39	0.0
-4404.0	45	0.0
-4403.0	53	0.0
-4402.0	41	0.0
-4401.0	38	0.0
-4400.0	36	0.0
-4399.0	42	0.0
-4398.0	44	0.0
-4397.0	49	0.0
-4396.0	51	0.0
-4395.0	47	0.0
-4394.0	33	0.0
-4393.0	39	0.0
-4392.0	53	0.0
-4391.0	43	0.0
-4390.0	44	0.0
-4389.0	53	0.0
-4388.0	50	0.0
-4387.0	43	0.0
-4386.0	53	0.0
-4385.0	58	0.0
-4384.0	36	0.0
-4383.0	54	0.0
-4382.0	38	0.0
-4381.0	44	0.0
-4380.0	41	0.0
-4379.0	29	0.0
-4378.0	60	0.0
-4377.0	45	0.0
-4376.0	56	0.0
-4375.0	43	0.0
-4374.0	37	0.0
-4373.0	41	0.0
-4372.0	43	0.0
-4371.0	45	0.0
-4370.0	37	0.0
-4369.0	49	0.0
-4368.0	36	0.0
-4367.0	49	0.0
-4366.0	43	0.0
-4365.0	35	0.0
-4364.0	54	0.0
-4363.0	44	0.0
-4362.0	47	0.0
-4361.0	54	0.0
-4360.0	44	0.0
-4359.0	42	0.0
-4358.0	52	0.0
-4357.0	35	0.0
-4356.0	39	0.0
-4355.0	45	0.0
-4354.0	37	0.0
-4353.0	43	0.0
-4352.0	47	0.0
-4351.0	47	0.0
-4350.0	43	0.0
-4349.0	38	0.0
-4348.0	41	0.0
-4347.0	53	0.0
-4346.0	32	0.0
-4345.0	45	0.0
-4344.0	34	0.0
-4343.0	43	0.0
-4342.0	36	0.0
-4341.0	47	0.0
-4340.0	45	0.0
-4339.0	45	0.0
-4338.0	47	0.0
-4337.0	36	0.0
-4336.0	45	0.0
-4335.0	33	0.0
-4334.0	44	0.0
-4333.0	41	0.0
-4332.0	49	0.0
-4331.0	47	0.0
-4330.0	36	0.0
-4329.0	42	0.0
-4328.0	49	0.0
-4327.0	34	0.0
-4326.0	45	0.0
-4325.0	31	0.0
-4324.0	37	0.0
-4323.0	44	0.0
-4322.0	45	0.0
-4321.0	43	0.0
-4320.0	41	0.0
-4319.0	45	0.0
-4318.0	45	0.0
-4317.0	51	0.0
-4316.0	39	0.0
-4315.0	40	0.0
-4314.0	45	0.0
-4313.0	49	0.0
-4312.0	31	0.0
-4311.0	44	0.0
-4310.0	41	0.0
-4309.0	49	0.0
-4308.0	36	0.0
-4307.0	42	0.0
-4306.0	45	0.0
-4305.0	47	0.0
-4304.0	39	0.0
-4303.0	35	0.0
-4302.0	40	0.0
-4301.0	43	0.0
-4300.0	51	0.0
-4299.0	42	0.0
-4298.0	39	0.0
-4297.0	44	0.0
-4296.0	51	0.0
-4295.0	47	0.0
-4294.0	44	0.0
-4293.0	43	0.0
-4292.0	44	0.0
-4291.0	50	0.0
-4290.0	33	0.0
-4289.0	46	0.0
-4288.0	41	0.0
-4287.0	49	0.0
-4286.0	45	0.0
-4285.0	35	0.0
-4284.0	47	0.0
-4283.0	45	0.0
-4282.0	37	0.0
-4281.0	42	0.0
-4280.0	34	0.0
-4279.0	47	0.0
-4278.0	41	0.0
-4277.0	45	0.0
-4276.0	51	0.0
-4275.0	39	0.0
-4274.0	52	0.0
-4273.0	50	0.0
-4272.0	43	0.0
-4271.0	45	0.0
-4270.0	45	0.0
-4269.0	51	0.0
-4268.0	33	0.0
-4267.0	38	0.0
-4266.0	48	0.0
-4265.0	44	0.0
-4264.0	44	0.0
-4263.0	48	0.0
-4262.0	40	0.0
-4261.0	39	0.0
-4260.0	41	0.0
-4259.0	45	0.0
-4258.0	37	0.0
-4257.0	44	0.0
-4256.0	31	0.0
-4255.0	47	0.0
-4254.0	30	0.0
-4253.0	44	0.0
-4252.0	37	0.0
-4251.0	28	0.0
-4250.0	40	0.0
-4249.0	42	0.0
-4248.0	38	0.0
-4247.0	40	0.0
-4246.0	41	0.0
-4245.0	41	0.0
-4244.0	39	0.0
-4243.0	43	0.0
-4242.0	46	0.0
-4241.0	51	0.0
-4240.0	46	0.0
-4239.0	53	0.0
-4238.0	37	0.0
-4237.0	48	0.0
-4236.0	46	0.0
-4235.0	37	0.0
-4234.0	49	0.0
-4233.0	39	0.0
-4232.0	40	0.0
-4231.0	53	0.0
-4230.0	53	0.0
-4229.0	41	0.0
-4228.0	46	0.0
-4227.0	57	0.0
-4226.0	44	0.0
-4225.0	42	0.0
-4224.0	58	0.0
-4223.0	33	0.0
-4222.0	56	0.0
-4221.0	37	0.0
-4220.0	56	0.0
-4219.0	40	0.0
-4218.0	38	0.0
-4217.0	43	0.0
-4216.0	42	0.0
-4215.0	43	0.0
-4214.0	45	0.0
-4213.0	53	0.0
-4212.0	38	0.0
-4211.0	48	0.0
-4210.0	48	0.0
-4209.0	54	0.0
-4208.0	38	0.0
-4207.0	44	0.0
-4206.0	51	0.0
-4205.0	43	0.0
-4204.0	40	0.0
-4203.0	55	0.0
-4202.0	35	0.0
-4201.0	38	0.0
-4200.0	37	0.0
-4199.0	31	0.0
-4198.0	48	0.0
-4197.0	48	0.0
-4196.0	48	0.0
-4195.0	51	0.0
-4194.0	45	0.0
-4193.0	47	0.0
-4192.0	37	0.0
-4191.0	41	0.0
-4190.0	52	0.0
-4189.0	60	0.0
-4188.0	49	0.0
-4187.0	34	0.0
-4186.0	36	0.0
-4185.0	49	0.0
-4184.0	50	0.0
-4183.0	53	0.0
-4182.0	45	0.0
-4181.0	47	0.0
-4180.0	43	0.0
-4179.0	44	0.0
-4178.0	50	0.0
-4177.0	43	0.0
-4176.0	39	0.0
-4175.0	44	0.0
-4174.0	44	0.0
-4173.0	33	0.0
-4172.0	35	0.0
-4171.0	45	0.0
-4170.0	37	0.0
-4169.0	41	0.0
-4168.0	44	0.0
-4167.0	45	0.0
-4166.0	32	0.0
-4165.0	47	0.0
-4164.0	44	0.0
-4163.0	50	0.0
-4162.0	45	0.0
-4161.0	40	0.0
-4160.0	44	0.0
-4159.0	36	0.0
-4158.0	46	0.0
-4157.0	39	0.0
-4156.0	44	0.0
-4155.0	35	0.0
-4154.0	36	0.0
-4153.0	47	0.0
-4152.0	41	0.0
-4151.0	51	0.0
-4150.0	31	0.0
-4149.0	35	0.0
-4148.0	55	0.0
-4147.0	44	0.0
-4146.0	41	0.0
-4145.0	66	0.0
-4144.0	48	0.0
-4143.0	50	0.0
-4142.0	32	0.0
-4141.0	47	0.0
-4140.0	41	0.0
-4139.0	48	0.0
-4138.0	36	0.0
-4137.0	46	0.0
-4136.0	47	0.0
-4135.0	34	0.0
-4134.0	34	0.0
-4133.0	35	0.0
-4132.0	47	0.0
-4131.0	41	0.0
-4130.0	49	0.0
-4129.0	43	0.0
-4128.0	45	0.0
-4127.0	36	0.0
-4126.0	45	0.0
-4125.0	44	0.0
-4124.0	47	0.0
-4123.0	52	0.0
-4122.0	35	0.0
-4121.0	46	0.0
-4120.0	44	0.0
-4119.0	36	0.0
-4118.0	45	0.0
-4117.0	40	0.0
-4116.0	38	0.0
-4115.0	39	0.0
-4114.0	46	0.0
-4113.0	36	0.0
-4112.0	46	0.0
-4111.0	38	0.0
-4110.0	41	0.0
-4109.0	49	0.0
-4108.0	51	0.0
-4107.0	41	0.0
-4106.0	46	0.0
-4105.0	44	0.0
-4104.0	45	0.0
-4103.0	41	0.0
-4102.0	56	0.0
-4101.0	37	0.0
-4100.0	46	0.0
-4099.0	43	0.0
-4098.0	53	0.0
-4097.0	44	0.0
-4096.0	31	0.0
-4095.0	39	0.0
-4094.0	54	0.0
-4093.0	37	0.0
-4092.0	52	0.0
-4091.0	60	0.0
-4090.0	46	0.0
-4089.0	53	0.0
-4088.0	45	0.0
-4087.0	41	0.0
-4086.0	44	0.0
-4085.0	39	0.0
-4084.0	50	0.0
-4083.0	35	0.0
-4082.0	35	0.0
-4081.0	41	0.0
-4080.0	42	0.0
-4079.0	45	0.0
-4078.0	39	0.0
-4077.0	64	0.0
-4076.0	45	0.0
-4075.0	36	0.0
-4074.0	51	0.0
-4073.0	36	0.0
-4072.0	38	0.0
-4071.0	34	0.0
-4070.0	43	0.0
-4069.0	33	0.0
-4068.0	35	0.0
-4067.0	31	0.0
-4066.0	37	0.0
-4065.0	46	0.0
-4064.0	41	0.0
-4063.0	46	0.0
-4062.0	42	0.0
-4061.0	36	0.0
-4060.0	48	0.0
-4059.0	45	0.0
-4058.0	48	0.0
-4057.0	53	0.0
-4056.0	36	0.0
-4055.0	39	0.0
-4054.0	46	0.0
-4053.0	42	0.0
-4052.0	43	0.0
-4051.0	33	0.0
-4050.0	34	0.0
-4049.0	42	0.0
-4048.0	57	0.0
-4047.0	34	0.0
-4046.0	63	0.0
-4045.0	35	0.0
-4044.0	41	0.0
-4043.0	53	0.0
-4042.0	47	0.0
-4041.0	40	0.0
-4040.0	46	0.0
-4039.0	27	0.0
-4038.0	40	0.0
-4037.0	40	0.0
-4036.0	46	0.0
-4035.0	55	0.0
-4034.0	47	0.0
-4033.0	42	0.0
-4032.0	50	0.0
-4031.0	45	0.0
-4030.0	30	0.0
-4029.0	44	0.0
-4028.0	42	0.0
-4027.0	42	0.0
-4026.0	35	0.0
-4025.0	42	0.0
-4024.0	39	0.0
-4023.0	37	0.0
-4022.0	53	0.0
-4021.0	45	0.0
-4020.0	33	0.0
-4019.0	40	0.0
-4018.0	35	0.0
-4017.0	40	0.0
-4016.0	44	0.0
-4015.0	49	0.0
-4014.0	51	0.0
-4013.0	44	0.0
-4012.0	49	0.0
-4011.0	59	0.0
-4010.0	27	0.0
-4009.0	40	0.0
-4008.0	44	0.0
-4007.0	47	0.0
-4006.0	45	0.0
-4005.0	53	0.0
-4004.0	47	0.0
-4003.0	40	0.0
-4002.0	40	0.0
-4001.0	38	0.0
-4000.0	51	0.0
-3999.0	53	0.0
-3998.0	54	0.0
-3997.0	50	0.0
-3996.0	41	0.0
-3995.0	34	0.0
-3994.0	39	0.0
-3993.0	39	0.0
-3992.0	46	0.0
-3991.0	51	0.0
-3990.0	36	0.0
-3989.0	41	0.0
-3988.0	57	0.0
-3987.0	37	0.0
-3986.0	52	0.0
-3985.0	39	0.0
-3984.0	44	0.0
-3983.0	34	0.0
-3982.0	43	0.0
-3981.0	50	0.0
-3980.0	39	0.0
-3979.0	36	0.0
-3978.0	40	0.0
-3977.0	43	0.0
-3976.0	47	0.0
-3975.0	53	0.0
-3974.0	52	0.0
-3973.0	39	0.0
-3972.0	52	0.0
-3971.0	50	0.0
-3970.0	43	0.0
-3969.0	47	0.0
-3968.0	43	0.0
-3967.0	48	0.0
-3966.0	48	0.0
-3965.0	37	0.0
-3964.0	40	0.0
-3963.0	44	0.0
-3962.0	42	0.0
-3961.0	39	0.0
-3960.0	34	0.0
-3959.0	45	0.0
-3958.0	43	0.0
-3957.0	49	0.0
-3956.0	44	0.0
-3955.0	45	0.0
-3954.0	55	0.0
-3953.0	40	0.0
-3952.0	36	0.0
-3951.0	48	0.0
-3950.0	45	0.0
-3949.0	40	0.0
-3948.0	37	0.0
-3947.0	44	0.0
-3946.0	49	0.0
-3945.0	37	0.0
-3944.0	50	0.0
-3943.0	37	0.0
-3942.0	50	0.0
-3941.0	56	0.0
-3940.0	42	0.0
-3939.0	47	0.0
-3938.0	47	0.0
-3937.0	34	0.0
-3936.0	49	0.0
-3935.0	46	0.0
-3934.0	37	0.0
-3933.0	38	0.0
-3932.0	44	0.0
-3931.0	42	0.0
-3930.0	51	0.0
-3929.0	39	0.0
-3928.0	43	0.0
-3927.0	42	0.0
-3926.0	38	0.0
-3925.0	42	0.0
-3924.0	38	0.0
-3923.0	34	0.0
-3922.0	43	0.0
-3921.0	48	0.0
-3920.0	37	0.0
-3919.0	55	0.0
-3918.0	27	0.0
-3917.0	48	0.0
-3916.0	43	0.0
-3915.0	46	0.0
-3914.0	37	0.0
-3913.0	51	0.0
-3912.0	34	0.0
-3911.0	55	0.0
-3910.0	49	0.0
-3909.0	41	0.0
-3908.0	56	0.0
-3907.0	35	0.0
-3906.0	40	0.0
-3905.0	35	0.0
-3904.0	50	0.0
-3903.0	43	0.0
-3902.0	43	0.0
-3901.0	37	0.0
-3900.0	49	0.0
-3899.0	41	0.0
-3898.0	45	0.0
-3897.0	42	0.0
-3896.0	45	0.0
-3895.0	43	0.0
-3894.0	48	0.0
-3893.0	43	0.0
-3892.0	45	0.0
-3891.0	39	0.0
-3890.0	41	0.0
-3889.0	46	0.0
-3888.0	50	0.0
-3887.0	29	0.0
-3886.0	40	0.0
-3885.0	51	0.0
-3884.0	48	0.0
-3883.0	48	0.0
-3882.0	49	0.0
-3881.0	49	0.0
-3880.0	43	0.0
-3879.0	29	0.0
-3878.0	35	0.0
-3877.0	41	0.0
-3876.0	46	0.0
-3875.0	42	0.0
-3874.0	53	0.0
-3873.0	43	0.0
-3872.0	41	0.0
-3871.0	46	0.0
-3870.0	33	0.0
-3869.0	49	0.0
-3868.0	40	0.0
-3867.0	42	0.0
-3866.0	48	0.0
-3865.0	34	0.0
-3864.0	39	0.0
-3863.0	33	0.0
-3862.0	46	0.0
-3861.0	39	0.0
-3860.0	51	0.0
-3859.0	45	0.0
-3858.0	41	0.0
-3857.0	43	0.0
-3856.0	42	0.0
-3855.0	52	0.0
-3854.0	53	0.0
-3853.0	49	0.0
-3852.0	38	0.0
-3851.0	45	0.0
-3850.0	34	0.0
-3849.0	52	0.0
-3848.0	49	0.0
-3847.0	47	0.0
-3846.0	44	0.0
-3845.0	39	0.0
-3844.0	52	0.0
-3843.0	51	0.0
-3842.0	38	0.0
-3841.0	39	0.0
-3840.0	37	0.0
-3839.0	47	0.0
-3838.0	48	0.0
-3837.0	37	0.0
-3836.0	34	0.0
-3835.0	46	0.0
-3834.0	48	0.0
-3833.0	44	0.0
-3832.0	45	0.0
-3831.0	40	0.0
-3830.0	24	0.0
-3829.0	47	0.0
-3828.0	43	0.0
-3827.0	39	0.0
-3826.0	47	0.0
-3825.0	50	0.0
-3824.0	53	0.0
-3823.0	44	0.0
-3822.0	37	0.0
-3821.0	42	0.0
-3820.0	37	0.0
-3819.0	49	0.0
-3818.0	29	0.0
-3817.0	55	0.0
-3816.0	44	0.0
-3815.0	37	0.0
-3814.0	39	0.0
-3813.0	54	0.0
-3812.0	44	0.0
-3811.0	48	0.0
-3810.0	38	0.0
-3809.0	36	0.0
-3808.0	38	0.0
-3807.0	55	0.0
-3806.0	47	0.0
-3805.0	53	0.0
-3804.0	53	0.0
-3803.0	45	0.0
-3802.0	46	0.0
-3801.0	40	0.0
-3800.0	36	0.0
-3799.0	41	0.0
-3798.0	41	0.0
-3797.0	47	0.0
-3796.0	40	0.0
-3795.0	52	0.0
-3794.0	48	0.0
-3793.0	33	0.0
-3792.0	32	0.0
-3791.0	42	0.0
-3790.0	50	0.0
-3789.0	33	0.0
-3788.0	42	0.0
-3787.0	53	0.0
-3786.0	53	0.0
-3785.0	43	0.0
-3784.0	39	0.0
-3783.0	50	0.0
-3782.0	31	0.0
-3781.0	41	0.0
-3780.0	48	0.0
-3779.0	48	0.0
-3778.0	41	0.0
-3777.0	48	0.0
-3776.0	32	0.0
-3775.0	52	0.0
-3774.0	46	0.0
-3773.0	28	0.0
-3772.0	39	0.0
-3771.0	40	0.0
-3770.0	38	0.0
-3769.0	51	0.0
-3768.0	63	0.0
-3767.0	46	0.0
-3766.0	33	0.0
-3765.0	49	0.0
-3764.0	31	0.0
-3763.0	31	0.0
-3762.0	46	0.0
-3761.0	43	0.0
-3760.0	48	0.0
-3759.0	39	0.0
-3758.0	43	0.0
-3757.0	42	0.0
-3756.0	45	0.0
-3755.0	30	0.0
-3754.0	38	0.0
-3753.0	48	0.0
-3752.0	50	0.0
-3751.0	44	0.0
-3750.0	40	0.0
-3749.0	52	0.0
-3748.0	41	0.0
-3747.0	51	0.0
-3746.0	35	0.0
-3745.0	56	0.0
-3744.0	48	0.0
-3743.0	48	0.0
-3742.0	41	0.0
-3741.0	49	0.0
-3740.0	51	0.0
-3739.0	46	0.0
-3738.0	47	0.0
-3737.0	40	0.0
-3736.0	43	0.0
-3735.0	49	0.0
-3734.0	43	0.0
-3733.0	40	0.0
-3732.0	42	0.0
-3731.0	43	0.0
-3730.0	39	0.0
-3729.0	36	0.0
-3728.0	51	0.0
-3727.0	50	0.0
-3726.0	44	0.0
-3725.0	31	0.0
-3724.0	45	0.0
-3723.0	44	0.0
-3722.0	44	0.0
-3721.0	39	0.0
-3720.0	48	0.0
-3719.0	38	0.0
-3718.0	36	0.0
-3717.0	39	0.0
-3716.0	42	0.0
-3715.0	33	0.0
-3714.0	51	0.0
-3713.0	54	0.0
-3712.0	36	0.0
-3711.0	43	0.0
-3710.0	33	0.0
-3709.0	44	0.0
-3708.0	39	0.0
-3707.0	40	0.0
-3706.0	51	0.0
-3705.0	43	0.0
-3704.0	39	0.0
-3703.0	48	0.0
-3702.0	43	0.0
-3701.0	40	0.0
-3700.0	47	0.0
-3699.0	45	0.0
-3698.0	38	0.0
-3697.0	48	0.0
-3696.0	31	0.0
-3695.0	49	0.0
-3694.0	46	0.0
-3693.0	49	0.0
-3692.0	38	0.0
-3691.0	44	0.0
-3690.0	49	0.0
-3689.0	44	0.0
-3688.0	49	0.0
-3687.0	46	0.0
-3686.0	41	0.0
-3685.0	31	0.0
-3684.0	45	0.0
-3683.0	42	0.0
-3682.0	49	0.0
-3681.0	40	0.0
-3680.0	42	0.0
-3679.0	43	0.0
-3678.0	49	0.0
-3677.0	41	0.0
-3676.0	38	0.0
-3675.0	50	0.0
-3674.0	29	0.0
-3673.0	49	0.0
-3672.0	46	0.0
-3671.0	36	0.0
-3670.0	41	0.0
-3669.0	34	0.0
-3668.0	47	0.0
-3667.0	41	0.0
-3666.0	33	0.0
-3665.0	40	0.0
-3664.0	38	0.0
-3663.0	63	0.0
-3662.0	33	0.0
-3661.0	37	0.0
-3660.0	47	0.0
-3659.0	43	0.0
-3658.0	54	0.0
-3657.0	33	0.0
-3656.0	38	0.0
-3655.0	45	0.0
-3654.0	45	0.0
-3653.0	34	0.0
-3652.0	45	0.0
-3651.0	47	0.0
-3650.0	45	0.0
-3649.0	38	0.0
-3648.0	39	0.0
-3647.0	53	0.0
-3646.0	52	0.0
-3645.0	48	0.0
-3644.0	46	0.0
-3643.0	41	0.0
-3642.0	49	0.0
-3641.0	44	0.0
-3640.0	51	0.0
-3639.0	37	0.0
-3638.0	40	0.0
-3637.0	33	0.0
-3636.0	38	0.0
-3635.0	31	0.0
-3634.0	38	0.0
-3633.0	36	0.0
-3632.0	46	0.0
-3631.0	57	0.0
-3630.0	48	0.0
-3629.0	40	0.0
-3628.0	49	0.0
-3627.0	38	0.0
-3626.0	36	0.0
-3625.0	53	0.0
-3624.0	46	0.0
-3623.0	37	0.0
-3622.0	43	0.0
-3621.0	27	0.0
-3620.0	39	0.0
-3619.0	48	0.0
-3618.0	32	0.0
-3617.0	28	0.0
-3616.0	32	0.0
-3615.0	46	0.0
-3614.0	45	0.0
-3613.0	43	0.0
-3612.0	51	0.0
-3611.0	33	0.0
-3610.0	49	0.0
-3609.0	37	0.0
-3608.0	39	0.0
-3607.0	47	0.0
-3606.0	45	0.0
-3605.0	42	0.0
-3604.0	47	0.0
-3603.0	43	0.0
-3602.0	41	0.0
-3601.0	38	0.0
-3600.0	38	0.0
-3599.0	49	0.0
-3598.0	47	0.0
-3597.0	34	0.0
-3596.0	47	0.0
-3595.0	44	0.0
-3594.0	52	0.0
-3593.0	44	0.0
-3592.0	48	0.0
-3591.0	43	0.0
-3590.0	49	0.0
-3589.0	48	0.0
-3588.0	57	0.0
-3587.0	45	0.0
-3586.0	40	0.0
-3585.0	47	0.0
-3584.0	44	0.0
-3583.0	48	0.0
-3582.0	41	0.0
-3581.0	49	0.0
-3580.0	44	0.0
-3579.0	26	0.0
-3578.0	45	0.0
-3577.0	44	0.0
-3576.0	44	0.0
-3575.0	49	0.0
-3574.0	38	0.0
-3573.0	44	0.0
-3572.0	40	0.0
-3571.0	44	0.0
-3570.0	47	0.0
-3569.0	41	0.0
-3568.0	42	0.0
-3567.0	41	0.0
-3566.0	45	0.0
-3565.0	42	0.0
-3564.0	38	0.0
-3563.0	49	0.0
-3562.0	40	0.0
-3561.0	47	0.0
-3560.0	47	0.0
-3559.0	40	0.0
-3558.0	44	0.0
-3557.0	35	0.0
-3556.0	37	0.0
-3555.0	62	0.0
-3554.0	41	0.0
-3553.0	55	0.0
-3552.0	46	0.0
-3551.0	56	0.0
-3550.0	36	0.0
-3549.0	36	0.0
-3548.0	45	0.0
-3547.0	57	0.0
-3546.0	50	0.0
-3545.0	39	0.0
-3544.0	56	0.0
-3543.0	46	0.0
-3542.0	42	0.0
-3541.0	49	0.0
-3540.0	40	0.0
-3539.0	44	0.0
-3538.0	57	0.0
-3537.0	41	0.0
-3536.0	40	0.0
-3535.0	39	0.0
-3534.0	49	0.0
-3533.0	47	0.0
-3532.0	52	0.0
-3531.0	43	0.0
-3530.0	41	0.0
-3529.0	36	0.0
-3528.0	45	0.0
-3527.0	51	0.0
-3526.0	43	0.0
-3525.0	37	0.0
-3524.0	53	0.0
-3523.0	39	0.0
-3522.0	41	0.0
-3521.0	53	0.0
-3520.0	39	0.0
-3519.0	46	0.0
-3518.0	47	0.0
-3517.0	43	0.0
-3516.0	47	0.0
-3515.0	43	0.0
-3514.0	42	0.0
-3513.0	46	0.0
-3512.0	47	0.0
-3511.0	44	0.0
-3510.0	38	0.0
-3509.0	40	0.0
-3508.0	53	0.0
-3507.0	50	0.0
-3506.0	48	0.0
-3505.0	41	0.0
-3504.0	47	0.0
-3503.0	45	0.0
-3502.0	37	0.0
-3501.0	48	0.0
-3500.0	41	0.0
-3499.0	41	0.0
-3498.0	53	0.0
-3497.0	44	0.0
-3496.0	40	0.0
-3495.0	40	0.0
-3494.0	43	0.0
-3493.0	44	0.0
-3492.0	53	0.0
-3491.0	41	0.0
-3490.0	45	0.0
-3489.0	34	0.0
-3488.0	48	0.0
-3487.0	38	0.0
-3486.0	39	0.0
-3485.0	44	0.0
-3484.0	51	0.0
-3483.0	51	0.0
-3482.0	51	0.0
-3481.0	46	0.0
-3480.0	38	0.0
-3479.0	51	0.0
-3478.0	51	0.0
-3477.0	46	0.0
-3476.0	53	0.0
-3475.0	38	0.0
-3474.0	30	0.0
-3473.0	48	0.0
-3472.0	38	0.0
-3471.0	39	0.0
-3470.0	62	0.0
-3469.0	37	0.0
-3468.0	35	0.0
-3467.0	30	0.0
-3466.0	45	0.0
-3465.0	54	0.0
-3464.0	33	0.0
-3463.0	49	0.0
-3462.0	35	0.0
-3461.0	48	0.0
-3460.0	44	0.0
-3459.0	36	0.0
-3458.0	44	0.0
-3457.0	41	0.0
-3456.0	52	0.0
-3455.0	37	0.0
-3454.0	46	0.0
-3453.0	47	0.0
-3452.0	47	0.0
-3451.0	38	0.0
-3450.0	39	0.0
-3449.0	38	0.0
-3448.0	49	0.0
-3447.0	46	0.0
-3446.0	49	0.0
-3445.0	43	0.0
-3444.0	53	0.0
-3443.0	40	0.0
-3442.0	49	0.0
-3441.0	42	0.0
-3440.0	44	0.0
-3439.0	54	0.0
-3438.0	41	0.0
-3437.0	41	0.0
-3436.0	47	0.0
-3435.0	46	0.0
-3434.0	41	0.0
-3433.0	39	0.0
-3432.0	39	0.0
-3431.0	40	0.0
-3430.0	43	0.0
-3429.0	40	0.0
-3428.0	36	0.0
-3427.0	28	0.0
-3426.0	37	0.0
-3425.0	47	0.0
-3424.0	45	0.0
-3423.0	50	0.0
-3422.0	42	0.0
-3421.0	47	0.0
-3420.0	41	0.0
-3419.0	39	0.0
-3418.0	34	0.0
-3417.0	47	0.0
-3416.0	42	0.0
-3415.0	35	0.0
-3414.0	50	0.0
-3413.0	42	0.0
-3412.0	42	0.0
-3411.0	39	0.0
-3410.0	44	0.0
-3409.0	42	0.0
-3408.0	51	0.0
-3407.0	51	0.0
-3406.0	58	0.0
-3405.0	38	0.0
-3404.0	37	0.0
-3403.0	49	0.0
-3402.0	40	0.0
-3401.0	41	0.0
-3400.0	37	0.0
-3399.0	45	0.0
-3398.0	42	0.0
-3397.0	47	0.0
-3396.0	53	0.0
-3395.0	49	0.0
-3394.0	34	0.0
-3393.0	42	0.0
-3392.0	45	0.0
-3391.0	36	0.0
-3390.0	51	0.0
-3389.0	35	0.0
-3388.0	38	0.0
-3387.0	41	0.0
-3386.0	46	0.0
-3385.0	44	0.0
-3384.0	54	0.0
-3383.0	42	0.0
-3382.0	58	0.0
-3381.0	41	0.0
-3380.0	46	0.0
-3379.0	34	0.0
-3378.0	49	0.0
-3377.0	47	0.0
-3376.0	47	0.0
-3375.0	30	0.0
-3374.0	37	0.0
-3373.0	47	0.0
-3372.0	53	0.0
-3371.0	54	0.0
-3370.0	41	0.0
-3369.0	53	0.0
-3368.0	42	0.0
-3367.0	48	0.0
-3366.0	49	0.0
-3365.0	34	0.0
-3364.0	37	0.0
-3363.0	51	0.0
-3362.0	40	0.0
-3361.0	40	0.0
-3360.0	39	0.0
-3359.0	45	0.0
-3358.0	34	0.0
-3357.0	53	0.0
-3356.0	50	0.0
-3355.0	43	0.0
-3354.0	45	0.0
-3353.0	58	0.0
-3352.0	49	0.0
-3351.0	37	0.0
-3350.0	51	0.0
-3349.0	41	0.0
-3348.0	34	0.0
-3347.0	43	0.0
-3346.0	50	0.0
-3345.0	52	0.0
-3344.0	39	0.0
-3343.0	53	0.0
-3342.0	36	0.0
-3341.0	47	0.0
-3340.0	40	0.0
-3339.0	44	0.0
-3338.0	55	0.0
-3337.0	44	0.0
-3336.0	37	0.0
-3335.0	41	0.0
-3334.0	50	0.0
-3333.0	47	0.0
-3332.0	49	0.0
-3331.0	38	0.0
-3330.0	45	0.0
-3329.0	46	0.0
-3328.0	39	0.0
-3327.0	41	0.0
-3326.0	36	0.0
-3325.0	47	0.0
-3324.0	45	0.0
-3323.0	52	0.0
-3322.0	39	0.0
-3321.0	43	0.0
-3320.0	49	0.0
-3319.0	44	0.0
-3318.0	49	0.0
-3317.0	36	0.0
-3316.0	45	0.0
-3315.0	37	0.0
-3314.0	48	0.0
-3313.0	59	0.0
-3312.0	38	0.0
-3311.0	46	0.0
-3310.0	55	0.0
-3309.0	45	0.0
-3308.0	55	0.0
-3307.0	43	0.0
-3306.0	38	0.0
-3305.0	45	0.0
-3304.0	33	0.0
-3303.0	46	0.0
-3302.0	49	0.0
-3301.0	51	0.0
-3300.0	51	0.0
-3299.0	42	0.0
-3298.0	53	0.0
-3297.0	30	0.0
-3296.0	49	0.0
-3295.0	45	0.0
-3294.0	47	0.0
-3293.0	46	0.0
-3292.0	50	0.0
-3291.0	52	0.0
-3290.0	42	0.0
-3289.0	49	0.0
-3288.0	45	0.0
-3287.0	33	0.0
-3286.0	48	0.0
-3285.0	46	0.0
-3284.0	28	0.0
-3283.0	35	0.0
-3282.0	58	0.0
-3281.0	48	0.0
-3280.0	40	0.0
-3279.0	48	0.0
-3278.0	50	0.0
-3277.0	44	0.0
-3276.0	44	0.0
-3275.0	35	0.0
-3274.0	36	0.0
-3273.0	42	0.0
-3272.0	46	0.0
-3271.0	34	0.0
-3270.0	58	0.0
-3269.0	38	0.0
-3268.0	42	0.0
-3267.0	42	0.0
-3266.0	46	0.0
-3265.0	49	0.0
-3264.0	50	0.0
-3263.0	45	0.0
-3262.0	36	0.0
-3261.0	33	0.0
-3260.0	46	0.0
-3259.0	37	0.0
-3258.0	37	0.0
-3257.0	46	0.0
-3256.0	40	0.0
-3255.0	39	0.0
-3254.0	45	0.0
-3253.0	42	0.0
-3252.0	47	0.0
-3251.0	48	0.0
-3250.0	39	0.0
-3249.0	46	0.0
-3248.0	42	0.0
-3247.0	55	0.0
-3246.0	49	0.0
-3245.0	48	0.0
-3244.0	38	0.0
-3243.0	47	0.0
-3242.0	50	0.0
-3241.0	42	0.0
-3240.0	44	0.0
-3239.0	43	0.0
-3238.0	41	0.0
-3237.0	39	0.0
-3236.0	47	0.0
-3235.0	46	0.0
-3234.0	42	0.0
-3233.0	42	0.0
-3232.0	43	0.0
-3231.0	46	0.0
-3230.0	47	0.0
-3229.0	52	0.0
-3228.0	44	0.0
-3227.0	45	0.0
-3226.0	36	0.0
-3225.0	40	0.0
-3224.0	45	0.0
-3223.0	40	0.0
-3222.0	45	0.0
-3221.0	47	0.0
-3220.0	31	0.0
-3219.0	47	0.0
-3218.0	39	0.0
-3217.0	49	0.0
-3216.0	44	0.0
-3215.0	42	0.0
-3214.0	41	0.0
-3213.0	36	0.0
-3212.0	41	0.0
-3211.0	41	0.0
-3210.0	38	0.0
-3209.0	51	0.0
-3208.0	51	0.0
-3207.0	42	0.0
-3206.0	49	0.0
-3205.0	42	0.0
-3204.0	34	0.0
-3203.0	57	0.0
-3202.0	36	0.0
-3201.0	46	0.0
-3200.0	40	0.0
-3199.0	44	0.0
-3198.0	43	0.0
-3197.0	50	0.0
-3196.0	48	0.0
-3195.0	35	0.0
-3194.0	41	0.0
-3193.0	33	0.0
-3192.0	40	0.0
-3191.0	42	0.0
-3190.0	56	0.0
-3189.0	52	0.0
-3188.0	51	0.0
-3187.0	39	0.0
-3186.0	47	0.0
-3185.0	55	0.0
-3184.0	29	0.0
-3183.0	48	0.0
-3182.0	44	0.0
-3181.0	55	0.0
-3180.0	44	0.0
-3179.0	37	0.0
-3178.0	35	0.0
-3177.0	46	0.0
-3176.0	45	0.0
-3175.0	51	0.0
-3174.0	40	0.0
-3173.0	33	0.0
-3172.0	45	0.0
-3171.0	49	0.0
-3170.0	43	0.0
-3169.0	33	0.0
-3168.0	37	0.0
-3167.0	34	0.0
-3166.0	41	0.0
-3165.0	41	0.0
-3164.0	47	0.0
-3163.0	41	0.0
-3162.0	48	0.0
-3161.0	41	0.0
-3160.0	40	0.0
-3159.0	35	0.0
-3158.0	42	0.0
-3157.0	34	0.0
-3156.0	43	0.0
-3155.0	38	0.0
-3154.0	37	0.0
-3153.0	28	0.0
-3152.0	36	0.0
-3151.0	47	0.0
-3150.0	45	0.0
-3149.0	63	0.0
-3148.0	37	0.0
-3147.0	35	0.0
-3146.0	37	0.0
-3145.0	45	0.0
-3144.0	44	0.0
-3143.0	46	0.0
-3142.0	35	0.0
-3141.0	40	0.0
-3140.0	41	0.0
-3139.0	44	0.0
-3138.0	55	0.0
-3137.0	46	0.0
-3136.0	47	0.0
-3135.0	53	0.0
-3134.0	37	0.0
-3133.0	45	0.0
-3132.0	53	0.0
-3131.0	44	0.0
-3130.0	48	0.0
-3129.0	46	0.0
-3128.0	52	0.0
-3127.0	39	0.0
-3126.0	45	0.0
-3125.0	43	0.0
-3124.0	29	0.0
-3123.0	48	0.0
-3122.0	39	0.0
-3121.0	46	0.0
-3120.0	33	0.0
-3119.0	39	0.0
-3118.0	38	0.0
-3117.0	50	0.0
-3116.0	46	0.0
-3115.0	31	0.0
-3114.0	52	0.0
-3113.0	38	0.0
-3112.0	46	0.0
-3111.0	36	0.0
-3110.0	50	0.0
-3109.0	46	0.0
-3108.0	54	0.0
-3107.0	43	0.0
-3106.0	48	0.0
-3105.0	53	0.0
-3104.0	35	0.0
-3103.0	32	0.0
-3102.0	34	0.0
-3101.0	54	0.0
-3100.0	39	0.0
-3099.0	40	0.0
-3098.0	40	0.0
-3097.0	44	0.0
-3096.0	54	0.0
-3095.0	48	0.0
-3094.0	50	0.0
-3093.0	53	0.0
-3092.0	44	0.0
-3091.0	36	0.0
-3090.0	40	0.0
-3089.0	42	0.0
-3088.0	51	0.0
-3087.0	51	0.0
-3086.0	41	0.0
-3085.0	44	0.0
-3084.0	45	0.0
-3083.0	38	0.0
-3082.0	40	0.0
-3081.0	46	0.0
-3080.0	43	0.0
-3079.0	44	0.0
-3078.0	40	0.0
-3077.0	46	0.0
-3076.0	43	0.0
-3075.0	60	0.0
-3074.0	40	0.0
-3073.0	39	0.0
-3072.0	43	0.0
-3071.0	47	0.0
-3070.0	43	0.0
-3069.0	41	0.0
-3068.0	45	0.0
-3067.0	45	0.0
-3066.0	43	0.0
-3065.0	48	0.0
-3064.0	48	0.0
-3063.0	51	0.0
-3062.0	46	0.0
-3061.0	38	0.0
-3060.0	40	0.0
-3059.0	41	0.0
-3058.0	40	0.0
-3057.0	45	0.0
-3056.0	45	0.0
-3055.0	29	0.0
-3054.0	50	0.0
-3053.0	45	0.0
-3052.0	53	0.0
-3051.0	40	0.0
-3050.0	43	0.0
-3049.0	35	0.0
-3048.0	48	0.0
-3047.0	38	0.0
-3046.0	52	0.0
-3045.0	51	0.0
-3044.0	36	0.0
-3043.0	49	0.0
-3042.0	47	0.0
-3041.0	43	0.0
-3040.0	38	0.0
-3039.0	45	0.0
-3038.0	42	0.0
-3037.0	39	0.0
-3036.0	50	0.0
-3035.0	44	0.0
-3034.0	42	0.0
-3033.0	35	0.0
-3032.0	53	0.0
-3031.0	46	0.0
-3030.0	52	0.0
-3029.0	58	0.0
-3028.0	49	0.0
-3027.0	41	0.0
-3026.0	45	0.0
-3025.0	52	0.0
-3024.0	41	0.0
-3023.0	46	0.0
-3022.0	35	0.0
-3021.0	40	0.0
-3020.0	44	0.0
-3019.0	39	0.0
-3018.0	41	0.0
-3017.0	39	0.0
-3016.0	41	0.0
-3015.0	40	0.0
-3014.0	36	0.0
-3013.0	51	0.0
-3012.0	39	0.0
-3011.0	49	0.0
-3010.0	49	0.0
-3009.0	34	0.0
-3008.0	47	0.0
-3007.0	42	0.0
-3006.0	36	0.0
-3005.0	52	0.0
-3004.0	40	0.0
-3003.0	53	0.0
-3002.0	53	0.0
-3001.0	45	0.0
-3000.0	45	0.0
-2999.0	38	0.0
-2998.0	40	0.0
-2997.0	46	0.0
-2996.0	49	0.0
-2995.0	48	0.0
-2994.0	40	0.0
-2993.0	44	0.0
-2992.0	35	0.0
-2991.0	49	0.0
-2990.0	33	0.0
-2989.0	33	0.0
-2988.0	61	0.0
-2987.0	43	0.0
-2986.0	42	0.0
-2985.0	54	0.0
-2984.0	46	0.0
-2983.0	53	0.0
-2982.0	38	0.0
-2981.0	46	0.0
-2980.0	47	0.0
-2979.0	37	0.0
-2978.0	52	0.0
-2977.0	48	0.0
-2976.0	52	0.0
-2975.0	49	0.0
-2974.0	41	0.0
-2973.0	48	0.0
-2972.0	45	0.0
-2971.0	50	0.0
-2970.0	42	0.0
-2969.0	47	0.0
-2968.0	42	0.0
-2967.0	45	0.0
-2966.0	41	0.0
-2965.0	42	0.0
-2964.0	50	0.0
-2963.0	42	0.0
-2962.0	44	0.0
-2961.0	49	0.0
-2960.0	43	0.0
-2959.0	60	0.0
-2958.0	46	0.0
-2957.0	40	0.0
-2956.0	48	0.0
-2955.0	52	0.0
-2954.0	34	0.0
-2953.0	43	0.0
-2952.0	46	0.0
-2951.0	46	0.0
-2950.0	36	0.0
-2949.0	52	0.0
-2948.0	54	0.0
-2947.0	42	0.0
-2946.0	37	0.0
-2945.0	38	0.0
-2944.0	46	0.0
-2943.0	47	0.0
-2942.0	54	0.0
-2941.0	42	0.0
-2940.0	47	0.0
-2939.0	41	0.0
-2938.0	42	0.0
-2937.0	40	0.0
-2936.0	48	0.0
-2935.0	41	0.0
-2934.0	53	0.0
-2933.0	41	0.0
-2932.0	49	0.0
-2931.0	41	0.0
-2930.0	42	0.0
-2929.0	43	0.0
-2928.0	47	0.0
-2927.0	49	0.0
-2926.0	38	0.0
-2925.0	37	0.0
-2924.0	29	0.0
-2923.0	45	0.0
-2922.0	56	0.0
-2921.0	37	0.0
-2920.0	45	0.0
-2919.0	42	0.0
-2918.0	34	0.0
-2917.0	38	0.0
-2916.0	47	0.0
-2915.0	30	0.0
-2914.0	54	0.0
-2913.0	45	0.0
-2912.0	47	0.0
-2911.0	32	0.0
-2910.0	42	0.0
-2909.0	51	0.0
-2908.0	50	0.0
-2907.0	44	0.0
-2906.0	49	0.0
-2905.0	35	0.0
-2904.0	36	0.0
-2903.0	43	0.0
-2902.0	41	0.0
-2901.0	48	0.0
-2900.0	41	0.0
-2899.0	51	0.0
-2898.0	36	0.0
-2897.0	49	0.0
-2896.0	51	0.0
-2895.0	39	0.0
-2894.0	48	0.0
-2893.0	44	0.0
-2892.0	39	0.0
-2891.0	52	0.0
-2890.0	53	0.0
-2889.0	44	0.0
-2888.0	38	0.0
-2887.0	57	0.0
-2886.0	41	0.0
-2885.0	51	0.0
-2884.0	52	0.0
-2883.0	36	0.0
-2882.0	38	0.0
-2881.0	49	0.0
-2880.0	43	0.0
-2879.0	47	0.0
-2878.0	40	0.0
-2877.0	48	0.0
-2876.0	32	0.0
-2875.0	45	0.0
-2874.0	28	0.0
-2873.0	46	0.0
-2872.0	52	0.0
-2871.0	31	0.0
-2870.0	51	0.0
-2869.0	25	0.0
-2868.0	30	0.0
-2867.0	49	0.0
-2866.0	36	0.0
-2865.0	49	0.0
-2864.0	30	0.0
-2863.0	41	0.0
-2862.0	50	0.0
-2861.0	47	0.0
-2860.0	39	0.0
-2859.0	47	0.0
-2858.0	44	0.0
-2857.0	36	0.0
-2856.0	38	0.0
-2855.0	36	0.0
-2854.0	41	0.0
-2853.0	49	0.0
-2852.0	44	0.0
-2851.0	52	0.0
-2850.0	47	0.0
-2849.0	39	0.0
-2848.0	46	0.0
-2847.0	41	0.0
-2846.0	30	0.0
-2845.0	48	0.0
-2844.0	46	0.0
-2843.0	40	0.0
-2842.0	41	0.0
-2841.0	50	0.0
-2840.0	44	0.0
-2839.0	42	0.0
-2838.0	43	0.0
-2837.0	35	0.0
-2836.0	35	0.0
-2835.0	42	0.0
-2834.0	46	0.0
-2833.0	28	0.0
-2832.0	36	0.0
-2831.0	42	0.0
-2830.0	61	0.0
-2829.0	36	0.0
-2828.0	44	0.0
-2827.0	39	0.0
-2826.0	39	0.0
-2825.0	34	0.0
-2824.0	37	0.0
-2823.0	47	0.0
-2822.0	43	0.0
-2821.0	47	0.0
-2820.0	40	0.0
-2819.0	37	0.0
-2818.0	42	0.0
-2817.0	50	0.0
-2816.0	32	0.0
-2815.0	47	0.0
-2814.0	44	0.0
-2813.0	34	0.0
-2812.0	44	0.0
-2811.0	47	0.0
-2810.0	42	0.0
-2809.0	29	0.0
-2808.0	46	0.0
-2807.0	48	0.0
-2806.0	55	0.0
-2805.0	37	0.0
-2804.0	38	0.0
-2803.0	38	0.0
-2802.0	39	0.0
-2801.0	48	0.0
-2800.0	44	0.0
-2799.0	47	0.0
-2798.0	34	0.0
-2797.0	44	0.0
-2796.0	40	0.0
-2795.0	43	0.0
-2794.0	46	0.0
-2793.0	40	0.0
-2792.0	53	0.0
-2791.0	40	0.0
-2790.0	38	0.0
-2789.0	41	0.0
-2788.0	45	0.0
-2787.0	39	0.0
-2786.0	49	0.0
-2785.0	49	0.0
-2784.0	52	0.0
-2783.0	48	0.0
-2782.0	44	0.0
-2781.0	53	0.0
-2780.0	44	0.0
-2779.0	37	0.0
-2778.0	45	0.0
-2777.0	35	0.0
-2776.0	51	0.0
-2775.0	39	0.0
-2774.0	34	0.0
-2773.0	42	0.0
-2772.0	34	0.0
-2771.0	50	0.0
-2770.0	59	0.0
-2769.0	43	0.0
-2768.0	38	0.0
-2767.0	35	0.0
-2766.0	44	0.0
-2765.0	36	0.0
-2764.0	28	0.0
-2763.0	45	0.0
-2762.0	43	0.0
-2761.0	46	0.0
-2760.0	46	0.0
-2759.0	41	0.0
-2758.0	55	0.0
-2757.0	46	0.0
-2756.0	45	0.0
-2755.0	61	0.0
-2754.0	44	0.0
-2753.0	39	0.0
-2752.0	38	0.0
-2751.0	48	0.0
-2750.0	44	0.0
-2749.0	43	0.0
-2748.0	41	0.0
-2747.0	41	0.0
-2746.0	44	0.0
-2745.0	42	0.0
-2744.0	49	0.0
-2743.0	45	0.0
-2742.0	48	0.0
-2741.0	39	0.0
-2740.0	35	0.0
-2739.0	26	0.0
-2738.0	41	0.0
-2737.0	35	0.0
-2736.0	42	0.0
-2735.0	55	0.0
-2734.0	26	0.0
-2733.0	57	0.0
-2732.0	54	0.0
-2731.0	48	0.0
-2730.0	44	0.0
-2729.0	52	0.0
-2728.0	41	0.0
-2727.0	56	0.0
-2726.0	51	0.0
-2725.0	31	0.0
-2724.0	36	0.0
-2723.0	42	0.0
-2722.0	40	0.0
-2721.0	47	0.0
-2720.0	49	0.0
-2719.0	57	0.0
-2718.0	46	0.0
-2717.0	44	0.0
-2716.0	33	0.0
-2715.0	42	0.0
-2714.0	54	0.0
-2713.0	34	0.0
-2712.0	42	0.0
-2711.0	46	0.0
-2710.0	38	0.0
-2709.0	32	0.0
-2708.0	53	0.0
-2707.0	46	0.0
-2706.0	42	0.0
-2705.0	36	0.0
-2704.0	40	0.0
-2703.0	40	0.0
-2702.0	39	0.0
-2701.0	46	0.0
-2700.0	45	0.0
-2699.0	35	0.0
-2698.0	48	0.0
-2697.0	42	0.0
-2696.0	32	0.0
-2695.0	42	0.0
-2694.0	45	0.0
-2693.0	45	0.0
-2692.0	37	0.0
-2691.0	37	0.0
-2690.0	44	0.0
-2689.0	45	0.0
-2688.0	53	0.0
-2687.0	50	0.0
-2686.0	52	0.0
-2685.0	32	0.0
-2684.0	35	0.0
-2683.0	44	0.0
-2682.0	49	0.0
-2681.0	54	0.0
-2680.0	34	0.0
-2679.0	46	0.0
-2678.0	48	0.0
-2677.0	49	0.0
-2676.0	40	0.0
-2675.0	39	0.0
-2674.0	43	0.0
-2673.0	50	0.0
-2672.0	53	0.0
-2671.0	39	0.0
-2670.0	36	0.0
-2669.0	32	0.0
-2668.0	55	0.0
-2667.0	43	0.0
-2666.0	26	0.0
-2665.0	41	0.0
-2664.0	51	0.0
-2663.0	42	0.0
-2662.0	40	0.0
-2661.0	41	0.0
-2660.0	50	0.0
-2659.0	45	0.0
-2658.0	47	0.0
-2657.0	32	0.0
-2656.0	52	0.0
-2655.0	42	0.0
-2654.0	45	0.0
-2653.0	29	0.0
-2652.0	39	0.0
-2651.0	37	0.0
-2650.0	49	0.0
-2649.0	50	0.0
-2648.0	43	0.0
-2647.0	42	0.0
-2646.0	28	0.0
-2645.0	41	0.0
-2644.0	36	0.0
-2643.0	46	0.0
-2642.0	53	0.0
-2641.0	29	0.0
-2640.0	53	0.0
-2639.0	38	0.0
-2638.0	49	0.0
-2637.0	41	0.0
-2636.0	39	0.0
-2635.0	44	0.0
-2634.0	47	0.0
-2633.0	45	0.0
-2632.0	39	0.0
-2631.0	54	0.0
-2630.0	38	0.0
-2629.0	38	0.0
-2628.0	37	0.0
-2627.0	36	0.0
-2626.0	46	0.0
-2625.0	51	0.0
-2624.0	45	0.0
-2623.0	48	0.0
-2622.0	38	0.0
-2621.0	50	0.0
-2620.0	43	0.0
-2619.0	40	0.0
-2618.0	44	0.0
-2617.0	49	0.0
-2616.0	47	0.0
-2615.0	45	0.0
-2614.0	44	0.0
-2613.0	47	0.0
-2612.0	51	0.0
-2611.0	44	0.0
-2610.0	44	0.0
-2609.0	36	0.0
-2608.0	47	0.0
-2607.0	30	0.0
-2606.0	58	0.0
-2605.0	40	0.0
-2604.0	50	0.0
-2603.0	45	0.0
-2602.0	34	0.0
-2601.0	45	0.0
-2600.0	40	0.0
-2599.0	37	0.0
-2598.0	43	0.0
-2597.0	27	0.0
-2596.0	43	0.0
-2595.0	44	0.0
-2594.0	44	0.0
-2593.0	37	0.0
-2592.0	48	0.0
-2591.0	49	0.0
-2590.0	47	0.0
-2589.0	38	0.0
-2588.0	52	0.0
-2587.0	48	0.0
-2586.0	47	0.0
-2585.0	41	0.0
-2584.0	37	0.0
-2583.0	42	0.0
-2582.0	63	0.0
-2581.0	33	0.0
-2580.0	41	0.0
-2579.0	34	0.0
-2578.0	38	0.0
-2577.0	43	0.0
-2576.0	45	0.0
-2575.0	40	0.0
-2574.0	44	0.0
-2573.0	49	0.0
-2572.0	52	0.0
-2571.0	40	0.0
-2570.0	44	0.0
-2569.0	42	0.0
-2568.0	45	0.0
-2567.0	51	0.0
-2566.0	43	0.0
-2565.0	46	0.0
-2564.0	42	0.0
-2563.0	53	0.0
-2562.0	34	0.0
-2561.0	46	0.0
-2560.0	37	0.0
-2559.0	39	0.0
-2558.0	44	0.0
-2557.0	43	0.0
-2556.0	39	0.0
-2555.0	43	0.0
-2554.0	56	0.0
-2553.0	35	0.0
-2552.0	29	0.0
-2551.0	40	0.0
-2550.0	44	0.0
-2549.0	46	0.0
-2548.0	40	0.0
-2547.0	40	0.0
-2546.0	36	0.0
-2545.0	41	0.0
-2544.0	43	0.0
-2543.0	46	0.0
-2542.0	25	0.0
-2541.0	40	0.0
-2540.0	33	0.0
-2539.0	46	0.0
-2538.0	41	0.0
-2537.0	37	0.0
-2536.0	46	0.0
-2535.0	41	0.0
-2534.0	45	0.0
-2533.0	45	0.0
-2532.0	40	0.0
-2531.0	46	0.0
-2530.0	54	0.0
-2529.0	44	0.0
-2528.0	34	0.0
-2527.0	42	0.0
-2526.0	45	0.0
-2525.0	46	0.0
-2524.0	40	0.0
-2523.0	54	0.0
-2522.0	48	0.0
-2521.0	53	0.0
-2520.0	43	0.0
-2519.0	49	0.0
-2518.0	46	0.0
-2517.0	35	0.0
-2516.0	61	0.0
-2515.0	40	0.0
-2514.0	51	0.0
-2513.0	50	0.0
-2512.0	37	0.0
-2511.0	35	0.0
-2510.0	47	0.0
-2509.0	48	0.0
-2508.0	55	0.0
-2507.0	46	0.0
-2506.0	41	0.0
-2505.0	40	0.0
-2504.0	44	0.0
-2503.0	50	0.0
-2502.0	46	0.0
-2501.0	44	0.0
-2500.0	45	0.0
-2499.0	41	0.0
-2498.0	56	0.0
-2497.0	51	0.0
-2496.0	46	0.0
-2495.0	34	0.0
-2494.0	37	0.0
-2493.0	47	0.0
-2492.0	42	0.0
-2491.0	44	0.0
-2490.0	51	0.0
-2489.0	38	0.0
-2488.0	33	0.0
-2487.0	46	0.0
-2486.0	41	0.0
-2485.0	49	0.0
-2484.0	39	0.0
-2483.0	39	0.0
-2482.0	51	0.0
-2481.0	46	0.0
-2480.0	40	0.0
-2479.0	44	0.0
-2478.0	53	0.0
-2477.0	49	0.0
-2476.0	37	0.0
-2475.0	42	0.0
-2474.0	41	0.0
-2473.0	33	0.0
-2472.0	42	0.0
-2471.0	35	0.0
-2470.0	47	0.0
-2469.0	45	0.0
-2468.0	51	0.0
-2467.0	43	0.0
-2466.0	36	0.0
-2465.0	49	0.0
-2464.0	39	0.0
-2463.0	34	0.0
-2462.0	45	0.0
-2461.0	41	0.0
-2460.0	35	0.0
-2459.0	43	0.0
-2458.0	45	0.0
-2457.0	46	0.0
-2456.0	37	0.0
-2455.0	43	0.0
-2454.0	47	0.0
-2453.0	39	0.0
-2452.0	45	0.0
-2451.0	51	0.0
-2450.0	37	0.0
-2449.0	43	0.0
-2448.0	44	0.0
-2447.0	41	0.0
-2446.0	55	0.0
-2445.0	41	0.0
-2444.0	42	0.0
-2443.0	51	0.0
-2442.0	51	0.0
-2441.0	54	0.0
-2440.0	49	0.0
-2439.0	44	0.0
-2438.0	44	0.0
-2437.0	43	0.0
-2436.0	45	0.0
-2435.0	37	0.0
-2434.0	37	0.0
-2433.0	39	0.0
-2432.0	53	0.0
-2431.0	40	0.0
-2430.0	44	0.0
-2429.0	38	0.0
-2428.0	42	0.0
-2427.0	47	0.0
-2426.0	49	0.0
-2425.0	37	0.0
-2424.0	40	0.0
-2423.0	53	0.0
-2422.0	54	0.0
-2421.0	42	0.0
-2420.0	41	0.0
-2419.0	41	0.0
-2418.0	35	0.0
-2417.0	49	0.0
-2416.0	37	0.0
-2415.0	50	0.0
-2414.0	42	0.0
-2413.0	45	0.0
-2412.0	48	0.0
-2411.0	46	0.0
-2410.0	42	0.0
-2409.0	52	0.0
-2408.0	38	0.0
-2407.0	50	0.0
-2406.0	45	0.0
-2405.0	53	0.0
-2404.0	57	0.0
-2403.0	46	0.0
-2402.0	29	0.0
-2401.0	54	0.0
-2400.0	47	0.0
-2399.0	46	0.0
-2398.0	57	0.0
-2397.0	45	0.0
-2396.0	38	0.0
-2395.0	38	0.0
-2394.0	37	0.0
-2393.0	40	0.0
-2392.0	49	0.0
-2391.0	42	0.0
-2390.0	41	0.0
-2389.0	36	0.0
-2388.0	37	0.0
-2387.0	37	0.0
-2386.0	39	0.0
-2385.0	46	0.0
-2384.0	48	0.0
-2383.0	48	0.0
-2382.0	34	0.0
-2381.0	42	0.0
-2380.0	42	0.0
-2379.0	47	0.0
-2378.0	46	0.0
-2377.0	54	0.0
-2376.0	43	0.0
-2375.0	44	0.0
-2374.0	32	0.0
-2373.0	55	0.0
-2372.0	50	0.0
-2371.0	37	0.0
-2370.0	50	0.0
-2369.0	49	0.0
-2368.0	52	0.0
-2367.0	47	0.0
-2366.0	42	0.0
-2365.0	46	0.0
-2364.0	49	0.0
-2363.0	36	0.0
-2362.0	35	0.0
-2361.0	52	0.0
-2360.0	31	0.0
-2359.0	39	0.0
-2358.0	49	0.0
-2357.0	25	0.0
-2356.0	54	0.0
-2355.0	39	0.0
-2354.0	36	0.0
-2353.0	47	0.0
-2352.0	49	0.0
-2351.0	44	0.0
-2350.0	48	0.0
-2349.0	43	0.0
-2348.0	58	0.0
-2347.0	26	0.0
-2346.0	41	0.0
-2345.0	40	0.0
-2344.0	42	0.0
-2343.0	49	0.0
-2342.0	46	0.0
-2341.0	47	0.0
-2340.0	33	0.0
-2339.0	48	0.0
-2338.0	43	0.0
-2337.0	49	0.0
-2336.0	47	0.0
-2335.0	56	0.0
-2334.0	44	0.0
-2333.0	46	0.0
-2332.0	38	0.0
-2331.0	34	0.0
-2330.0	54	0.0
-2329.0	49	0.0
-2328.0	44	0.0
-2327.0	59	0.0
-2326.0	38	0.0
-2325.0	43	0.0
-2324.0	38	0.0
-2323.0	33	0.0
-2322.0	43	0.0
-2321.0	46	0.0
-2320.0	46	0.0
-2319.0	50	0.0
-2318.0	47	0.0
-2317.0	49	0.0
-2316.0	39	0.0
-2315.0	44	0.0
-2314.0	33	0.0
-2313.0	47	0.0
-2312.0	53	0.0
-2311.0	39	0.0
-2310.0	61	0.0
-2309.0	47	0.0
-2308.0	50	0.0
-2307.0	44	0.0
-2306.0	46	0.0
-2305.0	38	0.0
-2304.0	46	0.0
-2303.0	36	0.0
-2302.0	41	0.0
-2301.0	43	0.0
-2300.0	49	0.0
-2299.0	51	0.0
-2298.0	50	0.0
-2297.0	40	0.0
-2296.0	44	0.0
-2295.0	42	0.0
-2294.0	48	0.0
-2293.0	45	0.0
-2292.0	43	0.0
-2291.0	47	0.0
-2290.0	47	0.0
-2289.0	42	0.0
-2288.0	46	0.0
-2287.0	48	0.0
-2286.0	48	0.0
-2285.0	56	0.0
-2284.0	43	0.0
-2283.0	50	0.0
-2282.0	45	0.0
-2281.0	38	0.0
-2280.0	52	0.0
-2279.0	43	0.0
-2278.0	49	0.0
-2277.0	46	0.0
-2276.0	38	0.0
-2275.0	33	0.0
-2274.0	46	0.0
-2273.0	38	0.0
-2272.0	34	0.0
-2271.0	43	0.0
-2270.0	64	0.0
-2269.0	52	0.0
-2268.0	43	0.0
-2267.0	44	0.0
-2266.0	46	0.0
-2265.0	45	0.0
-2264.0	45	0.0
-2263.0	36	0.0
-2262.0	52	0.0
-2261.0	41	0.0
-2260.0	50	0.0
-2259.0	48	0.0
-2258.0	47	0.0
-2257.0	34	0.0
-2256.0	55	0.0
-2255.0	37	0.0
-2254.0	40	0.0
-2253.0	45	0.0
-2252.0	33	0.0
-2251.0	41	0.0
-2250.0	39	0.0
-2249.0	41	0.0
-2248.0	45	0.0
-2247.0	35	0.0
-2246.0	44	0.0
-2245.0	55	0.0
-2244.0	48	0.0
-2243.0	48	0.0
-2242.0	47	0.0
-2241.0	46	0.0
-2240.0	41	0.0
-2239.0	34	0.0
-2238.0	41	0.0
-2237.0	55	0.0
-2236.0	39	0.0
-2235.0	44	0.0
-2234.0	46	0.0
-2233.0	53	0.0
-2232.0	48	0.0
-2231.0	44	0.0
-2230.0	40	0.0
-2229.0	35	0.0
-2228.0	38	0.0
-2227.0	51	0.0
-2226.0	42	0.0
-2225.0	58	0.0
-2224.0	33	0.0
-2223.0	40	0.0
-2222.0	43	0.0
-2221.0	38	0.0
-2220.0	56	0.0
-2219.0	35	0.0
-2218.0	38	0.0
-2217.0	47	0.0
-2216.0	49	0.0
-2215.0	38	0.0
-2214.0	47	0.0
-2213.0	40	0.0
-2212.0	45	0.0
-2211.0	43	0.0
-2210.0	40	0.0
-2209.0	47	0.0
-2208.0	53	0.0
-2207.0	34	0.0
-2206.0	32	0.0
-2205.0	48	0.0
-2204.0	41	0.0
-2203.0	45	0.0
-2202.0	26	0.0
-2201.0	47	0.0
-2200.0	38	0.0
-2199.0	42	0.0
-2198.0	50	0.0
-2197.0	37	0.0
-2196.0	33	0.0
-2195.0	43	0.0
-2194.0	47	0.0
-2193.0	34	0.0
-2192.0	45	0.0
-2191.0	51	0.0
-2190.0	48	0.0
-2189.0	57	0.0
-2188.0	37	0.0
-2187.0	33	0.0
-2186.0	33	0.0
-2185.0	52	0.0
-2184.0	45	0.0
-2183.0	41	0.0
-2182.0	44	0.0
-2181.0	59	0.0
-2180.0	36	0.0
-2179.0	56	0.0
-2178.0	39	0.0
-2177.0	36	0.0
-2176.0	53	0.0
-2175.0	44	0.0
-2174.0	40	0.0
-2173.0	44	0.0
-2172.0	46	0.0
-2171.0	43	0.0
-2170.0	43	0.0
-2169.0	35	0.0
-2168.0	49	0.0
-2167.0	41	0.0
-2166.0	42	0.0
-2165.0	46	0.0
-2164.0	46	0.0
-2163.0	39	0.0
-2162.0	41	0.0
-2161.0	46	0.0
-2160.0	42	0.0
-2159.0	49	0.0
-2158.0	39	0.0
-2157.0	53	0.0
-2156.0	34	0.0
-2155.0	50	0.0
-2154.0	34	0.0
-2153.0	36	0.0
-2152.0	40	0.0
-2151.0	44	0.0
-2150.0	38	0.0
-2149.0	37	0.0
-2148.0	45	0.0
-2147.0	39	0.0
-2146.0	48	0.0
-2145.0	47	0.0
-2144.0	37	0.0
-2143.0	33	0.0
-2142.0	53	0.0
-2141.0	39	0.0
-2140.0	45	0.0
-2139.0	49	0.0
-2138.0	49	0.0
-2137.0	38	0.0
-2136.0	43	0.0
-2135.0	43	0.0
-2134.0	35	0.0
-2133.0	32	0.0
-2132.0	47	0.0
-2131.0	38	0.0
-2130.0	46	0.0
-2129.0	30	0.0
-2128.0	35	0.0
-2127.0	45	0.0
-2126.0	64	0.0
-2125.0	49	0.0
-2124.0	40	0.0
-2123.0	47	0.0
-2122.0	46	0.0
-2121.0	50	0.0
-2120.0	40	0.0
-2119.0	45	0.0
-2118.0	43	0.0
-2117.0	32	0.0
-2116.0	41	0.0
-2115.0	36	0.0
-2114.0	52	0.0
-2113.0	49	0.0
-2112.0	38	0.0
-2111.0	42	0.0
-2110.0	49	0.0
-2109.0	48	0.0
-2108.0	44	0.0
-2107.0	45	0.0
-2106.0	33	0.0
-2105.0	42	0.0
-2104.0	40	0.0
-2103.0	36	0.0
-2102.0	36	0.0
-2101.0	48	0.0
-2100.0	39	0.0
-2099.0	44	0.0
-2098.0	28	0.0
-2097.0	52	0.0
-2096.0	34	0.0
-2095.0	44	0.0
-2094.0	35	0.0
-2093.0	42	0.0
-2092.0	34	0.0
-2091.0	55	0.0
-2090.0	63	0.0
-2089.0	51	0.0
-2088.0	43	0.0
-2087.0	51	0.0
-2086.0	52	0.0
-2085.0	30	0.0
-2084.0	39	0.0
-2083.0	39	0.0
-2082.0	33	0.0
-2081.0	45	0.0
-2080.0	47	0.0
-2079.0	34	0.0
-2078.0	59	0.0
-2077.0	45	0.0
-2076.0	51	0.0
-2075.0	48	0.0
-2074.0	49	0.0
-2073.0	55	0.0
-2072.0	46	0.0
-2071.0	53	0.0
-2070.0	43	0.0
-2069.0	41	0.0
-2068.0	55	0.0
-2067.0	35	0.0
-2066.0	34	0.0
-2065.0	48	0.0
-2064.0	46	0.0
-2063.0	48	0.0
-2062.0	47	0.0
-2061.0	52	0.0
-2060.0	44	0.0
-2059.0	43	0.0
-2058.0	39	0.0
-2057.0	48	0.0
-2056.0	51	0.0
-2055.0	38	0.0
-2054.0	37	0.0
-2053.0	45	0.0
-2052.0	38	0.0
-2051.0	39	0.0
-2050.0	34	0.0
-2049.0	55	0.0
-2048.0	45	0.0
-2047.0	46	0.0
-2046.0	46	0.0
-2045.0	45	0.0
-2044.0	45	0.0
-2043.0	50	0.0
-2042.0	42	0.0
-2041.0	41	0.0
-2040.0	56	0.0
-2039.0	37	0.0
-2038.0	38	0.0
-2037.0	45	0.0
-2036.0	54	0.0
-2035.0	48	0.0
-2034.0	46	0.0
-2033.0	32	0.0
-2032.0	44	0.0
-2031.0	49	0.0
-2030.0	50	0.0
-2029.0	46	0.0
-2028.0	39	0.0
-2027.0	38	0.0
-2026.0	33	0.0
-2025.0	54	0.0
-2024.0	51	0.0
-2023.0	48	0.0
-2022.0	43	0.0
-2021.0	36	0.0
-2020.0	43	0.0
-2019.0	37	0.0
-2018.0	52	0.0
-2017.0	45	0.0
-2016.0	46	0.0
-2015.0	37	0.0
-2014.0	35	0.0
-2013.0	37	0.0
-2012.0	56	0.0
-2011.0	53	0.0
-2010.0	49	0.0
-2009.0	43	0.0
-2008.0	42	0.0
-2007.0	58	0.0
-2006.0	46	0.0
-2005.0	50	0.0
-2004.0	42	0.0
-2003.0	44	0.0
-2002.0	46	0.0
-2001.0	50	0.0
-2000.0	52	0.0
-1999.0	42	0.0
-1998.0	48	0.0
-1997.0	38	0.0
-1996.0	44	0.0
-1995.0	33	0.0
-1994.0	35	0.0
-1993.0	43	0.0
-1992.0	44	0.0
-1991.0	35	0.0
-1990.0	47	0.0
-1989.0	33	0.0
-1988.0	42	0.0
-1987.0	57	0.0
-1986.0	46	0.0
-1985.0	47	0.0
-1984.0	36	0.0
-1983.0	42	0.0
-1982.0	47	0.0
-1981.0	45	0.0
-1980.0	40	0.0
-1979.0	47	0.0
-1978.0	37	0.0
-1977.0	44	0.0
-1976.0	39	0.0
-1975.0	40	0.0
-1974.0	51	0.0
-1973.0	42	0.0
-1972.0	38	0.0
-1971.0	42	0.0
-1970.0	49	0.0
-1969.0	46	0.0
-1968.0	32	0.0
-1967.0	41	0.0
-1966.0	43	0.0
-1965.0	48	0.0
-1964.0	43	0.0
-1963.0	51	0.0
-1962.0	48	0.0
-1961.0	42	0.0
-1960.0	33	0.0
-1959.0	37	0.0
-1958.0	39	0.0
-1957.0	54	0.0
-1956.0	35	0.0
-1955.0	36	0.0
-1954.0	34	0.0
-1953.0	34	0.0
-1952.0	38	0.0
-1951.0	44	0.0
-1950.0	49	0.0
-1949.0	41	0.0
-1948.0	47	0.0
-1947.0	46	0.0
-1946.0	52	0.0
-1945.0	44	0.0
-1944.0	47	0.0
-1943.0	48	0.0
-1942.0	47	0.0
-1941.0	36	0.0
-1940.0	36	0.0
-1939.0	40	0.0
-1938.0	46	0.0
-1937.0	45	0.0
-1936.0	40	0.0
-1935.0	43	0.0
-1934.0	60	0.0
-1933.0	50	0.0
-1932.0	46	0.0
-1931.0	35	0.0
-1930.0	52	0.0
-1929.0	51	0.0
-1928.0	59	0.0
-1927.0	41	0.0
-1926.0	55	0.0
-1925.0	52	0.0
-1924.0	38	0.0
-1923.0	34	0.0
-1922.0	50	0.0
-1921.0	54	0.0
-1920.0	38	0.0
-1919.0	41	0.0
-1918.0	47	0.0
-1917.0	47	0.0
-1916.0	36	0.0
-1915.0	56	0.0
-1914.0	42	0.0
-1913.0	51	0.0
-1912.0	47	0.0
-1911.0	39	0.0
-1910.0	46	0.0
-1909.0	40	0.0
-1908.0	47	0.0
-1907.0	55	0.0
-1906.0	33	0.0
-1905.0	38	0.0
-1904.0	44	0.0
-1903.0	52	0.0
-1902.0	47	0.0
-1901.0	37	0.0
-1900.0	44	0.0
-1899.0	40	0.0
-1898.0	34	0.0
-1897.0	38	0.0
-1896.0	50	0.0
-1895.0	44	0.0
-1894.0	33	0.0
-1893.0	48	0.0
-1892.0	46	0.0
-1891.0	58	0.0
-1890.0	46	0.0
-1889.0	51	0.0
-1888.0	31	0.0
-1887.0	42	0.0
-1886.0	35	0.0
-1885.0	40	0.0
-1884.0	42	0.0
-1883.0	41	0.0
-1882.0	48	0.0
-1881.0	47	0.0
-1880.0	39	0.0
-1879.0	38	0.0
-1878.0	44	0.0
-1877.0	36	0.0
-1876.0	55	0.0
-1875.0	48	0.0
-1874.0	40	0.0
-1873.0	48	0.0
-1872.0	42	0.0
-1871.0	43	0.0
-1870.0	52	0.0
-1869.0	42	0.0
-1868.0	44	0.0
-1867.0	44	0.0
-1866.0	47	0.0
-1865.0	35	0.0
-1864.0	43	0.0
-1863.0	45	0.0
-1862.0	48	0.0
-1861.0	41	0.0
-1860.0	50	0.0
-1859.0	51	0.0
-1858.0	43	0.0
-1857.0	39	0.0
-1856.0	38	0.0
-1855.0	42	0.0
-1854.0	40	0.0
-1853.0	41	0.0
-1852.0	45	0.0
-1851.0	38	0.0
-1850.0	47	0.0
-1849.0	34	0.0
-1848.0	45	0.0
-1847.0	47	0.0
-1846.0	43	0.0
-1845.0	51	0.0
-1844.0	43	0.0
-1843.0	46	0.0
-1842.0	45	0.0
-1841.0	40	0.0
-1840.0	33	0.0
-1839.0	34	0.0
-1838.0	51	0.0
-1837.0	40	0.0
-1836.0	41	0.0
-1835.0	59	0.0
-1834.0	34	0.0
-1833.0	35	0.0
-1832.0	43	0.0
-1831.0	48	0.0
-1830.0	49	0.0
-1829.0	39	0.0
-1828.0	48	0.0
-1827.0	43	0.0
-1826.0	49	0.0
-1825.0	47	0.0
-1824.0	46	0.0
-1823.0	50	0.0
-1822.0	33	0.0
-1821.0	35	0.0
-1820.0	50	0.0
-1819.0	35	0.0
-1818.0	44	0.0
-1817.0	41	0.0
-1816.0	43	0.0
-1815.0	49	0.0
-1814.0	39	0.0
-1813.0	47	0.0
-1812.0	46	0.0
-1811.0	40	0.0
-1810.0	56	0.0
-1809.0	42	0.0
-1808.0	47	0.0
-1807.0	48	0.0
-1806.0	45	0.0
-1805.0	33	0.0
-1804.0	44	0.0
-1803.0	38	0.0
-1802.0	45	0.0
-1801.0	35	0.0
-1800.0	48	0.0
-1799.0	44	0.0
-1798.0	41	0.0
-1797.0	41	0.0
-1796.0	37	0.0
-1795.0	35	0.0
-1794.0	39	0.0
-1793.0	50	0.0
-1792.0	50	0.0
-1791.0	44	0.0
-1790.0	42	0.0
-1789.0	55	0.0
-1788.0	46	0.0
-1787.0	38	0.0
-1786.0	46	0.0
-1785.0	37	0.0
-1784.0	37	0.0
-1783.0	57	0.0
-1782.0	34	0.0
-1781.0	45	0.0
-1780.0	46	0.0
-1779.0	36	0.0
-1778.0	44	0.0
-1777.0	46	0.0
-1776.0	49	0.0
-1775.0	31	0.0
-1774.0	42	0.0
-1773.0	35	0.0
-1772.0	48	0.0
-1771.0	51	0.0
-1770.0	34	0.0
-1769.0	54	0.0
-1768.0	61	0.0
-1767.0	47	0.0
-1766.0	45	0.0
-1765.0	50	0.0
-1764.0	34	0.0
-1763.0	48	0.0
-1762.0	32	0.0
-1761.0	51	0.0
-1760.0	40	0.0
-1759.0	44	0.0
-1758.0	47	0.0
-1757.0	41	0.0
-1756.0	49	0.0
-1755.0	48	0.0
-1754.0	55	0.0
-1753.0	32	0.0
-1752.0	40	0.0
-1751.0	42	0.0
-1750.0	48	0.0
-1749.0	34	0.0
-1748.0	50	0.0
-1747.0	47	0.0
-1746.0	36	0.0
-1745.0	47	0.0
-1744.0	41	0.0
-1743.0	45	0.0
-1742.0	55	0.0
-1741.0	42	0.0
-1740.0	36	0.0
-1739.0	59	0.0
-1738.0	48	0.0
-1737.0	33	0.0
-1736.0	39	0.0
-1735.0	46	0.0
-1734.0	40	0.0
-1733.0	48	0.0
-1732.0	49	0.0
-1731.0	43	0.0
-1730.0	46	0.0
-1729.0	43	0.0
-1728.0	44	0.0
-1727.0	40	0.0
-1726.0	51	0.0
-1725.0	39	0.0
-1724.0	41	0.0
-1723.0	43	0.0
-1722.0	48	0.0
-1721.0	33	0.0
-1720.0	36	0.0
-1719.0	44	0.0
-1718.0	50	0.0
-1717.0	39	0.0
-1716.0	39	0.0
-1715.0	30	0.0
-1714.0	40	0.0
-1713.0	42	0.0
-1712.0	45	0.0
-1711.0	56	0.0
-1710.0	45	0.0
-1709.0	48	0.0
-1708.0	47	0.0
-1707.0	53	0.0
-1706.0	34	0.0
-1705.0	37	0.0
-1704.0	57	0.0
-1703.0	27	0.0
-1702.0	44	0.0
-1701.0	42	0.0
-1700.0	42	0.0
-1699.0	44	0.0
-1698.0	51	0.0
-1697.0	51	0.0
-1696.0	45	0.0
-1695.0	47	0.0
-1694.0	34	0.0
-1693.0	49	0.0
-1692.0	48	0.0
-1691.0	35	0.0
-1690.0	43	0.0
-1689.0	37	0.0
-1688.0	40	0.0
-1687.0	47	0.0
-1686.0	48	0.0
-1685.0	55	0.0
-1684.0	42	0.0
-1683.0	39	0.0
-1682.0	51	0.0
-1681.0	30	0.0
-1680.0	52	0.0
-1679.0	42	0.0
-1678.0	36	0.0
-1677.0	37	0.0
-1676.0	41	0.0
-1675.0	53	0.0
-1674.0	48	0.0
-1673.0	41	0.0
-1672.0	46	0.0
-1671.0	40	0.0
-1670.0	35	0.0
-1669.0	32	0.0
-1668.0	33	0.0
-1667.0	38	0.0
-1666.0	47	0.0
-1665.0	37	0.0
-1664.0	43	0.0
-1663.0	39	0.0
-1662.0	47	0.0
-1661.0	48	0.0
-1660.0	45	0.0
-1659.0	36	0.0
-1658.0	40	0.0
-1657.0	37	0.0
-1656.0	44	0.0
-1655.0	35	0.0
-1654.0	30	0.0
-1653.0	38	0.0
-1652.0	53	0.0
-1651.0	38	0.0
-1650.0	43	0.0
-1649.0	35	0.0
-1648.0	48	0.0
-1647.0	25	0.0
-1646.0	40	0.0
-1645.0	43	0.0
-1644.0	44	0.0
-1643.0	31	0.0
-1642.0	58	0.0
-1641.0	49	0.0
-1640.0	35	0.0
-1639.0	46	0.0
-1638.0	43	0.0
-1637.0	45	0.0
-1636.0	51	0.0
-1635.0	52	0.0
-1634.0	40	0.0
-1633.0	39	0.0
-1632.0	39	0.0
-1631.0	36	0.0
-1630.0	52	0.0
-1629.0	45	0.0
-1628.0	54	0.0
-1627.0	50	0.0
-1626.0	36	0.0
-1625.0	39	0.0
-1624.0	33	0.0
-1623.0	49	0.0
-1622.0	46	0.0
-1621.0	55	0.0
-1620.0	52	0.0
-1619.0	46	0.0
-1618.0	47	0.0
-1617.0	37	0.0
-1616.0	49	0.0
-1615.0	42	0.0
-1614.0	47	0.0
-1613.0	46	0.0
-1612.0	36	0.0
-1611.0	34	0.0
-1610.0	38	0.0
-1609.0	50	0.0
-1608.0	46	0.0
-1607.0	42	0.0
-1606.0	48	0.0
-1605.0	40	0.0
-1604.0	39	0.0
-1603.0	42	0.0
-1602.0	56	0.0
-1601.0	50	0.0
-1600.0	47	0.0
-1599.0	55	0.0
-1598.0	45	0.0
-1597.0	50	0.0
-1596.0	43	0.0
-1595.0	51	0.0
-1594.0	43	0.0
-1593.0	41	0.0
-1592.0	61	0.0
-1591.0	28	0.0
-1590.0	41	0.0
-1589.0	44	0.0
-1588.0	31	0.0
-1587.0	47	0.0
-1586.0	31	0.0
-1585.0	41	0.0
-1584.0	45	0.0
-1583.0	46	0.0
-1582.0	35	0.0
-1581.0	48	0.0
-1580.0	43	0.0
-1579.0	44	0.0
-1578.0	46	0.0
-1577.0	39	0.0
-1576.0	41	0.0
-1575.0	41	0.0
-1574.0	42	0.0
-1573.0	39	0.0
-1572.0	44	0.0
-1571.0	51	0.0
-1570.0	39	0.0
-1569.0	41	0.0
-1568.0	31	0.0
-1567.0	49	0.0
-1566.0	45	0.0
-1565.0	41	0.0
-1564.0	47	0.0
-1563.0	49	0.0
-1562.0	40	0.0
-1561.0	39	0.0
-1560.0	37	0.0
-1559.0	43	0.0
-1558.0	40	0.0
-1557.0	42	0.0
-1556.0	31	0.0
-1555.0	49	0.0
-1554.0	49	0.0
-1553.0	46	0.0
-1552.0	40	0.0
-1551.0	43	0.0
-1550.0	48	0.0
-1549.0	45	0.0
-1548.0	46	0.0
-1547.0	33	0.0
-1546.0	48	0.0
-1545.0	51	0.0
-1544.0	53	0.0
-1543.0	51	0.0
-1542.0	46	0.0
-1541.0	40	0.0
-1540.0	49	0.0
-1539.0	53	0.0
-1538.0	45	0.0
-1537.0	38	0.0
-1536.0	44	0.0
-1535.0	49	0.0
-1534.0	40	0.0
-1533.0	45	0.0
-1532.0	39	0.0
-1531.0	42	0.0
-1530.0	44	0.0
-1529.0	46	0.0
-1528.0	33	0.0
-1527.0	33	0.0
-1526.0	41	0.0
-1525.0	38	0.0
-1524.0	45	0.0
-1523.0	37	0.0
-1522.0	42	0.0
-1521.0	36	0.0
-1520.0	42	0.0
-1519.0	48	0.0
-1518.0	53	0.0
-1517.0	42	0.0
-1516.0	53	0.0
-1515.0	36	0.0
-1514.0	50	0.0
-1513.0	36	0.0
-1512.0	37	0.0
-1511.0	59	0.0
-1510.0	32	0.0
-1509.0	39	0.0
-1508.0	50	0.0
-1507.0	40	0.0
-1506.0	46	0.0
-1505.0	37	0.0
-1504.0	44	0.0
-1503.0	61	0.0
-1502.0	45	0.0
-1501.0	41	0.0
-1500.0	39	0.0
-1499.0	37	0.0
-1498.0	50	0.0
-1497.0	44	0.0
-1496.0	52	0.0
-1495.0	46	0.0
-1494.0	39	0.0
-1493.0	41	0.0
-1492.0	43	0.0
-1491.0	45	0.0
-1490.0	36	0.0
-1489.0	43	0.0
-1488.0	35	0.0
-1487.0	38	0.0
-1486.0	48	0.0
-1485.0	54	0.0
-1484.0	46	0.0
-1483.0	45	0.0
-1482.0	41	0.0
-1481.0	54	0.0
-1480.0	59	0.0
-1479.0	45	0.0
-1478.0	44	0.0
-1477.0	52	0.0
-1476.0	43	0.0
-1475.0	35	0.0
-1474.0	35	0.0
-1473.0	61	0.0
-1472.0	52	0.0
-1471.0	37	0.0
-1470.0	40	0.0
-1469.0	44	0.0
-1468.0	49	0.0
-1467.0	45	0.0
-1466.0	51	0.0
-1465.0	52	0.0
-1464.0	46	0.0
-1463.0	47	0.0
-1462.0	40	0.0
-1461.0	48	0.0
-1460.0	44	0.0
-1459.0	42	0.0
-1458.0	39	0.0
-1457.0	40	0.0
-1456.0	51	0.0
-1455.0	42	0.0
-1454.0	45	0.0
-1453.0	39	0.0
-1452.0	45	0.0
-1451.0	33	0.0
-1450.0	48	0.0
-1449.0	47	0.0
-1448.0	35	0.0
-1447.0	42	0.0
-1446.0	52	0.0
-1445.0	43	0.0
-1444.0	45	0.0
-1443.0	38	0.0
-1442.0	52	0.0
-1441.0	38	0.0
-1440.0	41	0.0
-1439.0	45	0.0
-1438.0	37	0.0
-1437.0	41	0.0
-1436.0	46	0.0
-1435.0	40	0.0
-1434.0	37	0.0
-1433.0	45	0.0
-1432.0	44	0.0
-1431.0	41	0.0
-1430.0	47	0.0
-1429.0	31	0.0
-1428.0	47	0.0
-1427.0	37	0.0
-1426.0	45	0.0
-1425.0	44	0.0
-1424.0	46	0.0
-1423.0	44	0.0
-1422.0	41	0.0
-1421.0	46	0.0
-1420.0	53	0.0
-1419.0	54	0.0
-1418.0	40	0.0
-1417.0	53	0.0
-1416.0	40	0.0
-1415.0	38	0.0
-1414.0	45	0.0
-1413.0	52	0.0
-1412.0	50	0.0
-1411.0	36	0.0
-1410.0	44	0.0
-1409.0	41	0.0
-1408.0	49	0.0
-1407.0	44	0.0
-1406.0	49	0.0
-1405.0	38	0.0
-1404.0	47	0.0
-1403.0	33	0.0
-1402.0	53	0.0
-1401.0	35	0.0
-1400.0	52	0.0
-1399.0	42	0.0
-1398.0	41	0.0
-1397.0	53	0.0
-1396.0	45	0.0
-1395.0	50	0.0
-1394.0	47	0.0
-1393.0	40	0.0
-1392.0	44	0.0
-1391.0	42	0.0
-1390.0	32	0.0
-1389.0	58	0.0
-1388.0	49	0.0
-1387.0	47	0.0
-1386.0	38	0.0
-1385.0	37	0.0
-1384.0	51	0.0
-1383.0	53	0.0
-1382.0	49	0.0
-1381.0	36	0.0
-1380.0	52	0.0
-1379.0	43	0.0
-1378.0	41	0.0
-1377.0	39	0.0
-1376.0	47	0.0
-1375.0	52	0.0
-1374.0	38	0.0
-1373.0	28	0.0
-1372.0	36	0.0
-1371.0	30	0.0
-1370.0	49	0.0
-1369.0	46	0.0
-1368.0	43	0.0
-1367.0	48	0.0
-1366.0	52	0.0
-1365.0	56	0.0
-1364.0	37	0.0
-1363.0	50	0.0
-1362.0	40	0.0
-1361.0	40	0.0
-1360.0	55	0.0
-1359.0	56	0.0
-1358.0	48	0.0
-1357.0	38	0.0
-1356.0	48	0.0
-1355.0	37	0.0
-1354.0	43	0.0
-1353.0	35	0.0
-1352.0	41	0.0
-1351.0	50	0.0
-1350.0	37	0.0
-1349.0	40	0.0
-1348.0	43	0.0
-1347.0	36	0.0
-1346.0	42	0.0
-1345.0	49	0.0
-1344.0	56	0.0
-1343.0	48	0.0
-1342.0	41	0.0
-1341.0	55	0.0
-1340.0	51	0.0
-1339.0	39	0.0
-1338.0	45	0.0
-1337.0	43	0.0
-1336.0	52	0.0
-1335.0	42	0.0
-1334.0	39	0.0
-1333.0	41	0.0
-1332.0	56	0.0
-1331.0	39	0.0
-1330.0	56	0.0
-1329.0	37	0.0
-1328.0	45	0.0
-1327.0	36	0.0
-1326.0	40	0.0
-1325.0	43	0.0
-1324.0	38	0.0
-1323.0	49	0.0
-1322.0	32	0.0
-1321.0	31	0.0
-1320.0	42	0.0
-1319.0	35	0.0
-1318.0	45	0.0
-1317.0	47	0.0
-1316.0	51	0.0
-1315.0	45	0.0
-1314.0	51	0.0
-1313.0	55	0.0
-1312.0	35	0.0
-1311.0	42	0.0
-1310.0	46	0.0
-1309.0	38	0.0
-1308.0	33	0.0
-1307.0	61	0.0
-1306.0	34	0.0
-1305.0	46	0.0
-1304.0	50	0.0
-1303.0	40	0.0
-1302.0	35	0.0
-1301.0	35	0.0
-1300.0	49	0.0
-1299.0	54	0.0
-1298.0	28	0.0
-1297.0	35	0.0
-1296.0	39	0.0
-1295.0	34	0.0
-1294.0	42	0.0
-1293.0	46	0.0
-1292.0	36	0.0
-1291.0	57	0.0
-1290.0	51	0.0
-1289.0	40	0.0
-1288.0	48	0.0
-1287.0	42	0.0
-1286.0	46	0.0
-1285.0	47	0.0
-1284.0	37	0.0
-1283.0	47	0.0
-1282.0	47	0.0
-1281.0	46	0.0
-1280.0	45	0.0
-1279.0	47	0.0
-1278.0	44	0.0
-1277.0	34	0.0
-1276.0	44	0.0
-1275.0	48	0.0
-1274.0	40	0.0
-1273.0	47	0.0
-1272.0	48	0.0
-1271.0	46	0.0
-1270.0	48	0.0
-1269.0	33	0.0
-1268.0	47	0.0
-1267.0	42	0.0
-1266.0	32	0.0
-1265.0	46	0.0
-1264.0	47	0.0
-1263.0	56	0.0
-1262.0	41	0.0
-1261.0	30	0.0
-1260.0	57	0.0
-1259.0	49	0.0
-1258.0	37	0.0
-1257.0	34	0.0
-1256.0	48	0.0
-1255.0	43	0.0
-1254.0	46	0.0
-1253.0	43	0.0
-1252.0	45	0.0
-1251.0	53	0.0
-1250.0	42	0.0
-1249.0	46	0.0
-1248.0	53	0.0
-1247.0	36	0.0
-1246.0	43	0.0
-1245.0	41	0.0
-1244.0	34	0.0
-1243.0	43	0.0
-1242.0	53	0.0
-1241.0	54	0.0
-1240.0	40	0.0
-1239.0	46	0.0
-1238.0	45	0.0
-1237.0	56	0.0
-1236.0	41	0.0
-1235.0	53	0.0
-1234.0	43	0.0
-1233.0	51	0.0
-1232.0	31	0.0
-1231.0	47	0.0
-1230.0	47	0.0
-1229.0	43	0.0
-1228.0	43	0.0
-1227.0	53	0.0
-1226.0	35	0.0
-1225.0	38	0.0
-1224.0	30	0.0
-1223.0	54	0.0
-1222.0	46	0.0
-1221.0	40	0.0
-1220.0	36	0.0
-1219.0	42	0.0
-1218.0	35	0.0
-1217.0	38	0.0
-1216.0	46	0.0
-1215.0	22	0.0
-1214.0	43	0.0
-1213.0	52	0.0
-1212.0	43	0.0
-1211.0	43	0.0
-1210.0	41	0.0
-1209.0	45	0.0
-1208.0	50	0.0
-1207.0	41	0.0
-1206.0	62	0.0
-1205.0	55	0.0
-1204.0	44	0.0
-1203.0	46	0.0
-1202.0	49	0.0
-1201.0	45	0.0
-1200.0	45	0.0
-1199.0	43	0.0
-1198.0	43	0.0
-1197.0	40	0.0
-1196.0	41	0.0
-1195.0	46	0.0
-1194.0	41	0.0
-1193.0	44	0.0
-1192.0	39	0.0
-1191.0	41	0.0
-1190.0	48	0.0
-1189.0	52	0.0
-1188.0	37	0.0
-1187.0	47	0.0
-1186.0	44	0.0
-1185.0	35	0.0
-1184.0	39	0.0
-1183.0	38	0.0
-1182.0	46	0.0
-1181.0	42	0.0
-1180.0	44	0.0
-1179.0	30	0.0
-1178.0	49	0.0
-1177.0	43	0.0
-1176.0	54	0.0
-1175.0	47	0.0
-1174.0	41	0.0
-1173.0	44	0.0
-1172.0	44	0.0
-1171.0	41	0.0
-1170.0	54	0.0
-1169.0	30	0.0
-1168.0	52	0.0
-1167.0	46	0.0
-1166.0	33	0.0
-1165.0	41	0.0
-1164.0	37	0.0
-1163.0	44	0.0
-1162.0	52	0.0
-1161.0	45	0.0
-1160.0	54	0.0
-1159.0	51	0.0
-1158.0	49	0.0
-1157.0	45	0.0
-1156.0	38	0.0
-1155.0	46	0.0
-1154.0	48	0.0
-1153.0	52	0.0
-1152.0	51	0.0
-1151.0	45	0.0
-1150.0	34	0.0
-1149.0	41	0.0
-1148.0	45	0.0
-1147.0	30	0.0
-1146.0	40	0.0
-1145.0	41	0.0
-1144.0	43	0.0
-1143.0	56	0.0
-1142.0	41	0.0
-1141.0	34	0.0
-1140.0	55	0.0
-1139.0	27	0.0
-1138.0	46	0.0
-1137.0	47	0.0
-1136.0	48	0.0
-1135.0	27	0.0
-1134.0	48	0.0
-1133.0	57	0.0
-1132.0	45	0.0
-1131.0	40	0.0
-1130.0	46	0.0
-1129.0	35	0.0
-1128.0	42	0.0
-1127.0	35	0.0
-1126.0	55	0.0
-1125.0	50	0.0
-1124.0	52	0.0
-1123.0	34	0.0
-1122.0	67	0.0
-1121.0	39	0.0
-1120.0	33	0.0
-1119.0	39	0.0
-1118.0	34	0.0
-1117.0	47	0.0
-1116.0	34	0.0
-1115.0	49	0.0
-1114.0	37	0.0
-1113.0	53	0.0
-1112.0	36	0.0
-1111.0	39	0.0
-1110.0	46	0.0
-1109.0	48	0.0
-1108.0	46	0.0
-1107.0	47	0.0
-1106.0	47	0.0
-1105.0	41	0.0
-1104.0	45	0.0
-1103.0	47	0.0
-1102.0	48	0.0
-1101.0	49	0.0
-1100.0	45	0.0
-1099.0	32	0.0
-1098.0	39	0.0
-1097.0	46	0.0
-1096.0	42	0.0
-1095.0	38	0.0
-1094.0	45	0.0
-1093.0	44	0.0
-1092.0	32	0.0
-1091.0	43	0.0
-1090.0	37	0.0
-1089.0	56	0.0
-1088.0	42	0.0
-1087.0	41	0.0
-1086.0	51	0.0
-1085.0	39	0.0
-1084.0	45	0.0
-1083.0	32	0.0
-1082.0	33	0.0
-1081.0	53	0.0
-1080.0	48	0.0
-1079.0	43	0.0
-1078.0	37	0.0
-1077.0	43	0.0
-1076.0	48	0.0
-1075.0	35	0.0
-1074.0	55	0.0
-1073.0	32	0.0
-1072.0	49	0.0
-1071.0	66	0.0
-1070.0	31	0.0
-1069.0	52	0.0
-1068.0	47	0.0
-1067.0	52	0.0
-1066.0	49	0.0
-1065.0	48	0.0
-1064.0	33	0.0
-1063.0	39	0.0
-1062.0	35	0.0
-1061.0	50	0.0
-1060.0	51	0.0
-1059.0	32	0.0
-1058.0	33	0.0
-1057.0	41	0.0
-1056.0	48	0.0
-1055.0	40	0.0
-1054.0	51	0.0
-1053.0	44	0.0
-1052.0	56	0.0
-1051.0	53	0.0
-1050.0	41	0.0
-1049.0	57	0.0
-1048.0	52	0.0
-1047.0	37	0.0
-1046.0	49	0.0
-1045.0	49	0.0
-1044.0	40	0.0
-1043.0	43	0.0
-1042.0	53	0.0
-1041.0	52	0.0
-1040.0	48	0.0
-1039.0	46	0.0
-1038.0	44	0.0
-1037.0	41	0.0
-1036.0	42	0.0
-1035.0	41	0.0
-1034.0	43	0.0
-1033.0	34	0.0
-1032.0	32	0.0
-1031.0	38	0.0
-1030.0	37	0.0
-1029.0	42	0.0
-1028.0	44	0.0
-1027.0	45	0.0
-1026.0	30	0.0
-1025.0	45	0.0
-1024.0	51	0.0
-1023.0	47	0.0
-1022.0	47	0.0
-1021.0	43	0.0
-1020.0	49	0.0
-1019.0	54	0.0
-1018.0	35	0.0
-1017.0	42	0.0
-1016.0	50	0.0
-1015.0	41	0.0
-1014.0	50	0.0
-1013.0	40	0.0
-1012.0	45	0.0
-1011.0	48	0.0
-1010.0	49	0.0
-1009.0	49	0.0
-1008.0	29	0.0
-1007.0	42	0.0
-1006.0	50	0.0
-1005.0	44	0.0
-1004.0	55	0.0
-1003.0	47	0.0
-1002.0	50	0.0
-1001.0	47	0.0
-1000.0	36	0.0
-999.0	41	0.0
-998.0	51	0.0
-997.0	46	0.0
-996.0	34	0.0
-995.0	39	0.0
-994.0	44	0.0
-993.0	40	0.0
-992.0	44	0.0
-991.0	44	0.0
-990.0	45	0.0
-989.0	33	0.0
-988.0	39	0.0
-987.0	44	0.0
-986.0	40	0.0
-985.0	42	0.0
-984.0	39	0.0
-983.0	53	0.0
-982.0	42	0.0
-981.0	50	0.0
-980.0	27	0.0
-979.0	47	0.0
-978.0	62	0.0
-977.0	52	0.0
-976.0	40	0.0
-975.0	41	0.0
-974.0	50	0.0
-973.0	42	0.0
-972.0	43	0.0
-971.0	41	0.0
-970.0	35	0.0
-969.0	45	0.0
-968.0	46	0.0
-967.0	45	0.0
-966.0	46	0.0
-965.0	42	0.0
-964.0	43	0.0
-963.0	47	0.0
-962.0	43	0.0
-961.0	51	0.0
-960.0	44	0.0
-959.0	53	0.0
-958.0	41	0.0
-957.0	49	0.0
-956.0	42	0.0
-955.0	46	0.0
-954.0	41	0.0
-953.0	39	0.0
-952.0	46	0.0
-951.0	51	0.0
-950.0	36	0.0
-949.0	67	0.0
-948.0	41	0.0
-947.0	54	0.0
-946.0	49	0.0
-945.0	43	0.0
-944.0	48	0.0
-943.0	45	0.0
-942.0	44	0.0
-941.0	56	0.0
-940.0	39	0.0
-939.0	38	0.0
-938.0	55	0.0
-937.0	36	0.0
-936.0	48	0.0
-935.0	42	0.0
-934.0	48	0.0
-933.0	35	0.0
-932.0	62	0.0
-931.0	49	0.0
-930.0	44	0.0
-929.0	61	0.0
-928.0	53	0.0
-927.0	53	0.0
-926.0	47	0.0
-925.0	48	0.0
-924.0	49	0.0
-923.0	45	0.0
-922.0	55	0.0
-921.0	43	0.0
-920.0	36	0.0
-919.0	46	0.0
-918.0	54	0.0
-917.0	48	0.0
-916.0	55	0.0
-915.0	43	0.0
-914.0	31	0.0
-913.0	35	0.0
-912.0	48	0.0
-911.0	42	0.0
-910.0	42	0.0
-909.0	42	0.0
-908.0	55	0.0
-907.0	43	0.0
-906.0	52	0.0
-905.0	37	0.0
-904.0	49	0.0
-903.0	29	0.0
-902.0	42	0.0
-901.0	52	0.0
-900.0	35	0.0
-899.0	39	0.0
-898.0	41	0.0
-897.0	39	0.0
-896.0	38	0.0
-895.0	45	0.0
-894.0	41	0.0
-893.0	40	0.0
-892.0	45	0.0
-891.0	48	0.0
-890.0	36	0.0
-889.0	45	0.0
-888.0	41	0.0
-887.0	58	0.0
-886.0	38	0.0
-885.0	50	0.0
-884.0	54	0.0
-883.0	43	0.0
-882.0	43	0.0
-881.0	34	0.0
-880.0	39	0.0
-879.0	49	0.0
-878.0	31	0.0
-877.0	48	0.0
-876.0	32	0.0
-875.0	56	0.0
-874.0	50	0.0
-873.0	42	0.0
-872.0	45	0.0
-871.0	51	0.0
-870.0	46	0.0
-869.0	39	0.0
-868.0	44	0.0
-867.0	43	0.0
-866.0	44	0.0
-865.0	41	0.0
-864.0	40	0.0
-863.0	34	0.0
-862.0	42	0.0
-861.0	49	0.0
-860.0	41	0.0
-859.0	47	0.0
-858.0	41	0.0
-857.0	38	0.0
-856.0	52	0.0
-855.0	45	0.0
-854.0	37	0.0
-853.0	47	0.0
-852.0	52	0.0
-851.0	39	0.0
-850.0	50	0.0
-849.0	41	0.0
-848.0	51	0.0
-847.0	35	0.0
-846.0	39	0.0
-845.0	41	0.0
-844.0	54	0.0
-843.0	41	0.0
-842.0	42	0.0
-841.0	36	0.0
-840.0	31	0.0
-839.0	47	0.0
-838.0	44	0.0
-837.0	56	0.0
-836.0	49	0.0
-835.0	36	0.0
-834.0	39	0.0
-833.0	56	0.0
-832.0	40	0.0
-831.0	45	0.0
-830.0	29	0.0
-829.0	38	0.0
-828.0	30	0.0
-827.0	45	0.0
-826.0	54	0.0
-825.0	58	0.0
-824.0	47	0.0
-823.0	40	0.0
-822.0	38	0.0
-821.0	51	0.0
-820.0	37	0.0
-819.0	42	0.0
-818.0	56	0.0
-817.0	48	0.0
-816.0	49	0.0
-815.0	25	0.0
-814.0	49	0.0
-813.0	37	0.0
-812.0	38	0.0
-811.0	43	0.0
-810.0	52	0.0
-809.0	48	0.0
-808.0	37	0.0
-807.0	43	0.0
-806.0	31	0.0
-805.0	41	0.0
-804.0	46	0.0
-803.0	40	0.0
-802.0	36	0.0
-801.0	56	0.0
-800.0	51	0.0
-799.0	39	0.0
-798.0	40	0.0
-797.0	55	0.0
-796.0	39	0.0
-795.0	40	0.0
-794.0	43	0.0
-793.0	50	0.0
-792.0	44	0.0
-791.0	41	0.0
-790.0	44	0.0
-789.0	49	0.0
-788.0	49	0.0
-787.0	32	0.0
-786.0	39	0.0
-785.0	50	0.0
-784.0	41	0.0
-783.0	47	0.0
-782.0	43	0.0
-781.0	50	0.0
-780.0	49	0.0
-779.0	28	0.0
-778.0	41	0.0
-777.0	53	0.0
-776.0	46	0.0
-775.0	44	0.0
-774.0	45	0.0
-773.0	24	0.0
-772.0	49	0.0
-771.0	31	0.0
-770.0	47	0.0
-769.0	45	0.0
-768.0	45	0.0
-767.0	47	0.0
-766.0	43	0.0
-765.0	44	0.0
-764.0	44	0.0
-763.0	35	0.0
-762.0	61	0.0
-761.0	38	0.0
-760.0	59	0.0
-759.0	45	0.0
-758.0	46	0.0
-757.0	47	0.0
-756.0	52	0.0
-755.0	33	0.0
-754.0	50	0.0
-753.0	36	0.0
-752.0	51	0.0
-751.0	46	0.0
-750.0	59	0.0
-749.0	36	0.0
-748.0	40	0.0
-747.0	45	0.0
-746.0	44	0.0
-745.0	49	0.0
-744.0	34	0.0
-743.0	43	0.0
-742.0	48	0.0
-741.0	44	0.0
-740.0	42	0.0
-739.0	42	0.0
-738.0	48	0.0
-737.0	42	0.0
-736.0	38	0.0
-735.0	40	0.0
-734.0	48	0.0
-733.0	51	0.0
-732.0	39	0.0
-731.0	55	0.0
-730.0	49	0.0
-729.0	38	0.0
-728.0	36	0.0
-727.0	42	0.0
-726.0	39	0.0
-725.0	36	0.0
-724.0	55	0.0
-723.0	38	0.0
-722.0	43	0.0
-721.0	52	0.0
-720.0	49	0.0
-719.0	55	0.0
-718.0	43	0.0
-717.0	47	0.0
-716.0	49	0.0
-715.0	48	0.0
-714.0	46	0.0
-713.0	51	0.0
-712.0	40	0.0
-711.0	32	0.0
-710.0	44	0.0
-709.0	49	0.0
-708.0	38	0.0
-707.0	56	0.0
-706.0	37	0.0
-705.0	53	0.0
-704.0	39	0.0
-703.0	47	0.0
-702.0	46	0.0
-701.0	34	0.0
-700.0	37	0.0
-699.0	51	0.0
-698.0	46	0.0
-697.0	48	0.0
-696.0	34	0.0
-695.0	51	0.0
-694.0	27	0.0
-693.0	40	0.0
-692.0	38	0.0
-691.0	54	0.0
-690.0	46	0.0
-689.0	50	0.0
-688.0	45	0.0
-687.0	40	0.0
-686.0	55	0.0
-685.0	50	0.0
-684.0	43	0.0
-683.0	43	0.0
-682.0	49	0.0
-681.0	49	0.0
-680.0	46	0.0
-679.0	40	0.0
-678.0	39	0.0
-677.0	54	0.0
-676.0	42	0.0
-675.0	37	0.0
-674.0	41	0.0
-673.0	47	0.0
-672.0	39	0.0
-671.0	54	0.0
-670.0	33	0.0
-669.0	49	0.0
-668.0	44	0.0
-667.0	42	0.0
-666.0	34	0.0
-665.0	39	0.0
-664.0	48	0.0
-663.0	38	0.0
-662.0	47	0.0
-661.0	34	0.0
-660.0	44	0.0
-659.0	43	0.0
-658.0	45	0.0
-657.0	50	0.0
-656.0	48	0.0
-655.0	43	0.0
-654.0	47	0.0
-653.0	41	0.0
-652.0	44	0.0
-651.0	38	0.0
-650.0	35	0.0
-649.0	59	0.0
-648.0	57	0.0
-647.0	43	0.0
-646.0	51	0.0
-645.0	47	0.0
-644.0	36	0.0
-643.0	33	0.0
-642.0	47	0.0
-641.0	42	0.0
-640.0	53	0.0
-639.0	45	0.0
-638.0	45	0.0
-637.0	50	0.0
-636.0	31	0.0
-635.0	45	0.0
-634.0	38	0.0
-633.0	41	0.0
-632.0	45	0.0
-631.0	52	0.0
-630.0	49	0.0
-629.0	48	0.0
-628.0	43	0.0
-627.0	37	0.0
-626.0	39	0.0
-625.0	35	0.0
-624.0	38	0.0
-623.0	52	0.0
-622.0	43	0.0
-621.0	47	0.0
-620.0	37	0.0
-619.0	37	0.0
-618.0	35	0.0
-617.0	49	0.0
-616.0	28	0.0
-615.0	36	0.0
-614.0	38	0.0
-613.0	48	0.0
-612.0	46	0.0
-611.0	44	0.0
-610.0	40	0.0
-609.0	48	0.0
-608.0	31	0.0
-607.0	42	0.0
-606.0	48	0.0
-605.0	39	0.0
-604.0	52	0.0
-603.0	48	0.0
-602.0	55	0.0
-601.0	41	0.0
-600.0	45	0.0
-599.0	37	0.0
-598.0	51	0.0
-597.0	43	0.0
-596.0	43	0.0
-595.0	44	0.0
-594.0	37	0.0
-593.0	51	0.0
-592.0	37	0.0
-591.0	39	0.0
-590.0	39	0.0
-589.0	46	0.0
-588.0	39	0.0
-587.0	47	0.0
-586.0	64	0.0
-585.0	57	0.0
-584.0	38	0.0
-583.0	47	0.0
-582.0	35	0.0
-581.0	40	0.0
-580.0	51	0.0
-579.0	37	0.0
-578.0	38	0.0
-577.0	31	0.0
-576.0	40	0.0
-575.0	39	0.0
-574.0	48	0.0
-573.0	42	0.0
-572.0	48	0.0
-571.0	44	0.0
-570.0	35	0.0
-569.0	51	0.0
-568.0	29	0.0
-567.0	50	0.0
-566.0	48	0.0
-565.0	46	0.0
-564.0	51	0.0
-563.0	38	0.0
-562.0	38	0.0
-561.0	47	0.0
-560.0	29	0.0
-559.0	45	0.0
-558.0	38	0.0
-557.0	43	0.0
-556.0	35	0.0
-555.0	44	0.0
-554.0	42	0.0
-553.0	43	0.0
-552.0	38	0.0
-551.0	41	0.0
-550.0	42	0.0
-549.0	48	0.0
-548.0	36	0.0
-547.0	39	0.0
-546.0	41	0.0
-545.0	47	0.0
-544.0	44	0.0
-543.0	43	0.0
-542.0	34	0.0
-541.0	54	0.0
-540.0	37	0.0
-539.0	52	0.0
-538.0	53	0.0
-537.0	47	0.0
-536.0	41	0.0
-535.0	55	0.0
-534.0	35	0.0
-533.0	46	0.0
-532.0	52	0.0
-531.0	30	0.0
-530.0	52	0.0
-529.0	45	0.0
-528.0	46	0.0
-527.0	39	0.0
-526.0	27	0.0
-525.0	50	0.0
-524.0	41	0.0
-523.0	49	0.0
-522.0	40	0.0
-521.0	49	0.0
-520.0	42	0.0
-519.0	31	0.0
-518.0	36	0.0
-517.0	37	0.0
-516.0	46	0.0
-515.0	47	0.0
-514.0	40	0.0
-513.0	36	0.0
-512.0	48	0.0
-511.0	48	0.0
-510.0	31	0.0
-509.0	50	0.0
-508.0	40	0.0
-507.0	49	0.0
-506.0	52	0.0
-505.0	57	0.0
-504.0	39	0.0
-503.0	58	0.0
-502.0	47	0.0
-501.0	57	0.0
-500.0	39	0.0
-499.0	45	0.0
-498.0	41	0.0
-497.0	55	0.0
-496.0	46	0.0
-495.0	44	0.0
-494.0	38	0.0
-493.0	37	0.0
-492.0	37	0.0
-491.0	45	0.0
-490.0	36	0.0
-489.0	45	0.0
-488.0	43	0.0
-487.0	28	0.0
-486.0	48	0.0
-485.0	43	0.0
-484.0	44	0.0
-483.0	45	0.0
-482.0	46	0.0
-481.0	40	0.0
-480.0	40	0.0
-479.0	44	0.0
-478.0	35	0.0
-477.0	49	0.0
-476.0	57	0.0
-475.0	50	0.0
-474.0	51	0.0
-473.0	50	0.0
-472.0	48	0.0
-471.0	48	0.0
-470.0	40	0.0
-469.0	38	0.0
-468.0	48	0.0
-467.0	45	0.0
-466.0	44	0.0
-465.0	42	0.0
-464.0	53	0.0
-463.0	42	0.0
-462.0	40	0.0
-461.0	44	0.0
-460.0	38	0.0
-459.0	44	0.0
-458.0	47	0.0
-457.0	44	0.0
-456.0	44	0.0
-455.0	37	0.0
-454.0	40	0.0
-453.0	48	0.0
-452.0	47	0.0
-451.0	40	0.0
-450.0	40	0.0
-449.0	40	0.0
-448.0	42	0.0
-447.0	45	0.0
-446.0	34	0.0
-445.0	40	0.0
-444.0	44	0.0
-443.0	47	0.0
-442.0	33	0.0
-441.0	45	0.0
-440.0	44	0.0
-439.0	39	0.0
-438.0	43	0.0
-437.0	30	0.0
-436.0	47	0.0
-435.0	42	0.0
-434.0	48	0.0
-433.0	43	0.0
-432.0	22	0.0
-431.0	36	0.0
-430.0	54	0.0
-429.0	50	0.0
-428.0	57	0.0
-427.0	43	0.0
-426.0	31	0.0
-425.0	41	0.0
-424.0	34	0.0
-423.0	43	0.0
-422.0	48	0.0
-421.0	47	0.0
-420.0	38	0.0
-419.0	27	0.0
-418.0	45	0.0
-417.0	39	0.0
-416.0	39	0.0
-415.0	52	0.0
-414.0	43	0.0
-413.0	45	0.0
-412.0	31	0.0
-411.0	38	0.0
-410.0	57	0.0
-409.0	44	0.0
-408.0	44	0.0
-407.0	49	0.0
-406.0	40	0.0
-405.0	49	0.0
-404.0	63	0.0
-403.0	52	0.0
-402.0	40	0.0
-401.0	51	0.0
-400.0	47	0.0
-399.0	48	0.0
-398.0	43	0.0
-397.0	40	0.0
-396.0	44	0.0
-395.0	52	0.0
-394.0	36	0.0
-393.0	46	0.0
-392.0	47	0.0
-391.0	46	0.0
-390.0	42	0.0
-389.0	51	0.0
-388.0	40	0.0
-387.0	41	0.0
-386.0	47	0.0
-385.0	46	0.0
-384.0	46	0.0
-383.0	42	0.0
-382.0	42	0.0
-381.0	41	0.0
-380.0	44	0.0
-379.0	34	0.0
-378.0	48	0.0
-377.0	36	0.0
-376.0	49	0.0
-375.0	44	0.0
-374.0	50	0.0
-373.0	37	0.0
-372.0	47	0.0
-371.0	35	0.0
-370.0	43	0.0
-369.0	41	0.0
-368.0	41	0.0
-367.0	50	0.0
-366.0	41	0.0
-365.0	36	0.0
-364.0	40	0.0
-363.0	35	0.0
-362.0	44	0.0
-361.0	43	0.0
-360.0	45	0.0
-359.0	42	0.0
-358.0	43	0.0
-357.0	45	0.0
-356.0	35	0.0
-355.0	61	0.0
-354.0	43	0.0
-353.0	36	0.0
-352.0	46	0.0
-351.0	42	0.0
-350.0	59	0.0
-349.0	49	0.0
-348.0	49	0.0
-347.0	36	0.0
-346.0	44	0.0
-345.0	45	0.0
-344.0	52	0.0
-343.0	29	0.0
-342.0	43	0.0
-341.0	38	0.0
-340.0	51	0.0
-339.0	35	0.0
-338.0	46	0.0
-337.0	39	0.0
-336.0	44	0.0
-335.0	43	0.0
-334.0	37	0.0
-333.0	44	0.0
-332.0	46	0.0
-331.0	38	0.0
-330.0	41	0.0
-329.0	47	0.0
-328.0	32	0.0
-327.0	46	0.0
-326.0	40	0.0
-325.0	44	0.0
-324.0	43	0.0
-323.0	52	0.0
-322.0	35	0.0
-321.0	54	0.0
-320.0	38	0.0
-319.0	34	0.0
-318.0	42	0.0
-317.0	50	0.0
-316.0	48	0.0
-315.0	51	0.0
-314.0	33	0.0
-313.0	46	0.0
-312.0	49	0.0
-311.0	45	0.0
-310.0	40	0.0
-309.0	42	0.0
-308.0	44	0.0
-307.0	45	0.0
-306.0	42	0.0
-305.0	32	0.0
-304.0	39	0.0
-303.0	43	0.0
-302.0	37	0.0
-301.0	41	0.0
-300.0	42	0.0
-299.0	29	0.0
-298.0	38	0.0
-297.0	41	0.0
-296.0	46	0.0
-295.0	37	0.0
-294.0	31	0.0
-293.0	50	0.0
-292.0	41	0.0
-291.0	34	0.0
-290.0	45	0.0
-289.0	35	0.0
-288.0	41	0.0
-287.0	40	0.0
-286.0	47	0.0
-285.0	34	0.0
-284.0	41	0.0
-283.0	43	0.0
-282.0	43	0.0
-281.0	40	0.0
-280.0	50	0.0
-279.0	38	0.0
-278.0	45	0.0
-277.0	42	0.0
-276.0	51	0.0
-275.0	32	0.0
-274.0	40	0.0
-273.0	48	0.0
-272.0	46	0.0
-271.0	54	0.0
-270.0	52	0.0
-269.0	31	0.0
-268.0	40	0.0
-267.0	38	0.0
-266.0	38	0.0
-265.0	38	0.0
-264.0	49	0.0
-263.0	50	0.0
-262.0	46	0.0
-261.0	39	0.0
-260.0	36	0.0
-259.0	40	0.0
-258.0	54	0.0
-257.0	49	0.0
-256.0	34	0.0
-255.0	45	0.0
-254.0	37	0.0
-253.0	43	0.0
-252.0	39	0.0
-251.0	36	0.0
-250.0	45	0.0
-249.0	32	0.0
-248.0	45	0.0
-247.0	47	0.0
-246.0	51	0.0
-245.0	36	0.0
-244.0	50	0.0
-243.0	44	0.0
-242.0	50	0.0
-241.0	43	0.0
-240.0	50	0.0
-239.0	51	0.0
-238.0	41	0.0
-237.0	39	0.0
-236.0	41	0.0
-235.0	42	0.0
-234.0	39	0.0
-233.0	51	0.0
-232.0	41	0.0
-231.0	42	0.0
-230.0	53	0.0
-229.0	43	0.0
-228.0	40	0.0
-227.0	34	0.0
-226.0	44	0.0
-225.0	47	0.0
-224.0	41	0.0
-223.0	50	0.0
-222.0	46	0.0
-221.0	37	0.0
-220.0	44	0.0
-219.0	45	0.0
-218.0	48	0.0
-217.0	35	0.0
-216.0	37	0.0
-215.0	45	0.0
-214.0	45	0.0
-213.0	46	0.0
-212.0	42	0.0
-211.0	43	0.0
-210.0	40	0.0
-209.0	43	0.0
-208.0	40	0.0
-207.0	45	0.0
-206.0	35	0.0
-205.0	36	0.0
-204.0	39	0.0
-203.0	39	0.0
-202.0	45	0.0
-201.0	37	0.0
-200.0	53	0.0
-199.0	49	0.0
-198.0	38	0.0
-197.0	33	0.0
-196.0	40	0.0
-195.0	53	0.0
-194.0	41	0.0
-193.0	38	0.0
-192.0	55	0.0
-191.0	39	0.0
-190.0	51	0.0
-189.0	42	0.0
-188.0	37	0.0
-187.0	40	0.0
-186.0	41	0.0
-185.0	47	0.0
-184.0	30	0.0
-183.0	35	0.0
-182.0	38	0.0
-181.0	39	0.0
-180.0	30	0.0
-179.0	58	0.0
-178.0	39	0.0
-177.0	40	0.0
-176.0	48	0.0
-175.0	43	0.0
-174.0	37	0.0
-173.0	45	0.0
-172.0	44	0.0
-171.0	41	0.0
-170.0	40	0.0
-169.0	40	0.0
-168.0	47	0.0
-167.0	42	0.0
-166.0	35	0.0
-165.0	44	0.0
-164.0	45	0.0
-163.0	41	0.0
-162.0	44	0.0
-161.0	38	0.0
-160.0	50	0.0
-159.0	47	0.0
-158.0	45	0.0
-157.0	43	0.0
-156.0	44	0.0
-155.0	47	0.0
-154.0	42	0.0
-153.0	45	0.0
-152.0	49	0.0
-151.0	51	0.0
-150.0	44	0.0
-149.0	44	0.0
-148.0	33	0.0
-147.0	46	0.0
-146.0	41	0.0
-145.0	35	0.0
-144.0	40	0.0
-143.0	50	0.0
-142.0	30	0.0
-141.0	39	0.0
-140.0	44	0.0
-139.0	42	0.0
-138.0	44	0.0
-137.0	48	0.0
-136.0	39	0.0
-135.0	34	0.0
-134.0	50	0.0
-133.0	31	0.0
-132.0	50	0.0
-131.0	47	0.0
-130.0	48	0.0
-129.0	40	0.0
-128.0	46	0.0
-127.0	47	0.0
-126.0	37	0.0
-125.0	51	0.0
-124.0	43	0.0
-123.0	39	0.0
-122.0	46	0.0
-121.0	39	0.0
-120.0	48	0.0
-119.0	44	0.0
-118.0	41	0.0
-117.0	37	0.0
-116.0	40	0.0
-115.0	53	0.0
-114.0	43	0.0
-113.0	41	0.0
-112.0	44	0.0
-111.0	53	0.0
-110.0	40	0.0
-109.0	43	0.0
-108.0	44	0.0
-107.0	30	0.0
-106.0	47	0.0
-105.0	31	0.0
-104.0	40	0.0
-103.0	45	0.0
-102.0	37	0.0
-101.0	53	0.0
-100.0	32	0.0
-99.0	46	0.0
-98.0	43	0.0
-97.0	47	0.0
-96.0	42	0.0
-95.0	41	0.0
-94.0	36	0.0
-93.0	35	0.0
-92.0	49	0.0
-91.0	28	0.0
-90.0	41	0.0
-89.0	46	0.0
-88.0	31	0.0
-87.0	47	0.0
-86.0	58	0.0
-85.0	27	0.0
-84.0	44	0.0
-83.0	32	0.0
-82.0	41	0.0
-81.0	49	0.0
-80.0	49	0.0
-79.0	35	0.0
-78.0	48	0.0
-77.0	47	0.0
-76.0	27	0.0
-75.0	44	0.0
-74.0	48	0.0
-73.0	53	0.0
-72.0	36	0.0
-71.0	42	0.0
-70.0	53	0.0
-69.0	40	0.0
-68.0	46	0.0
-67.0	31	0.0
-66.0	43	0.0
-65.0	50	0.0
-64.0	36	0.0
-63.0	50	0.0
-62.0	29	0.0
-61.0	54	0.0
-60.0	43	0.0
-59.0	45	0.0
-58.0	44	0.0
-57.0	45	0.0
-56.0	58	0.0
-55.0	55	0.0
-54.0	48	0.0
-53.0	44	0.0
-52.0	44	0.0
-51.0	43	0.0
-50.0	43	0.0
-49.0	41	0.0
-48.0	48	0.0
-47.0	33	0.0
-46.0	32	0.0
-45.0	44	0.0
-44.0	51	0.0
-43.0	44	0.0
-42.0	35	0.0
-41.0	49	0.0
-40.0	34	0.0
-39.0	35	0.0
-38.0	41	0.0
-37.0	48	0.0
-36.0	38	0.0
-35.0	39	0.0
-34.0	59	0.0
-33.0	37	0.0
-32.0	42	0.0
-31.0	47	0.0
-30.0	42	0.0
-29.0	42	0.0
-28.0	52	0.0
-27.0	43	0.0
-26.0	42	0.0
-25.0	35	0.0
-24.0	49	0.0
-23.0	55	0.0
-22.0	34	0.0
-21.0	49	0.0
-20.0	32	0.0
-19.0	44	0.0
-18.0	38	0.0
-17.0	37	0.0
-16.0	48	0.0
-15.0	37	0.0
-14.0	45	0.0
-13.0	37	0.0
-12.0	34	0.0
-11.0	51	0.0
-10.0	54	0.0
-9.0	46	0.0
-8.0	45	0.0
-7.0	37	0.0
-6.0	36	0.0
-5.0	38	0.0
-4.0	37	0.0
-3.0	36	0.0
-2.0	44	0.0
-1.0	36	0.0
0.0	42	0.0
1.0	47	0.0
2.0	37	0.0
3.0	38	0.0
4.0	42	0.0
5.0	52	0.0
6.0	45	0.0
7.0	39	0.0
8.0	45	0.0
9.0	40	0.0
10.0	51	0.0
11.0	47	0.0
12.0	41	0.0
13.0	41	0.0
14.0	32	0.0
15.0	49	0.0
16.0	41	0.0
17.0	38	0.0
18.0	42	0.0
19.0	42	0.0
20.0	61	0.0
21.0	43	0.0
22.0	46	0.0
23.0	42	0.0
24.0	40	0.0
25.0	46	0.0
26.0	42	0.0
27.0	56	0.0
28.0	42	0.0
29.0	50	0.0
30.0	35	0.0
31.0	41	0.0
32.0	52	0.0
33.0	50	0.0
34.0	41	0.0
35.0	43	0.0
36.0	43	0.0
37.0	42	0.0
38.0	28	0.0
39.0	40	0.0
40.0	36	0.0
41.0	40	0.0
42.0	51	0.0
43.0	45	0.0
44.0	49	0.0
45.0	37	0.0
46.0	51	0.0
47.0	37	0.0
48.0	29	0.0
49.0	46	0.0
50.0	42	0.0
51.0	39	0.0
52.0	33	0.0
53.0	47	0.0
54.0	41	0.0
55.0	49	0.0
56.0	34	0.0
57.0	46	0.0
58.0	39	0.0
59.0	40	0.0
60.0	34	0.0
61.0	44	0.0
62.0	47	0.0
63.0	38	0.0
64.0	51	0.0
65.0	36	0.0
66.0	31	0.0
67.0	46	0.0
68.0	49	0.0
69.0	39	0.0
70.0	49	0.0
71.0	36	0.0
72.0	51	0.0
73.0	42	0.0
74.0	36	0.0
75.0	43	0.0
76.0	32	0.0
77.0	48	0.0
78.0	40	0.0
79.0	57	0.0
80.0	33	0.0
81.0	32	0.0
82.0	45	0.0
83.0	50	0.0
84.0	47	0.0
85.0	43	0.0
86.0	32	0.0
87.0	45	0.0
88.0	42	0.0
89.0	39	0.0
90.0	43	0.0
91.0	48	0.0
92.0	45	0.0
93.0	46	0.0
94.0	42	0.0
95.0	33	0.0
96.0	46	0.0
97.0	39	0.0
98.0	39	0.0
99.0	43	0.0
100.0	38	0.0
101.0	40	0.0
102.0	50	0.0
103.0	54	0.0
104.0	44	0.0
105.0	42	0.0
106.0	50	873.9141924924575
107.0	40	1685.832549739203
108.0	40	2439.310977679144
109.0	38	3137.7204175311663
110.0	52	3784.2559409287064
111.0	48	4381.94541388801
112.0	42	4933.6577495315605
113.0	46	5442.1107685843945
114.0	59	5909.878685798902
115.0	51	6339.39923963952
116.0	63	6732.98048177104
117.0	60	7092.807242142636
118.0	63	7420.947284741315
119.0	54	7719.357168401636
120.0	64	7989.887826404133
121.0	54	8234.289877967656
122.0	71	8454.218684144242
123.0	56	8651.239160052182
124.0	50	8826.830354839482
125.0	60	8982.389810247347
126.0	58	9119.237708146791
127.0	57	9238.620816945739
128.0	51	9341.716246310674
129.0	59	9429.635019213465
130.0	57	9503.425469899938
131.0	65	9564.076475982269
132.0	52	9612.520532479599
133.0	63	9649.636675270893
134.0	60	9676.253261081049
135.0	49	9693.150610791534
136.0	48	9701.06352255459
137.0	48	9700.683660889981
138.0	73	9692.661827657832
139.0	50	9677.610120528187
140.0	36	9656.103984307723
141.0	49	9628.68416023519
142.0	53	9595.85853812017
143.0	58	9558.103915973164
144.0	51	9515.867671558728
145.0	66	9469.569350097367
146.0	78	9419.602172144592
147.0	60	9366.334465487995
148.0	71	9310.111024723488
149.0	60	9251.254402001148
150.0	62	9190.066132267297
151.0	55	9126.827896173869
152.0	60	9061.80262367758
153.0	54	8995.235541208887
154.0	54	8927.355165156185
155.0	56	8858.37424428076
156.0	56	8788.490653555391
157.0	67	8717.888241801353
158.0	65	8646.737635386928
159.0	59	8575.19700014333
160.0	72	8503.412763551767
161.0	58	8431.520299158188
162.0	50	8359.644575079514
163.0	52	8287.900768376303
164.0	55	8216.394846982577
165.0	58	8145.224120802907
166.0	63	8074.477763510044
167.0	64	8004.237306503289
168.0	75	7934.577106417558
169.0	61	7865.564787507012
170.0	56	7797.261660163366
171.0	59	7729.723116768241
172.0	57	7662.999006021786
173.0	54	7597.133986834178
174.0	42	7532.167862814528
175.0	69	7468.135898341717
176.0	41	7405.069117153748
177.0	52	7342.994584347131
178.0	55	7281.93567263438
179.0	60	7221.912313666437
180.0	70	7162.9412351875635
181.0	46	7105.036184752666
182.0	63	7048.2081407017085
183.0	62	6992.465511051332
184.0	57	6937.814320931807
185.0	51	6884.2583891663
186.0	65	6831.799494560437
187.0	50	6780.437532441574
188.0	49	6730.170661961024
189.0	53	6680.995444646691
190.0	47	6632.906974669854
191.0	46	6585.899001266047
192.0	56	6539.964043728962
193.0	60	6495.093499374507
194.0	52	6451.277744853019
195.0	41	6408.506231168184
196.0	43	6366.767572743379
197.0	47	6326.049630859035
198.0	52	6286.339591768177
199.0	60	6247.624039781892
200.0	56	6209.889025601411
201.0	54	6173.120130159858
202.0	54	6137.302524222656
203.0	59	6102.421023983832
204.0	52	6068.460142882016
205.0	60	6035.40413984987
206.0	46	6003.237064198203
207.0	54	5971.942797327013
208.0	54	5941.5050914447
209.0	57	5911.907605467798
210.0	40	5883.133938264401
211.0	44	5855.167659396097
212.0	48	5827.99233750485
213.0	41	5801.591566483921
214.0	51	5775.948989564139
215.0	55	5751.04832144011
216.0	45	5726.873368554807
217.0	52	5703.408047653478
218.0	52	5680.636402713082
219.0	42	5658.542620347142
220.0	48	5637.111043780683
221.0	53	5616.326185484605
222.0	48	5596.172738554383
223.0	43	5576.6355869128765
224.0	42	5557.699814413133
225.0	55	5539.350712912497
226.0	42	5521.573789385469
227.0	49	5504.35477213951
228.0	51	5487.679616193554
229.0	58	5471.534507876236
230.0	61	5455.905868697705
231.0	41	5440.780358545266
232.0	51	5426.1448782508405
233.0	53	5411.986571575131
234.0	49	5398.292826651026
235.0	56	5385.051276925957
236.0	56	5372.249801641193
237.0	46	5359.8765258831645
238.0	46	5347.919820240304
239.0	59	5336.368300096852
240.0	50	5325.210824592942
241.0	36	5314.436495278799
242.0	53	5304.034654489005
243.0	70	5293.994883461442
244.0	49	5284.307000223531
245.0	58	5274.961057267693
246.0	49	5265.947339035952
247.0	56	5257.256359232495
248.0	48	5248.87885798226
249.0	60	5240.805798851692
250.0	57	5233.028365747335
251.0	70	5225.537959706964
252.0	55	5218.326195596141
253.0	56	5211.384898723601
254.0	51	5204.706101386545
255.0	61	5198.282039357024
256.0	58	5192.105148319864
257.0	43	5186.168060271123
258.0	46	5180.463599886084
259.0	57	5174.984780865145
260.0	54	5169.724802264662
261.0	60	5164.677044820276
262.0	57	5159.835067268696
263.0	60	5155.1926026742485
264.0	50	5150.74355476536
265.0	44	5146.48199428637
266.0	53	5142.402155368751
267.0	55	5138.498431926678
268.0	56	5134.765374080052
269.0	65	5131.197684609067
270.0	43	5127.790215443153
271.0	47	5124.5379641872905
272.0	59	5121.43607068855
273.0	52	5118.479813644507
274.0	43	5115.664607256401
275.0	47	5112.985997928501
276.0	55	5110.439661015062
277.0	44	5108.021397616968
278.0	65	5105.727131428541
279.0	56	5103.552905636287
280.0	49	5101.494879869823
281.0	60	5099.549327206256
282.0	62	5097.712631228273
283.0	59	5095.981283136575
284.0	50	5094.351878916966
285.0	52	5092.821116562226
286.0	65	5091.385793349194
287.0	51	5090.042803170621
288.0	39	5088.789133922082
289.0	52	5087.621864943908
290.0	46	5086.5381645173475
291.0	57	5085.5352874154005
292.0	48	5084.6105725074085
293.0	49	5083.7614404172145
294.0	48	5082.985391234524
295.0	50	5082.280002278688
296.0	63	5081.642925914605
297.0	48	5081.071887420065
298.0	53	5080.56468290381
299.0	43	5080.119177273746
300.0	56	5079.733302254704
301.0	39	5079.405054454704
302.0	51	5079.132493479538
303.0	62	5078.913740094269
304.0	54	5078.746974431449
305.0	51	5078.630434244815
306.0	41	5078.562413208051
307.0	45	5078.541259257594
308.0	41	5078.565372978565
309.0	53	5078.633206033433
310.0	51	5078.74325963199
311.0	53	5078.894083042493
312.0	54	5079.084272142427
313.0	48	5079.312468008774
314.0	51	5079.577355546391
315.0	39	5079.877662154033
316.0	52	5080.21215642703
317.0	43	5080.579646895999
318.0	51	5080.978980800421
319.0	61	5081.40904289686
320.0	50	5081.868754300398
321.0	49	5082.357071358991
322.0	51	5082.872984559771
323.0	48	5083.415517466529
324.0	60	5083.983725687718
325.0	51	5084.576695874087
326.0	43	5085.193544745436
327.0	57	5085.833418145569
328.0	49	5086.495490124725
329.0	58	5087.17896204914
330.0	62	5087.883061736497
331.0	52	5088.607042617096
332.0	45	5089.350182919803
333.0	50	5090.111784882187
334.0	65	5090.891173984197
335.0	51	5091.687698204982
336.0	53	5092.500727301708
337.0	45	5093.329652110443
338.0	45	5094.17388386791
339.0	58	5095.032853554053
340.0	44	5095.906011254446
341.0	41	5096.7928255421375
342.0	51	5097.692782878658
343.0	57	5098.605387033054
344.0	61	5099.530158519197
345.0	47	5100.46663405005
346.0	50	5101.414366009245
347.0	42	5102.372921938721
348.0	50	5103.34188404248
349.0	59	5104.32084870581
350.0	63	5105.309426029486
351.0	44	5106.307239378571
352.0	59	5107.3139249455135
353.0	56	5108.329131326837
354.0	43	5109.352519113287
355.0	52	5110.383760492935
356.0	67	5111.422538866922
357.0	46	5112.468548477193
358.0	62	5113.521494046482
359.0	54	5114.581090429296
360.0	49	5115.647062274511
361.0	55	5116.719143698449
362.0	58	5117.797077968673
363.0	47	5118.880617197767
364.0	58	5119.969522047178
365.0	55	5121.063561440419
366.0	43	5122.162512285733
367.0	50	5123.2661592075965
368.0	38	5124.3742942870285
369.0	47	5125.486716810286
370.0	47	5126.603233025852
371.0	42	5127.72365590917
372.0	50	5128.8478049352625
373.0	58	5129.975505858636
374.0	51	5131.1065905005125
375.0	57	5132.24089654298
376.0	38	5133.378267329968
377.0	42	5134.518551674687
378.0	56	5135.661603673591
379.0	59	5136.807282526242
380.0	53	5137.955452361375
381.0	48	5139.10598206857
382.0	58	5140.258745135566
383.0	51	5141.4136194910125
384.0	54	5142.570487352365
385.0	49	5143.729235078896
386.0	52	5144.889753029647
387.0	42	5146.051935426125
388.0	50	5147.215680219434
389.0	54	5148.380888962069
390.0	49	5149.5474666839345
391.0	47	5150.715321772439
392.0	59	5151.884365856773
393.0	66	5153.054513695889
394.0	63	5154.22568307049
395.0	42	5155.3977946784225
396.0	34	5156.570772033842
397.0	35	5157.744541369528
398.0	57	5158.919031542716
399.0	59	5160.094173944092
400.0	59	5161.269902409705
401.0	56	5162.446153136069
402.0	60	5163.622864598084
403.0	50	5164.799977469705
404.0	37	5165.977434547377
405.0	55	5167.155180676016
406.0	54	5168.333162677589
407.0	42	5169.5113292821015
408.0	41	5170.6896310609
409.0	54	5171.868020362361
410.0	66	5173.046451249662
411.0	58	5174.224879440784
412.0	62	5175.403262250584
413.0	59	5176.581558534665
414.0	48	5177.759728635514
415.0	51	5178.937734330142
416.0	54	5180.115538779783
417.0	50	5181.293106481225
418.0	45	5182.470403219768
419.0	55	5183.647396023978
420.0	45	5184.824053121799
421.0	53	5186.000343898313
422.0	54	5187.176238854942
423.0	61	5188.351709570043
424.0	47	5189.526728660918
425.0	56	5190.701269747056
426.0	54	5191.875307414695
427.0	46	5193.048817182663
428.0	52	5194.221775469385
429.0	41	5195.394159560885
430.0	48	5196.565947580268
431.0	58	5197.737118457837
432.0	49	5198.907651902511
433.0	50	5200.0775283742605
434.0	45	5201.246729057325
435.0	58	5202.415235834534
436.0	50	5203.5830312624175
437.0	53	5204.75009854731
438.0	62	5205.916421522138
439.0	57	5207.0819846241675
440.0	50	5208.2467728734
441.0	68	5209.410771851821
442.0	58	5210.573967683425
443.0	63	5211.736347014716
444.0	49	5212.8978969961645
445.0	45	5214.05860526421
446.0	52	5215.2184599237735
447.0	56	5216.377449531602
448.0	58	5217.535563080067
449.0	59	5218.692789981575
450.0	60	5219.849120053484
451.0	52	5221.004543503634
452.0	81	5222.159050916321
453.0	48	5223.312633238808
454.0	52	5224.4652817682945
455.0	47	5225.616988139306
456.0	65	5226.767744311619
457.0	46	5227.917542558578
458.0	50	5229.066375455805
459.0	67	5230.2142358702995
460.0	66	5231.361116949954
461.0	45	5232.50701211349
462.0	48	5233.651915040628
463.0	59	5234.795819662743
464.0	63	5235.93872015372
465.0	52	5237.0806109212845
466.0	72	5238.221486598498
467.0	43	5239.361342035622
468.0	48	5240.500172292324
469.0	52	5241.6379726301
470.0	57	5242.774738504855
471.0	44	5243.910465560033
472.0	48	5245.045149619785
473.0	55	5246.178786682322
474.0	38	5247.311372913754
475.0	76	5248.442904641897
476.0	50	5249.573378350477
477.0	46	5250.702790673459
478.0	55	5251.831138389552
479.0	45	5252.958418416983
480.0	54	5254.08462780845
481.0	33	5255.209763746265
482.0	42	5256.3338235374795
483.0	58	5257.456804609576
484.0	46	5258.57870450591
485.0	58	5259.699520881538
486.0	52	5260.819251499251
487.0	63	5261.937894225453
488.0	54	5263.0554470266015
489.0	61	5264.171907965364
490.0	62	5265.28727519725
491.0	39	5266.401546967165
492.0	69	5267.514721606119
493.0	43	5268.626797528112
494.0	49	5269.737773227158
495.0	50	5270.847647274226
496.0	43	5271.956418314544
497.0	59	5273.064085064857
498.0	47	5274.170646310738
499.0	66	5275.276100904134
500.0	45	5276.3804477609665
501.0	53	5277.483685858672
502.0	60	5278.585814234042
503.0	60	5279.686831980989
504.0	62	5280.786738248542
505.0	62	5281.885532238664
506.0	52	5282.983213204462
507.0	42	5284.079780448193
508.0	57	5285.17523331957
509.0	46	5286.269571213864
510.0	51	5287.362793570383
511.0	52	5288.454899870722
512.0	53	5289.545889637334
513.0	44	5290.63576243188
514.0	45	5291.72451785387
515.0	54	5292.812155539256
516.0	61	5293.89867515908
517.0	42	5294.9840764181945
518.0	52	5296.068359053928
519.0	42	5297.151522835041
520.0	45	5298.233567560365
521.0	57	5299.314493057868
522.0	62	5300.394299183472
523.0	55	5301.472985820057
524.0	58	5302.550552876417
525.0	66	5303.627000286377
526.0	56	5304.702328007779
527.0	56	5305.776536021615
528.0	48	5306.849624331197
529.0	62	5307.921592961304
530.0	55	5308.992441957372
531.0	70	5310.062171384746
532.0	52	5311.130781327913
533.0	61	5312.198271889791
534.0	54	5313.264643191059
535.0	46	5314.329895369498
536.0	48	5315.394028579339
537.0	56	5316.457042990595
538.0	67	5317.51893878857
539.0	53	5318.579716173186
540.0	56	5319.639375358543
541.0	46	5320.697916572275
542.0	45	5321.755340055121
543.0	54	5322.811646060364
544.0	51	5323.866834853419
545.0	52	5324.920906711373
546.0	46	5325.973861922513
547.0	51	5327.02570078588
548.0	57	5328.0764236109
549.0	46	5329.1260307170305
550.0	58	5330.17452243329
551.0	47	5331.221899097985
552.0	39	5332.268161058264
553.0	71	5333.31330866985
554.0	48	5334.357342296671
555.0	59	5335.400262310632
556.0	39	5336.4420690911775
557.0	59	5337.482763025106
558.0	58	5338.522344506236
559.0	52	5339.560813935164
560.0	63	5340.598171719027
561.0	51	5341.634418271127
562.0	52	5342.669554010885
563.0	52	5343.703579363473
564.0	57	5344.736494759586
565.0	60	5345.768300635299
566.0	63	5346.798997431806
567.0	55	5347.828585595262
568.0	44	5348.857065576539
569.0	62	5349.884437831077
570.0	54	5350.910702818713
571.0	67	5351.935861003467
572.0	47	5352.959912853384
573.0	51	5353.982858840469
574.0	55	5355.004699440364
575.0	51	5356.02543513235
576.0	61	5357.045066399137
577.0	62	5358.0635937267325
578.0	45	5359.081017604291
579.0	65	5360.097338524048
580.0	58	5361.112556981143
581.0	68	5362.1266734734845
582.0	41	5363.139688501756
583.0	56	5364.151602569121
584.0	46	5365.1624161812815
585.0	59	5366.172129846265
586.0	60	5367.180744074442
587.0	68	5368.188259378287
588.0	60	5369.1946762724265
589.0	49	5370.199995273461
590.0	49	5371.2042168999105
591.0	63	5372.207341672118
592.0	52	5373.209370112247
593.0	58	5374.21030274406
594.0	57	5375.210140093033
595.0	53	5376.20888268609
596.0	54	5377.206531051686
597.0	49	5378.203085719721
598.0	48	5379.198547221347
599.0	56	5380.192916089113
600.0	54	5381.186192856736
601.0	48	5382.17837805912
602.0	62	5383.169472232339
603.0	71	5384.159475913501
604.0	43	5385.148389640739
605.0	52	5386.136213953168
606.0	63	5387.122949390865
607.0	34	5388.1085964947415
608.0	61	5389.093155806625
609.0	46	5390.076627869074
610.0	52	5391.059013225487
611.0	62	5392.040312419907
612.0	66	5393.020525997122
613.0	53	5393.999654502593
614.0	50	5394.9776984823475
615.0	41	5395.954658483068
616.0	61	5396.9305350519335
617.0	39	5397.905328736708
618.0	59	5398.879040085615
619.0	56	5399.851669647373
620.0	46	5400.823217971119
621.0	49	5401.79368560645
622.0	58	5402.7630731033305
623.0	54	5403.731381012116
624.0	47	5404.698609883486
625.0	55	5405.664760268462
626.0	39	5406.62983271837
627.0	49	5407.593827784805
628.0	60	5408.5567460196535
629.0	55	5409.518587975034
630.0	63	5410.479354203273
631.0	44	5411.439045256932
632.0	54	5412.397661688769
633.0	48	5413.355204051689
634.0	39	5414.311672898786
635.0	71	5415.267068783296
636.0	39	5416.221392258574
637.0	54	5417.17464387809
638.0	45	5418.126824195428
639.0	77	5419.077933764283
640.0	56	5420.027973138355
641.0	53	5420.976942871526
642.0	53	5421.924843517619
643.0	50	5422.871675630579
644.0	57	5423.817439764345
645.0	47	5424.762136472864
646.0	54	5425.705766310137
647.0	54	5426.648329830184
648.0	54	5427.589827586938
649.0	59	5428.530260134408
650.0	68	5429.469628026488
651.0	59	5430.407931817151
652.0	47	5431.345172060219
653.0	67	5432.281349309542
654.0	53	5433.216464118904
655.0	48	5434.150517041984
656.0	55	5435.083508632463
657.0	59	5436.015439443912
658.0	51	5436.946310029798
659.0	40	5437.876120943535
660.0	43	5438.804872738433
661.0	58	5439.7325659677335
662.0	47	5440.659201184521
663.0	57	5441.584778941805
664.0	52	5442.509299792485
665.0	52	5443.432764289317
666.0	51	5444.355172984989
667.0	46	5445.276526432001
668.0	65	5446.196825182766
669.0	56	5447.116069789511
670.0	53	5448.034260804414
671.0	53	5448.951398779394
672.0	33	5449.867484266329
673.0	46	5450.782517816902
674.0	49	5451.69649998262
675.0	53	5452.609431314888
676.0	45	5453.521312364903
677.0	44	5454.4321436837245
678.0	49	5455.341925822256
679.0	66	5456.250659331206
680.0	43	5457.158344761147
681.0	48	5458.064982662441
682.0	51	5458.970573585311
683.0	41	5459.875118079765
684.0	42	5460.77861669569
685.0	57	5461.681069982716
686.0	50	5462.582478490332
687.0	53	5463.482842767852
688.0	54	5464.382163364401
689.0	48	5465.280440828864
690.0	50	5466.177675709986
691.0	44	5467.073868556323
692.0	43	5467.969019916176
693.0	53	5468.863130337743
694.0	54	5469.756200368953
695.0	47	5470.6482305575555
696.0	58	5471.539221451089
697.0	58	5472.429173596918
698.0	45	5473.318087542183
699.0	51	5474.205963833831
700.0	49	5475.092803018598
701.0	50	5475.9786056429975
702.0	62	5476.863372253382
703.0	41	5477.747103395848
704.0	61	5478.629799616298
705.0	54	5479.511461460432
706.0	53	5480.392089473746
707.0	60	5481.271684201499
708.0	50	5482.15024618873
709.0	55	5483.027775980314
710.0	48	5483.90427412089
711.0	50	5484.7797411548245
712.0	56	5485.65417762634
713.0	64	5486.527584079444
714.0	47	5487.39996105786
715.0	53	5488.271309105172
716.0	62	5489.1416287646825
717.0	45	5490.010920579526
718.0	57	5490.879185092551
719.0	52	5491.746422846473
720.0	54	5492.612634383711
721.0	58	5493.477820246527
722.0	52	5494.3419809768775
723.0	56	5495.205117116584
724.0	46	5496.067229207191
725.0	45	5496.928317790063
726.0	52	5497.788383406284
727.0	54	5498.647426596779
728.0	50	5499.505447902187
729.0	70	5500.362447862972
730.0	59	5501.218427019359
731.0	56	5502.0733859113325
732.0	41	5502.927325078678
733.0	60	5503.780245060925
734.0	52	5504.6321463974
735.0	47	5505.483029627212
736.0	48	5506.332895289204
737.0	54	5507.181743922056
738.0	59	5508.029576064164
739.0	50	5508.876392253688
740.0	39	5509.722193028654
741.0	54	5510.566978926741
742.0	41	5511.410750485502
743.0	56	5512.253508242201
744.0	47	5513.095252733912
745.0	42	5513.935984497431
746.0	55	5514.775704069385
747.0	55	5515.614411986134
748.0	50	5516.452108783835
749.0	46	5517.288794998399
750.0	51	5518.124471165507
751.0	43	5518.959137820634
752.0	54	5519.792795498995
753.0	39	5520.625444735621
754.0	55	5521.457086065294
755.0	56	5522.287720022527
756.0	44	5523.117347141671
757.0	40	5523.945967956809
758.0	58	5524.7735830018
759.0	54	5525.600192810276
760.0	55	5526.425797915675
761.0	55	5527.250398851115
762.0	56	5528.073996149621
763.0	45	5528.896590343887
764.0	58	5529.718181966363
765.0	48	5530.53877154936
766.0	47	5531.3583596249
767.0	50	5532.176946724805
768.0	48	5532.994533380624
769.0	80	5533.811120123728
770.0	43	5534.626707485238
771.0	59	5535.441295996039
772.0	43	5536.254886186795
773.0	46	5537.067478587958
774.0	55	5537.879073729709
775.0	58	5538.689672142043
776.0	67	5539.499274354717
777.0	51	5540.307880897236
778.0	56	5541.115492298912
779.0	43	5541.922109088791
780.0	51	5542.727731795732
781.0	53	5543.532360948341
782.0	47	5544.335997074978
783.0	52	5545.138640703795
784.0	67	5545.940292362725
785.0	56	5546.740952579491
786.0	53	5547.540621881511
787.0	58	5548.339300796051
788.0	50	5549.136989850131
789.0	54	5549.933689570542
790.0	52	5550.729400483772
791.0	50	5551.524123116243
792.0	57	5552.317857994002
793.0	43	5553.1106056429235
794.0	39	5553.90236658867
795.0	64	5554.693141356634
796.0	46	5555.482930472039
797.0	49	5556.271734459808
798.0	55	5557.059553844706
799.0	43	5557.84638915124
800.0	60	5558.632240903668
801.0	58	5559.4171096260625
802.0	65	5560.200995842243
803.0	41	5560.983900075797
804.0	47	5561.765822850117
805.0	65	5562.546764688323
806.0	52	5563.326726113361
807.0	60	5564.105707647895
808.0	44	5564.883709814414
809.0	66	5565.660733135127
810.0	66	5566.436778132068
811.0	51	5567.211845327017
812.0	47	5567.985935241532
813.0	49	5568.759048396945
814.0	56	5569.531185314321
815.0	41	5570.302346514607
816.0	54	5571.072532518427
817.0	45	5571.841743846192
818.0	67	5572.609981018103
819.0	52	5573.3772445541745
820.0	48	5574.143534974101
821.0	50	5574.90885279744
822.0	59	5575.673198543498
823.0	43	5576.436572731291
824.0	54	5577.198975879747
825.0	46	5577.960408507403
826.0	60	5578.7208711327075
827.0	49	5579.480364273818
828.0	57	5580.238888448684
829.0	47	5580.996444175013
830.0	50	5581.753031970305
831.0	58	5582.508652351842
832.0	58	5583.263305836638
833.0	57	5584.01699294154
834.0	48	5584.769714183136
835.0	58	5585.521470077796
836.0	58	5586.272261141644
837.0	52	5587.022087890653
838.0	68	5587.770950840472
839.0	45	5588.518850506598
840.0	61	5589.265787404265
841.0	47	5590.011762048513
842.0	56	5590.75677495413
843.0	44	5591.50082663568
844.0	42	5592.24391760755
845.0	50	5592.986048383856
846.0	49	5593.727219478484
847.0	41	5594.467431405132
848.0	55	5595.206684677238
849.0	55	5595.944979808072
850.0	54	5596.68231731061
851.0	44	5597.418697697654
852.0	54	5598.154121481767
853.0	47	5598.888589175297
854.0	52	5599.622101290346
855.0	44	5600.354658338829
856.0	62	5601.086260832393
857.0	53	5601.816909282509
858.0	54	5602.5466042004
859.0	45	5603.275346097058
860.0	49	5604.003135483271
861.0	50	5604.729972869599
862.0	64	5605.455858766393
863.0	60	5606.180793683735
864.0	44	5606.904778131526
865.0	54	5607.62781261947
866.0	48	5608.349897656983
867.0	53	5609.071033753297
868.0	57	5609.7912214174075
869.0	53	5610.510461158115
870.0	73	5611.22875348397
871.0	58	5611.946098903306
872.0	59	5612.6624979242715
873.0	56	5613.377951054711
874.0	45	5614.092458802353
875.0	50	5614.806021674605
876.0	50	5615.518640178728
877.0	61	5616.230314821718
878.0	48	5616.941046110381
879.0	48	5617.6508345512775
880.0	52	5618.359680650756
881.0	50	5619.067584914936
882.0	62	5619.774547849753
883.0	56	5620.480569960857
884.0	59	5621.185651753729
885.0	62	5621.889793733628
886.0	67	5622.592996405579
887.0	63	5623.295260274374
888.0	50	5623.996585844587
889.0	63	5624.696973620615
890.0	57	5625.3964241065605
891.0	52	5626.094937806404
892.0	57	5626.792515223815
893.0	41	5627.489156862286
894.0	53	5628.184863225058
895.0	41	5628.879634815232
896.0	52	5629.5734721355875
897.0	56	5630.266375688769
898.0	60	5630.958345977142
899.0	46	5631.649383502885
900.0	49	5632.339488767942
901.0	57	5633.028662274057
902.0	62	5633.7169045227265
903.0	44	5634.404216015261
904.0	60	5635.090597252695
905.0	55	5635.776048735946
906.0	45	5636.460570965622
907.0	40	5637.144164442111
908.0	57	5637.826829665678
909.0	47	5638.508567136271
910.0	57	5639.189377353628
911.0	53	5639.869260817338
912.0	63	5640.5482180267345
913.0	58	5641.22624948089
914.0	55	5641.9033556786935
915.0	62	5642.579537118868
916.0	57	5643.254794299843
917.0	57	5643.929127719851
918.0	45	5644.602537876916
919.0	56	5645.2750252688575
920.0	47	5645.94659039324
921.0	53	5646.61723374744
922.0	43	5647.286955828623
923.0	49	5647.9557571337145
924.0	67	5648.623638159442
925.0	44	5649.2905994022985
926.0	59	5649.956641358556
927.0	56	5650.621764524309
928.0	44	5651.285969395381
929.0	47	5651.949256467433
930.0	54	5652.611626235858
931.0	60	5653.273079195882
932.0	59	5653.933615842463
933.0	53	5654.593236670395
934.0	44	5655.251942174232
935.0	63	5655.909732848281
936.0	45	5656.566609186691
937.0	49	5657.222571683369
938.0	58	5657.87762083197
939.0	46	5658.531757126002
940.0	57	5659.184981058703
941.0	56	5659.837293123129
942.0	74	5660.4886938121135
943.0	44	5661.13918361824
944.0	59	5661.788763033918
945.0	54	5662.437432551341
946.0	52	5663.085192662453
947.0	62	5663.732043859
948.0	52	5664.377986632569
949.0	60	5665.0230214744115
950.0	59	5665.667148875677
951.0	62	5666.310369327251
952.0	54	5666.952683319805
953.0	52	5667.5940913438
954.0	45	5668.234593889488
955.0	55	5668.874191446895
956.0	49	5669.512884505841
957.0	60	5670.150673555939
958.0	58	5670.787559086567
959.0	62	5671.423541586912
960.0	77	5672.05862154594
961.0	57	5672.692799452396
962.0	51	5673.326075794812
963.0	59	5673.9584510615105
964.0	49	5674.589925740583
965.0	53	5675.220500319957
966.0	46	5675.85017528729
967.0	47	5676.4789511300505
968.0	45	5677.106828335518
969.0	52	5677.733807390701
970.0	50	5678.359888782447
971.0	46	5678.985072997349
972.0	50	5679.609360521846
973.0	47	5680.232751842086
974.0	55	5680.855247444074
975.0	59	5681.476847813577
976.0	42	5682.097553436109
977.0	48	5682.717364797049
978.0	47	5683.336282381505
979.0	55	5683.954306674391
980.0	51	5684.571438160419
981.0	51	5685.1876773240665
982.0	45	5685.803024649628
983.0	53	5686.4174806211395
984.0	57	5687.031045722484
985.0	68	5687.643720437289
986.0	56	5688.255505249001
987.0	47	5688.866400640799
988.0	45	5689.476407095727
989.0	53	5690.085525096571
990.0	55	5690.693755125906
991.0	35	5691.301097666121
992.0	49	5691.9075531993685
993.0	50	5692.513122207581
994.0	53	5693.117805172525
995.0	37	5693.721602575727
996.0	51	5694.32451489848
997.0	60	5694.9265426219135
998.0	40	5695.527686226913
999.0	46	5696.127946194157
1000.0	48	5696.727323004152
1001.0	70	5697.325817137122
1002.0	42	5697.923429073142
1003.0	52	5698.520159292055
1004.0	50	5699.11600827348
1005.0	50	5699.710976496861
1006.0	73	5700.305064441388
1007.0	53	5700.898272586068
1008.0	55	5701.490601409731
1009.0	61	5702.082051390912
1010.0	59	5702.672623008009
1011.0	49	5703.262316739178
1012.0	52	5703.851133062381
1013.0	38	5704.439072455332
1014.0	58	5705.026135395617
1015.0	60	5705.612322360512
1016.0	54	5706.197633827182
1017.0	65	5706.782070272504
1018.0	58	5707.36563217318
1019.0	61	5707.948320005717
1020.0	52	5708.530134246362
1021.0	51	5709.111075371202
1022.0	50	5709.691143856124
1023.0	48	5710.270340176761
1024.0	56	5710.848664808558
1025.0	55	5711.426118226761
1026.0	57	5712.002700906369
1027.0	55	5712.578413322245
1028.0	65	5713.1532559489815
1029.0	50	5713.72722926099
1030.0	56	5714.300333732467
1031.0	56	5714.872569837374
1032.0	58	5715.44393804953
1033.0	57	5716.014438842491
1034.0	54	5716.584072689622
1035.0	53	5717.1528400640755
1036.0	54	5717.720741438811
1037.0	57	5718.287777286549
1038.0	47	5718.853948079851
1039.0	58	5719.41925429105
1040.0	50	5719.983696392231
1041.0	51	5720.5472748553375
1042.0	55	5721.109990152061
1043.0	59	5721.6718427539
1044.0	64	5722.232833132149
1045.0	57	5722.792961757907
1046.0	55	5723.3522291020145
1047.0	56	5723.91063563519
1048.0	50	5724.468181827872
1049.0	43	5725.024868150322
1050.0	67	5725.580695072592
1051.0	44	5726.135663064532
1052.0	50	5726.689772595782
1053.0	55	5727.243024135786
1054.0	51	5727.795418153747
1055.0	60	5728.346955118694
1056.0	41	5728.897635499471
1057.0	45	5729.447459764621
1058.0	50	5729.99642838263
1059.0	54	5730.544541821663
1060.0	52	5731.091800549681
1061.0	41	5731.6382050345055
1062.0	54	5732.183755743713
1063.0	62	5732.728453144663
1064.0	58	5733.272297704558
1065.0	46	5733.815289890328
1066.0	44	5734.357430168759
1067.0	54	5734.898719006406
1068.0	58	5735.439156869604
1069.0	48	5735.978744224521
1070.0	52	5736.5174815370765
1071.0	51	5737.055369273023
1072.0	51	5737.592407897864
1073.0	52	5738.1285978769665
1074.0	62	5738.6639396754335
1075.0	53	5739.198433758175
1076.0	60	5739.732080589912
1077.0	55	5740.26488063517
1078.0	46	5740.796834358247
1079.0	46	5741.327942223231
1080.0	63	5741.858204694041
1081.0	44	5742.387622234334
1082.0	52	5742.916195307646
1083.0	61	5743.443924377235
1084.0	52	5743.970809906187
1085.0	42	5744.496852357392
1086.0	70	5745.022052193524
1087.0	51	5745.546409877039
1088.0	42	5746.069925870224
1089.0	58	5746.592600635148
1090.0	61	5747.114434633634
1091.0	42	5747.6354283273895
1092.0	54	5748.15558217786
1093.0	54	5748.674896646294
1094.0	67	5749.193372193716
1095.0	55	5749.71100928102
1096.0	57	5750.227808368816
1097.0	44	5750.743769917588
1098.0	56	5751.258894387522
1099.0	64	5751.773182238683
1100.0	65	5752.286633930929
1101.0	49	5752.799249923846
1102.0	52	5753.3110306769
1103.0	53	5753.821976649307
1104.0	53	5754.332088300113
1105.0	48	5754.841366088093
1106.0	51	5755.349810471925
1107.0	57	5755.857421910007
1108.0	45	5756.364200860565
1109.0	51	5756.870147781592
1110.0	54	5757.375263130969
1111.0	60	5757.87954736623
1112.0	52	5758.383000944837
1113.0	55	5758.8856243239825
1114.0	50	5759.387417960706
1115.0	43	5759.888382311774
1116.0	57	5760.388517833836
1117.0	49	5760.88782498327
1118.0	71	5761.386304216311
1119.0	47	5761.883955988942
1120.0	54	5762.380780756969
1121.0	49	5762.876778976011
1122.0	55	5763.371951101479
1123.0	53	5763.866297588561
1124.0	62	5764.359818892246
1125.0	55	5764.852515467365
1126.0	56	5765.3443877684995
1127.0	65	5765.835436250078
1128.0	55	5766.325661366272
1129.0	50	5766.815063571092
1130.0	48	5767.3036433183715
1131.0	52	5767.791401061671
1132.0	59	5768.278337254414
1133.0	64	5768.764452349801
1134.0	45	5769.249746800859
1135.0	45	5769.734221060345
1136.0	46	5770.217875580889
1137.0	60	5770.7007108149
1138.0	40	5771.182727214556
1139.0	46	5771.663925231911
1140.0	63	5772.144305318731
1141.0	44	5772.623867926641
1142.0	59	5773.102613507058
1143.0	63	5773.580542511178
1144.0	45	5774.057655390029
1145.0	43	5774.533952594398
1146.0	61	5775.009434574924
1147.0	59	5775.484101782016
1148.0	64	5775.9579546658815
1149.0	63	5776.430993676542
1150.0	42	5776.903219263819
1151.0	62	5777.374631877359
1152.0	37	5777.8452319665375
1153.0	55	5778.315019980625
1154.0	59	5778.783996368634
1155.0	51	5779.252161579367
1156.0	56	5779.719516061499
1157.0	67	5780.186060263433
1158.0	54	5780.651794633448
1159.0	53	5781.116719619512
1160.0	55	5781.580835669528
1161.0	47	5782.044143231121
1162.0	40	5782.506642751738
1163.0	52	5782.968334678595
1164.0	54	5783.429219458805
1165.0	47	5783.889297539175
1166.0	50	5784.348569366386
1167.0	71	5784.807035386869
1168.0	58	5785.264696046935
1169.0	58	5785.721551792618
1170.0	52	5786.177603069789
1171.0	41	5786.632850324134
1172.0	55	5787.087294001115
1173.0	56	5787.540934546009
1174.0	49	5787.993772403935
1175.0	67	5788.445808019734
1176.0	45	5788.897041838118
1177.0	62	5789.347474303595
1178.0	67	5789.797105860433
1179.0	51	5790.245936952762
1180.0	65	5790.693968024467
1181.0	59	5791.141199519276
1182.0	44	5791.587631880701
1183.0	47	5792.033265552049
1184.0	48	5792.478100976452
1185.0	45	5792.922138596837
1186.0	63	5793.365378855931
1187.0	49	5793.807822196289
1188.0	62	5794.249469060228
1189.0	66	5794.690319889891
1190.0	49	5795.130375127264
1191.0	63	5795.569635214061
1192.0	50	5796.008100591883
1193.0	55	5796.4457717020505
1194.0	68	5796.882648985771
1195.0	51	5797.318732884007
1196.0	65	5797.754023837546
1197.0	50	5798.188522286974
1198.0	68	5798.622228672657
1199.0	50	5799.055143434826
1200.0	53	5799.48726701347
1201.0	59	5799.918599848401
1202.0	40	5800.34914237922
1203.0	58	5800.778895045359
1204.0	50	5801.207858286065
1205.0	56	5801.63603254032
1206.0	65	5802.063418247002
1207.0	60	5802.490015844751
1208.0	62	5802.915825772011
1209.0	46	5803.340848467023
1210.0	43	5803.7650843678675
1211.0	47	5804.188533912428
1212.0	52	5804.6111975383365
1213.0	43	5805.033075683109
1214.0	42	5805.454168784017
1215.0	42	5805.87447727818
1216.0	44	5806.294001602487
1217.0	51	5806.712742193644
1218.0	45	5807.1306994881725
1219.0	56	5807.547873922404
1220.0	58	5807.96426593243
1221.0	60	5808.379875954237
1222.0	46	5808.794704423547
1223.0	57	5809.208751775921
1224.0	45	5809.622018446713
1225.0	49	5810.034504871071
1226.0	53	5810.446211484008
1227.0	38	5810.857138720285
1228.0	64	5811.267287014493
1229.0	45	5811.67665680104
1230.0	59	5812.085248514106
1231.0	59	5812.493062587733
1232.0	52	5812.900099455737
1233.0	37	5813.306359551738
1234.0	44	5813.711843309187
1235.0	62	5814.116551161326
1236.0	50	5814.520483541199
1237.0	74	5814.923640881691
1238.0	51	5815.326023615428
1239.0	49	5815.727632174959
1240.0	68	5816.128466992512
1241.0	46	5816.528528500221
1242.0	52	5816.927817129985
1243.0	47	5817.326333313507
1244.0	46	5817.724077482335
1245.0	45	5818.1210500677635
1246.0	53	5818.5172515009735
1247.0	64	5818.912682212911
1248.0	53	5819.30734263431
1249.0	39	5819.701233195761
1250.0	52	5820.09435432764
1251.0	59	5820.486706460142
1252.0	59	5820.878290023266
1253.0	45	5821.269105446807
1254.0	60	5821.659153160387
1255.0	52	5822.048433593451
1256.0	55	5822.436947175217
1257.0	40	5822.824694334733
1258.0	58	5823.211675500888
1259.0	54	5823.5978911023085
1260.0	43	5823.983341567493
1261.0	56	5824.368027324724
1262.0	58	5824.751948802105
1263.0	52	5825.135106427533
1264.0	52	5825.51750062876
1265.0	50	5825.899131833277
1266.0	50	5826.280000468434
1267.0	45	5826.660106961382
1268.0	41	5827.039451739114
1269.0	51	5827.4180352283665
1270.0	55	5827.795857855746
1271.0	59	5828.172920047618
1272.0	58	5828.549222230226
1273.0	66	5828.9247648295495
1274.0	54	5829.299548271455
1275.0	49	5829.6735729815555
1276.0	57	5830.046839385309
1277.0	59	5830.419347907985
1278.0	51	5830.791098974644
1279.0	44	5831.162093010177
1280.0	48	5831.532330439292
1281.0	73	5831.901811686502
1282.0	61	5832.270537176095
1283.0	60	5832.6385073322335
1284.0	55	5833.005722578858
1285.0	53	5833.37218333972
1286.0	48	5833.73789003838
1287.0	38	5834.102843098231
1288.0	47	5834.467042942473
1289.0	58	5834.830489994099
1290.0	40	5835.19318467593
1291.0	55	5835.555127410602
1292.0	45	5835.9163186205515
1293.0	41	5836.276758728027
1294.0	41	5836.636448155131
1295.0	66	5836.995387323715
1296.0	62	5837.353576655494
1297.0	50	5837.711016571943
1298.0	54	5838.067707494416
1299.0	43	5838.423649844036
1300.0	50	5838.778844041731
1301.0	53	5839.133290508284
1302.0	50	5839.486989664282
1303.0	41	5839.839941930065
1304.0	49	5840.192147725871
1305.0	41	5840.543607471695
1306.0	45	5840.8943215873815
1307.0	49	5841.2442904925865
1308.0	51	5841.593514606701
1309.0	38	5841.941994349063
1310.0	46	5842.289730138708
1311.0	57	5842.636722394573
1312.0	57	5842.982971535333
1313.0	49	5843.328477979546
1314.0	47	5843.673242145506
1315.0	45	5844.017264451418
1316.0	46	5844.360545315224
1317.0	50	5844.703085154698
1318.0	42	5845.044884387455
1319.0	50	5845.385943430899
1320.0	47	5845.726262702246
1321.0	54	5846.065842618573
1322.0	52	5846.404683596687
1323.0	52	5846.742786053301
1324.0	45	5847.080150404879
1325.0	44	5847.416777067705
1326.0	51	5847.752666457939
1327.0	44	5848.087818991489
1328.0	56	5848.422235084091
1329.0	51	5848.755915151317
1330.0	43	5849.088859608545
1331.0	60	5849.421068870974
1332.0	51	5849.752543353597
1333.0	59	5850.083283471256
1334.0	46	5850.41328963856
1335.0	53	5850.742562269996
1336.0	42	5851.071101779844
1337.0	49	5851.39890858214
1338.0	39	5851.725983090827
1339.0	48	5852.052325719627
1340.0	48	5852.377936882046
1341.0	51	5852.702816991472
1342.0	58	5853.026966461054
1343.0	52	5853.350385703763
1344.0	63	5853.673075132432
1345.0	56	5853.995035159638
1346.0	51	5854.316266197849
1347.0	43	5854.636768659324
1348.0	43	5854.956542956089
1349.0	43	5855.275589500027
1350.0	49	5855.593908702906
1351.0	60	5855.911500976181
1352.0	49	5856.228366731191
1353.0	50	5856.544506379131
1354.0	45	5856.859920330932
1355.0	50	5857.174608997364
1356.0	50	5857.488572789085
1357.0	59	5857.80181211648
1358.0	53	5858.114327389801
1359.0	59	5858.426119019097
1360.0	29	5858.737187414247
1361.0	36	5859.047532984956
1362.0	38	5859.357156140696
1363.0	48	5859.666057290816
1364.0	48	5859.974236844478
1365.0	56	5860.28169521061
1366.0	67	5860.588432798035
1367.0	61	5860.894450015294
1368.0	49	5861.199747270872
1369.0	47	5861.504324972963
1370.0	58	5861.808183529639
1371.0	56	5862.111323348775
1372.0	46	5862.413744838024
1373.0	62	5862.715448404938
1374.0	55	5863.01643445683
1375.0	58	5863.31670340085
1376.0	52	5863.616255643961
1377.0	51	5863.915091592957
1378.0	60	5864.213211654415
1379.0	61	5864.51061623479
1380.0	56	5864.807305740308
1381.0	43	5865.10328057703
1382.0	57	5865.398541150845
1383.0	44	5865.693087867441
1384.0	54	5865.986921132354
1385.0	49	5866.280041350901
1386.0	58	5866.572448928242
1387.0	53	5866.86414426938
1388.0	64	5867.15512777908
1389.0	52	5867.44539986198
1390.0	57	5867.73496092249
1391.0	50	5868.023811364908
1392.0	56	5868.311951593266
1393.0	51	5868.599382011506
1394.0	48	5868.886103023312
1395.0	50	5869.1721150322255
1396.0	57	5869.457418441619
1397.0	47	5869.742013654652
1398.0	62	5870.0259010743175
1399.0	52	5870.309081103453
1400.0	57	5870.591554144688
1401.0	42	5870.873320600478
1402.0	50	5871.154380873118
1403.0	50	5871.434735364684
1404.0	50	5871.714384477131
1405.0	42	5871.993328612162
1406.0	46	5872.271568171387
1407.0	41	5872.549103556123
1408.0	63	5872.825935167647
1409.0	53	5873.102063406944
1410.0	38	5873.377488674874
1411.0	55	5873.6522113720985
1412.0	54	5873.926231899116
1413.0	50	5874.199550656243
1414.0	74	5874.472168043606
1415.0	37	5874.744084461142
1416.0	58	5875.015300308664
1417.0	65	5875.285815985745
1418.0	46	5875.555631891814
1419.0	63	5875.824748426125
1420.0	54	5876.09316598771
1421.0	53	5876.360884975488
1422.0	44	5876.627905788154
1423.0	50	5876.89422882424
1424.0	49	5877.159854482087
1425.0	46	5877.42478315989
1426.0	53	5877.689015255631
1427.0	56	5877.952551167139
1428.0	59	5878.215391292062
1429.0	58	5878.477536027847
1430.0	47	5878.738985771789
1431.0	63	5878.999740921011
1432.0	58	5879.259801872431
1433.0	51	5879.519169022811
1434.0	57	5879.777842768726
1435.0	47	5880.035823506595
1436.0	44	5880.293111632606
1437.0	64	5880.5497075428475
1438.0	43	5880.805611633166
1439.0	49	5881.060824299281
1440.0	44	5881.3153459366795
1441.0	48	5881.569176940738
1442.0	53	5881.822317706607
1443.0	56	5882.07476862925
1444.0	48	5882.326530103516
1445.0	59	5882.577602524017
1446.0	49	5882.827986285224
1447.0	56	5883.077681781438
1448.0	50	5883.326689406748
1449.0	44	5883.575009555068
1450.0	50	5883.822642620178
1451.0	52	5884.069588995667
1452.0	35	5884.315849074911
1453.0	50	5884.561423251166
1454.0	51	5884.806311917464
1455.0	55	5885.050515466691
1456.0	58	5885.294034291563
1457.0	52	5885.536868784602
1458.0	42	5885.779019338146
1459.0	57	5886.020486344359
1460.0	60	5886.261270195277
1461.0	63	5886.501371282712
1462.0	53	5886.740789998284
1463.0	44	5886.979526733518
1464.0	59	5887.217581879696
1465.0	52	5887.454955827929
1466.0	63	5887.691648969189
1467.0	55	5887.9276616942525
1468.0	60	5888.162994393711
1469.0	48	5888.397647457978
1470.0	50	5888.631621277328
1471.0	52	5888.864916241853
1472.0	54	5889.097532741408
1473.0	62	5889.329471165778
1474.0	43	5889.560731904478
1475.0	59	5889.7913153469
1476.0	62	5890.0212218822535
1477.0	52	5890.25045189959
1478.0	49	5890.479005787746
1479.0	49	5890.706883935411
1480.0	55	5890.9340867310975
1481.0	53	5891.160614563162
1482.0	51	5891.386467819725
1483.0	57	5891.6116468888295
1484.0	47	5891.836152158254
1485.0	70	5892.059984015649
1486.0	64	5892.2831428485115
1487.0	47	5892.505629044106
1488.0	62	5892.727442989561
1489.0	63	5892.9485850718465
1490.0	53	5893.169055677715
1491.0	48	5893.388855193802
1492.0	52	5893.60798400652
1493.0	45	5893.8264425021225
1494.0	55	5894.044231066696
1495.0	58	5894.261350086165
1496.0	52	5894.477799946267
1497.0	48	5894.693581032574
1498.0	58	5894.908693730457
1499.0	55	5895.123138425159
1500.0	49	5895.33691550174
1501.0	53	5895.550025345058
1502.0	39	5895.76246833983
1503.0	52	5895.974244870583
1504.0	57	5896.185355321673
1505.0	51	5896.395800077304
1506.0	47	5896.605579521489
1507.0	58	5896.814694038059
1508.0	44	5897.023144010716
1509.0	61	5897.230929822939
1510.0	60	5897.438051858066
1511.0	66	5897.6445104992445
1512.0	59	5897.8503061294705
1513.0	60	5898.055439131561
1514.0	50	5898.259909888169
1515.0	46	5898.463718781748
1516.0	54	5898.666866194609
1517.0	53	5898.869352508886
1518.0	40	5899.071178106525
1519.0	55	5899.272343369315
1520.0	42	5899.472848678878
1521.0	44	5899.672694416678
1522.0	67	5899.87188096396
1523.0	67	5900.070408701843
1524.0	58	5900.268278011266
1525.0	53	5900.465489272967
1526.0	46	5900.662042867553
1527.0	51	5900.857939175459
1528.0	40	5901.053178576921
1529.0	59	5901.247761452013
1530.0	52	5901.441688180647
1531.0	45	5901.634959142598
1532.0	59	5901.827574717387
1533.0	45	5902.01953528445
1534.0	60	5902.210841222971
1535.0	56	5902.4014929120685
1536.0	47	5902.591490730589
1537.0	59	5902.780835057277
1538.0	54	5902.969526270652
1539.0	55	5903.157564749138
1540.0	60	5903.344950870909
1541.0	55	5903.531685014019
1542.0	55	5903.717767556342
1543.0	64	5903.903198875568
1544.0	60	5904.087979349237
1545.0	56	5904.27210935473
1546.0	51	5904.455589269209
1547.0	61	5904.6384194697175
1548.0	56	5904.820600333119
1549.0	58	5905.002132236084
1550.0	65	5905.183015555125
1551.0	39	5905.363250666624
1552.0	45	5905.542837946717
1553.0	49	5905.721777771456
1554.0	65	5905.900070516648
1555.0	48	5906.077716557992
1556.0	57	5906.254716270982
1557.0	55	5906.431070030958
1558.0	56	5906.606778213101
1559.0	53	5906.781841192369
1560.0	57	5906.956259343653
1561.0	55	5907.130033041571
1562.0	56	5907.303162660633
1563.0	46	5907.475648575171
1564.0	54	5907.647491159345
1565.0	48	5907.818690787137
1566.0	65	5907.989247832378
1567.0	55	5908.159162668707
1568.0	62	5908.328435669641
1569.0	61	5908.497067208483
1570.0	50	5908.665057658375
1571.0	44	5908.8324073923395
1572.0	56	5908.999116783148
1573.0	52	5909.16518620348
1574.0	55	5909.330616025797
1575.0	55	5909.49540662244
1576.0	66	5909.659558365535
1577.0	45	5909.823071627075
1578.0	58	5909.985946778874
1579.0	65	5910.1481841925715
1580.0	58	5910.309784239667
1581.0	52	5910.4707472914515
1582.0	57	5910.631073719077
1583.0	53	5910.790763893525
1584.0	49	5910.949818185602
1585.0	67	5911.108236965963
1586.0	65	5911.266020605083
1587.0	55	5911.423169473295
1588.0	53	5911.579683940712
1589.0	53	5911.735564377336
1590.0	34	5911.890811152972
1591.0	48	5912.045424637289
1592.0	47	5912.199405199731
1593.0	60	5912.352753209647
1594.0	44	5912.5054690361685
1595.0	60	5912.657553048296
1596.0	45	5912.809005614832
1597.0	49	5912.959827104433
1598.0	40	5913.110017885589
1599.0	55	5913.259578326639
1600.0	56	5913.408508795681
1601.0	54	5913.556809660765
1602.0	40	5913.7044812896875
1603.0	50	5913.851524050125
1604.0	55	5913.997938309536
1605.0	73	5914.143724435287
1606.0	50	5914.288882794526
1607.0	47	5914.433413754226
1608.0	57	5914.577317681268
1609.0	63	5914.720594942295
1610.0	61	5914.863245903802
1611.0	45	5915.005270932122
1612.0	48	5915.146670393455
1613.0	51	5915.287444653803
1614.0	60	5915.427594079002
1615.0	45	5915.567119034724
1616.0	59	5915.706019886484
1617.0	60	5915.844296999635
1618.0	53	5915.981950739393
1619.0	49	5916.118981470749
1620.0	71	5916.255389558558
1621.0	47	5916.39117536752
1622.0	61	5916.526339262153
1623.0	58	5916.660881606836
1624.0	39	5916.794802765772
1625.0	41	5916.928103102983
1626.0	47	5917.060782982363
1627.0	60	5917.192842767593
1628.0	45	5917.3242828222465
1629.0	52	5917.455103509692
1630.0	50	5917.585305193156
1631.0	49	5917.714888235665
1632.0	56	5917.843853000145
1633.0	61	5917.972199849304
1634.0	50	5918.0999291457065
1635.0	42	5918.227041251764
1636.0	52	5918.353536529706
1637.0	47	5918.479415341602
1638.0	49	5918.604678049377
1639.0	62	5918.7293250147695
1640.0	52	5918.853356599364
1641.0	54	5918.976773164608
1642.0	55	5919.099575071724
1643.0	57	5919.221762681824
1644.0	43	5919.34333635585
1645.0	57	5919.464296454578
1646.0	60	5919.584643338588
1647.0	39	5919.704377368361
1648.0	59	5919.823498904157
1649.0	59	5919.9420083061
1650.0	48	5920.059905934168
1651.0	49	5920.177192148147
1652.0	43	5920.293867307662
1653.0	51	5920.409931772214
1654.0	56	5920.525385901074
1655.0	61	5920.640230053424
1656.0	62	5920.754464588246
1657.0	52	5920.868089864361
1658.0	62	5920.9811062404215
1659.0	57	5921.093514074931
1660.0	44	5921.20531372626
1661.0	57	5921.3165055525415
1662.0	45	5921.427089911829
1663.0	55	5921.537067161957
1664.0	51	5921.646437660635
1665.0	55	5921.755201765385
1666.0	49	5921.863359833575
1667.0	52	5921.970912222436
1668.0	51	5922.077859289
1669.0	52	5922.184201390154
1670.0	54	5922.289938882644
1671.0	36	5922.3950721230085
1672.0	38	5922.499601467674
1673.0	54	5922.603527272878
1674.0	60	5922.706849894695
1675.0	55	5922.809569689067
1676.0	55	5922.911687011752
1677.0	47	5923.013202218335
1678.0	68	5923.114115664284
1679.0	59	5923.214427704864
1680.0	61	5923.314138695212
1681.0	49	5923.413248990254
1682.0	55	5923.511758944829
1683.0	49	5923.609668913544
1684.0	45	5923.706979250906
1685.0	62	5923.803690311223
1686.0	57	5923.899802448668
1687.0	51	5923.995316017223
1688.0	66	5924.090231370744
1689.0	54	5924.184548862875
1690.0	58	5924.278268847182
1691.0	42	5924.37139167702
1692.0	48	5924.463917705584
1693.0	39	5924.555847285891
1694.0	54	5924.647180770858
1695.0	67	5924.737918513201
1696.0	51	5924.828060865478
1697.0	61	5924.917608180098
1698.0	62	5925.0065608092855
1699.0	56	5925.094919105175
1700.0	53	5925.182683419651
1701.0	55	5925.2698541045065
1702.0	64	5925.35643151133
1703.0	50	5925.4424159915825
1704.0	55	5925.527807896555
1705.0	53	5925.612607577389
1706.0	49	5925.696815385055
1707.0	59	5925.78043167038
1708.0	52	5925.863456783982
1709.0	72	5925.945891076398
1710.0	50	5926.0277348979525
1711.0	51	5926.108988598858
1712.0	41	5926.189652529079
1713.0	58	5926.269727038525
1714.0	54	5926.349212476889
1715.0	59	5926.428109193742
1716.0	54	5926.506417538445
1717.0	57	5926.5841378602445
1718.0	59	5926.661270508221
1719.0	46	5926.737815831289
1720.0	57	5926.813774178216
1721.0	55	5926.889145897563
1722.0	53	5926.963931337832
1723.0	45	5927.038130847286
1724.0	39	5927.111744774053
1725.0	52	5927.1847734660805
1726.0	70	5927.25721727124
1727.0	54	5927.329076537135
1728.0	47	5927.400351611302
1729.0	53	5927.471042841057
1730.0	44	5927.5411505736065
1731.0	40	5927.610675155966
1732.0	49	5927.679616935025
1733.0	56	5927.74797625747
1734.0	50	5927.815753469872
1735.0	49	5927.882948918652
1736.0	59	5927.949562950016
1737.0	49	5928.015595910081
1738.0	43	5928.081048144766
1739.0	53	5928.145919999834
1740.0	59	5928.210211820939
1741.0	52	5928.273923953496
1742.0	61	5928.337056742848
1743.0	65	5928.399610534135
1744.0	48	5928.461585672339
1745.0	43	5928.522982502303
1746.0	51	5928.583801368692
1747.0	52	5928.644042616055
1748.0	49	5928.703706588741
1749.0	50	5928.762793630976
1750.0	50	5928.821304086805
1751.0	48	5928.8792383001255
1752.0	54	5928.936596614719
1753.0	48	5928.993379374121
1754.0	44	5929.049586921794
1755.0	56	5929.105219600997
1756.0	55	5929.160277754884
1757.0	49	5929.214761726406
1758.0	49	5929.268671858366
1759.0	45	5929.322008493433
1760.0	65	5929.374771974088
1761.0	44	5929.426962642688
1762.0	51	5929.478580841443
1763.0	45	5929.529626912369
1764.0	62	5929.580101197357
1765.0	50	5929.630004038093
1766.0	51	5929.6793357762035
1767.0	54	5929.728096753077
1768.0	60	5929.776287309977
1769.0	65	5929.82390778801
1770.0	51	5929.870958528139
1771.0	47	5929.917439871161
1772.0	43	5929.963352157693
1773.0	56	5930.008695728252
1774.0	56	5930.053470923148
1775.0	55	5930.0976780825895
1776.0	46	5930.1413175465805
1777.0	58	5930.18438965498
1778.0	51	5930.226894747546
1779.0	47	5930.268833163816
1780.0	51	5930.310205243192
1781.0	38	5930.351011324958
1782.0	63	5930.3912517481895
1783.0	48	5930.430926851847
1784.0	54	5930.4700369747015
1785.0	49	5930.50858245543
1786.0	54	5930.54656363249
1787.0	54	5930.583980844228
1788.0	50	5930.620834428823
1789.0	37	5930.657124724298
1790.0	49	5930.692852068522
1791.0	56	5930.72801679923
1792.0	60	5930.762619253962
1793.0	53	5930.796659770167
1794.0	57	5930.830138685068
1795.0	44	5930.863056335795
1796.0	48	5930.895413059291
1797.0	59	5930.927209192352
1798.0	58	5930.958445071657
1799.0	50	5930.989121033667
1800.0	53	5931.019237414736
1801.0	61	5931.048794551069
1802.0	54	5931.077792778669
1803.0	53	5931.106232433448
1804.0	53	5931.134113851117
1805.0	54	5931.161437367274
1806.0	48	5931.1882033173615
1807.0	45	5931.21441203663
1808.0	57	5931.240063860184
1809.0	67	5931.265159123045
1810.0	63	5931.289698159974
1811.0	57	5931.3136813056835
1812.0	49	5931.337108894664
1813.0	51	5931.359981261304
1814.0	62	5931.382298739769
1815.0	52	5931.404061664153
1816.0	71	5931.42527036835
1817.0	59	5931.445925186114
1818.0	69	5931.466026451075
1819.0	51	5931.485574496637
1820.0	37	5931.50456965615
1821.0	46	5931.5230122627145
1822.0	62	5931.540902649372
1823.0	60	5931.558241148929
1824.0	46	5931.575028094126
1825.0	54	5931.591263817461
1826.0	57	5931.606948651352
1827.0	48	5931.622082928037
1828.0	58	5931.636666979615
1829.0	49	5931.650701138003
1830.0	54	5931.664185735
1831.0	53	5931.67712110225
1832.0	45	5931.68950757124
1833.0	44	5931.7013454733205
1834.0	58	5931.7126351396255
1835.0	62	5931.723376901252
1836.0	49	5931.733571089044
1837.0	46	5931.743218033743
1838.0	49	5931.752318065946
1839.0	54	5931.760871516078
1840.0	51	5931.76887871441
1841.0	57	5931.7763399910855
1842.0	46	5931.783255676113
1843.0	52	5931.7896260992775
1844.0	47	5931.795451590281
1845.0	57	5931.800732478684
1846.0	52	5931.805469093818
1847.0	62	5931.809661764953
1848.0	48	5931.813310821161
1849.0	62	5931.816416591364
1850.0	57	5931.818979404363
1851.0	45	5931.820999588786
1852.0	58	5931.822477473107
1853.0	51	5931.823413385668
1854.0	60	5931.823807654668
1855.0	59	5931.8236606081155
1856.0	51	5931.822972573936
1857.0	54	5931.821743879826
1858.0	62	5931.819974853388
1859.0	51	5931.817665822063
1860.0	57	5931.814817113149
1861.0	50	5931.811429053771
1862.0	51	5931.807501970929
1863.0	59	5931.803036191467
1864.0	48	5931.798032042074
1865.0	45	5931.792489849297
1866.0	49	5931.7864099395465
1867.0	58	5931.779792639054
1868.0	55	5931.772638273911
1869.0	58	5931.764947170097
1870.0	60	5931.756719653394
1871.0	43	5931.747956049452
1872.0	60	5931.738656683783
1873.0	51	5931.7288218817575
1874.0	53	5931.71845196857
1875.0	51	5931.707547269276
1876.0	56	5931.6961081088
1877.0	55	5931.684134811894
1878.0	60	5931.6716277032
1879.0	43	5931.658587107178
1880.0	56	5931.645013348115
1881.0	50	5931.630906750225
1882.0	43	5931.616267637526
1883.0	46	5931.60109633387
1884.0	56	5931.585393163018
1885.0	61	5931.569158448533
1886.0	41	5931.5523925138605
1887.0	51	5931.5350956822795
1888.0	58	5931.517268276945
1889.0	53	5931.498910620824
1890.0	49	5931.480023036784
1891.0	53	5931.460605847534
1892.0	47	5931.440659375587
1893.0	49	5931.4201839433745
1894.0	52	5931.399179873145
1895.0	64	5931.377647487013
1896.0	56	5931.355587106939
1897.0	60	5931.3329990547345
1898.0	55	5931.309883652072
1899.0	57	5931.286241220478
1900.0	43	5931.262072081319
1901.0	59	5931.237376555843
1902.0	43	5931.212154965112
1903.0	65	5931.186407630077
1904.0	55	5931.160134871517
1905.0	49	5931.133337010093
1906.0	42	5931.10601436627
1907.0	62	5931.078167260424
1908.0	51	5931.049796012763
1909.0	44	5931.020900943326
1910.0	57	5930.991482372025
1911.0	55	5930.961540618665
1912.0	58	5930.93107600282
1913.0	55	5930.90008884398
1914.0	53	5930.868579461504
1915.0	52	5930.836548174525
1916.0	64	5930.803995302083
1917.0	44	5930.770921163123
1918.0	41	5930.737326076344
1919.0	61	5930.703210360374
1920.0	62	5930.668574333649
1921.0	44	5930.633418314458
1922.0	53	5930.597742621006
1923.0	53	5930.561547571292
1924.0	56	5930.524833483195
1925.0	68	5930.487600674442
1926.0	55	5930.449849462603
1927.0	53	5930.411580165152
1928.0	45	5930.372793099343
1929.0	57	5930.33348858234
1930.0	50	5930.293666931157
1931.0	47	5930.253328462616
1932.0	51	5930.2124734934805
1933.0	45	5930.171102340267
1934.0	48	5930.129215319449
1935.0	53	5930.086812747282
1936.0	55	5930.043894939901
1937.0	67	5930.000462213287
1938.0	36	5929.956514883311
1939.0	41	5929.912053265635
1940.0	44	5929.867077675867
1941.0	57	5929.821588429392
1942.0	57	5929.775585841473
1943.0	53	5929.729070227241
1944.0	56	5929.682041901681
1945.0	56	5929.63450117964
1946.0	51	5929.586448375778
1947.0	60	5929.5378838046845
1948.0	63	5929.4888077807245
1949.0	59	5929.439220618194
1950.0	57	5929.389122631202
1951.0	40	5929.3385141336885
1952.0	58	5929.2873954395245
1953.0	49	5929.235766862389
1954.0	59	5929.1836287157985
1955.0	47	5929.130981313193
1956.0	56	5929.077824967782
1957.0	53	5929.024159992746
1958.0	51	5928.969986700977
1959.0	52	5928.915305405345
1960.0	48	5928.860116418543
1961.0	50	5928.804420053085
1962.0	54	5928.748216621355
1963.0	48	5928.691506435658
1964.0	57	5928.634289808059
1965.0	77	5928.576567050556
1966.0	43	5928.518338474952
1967.0	62	5928.459604392956
1968.0	49	5928.40036511607
1969.0	49	5928.340620955728
1970.0	53	5928.280372223185
1971.0	54	5928.219619229518
1972.0	55	5928.158362285718
1973.0	45	5928.096601702621
1974.0	48	5928.034337790899
1975.0	53	5927.971570861114
1976.0	62	5927.9083012236515
1977.0	68	5927.844529188759
1978.0	58	5927.780255066578
1979.0	44	5927.715479167062
1980.0	56	5927.6502018000665
1981.0	38	5927.584423275246
1982.0	52	5927.518143902187
1983.0	39	5927.451363990279
1984.0	45	5927.384083848779
1985.0	52	5927.3163037868435
1986.0	52	5927.248024113414
1987.0	58	5927.179245137345
1988.0	66	5927.109967167361
1989.0	56	5927.040190511969
1990.0	54	5926.969915479635
1991.0	53	5926.8991423785965
1992.0	64	5926.827871517004
1993.0	47	5926.7561032028425
1994.0	45	5926.68383774398
1995.0	58	5926.611075448101
1996.0	55	5926.537816622781
1997.0	59	5926.4640615754515
1998.0	48	5926.389810613411
1999.0	39	5926.315064043789
2000.0	43	5926.239822173586
2001.0	50	5926.164085309691
2002.0	40	5926.087853758805
2003.0	54	5926.0111278275235
2004.0	47	5925.933907822275
2005.0	40	5925.856194049369
2006.0	49	5925.777986814959
2007.0	61	5925.699286425081
2008.0	62	5925.620093185615
2009.0	58	5925.540407402278
2010.0	49	5925.460229380699
2011.0	55	5925.379559426308
2012.0	58	5925.298397844444
2013.0	58	5925.216744940279
2014.0	58	5925.1346010188645
2015.0	57	5925.051966385075
2016.0	53	5924.968841343691
2017.0	46	5924.885226199315
2018.0	56	5924.801121256458
2019.0	48	5924.71652681942
2020.0	63	5924.63144319244
2021.0	59	5924.545870679528
2022.0	49	5924.459809584652
2023.0	63	5924.373260211582
2024.0	43	5924.286222863941
2025.0	49	5924.198697845241
2026.0	57	5924.110685458866
2027.0	59	5924.02218600801
2028.0	59	5923.933199795785
2029.0	51	5923.8437271251205
2030.0	60	5923.7537682987995
2031.0	50	5923.663323619524
2032.0	56	5923.572393389817
2033.0	39	5923.48097791205
2034.0	52	5923.389077488513
2035.0	40	5923.296692421278
2036.0	55	5923.2038230123135
2037.0	57	5923.110469563477
2038.0	57	5923.016632376466
2039.0	58	5922.922311752819
2040.0	57	5922.827507993959
2041.0	56	5922.7322214011965
2042.0	53	5922.636452275615
2043.0	61	5922.540200918271
2044.0	39	5922.443467629986
2045.0	56	5922.346252711512
2046.0	65	5922.248556463427
2047.0	63	5922.150379186195
2048.0	45	5922.051721180113
2049.0	52	5921.9525827453535
2050.0	62	5921.852964181965
2051.0	51	5921.7528657898465
2052.0	48	5921.652287868713
2053.0	59	5921.551230718252
2054.0	59	5921.449694637914
2055.0	57	5921.347679927039
2056.0	61	5921.245186884876
2057.0	51	5921.14221581043
2058.0	46	5921.038767002698
2059.0	44	5920.934840760434
2060.0	46	5920.830437382315
2061.0	51	5920.725557166855
2062.0	57	5920.620200412439
2063.0	57	5920.514367417334
2064.0	62	5920.408058479613
2065.0	47	5920.301273897294
2066.0	49	5920.194013968165
2067.0	49	5920.0862789899475
2068.0	58	5919.978069260208
2069.0	56	5919.869385076351
2070.0	50	5919.760226735672
2071.0	45	5919.650594535351
2072.0	53	5919.540488772344
2073.0	60	5919.429909743596
2074.0	53	5919.31885774578
2075.0	59	5919.2073330755575
2076.0	65	5919.095336029356
2077.0	67	5918.982866903519
2078.0	45	5918.869925994232
2079.0	52	5918.756513597583
2080.0	66	5918.64263000947
2081.0	49	5918.528275525678
2082.0	45	5918.413450441869
2083.0	40	5918.2981550535305
2084.0	52	5918.182389656074
2085.0	43	5918.066154544712
2086.0	43	5917.949450014561
2087.0	43	5917.832276360597
2088.0	50	5917.714633877643
2089.0	64	5917.59652286039
2090.0	56	5917.477943603421
2091.0	45	5917.358896401145
2092.0	54	5917.239381547845
2093.0	49	5917.119399337702
2094.0	55	5916.998950064717
2095.0	57	5916.878034022771
2096.0	59	5916.756651505619
2097.0	54	5916.634802806852
2098.0	52	5916.512488220005
2099.0	52	5916.389708038369
2100.0	58	5916.266462555158
2101.0	48	5916.1427520634625
2102.0	56	5916.018576856187
2103.0	55	5915.893937226159
2104.0	56	5915.7688334660415
2105.0	58	5915.643265868373
2106.0	50	5915.517234725544
2107.0	52	5915.390740329796
2108.0	52	5915.2637829732785
2109.0	61	5915.136362947977
2110.0	50	5915.008480545762
2111.0	41	5914.880136058335
2112.0	46	5914.751329777306
2113.0	51	5914.6220619941205
2114.0	54	5914.492333000092
2115.0	49	5914.362143086396
2116.0	51	5914.231492544117
2117.0	54	5914.100381664139
2118.0	55	5913.968810737265
2119.0	50	5913.8367800541355
2120.0	58	5913.704289905261
2121.0	59	5913.571340581046
2122.0	34	5913.4379323716885
2123.0	48	5913.304065567345
2124.0	53	5913.16974045798
2125.0	65	5913.034957333423
2126.0	58	5912.899716483417
2127.0	51	5912.764018197505
2128.0	45	5912.627862765146
2129.0	55	5912.491250475639
2130.0	55	5912.35418161818
2131.0	55	5912.2166564817935
2132.0	50	5912.07867535541
2133.0	62	5911.940238527776
2134.0	50	5911.801346287555
2135.0	51	5911.661998923246
2136.0	47	5911.5221967232355
2137.0	41	5911.381939975755
2138.0	54	5911.241228968919
2139.0	47	5911.100063990721
2140.0	52	5910.958445328952
2141.0	57	5910.8163732713765
2142.0	48	5910.673848105542
2143.0	55	5910.5308701189015
2144.0	60	5910.3874395987805
2145.0	40	5910.243556832346
2146.0	64	5910.099222106635
2147.0	70	5909.954435708573
2148.0	53	5909.809197924954
2149.0	56	5909.663509042401
2150.0	47	5909.517369347428
2151.0	53	5909.37077912644
2152.0	52	5909.223738665692
2153.0	54	5909.076248251275
2154.0	47	5908.928308169199
2155.0	62	5908.779918705314
2156.0	60	5908.6310801453355
2157.0	57	5908.481792774862
2158.0	66	5908.332056879333
2159.0	58	5908.1818727441
2160.0	56	5908.0312406543335
2161.0	62	5907.880160895127
2162.0	45	5907.72863375138
2163.0	45	5907.576659507915
2164.0	53	5907.4242384493755
2165.0	56	5907.271370860323
2166.0	57	5907.118057025142
2167.0	51	5906.964297228106
2168.0	55	5906.810091753363
2169.0	58	5906.655440884917
2170.0	53	5906.500344906646
2171.0	40	5906.344804102303
2172.0	63	5906.188818755493
2173.0	42	5906.0323891497155
2174.0	53	5905.875515568309
2175.0	55	5905.718198294502
2176.0	39	5905.560437611382
2177.0	64	5905.402233801911
2178.0	47	5905.243587148904
2179.0	47	5905.084497935073
2180.0	61	5904.92496644299
2181.0	44	5904.764992955083
2182.0	48	5904.6045777536465
2183.0	59	5904.443721120863
2184.0	61	5904.282423338807
2185.0	58	5904.120684689336
2186.0	50	5903.958505454272
2187.0	57	5903.79588591526
2188.0	71	5903.632826353809
2189.0	54	5903.469327051316
2190.0	50	5903.305388289047
2191.0	58	5903.1410103481285
2192.0	63	5902.9761935095685
2193.0	54	5902.810938054234
2194.0	55	5902.645244262859
2195.0	47	5902.479112416061
2196.0	53	5902.312542794299
2197.0	51	5902.145535677958
2198.0	46	5901.9780913472405
2199.0	54	5901.810210082246
2200.0	51	5901.641892162902
2201.0	59	5901.473137869091
2202.0	43	5901.303947480472
2203.0	50	5901.13432127662
2204.0	54	5900.964259537014
2205.0	66	5900.793762540926
2206.0	54	5900.622830567555
2207.0	53	5900.451463895968
2208.0	57	5900.279662805054
2209.0	66	5900.107427573647
2210.0	55	5899.934758480374
2211.0	49	5899.761655803808
2212.0	54	5899.588119822327
2213.0	52	5899.414150814245
2214.0	52	5899.239749057674
2215.0	61	5899.064914830637
2216.0	59	5898.889648411052
2217.0	55	5898.713950076649
2218.0	53	5898.537820105085
2219.0	44	5898.361258773851
2220.0	56	5898.184266360341
2221.0	50	5898.006843141781
2222.0	36	5897.828989395299
2223.0	44	5897.65070539788
2224.0	70	5897.4719914263915
2225.0	55	5897.292847757566
2226.0	71	5897.113274667994
2227.0	54	5896.93327243418
2228.0	60	5896.752841332445
2229.0	46	5896.57198163902
2230.0	51	5896.390693629994
2231.0	54	5896.208977581332
2232.0	55	5896.026833768868
2233.0	48	5895.844262468302
2234.0	46	5895.661263955222
2235.0	59	5895.47783850508
2236.0	73	5895.293986393188
2237.0	54	5895.109707894765
2238.0	54	5894.925003284842
2239.0	43	5894.739872838375
2240.0	42	5894.5543168302
2241.0	55	5894.368335534958
2242.0	46	5894.181929227244
2243.0	32	5893.99509818146
2244.0	43	5893.807842671925
2245.0	45	5893.620162972816
2246.0	59	5893.432059358155
2247.0	50	5893.24353210187
2248.0	66	5893.054581477788
2249.0	43	5892.865207759519
2250.0	55	5892.675411220648
2251.0	54	5892.485192134549
2252.0	59	5892.294550774536
2253.0	56	5892.10348741375
2254.0	49	5891.9120023252235
2255.0	46	5891.720095781847
2256.0	55	5891.527768056432
2257.0	57	5891.335019421577
2258.0	57	5891.1418501498565
2259.0	47	5890.948260513627
2260.0	47	5890.754250785184
2261.0	52	5890.559821236641
2262.0	50	5890.364972140039
2263.0	54	5890.169703767256
2264.0	51	5889.974016390067
2265.0	50	5889.777910280102
2266.0	49	5889.581385708842
2267.0	54	5889.384442947721
2268.0	51	5889.187082267965
2269.0	47	5888.989303940713
2270.0	68	5888.791108236977
2271.0	62	5888.59249542762
2272.0	52	5888.393465783405
2273.0	60	5888.194019574966
2274.0	57	5887.994157072797
2275.0	55	5887.793878547269
2276.0	54	5887.593184268648
2277.0	58	5887.392074507041
2278.0	65	5887.190549532461
2279.0	69	5886.988609614746
2280.0	46	5886.786255023693
2281.0	56	5886.583486028876
2282.0	62	5886.380302899845
2283.0	58	5886.176705905923
2284.0	54	5885.972695316363
2285.0	51	5885.7682714002985
2286.0	59	5885.563434426717
2287.0	52	5885.3581846644975
2288.0	66	5885.152522382358
2289.0	56	5884.946447848945
2290.0	61	5884.739961332736
2291.0	58	5884.53306310211
2292.0	63	5884.325753425298
2293.0	55	5884.1180325704145
2294.0	58	5883.9099008054745
2295.0	54	5883.701358398344
2296.0	52	5883.492405616743
2297.0	58	5883.283042728319
2298.0	39	5883.073270000539
2299.0	45	5882.863087700805
2300.0	50	5882.652496096327
2301.0	62	5882.441495454264
2302.0	53	5882.230086041578
2303.0	58	5882.018268125161
2304.0	42	5881.806041971744
2305.0	60	5881.593407847978
2306.0	51	5881.380366020337
2307.0	56	5881.166916755203
2308.0	53	5880.953060318834
2309.0	45	5880.738796977343
2310.0	57	5880.524126996713
2311.0	54	5880.309050642888
2312.0	45	5880.093568181559
2313.0	48	5879.87767987838
2314.0	39	5879.661385998869
2315.0	67	5879.444686808375
2316.0	70	5879.227582572184
2317.0	52	5879.010073555439
2318.0	60	5878.792160023122
2319.0	43	5878.573842240136
2320.0	49	5878.355120471256
2321.0	50	5878.135994981092
2322.0	47	5877.916466034195
2323.0	59	5877.696533894947
2324.0	45	5877.476198827605
2325.0	56	5877.255461096334
2326.0	48	5877.034320965153
2327.0	56	5876.8127786979485
2328.0	67	5876.590834558526
2329.0	57	5876.3684888105045
2330.0	38	5876.1457417174515
2331.0	55	5875.922593542743
2332.0	42	5875.699044549688
2333.0	57	5875.4750950014395
2334.0	64	5875.250745161039
2335.0	58	5875.025995291399
2336.0	51	5874.80084565532
2337.0	53	5874.575296515472
2338.0	51	5874.349348134393
2339.0	39	5874.123000774518
2340.0	56	5873.896254698141
2341.0	62	5873.669110167468
2342.0	49	5873.441567444526
2343.0	60	5873.213626791276
2344.0	50	5872.985288469521
2345.0	58	5872.756552740944
2346.0	50	5872.527419867124
2347.0	49	5872.297890109512
2348.0	58	5872.067963729426
2349.0	48	5871.83764098806
2350.0	67	5871.606922146516
2351.0	47	5871.375807465727
2352.0	53	5871.1442972065515
2353.0	44	5870.9123916296885
2354.0	56	5870.680090995741
2355.0	59	5870.447395565179
2356.0	57	5870.214305598347
2357.0	61	5869.980821355482
2358.0	59	5869.746943096677
2359.0	39	5869.512671081924
2360.0	45	5869.278005571077
2361.0	52	5869.042946823879
2362.0	44	5868.807495099969
2363.0	57	5868.571650658829
2364.0	50	5868.33541375984
2365.0	53	5868.098784662246
2366.0	69	5867.861763625185
2367.0	67	5867.624350907682
2368.0	61	5867.386546768623
2369.0	57	5867.148351466772
2370.0	47	5866.909765260803
2371.0	54	5866.670788409211
2372.0	33	5866.431421170416
2373.0	61	5866.191663802712
2374.0	53	5865.951516564271
2375.0	52	5865.710979713125
2376.0	50	5865.470053507197
2377.0	54	5865.2287382042905
2378.0	53	5864.987034062116
2379.0	68	5864.744941338187
2380.0	73	5864.502460289983
2381.0	59	5864.259591174819
2382.0	46	5864.016334249886
2383.0	48	5863.772689772276
2384.0	59	5863.528657998945
2385.0	74	5863.284239186726
2386.0	42	5863.0394335923565
2387.0	51	5862.794241472413
2388.0	56	5862.548663083381
2389.0	53	5862.302698681616
2390.0	45	5862.056348523372
2391.0	44	5861.80961286477
2392.0	64	5861.5624919618
2393.0	59	5861.31498607033
2394.0	62	5861.067095446123
2395.0	83	5860.818820344832
2396.0	63	5860.570161021963
2397.0	46	5860.32111773294
2398.0	59	5860.071690733008
2399.0	45	5859.821880277347
2400.0	58	5859.571686621002
2401.0	46	5859.321110018891
2402.0	57	5859.070150725811
2403.0	50	5858.818808996447
2404.0	60	5858.567085085364
2405.0	65	5858.3149792469985
2406.0	51	5858.062491735675
2407.0	55	5857.809622805609
2408.0	58	5857.556372710898
2409.0	55	5857.302741705464
2410.0	65	5857.04873004321
2411.0	54	5856.794337977834
2412.0	57	5856.539565762924
2413.0	53	5856.284413652039
2414.0	52	5856.028881898486
2415.0	55	5855.772970755545
2416.0	46	5855.51668047635
2417.0	61	5855.260011313908
2418.0	60	5855.0029635211295
2419.0	51	5854.745537350778
2420.0	51	5854.487733055524
2421.0	54	5854.229550887911
2422.0	58	5853.970991100348
2423.0	52	5853.712053945151
2424.0	58	5853.452739674487
2425.0	51	5853.193048540455
2426.0	50	5852.932980794987
2427.0	55	5852.672536689909
2428.0	53	5852.4117164769405
2429.0	60	5852.1505204076775
2430.0	54	5851.888948733597
2431.0	48	5851.627001706053
2432.0	53	5851.364679576268
2433.0	60	5851.101982595407
2434.0	58	5850.8389110144335
2435.0	44	5850.575465084263
2436.0	73	5850.31164505565
2437.0	57	5850.047451179241
2438.0	38	5849.782883705591
2439.0	58	5849.517942885097
2440.0	52	5849.252628968062
2441.0	49	5848.986942204656
2442.0	49	5848.72088284496
2443.0	45	5848.454451138908
2444.0	54	5848.187647336335
2445.0	51	5847.92047168694
2446.0	50	5847.652924440321
2447.0	64	5847.38500584596
2448.0	52	5847.116716153219
2449.0	46	5846.84805561133
2450.0	41	5846.579024469417
2451.0	50	5846.309622976493
2452.0	52	5846.039851381447
2453.0	64	5845.7697099330635
2454.0	52	5845.499198879971
2455.0	62	5845.228318470721
2456.0	42	5844.957068953758
2457.0	49	5844.685450577334
2458.0	36	5844.413463589701
2459.0	42	5844.141108238913
2460.0	47	5843.868384772895
2461.0	66	5843.595293439519
2462.0	65	5843.3218344864945
2463.0	48	5843.048008161428
2464.0	51	5842.773814711818
2465.0	63	5842.499254385006
2466.0	47	5842.2243274282955
2467.0	54	5841.949034088792
2468.0	44	5841.673374613521
2469.0	55	5841.39734924942
2470.0	58	5841.120958243257
2471.0	48	5840.844201841698
2472.0	52	5840.567080291331
2473.0	58	5840.289593838571
2474.0	53	5840.01174272977
2475.0	60	5839.733527211125
2476.0	62	5839.454947528739
2477.0	54	5839.176003928577
2478.0	57	5838.896696656521
2479.0	43	5838.617025958314
2480.0	56	5838.3369920795785
2481.0	52	5838.0565952658435
2482.0	48	5837.7758357625125
2483.0	60	5837.494713814846
2484.0	57	5837.213229668056
2485.0	46	5836.931383567163
2486.0	44	5836.649175757118
2487.0	53	5836.366606482736
2488.0	47	5836.083675988745
2489.0	37	5835.800384519718
2490.0	53	5835.51673232015
2491.0	48	5835.23271963439
2492.0	46	5834.9483467066875
2493.0	43	5834.663613781194
2494.0	55	5834.378521101905
2495.0	60	5834.093068912712
2496.0	56	5833.807257457454
2497.0	59	5833.521086979739
2498.0	45	5833.234557723186
2499.0	51	5832.947669931203
2500.0	46	5832.6604238471145
2501.0	34	5832.372819714145
2502.0	49	5832.084857775404
2503.0	44	5831.796538273857
2504.0	55	5831.507861452382
2505.0	57	5831.218827553731
2506.0	51	5830.929436820557
2507.0	57	5830.6396894953605
2508.0	48	5830.349585820591
2509.0	53	5830.059126038521
2510.0	54	5829.7683103913305
2511.0	61	5829.4771391211
2512.0	55	5829.185612469793
2513.0	49	5828.893730679238
2514.0	51	5828.601493991157
2515.0	46	5828.308902647163
2516.0	45	5828.015956888773
2517.0	45	5827.722656957345
2518.0	58	5827.429003094169
2519.0	57	5827.134995540403
2520.0	66	5826.840634537075
2521.0	54	5826.5459203251385
2522.0	50	5826.250853145383
2523.0	53	5825.95543323853
2524.0	56	5825.659660845156
2525.0	33	5825.36353620575
2526.0	43	5825.067059560648
2527.0	56	5824.770231150119
2528.0	63	5824.473051214299
2529.0	66	5824.175519993202
2530.0	47	5823.877637726736
2531.0	43	5823.579404654689
2532.0	48	5823.280821016758
2533.0	66	5822.981887052496
2534.0	47	5822.682603001367
2535.0	53	5822.382969102709
2536.0	62	5822.082985595758
2537.0	53	5821.7826527196175
2538.0	48	5821.481970713287
2539.0	54	5821.180939815673
2540.0	50	5820.87956026555
2541.0	64	5820.57783230156
2542.0	52	5820.275756162281
2543.0	44	5819.973332086149
2544.0	58	5819.670560311477
2545.0	58	5819.367441076466
2546.0	54	5819.063974619249
2547.0	36	5818.760161177815
2548.0	58	5818.456000989992
2549.0	46	5818.151494293592
2550.0	58	5817.846641326242
2551.0	57	5817.541442325499
2552.0	51	5817.235897528767
2553.0	60	5816.930007173373
2554.0	69	5816.623771496517
2555.0	54	5816.317190735282
2556.0	62	5816.010265126651
2557.0	51	5815.702994907493
2558.0	57	5815.395380314551
2559.0	59	5815.087421584471
2560.0	49	5814.779118953786
2561.0	61	5814.470472658915
2562.0	46	5814.161482936159
2563.0	47	5813.852150021688
2564.0	58	5813.5424741516335
2565.0	62	5813.23245556193
2566.0	65	5812.922094488441
2567.0	68	5812.61139116692
2568.0	66	5812.300345832992
2569.0	53	5811.988958722205
2570.0	48	5811.677230069934
2571.0	62	5811.365160111513
2572.0	49	5811.0527490821205
2573.0	59	5810.739997216828
2574.0	50	5810.4269047506095
2575.0	59	5810.1134719183065
2576.0	51	5809.799698954692
2577.0	59	5809.485586094376
2578.0	48	5809.171133571885
2579.0	46	5808.856341621628
2580.0	38	5808.541210477906
2581.0	58	5808.225740374918
2582.0	58	5807.909931546735
2583.0	49	5807.593784227332
2584.0	53	5807.277298650542
2585.0	44	5806.9604750501385
2586.0	62	5806.643313659728
2587.0	50	5806.3258147128745
2588.0	40	5806.007978442937
2589.0	50	5805.689805083265
2590.0	60	5805.371294867025
2591.0	52	5805.052448027321
2592.0	51	5804.733264797103
2593.0	45	5804.413745409239
2594.0	49	5804.093890096479
2595.0	48	5803.77369909146
2596.0	46	5803.453172626726
2597.0	43	5803.132310934683
2598.0	59	5802.811114247641
2599.0	56	5802.489582797803
2600.0	58	5802.1677168172555
2601.0	45	5801.845516537979
2602.0	53	5801.522982191847
2603.0	49	5801.2001140106095
2604.0	51	5800.876912225925
2605.0	64	5800.553377069315
2606.0	40	5800.22950877223
2607.0	61	5799.905307565989
2608.0	52	5799.580773681778
2609.0	66	5799.255907350721
2610.0	44	5798.9307088038
2611.0	42	5798.605178271903
2612.0	54	5798.279315985796
2613.0	53	5797.953122176134
2614.0	51	5797.626597073467
2615.0	67	5797.299740908256
2616.0	56	5796.972553910819
2617.0	52	5796.645036311387
2618.0	64	5796.317188340068
2619.0	51	5795.989010226881
2620.0	54	5795.660502201703
2621.0	49	5795.331664494344
2622.0	63	5795.002497334461
2623.0	48	5794.673000951642
2624.0	51	5794.343175575335
2625.0	52	5794.013021434887
2626.0	53	5793.682538759548
2627.0	55	5793.351727778457
2628.0	53	5793.020588720622
2629.0	70	5792.689121814978
2630.0	51	5792.357327290316
2631.0	65	5792.025205375342
2632.0	49	5791.692756298643
2633.0	44	5791.359980288692
2634.0	56	5791.026877573885
2635.0	54	5790.69344838246
2636.0	52	5790.359692942586
2637.0	66	5790.0256114823
2638.0	66	5789.6912042295535
2639.0	45	5789.356471412175
2640.0	45	5789.021413257873
2641.0	70	5788.686029994274
2642.0	60	5788.350321848873
2643.0	56	5788.014289049079
2644.0	55	5787.677931822174
2645.0	58	5787.341250395335
2646.0	52	5787.004244995639
2647.0	53	5786.6669158500645
2648.0	57	5786.329263185443
2649.0	63	5785.99128722854
2650.0	52	5785.652988205997
2651.0	54	5785.314366344337
2652.0	60	5784.975421869989
2653.0	42	5784.636155009276
2654.0	61	5784.296565988412
2655.0	57	5783.9566550334985
2656.0	50	5783.616422370513
2657.0	64	5783.275868225361
2658.0	49	5782.934992823819
2659.0	59	5782.593796391557
2660.0	58	5782.252279154142
2661.0	46	5781.910441337021
2662.0	44	5781.568283165581
2663.0	58	5781.225804865012
2664.0	71	5780.883006660488
2665.0	58	5780.539888777022
2666.0	53	5780.1964514395395
2667.0	44	5779.85269487286
2668.0	57	5779.508619301683
2669.0	58	5779.164224950616
2670.0	41	5778.819512044147
2671.0	46	5778.474480806656
2672.0	45	5778.129131462438
2673.0	69	5777.783464235654
2674.0	58	5777.437479350384
2675.0	46	5777.0911770305775
2676.0	63	5776.74455750007
2677.0	57	5776.397620982638
2678.0	38	5776.0503677019115
2679.0	53	5775.7027978814285
2680.0	41	5775.354911744593
2681.0	62	5775.0067095147315
2682.0	41	5774.658191415078
2683.0	37	5774.309357668718
2684.0	50	5773.960208498667
2685.0	70	5773.610744127804
2686.0	53	5773.260964778938
2687.0	53	5772.910870674731
2688.0	58	5772.560462037757
2689.0	47	5772.209739090508
2690.0	55	5771.858702055327
2691.0	57	5771.507351154476
2692.0	56	5771.155686610112
2693.0	58	5770.803708644276
2694.0	71	5770.451417478908
2695.0	50	5770.098813335841
2696.0	63	5769.745896436804
2697.0	60	5769.392667003424
2698.0	54	5769.039125257214
2699.0	55	5768.6852714195775
2700.0	52	5768.331105711824
2701.0	67	5767.976628355163
2702.0	48	5767.621839570673
2703.0	58	5767.266739579348
2704.0	54	5766.911328602075
2705.0	57	5766.555606859638
2706.0	56	5766.199574572682
2707.0	40	5765.843231961801
2708.0	58	5765.486579247453
2709.0	50	5765.129616649973
2710.0	53	5764.772344389643
2711.0	56	5764.414762686577
2712.0	49	5764.0568717608385
2713.0	62	5763.698671832368
2714.0	51	5763.3401631209645
2715.0	56	5762.98134584639
2716.0	49	5762.622220228246
2717.0	39	5762.262786486044
2718.0	52	5761.903044839212
2719.0	54	5761.542995507039
2720.0	55	5761.182638708731
2721.0	48	5760.8219746633895
2722.0	56	5760.461003590008
2723.0	63	5760.099725707473
2724.0	46	5759.738141234556
2725.0	59	5759.3762503899525
2726.0	51	5759.014053392217
2727.0	61	5758.6515504598365
2728.0	61	5758.288741811166
2729.0	51	5757.925627664467
2730.0	57	5757.562208237893
2731.0	56	5757.198483749498
2732.0	65	5756.834454417243
2733.0	64	5756.470120458957
2734.0	52	5756.105482092368
2735.0	48	5755.740539535138
2736.0	69	5755.375293004782
2737.0	57	5755.00974271873
2738.0	60	5754.643888894298
2739.0	66	5754.2777317487025
2740.0	50	5753.9112714990815
2741.0	50	5753.544508362426
2742.0	52	5753.17744255565
2743.0	62	5752.810074295559
2744.0	54	5752.442403798847
2745.0	49	5752.074431282116
2746.0	54	5751.706156961845
2747.0	54	5751.337581054448
2748.0	45	5750.968703776193
2749.0	53	5750.5995253432575
2750.0	51	5750.230045971732
2751.0	53	5749.86026587759
2752.0	62	5749.490185276693
2753.0	42	5749.119804384825
2754.0	54	5748.7491234176305
2755.0	57	5748.378142590688
2756.0	73	5748.006862119452
2757.0	63	5747.635282219278
2758.0	69	5747.263403105407
2759.0	55	5746.891224993006
2760.0	49	5746.5187480971135
2761.0	58	5746.145972632669
2762.0	51	5745.772898814524
2763.0	67	5745.399526857401
2764.0	63	5745.025856975931
2765.0	48	5744.651889384662
2766.0	48	5744.277624298022
2767.0	54	5743.90306193032
2768.0	48	5743.528202495786
2769.0	56	5743.1530462085475
2770.0	41	5742.777593282618
2771.0	45	5742.401843931914
2772.0	49	5742.025798370256
2773.0	46	5741.64945681134
2774.0	52	5741.2728194687725
2775.0	61	5740.895886556076
2776.0	58	5740.518658286648
2777.0	61	5740.141134873771
2778.0	56	5739.763316530671
2779.0	72	5739.385203470426
2780.0	64	5739.006795906028
2781.0	62	5738.6280940503875
2782.0	41	5738.249098116279
2783.0	38	5737.869808316399
2784.0	49	5737.490224863317
2785.0	59	5737.110347969538
2786.0	40	5736.730177847429
2787.0	48	5736.349714709281
2788.0	44	5735.968958767266
2789.0	39	5735.587910233451
2790.0	67	5735.206569319827
2791.0	55	5734.824936238256
2792.0	57	5734.443011200519
2793.0	54	5734.060794418271
2794.0	57	5733.67828610309
2795.0	54	5733.295486466445
2796.0	54	5732.912395719696
2797.0	52	5732.529014074098
2798.0	53	5732.14534174083
2799.0	40	5731.761378930941
2800.0	57	5731.3771258553925
2801.0	61	5730.992582725042
2802.0	44	5730.607749750647
2803.0	56	5730.222627142862
2804.0	50	5729.837215112245
2805.0	41	5729.451513869241
2806.0	46	5729.065523624212
2807.0	63	5728.67924458741
2808.0	47	5728.292676968971
2809.0	54	5727.9058209789455
2810.0	52	5727.518676827296
2811.0	54	5727.131244723868
2812.0	55	5726.743524878389
2813.0	50	5726.355517500522
2814.0	53	5725.967222799798
2815.0	43	5725.5786409856755
2816.0	48	5725.1897722674985
2817.0	39	5724.800616854491
2818.0	46	5724.411174955813
2819.0	57	5724.021446780495
2820.0	57	5723.631432537497
2821.0	60	5723.241132435637
2822.0	60	5722.850546683651
2823.0	46	5722.459675490215
2824.0	58	5722.068519063831
2825.0	55	5721.677077612958
2826.0	63	5721.285351345922
2827.0	61	5720.893340470968
2828.0	60	5720.50104519625
2829.0	48	5720.108465729778
2830.0	49	5719.715602279508
2831.0	49	5719.322455053283
2832.0	52	5718.929024258822
2833.0	41	5718.535310103779
2834.0	51	5718.141312795679
2835.0	58	5717.74703254198
2836.0	52	5717.352469550016
2837.0	55	5716.957624027004
2838.0	59	5716.562496180101
2839.0	53	5716.167086216347
2840.0	55	5715.771394342675
2841.0	52	5715.375420765938
2842.0	65	5714.979165692858
2843.0	49	5714.582629330089
2844.0	52	5714.185811884166
2845.0	49	5713.7887135615365
2846.0	49	5713.391334568542
2847.0	52	5712.993675111425
2848.0	54	5712.595735396317
2849.0	56	5712.197515629285
2850.0	53	5711.79901601625
2851.0	49	5711.400236763087
2852.0	43	5711.001178075518
2853.0	59	5710.6018401592
2854.0	60	5710.202223219683
2855.0	57	5709.802327462415
2856.0	59	5709.402153092746
2857.0	51	5709.001700315924
2858.0	64	5708.600969337109
2859.0	56	5708.199960361353
2860.0	68	5707.798673593614
2861.0	54	5707.397109238741
2862.0	64	5706.995267501489
2863.0	59	5706.593148586534
2864.0	63	5706.190752698414
2865.0	62	5705.788080041595
2866.0	58	5705.385130820461
2867.0	51	5704.981905239246
2868.0	57	5704.578403502135
2869.0	61	5704.174625813194
2870.0	52	5703.770572376369
2871.0	49	5703.366243395572
2872.0	44	5702.961639074539
2873.0	49	5702.556759616969
2874.0	58	5702.151605226415
2875.0	52	5701.74617610637
2876.0	51	5701.340472460203
2877.0	58	5700.934494491206
2878.0	55	5700.528242402551
2879.0	56	5700.121716397323
2880.0	49	5699.714916678521
2881.0	60	5699.307843449021
2882.0	52	5698.900496911624
2883.0	59	5698.492877269007
2884.0	48	5698.084984723783
2885.0	57	5697.676819478438
2886.0	57	5697.268381735385
2887.0	64	5696.859671696906
2888.0	54	5696.450689565213
2889.0	56	5696.041435542417
2890.0	55	5695.631909830517
2891.0	54	5695.222112631439
2892.0	52	5694.8120441469855
2893.0	61	5694.401704578869
2894.0	73	5693.991094128717
2895.0	52	5693.5802129980475
2896.0	47	5693.169061388289
2897.0	44	5692.757639500762
2898.0	50	5692.345947536702
2899.0	50	5691.933985697234
2900.0	48	5691.521754183384
2901.0	67	5691.109253196112
2902.0	53	5690.696482936245
2903.0	55	5690.283443604528
2904.0	51	5689.8701354016075
2905.0	74	5689.456558528028
2906.0	51	5689.042713184259
2907.0	66	5688.628599570644
2908.0	42	5688.214217887432
2909.0	59	5687.799568334795
2910.0	46	5687.384651112801
2911.0	61	5686.969466421422
2912.0	58	5686.5540144605075
2913.0	47	5686.13829542985
2914.0	49	5685.722309529126
2915.0	47	5685.306056957915
2916.0	56	5684.889537915706
2917.0	61	5684.472752601881
2918.0	50	5684.05570121573
2919.0	55	5683.638383956449
2920.0	48	5683.220801023143
2921.0	58	5682.802952614819
2922.0	49	5682.384838930377
2923.0	48	5681.966460168617
2924.0	54	5681.547816528255
2925.0	59	5681.128908207937
2926.0	61	5680.709735406156
2927.0	54	5680.290298321332
2928.0	59	5679.870597151827
2929.0	42	5679.450632095844
2930.0	57	5679.0304033515295
2931.0	53	5678.609911116926
2932.0	63	5678.189155589988
2933.0	55	5677.768136968542
2934.0	61	5677.346855450366
2935.0	59	5676.925311233106
2936.0	54	5676.503504514322
2937.0	50	5676.081435491491
2938.0	56	5675.65910436196
2939.0	69	5675.236511323033
2940.0	52	5674.813656571867
2941.0	54	5674.3905403055605
2942.0	51	5673.9671627211055
2943.0	50	5673.543524015376
2944.0	46	5673.1196243851755
2945.0	59	5672.695464027217
2946.0	39	5672.2710431381
2947.0	53	5671.846361914341
2948.0	65	5671.42142055234
2949.0	53	5670.996219248437
2950.0	46	5670.570758198847
2951.0	27	5670.1450375997
2952.0	59	5669.719057647034
2953.0	57	5669.292818536802
2954.0	53	5668.86632046482
2955.0	47	5668.439563626863
2956.0	61	5668.012548218577
2957.0	51	5667.585274435526
2958.0	53	5667.157742473164
2959.0	42	5666.729952526882
2960.0	58	5666.301904791932
2961.0	55	5665.873599463516
2962.0	51	5665.44503673672
2963.0	60	5665.0162168065135
2964.0	50	5664.58713986781
2965.0	52	5664.157806115406
2966.0	37	5663.728215744017
2967.0	60	5663.298368948246
2968.0	65	5662.868265922618
2969.0	55	5662.437906861565
2970.0	61	5662.007291959403
2971.0	55	5661.576421410376
2972.0	57	5661.145295408617
2973.0	43	5660.713914148174
2974.0	44	5660.282277823006
2975.0	52	5659.850386626971
2976.0	51	5659.418240753828
2977.0	64	5658.98584039726
2978.0	39	5658.553185750826
2979.0	47	5658.120277008022
2980.0	50	5657.687114362217
2981.0	48	5657.253698006727
2982.0	57	5656.820028134741
2983.0	43	5656.386104939363
2984.0	54	5655.951928613605
2985.0	57	5655.517499350407
2986.0	51	5655.082817342554
2987.0	62	5654.647882782818
2988.0	69	5654.212695863804
2989.0	43	5653.77725677807
2990.0	58	5653.341565718073
2991.0	59	5652.905622876152
2992.0	43	5652.469428444582
2993.0	53	5652.032982615526
2994.0	46	5651.596285581067
2995.0	46	5651.15933753318
2996.0	49	5650.72213866376
2997.0	49	5650.284689164605
2998.0	60	5649.846989227411
2999.0	54	5649.4090390437805
3000.0	60	5648.970838805248
3001.0	57	5648.532388703217
3002.0	41	5648.093688929027
3003.0	55	5647.654739673919
3004.0	51	5647.2155411290305
3005.0	54	5646.776093485407
3006.0	50	5646.336396934012
3007.0	53	5645.896451665708
3008.0	51	5645.456257871271
3009.0	58	5645.015815741371
3010.0	56	5644.5751254666
3011.0	58	5644.1341872374505
3012.0	55	5643.693001244324
3013.0	46	5643.251567677516
3014.0	54	5642.8098867272565
3015.0	47	5642.367958583663
3016.0	46	5641.925783436756
3017.0	49	5641.483361476488
3018.0	64	5641.040692892681
3019.0	61	5640.597777875117
3020.0	54	5640.154616613434
3021.0	62	5639.711209297201
3022.0	53	5639.267556115901
3023.0	48	5638.823657258905
3024.0	59	5638.379512915509
3025.0	58	5637.935123274916
3026.0	43	5637.490488526225
3027.0	56	5637.045608858451
3028.0	66	5636.6004844605095
3029.0	52	5636.155115521239
3030.0	52	5635.709502229378
3031.0	60	5635.263644773557
3032.0	52	5634.817543342344
3033.0	52	5634.371198124187
3034.0	46	5633.924609307465
3035.0	64	5633.477777080453
3036.0	45	5633.030701631336
3037.0	49	5632.583383148207
3038.0	56	5632.1358218190635
3039.0	46	5631.688017831824
3040.0	55	5631.239971374294
3041.0	49	5630.791682634215
3042.0	53	5630.343151799218
3043.0	53	5629.894379056848
3044.0	34	5629.445364594544
3045.0	60	5628.996108599685
3046.0	53	5628.546611259524
3047.0	49	5628.096872761248
3048.0	53	5627.6468932919415
3049.0	70	5627.196673038599
3050.0	52	5626.746212188126
3051.0	53	5626.295510927329
3052.0	63	5625.844569442943
3053.0	50	5625.393387921577
3054.0	58	5624.941966549789
3055.0	60	5624.490305514018
3056.0	59	5624.038405000618
3057.0	50	5623.586265195863
3058.0	58	5623.133886285923
3059.0	50	5622.681268456883
3060.0	55	5622.228411894731
3061.0	69	5621.775316785374
3062.0	51	5621.321983314621
3063.0	59	5620.868411668187
3064.0	61	5620.41460203172
3065.0	41	5619.960554590739
3066.0	47	5619.506269530687
3067.0	43	5619.051747036949
3068.0	58	5618.596987294773
3069.0	52	5618.141990489333
3070.0	53	5617.686756805725
3071.0	61	5617.231286428932
3072.0	64	5616.775579543879
3073.0	58	5616.319636335355
3074.0	62	5615.863456988096
3075.0	54	5615.407041686742
3076.0	50	5614.950390615829
3077.0	51	5614.493503959807
3078.0	60	5614.036381903044
3079.0	43	5613.579024629815
3080.0	62	5613.121432324297
3081.0	46	5612.66360517058
3082.0	61	5612.205543352675
3083.0	48	5611.747247054481
3084.0	73	5611.288716459834
3085.0	60	5610.829951752462
3086.0	29	5610.370953116003
3087.0	56	5609.911720734008
3088.0	51	5609.452254789943
3089.0	60	5608.992555467186
3090.0	50	5608.532622949012
3091.0	48	5608.072457418613
3092.0	56	5607.612059059101
3093.0	45	5607.151428053483
3094.0	52	5606.6905645846855
3095.0	47	5606.229468835538
3096.0	42	5605.768140988795
3097.0	49	5605.306581227104
3098.0	55	5604.844789733041
3099.0	54	5604.382766689064
3100.0	64	5603.920512277578
3101.0	49	5603.45802668087
3102.0	54	5602.995310081155
3103.0	61	5602.532362660554
3104.0	54	5602.0691846010905
3105.0	46	5601.605776084695
3106.0	46	5601.142137293243
3107.0	64	5600.678268408482
3108.0	51	5600.214169612091
3109.0	48	5599.749841085647
3110.0	59	5599.285283010652
3111.0	37	5598.820495568507
3112.0	63	5598.355478940538
3113.0	45	5597.89023330796
3114.0	61	5597.4247588519265
3115.0	57	5596.959055753468
3116.0	64	5596.493124193564
3117.0	44	5596.026964353086
3118.0	61	5595.560576412818
3119.0	62	5595.093960553439
3120.0	44	5594.627116955575
3121.0	61	5594.160045799735
3122.0	44	5593.692747266357
3123.0	58	5593.2252215357785
3124.0	45	5592.757468788242
3125.0	50	5592.289489203928
3126.0	46	5591.821282962901
3127.0	57	5591.352850245145
3128.0	41	5590.884191230575
3129.0	50	5590.415306098986
3130.0	53	5589.946195030107
3131.0	61	5589.476858203569
3132.0	49	5589.007295798923
3133.0	45	5588.537507995627
3134.0	58	5588.0674949730355
3135.0	60	5587.597256910454
3136.0	44	5587.126793987068
3137.0	55	5586.6561063819645
3138.0	53	5586.185194274184
3139.0	57	5585.714057842635
3140.0	55	5585.242697266175
3141.0	51	5584.771112723558
3142.0	60	5584.299304393438
3143.0	52	5583.827272454416
3144.0	56	5583.35501708494
3145.0	58	5582.882538463454
3146.0	62	5582.409836768255
3147.0	53	5581.9369121775735
3148.0	53	5581.463764869552
3149.0	69	5580.990395022227
3150.0	51	5580.516802813584
3151.0	34	5580.042988421487
3152.0	54	5579.568952023718
3153.0	55	5579.094693798001
3154.0	57	5578.620213921935
3155.0	44	5578.145512573043
3156.0	53	5577.670589928787
3157.0	52	5577.195446166493
3158.0	51	5576.720081463446
3159.0	58	5576.2444959968125
3160.0	47	5575.76868994369
3161.0	64	5575.292663481075
3162.0	56	5574.816416785886
3163.0	49	5574.339950034963
3164.0	56	5573.863263405037
3165.0	48	5573.386357072767
3166.0	53	5572.909231214727
3167.0	54	5572.431886007381
3168.0	46	5571.954321627149
3169.0	56	5571.476538250316
3170.0	54	5570.998536053113
3171.0	54	5570.520315211679
3172.0	53	5570.0418759020595
3173.0	48	5569.563218300208
3174.0	57	5569.084342582006
3175.0	67	5568.605248923236
3176.0	48	5568.125937499604
3177.0	64	5567.646408486719
3178.0	60	5567.166662060114
3179.0	59	5566.6866983952295
3180.0	53	5566.206517667416
3181.0	62	5565.726120051949
3182.0	65	5565.245505724005
3183.0	49	5564.764674858681
3184.0	49	5564.283627630987
3185.0	67	5563.802364215854
3186.0	52	5563.320884788101
3187.0	61	5562.839189522492
3188.0	62	5562.357278593689
3189.0	51	5561.875152176265
3190.0	60	5561.392810444727
3191.0	55	5560.910253573474
3192.0	55	5560.427481736818
3193.0	68	5559.944495108996
3194.0	39	5559.461293864159
3195.0	52	5558.977878176385
3196.0	64	5558.494248219633
3197.0	53	5558.0104041677905
3198.0	46	5557.52634619468
3199.0	40	5557.042074474001
3200.0	43	5556.557589179397
3201.0	55	5556.07289048441
3202.0	56	5555.587978562522
3203.0	61	5555.102853587087
3204.0	70	5554.6175157314065
3205.0	50	5554.131965168677
3206.0	56	5553.646202072034
3207.0	56	5553.160226614502
3208.0	45	5552.674038969026
3209.0	60	5552.187639308476
3210.0	49	5551.701027805638
3211.0	63	5551.2142046331865
3212.0	45	5550.727169963739
3213.0	63	5550.2399239698225
3214.0	50	5549.752466823871
3215.0	58	5549.264798698225
3216.0	48	5548.776919765168
3217.0	49	5548.288830196868
3218.0	41	5547.800530165444
3219.0	54	5547.312019842877
3220.0	48	5546.823299401114
3221.0	56	5546.334369011987
3222.0	55	5545.845228847266
3223.0	45	5545.355879078617
3224.0	51	5544.866319877609
3225.0	48	5544.376551415774
3226.0	47	5543.886573864505
3227.0	43	5543.396387395144
3228.0	56	5542.90599217895
3229.0	53	5542.415388387063
3230.0	52	5541.924576190579
3231.0	53	5541.433555760485
3232.0	59	5540.9423272676895
3233.0	57	5540.450890883027
3234.0	51	5539.959246777221
3235.0	53	5539.467395120948
3236.0	46	5538.975336084759
3237.0	60	5538.483069839149
3238.0	51	5537.990596554524
3239.0	39	5537.497916401209
3240.0	63	5537.005029549412
3241.0	52	5536.511936169313
3242.0	51	5536.018636430959
3243.0	49	5535.525130504341
3244.0	55	5535.031418559344
3245.0	60	5534.537500765796
3246.0	48	5534.043377293413
3247.0	43	5533.549048311853
3248.0	57	5533.054513990661
3249.0	53	5532.559774499329
3250.0	59	5532.064830007237
3251.0	43	5531.5696806837095
3252.0	39	5531.074326697952
3253.0	41	5530.578768219123
3254.0	45	5530.083005416276
3255.0	56	5529.587038458384
3256.0	46	5529.090867514338
3257.0	55	5528.594492752932
3258.0	58	5528.097914342908
3259.0	48	5527.601132452891
3260.0	57	5527.104147251446
3261.0	49	5526.606958907042
3262.0	58	5526.109567588059
3263.0	64	5525.611973462818
3264.0	58	5525.114176699533
3265.0	56	5524.616177466332
3266.0	46	5524.117975931288
3267.0	52	5523.619572262359
3268.0	51	5523.12096662744
3269.0	44	5522.622159194339
3270.0	54	5522.123150130758
3271.0	48	5521.623939604359
3272.0	49	5521.124527782688
3273.0	68	5520.624914833219
3274.0	59	5520.125100923338
3275.0	62	5519.625086220347
3276.0	53	5519.124870891481
3277.0	60	5518.624455103874
3278.0	38	5518.123839024584
3279.0	56	5517.623022820582
3280.0	57	5517.122006658757
3281.0	53	5516.620790705928
3282.0	58	5516.1193751288065
3283.0	56	5515.617760094046
3284.0	57	5515.115945768209
3285.0	41	5514.613932317758
3286.0	46	5514.111719909104
3287.0	50	5513.6093087085455
3288.0	46	5513.106698882331
3289.0	54	5512.603890596592
3290.0	54	5512.100884017381
3291.0	42	5511.597679310709
3292.0	66	5511.094276642458
3293.0	45	5510.590676178453
3294.0	46	5510.086878084421
3295.0	42	5509.582882526009
3296.0	55	5509.078689668804
3297.0	45	5508.574299678285
3298.0	58	5508.069712719849
3299.0	58	5507.564928958838
3300.0	50	5507.0599485604625
3301.0	57	5506.554771689922
3302.0	52	5506.04939851226
3303.0	61	5505.543829192489
3304.0	44	5505.038063895511
3305.0	53	5504.532102786168
3306.0	46	5504.025946029198
3307.0	54	5503.519593789275
3308.0	44	5503.013046230975
3309.0	48	5502.5063035188205
3310.0	55	5501.999365817201
3311.0	58	5501.49223329048
3312.0	45	5500.984906102906
3313.0	63	5500.477384418656
3314.0	57	5499.969668401826
3315.0	47	5499.461758216423
3316.0	46	5498.953654026381
3317.0	51	5498.445355995557
3318.0	47	5497.936864287712
3319.0	32	5497.428179066524
3320.0	50	5496.919300495606
3321.0	47	5496.410228738481
3322.0	61	5495.900963958593
3323.0	53	5495.391506319288
3324.0	57	5494.881855983865
3325.0	47	5494.372013115511
3326.0	56	5493.861977877344
3327.0	47	5493.351750432398
3328.0	48	5492.841330943627
3329.0	49	5492.330719573897
3330.0	55	5491.819916486018
3331.0	40	5491.3089218426785
3332.0	57	5490.797735806524
3333.0	49	5490.286358540095
3334.0	62	5489.774790205862
3335.0	58	5489.263030966217
3336.0	67	5488.75108098345
3337.0	56	5488.2389404198
3338.0	53	5487.726609437399
3339.0	50	5487.214088198312
3340.0	50	5486.70137686452
3341.0	64	5486.188475597933
3342.0	50	5485.675384560365
3343.0	53	5485.162103913564
3344.0	44	5484.648633819175
3345.0	47	5484.1349744387835
3346.0	65	5483.621125933892
3347.0	48	5483.1070884659
3348.0	52	5482.592862196168
3349.0	54	5482.078447285931
3350.0	61	5481.563843896386
3351.0	46	5481.049052188611
3352.0	60	5480.534072323624
3353.0	49	5480.018904462364
3354.0	46	5479.503548765678
3355.0	64	5478.988005394363
3356.0	52	5478.4722745090785
3357.0	45	5477.95635627046
3358.0	58	5477.440250839035
3359.0	50	5476.923958375243
3360.0	50	5476.407479039494
3361.0	47	5475.890812992037
3362.0	57	5475.373960393111
3363.0	54	5474.856921402847
3364.0	44	5474.339696181289
3365.0	58	5473.822284888408
3366.0	52	5473.304687684109
3367.0	42	5472.7869047281965
3368.0	47	5472.268936180411
3369.0	53	5471.750782200387
3370.0	51	5471.232442947723
3371.0	51	5470.713918581903
3372.0	61	5470.195209262327
3373.0	60	5469.676315148357
3374.0	51	5469.157236399224
3375.0	52	5468.637973174106
3376.0	49	5468.118525632114
3377.0	56	5467.598893932247
3378.0	44	5467.079078233446
3379.0	45	5466.559078694579
3380.0	45	5466.038895474398
3381.0	50	5465.5185287316335
3382.0	49	5464.997978624886
3383.0	50	5464.4772453126825
3384.0	48	5463.956328953513
3385.0	50	5463.4352297057385
3386.0	56	5462.913947727665
3387.0	54	5462.39248317751
3388.0	43	5461.870836213428
3389.0	53	5461.349006993465
3390.0	45	5460.826995675627
3391.0	45	5460.304802417803
3392.0	54	5459.78242737783
3393.0	48	5459.259870713456
3394.0	49	5458.737132582332
3395.0	55	5458.214213142064
3396.0	57	5457.691112550164
3397.0	58	5457.167830964057
3398.0	61	5456.644368541103
3399.0	51	5456.120725438568
3400.0	32	5455.596901813656
3401.0	46	5455.072897823476
3402.0	62	5454.5487136250695
3403.0	63	5454.0243493754
3404.0	59	5453.4998052313385
3405.0	53	5452.9750813496885
3406.0	48	5452.450177887192
3407.0	62	5451.925095000464
3408.0	57	5451.3998328460975
3409.0	47	5450.874391580561
3410.0	44	5450.348771360276
3411.0	63	5449.822972341573
3412.0	48	5449.296994680704
3413.0	57	5448.770838533829
3414.0	50	5448.244504057061
3415.0	59	5447.71799140643
3416.0	61	5447.191300737837
3417.0	53	5446.664432207175
3418.0	50	5446.137385970209
3419.0	45	5445.6101621826565
3420.0	51	5445.08276100014
3421.0	55	5444.555182578204
3422.0	52	5444.027427072329
3423.0	55	5443.499494637906
3424.0	62	5442.971385430243
3425.0	53	5442.443099604578
3426.0	57	5441.914637316068
3427.0	55	5441.385998719795
3428.0	54	5440.857183970773
3429.0	59	5440.328193223917
3430.0	48	5439.799026634072
3431.0	62	5439.269684356024
3432.0	50	5438.740166544436
3433.0	57	5438.210473353957
3434.0	70	5437.680604939096
3435.0	47	5437.150561454326
3436.0	46	5436.620343054035
3437.0	55	5436.089949892505
3438.0	50	5435.559382123977
3439.0	65	5435.0286399025945
3440.0	54	5434.497723382435
3441.0	50	5433.966632717497
3442.0	50	5433.435368061683
3443.0	64	5432.9039295688335
3444.0	45	5432.37231739273
3445.0	59	5431.840531687035
3446.0	63	5431.308572605364
3447.0	61	5430.776440301248
3448.0	55	5430.244134928138
3449.0	61	5429.711656639415
3450.0	46	5429.179005588377
3451.0	50	5428.646181928237
3452.0	48	5428.113185812144
3453.0	47	5427.580017393174
3454.0	56	5427.04667682431
3455.0	63	5426.5131642584665
3456.0	52	5425.979479848482
3457.0	52	5425.4456237471095
3458.0	53	5424.911596107043
3459.0	60	5424.3773970808825
3460.0	56	5423.843026821147
3461.0	57	5423.3084854803155
3462.0	56	5422.773773210731
3463.0	52	5422.238890164717
3464.0	43	5421.703836494488
3465.0	53	5421.168612352186
3466.0	50	5420.633217889902
3467.0	46	5420.097653259587
3468.0	49	5419.561918613185
3469.0	46	5419.026014102543
3470.0	32	5418.489939879407
3471.0	45	5417.953696095464
3472.0	55	5417.41728290233
3473.0	54	5416.88070045154
3474.0	61	5416.343948894561
3475.0	72	5415.807028382748
3476.0	50	5415.269939067423
3477.0	57	5414.7326810998175
3478.0	53	5414.195254631076
3479.0	51	5413.65765981228
3480.0	49	5413.1198967944265
3481.0	45	5412.581965728433
3482.0	49	5412.043866765158
3483.0	58	5411.50560005538
3484.0	56	5410.967165749771
3485.0	56	5410.428563998975
3486.0	51	5409.889794953521
3487.0	48	5409.3508587638835
3488.0	49	5408.811755580454
3489.0	57	5408.272485553541
3490.0	65	5407.733048833391
3491.0	47	5407.193445570176
3492.0	56	5406.653675913973
3493.0	57	5406.113740014804
3494.0	59	5405.573638022588
3495.0	45	5405.033370087212
3496.0	54	5404.492936358456
3497.0	49	5403.952336986016
3498.0	39	5403.411572119537
3499.0	55	5402.870641908582
3500.0	52	5402.329546502626
3501.0	61	5401.788286051086
3502.0	43	5401.246860703296
3503.0	58	5400.705270608499
3504.0	61	5400.163515915896
3505.0	49	5399.621596774576
3506.0	59	5399.079513333576
3507.0	37	5398.537265741862
3508.0	62	5397.99485414831
3509.0	65	5397.452278701729
3510.0	59	5396.909539550831
3511.0	56	5396.366636844288
3512.0	51	5395.823570730688
3513.0	54	5395.280341358513
3514.0	47	5394.736948876212
3515.0	50	5394.193393432132
3516.0	49	5393.649675174552
3517.0	48	5393.105794251688
3518.0	49	5392.561750811653
3519.0	37	5392.017545002521
3520.0	67	5391.473176972255
3521.0	56	5390.9286468687715
3522.0	48	5390.383954839902
3523.0	45	5389.839101033401
3524.0	46	5389.294085596937
3525.0	68	5388.748908678132
3526.0	36	5388.203570424522
3527.0	49	5387.658070983551
3528.0	50	5387.112410502604
3529.0	60	5386.566589128995
3530.0	47	5386.020607009948
3531.0	58	5385.474464292643
3532.0	57	5384.92816112414
3533.0	48	5384.3816976514545
3534.0	54	5383.835074021543
3535.0	54	5383.288290381233
3536.0	51	5382.741346877339
3537.0	49	5382.1942436565605
3538.0	45	5381.646980865543
3539.0	43	5381.0995586508425
3540.0	53	5380.551977158951
3541.0	45	5380.004236536282
3542.0	57	5379.456336929191
3543.0	69	5378.908278483936
3544.0	65	5378.3600613467015
3545.0	53	5377.811685663618
3546.0	51	5377.263151580727
3547.0	56	5376.714459244008
3548.0	49	5376.165608799337
3549.0	45	5375.616600392557
3550.0	57	5375.067434169407
3551.0	46	5374.518110275567
3552.0	58	5373.968628856645
3553.0	59	5373.41899005815
3554.0	66	5372.869194025546
3555.0	57	5372.319240904217
3556.0	62	5371.769130839471
3557.0	58	5371.2188639765345
3558.0	68	5370.668440460568
3559.0	49	5370.117860436652
3560.0	62	5369.567124049812
3561.0	36	5369.016231444969
3562.0	55	5368.465182767002
3563.0	44	5367.913978160691
3564.0	39	5367.362617770771
3565.0	37	5366.81110174186
3566.0	47	5366.259430218546
3567.0	50	5365.7076033453295
3568.0	41	5365.155621266632
3569.0	50	5364.603484126789
3570.0	50	5364.051192070099
3571.0	57	5363.498745240753
3572.0	53	5362.946143782898
3573.0	49	5362.393387840562
3574.0	54	5361.840477557766
3575.0	43	5361.287413078392
3576.0	46	5360.7341945462895
3577.0	52	5360.180822105238
3578.0	61	5359.627295898898
3579.0	44	5359.073616070918
3580.0	49	5358.519782764826
3581.0	38	5357.96579612411
3582.0	57	5357.411656292162
3583.0	57	5356.857363412303
3584.0	57	5356.3029176278105
3585.0	48	5355.74831908185
3586.0	63	5355.193567917525
3587.0	55	5354.6386642778725
3588.0	50	5354.083608305869
3589.0	40	5353.528400144392
3590.0	56	5352.973039936287
3591.0	55	5352.417527824259
3592.0	55	5351.861863951007
3593.0	52	5351.30604845913
3594.0	60	5350.750081491161
3595.0	61	5350.193963189527
3596.0	57	5349.637693696643
3597.0	48	5349.0812731547985
3598.0	46	5348.524701706242
3599.0	56	5347.9679794931435
3600.0	44	5347.411106657582
3601.0	49	5346.854083341593
3602.0	42	5346.296909687114
3603.0	48	5345.739585836023
3604.0	62	5345.182111930133
3605.0	57	5344.624488111167
3606.0	46	5344.066714520789
3607.0	49	5343.5087913005855
3608.0	54	5342.9507185920775
3609.0	46	5342.392496536697
3610.0	50	5341.834125275825
3611.0	53	5341.275604950754
3612.0	54	5340.71693570272
3613.0	50	5340.15811767286
3614.0	47	5339.599151002282
3615.0	54	5339.040035831986
3616.0	48	5338.480772302902
3617.0	52	5337.921360555914
3618.0	62	5337.361800731816
3619.0	57	5336.80209297133
3620.0	43	5336.242237415107
3621.0	38	5335.682234203726
3622.0	61	5335.122083477699
3623.0	52	5334.561785377465
3624.0	48	5334.001340043389
3625.0	50	5333.440747615763
3626.0	57	5332.880008234808
3627.0	53	5332.319122040676
3628.0	53	5331.758089173465
3629.0	46	5331.196909773151
3630.0	41	5330.635583979692
3631.0	46	5330.074111932949
3632.0	58	5329.512493772727
3633.0	61	5328.9507296387255
3634.0	63	5328.388819670611
3635.0	68	5327.826764007968
3636.0	53	5327.264562790288
3637.0	55	5326.702216157032
3638.0	48	5326.139724247549
3639.0	41	5325.577087201125
3640.0	51	5325.014305157013
3641.0	67	5324.451378254348
3642.0	43	5323.888306632214
3643.0	51	5323.325090429624
3644.0	63	5322.761729785511
3645.0	65	5322.1982248387685
3646.0	46	5321.634575728157
3647.0	60	5321.070782592428
3648.0	51	5320.506845570236
3649.0	53	5319.942764800168
3650.0	59	5319.378540420732
3651.0	54	5318.814172570361
3652.0	43	5318.249661387451
3653.0	55	5317.685007010302
3654.0	47	5317.120209577123
3655.0	59	5316.5552692260835
3656.0	49	5315.990186095289
3657.0	64	5315.4249603227545
3658.0	49	5314.859592046427
3659.0	53	5314.294081404175
3660.0	43	5313.72842853381
3661.0	39	5313.162633573068
3662.0	48	5312.596696659632
3663.0	48	5312.030617931082
3664.0	50	5311.464397524952
3665.0	60	5310.898035578689
3666.0	52	5310.331532229684
3667.0	45	5309.764887615262
3668.0	52	5309.19810187265
3669.0	54	5308.631175139038
3670.0	44	5308.064107551525
3671.0	57	5307.496899247134
3672.0	71	5306.929550362838
3673.0	50	5306.362061035538
3674.0	55	5305.794431402047
3675.0	59	5305.226661599126
3676.0	50	5304.658751763449
3677.0	43	5304.090702031641
3678.0	39	5303.522512540234
3679.0	53	5302.954183425712
3680.0	54	5302.385714824476
3681.0	44	5301.817106872856
3682.0	67	5301.248359707123
3683.0	52	5300.679473463467
3684.0	61	5300.110448278006
3685.0	46	5299.5412842868045
3686.0	40	5298.971981625833
3687.0	59	5298.402540431027
3688.0	43	5297.832960838221
3689.0	41	5297.263242983195
3690.0	47	5296.693387001635
3691.0	60	5296.123393029207
3692.0	56	5295.553261201465
3693.0	29	5294.982991653898
3694.0	46	5294.412584521949
3695.0	57	5293.842039940964
3696.0	55	5293.271358046244
3697.0	53	5292.700538972999
3698.0	47	5292.129582856379
3699.0	55	5291.55848983148
3700.0	57	5290.987260033295
3701.0	59	5290.415893596765
3702.0	55	5289.844390656777
3703.0	44	5289.27275134812
3704.0	64	5288.700975805548
3705.0	53	5288.129064163711
3706.0	45	5287.5570165572035
3707.0	60	5286.98483312056
3708.0	55	5286.412513988246
3709.0	41	5285.840059294627
3710.0	51	5285.267469174044
3711.0	59	5284.694743760741
3712.0	52	5284.121883188894
3713.0	55	5283.548887592632
3714.0	53	5282.975757105976
3715.0	60	5282.402491862911
3716.0	54	5281.8290919973515
3717.0	47	5281.255557643127
3718.0	53	5280.681888934008
3719.0	46	5280.108086003692
3720.0	50	5279.534148985815
3721.0	52	5278.960078013932
3722.0	56	5278.385873221556
3723.0	68	5277.811534742078
3724.0	56	5277.23706270888
3725.0	57	5276.662457255245
3726.0	61	5276.08771851439
3727.0	46	5275.512846619464
3728.0	50	5274.937841703556
3729.0	45	5274.362703899665
3730.0	51	5273.787433340763
3731.0	53	5273.212030159696
3732.0	56	5272.6364944892985
3733.0	54	5272.060826462293
3734.0	48	5271.485026211356
3735.0	67	5270.9090938691
3736.0	45	5270.333029568045
3737.0	57	5269.756833440674
3738.0	68	5269.180505619377
3739.0	36	5268.604046236469
3740.0	39	5268.02745542425
3741.0	42	5267.450733314888
3742.0	57	5266.8738800405
3743.0	52	5266.296895733173
3744.0	57	5265.7197805248825
3745.0	55	5265.142534547543
3746.0	65	5264.565157933026
3747.0	48	5263.987650813101
3748.0	48	5263.410013319506
3749.0	42	5262.832245583866
3750.0	50	5262.254347737781
3751.0	53	5261.676319912765
3752.0	45	5261.0981622402605
3753.0	42	5260.519874851644
3754.0	54	5259.941457878238
3755.0	51	5259.3629114512705
3756.0	47	5258.784235701925
3757.0	47	5258.205430761318
3758.0	58	5257.626496760477
3759.0	46	5257.047433830384
3760.0	50	5256.468242101944
3761.0	41	5255.888921705987
3762.0	43	5255.309472773289
3763.0	42	5254.7298954345515
3764.0	43	5254.150189820417
3765.0	54	5253.570356061455
3766.0	49	5252.99039428815
3767.0	46	5252.410304630948
3768.0	57	5251.830087220221
3769.0	57	5251.249742186251
3770.0	51	5250.669269659267
3771.0	52	5250.088669769453
3772.0	55	5249.5079426469
3773.0	52	5248.927088421636
3774.0	48	5248.346107223617
3775.0	43	5247.764999182743
3776.0	44	5247.183764428852
3777.0	50	5246.602403091681
3778.0	46	5246.020915300951
3779.0	46	5245.439301186273
3780.0	62	5244.8575608772135
3781.0	42	5244.275694503267
3782.0	56	5243.693702193861
3783.0	62	5243.111584078337
3784.0	53	5242.52934028601
3785.0	54	5241.946970946092
3786.0	44	5241.364476187764
3787.0	47	5240.781856140082
3788.0	47	5240.199110932095
3789.0	46	5239.616240692763
3790.0	64	5239.0332455509815
3791.0	55	5238.45012563555
3792.0	42	5237.866881075258
3793.0	49	5237.283511998774
3794.0	50	5236.700018534741
3795.0	70	5236.1164008116975
3796.0	54	5235.532658958148
3797.0	56	5234.9487931025205
3798.0	44	5234.364803373183
3799.0	52	5233.780689898411
3800.0	51	5233.1964528064345
3801.0	33	5232.6120922254195
3802.0	56	5232.0276082834525
3803.0	70	5231.4430011085615
3804.0	45	5230.858270828721
3805.0	44	5230.273417571811
3806.0	53	5229.688441465669
3807.0	54	5229.103342638035
3808.0	61	5228.518121216645
3809.0	71	5227.932777329094
3810.0	43	5227.347311102962
3811.0	45	5226.76172266575
3812.0	40	5226.176012144871
3813.0	43	5225.590179667714
3814.0	57	5225.004225361567
3815.0	47	5224.41814935366
3816.0	58	5223.831951771169
3817.0	54	5223.245632741186
3818.0	49	5222.65919239075
3819.0	61	5222.072630846836
3820.0	53	5221.485948236352
3821.0	57	5220.899144686121
3822.0	56	5220.312220322927
3823.0	50	5219.725175273467
3824.0	50	5219.138009664398
3825.0	58	5218.550723622279
3826.0	48	5217.96331727363
3827.0	59	5217.375790744884
3828.0	45	5216.788144162438
3829.0	61	5216.200377652585
3830.0	49	5215.612491341573
3831.0	50	5215.024485355595
3832.0	56	5214.436359820768
3833.0	51	5213.848114863143
3834.0	55	5213.2597506086895
3835.0	50	5212.671267183336
3836.0	51	5212.082664712948
3837.0	51	5211.493943323294
3838.0	43	5210.905103140113
3839.0	50	5210.316144289054
3840.0	44	5209.727066895721
3841.0	50	5209.137871085627
3842.0	54	5208.548556984246
3843.0	63	5207.959124716971
3844.0	49	5207.369574409136
3845.0	50	5206.779906185999
3846.0	47	5206.190120172774
3847.0	56	5205.60021649459
3848.0	54	5205.010195276532
3849.0	50	5204.420056643587
3850.0	62	5203.829800720706
3851.0	44	5203.2394276327705
3852.0	49	5202.648937504592
3853.0	52	5202.058330460901
3854.0	44	5201.467606626402
3855.0	46	5200.876766125693
3856.0	42	5200.285809083341
3857.0	49	5199.694735623825
3858.0	43	5199.103545871568
3859.0	47	5198.512239950931
3860.0	52	5197.920817986206
3861.0	51	5197.3292801016205
3862.0	40	5196.737626421339
3863.0	56	5196.145857069457
3864.0	51	5195.553972170018
3865.0	52	5194.961971846982
3866.0	49	5194.369856224256
3867.0	57	5193.777625425699
3868.0	56	5193.185279575058
3869.0	45	5192.592818796056
3870.0	47	5192.000243212344
3871.0	50	5191.40755294752
3872.0	43	5190.8147481250735
3873.0	51	5190.2218288684735
3874.0	66	5189.628795301111
3875.0	46	5189.035647546304
3876.0	55	5188.4423857273205
3877.0	53	5187.849009967351
3878.0	47	5187.2555203895445
3879.0	51	5186.661917116953
3880.0	45	5186.068200272582
3881.0	57	5185.474369979381
3882.0	51	5184.880426360215
3883.0	57	5184.286369537901
3884.0	54	5183.6921996352
3885.0	44	5183.097916774778
3886.0	39	5182.503521079266
3887.0	68	5181.9090126712
3888.0	52	5181.314391673107
3889.0	38	5180.719658207379
3890.0	56	5180.124812396409
3891.0	47	5179.529854362476
3892.0	50	5178.934784227832
3893.0	58	5178.339602114631
3894.0	55	5177.744308145019
3895.0	61	5177.148902440991
3896.0	66	5176.553385124571
3897.0	59	5175.957756317657
3898.0	59	5175.362016142096
3899.0	46	5174.766164719696
3900.0	57	5174.170202172176
3901.0	67	5173.574128621198
3902.0	61	5172.977944188364
3903.0	57	5172.381648995206
3904.0	58	5171.785243163205
3905.0	54	5171.188726813765
3906.0	58	5170.592100068223
3907.0	51	5169.995363047875
3908.0	63	5169.398515873941
3909.0	45	5168.80155866756
3910.0	55	5168.204491549844
3911.0	47	5167.607314641804
3912.0	55	5167.010028064419
3913.0	50	5166.412631938577
3914.0	56	5165.815126385136
3915.0	72	5165.217511524855
3916.0	53	5164.619787478454
3917.0	56	5164.021954366591
3918.0	51	5163.42401230983
3919.0	56	5162.82596142871
3920.0	48	5162.227801843693
3921.0	60	5161.6295336751755
3922.0	49	5161.031157043482
3923.0	51	5160.432672068883
3924.0	61	5159.834078871604
3925.0	56	5159.235377571772
3926.0	53	5158.636568289475
3927.0	34	5158.03765114474
3928.0	47	5157.4386262575135
3929.0	46	5156.839493747691
3930.0	47	5156.240253735105
3931.0	53	5155.64090633953
3932.0	50	5155.041451680662
3933.0	55	5154.441889878145
3934.0	48	5153.842221051574
3935.0	55	5153.242445320438
3936.0	45	5152.6425628042125
3937.0	52	5152.042573622283
3938.0	51	5151.442477893982
3939.0	66	5150.842275738574
3940.0	55	5150.241967275266
3941.0	61	5149.6415526231995
3942.0	47	5149.041031901444
3943.0	54	5148.440405229031
3944.0	55	5147.839672724909
3945.0	56	5147.238834507965
3946.0	51	5146.637890697037
3947.0	57	5146.0368414108925
3948.0	42	5145.435686768233
3949.0	42	5144.834426887697
3950.0	60	5144.233061887864
3951.0	52	5143.63159188728
3952.0	50	5143.030017004358
3953.0	54	5142.428337357517
3954.0	61	5141.826553065088
3955.0	48	5141.224664245336
3956.0	42	5140.622671016468
3957.0	58	5140.0205734966385
3958.0	61	5139.4183718039185
3959.0	56	5138.816066056335
3960.0	56	5138.21365637185
3961.0	43	5137.611142868359
3962.0	55	5137.0085256636885
3963.0	60	5136.405804875626
3964.0	55	5135.802980621883
3965.0	59	5135.200053020098
3966.0	54	5134.597022187865
3967.0	45	5133.993888242717
3968.0	53	5133.390651302097
3969.0	54	5132.787311483432
3970.0	52	5132.183868904051
3971.0	52	5131.580323681248
3972.0	49	5130.976675932212
3973.0	51	5130.372925774126
3974.0	59	5129.769073324066
3975.0	46	5129.165118699071
3976.0	45	5128.561062016114
3977.0	38	5127.9569033921125
3978.0	58	5127.3526429439025
3979.0	47	5126.74828078827
3980.0	59	5126.143817041947
3981.0	51	5125.539251821593
3982.0	47	5124.934585243815
3983.0	49	5124.329817425145
3984.0	49	5123.72494848207
3985.0	53	5123.119978531004
3986.0	46	5122.514907688308
3987.0	44	5121.909736070292
3988.0	53	5121.304463793154
3989.0	46	5120.699090973102
3990.0	54	5120.093617726236
3991.0	52	5119.488044168589
3992.0	46	5118.882370416177
3993.0	63	5118.27659658491
3994.0	63	5117.67072279068
3995.0	53	5117.064749149262
3996.0	52	5116.458675776425
3997.0	57	5115.852502787844
3998.0	40	5115.246230299146
3999.0	57	5114.639858425883
4000.0	48	5114.033387283576
4001.0	50	5113.426816987644
4002.0	55	5112.820147653483
4003.0	48	5112.213379396414
4004.0	50	5111.606512331669
4005.0	46	5110.999546574474
4006.0	58	5110.392482239941
4007.0	50	5109.785319443179
4008.0	54	5109.178058299182
4009.0	63	5108.570698922891
4010.0	62	5107.96324142923
4011.0	45	5107.355685933015
4012.0	55	5106.748032549013
4013.0	60	5106.14028139195
4014.0	52	5105.532432576468
4015.0	50	5104.924486217152
4016.0	53	5104.316442428551
4017.0	50	5103.708301325127
4018.0	57	5103.100063021274
4019.0	63	5102.491727631362
4020.0	52	5101.883295269684
4021.0	57	5101.274766050435
4022.0	48	5100.666140087808
4023.0	45	5100.0574174959065
4024.0	59	5099.448598388784
4025.0	48	5098.83968288041
4026.0	55	5098.23067108472
4027.0	56	5097.62156311559
4028.0	46	5097.012359086807
4029.0	60	5096.40305911213
4030.0	53	5095.793663305246
4031.0	54	5095.184171779774
4032.0	51	5094.574584649285
4033.0	48	5093.964902027287
4034.0	52	5093.355124027209
4035.0	50	5092.745250762461
4036.0	55	5092.135282346346
4037.0	56	5091.525218892148
4038.0	50	5090.915060513059
4039.0	54	5090.304807322228
4040.0	51	5089.694459432752
4041.0	53	5089.084016957639
4042.0	49	5088.473480009865
4043.0	63	5087.8628487023425
4044.0	65	5087.252123147908
4045.0	45	5086.6413034593415
4046.0	52	5086.030389749392
4047.0	42	5085.419382130718
4048.0	48	5084.80828071591
4049.0	64	5084.197085617535
4050.0	49	5083.585796948088
4051.0	37	5082.974414819976
4052.0	44	5082.362939345582
4053.0	50	5081.751370637213
4054.0	50	5081.139708807119
4055.0	52	5080.52795396749
4056.0	52	5079.916106230459
4057.0	48	5079.304165708093
4058.0	54	5078.692132512414
4059.0	50	5078.080006755371
4060.0	42	5077.4677885488545
4061.0	49	5076.855478004697
4062.0	44	5076.2430752346745
4063.0	58	5075.630580350509
4064.0	57	5075.0179934638545
4065.0	44	5074.405314686292
4066.0	57	5073.792544129392
4067.0	42	5073.1796819046085
4068.0	53	5072.56672812337
4069.0	54	5071.953682897039
4070.0	58	5071.340546336912
4071.0	54	5070.727318554227
4072.0	57	5070.113999660172
4073.0	52	5069.500589765872
4074.0	66	5068.887088982392
4075.0	49	5068.273497420741
4076.0	38	5067.659815191864
4077.0	59	5067.046042406649
4078.0	56	5066.432179175919
4079.0	44	5065.818225610454
4080.0	57	5065.2041818209755
4081.0	56	5064.590047918112
4082.0	39	5063.975824012465
4083.0	64	5063.361510214584
4084.0	47	5062.747106634931
4085.0	57	5062.132613383924
4086.0	64	5061.51803057193
4087.0	54	5060.903358309251
4088.0	53	5060.288596706117
4089.0	51	5059.673745872721
4090.0	45	5059.058805919187
4091.0	53	5058.443776955577
4092.0	50	5057.8286590919015
4093.0	44	5057.213452438106
4094.0	47	5056.598157104087
4095.0	51	5055.982773199666
4096.0	59	5055.367300834628
4097.0	56	5054.751740118684
4098.0	48	5054.136091161491
4099.0	48	5053.520354072634
4100.0	46	5052.9045289616815
4101.0	49	5052.288615938099
4102.0	44	5051.6726151113
4103.0	58	5051.05652659067
4104.0	42	5050.440350485502
4105.0	48	5049.824086905042
4106.0	58	5049.207735958491
4107.0	54	5048.59129775498
4108.0	58	5047.9747724035715
4109.0	41	5047.3581600133
4110.0	50	5046.741460693115
4111.0	50	5046.124674551915
4112.0	43	5045.5078016985335
4113.0	49	5044.890842241775
4114.0	57	5044.2737962903475
4115.0	51	5043.656663952927
4116.0	53	5043.039445338123
4117.0	47	5042.422140554477
4118.0	45	5041.804749710498
4119.0	63	5041.187272914617
4120.0	60	5040.569710275209
4121.0	47	5039.952061900607
4122.0	53	5039.334327899056
4123.0	62	5038.716508378782
4124.0	52	5038.098603447902
4125.0	50	5037.480613214534
4126.0	42	5036.8625377866965
4127.0	45	5036.244377272367
4128.0	53	5035.626131779462
4129.0	61	5035.007801415837
4130.0	62	5034.389386289303
4131.0	51	5033.770886507598
4132.0	57	5033.1523021784005
4133.0	61	5032.533633409353
4134.0	60	5031.914880308019
4135.0	48	5031.296042981914
4136.0	51	5030.677121538502
4137.0	64	5030.0581160851725
4138.0	47	5029.439026729263
4139.0	59	5028.819853578063
4140.0	49	5028.200596738807
4141.0	54	5027.581256318655
4142.0	43	5026.9618324247285
4143.0	60	5026.342325164075
4144.0	63	5025.722734643703
4145.0	55	5025.103060970527
4146.0	51	5024.483304251455
4147.0	44	5023.863464593308
4148.0	68	5023.243542102849
4149.0	46	5022.623536886803
4150.0	57	5022.003449051806
4151.0	49	5021.383278704469
4152.0	52	5020.763025951338
4153.0	43	5020.14269089889
4154.0	51	5019.5222736535425
4155.0	49	5018.9017743216755
4156.0	49	5018.281193009597
4157.0	52	5017.660529823575
4158.0	47	5017.039784869791
4159.0	51	5016.4189582544
4160.0	46	5015.798050083488
4161.0	42	5015.177060463073
4162.0	58	5014.555989499137
4163.0	49	5013.934837297589
4164.0	52	5013.313603964286
4165.0	64	5012.692289605033
4166.0	35	5012.070894325591
4167.0	53	5011.449418231614
4168.0	52	5010.827861428758
4169.0	55	5010.206224022596
4170.0	55	5009.584506118639
4171.0	55	5008.962707822352
4172.0	60	5008.34082923914
4173.0	60	5007.718870474355
4174.0	65	5007.096831633282
4175.0	65	5006.474712821157
4176.0	44	5005.852514143176
4177.0	53	5005.230235704441
4178.0	43	5004.607877610031
4179.0	57	5003.985439964957
4180.0	42	5003.362922874158
4181.0	54	5002.740326442535
4182.0	54	5002.117650774944
4183.0	43	5001.49489597617
4184.0	55	5000.872062150925
4185.0	55	5000.249149403891
4186.0	57	4999.626157839682
4187.0	41	4999.0030875628545
4188.0	51	4998.3799386779265
4189.0	46	4997.756711289334
4190.0	54	4997.13340550147
4191.0	54	4996.510021418673
4192.0	53	4995.886559145218
4193.0	50	4995.263018785331
4194.0	67	4994.639400443184
4195.0	48	4994.015704222872
4196.0	63	4993.391930228475
4197.0	56	4992.7680785639795
4198.0	39	4992.144149333328
4199.0	62	4991.52014264041
4200.0	57	4990.896058589062
4201.0	54	4990.271897283051
4202.0	42	4989.647658826103
4203.0	47	4989.023343321888
4204.0	57	4988.398950874006
4205.0	58	4987.774481586012
4206.0	55	4987.149935561413
4207.0	66	4986.525312903634
4208.0	46	4985.9006137160695
4209.0	57	4985.275838102055
4210.0	54	4984.650986164855
4211.0	54	4984.026058007692
4212.0	43	4983.401053733733
4213.0	45	4982.7759734460915
4214.0	68	4982.1508172478025
4215.0	55	4981.525585241882
4216.0	56	4980.900277531265
4217.0	48	4980.274894218829
4218.0	55	4979.649435407414
4219.0	57	4979.023901199808
4220.0	66	4978.398291698696
4221.0	57	4977.772607006763
4222.0	56	4977.146847226622
4223.0	49	4976.521012460829
4224.0	48	4975.895102811867
4225.0	46	4975.2691183821935
4226.0	50	4974.643059274202
4227.0	70	4974.016925590197
4228.0	46	4973.390717432486
4229.0	52	4972.764434903279
4230.0	42	4972.1380781047465
4231.0	57	4971.511647138994
4232.0	60	4970.885142108091
4233.0	55	4970.25856311404
4234.0	63	4969.6319102587695
4235.0	67	4969.005183644192
4236.0	52	4968.378383372132
4237.0	33	4967.751509544379
4238.0	46	4967.12456226266
4239.0	54	4966.497541628647
4240.0	47	4965.870447743948
4241.0	49	4965.243280710132
4242.0	55	4964.616040628721
4243.0	53	4963.988727601154
4244.0	54	4963.36134172883
4245.0	50	4962.733883113082
4246.0	53	4962.106351855225
4247.0	65	4961.478748056472
4248.0	46	4960.851071818014
4249.0	61	4960.223323240965
4250.0	55	4959.595502426396
4251.0	46	4958.967609475336
4252.0	51	4958.33964448873
4253.0	54	4957.7116075675
4254.0	53	4957.0834988124825
4255.0	52	4956.455318324476
4256.0	51	4955.827066204233
4257.0	42	4955.198742552428
4258.0	58	4954.570347469713
4259.0	60	4953.941881056653
4260.0	54	4953.313343413773
4261.0	33	4952.684734641553
4262.0	63	4952.056054840398
4263.0	44	4951.4273041106835
4264.0	50	4950.798482552701
4265.0	54	4950.169590266709
4266.0	51	4949.5406273529115
4267.0	54	4948.911593911448
4268.0	51	4948.282490042412
4269.0	49	4947.653315845841
4270.0	53	4947.024071421707
4271.0	59	4946.394756869955
4272.0	39	4945.765372290442
4273.0	38	4945.135917782991
4274.0	55	4944.506393447372
4275.0	45	4943.876799383296
4276.0	62	4943.247135690425
4277.0	48	4942.617402468352
4278.0	54	4941.987599816627
4279.0	57	4941.357727834759
4280.0	45	4940.727786622183
4281.0	50	4940.097776278266
4282.0	48	4939.467696902376
4283.0	60	4938.837548593765
4284.0	47	4938.207331451678
4285.0	54	4937.577045575277
4286.0	41	4936.946691063686
4287.0	64	4936.316268015958
4288.0	46	4935.68577653112
4289.0	59	4935.05521670812
4290.0	50	4934.424588645862
4291.0	43	4933.7938924432
4292.0	47	4933.163128198925
4293.0	65	4932.532296011776
4294.0	49	4931.901395980449
4295.0	50	4931.270428203578
4296.0	51	4930.639392779747
4297.0	51	4930.008289807474
4298.0	58	4929.377119385243
4299.0	49	4928.745881611481
4300.0	54	4928.114576584543
4301.0	49	4927.483204402751
4302.0	49	4926.851765164354
4303.0	49	4926.220258967576
4304.0	62	4925.588685910553
4305.0	51	4924.957046091398
4306.0	45	4924.3253396081745
4307.0	64	4923.693566558833
4308.0	48	4923.061727041354
4309.0	50	4922.429821153604
4310.0	42	4921.797848993431
4311.0	46	4921.165810658602
4312.0	42	4920.533706246847
4313.0	46	4919.901535855861
4314.0	52	4919.269299583237
4315.0	52	4918.636997526557
4316.0	60	4918.004629783345
4317.0	72	4917.372196451038
4318.0	53	4916.739697627071
4319.0	53	4916.107133408793
4320.0	40	4915.474503893506
4321.0	55	4914.841809178454
4322.0	52	4914.209049360846
4323.0	48	4913.576224537805
4324.0	47	4912.943334806443
4325.0	48	4912.310380263794
4326.0	49	4911.677361006843
4327.0	48	4911.0442771325215
4328.0	39	4910.411128737703
4329.0	56	4909.777915919235
4330.0	54	4909.144638773867
4331.0	40	4908.511297398335
4332.0	47	4907.877891889305
4333.0	49	4907.2444223433995
4334.0	57	4906.61088885717
4335.0	48	4905.977291527141
4336.0	56	4905.34363044975
4337.0	59	4904.709905721423
4338.0	49	4904.0761174385
4339.0	57	4903.442265697301
4340.0	50	4902.808350594058
4341.0	64	4902.17437222496
4342.0	35	4901.540330686172
4343.0	57	4900.906226073762
4344.0	63	4900.272058483782
4345.0	44	4899.637828012209
4346.0	56	4899.003534754986
4347.0	40	4898.369178807985
4348.0	59	4897.734760267031
4349.0	42	4897.100279227923
4350.0	52	4896.465735786358
4351.0	46	4895.831130038027
4352.0	56	4895.19646207854
4353.0	65	4894.5617320034635
4354.0	53	4893.926939908311
4355.0	54	4893.292085888549
4356.0	53	4892.657170039602
4357.0	57	4892.022192456799
4358.0	47	4891.387153235464
4359.0	63	4890.752052470847
4360.0	54	4890.116890258151
4361.0	47	4889.4816666925335
4362.0	55	4888.846381869081
4363.0	48	4888.211035882848
4364.0	57	4887.575628828819
4365.0	54	4886.940160801937
4366.0	40	4886.3046318971
4367.0	48	4885.669042209147
4368.0	56	4885.0333918328515
4369.0	47	4884.397680862976
4370.0	55	4883.761909394161
4371.0	48	4883.126077521068
4372.0	56	4882.490185338275
4373.0	55	4881.854232940287
4374.0	60	4881.218220421595
4375.0	65	4880.582147876624
4376.0	45	4879.9460153997425
4377.0	51	4879.309823085278
4378.0	49	4878.67357102748
4379.0	43	4878.037259320588
4380.0	61	4877.4008880587535
4381.0	43	4876.7644573360885
4382.0	45	4876.127967246668
4383.0	58	4875.491417884491
4384.0	47	4874.854809343519
4385.0	62	4874.2181417176635
4386.0	49	4873.581415100773
4387.0	49	4872.944629586659
4388.0	65	4872.3077852690785
4389.0	60	4871.6708822417195
4390.0	64	4871.033920598233
4391.0	47	4870.396900432232
4392.0	48	4869.759821837263
4393.0	45	4869.122684906806
4394.0	49	4868.485489734315
4395.0	67	4867.848236413183
4396.0	47	4867.210925036762
4397.0	52	4866.573555698323
4398.0	50	4865.9361284911265
4399.0	58	4865.298643508351
4400.0	55	4864.661100843131
4401.0	55	4864.023500588557
4402.0	57	4863.385842837664
4403.0	52	4862.748127683444
4404.0	40	4862.110355218816
4405.0	54	4861.472525536663
4406.0	43	4860.834638729825
4407.0	55	4860.196694891077
4408.0	57	4859.558694113151
4409.0	54	4858.920636488722
4410.0	50	4858.282522110421
4411.0	49	4857.644351070819
4412.0	53	4857.00612346244
4413.0	56	4856.367839377763
4414.0	47	4855.729498909205
4415.0	47	4855.091102149159
4416.0	58	4854.452649189914
4417.0	45	4853.814140123768
4418.0	47	4853.1755750429265
4419.0	54	4852.53695403957
4420.0	51	4851.898277205809
4421.0	44	4851.259544633711
4422.0	49	4850.620756415296
4423.0	40	4849.981912642529
4424.0	43	4849.3430134073315
4425.0	56	4848.704058801568
4426.0	60	4848.065048917044
4427.0	72	4847.425983845536
4428.0	44	4846.78686367874
4429.0	53	4846.1476885083475
4430.0	49	4845.5084584259475
4431.0	58	4844.869173523108
4432.0	47	4844.229833891346
4433.0	52	4843.590439622125
4434.0	50	4842.950990806835
4435.0	62	4842.31148753687
4436.0	50	4841.671929903521
4437.0	59	4841.032317998035
4438.0	54	4840.392651911647
4439.0	53	4839.7529317355
4440.0	55	4839.113157560712
4441.0	46	4838.473329478333
4442.0	63	4837.83344757938
4443.0	49	4837.1935119548
4444.0	43	4836.553522695516
4445.0	56	4835.913479892381
4446.0	53	4835.27338363619
4447.0	44	4834.633234017713
4448.0	48	4833.993031127659
4449.0	61	4833.352775056672
4450.0	54	4832.712465895382
4451.0	64	4832.07210373433
4452.0	46	4831.431688664018
4453.0	52	4830.791220774916
4454.0	50	4830.1507001574355
4455.0	60	4829.510126901915
4456.0	34	4828.869501098677
4457.0	57	4828.22882283797
4458.0	47	4827.588092210015
4459.0	59	4826.94730930495
4460.0	60	4826.306474212904
4461.0	36	4825.665587023916
4462.0	46	4825.024647828011
4463.0	47	4824.383656715132
4464.0	61	4823.7426137752
4465.0	53	4823.1015190980725
4466.0	59	4822.460372773556
4467.0	50	4821.819174891407
4468.0	33	4821.177925541345
4469.0	52	4820.536624813027
4470.0	58	4819.895272796052
4471.0	64	4819.253869579993
4472.0	51	4818.612415254365
4473.0	43	4817.970909908618
4474.0	54	4817.329353632174
4475.0	54	4816.687746514399
4476.0	48	4816.046088644586
4477.0	56	4815.404380112022
4478.0	56	4814.762621005911
4479.0	45	4814.120811415419
4480.0	70	4813.478951429673
4481.0	50	4812.837041137722
4482.0	43	4812.195080628592
4483.0	58	4811.553069991249
4484.0	46	4810.9110093146055
4485.0	51	4810.268898687551
4486.0	55	4809.626738198878
4487.0	39	4808.984527937376
4488.0	50	4808.342267991769
4489.0	47	4807.699958450704
4490.0	41	4807.057599402834
4491.0	59	4806.415190936713
4492.0	47	4805.7727331408805
4493.0	51	4805.13022610379
4494.0	59	4804.487669913898
4495.0	51	4803.845064659567
4496.0	50	4803.202410429113
4497.0	54	4802.55970731083
4498.0	52	4801.916955392948
4499.0	49	4801.274154763647
4500.0	46	4800.631305511049
4501.0	54	4799.988407723259
4502.0	61	4799.345461488282
4503.0	55	4798.702466894132
4504.0	58	4798.059424028726
4505.0	64	4797.416332979976
4506.0	48	4796.773193835689
4507.0	45	4796.130006683683
4508.0	50	4795.486771611677
4509.0	61	4794.843488707375
4510.0	49	4794.20015805843
4511.0	64	4793.5567797524145
4512.0	47	4792.913353876894
4513.0	56	4792.269880519365
4514.0	55	4791.626359767256
4515.0	56	4790.982791708
4516.0	40	4790.339176428921
4517.0	55	4789.69551401734
4518.0	66	4789.051804560502
4519.0	54	4788.408048145617
4520.0	45	4787.76424485984
4521.0	46	4787.120394790274
4522.0	51	4786.476498023996
4523.0	61	4785.832554648007
4524.0	58	4785.188564749278
4525.0	42	4784.544528414704
4526.0	61	4783.900445731168
4527.0	59	4783.256316785501
4528.0	66	4782.612141664448
4529.0	56	4781.967920454745
4530.0	54	4781.323653243065
4531.0	55	4780.6793401160285
4532.0	45	4780.0349811602155
4533.0	44	4779.390576462146
4534.0	47	4778.746126108307
4535.0	48	4778.101630185137
4536.0	39	4777.457088779009
4537.0	55	4776.812501976261
4538.0	49	4776.167869863198
4539.0	57	4775.523192526028
4540.0	54	4774.8784700509705
4541.0	55	4774.233702524155
4542.0	53	4773.588890031672
4543.0	51	4772.9440326595795
4544.0	49	4772.299130493869
4545.0	61	4771.6541836205
4546.0	42	4771.009192125368
4547.0	59	4770.364156094328
4548.0	57	4769.719075613203
4549.0	38	4769.073950767729
4550.0	50	4768.428781643624
4551.0	37	4767.783568326563
4552.0	57	4767.138310902151
4553.0	56	4766.493009455958
4554.0	55	4765.847664073514
4555.0	46	4765.2022748402605
4556.0	59	4764.556841841667
4557.0	56	4763.91136516307
4558.0	43	4763.265844889831
4559.0	49	4762.620281107204
4560.0	54	4761.974673900437
4561.0	53	4761.329023354718
4562.0	45	4760.683329555177
4563.0	58	4760.0375925869
4564.0	50	4759.3918125349455
4565.0	37	4758.745989484309
4566.0	63	4758.100123519923
4567.0	48	4757.454214726704
4568.0	50	4756.808263189482
4569.0	48	4756.162268993092
4570.0	54	4755.516232222278
4571.0	55	4754.87015296175
4572.0	46	4754.224031296162
4573.0	55	4753.577867310141
4574.0	51	4752.931661088261
4575.0	53	4752.285412715017
4576.0	50	4751.639122274912
4577.0	63	4750.992789852365
4578.0	42	4750.346415531742
4579.0	51	4749.699999397389
4580.0	62	4749.05354153358
4581.0	59	4748.407042024559
4582.0	49	4747.760500954516
4583.0	54	4747.113918407582
4584.0	69	4746.467294467879
4585.0	65	4745.820629219416
4586.0	40	4745.173922746233
4587.0	44	4744.527175132255
4588.0	55	4743.880386461411
4589.0	53	4743.233556817547
4590.0	39	4742.586686284476
4591.0	47	4741.9397749459795
4592.0	55	4741.292822885753
4593.0	44	4740.645830187487
4594.0	49	4739.998796934795
4595.0	59	4739.351723211257
4596.0	51	4738.704609100409
4597.0	39	4738.057454685738
4598.0	61	4737.410260050675
4599.0	41	4736.763025278604
4600.0	44	4736.115750452873
4601.0	52	4735.468435656786
4602.0	44	4734.82108097359
4603.0	45	4734.173686486482
4604.0	56	4733.526252278619
4605.0	59	4732.878778433114
4606.0	59	4732.231265033038
4607.0	43	4731.583712161385
4608.0	45	4730.9361199011555
4609.0	51	4730.288488335239
4610.0	51	4729.640817546532
4611.0	43	4728.993107617863
4612.0	38	4728.345358632006
4613.0	63	4727.697570671697
4614.0	50	4727.049743819636
4615.0	50	4726.4018781584655
4616.0	42	4725.75397377078
4617.0	52	4725.106030739127
4618.0	53	4724.458049146002
4619.0	43	4723.810029073891
4620.0	58	4723.16197060517
4621.0	41	4722.513873822227
4622.0	57	4721.865738807357
4623.0	40	4721.217565642859
4624.0	49	4720.569354410943
4625.0	56	4719.921105193785
4626.0	55	4719.272818073537
4627.0	47	4718.62449313226
4628.0	49	4717.976130452018
4629.0	42	4717.327730114784
4630.0	44	4716.679292202516
4631.0	49	4716.03081679711
4632.0	60	4715.382303980433
4633.0	48	4714.7337538342845
4634.0	52	4714.085166440435
4635.0	57	4713.436541880583
4636.0	57	4712.787880236417
4637.0	56	4712.139181589564
4638.0	43	4711.490446021591
4639.0	52	4710.841673614036
4640.0	54	4710.192864448385
4641.0	41	4709.544018606073
4642.0	45	4708.89513616851
4643.0	60	4708.24621721702
4644.0	53	4707.597261832931
4645.0	61	4706.948270097482
4646.0	53	4706.299242091894
4647.0	40	4705.650177897332
4648.0	53	4705.001077594904
4649.0	56	4704.351941265701
4650.0	58	4703.7027689907245
4651.0	38	4703.0535608509845
4652.0	48	4702.4043169274
4653.0	52	4701.755037300865
4654.0	59	4701.10572205223
4655.0	42	4700.456371262287
4656.0	60	4699.806985011781
4657.0	55	4699.157563381435
4658.0	65	4698.508106451896
4659.0	58	4697.858614303791
4660.0	46	4697.209087017695
4661.0	59	4696.5595246741195
4662.0	44	4695.909927353549
4663.0	53	4695.260295136407
4664.0	54	4694.6106281031125
4665.0	54	4693.9609263339635
4666.0	49	4693.311189909301
4667.0	65	4692.661418909352
4668.0	47	4692.011613414329
4669.0	45	4691.361773504379
4670.0	57	4690.7118992596415
4671.0	65	4690.061990760167
4672.0	58	4689.412048085995
4673.0	45	4688.762071317083
4674.0	58	4688.112060533389
4675.0	62	4687.462015814788
4676.0	53	4686.811937241129
4677.0	51	4686.1618248922105
4678.0	53	4685.511678847782
4679.0	39	4684.861499187548
4680.0	40	4684.2112859911695
4681.0	52	4683.561039338281
4682.0	45	4682.910759308427
4683.0	57	4682.26044598116
4684.0	54	4681.610099435948
4685.0	48	4680.95971975223
4686.0	51	4680.3093070094
4687.0	73	4679.658861286802
4688.0	48	4679.008382663736
4689.0	56	4678.357871219459
4690.0	50	4677.70732703319
4691.0	46	4677.056750184081
4692.0	51	4676.406140751263
4693.0	61	4675.755498813815
4694.0	56	4675.1048244507565
4695.0	58	4674.45411774109
4696.0	38	4673.803378763747
4697.0	60	4673.152607597627
4698.0	50	4672.501804321567
4699.0	45	4671.850969014398
4700.0	60	4671.200101754874
4701.0	52	4670.549202621712
4702.0	50	4669.898271693582
4703.0	60	4669.247309049111
4704.0	41	4668.596314766883
4705.0	49	4667.9452889254435
4706.0	55	4667.294231603282
4707.0	59	4666.64314287885
4708.0	41	4665.992022830545
4709.0	37	4665.340871536726
4710.0	50	4664.689689075716
4711.0	37	4664.038475525784
4712.0	60	4663.38723096516
4713.0	58	4662.735955472017
4714.0	45	4662.084649124495
4715.0	44	4661.433312000686
4716.0	46	4660.781944178637
4717.0	51	4660.130545736365
4718.0	39	4659.479116751813
4719.0	57	4658.827657302893
4720.0	58	4658.176167467495
4721.0	42	4657.524647323435
4722.0	38	4656.873096948479
4723.0	44	4656.22151642039
4724.0	55	4655.569905816842
4725.0	44	4654.918265215491
4726.0	61	4654.266594693941
4727.0	54	4653.614894329752
4728.0	49	4652.963164200436
4729.0	48	4652.311404383472
4730.0	52	4651.659614956282
4731.0	40	4651.007795996244
4732.0	45	4650.355947580709
4733.0	49	4649.704069786968
4734.0	57	4649.052162692261
4735.0	54	4648.400226373804
4736.0	46	4647.748260908761
4737.0	56	4647.096266374245
4738.0	56	4646.444242847337
4739.0	44	4645.792190405061
4740.0	45	4645.140109124407
4741.0	47	4644.487999082307
4742.0	44	4643.8358603556735
4743.0	56	4643.183693021356
4744.0	54	4642.531497156159
4745.0	59	4641.87927283686
4746.0	52	4641.2270201401625
4747.0	58	4640.574739142769
4748.0	49	4639.922429921296
4749.0	60	4639.270092552342
4750.0	54	4638.61772711246
4751.0	57	4637.965333678139
4752.0	58	4637.312912325846
4753.0	56	4636.660463131998
4754.0	52	4636.0079861729655
4755.0	48	4635.355481525078
4756.0	48	4634.702949264626
4757.0	38	4634.050389467833
4758.0	57	4633.397802210908
4759.0	49	4632.745187570004
4760.0	56	4632.092545621231
4761.0	50	4631.439876440663
4762.0	52	4630.787180104305
4763.0	53	4630.134456688138
4764.0	50	4629.481706268115
4765.0	52	4628.828928920122
4766.0	47	4628.176124719999
4767.0	48	4627.523293743553
4768.0	40	4626.870436066553
4769.0	50	4626.217551764719
4770.0	65	4625.564640913712
4771.0	57	4624.911703589166
4772.0	53	4624.258739866679
4773.0	51	4623.605749821788
4774.0	55	4622.952733530003
4775.0	46	4622.2996910667725
4776.0	56	4621.646622507504
4777.0	50	4620.993527927595
4778.0	57	4620.34040740234
4779.0	46	4619.687261007053
4780.0	52	4619.034088816964
4781.0	40	4618.380890907261
4782.0	62	4617.727667353122
4783.0	53	4617.0744182296285
4784.0	51	4616.421143611886
4785.0	47	4615.767843574886
4786.0	55	4615.114518193634
4787.0	58	4614.461167543056
4788.0	43	4613.8077916980565
4789.0	53	4613.15439073348
4790.0	55	4612.500964724152
4791.0	54	4611.847513744817
4792.0	51	4611.194037870218
4793.0	44	4610.540537175031
4794.0	60	4609.8870117338965
4795.0	61	4609.233461621397
4796.0	52	4608.579886912097
4797.0	45	4607.926287680517
4798.0	45	4607.272664001092
4799.0	43	4606.619015948273
4800.0	52	4605.965343596424
4801.0	58	4605.311647019897
4802.0	43	4604.657926292972
4803.0	41	4604.004181489913
4804.0	43	4603.350412684933
4805.0	62	4602.696619952175
4806.0	73	4602.0428033657945
4807.0	57	4601.388962999856
4808.0	51	4600.735098928394
4809.0	63	4600.081211225413
4810.0	61	4599.427299964871
4811.0	49	4598.773365220665
4812.0	57	4598.119407066668
4813.0	50	4597.465425576713
4814.0	34	4596.8114208245715
4815.0	49	4596.157392884001
4816.0	58	4595.5033418286675
4817.0	43	4594.84926773227
4818.0	45	4594.195170668386
4819.0	50	4593.541050710591
4820.0	43	4592.886907932427
4821.0	42	4592.23274240737
4822.0	62	4591.578554208855
4823.0	50	4590.924343410294
4824.0	61	4590.270110085045
4825.0	67	4589.615854306429
4826.0	54	4588.9615761477
4827.0	49	4588.307275682107
4828.0	55	4587.652952982828
4829.0	49	4586.99860812301
4830.0	61	4586.344241175769
4831.0	49	4585.689852214155
4832.0	61	4585.0354413111845
4833.0	49	4584.381008539842
4834.0	48	4583.726553973066
4835.0	52	4583.072077683741
4836.0	44	4582.417579744725
4837.0	44	4581.763060228829
4838.0	62	4581.108519208804
4839.0	41	4580.453956757389
4840.0	48	4579.799372947263
4841.0	44	4579.144767851056
4842.0	46	4578.490141541377
4843.0	60	4577.835494090782
4844.0	51	4577.180825571788
4845.0	50	4576.526136056859
4846.0	50	4575.871425618425
4847.0	48	4575.216694328882
4848.0	43	4574.561942260572
4849.0	45	4573.907169485791
4850.0	43	4573.252376076816
4851.0	48	4572.597562105859
4852.0	60	4571.9427276450915
4853.0	47	4571.2878727666775
4854.0	42	4570.6329975426825
4855.0	50	4569.978102045172
4856.0	42	4569.323186346158
4857.0	50	4568.668250517605
4858.0	61	4568.013294631444
4859.0	47	4567.358318759561
4860.0	61	4566.703322973804
4861.0	40	4566.048307345969
4862.0	47	4565.39327194782
4863.0	56	4564.7382168510785
4864.0	50	4564.083142127421
4865.0	48	4563.428047848481
4866.0	55	4562.772934085857
4867.0	51	4562.117800911102
4868.0	61	4561.4626483957145
4869.0	57	4560.807476611189
4870.0	53	4560.152285628931
4871.0	40	4559.4970755203385
4872.0	46	4558.841846356746
4873.0	56	4558.186598209475
4874.0	42	4557.531331149768
4875.0	59	4556.876045248872
4876.0	58	4556.220740577944
4877.0	38	4555.5654172081195
4878.0	60	4554.910075210512
4879.0	51	4554.25471465616
4880.0	61	4553.599335616095
4881.0	57	4552.943938161285
4882.0	59	4552.288522362643
4883.0	55	4551.633088291086
4884.0	45	4550.977636017442
4885.0	54	4550.322165612535
4886.0	57	4549.666677147118
4887.0	42	4549.011170691917
4888.0	45	4548.355646317625
4889.0	52	4547.700104094873
4890.0	55	4547.04454409428
4891.0	41	4546.388966386387
4892.0	51	4545.733371041728
4893.0	62	4545.077758130775
4894.0	48	4544.422127723958
4895.0	45	4543.766479891685
4896.0	50	4543.110814704307
4897.0	48	4542.455132232137
4898.0	59	4541.799432545447
4899.0	45	4541.143715714473
4900.0	48	4540.487981809402
4901.0	52	4539.832230900377
4902.0	63	4539.176463057519
4903.0	44	4538.520678350904
4904.0	62	4537.864876850534
4905.0	46	4537.209058626405
4906.0	43	4536.553223748483
4907.0	54	4535.897372286648
4908.0	50	4535.241504310772
4909.0	39	4534.585619890679
4910.0	66	4533.929719096149
4911.0	49	4533.273801996921
4912.0	48	4532.617868662701
4913.0	54	4531.961919163157
4914.0	50	4531.305953567885
4915.0	46	4530.649971946485
4916.0	53	4529.993974368494
4917.0	43	4529.3379609033855
4918.0	50	4528.681931620651
4919.0	52	4528.0258865896785
4920.0	55	4527.369825879853
4921.0	38	4526.713749560515
4922.0	42	4526.057657700948
4923.0	48	4525.401550370413
4924.0	42	4524.745427638122
4925.0	53	4524.089289573243
4926.0	46	4523.433136244913
4927.0	51	4522.776967722226
4928.0	65	4522.120784074229
4929.0	57	4521.464585369936
4930.0	46	4520.808371678302
4931.0	48	4520.152143068282
4932.0	48	4519.495899608746
4933.0	63	4518.839641368557
4934.0	55	4518.183368416517
4935.0	47	4517.5270808213845
4936.0	56	4516.87077865191
4937.0	57	4516.214461976753
4938.0	49	4515.55813086459
4939.0	45	4514.901785384004
4940.0	51	4514.24542560359
4941.0	49	4513.589051591848
4942.0	39	4512.932663417273
4943.0	43	4512.276261148313
4944.0	47	4511.619844853378
4945.0	51	4510.963414600833
4946.0	52	4510.306970458997
4947.0	57	4509.6505124961595
4948.0	54	4508.994040780566
4949.0	47	4508.33755538043
4950.0	58	4507.681056363902
4951.0	51	4507.024543799121
4952.0	51	4506.368017754163
4953.0	55	4505.711478297087
4954.0	44	4505.054925495879
4955.0	53	4504.39835941852
4956.0	48	4503.74178013293
4957.0	46	4503.0851877069945
4958.0	48	4502.428582208556
4959.0	46	4501.77196370544
4960.0	58	4501.115332265381
4961.0	43	4500.458687956124
4962.0	44	4499.8020308453515
4963.0	63	4499.145361000722
4964.0	50	4498.488678489817
4965.0	52	4497.831983380221
4966.0	56	4497.1752757394615
4967.0	49	4496.518555635025
4968.0	53	4495.861823134348
4969.0	52	4495.205078304845
4970.0	59	4494.548321213891
4971.0	55	4493.891551928811
4972.0	74	4493.234770516884
4973.0	42	4492.577977045371
4974.0	53	4491.921171581471
4975.0	64	4491.264354192369
4976.0	60	4490.607524945182
4977.0	53	4489.950683906998
4978.0	56	4489.293831144887
4979.0	56	4488.6369667258505
4980.0	46	4487.980090716846
4981.0	49	4487.323203184829
4982.0	57	4486.66630419668
4983.0	58	4486.009393819257
4984.0	58	4485.3524721193635
4985.0	56	4484.695539163786
4986.0	56	4484.038595019275
4987.0	41	4483.3816397524915
4988.0	54	4482.724673430104
4989.0	47	4482.067696118751
4990.0	62	4481.410707884987
4991.0	40	4480.753708795354
4992.0	55	4480.096698916366
4993.0	49	4479.439678314457
4994.0	56	4478.782647056072
4995.0	52	4478.125605207578
4996.0	44	4477.468552835329
4997.0	52	4476.811490005612
4998.0	38	4476.1544167847005
4999.0	48	4475.497333238826
5000.0	54	4474.840239434165
5001.0	42	4474.183135436861
5002.0	54	4473.526021313022
5003.0	60	4472.868897128728
5004.0	60	4472.211762949991
5005.0	60	4471.554618842807
5006.0	50	4470.8974648731355
5007.0	50	4470.240301106876
5008.0	54	4469.583127609907
5009.0	35	4468.925944448062
5010.0	48	4468.268751687133
5011.0	52	4467.61154939288
5012.0	52	4466.954337631015
5013.0	41	4466.297116467221
5014.0	60	4465.639885967133
5015.0	61	4464.982646196351
5016.0	58	4464.32539722044
5017.0	46	4463.668139104915
5018.0	62	4463.0108719152595
5019.0	51	4462.353595716928
5020.0	48	4461.696310575325
5021.0	45	4461.039016555805
5022.0	58	4460.381713723708
5023.0	46	4459.724402144316
5024.0	52	4459.067081882879
5025.0	47	4458.409753004614
5026.0	58	4457.7524155747005
5027.0	60	4457.095069658265
5028.0	60	4456.437715320392
5029.0	46	4455.780352626158
5030.0	45	4455.122981640575
5031.0	44	4454.46560242862
5032.0	57	4453.808215055229
5033.0	50	4453.15081958532
5034.0	47	4452.493416083746
5035.0	51	4451.836004615328
5036.0	42	4451.178585244873
5037.0	63	4450.521158037108
5038.0	47	4449.86372305676
5039.0	53	4449.206280368485
5040.0	53	4448.54883003693
5041.0	50	4447.891372126673
5042.0	67	4447.233906702288
5043.0	55	4446.576433828279
5044.0	51	4445.9189535691285
5045.0	50	4445.261465989285
5046.0	62	4444.603971153157
5047.0	63	4443.946469125083
5048.0	51	4443.2889599694045
5049.0	48	4442.631443750418
5050.0	62	4441.973920532352
5051.0	43	4441.316390379439
5052.0	57	4440.658853355835
5053.0	56	4440.001309525688
5054.0	55	4439.343758953083
5055.0	56	4438.686201702077
5056.0	53	4438.028637836706
5057.0	61	4437.3710674209415
5058.0	51	4436.713490518722
5059.0	44	4436.055907193965
5060.0	42	4435.398317510524
5061.0	48	4434.740721532231
5062.0	42	4434.083119322887
5063.0	44	4433.425510946247
5064.0	56	4432.767896466008
5065.0	59	4432.110275945865
5066.0	63	4431.452649449444
5067.0	48	4430.795017040355
5068.0	50	4430.137378782162
5069.0	57	4429.479734738377
5070.0	47	4428.8220849724985
5071.0	42	4428.164429547977
5072.0	48	4427.5067685282165
5073.0	44	4426.849101976592
5074.0	43	4426.191429956443
5075.0	53	4425.5337525310615
5076.0	67	4424.876069763718
5077.0	48	4424.218381717626
5078.0	46	4423.560688455961
5079.0	55	4422.902990041884
5080.0	58	4422.245286538502
5081.0	52	4421.587578008882
5082.0	52	4420.929864516056
5083.0	47	4420.272146123025
5084.0	43	4419.614422892736
5085.0	55	4418.956694888116
5086.0	48	4418.298962172056
5087.0	62	4417.641224807382
5088.0	47	4416.983482856908
5089.0	63	4416.3257363834155
5090.0	41	4415.667985449624
5091.0	42	4415.010230118228
5092.0	61	4414.352470451886
5093.0	52	4413.694706513215
5094.0	40	4413.036938364805
5095.0	50	4412.379166069195
5096.0	63	4411.721389688878
5097.0	42	4411.063609286349
5098.0	53	4410.40582492402
5099.0	43	4409.748036664291
5100.0	54	4409.090244569524
5101.0	44	4408.432448702023
5102.0	47	4407.774649124094
5103.0	37	4407.116845897954
5104.0	44	4406.4590390858275
5105.0	55	4405.801228749882
5106.0	57	4405.143414952246
5107.0	47	4404.485597755013
5108.0	63	4403.82777722026
5109.0	62	4403.169953409974
5110.0	42	4402.512126386161
5111.0	46	4401.8542962107595
5112.0	57	4401.196462945691
5113.0	53	4400.5386266528085
5114.0	61	4399.880787393952
5115.0	72	4399.222945230928
5116.0	39	4398.565100225489
5117.0	54	4397.907252439359
5118.0	61	4397.249401934224
5119.0	42	4396.5915487717375
5120.0	40	4395.933693013497
5121.0	53	4395.275834721085
5122.0	46	4394.617973956041
5123.0	56	4393.960110779866
5124.0	56	4393.302245254015
5125.0	60	4392.644377439925
5126.0	58	4391.986507398984
5127.0	44	4391.3286351925335
5128.0	51	4390.670760881898
5129.0	45	4390.012884528357
5130.0	62	4389.355006193147
5131.0	55	4388.697125937474
5132.0	52	4388.039243822512
5133.0	49	4387.381359909381
5134.0	54	4386.7234742591845
5135.0	59	4386.065586932966
5136.0	52	4385.407697991767
5137.0	53	4384.749807496548
5138.0	56	4384.091915508273
5139.0	47	4383.434022087843
5140.0	56	4382.776127296134
5141.0	46	4382.118231193982
5142.0	43	4381.460333842191
5143.0	41	4380.802435301507
5144.0	51	4380.144535632682
5145.0	60	4379.486634896392
5146.0	37	4378.828733153284
5147.0	50	4378.1708304639815
5148.0	50	4377.512926889059
5149.0	38	4376.8550224890705
5150.0	46	4376.197117324513
5151.0	49	4375.539211455859
5152.0	49	4374.881304943541
5153.0	39	4374.223397847954
5154.0	42	4373.565490229473
5155.0	49	4372.907582148398
5156.0	38	4372.249673665026
5157.0	55	4371.591764839616
5158.0	49	4370.933855732376
5159.0	45	4370.275946403481
5160.0	43	4369.6180369130725
5161.0	48	4368.960127321261
5162.0	52	4368.302217688109
5163.0	61	4367.644308073657
5164.0	52	4366.986398537887
5165.0	50	4366.328489140774
5166.0	58	4365.670579942234
5167.0	60	4365.012671002155
5168.0	38	4364.3547623803815
5169.0	63	4363.69685413674
5170.0	44	4363.038946330995
5171.0	54	4362.381039022895
5172.0	51	4361.7231322721545
5173.0	62	4361.065226138419
5174.0	38	4360.407320681348
5175.0	46	4359.749415960527
5176.0	42	4359.09151203551
5177.0	53	4358.433608965833
5178.0	35	4357.775706810976
5179.0	59	4357.117805630401
5180.0	52	4356.459905483516
5181.0	56	4355.802006429701
5182.0	53	4355.144108528303
5183.0	49	4354.486211838635
5184.0	62	4353.8283164199565
5185.0	59	4353.170422331529
5186.0	32	4352.512529632516
5187.0	49	4351.854638382107
5188.0	46	4351.19674863943
5189.0	47	4350.538860463559
5190.0	48	4349.880973913573
5191.0	42	4349.223089048478
5192.0	39	4348.565205927256
5193.0	63	4347.907324608867
5194.0	59	4347.249445152223
5195.0	57	4346.591567616192
5196.0	50	4345.933692059619
5197.0	43	4345.275818541306
5198.0	45	4344.617947120028
5199.0	45	4343.960077854517
5200.0	57	4343.30221080347
5201.0	49	4342.64434602555
5202.0	42	4341.986483579381
5203.0	47	4341.328623523555
5204.0	46	4340.670765916629
5205.0	54	4340.012910817115
5206.0	55	4339.355058283509
5207.0	43	4338.697208374239
5208.0	52	4338.0393611477475
5209.0	52	4337.381516662382
5210.0	53	4336.723674976496
5211.0	61	4336.065836148396
5212.0	62	4335.408000236354
5213.0	47	4334.750167298593
5214.0	51	4334.092337393318
5215.0	47	4333.434510578702
5216.0	57	4332.776686912858
5217.0	51	4332.118866453883
5218.0	49	4331.461049259844
5219.0	45	4330.803235388749
5220.0	68	4330.145424898583
5221.0	46	4329.4876178473
5222.0	57	4328.829814292823
5223.0	46	4328.172014293022
5224.0	52	4327.514217905742
5225.0	57	4326.856425188795
5226.0	46	4326.198636199959
5227.0	50	4325.540850996963
5228.0	56	4324.883069637514
5229.0	65	4324.225292179281
5230.0	54	4323.567518679885
5231.0	48	4322.909749196944
5232.0	40	4322.251983788007
5233.0	43	4321.594222510595
5234.0	52	4320.93646542221
5235.0	48	4320.278712580308
5236.0	51	4319.620964042304
5237.0	52	4318.96321986558
5238.0	58	4318.305480107503
5239.0	37	4317.647744825371
5240.0	47	4316.990014076477
5241.0	43	4316.332287918051
5242.0	62	4315.674566407321
5243.0	46	4315.016849601451
5244.0	63	4314.359137557586
5245.0	53	4313.701430332826
5246.0	40	4313.043727984243
5247.0	40	4312.386030568879
5248.0	41	4311.728338143722
5249.0	55	4311.0706507657505
5250.0	47	4310.412968491871
5251.0	47	4309.755291379004
5252.0	46	4309.097619484004
5253.0	52	4308.439952863684
5254.0	58	4307.7822915748475
5255.0	50	4307.124635674248
5256.0	66	4306.466985218594
5257.0	56	4305.809340264582
5258.0	59	4305.151700868864
5259.0	44	4304.494067088056
5260.0	54	4303.836438978731
5261.0	69	4303.178816597448
5262.0	47	4302.521200000698
5263.0	51	4301.863589244985
5264.0	47	4301.205984386729
5265.0	49	4300.548385482348
5266.0	53	4299.890792588215
5267.0	48	4299.233205760664
5268.0	55	4298.5756250560025
5269.0	46	4297.918050530496
5270.0	55	4297.260482240379
5271.0	62	4296.602920241851
5272.0	54	4295.945364591077
5273.0	47	4295.287815344186
5274.0	52	4294.630272557286
5275.0	62	4293.972736286416
5276.0	51	4293.315206587618
5277.0	50	4292.657683516879
5278.0	60	4292.000167130159
5279.0	50	4291.342657483379
5280.0	53	4290.6851546324315
5281.0	46	4290.0276586331665
5282.0	44	4289.370169541398
5283.0	53	4288.712687412927
5284.0	51	4288.055212303487
5285.0	49	4287.397744268806
5286.0	42	4286.740283364559
5287.0	55	4286.082829646403
5288.0	56	4285.425383169942
5289.0	43	4284.767943990756
5290.0	48	4284.110512164394
5291.0	42	4283.453087746363
5292.0	64	4282.795670792139
5293.0	58	4282.138261357162
5294.0	41	4281.480859496847
5295.0	65	4280.82346526656
5296.0	68	4280.166078721642
5297.0	47	4279.508699917396
5298.0	62	4278.851328909096
5299.0	53	4278.193965751976
5300.0	61	4277.53661050124
5301.0	59	4276.879263212046
5302.0	44	4276.221923939542
5303.0	56	4275.564592738821
5304.0	68	4274.907269664948
5305.0	52	4274.249954772961
5306.0	52	4273.592648117849
5307.0	58	4272.9353497545835
5308.0	51	4272.278059738085
5309.0	35	4271.62077812325
5310.0	55	4270.963504964952
5311.0	37	4270.306240318
5312.0	58	4269.6489842371975
5313.0	50	4268.991736777305
5314.0	49	4268.334497993043
5315.0	49	4267.6772679391115
5316.0	47	4267.020046670163
5317.0	54	4266.362834240815
5318.0	41	4265.705630705667
5319.0	62	4265.048436119267
5320.0	41	4264.391250536138
5321.0	56	4263.734074010776
5322.0	49	4263.076906597623
5323.0	70	4262.419748351111
5324.0	55	4261.762599325619
5325.0	56	4261.105459575508
5326.0	40	4260.448329155083
5327.0	51	4259.791208118642
5328.0	65	4259.13409652044
5329.0	50	4258.476994414679
5330.0	50	4257.819901855563
5331.0	42	4257.162818897234
5332.0	47	4256.505745593792
5333.0	45	4255.848681999344
5334.0	39	4255.1916281679305
5335.0	45	4254.534584153563
5336.0	45	4253.8775500102365
5337.0	53	4253.220525791882
5338.0	48	4252.563511552434
5339.0	44	4251.906507345759
5340.0	56	4251.2495132257145
5341.0	47	4250.5925292461125
5342.0	47	4249.935555460729
5343.0	48	4249.278591923314
5344.0	56	4248.621638687587
5345.0	55	4247.964695807224
5346.0	58	4247.30776333587
5347.0	56	4246.650841327147
5348.0	44	4245.993929834624
5349.0	49	4245.337028911849
5350.0	56	4244.680138612347
5351.0	58	4244.023258989595
5352.0	44	4243.366390097029
5353.0	51	4242.709531988067
5354.0	56	4242.052684716096
5355.0	50	4241.3958483344495
5356.0	36	4240.739022896457
5357.0	46	4240.082208455389
5358.0	49	4239.425405064497
5359.0	49	4238.768612776981
5360.0	50	4238.111831646039
5361.0	39	4237.455061724812
5362.0	56	4236.798303066412
5363.0	42	4236.141555723916
5364.0	55	4235.48481975038
5365.0	48	4234.82809519881
5366.0	68	4234.171382122195
5367.0	56	4233.514680573486
5368.0	48	4232.857990605584
5369.0	49	4232.201312271377
5370.0	65	4231.544645623712
5371.0	61	4230.887990715415
5372.0	50	4230.231347599255
5373.0	50	4229.57471632799
5374.0	53	4228.918096954339
5375.0	50	4228.261489530977
5376.0	57	4227.6048941105555
5377.0	46	4226.948310745691
5378.0	43	4226.291739488981
5379.0	40	4225.635180392962
5380.0	50	4224.978633510163
5381.0	57	4224.322098893064
5382.0	59	4223.665576594118
5383.0	52	4223.009066665746
5384.0	53	4222.3525691603345
5385.0	68	4221.696084130241
5386.0	39	4221.039611627778
5387.0	44	4220.383151705243
5388.0	48	4219.726704414901
5389.0	61	4219.070269808951
5390.0	45	4218.413847939599
5391.0	48	4217.757438858994
5392.0	61	4217.10104261927
5393.0	45	4216.444659272506
5394.0	52	4215.7882888707845
5395.0	50	4215.131931466103
5396.0	46	4214.475587110469
5397.0	55	4213.819255855852
5398.0	40	4213.162937754162
5399.0	53	4212.506632857308
5400.0	37	4211.850341217151
5401.0	62	4211.194062885522
5402.0	48	4210.537797914212
5403.0	43	4209.8815463549945
5404.0	48	4209.225308259598
5405.0	45	4208.569083679718
5406.0	49	4207.912872667031
5407.0	43	4207.256675273169
5408.0	50	4206.600491549733
5409.0	47	4205.9443215483
5410.0	50	4205.288165320396
5411.0	49	4204.632022917535
5412.0	51	4203.975894391181
5413.0	61	4203.319779792784
5414.0	54	4202.66367917375
5415.0	54	4202.007592585444
5416.0	53	4201.351520079219
5417.0	43	4200.695461706388
5418.0	57	4200.039417518219
5419.0	47	4199.3833875659675
5420.0	59	4198.727371900844
5421.0	42	4198.071370574023
5422.0	49	4197.415383636662
5423.0	56	4196.759411139869
5424.0	56	4196.103453134741
5425.0	57	4195.447509672321
5426.0	47	4194.791580803629
5427.0	54	4194.135666579654
5428.0	62	4193.479767051352
5429.0	58	4192.823882269649
5430.0	58	4192.168012285426
5431.0	68	4191.512157149554
5432.0	64	4190.856316912856
5433.0	47	4190.200491626119
5434.0	55	4189.544681340115
5435.0	40	4188.888886105574
5436.0	48	4188.233105973181
5437.0	37	4187.577340993617
5438.0	63	4186.921591217516
5439.0	57	4186.265856695467
5440.0	50	4185.610137478048
5441.0	33	4184.954433615803
5442.0	47	4184.29874515922
5443.0	47	4183.643072158789
5444.0	56	4182.987414664953
5445.0	40	4182.331772728112
5446.0	31	4181.676146398647
5447.0	49	4181.02053572691
5448.0	43	4180.364940763205
5449.0	48	4179.709361557821
5450.0	65	4179.053798161004
5451.0	42	4178.398250622986
5452.0	51	4177.742718993933
5453.0	49	4177.087203324007
5454.0	50	4176.431703663341
5455.0	42	4175.776220062019
5456.0	47	4175.120752570092
5457.0	56	4174.465301237608
5458.0	56	4173.809866114543
5459.0	56	4173.154447250865
5460.0	48	4172.4990446965185
5461.0	53	4171.843658501387
5462.0	51	4171.18828871535
5463.0	44	4170.532935388244
5464.0	55	4169.877598569872
5465.0	46	4169.222278310002
5466.0	48	4168.566974658393
5467.0	57	4167.911687664741
5468.0	37	4167.256417378723
5469.0	43	4166.601163849998
5470.0	55	4165.945927128173
5471.0	42	4165.290707262831
5472.0	49	4164.635504303528
5473.0	48	4163.9803182997875
5474.0	60	4163.325149301095
5475.0	56	4162.669997356909
5476.0	49	4162.014862516656
5477.0	58	4161.359744829731
5478.0	50	4160.704644345501
5479.0	51	4160.049561113288
5480.0	50	4159.394495182395
5481.0	48	4158.739446602102
5482.0	48	4158.084415421643
5483.0	64	4157.429401690211
5484.0	69	4156.774405456994
5485.0	45	4156.119426771132
5486.0	57	4155.4644656817345
5487.0	49	4154.809522237892
5488.0	51	4154.154596488634
5489.0	47	4153.499688482993
5490.0	53	4152.844798269962
5491.0	47	4152.18992589848
5492.0	47	4151.535071417478
5493.0	62	4150.8802348758545
5494.0	36	4150.225416322465
5495.0	56	4149.570615806135
5496.0	61	4148.915833375674
5497.0	47	4148.261069079848
5498.0	57	4147.606322967388
5499.0	46	4146.951595087006
5500.0	57	4146.296885487368
5501.0	53	4145.642194217129
5502.0	44	4144.98752132489
5503.0	57	4144.332866859238
5504.0	46	4143.678230868728
5505.0	50	4143.023613401864
5506.0	56	4142.369014507143
5507.0	51	4141.714434233028
5508.0	53	4141.059872627936
5509.0	56	4140.40532974026
5510.0	59	4139.750805618368
5511.0	65	4139.096300310599
5512.0	49	4138.441813865233
5513.0	55	4137.7873463305705
5514.0	53	4137.132897754821
5515.0	56	4136.4784681862175
5516.0	43	4135.824057672922
5517.0	65	4135.169666263098
5518.0	51	4134.515294004845
5519.0	43	4133.860940946251
5520.0	60	4133.206607135382
5521.0	54	4132.552292620243
5522.0	47	4131.897997448839
5523.0	38	4131.243721669126
5524.0	57	4130.589465329045
5525.0	54	4129.935228476479
5526.0	47	4129.281011159308
5527.0	53	4128.626813425377
5528.0	58	4127.972635322484
5529.0	35	4127.318476898404
5530.0	40	4126.664338200891
5531.0	48	4126.01021927766
5532.0	61	4125.356120176384
5533.0	57	4124.702040944733
5534.0	43	4124.047981630323
5535.0	42	4123.3939422807425
5536.0	58	4122.739922943557
5537.0	42	4122.085923666306
5538.0	59	4121.4319444964885
5539.0	32	4120.777985481562
5540.0	53	4120.124046668977
5541.0	55	4119.470128106133
5542.0	46	4118.816229840421
5543.0	39	4118.162351919187
5544.0	46	4117.5084943897455
5545.0	49	4116.854657299379
5546.0	53	4116.2008406953455
5547.0	41	4115.547044624878
5548.0	38	4114.89326913517
5549.0	64	4114.239514273375
5550.0	69	4113.585780086649
5551.0	47	4112.93206662208
5552.0	44	4112.278373926738
5553.0	54	4111.624702047676
5554.0	51	4110.971051031912
5555.0	47	4110.31742092642
5556.0	54	4109.663811778149
5557.0	46	4109.010223634034
5558.0	68	4108.356656540955
5559.0	51	4107.703110545769
5560.0	56	4107.049585695322
5561.0	36	4106.3960820364055
5562.0	45	4105.742599615784
5563.0	49	4105.089138480219
5564.0	48	4104.4356986764005
5565.0	53	4103.782280251009
5566.0	46	4103.128883250704
5567.0	54	4102.475507722101
5568.0	53	4101.822153711782
5569.0	37	4101.168821266307
5570.0	46	4100.515510432222
5571.0	53	4099.862221256001
5572.0	42	4099.208953784127
5573.0	52	4098.555708063033
5574.0	51	4097.90248413913
5575.0	57	4097.249282058795
5576.0	44	4096.596101868377
5577.0	61	4095.9429436141963
5578.0	51	4095.2898073425276
5579.0	59	4094.6366930996414
5580.0	50	4093.9836009317705
5581.0	55	4093.3305308850954
5582.0	59	4092.6774830057893
5583.0	53	4092.02445734
5584.0	53	4091.371453933829
5585.0	53	4090.7184728333527
5586.0	58	4090.0655140846143
5587.0	43	4089.4125777336526
5588.0	60	4088.759663826419
5589.0	51	4088.1067724089066
5590.0	41	4087.4539035270286
5591.0	53	4086.8010572266867
5592.0	53	4086.1482335537407
5593.0	56	4085.4954325540375
5594.0	41	4084.842654273389
5595.0	56	4084.1898987575687
5596.0	60	4083.537166052327
5597.0	46	4082.884456203377
5598.0	58	4082.2317692564247
5599.0	44	4081.579105257111
5600.0	49	4080.9264642510834
5601.0	38	4080.2738462839275
5602.0	74	4079.6212514012204
5603.0	60	4078.9686796485043
5604.0	60	4078.316131071286
5605.0	58	4077.6636057150545
5606.0	45	4077.011103625262
5607.0	53	4076.358624847315
5608.0	62	4075.706169426618
5609.0	46	4075.053737408544
5610.0	43	4074.4013288384094
5611.0	61	4073.748943761526
5612.0	48	4073.096582223166
5613.0	46	4072.444244268577
5614.0	54	4071.791929942973
5615.0	53	4071.1396392915362
5616.0	46	4070.487372359423
5617.0	51	4069.835129191768
5618.0	57	4069.182909833651
5619.0	49	4068.530714330156
5620.0	50	4067.87854272632
5621.0	47	4067.226395067141
5622.0	43	4066.5742713976056
5623.0	53	4065.92217176267
5624.0	49	4065.2700962072395
5625.0	56	4064.618044776214
5626.0	35	4063.9660175144554
5627.0	41	4063.3140144667937
5628.0	38	4062.66203567803
5629.0	49	4062.010081192946
5630.0	41	4061.3581510562753
5631.0	53	4060.706245312739
5632.0	58	4060.0543640070173
5633.0	38	4059.402507183774
5634.0	42	4058.750674887628
5635.0	50	4058.098867163183
5636.0	39	4057.4470840550052
5637.0	62	4056.7953256076376
5638.0	48	4056.143591865583
5639.0	44	4055.491882873323
5640.0	55	4054.840198675316
5641.0	42	4054.188539315978
5642.0	53	4053.536904839705
5643.0	52	4052.8852952908614
5644.0	55	4052.2337107137823
5645.0	44	4051.5821511527674
5646.0	59	4050.9306166521014
5647.0	49	4050.279107256028
5648.0	49	4049.627623008764
5649.0	50	4048.9761639545063
5650.0	38	4048.3247301374086
5651.0	60	4047.6733216016023
5652.0	48	4047.021938391189
5653.0	63	4046.370580550248
5654.0	44	4045.7192481228135
5655.0	43	4045.0679411529136
5656.0	58	4044.4166596845257
5657.0	42	4043.7654037616003
5658.0	62	4043.1141734280877
5659.0	45	4042.462968727866
5660.0	43	4041.8117897048164
5661.0	67	4041.1606364027734
5662.0	51	4040.509508865554
5663.0	42	4039.858407136948
5664.0	50	4039.207331260696
5665.0	43	4038.5562812805347
5666.0	52	4037.9052572401633
5667.0	45	4037.2542591832434
5668.0	47	4036.6032871534135
5669.0	55	4035.952341194295
5670.0	48	4035.3014213494575
5671.0	47	4034.6505276624553
5672.0	58	4033.9996601768185
5673.0	49	4033.348818936041
5674.0	45	4032.6980039835876
5675.0	59	4032.047215362898
5676.0	46	4031.396453117381
5677.0	55	4030.7457172904215
5678.0	46	4030.095007925367
5679.0	39	4029.4443250655486
5680.0	63	4028.7936687542438
5681.0	58	4028.1430390347305
5682.0	45	4027.4924359502475
5683.0	48	4026.8418595440103
5684.0	61	4026.1913098591754
5685.0	58	4025.5407869389155
5686.0	49	4024.8902908263553
5687.0	56	4024.23982156458
5688.0	54	4023.589379196646
5689.0	55	4022.9389637656077
5690.0	43	4022.28857531447
5691.0	44	4021.63821388621
5692.0	47	4020.987879523778
5693.0	67	4020.337572270108
5694.0	37	4019.687292168079
5695.0	63	4019.0370392605705
5696.0	44	4018.3868135904218
5697.0	59	4017.7366152004247
5698.0	54	4017.086444133379
5699.0	44	4016.43630043203
5700.0	59	4015.786184139113
5701.0	53	4015.136095297299
5702.0	44	4014.486033949281
5703.0	43	4013.836000137682
5704.0	41	4013.185993905123
5705.0	54	4012.5360152941867
5706.0	56	4011.8860643474163
5707.0	52	4011.236141107349
5708.0	51	4010.586245616479
5709.0	43	4009.9363779172763
5710.0	46	4009.2865380521775
5711.0	50	4008.636726063608
5712.0	57	4007.9869419939355
5713.0	65	4007.3371858855317
5714.0	54	4006.687457780714
5715.0	45	4006.0377577217964
5716.0	54	4005.388085751038
5717.0	61	4004.7384419106825
5718.0	45	4004.088826242949
5719.0	46	4003.4392387900266
5720.0	44	4002.789679594077
5721.0	52	4002.1401486972222
5722.0	56	4001.490646141578
5723.0	43	4000.841171969209
5724.0	58	4000.1917262221687
5725.0	46	3999.54230894247
5726.0	51	3998.8929201721153
5727.0	60	3998.2435599530454
5728.0	51	3997.5942283272157
5729.0	49	3996.9449253365397
5730.0	58	3996.295651022863
5731.0	46	3995.646405428071
5732.0	41	3994.9971885939663
5733.0	48	3994.348000562359
5734.0	52	3993.6988413749964
5735.0	49	3993.0497110736337
5736.0	41	3992.400609699977
5737.0	72	3991.7515372957073
5738.0	38	3991.102493902482
5739.0	62	3990.4534795619343
5740.0	54	3989.8044943156556
5741.0	63	3989.15553820522
5742.0	58	3988.50661127217
5743.0	53	3987.8577135580313
5744.0	53	3987.2088451042814
5745.0	44	3986.5600059523795
5746.0	47	3985.9111961437648
5747.0	50	3985.262415719852
5748.0	50	3984.6136647219973
5749.0	61	3983.9649431915595
5750.0	51	3983.3162511698615
5751.0	51	3982.6675886982002
5752.0	47	3982.0189558178395
5753.0	51	3981.3703525700175
5754.0	58	3980.721778995945
5755.0	50	3980.0732351367956
5756.0	52	3979.424721033749
5757.0	41	3978.7762367279106
5758.0	60	3978.1277822603884
5759.0	59	3977.4793576722604
5760.0	41	3976.8309630045646
5761.0	49	3976.1825982983264
5762.0	49	3975.5342635945217
5763.0	52	3974.8859589341296
5764.0	55	3974.2376843580787
5765.0	46	3973.589439907268
5766.0	43	3972.9412256225933
5767.0	50	3972.2930415448964
5768.0	57	3971.6448877149974
5769.0	49	3970.9967641737053
5770.0	51	3970.3486709617796
5771.0	47	3969.7006081199675
5772.0	47	3969.0525756889942
5773.0	51	3968.4045737095284
5774.0	55	3967.7566022222395
5775.0	51	3967.1086612677655
5776.0	66	3966.460750886707
5777.0	49	3965.812871119634
5778.0	49	3965.165022007106
5779.0	50	3964.517203589651
5780.0	68	3963.869415907752
5781.0	49	3963.221659001891
5782.0	56	3962.573932912493
5783.0	42	3961.926237679988
5784.0	44	3961.278573344751
5785.0	46	3960.6309399471506
5786.0	44	3959.983337527513
5787.0	49	3959.3357661261416
5788.0	52	3958.68822578332
5789.0	61	3958.0407165393012
5790.0	61	3957.393238434291
5791.0	53	3956.7457915085006
5792.0	58	3956.0983758021
5793.0	50	3955.450991355219
5794.0	53	3954.803638207984
5795.0	63	3954.156316400474
5796.0	45	3953.5090259727576
5797.0	55	3952.861766964862
5798.0	54	3952.2145394167883
5799.0	45	3951.5673433685274
5800.0	51	3950.9201788600153
5801.0	44	3950.2730459311915
5802.0	57	3949.625944621951
5803.0	48	3948.978874972151
5804.0	59	3948.3318370216566
5805.0	56	3947.6848308102653
5806.0	49	3947.037856377783
5807.0	44	3946.390913763951
5808.0	55	3945.7440030085254
5809.0	44	3945.0971241512084
5810.0	45	3944.4502772316737
5811.0	44	3943.803462289583
5812.0	62	3943.156679364558
5813.0	36	3942.509928496216
5814.0	57	3941.8632097241057
5815.0	50	3941.2165230877963
5816.0	46	3940.5698686268042
5817.0	56	3939.9232463806034
5818.0	45	3939.2766563886876
5819.0	51	3938.63009869047
5820.0	61	3937.9835733253867
5821.0	58	3937.337080332805
5822.0	45	3936.6906197520993
5823.0	59	3936.044191622586
5824.0	55	3935.3977959835815
5825.0	50	3934.7514328743605
5826.0	45	3934.1051023341843
5827.0	45	3933.458804402265
5828.0	55	3932.8125391178064
5829.0	58	3932.16630651998
5830.0	50	3931.520106647925
5831.0	57	3930.8739395407742
5832.0	41	3930.227805237609
5833.0	63	3929.581703777492
5834.0	57	3928.9356351994747
5835.0	39	3928.28959954255
5836.0	35	3927.6435968457226
5837.0	49	3926.997627147933
5838.0	49	3926.351690488126
5839.0	58	3925.7057869052005
5840.0	43	3925.0599164380324
5841.0	67	3924.4140791254804
5842.0	43	3923.76827500637
5843.0	44	3923.1225041194957
5844.0	52	3922.476766503633
5845.0	47	3921.8310621975306
5846.0	50	3921.1853912398956
5847.0	53	3920.5397536694372
5848.0	34	3919.894149524811
5849.0	59	3919.2485788446593
5850.0	63	3918.603041667602
5851.0	43	3917.957538032216
5852.0	44	3917.3120679770727
5853.0	53	3916.666631540693
5854.0	45	3916.021228761597
5855.0	47	3915.3758596782586
5856.0	53	3914.730524329142
5857.0	52	3914.0852227526652
5858.0	43	3913.4399549872332
5859.0	57	3912.794721071225
5860.0	51	3912.1495210429894
5861.0	49	3911.5043549408547
5862.0	46	3910.859222803113
5863.0	48	3910.2141246680294
5864.0	53	3909.569060573853
5865.0	54	3908.9240305588096
5866.0	42	3908.279034661079
5867.0	57	3907.6340729188337
5868.0	55	3906.989145370212
5869.0	45	3906.3442520533313
5870.0	55	3905.699393006275
5871.0	52	3905.0545682670954
5872.0	49	3904.409777873838
5873.0	46	3903.7650218645135
5874.0	43	3903.120300277092
5875.0	45	3902.4756131495415
5876.0	46	3901.8309605197865
5877.0	55	3901.1863424257385
5878.0	44	3900.541758905259
5879.0	61	3899.8972099962193
5880.0	55	3899.252695736429
5881.0	48	3898.6082161636987
5882.0	45	3897.9637713157954
5883.0	53	3897.3193612304676
5884.0	50	3896.674985945442
5885.0	63	3896.030645498406
5886.0	53	3895.3863399270363
5887.0	39	3894.7420692689734
5888.0	38	3894.097833561836
5889.0	54	3893.4536328432146
5890.0	46	3892.8094671506683
5891.0	62	3892.1653365217485
5892.0	62	3891.521240993966
5893.0	40	3890.8771806048017
5894.0	42	3890.2331553917197
5895.0	41	3889.5891653921594
5896.0	38	3888.945210643528
5897.0	55	3888.301291183215
5898.0	48	3887.657407048576
5899.0	49	3887.0135582769353
5900.0	49	3886.36974490561
5901.0	48	3885.7259669718833
5902.0	38	3885.0822245129993
5903.0	54	3884.4385175661873
5904.0	65	3883.7948461686588
5905.0	55	3883.151210357594
5906.0	51	3882.5076101701356
5907.0	42	3881.8640456434073
5908.0	59	3881.2205168145238
5909.0	50	3880.5770237205493
5910.0	44	3879.9335663985353
5911.0	45	3879.2901448855
5912.0	56	3878.6467592184545
5913.0	50	3878.0034094343487
5914.0	49	3877.3600955701545
5915.0	45	3876.7168176627747
5916.0	60	3876.073575749113
5917.0	50	3875.4303698660324
5918.0	50	3874.7872000503785
5919.0	49	3874.14406633897
5920.0	49	3873.500968768601
5921.0	48	3872.857907376036
5922.0	41	3872.2148821980163
5923.0	43	3871.571893271258
5924.0	45	3870.9289406324547
5925.0	48	3870.286024318269
5926.0	47	3869.6431443653414
5927.0	41	3869.000300810278
5928.0	45	3868.357493689677
5929.0	53	3867.71472304009
5930.0	57	3867.071988898069
5931.0	43	3866.429291300117
5932.0	43	3865.7866302827165
5933.0	46	3865.1440058823387
5934.0	51	3864.501418135408
5935.0	53	3863.8588670783447
5936.0	50	3863.2163527475286
5937.0	63	3862.5738751793137
5938.0	65	3861.931434410046
5939.0	53	3861.2890304760244
5940.0	58	3860.6466634135336
5941.0	63	3860.0043332588302
5942.0	42	3859.3620400481545
5943.0	46	3858.7197838177053
5944.0	51	3858.0775646036705
5945.0	41	3857.435382442208
5946.0	47	3856.7932373694402
5947.0	57	3856.1511294214806
5948.0	50	3855.5090586344054
5949.0	50	3854.867025044264
5950.0	58	3854.225028687104
5951.0	51	3853.5830695989243
5952.0	55	3852.941147815702
5953.0	56	3852.299263373385
5954.0	45	3851.6574163079204
5955.0	51	3851.015606655193
5956.0	58	3850.3738344510884
5957.0	42	3849.7320997314714
5958.0	40	3849.090402532161
5959.0	45	3848.4487428889647
5960.0	49	3847.807120837659
5961.0	51	3847.1655364139933
5962.0	60	3846.523989653707
5963.0	49	3845.88248059249
5964.0	50	3845.2410092660325
5965.0	44	3844.599575709984
5966.0	42	3843.9581799599723
5967.0	35	3843.3168220515945
5968.0	44	3842.6755020204437
5969.0	48	3842.0342199020606
5970.0	58	3841.3929757319765
5971.0	48	3840.7517695456904
5972.0	69	3840.1106013786957
5973.0	53	3839.4694712664277
5974.0	46	3838.828379244328
5975.0	51	3838.1873253477947
5976.0	58	3837.546309612204
5977.0	46	3836.9053320729126
5978.0	56	3836.2643927652543
5979.0	49	3835.6234917245188
5980.0	51	3834.98262898599
5981.0	42	3834.341804584937
5982.0	45	3833.7010185565764
5983.0	59	3833.0602709361056
5984.0	47	3832.41956175872
5985.0	43	3831.7788910595705
5986.0	61	3831.1382588737774
5987.0	44	3830.497665236454
5988.0	55	3829.857110182684
5989.0	53	3829.2165937475106
5990.0	58	3828.5761159659764
5991.0	42	3827.935676873086
5992.0	47	3827.2952765038126
5993.0	54	3826.654914893124
5994.0	51	3826.014592075942
5995.0	55	3825.374308087183
5996.0	66	3824.7340629617233
5997.0	41	3824.093856734423
5998.0	55	3823.4536894401253
5999.0	47	3822.8135611136154
6000.0	53	3822.173471789699
6001.0	57	3821.533421503121
6002.0	62	3820.893410288633
6003.0	57	3820.2534381809296
6004.0	56	3819.6135052146965
6005.0	42	3818.9736114246152
6006.0	49	3818.333756845292
6007.0	52	3817.6939415113584
6008.0	56	3817.054165457405
6009.0	54	3816.414428717982
6010.0	42	3815.774731327632
6011.0	49	3815.1350733208683
6012.0	56	3814.4954547321845
6013.0	58	3813.855875596038
6014.0	50	3813.216335946875
6015.0	67	3812.5768358191162
6016.0	50	3811.9373752471415
6017.0	56	3811.297954265327
6018.0	60	3810.658572908009
6019.0	37	3810.0192312095073
6020.0	61	3809.379929204115
6021.0	49	3808.7406669261027
6022.0	58	3808.101444409723
6023.0	64	3807.4622616891847
6024.0	59	3806.823118798686
6025.0	55	3806.1840157724096
6026.0	52	3805.5449526444895
6027.0	57	3804.9059294490576
6028.0	49	3804.266946220208
6029.0	59	3803.6280029920163
6030.0	37	3802.98909979853
6031.0	39	3802.3502366737894
6032.0	62	3801.7114136517844
6033.0	52	3801.072630766491
6034.0	48	3800.433888051865
6035.0	46	3799.7951855418355
6036.0	43	3799.1565232703115
6037.0	56	3798.517901271173
6038.0	59	3797.8793195782764
6039.0	52	3797.240778225439
6040.0	47	3796.6022772464844
6041.0	46	3795.963816675207
6042.0	42	3795.3253965453414
6043.0	61	3794.6870168906403
6044.0	48	3794.04867774481
6045.0	48	3793.4103791415455
6046.0	38	3792.772121114494
6047.0	53	3792.133903697309
6048.0	55	3791.4957269236006
6049.0	46	3790.8575908269554
6050.0	54	3790.219495440946
6051.0	49	3789.581440799118
6052.0	48	3788.943426934991
6053.0	51	3788.3054538820493
6054.0	55	3787.6675216737813
6055.0	50	3787.029630343611
6056.0	53	3786.3917799249807
6057.0	54	3785.7539704512783
6058.0	53	3785.116201955893
6059.0	55	3784.4784744721587
6060.0	48	3783.8407880334084
6061.0	55	3783.2031426729527
6062.0	46	3782.565538424068
6063.0	59	3781.927975319997
6064.0	37	3781.2904533939995
6065.0	41	3780.652972679254
6066.0	39	3780.01553320895
6067.0	54	3779.3781350162567
6068.0	57	3778.7407781343104
6069.0	46	3778.1034625962143
6070.0	42	3777.4661884350617
6071.0	47	3776.828955683921
6072.0	58	3776.191764375834
6073.0	44	3775.5546145438043
6074.0	59	3774.917506220833
6075.0	57	3774.2804394398972
6076.0	46	3773.6434142339363
6077.0	49	3773.006430635866
6078.0	42	3772.3694886785943
6079.0	46	3771.732588394993
6080.0	53	3771.0957298179123
6081.0	56	3770.458912980172
6082.0	46	3769.8221379145916
6083.0	54	3769.185404653935
6084.0	51	3768.5487132309654
6085.0	42	3767.912063678415
6086.0	50	3767.275456028998
6087.0	51	3766.638890315385
6088.0	47	3766.0023665702565
6089.0	44	3765.3658848262326
6090.0	50	3764.7294451159337
6091.0	45	3764.0930474719585
6092.0	47	3763.4566919268664
6093.0	57	3762.8203785132046
6094.0	59	3762.1841072634807
6095.0	47	3761.5478782102127
6096.0	46	3760.9116913858556
6097.0	49	3760.2755468228656
6098.0	49	3759.639444553673
6099.0	67	3759.0033846106726
6100.0	41	3758.3673670262474
6101.0	58	3757.731391832751
6102.0	47	3757.095459062517
6103.0	57	3756.4595687478513
6104.0	42	3755.823720921043
6105.0	50	3755.187915614351
6106.0	61	3754.5521528600116
6107.0	48	3753.9164326902496
6108.0	53	3753.28075513725
6109.0	55	3752.6451202331714
6110.0	46	3752.00952801017
6111.0	46	3751.373978500367
6112.0	45	3750.7384717358623
6113.0	51	3750.103007748717
6114.0	38	3749.467586570999
6115.0	49	3748.8322082347277
6116.0	57	3748.1968727719086
6117.0	51	3747.561580214524
6118.0	48	3746.9263305945346
6119.0	47	3746.291123943862
6120.0	59	3745.655960294441
6121.0	59	3745.0208396781413
6122.0	62	3744.3857621268307
6123.0	40	3743.7507276723545
6124.0	51	3743.115736346533
6125.0	49	3742.480788181167
6126.0	52	3741.845883208011
6127.0	55	3741.211021458831
6128.0	53	3740.576202965347
6129.0	55	3739.9414277592573
6130.0	52	3739.306695872247
6131.0	55	3738.6720073359693
6132.0	40	3738.037362182068
6133.0	49	3737.4027604421312
6134.0	47	3736.768202147772
6135.0	57	3736.133687330539
6136.0	46	3735.4992160219726
6137.0	47	3734.8647882535993
6138.0	41	3734.2304040569084
6139.0	61	3733.59606346337
6140.0	39	3732.9617665044275
6141.0	52	3732.32751321153
6142.0	39	3731.6933036160544
6143.0	54	3731.0591377493906
6144.0	59	3730.4250156428966
6145.0	53	3729.7909373279067
6146.0	38	3729.15690283573
6147.0	56	3728.522912197648
6148.0	50	3727.8889654449376
6149.0	50	3727.255062608832
6150.0	55	3726.621203720551
6151.0	62	3725.987388811295
6152.0	50	3725.3536179122398
6153.0	58	3724.71989105452
6154.0	48	3724.0862082692784
6155.0	42	3723.45256958762
6156.0	54	3722.8189750406095
6157.0	45	3722.185424659317
6158.0	46	3721.551918474789
6159.0	56	3720.9184565180212
6160.0	48	3720.285038820013
6161.0	59	3719.6516654117318
6162.0	47	3719.018336324117
6163.0	48	3718.3850515880954
6164.0	49	3717.7518112345633
6165.0	43	3717.118615294402
6166.0	57	3716.48546379846
6167.0	50	3715.8523567775683
6168.0	50	3715.219294262538
6169.0	40	3714.586276284147
6170.0	48	3713.95330287317
6171.0	65	3713.3203740603453
6172.0	53	3712.6874898763785
6173.0	53	3712.0546503519695
6174.0	59	3711.4218555177936
6175.0	48	3710.789105404502
6176.0	50	3710.1564000427193
6177.0	62	3709.523739463049
6178.0	49	3708.89112369607
6179.0	52	3708.258552772346
6180.0	52	3707.62602672241
6181.0	54	3706.9935455767786
6182.0	56	3706.3611093659338
6183.0	52	3705.72871812036
6184.0	59	3705.0963718704957
6185.0	59	3704.4640706467576
6186.0	49	3703.8318144795444
6187.0	52	3703.1996033992505
6188.0	52	3702.567437436229
6189.0	53	3701.9353166207993
6190.0	49	3701.303240983282
6191.0	50	3700.6712105539714
6192.0	53	3700.0392253631157
6193.0	43	3699.4072854409746
6194.0	53	3698.775390817765
6195.0	49	3698.14354152368
6196.0	38	3697.511737588902
6197.0	54	3696.879979043582
6198.0	35	3696.24826591785
6199.0	50	3695.616598241819
6200.0	55	3694.9849760455713
6201.0	58	3694.3533993591727
6202.0	40	3693.7218682126654
6203.0	41	3693.0903826360754
6204.0	53	3692.45894265939
6205.0	61	3691.8275483125853
6206.0	38	3691.196199625614
6207.0	47	3690.5648966284175
6208.0	52	3689.9336393508884
6209.0	52	3689.302427822914
6210.0	51	3688.6712620743724
6211.0	55	3688.0401421350944
6212.0	49	3687.409068034892
6213.0	49	3686.778039803572
6214.0	52	3686.1470574709138
6215.0	43	3685.516121066648
6216.0	50	3684.885230620523
6217.0	55	3684.2543861622416
6218.0	49	3683.6235877214904
6219.0	47	3682.9928353279297
6220.0	43	3682.3621290112114
6221.0	63	3681.731468800936
6222.0	43	3681.100854726713
6223.0	61	3680.47028681811
6224.0	40	3679.8397651046953
6225.0	52	3679.209289615978
6226.0	58	3678.5788603814826
6227.0	49	3677.948477430692
6228.0	41	3677.3181407930624
6229.0	55	3676.6878504980396
6230.0	49	3676.057606575058
6231.0	52	3675.4274090534973
6232.0	53	3674.7972579627376
6233.0	52	3674.167153332137
6234.0	47	3673.5370951910336
6235.0	45	3672.9070835687253
6236.0	49	3672.277118494495
6237.0	55	3671.6471999976325
6238.0	51	3671.017328107361
6239.0	56	3670.387502852911
6240.0	53	3669.757724263482
6241.0	64	3669.1279923682537
6242.0	52	3668.4983071963775
6243.0	46	3667.8686687769905
6244.0	45	3667.2390771392065
6245.0	45	3666.6095323121094
6246.0	57	3665.9800343247803
6247.0	58	3665.350583206256
6248.0	54	3664.7211789855646
6249.0	48	3664.091821691707
6250.0	55	3663.4625113536727
6251.0	57	3662.8332480004074
6252.0	42	3662.2040316608554
6253.0	63	3661.574862363938
6254.0	43	3660.9457401385403
6255.0	56	3660.3166650135436
6256.0	64	3659.6876370177893
6257.0	52	3659.0586561801097
6258.0	53	3658.4297225293176
6259.0	46	3657.800836094183
6260.0	48	3657.171996903483
6261.0	54	3656.5432049859533
6262.0	43	3655.914460370319
6263.0	42	3655.285763085273
6264.0	57	3654.6571131594956
6265.0	65	3654.0285106216356
6266.0	42	3653.399955500331
6267.0	52	3652.771447824194
6268.0	53	3652.1429876218076
6269.0	52	3651.514574921753
6270.0	28	3650.886209752563
6271.0	68	3650.257892142766
6272.0	56	3649.62962212087
6273.0	58	3649.001399715359
6274.0	63	3648.373224954682
6275.0	69	3647.7450978672837
6276.0	41	3647.117018481587
6277.0	54	3646.488986825976
6278.0	57	3645.8610029288375
6279.0	42	3645.23306681851
6280.0	45	3644.6051785233303
6281.0	58	3643.9773380716083
6282.0	46	3643.3495454916365
6283.0	58	3642.7218008116643
6284.0	49	3642.0941040599623
6285.0	47	3641.466455264729
6286.0	54	3640.838854454181
6287.0	40	3640.211301656494
6288.0	48	3639.583796899834
6289.0	44	3638.956340212323
6290.0	56	3638.328931622087
6291.0	40	3637.701571157219
6292.0	57	3637.0742588458015
6293.0	37	3636.4469947158686
6294.0	50	3635.8197787954564
6295.0	38	3635.1926111125913
6296.0	43	3634.565491695237
6297.0	55	3633.938420571368
6298.0	42	3633.3113977689386
6299.0	40	3632.684423315862
6300.0	53	3632.057497240041
6301.0	65	3631.4306195693575
6302.0	51	3630.8037903316804
6303.0	40	3630.177009554834
6304.0	56	3629.550277266651
6305.0	46	3628.9235934949024
6306.0	54	3628.296958267393
6307.0	40	3627.670371611859
6308.0	48	3627.0438335560375
6309.0	47	3626.4173441276316
6310.0	47	3625.790903354345
6311.0	54	3625.164511263829
6312.0	49	3624.538167883751
6313.0	48	3623.911873241718
6314.0	47	3623.2856273653465
6315.0	56	3622.659430282214
6316.0	48	3622.0332820198873
6317.0	37	3621.40718260591
6318.0	47	3620.781132067794
6319.0	63	3620.1551304330433
6320.0	56	3619.529177729143
6321.0	54	3618.903273983535
6322.0	46	3618.277419223671
6323.0	56	3617.651613476952
6324.0	51	3617.0258567707824
6325.0	39	3616.4001491325266
6326.0	61	3615.7744905895406
6327.0	57	3615.1488811691574
6328.0	45	3614.5233208986847
6329.0	49	3613.897809805403
6330.0	43	3613.272347916597
6331.0	50	3612.646935259496
6332.0	41	3612.021571861331
6333.0	55	3611.3962577493094
6334.0	46	3610.7709929506204
6335.0	44	3610.145777492413
6336.0	42	3609.520611401835
6337.0	57	3608.895494706012
6338.0	42	3608.270427432031
6339.0	38	3607.6454096069847
6340.0	54	3607.020441257924
6341.0	42	3606.39552241189
6342.0	53	3605.7706530958917
6343.0	52	3605.1458333369346
6344.0	47	3604.5210631619834
6345.0	62	3603.896342598002
6346.0	49	3603.27167167191
6347.0	45	3602.6470504106237
6348.0	50	3602.022478841041
6349.0	53	3601.397956990026
6350.0	39	3600.7734848844348
6351.0	60	3600.149062551085
6352.0	43	3599.5246900167913
6353.0	54	3598.900367308341
6354.0	51	3598.276094452498
6355.0	42	3597.651871476008
6356.0	47	3597.0276984055968
6357.0	49	3596.403575267971
6358.0	52	3595.7795020898066
6359.0	42	3595.155478897771
6360.0	45	3594.5315057185085
6361.0	47	3593.907582578641
6362.0	38	3593.2837095047603
6363.0	57	3592.659886523453
6364.0	52	3592.036113661278
6365.0	52	3591.4123909447676
6366.0	72	3590.7887184004444
6367.0	53	3590.1650960548186
6368.0	45	3589.5415239343356
6369.0	40	3588.91800206548
6370.0	53	3588.2945304746786
6371.0	53	3587.6711091883394
6372.0	43	3587.047738232861
6373.0	49	3586.4244176346197
6374.0	32	3585.8011474199657
6375.0	51	3585.1779276152274
6376.0	43	3584.5547582467225
6377.0	53	3583.931639340755
6378.0	37	3583.3085709235684
6379.0	43	3582.685553021431
6380.0	40	3582.0625856605657
6381.0	44	3581.4396688671895
6382.0	40	3580.816802667479
6383.0	38	3580.193987087617
6384.0	41	3579.571222153738
6385.0	27	3578.9485078919797
6386.0	47	3578.325844328445
6387.0	39	3577.7032314892167
6388.0	40	3577.0806694003677
6389.0	48	3576.458158087944
6390.0	40	3575.835697577963
6391.0	44	3575.213287896439
6392.0	44	3574.5909290693494
6393.0	41	3573.968621122657
6394.0	45	3573.3463640823197
6395.0	55	3572.724157974241
6396.0	44	3572.1020028243342
6397.0	50	3571.4798986584933
6398.0	43	3570.8578455025536
6399.0	45	3570.2358433823856
6400.0	46	3569.6138923237936
6401.0	58	3568.9919923525786
6402.0	49	3568.3701434945347
6403.0	40	3567.748345775411
6404.0	45	3567.1265992209596
6405.0	39	3566.5049038568823
6406.0	39	3565.883259708898
6407.0	55	3565.261666802679
6408.0	50	3564.6401251638817
6409.0	34	3564.018634818149
6410.0	49	3563.3971957911085
6411.0	46	3562.7758081083466
6412.0	47	3562.1544717954503
6413.0	54	3561.5331868779704
6414.0	28	3560.911953381449
6415.0	46	3560.2907713314144
6416.0	38	3559.669640753353
6417.0	41	3559.0485616727424
6418.0	41	3558.4275341150474
6419.0	43	3557.8065581057035
6420.0	52	3557.1856336701267
6421.0	55	3556.564760833712
6422.0	42	3555.943939621844
6423.0	36	3555.3231700598812
6424.0	45	3554.702452173149
6425.0	31	3554.081785986976
6426.0	40	3553.461171526659
6427.0	50	3552.840608817466
6428.0	46	3552.2200978846654
6429.0	41	3551.599638753491
6430.0	47	3550.9792314491606
6431.0	48	3550.358875996868
6432.0	42	3549.7385724217843
6433.0	53	3549.1183207490903
6434.0	53	3548.498121003896
6435.0	39	3547.877973211331
6436.0	47	3547.2578773964965
6437.0	42	3546.637833584461
6438.0	47	3546.0178418002934
6439.0	54	3545.397902069022
6440.0	51	3544.778014415666
6441.0	62	3544.1581788652234
6442.0	42	3543.5383954426698
6443.0	54	3542.9186641729752
6444.0	39	3542.2989850810604
6445.0	45	3541.6793581918573
6446.0	43	3541.059783530261
6447.0	46	3540.440261121144
6448.0	55	3539.8207909893713
6449.0	35	3539.201373159777
6450.0	52	3538.582007657188
6451.0	42	3537.9626945063965
6452.0	56	3537.343433732184
6453.0	39	3536.724225359308
6454.0	44	3536.1050694125174
6455.0	60	3535.4859659165204
6456.0	45	3534.8669148960203
6457.0	35	3534.247916375708
6458.0	48	3533.628970380232
6459.0	36	3533.010076934244
6460.0	51	3532.391236062356
6461.0	47	3531.772447789178
6462.0	51	3531.153712139276
6463.0	44	3530.5350291372374
6464.0	38	3529.9163988075848
6465.0	55	3529.297821174854
6466.0	50	3528.679296263535
6467.0	52	3528.060824098127
6468.0	56	3527.4424047030784
6469.0	35	3526.8240381028463
6470.0	47	3526.205724321852
6471.0	44	3525.587463384496
6472.0	30	3524.969255315172
6473.0	41	3524.3511001382412
6474.0	37	3523.7329978780467
6475.0	50	3523.114948558919
6476.0	47	3522.4969522051692
6477.0	32	3521.879008841079
6478.0	39	3521.2611184909197
6479.0	50	3520.643281178944
6480.0	42	3520.0254969293787
6481.0	52	3519.4077657664234
6482.0	44	3518.7900877142774
6483.0	55	3518.172462797119
6484.0	47	3517.554891039087
6485.0	57	3516.93737246431
6486.0	53	3516.319907096915
6487.0	47	3515.7024949609818
6488.0	38	3515.0851360805955
6489.0	47	3514.4678304798
6490.0	38	3513.8505781826357
6491.0	28	3513.2333792131094
6492.0	53	3512.6162335952286
6493.0	42	3511.999141352961
6494.0	48	3511.3821025102698
6495.0	62	3510.765117091079
6496.0	50	3510.148185119333
6497.0	41	3509.531306618903
6498.0	38	3508.914481613677
6499.0	36	3508.2977101275237
6500.0	46	3507.6809921842814
6501.0	43	3507.06432780776
6502.0	49	3506.447717021772
6503.0	50	3505.8311598500986
6504.0	44	3505.214656316503
6505.0	44	3504.5982064447285
6506.0	39	3503.9818102584995
6507.0	45	3503.365467781524
6508.0	31	3502.749179037487
6509.0	40	3502.1329440500563
6510.0	52	3501.51676284288
6511.0	43	3500.900635439581
6512.0	47	3500.284561863781
6513.0	52	3499.6685421390666
6514.0	45	3499.052576288997
6515.0	44	3498.436664337136
6516.0	41	3497.820806307012
6517.0	43	3497.2050022221424
6518.0	34	3496.5892521060077
6519.0	33	3495.973555982111
6520.0	47	3495.357913873881
6521.0	47	3494.742325804763
6522.0	49	3494.126791798187
6523.0	51	3493.511311877536
6524.0	44	3492.8958860661915
6525.0	47	3492.280514387523
6526.0	60	3491.6651968648725
6527.0	48	3491.0499335215504
6528.0	51	3490.434724380865
6529.0	45	3489.819569466109
6530.0	32	3489.2044688005344
6531.0	41	3488.5894224073913
6532.0	51	3487.9744303099137
6533.0	49	3487.359492531306
6534.0	43	3486.7446090947556
6535.0	55	3486.1297800234242
6536.0	54	3485.5150053404827
6537.0	58	3484.9002850690567
6538.0	45	3484.285619232244
6539.0	49	3483.671007853156
6540.0	45	3483.0564509548635
6541.0	42	3482.44194856042
6542.0	41	3481.827500692864
6543.0	48	3481.2131073752084
6544.0	40	3480.5987686304675
6545.0	46	3479.9844844816116
6546.0	35	3479.370254951597
6547.0	39	3478.7560800633814
6548.0	53	3478.141959839874
6549.0	40	3477.5278943039903
6550.0	39	3476.9138834786127
6551.0	43	3476.299927386606
6552.0	48	3475.686026050822
6553.0	44	3475.0721794940896
6554.0	46	3474.458387739226
6555.0	54	3473.8446508090087
6556.0	42	3473.2309687262205
6557.0	37	3472.617341513617
6558.0	42	3472.0037691939306
6559.0	35	3471.390251789876
6560.0	39	3470.7767893241553
6561.0	44	3470.1633818194596
6562.0	46	3469.5500292984284
6563.0	36	3468.9367317836986
6564.0	49	3468.3234892979267
6565.0	35	3467.7103018636853
6566.0	47	3467.0971695035832
6567.0	34	3466.484092240163
6568.0	39	3465.8710700959896
6569.0	42	3465.258103093596
6570.0	55	3464.6451912554808
6571.0	39	3464.032334604147
6572.0	33	3463.4195331620617
6573.0	53	3462.8067869516785
6574.0	47	3462.1940959954327
6575.0	56	3461.581460315753
6576.0	51	3460.9688799350292
6577.0	35	3460.3563548756442
6578.0	44	3459.743885159963
6579.0	38	3459.1314708103223
6580.0	36	3458.5191118490516
6581.0	48	3457.9068082984622
6582.0	42	3457.294560180824
6583.0	37	3456.682367518425
6584.0	35	3456.0702303335015
6585.0	42	3455.4581486482984
6586.0	44	3454.846122485018
6587.0	49	3454.234151865863
6588.0	42	3453.622236813009
6589.0	37	3453.0103773486044
6590.0	38	3452.398573494805
6591.0	52	3451.786825273715
6592.0	43	3451.1751327074467
6593.0	51	3450.5634958180817
6594.0	31	3449.951914627691
6595.0	36	3449.3403891583125
6596.0	42	3448.7289194319724
6597.0	39	3448.1175054706973
6598.0	37	3447.5061472964667
6599.0	38	3446.894844931257
6600.0	49	3446.2835983970185
6601.0	47	3445.672407715696
6602.0	40	3445.0612729092
6603.0	32	3444.450193999434
6604.0	38	3443.8391710082874
6605.0	41	3443.2282039576107
6606.0	41	3442.6172928692554
6607.0	47	3442.0064377650465
6608.0	36	3441.395638666788
6609.0	49	3440.784895596272
6610.0	42	3440.174208575276
6611.0	43	3439.5635776255476
6612.0	50	3438.953002768825
6613.0	30	3438.342484026825
6614.0	51	3437.7320214212473
6615.0	43	3437.121614973757
6616.0	45	3436.5112647060373
6617.0	45	3435.900970639717
6618.0	32	3435.2907327964294
6619.0	49	3434.680551197777
6620.0	41	3434.070425865355
6621.0	55	3433.4603568207312
6622.0	44	3432.850344085448
6623.0	33	3432.240387681054
6624.0	34	3431.630487629063
6625.0	42	3431.0206439509707
6626.0	35	3430.410856668254
6627.0	49	3429.8011258023735
6628.0	41	3429.1914513747815
6629.0	42	3428.581833406902
6630.0	43	3427.972271920131
6631.0	47	3427.362766935873
6632.0	47	3426.75331847548
6633.0	30	3426.1439265603285
6634.0	45	3425.5345912117364
6635.0	56	3424.9253124510205
6636.0	44	3424.3160902994923
6637.0	56	3423.706924778426
6638.0	48	3423.097815909076
6639.0	46	3422.4887637127003
6640.0	32	3421.8797682105155
6641.0	53	3421.2708294237377
6642.0	44	3420.6619473735454
6643.0	36	3420.053122081125
6644.0	43	3419.4443535676196
6645.0	43	3418.8356418541757
6646.0	31	3418.2269869619054
6647.0	40	3417.618388911919
6648.0	35	3417.009847725284
6649.0	32	3416.4013634230746
6650.0	43	3415.7929360263292
6651.0	46	3415.184565556086
6652.0	42	3414.576252033357
6653.0	48	3413.9679954791245
6654.0	32	3413.359795914378
6655.0	49	3412.7516533600624
6656.0	33	3412.143567837115
6657.0	50	3411.5355393664686
6658.0	50	3410.9275679690136
6659.0	39	3410.319653665651
6660.0	41	3409.7117964772324
6661.0	34	3409.103996424624
6662.0	45	3408.4962535286404
6663.0	33	3407.8885678101174
6664.0	41	3407.2809392898344
6665.0	46	3406.6733679885683
6666.0	38	3406.065853927091
6667.0	55	3405.458397126135
6668.0	28	3404.8509976064315
6669.0	38	3404.243655388692
6670.0	51	3403.6363704935975
6671.0	35	3403.0291429418244
6672.0	34	3402.4219727540244
6673.0	50	3401.8148599508377
6674.0	42	3401.2078045528892
6675.0	38	3400.600806580764
6676.0	41	3399.9938660550483
6677.0	45	3399.38698299632
6678.0	39	3398.7801574251157
6679.0	44	3398.1733893619676
6680.0	32	3397.5666788273925
6681.0	38	3396.960025841886
6682.0	56	3396.353430425911
6683.0	48	3395.746892599952
6684.0	52	3395.140412384425
6685.0	35	3394.5339897997665
6686.0	42	3393.9276248663855
6687.0	43	3393.321317604663
6688.0	39	3392.715068034979
6689.0	44	3392.1088761776837
6690.0	40	3391.502742053115
6691.0	39	3390.8966656815837
6692.0	55	3390.2906470833937
6693.0	40	3389.684686278839
6694.0	39	3389.0787832881733
6695.0	38	3388.4729381316492
6696.0	41	3387.8671508295006
6697.0	43	3387.2614214019363
6698.0	46	3386.6557498691486
6699.0	42	3386.05013625132
6700.0	35	3385.4445805686228
6701.0	43	3384.8390828411852
6702.0	39	3384.2336430891346
6703.0	42	3383.6282613325766
6704.0	37	3383.0229375916083
6705.0	42	3382.4176718863055
6706.0	23	3381.812464236716
6707.0	41	3381.2073146628945
6708.0	40	3380.6022231848337
6709.0	49	3379.9971898225635
6710.0	42	3379.392214596058
6711.0	52	3378.787297525284
6712.0	35	3378.182438630206
6713.0	36	3377.5776379307404
6714.0	63	3376.9728954468146
6715.0	49	3376.368211198329
6716.0	53	3375.763585205158
6717.0	53	3375.1590174871762
6718.0	41	3374.554508064217
6719.0	40	3373.9500569561246
6720.0	57	3373.3456641826974
6721.0	47	3372.7413297637436
6722.0	49	3372.1370537190314
6723.0	51	3371.5328360683284
6724.0	34	3370.928676831378
6725.0	51	3370.324576027903
6726.0	34	3369.72053367761
6727.0	49	3369.1165498001865
6728.0	43	3368.51262441532
6729.0	41	3367.908757542658
6730.0	45	3367.304949201844
6731.0	38	3366.701199412498
6732.0	39	3366.0975081942247
6733.0	35	3365.4938755666203
6734.0	54	3364.890301549246
6735.0	38	3364.286786161653
6736.0	36	3363.6833294233907
6737.0	47	3363.07993135396
6738.0	41	3362.4765919728816
6739.0	49	3361.8733112996338
6740.0	38	3361.2700893536835
6741.0	52	3360.6669261544794
6742.0	38	3360.063821721451
6743.0	48	3359.4607760740273
6744.0	43	3358.857789231598
6745.0	45	3358.2548612135465
6746.0	51	3357.651992039237
6747.0	44	3357.0491817280217
6748.0	48	3356.446430299231
6749.0	49	3355.843737772172
6750.0	48	3355.2411041661526
6751.0	39	3354.638529500441
6752.0	53	3354.03601379431
6753.0	37	3353.4335570669905
6754.0	46	3352.831159337727
6755.0	46	3352.2288206257213
6756.0	48	3351.6265409501693
6757.0	51	3351.024320330259
6758.0	52	3350.4221587851252
6759.0	43	3349.8200563339365
6760.0	51	3349.2180129958174
6761.0	34	3348.6160287898647
6762.0	52	3348.0141037351755
6763.0	53	3347.4122378508287
6764.0	40	3346.810431155881
6765.0	45	3346.208683669366
6766.0	38	3345.606995410327
6767.0	49	3345.0053663977565
6768.0	53	3344.4037966506557
6769.0	40	3343.802286187985
6770.0	44	3343.2008350287115
6771.0	32	3342.599443191776
6772.0	37	3341.998110696094
6773.0	41	3341.3968375605778
6774.0	51	3340.795623804122
6775.0	33	3340.194469445585
6776.0	40	3339.5933745038415
6777.0	43	3338.9923389977125
6778.0	50	3338.391362946029
6779.0	44	3337.7904463675977
6780.0	47	3337.1895892812063
6781.0	47	3336.5887917056184
6782.0	40	3335.9880536595956
6783.0	39	3335.387375161886
6784.0	48	3334.786756231192
6785.0	43	3334.1861968862313
6786.0	44	3333.5856971456833
6787.0	36	3332.9852570282274
6788.0	44	3332.384876552514
6789.0	49	3331.7845557371747
6790.0	36	3331.184294600842
6791.0	42	3330.5840931621156
6792.0	51	3329.983951439577
6793.0	44	3329.383869451812
6794.0	50	3328.7838472173567
6795.0	45	3328.183884754756
6796.0	36	3327.5839820825304
6797.0	36	3326.9841392191856
6798.0	46	3326.3843561832114
6799.0	52	3325.7846329930667
6800.0	49	3325.184969667223
6801.0	55	3324.5853662241047
6802.0	33	3323.985822682135
6803.0	50	3323.38633905972
6804.0	52	3322.7869153752463
6805.0	32	3322.18755164709
6806.0	42	3321.588247893594
6807.0	47	3320.989004133103
6808.0	33	3320.38982038394
6809.0	43	3319.7906966644077
6810.0	41	3319.1916329928004
6811.0	51	3318.5926293873754
6812.0	45	3317.9936858663973
6813.0	52	3317.394802448105
6814.0	40	3316.7959791507155
6815.0	36	3316.1972159924403
6816.0	48	3315.59851299146
6817.0	44	3314.9998701659583
6818.0	40	3314.4012875340773
6819.0	44	3313.802765113978
6820.0	40	3313.2043029237534
6821.0	48	3312.6059009815285
6822.0	46	3312.0075593053975
6823.0	49	3311.4092779134185
6824.0	44	3310.8110568236602
6825.0	43	3310.212896054163
6826.0	40	3309.614795622952
6827.0	38	3309.0167555480243
6828.0	45	3308.4187758473786
6829.0	59	3307.820856538993
6830.0	57	3307.2229976408166
6831.0	36	3306.6251991707995
6832.0	24	3306.027461146872
6833.0	47	3305.429783586934
6834.0	43	3304.8321665088806
6835.0	36	3304.234609930591
6836.0	47	3303.6371138699246
6837.0	56	3303.0396783447272
6838.0	38	3302.4423033728226
6839.0	45	3301.844988972024
6840.0	45	3301.2477351601256
6841.0	50	3300.6505419549076
6842.0	41	3300.0534093741317
6843.0	46	3299.4563374355525
6844.0	56	3298.8593261568844
