time	whole_blood_radioactivity	plasma_radioactivity
-6174.0	44	0.0
-6173.0	50	0.0
-6172.0	55	0.0
-6171.0	47	0.0
-6170.0	58	0.0
-6169.0	38	0.0
-6168.0	57	0.0
-6167.0	56	0.0
-6166.0	60	0.0
-6165.0	49	0.0
-6164.0	40	0.0
-6163.0	34	0.0
-6162.0	55	0.0
-6161.0	55	0.0
-6160.0	59	0.0
-6159.0	46	0.0
-6158.0	47	0.0
-6157.0	45	0.0
-6156.0	52	0.0
-6155.0	48	0.0
-6154.0	44	0.0
-6153.0	60	0.0
-6152.0	48	0.0
-6151.0	53	0.0
-6150.0	46	0.0
-6149.0	59	0.0
-6148.0	54	0.0
-6147.0	52	0.0
-6146.0	58	0.0
-6145.0	57	0.0
-6144.0	57	0.0
-6143.0	47	0.0
-6142.0	37	0.0
-6141.0	48	0.0
-6140.0	51	0.0
-6139.0	55	0.0
-6138.0	53	0.0
-6137.0	39	0.0
-6136.0	50	0.0
-6135.0	48	0.0
-6134.0	48	0.0
-6133.0	52	0.0
-6132.0	41	0.0
-6131.0	60	0.0
-6130.0	53	0.0
-6129.0	48	0.0
-6128.0	49	0.0
-6127.0	47	0.0
-6126.0	46	0.0
-6125.0	54	0.0
-6124.0	46	0.0
-6123.0	51	0.0
-6122.0	46	0.0
-6121.0	47	0.0
-6120.0	43	0.0
-6119.0	42	0.0
-6118.0	53	0.0
-6117.0	43	0.0
-6116.0	49	0.0
-6115.0	55	0.0
-6114.0	67	0.0
-6113.0	51	0.0
-6112.0	50	0.0
-6111.0	66	0.0
-6110.0	42	0.0
-6109.0	35	0.0
-6108.0	54	0.0
-6107.0	61	0.0
-6106.0	45	0.0
-6105.0	50	0.0
-6104.0	61	0.0
-6103.0	54	0.0
-6102.0	53	0.0
-6101.0	41	0.0
-6100.0	56	0.0
-6099.0	43	0.0
-6098.0	50	0.0
-6097.0	37	0.0
-6096.0	46	0.0
-6095.0	68	0.0
-6094.0	51	0.0
-6093.0	52	0.0
-6092.0	42	0.0
-6091.0	54	0.0
-6090.0	49	0.0
-6089.0	56	0.0
-6088.0	49	0.0
-6087.0	53	0.0
-6086.0	44	0.0
-6085.0	54	0.0
-6084.0	49	0.0
-6083.0	54	0.0
-6082.0	44	0.0
-6081.0	42	0.0
-6080.0	48	0.0
-6079.0	54	0.0
-6078.0	53	0.0
-6077.0	47	0.0
-6076.0	57	0.0
-6075.0	47	0.0
-6074.0	56	0.0
-6073.0	46	0.0
-6072.0	46	0.0
-6071.0	42	0.0
-6070.0	57	0.0
-6069.0	63	0.0
-6068.0	48	0.0
-6067.0	52	0.0
-6066.0	41	0.0
-6065.0	51	0.0
-6064.0	49	0.0
-6063.0	55	0.0
-6062.0	45	0.0
-6061.0	46	0.0
-6060.0	44	0.0
-6059.0	38	0.0
-6058.0	51	0.0
-6057.0	58	0.0
-6056.0	51	0.0
-6055.0	49	0.0
-6054.0	50	0.0
-6053.0	36	0.0
-6052.0	45	0.0
-6051.0	48	0.0
-6050.0	55	0.0
-6049.0	42	0.0
-6048.0	49	0.0
-6047.0	50	0.0
-6046.0	40	0.0
-6045.0	39	0.0
-6044.0	58	0.0
-6043.0	61	0.0
-6042.0	42	0.0
-6041.0	51	0.0
-6040.0	45	0.0
-6039.0	57	0.0
-6038.0	45	0.0
-6037.0	64	0.0
-6036.0	52	0.0
-6035.0	48	0.0
-6034.0	44	0.0
-6033.0	49	0.0
-6032.0	48	0.0
-6031.0	53	0.0
-6030.0	50	0.0
-6029.0	43	0.0
-6028.0	52	0.0
-6027.0	46	0.0
-6026.0	46	0.0
-6025.0	42	0.0
-6024.0	44	0.0
-6023.0	60	0.0
-6022.0	41	0.0
-6021.0	51	0.0
-6020.0	50	0.0
-6019.0	50	0.0
-6018.0	50	0.0
-6017.0	39	0.0
-6016.0	48	0.0
-6015.0	40	0.0
-6014.0	33	0.0
-6013.0	59	0.0
-6012.0	52	0.0
-6011.0	43	0.0
-6010.0	55	0.0
-6009.0	50	0.0
-6008.0	47	0.0
-6007.0	45	0.0
-6006.0	42	0.0
-6005.0	52	0.0
-6004.0	60	0.0
-6003.0	59	0.0
-6002.0	41	0.0
-6001.0	48	0.0
-6000.0	43	0.0
-5999.0	48	0.0
-5998.0	45	0.0
-5997.0	53	0.0
-5996.0	43	0.0
-5995.0	49	0.0
-5994.0	44	0.0
-5993.0	49	0.0
-5992.0	51	0.0
-5991.0	58	0.0
-5990.0	58	0.0
-5989.0	33	0.0
-5988.0	46	0.0
-5987.0	49	0.0
-5986.0	41	0.0
-5985.0	43	0.0
-5984.0	45	0.0
-5983.0	61	0.0
-5982.0	50	0.0
-5981.0	48	0.0
-5980.0	45	0.0
-5979.0	56	0.0
-5978.0	43	0.0
-5977.0	64	0.0
-5976.0	49	0.0
-5975.0	45	0.0
-5974.0	60	0.0
-5973.0	48	0.0
-5972.0	41	0.0
-5971.0	53	0.0
-5970.0	43	0.0
-5969.0	44	0.0
-5968.0	48	0.0
-5967.0	51	0.0
-5966.0	49	0.0
-5965.0	43	0.0
-5964.0	55	0.0
-5963.0	48	0.0
-5962.0	39	0.0
-5961.0	51	0.0
-5960.0	43	0.0
-5959.0	46	0.0
-5958.0	45	0.0
-5957.0	54	0.0
-5956.0	48	0.0
-5955.0	52	0.0
-5954.0	47	0.0
-5953.0	41	0.0
-5952.0	60	0.0
-5951.0	52	0.0
-5950.0	41	0.0
-5949.0	63	0.0
-5948.0	66	0.0
-5947.0	56	0.0
-5946.0	49	0.0
-5945.0	42	0.0
-5944.0	54	0.0
-5943.0	48	0.0
-5942.0	57	0.0
-5941.0	50	0.0
-5940.0	44	0.0
-5939.0	51	0.0
-5938.0	57	0.0
-5937.0	50	0.0
-5936.0	49	0.0
-5935.0	40	0.0
-5934.0	47	0.0
-5933.0	49	0.0
-5932.0	50	0.0
-5931.0	60	0.0
-5930.0	52	0.0
-5929.0	56	0.0
-5928.0	53	0.0
-5927.0	61	0.0
-5926.0	61	0.0
-5925.0	46	0.0
-5924.0	56	0.0
-5923.0	52	0.0
-5922.0	53	0.0
-5921.0	58	0.0
-5920.0	45	0.0
-5919.0	40	0.0
-5918.0	49	0.0
-5917.0	53	0.0
-5916.0	54	0.0
-5915.0	39	0.0
-5914.0	58	0.0
-5913.0	58	0.0
-5912.0	55	0.0
-5911.0	44	0.0
-5910.0	44	0.0
-5909.0	43	0.0
-5908.0	48	0.0
-5907.0	54	0.0
-5906.0	37	0.0
-5905.0	53	0.0
-5904.0	56	0.0
-5903.0	52	0.0
-5902.0	51	0.0
-5901.0	63	0.0
-5900.0	54	0.0
-5899.0	52	0.0
-5898.0	45	0.0
-5897.0	43	0.0
-5896.0	53	0.0
-5895.0	36	0.0
-5894.0	56	0.0
-5893.0	56	0.0
-5892.0	43	0.0
-5891.0	58	0.0
-5890.0	50	0.0
-5889.0	48	0.0
-5888.0	61	0.0
-5887.0	65	0.0
-5886.0	52	0.0
-5885.0	47	0.0
-5884.0	52	0.0
-5883.0	47	0.0
-5882.0	41	0.0
-5881.0	50	0.0
-5880.0	47	0.0
-5879.0	50	0.0
-5878.0	59	0.0
-5877.0	60	0.0
-5876.0	49	0.0
-5875.0	55	0.0
-5874.0	38	0.0
-5873.0	51	0.0
-5872.0	53	0.0
-5871.0	60	0.0
-5870.0	40	0.0
-5869.0	48	0.0
-5868.0	52	0.0
-5867.0	56	0.0
-5866.0	46	0.0
-5865.0	62	0.0
-5864.0	47	0.0
-5863.0	47	0.0
-5862.0	57	0.0
-5861.0	55	0.0
-5860.0	52	0.0
-5859.0	53	0.0
-5858.0	49	0.0
-5857.0	46	0.0
-5856.0	52	0.0
-5855.0	49	0.0
-5854.0	61	0.0
-5853.0	37	0.0
-5852.0	47	0.0
-5851.0	51	0.0
-5850.0	47	0.0
-5849.0	51	0.0
-5848.0	47	0.0
-5847.0	53	0.0
-5846.0	52	0.0
-5845.0	56	0.0
-5844.0	55	0.0
-5843.0	57	0.0
-5842.0	60	0.0
-5841.0	50	0.0
-5840.0	48	0.0
-5839.0	49	0.0
-5838.0	47	0.0
-5837.0	57	0.0
-5836.0	54	0.0
-5835.0	47	0.0
-5834.0	52	0.0
-5833.0	56	0.0
-5832.0	36	0.0
-5831.0	50	0.0
-5830.0	53	0.0
-5829.0	43	0.0
-5828.0	49	0.0
-5827.0	58	0.0
-5826.0	45	0.0
-5825.0	42	0.0
-5824.0	59	0.0
-5823.0	52	0.0
-5822.0	59	0.0
-5821.0	44	0.0
-5820.0	38	0.0
-5819.0	37	0.0
-5818.0	52	0.0
-5817.0	46	0.0
-5816.0	51	0.0
-5815.0	43	0.0
-5814.0	40	0.0
-5813.0	51	0.0
-5812.0	49	0.0
-5811.0	54	0.0
-5810.0	48	0.0
-5809.0	46	0.0
-5808.0	56	0.0
-5807.0	45	0.0
-5806.0	46	0.0
-5805.0	52	0.0
-5804.0	41	0.0
-5803.0	39	0.0
-5802.0	41	0.0
-5801.0	46	0.0
-5800.0	57	0.0
-5799.0	42	0.0
-5798.0	32	0.0
-5797.0	51	0.0
-5796.0	41	0.0
-5795.0	35	0.0
-5794.0	40	0.0
-5793.0	46	0.0
-5792.0	40	0.0
-5791.0	54	0.0
-5790.0	48	0.0
-5789.0	43	0.0
-5788.0	46	0.0
-5787.0	51	0.0
-5786.0	42	0.0
-5785.0	62	0.0
-5784.0	42	0.0
-5783.0	55	0.0
-5782.0	43	0.0
-5781.0	43	0.0
-5780.0	56	0.0
-5779.0	54	0.0
-5778.0	57	0.0
-5777.0	50	0.0
-5776.0	51	0.0
-5775.0	51	0.0
-5774.0	32	0.0
-5773.0	50	0.0
-5772.0	38	0.0
-5771.0	53	0.0
-5770.0	60	0.0
-5769.0	62	0.0
-5768.0	44	0.0
-5767.0	68	0.0
-5766.0	44	0.0
-5765.0	54	0.0
-5764.0	39	0.0
-5763.0	49	0.0
-5762.0	59	0.0
-5761.0	55	0.0
-5760.0	58	0.0
-5759.0	52	0.0
-5758.0	55	0.0
-5757.0	46	0.0
-5756.0	39	0.0
-5755.0	47	0.0
-5754.0	43	0.0
-5753.0	46	0.0
-5752.0	59	0.0
-5751.0	48	0.0
-5750.0	56	0.0
-5749.0	64	0.0
-5748.0	62	0.0
-5747.0	40	0.0
-5746.0	35	0.0
-5745.0	44	0.0
-5744.0	52	0.0
-5743.0	40	0.0
-5742.0	47	0.0
-5741.0	59	0.0
-5740.0	45	0.0
-5739.0	43	0.0
-5738.0	41	0.0
-5737.0	50	0.0
-5736.0	47	0.0
-5735.0	65	0.0
-5734.0	57	0.0
-5733.0	38	0.0
-5732.0	47	0.0
-5731.0	45	0.0
-5730.0	60	0.0
-5729.0	58	0.0
-5728.0	45	0.0
-5727.0	46	0.0
-5726.0	42	0.0
-5725.0	35	0.0
-5724.0	42	0.0
-5723.0	59	0.0
-5722.0	51	0.0
-5721.0	45	0.0
-5720.0	49	0.0
-5719.0	46	0.0
-5718.0	50	0.0
-5717.0	61	0.0
-5716.0	50	0.0
-5715.0	46	0.0
-5714.0	39	0.0
-5713.0	50	0.0
-5712.0	37	0.0
-5711.0	50	0.0
-5710.0	65	0.0
-5709.0	37	0.0
-5708.0	39	0.0
-5707.0	55	0.0
-5706.0	65	0.0
-5705.0	48	0.0
-5704.0	53	0.0
-5703.0	63	0.0
-5702.0	47	0.0
-5701.0	48	0.0
-5700.0	52	0.0
-5699.0	57	0.0
-5698.0	54	0.0
-5697.0	41	0.0
-5696.0	46	0.0
-5695.0	55	0.0
-5694.0	47	0.0
-5693.0	41	0.0
-5692.0	61	0.0
-5691.0	56	0.0
-5690.0	60	0.0
-5689.0	35	0.0
-5688.0	45	0.0
-5687.0	61	0.0
-5686.0	44	0.0
-5685.0	48	0.0
-5684.0	50	0.0
-5683.0	52	0.0
-5682.0	43	0.0
-5681.0	47	0.0
-5680.0	60	0.0
-5679.0	41	0.0
-5678.0	57	0.0
-5677.0	58	0.0
-5676.0	65	0.0
-5675.0	43	0.0
-5674.0	40	0.0
-5673.0	48	0.0
-5672.0	44	0.0
-5671.0	47	0.0
-5670.0	52	0.0
-5669.0	48	0.0
-5668.0	46	0.0
-5667.0	48	0.0
-5666.0	48	0.0
-5665.0	45	0.0
-5664.0	54	0.0
-5663.0	42	0.0
-5662.0	31	0.0
-5661.0	63	0.0
-5660.0	43	0.0
-5659.0	36	0.0
-5658.0	53	0.0
-5657.0	44	0.0
-5656.0	45	0.0
-5655.0	44	0.0
-5654.0	42	0.0
-5653.0	51	0.0
-5652.0	55	0.0
-5651.0	49	0.0
-5650.0	53	0.0
-5649.0	41	0.0
-5648.0	39	0.0
-5647.0	37	0.0
-5646.0	54	0.0
-5645.0	49	0.0
-5644.0	41	0.0
-5643.0	56	0.0
-5642.0	39	0.0
-5641.0	48	0.0
-5640.0	63	0.0
-5639.0	44	0.0
-5638.0	51	0.0
-5637.0	61	0.0
-5636.0	52	0.0
-5635.0	51	0.0
-5634.0	49	0.0
-5633.0	42	0.0
-5632.0	57	0.0
-5631.0	48	0.0
-5630.0	59	0.0
-5629.0	61	0.0
-5628.0	46	0.0
-5627.0	56	0.0
-5626.0	46	0.0
-5625.0	51	0.0
-5624.0	48	0.0
-5623.0	50	0.0
-5622.0	49	0.0
-5621.0	45	0.0
-5620.0	58	0.0
-5619.0	53	0.0
-5618.0	56	0.0
-5617.0	64	0.0
-5616.0	51	0.0
-5615.0	44	0.0
-5614.0	48	0.0
-5613.0	53	0.0
-5612.0	54	0.0
-5611.0	53	0.0
-5610.0	39	0.0
-5609.0	46	0.0
-5608.0	53	0.0
-5607.0	39	0.0
-5606.0	46	0.0
-5605.0	44	0.0
-5604.0	56	0.0
-5603.0	46	0.0
-5602.0	51	0.0
-5601.0	48	0.0
-5600.0	43	0.0
-5599.0	54	0.0
-5598.0	48	0.0
-5597.0	43	0.0
-5596.0	45	0.0
-5595.0	54	0.0
-5594.0	42	0.0
-5593.0	39	0.0
-5592.0	64	0.0
-5591.0	53	0.0
-5590.0	51	0.0
-5589.0	58	0.0
-5588.0	53	0.0
-5587.0	61	0.0
-5586.0	53	0.0
-5585.0	49	0.0
-5584.0	47	0.0
-5583.0	55	0.0
-5582.0	39	0.0
-5581.0	53	0.0
-5580.0	41	0.0
-5579.0	56	0.0
-5578.0	49	0.0
-5577.0	36	0.0
-5576.0	54	0.0
-5575.0	61	0.0
-5574.0	41	0.0
-5573.0	49	0.0
-5572.0	52	0.0
-5571.0	54	0.0
-5570.0	45	0.0
-5569.0	41	0.0
-5568.0	53	0.0
-5567.0	43	0.0
-5566.0	51	0.0
-5565.0	53	0.0
-5564.0	59	0.0
-5563.0	62	0.0
-5562.0	48	0.0
-5561.0	55	0.0
-5560.0	45	0.0
-5559.0	44	0.0
-5558.0	45	0.0
-5557.0	45	0.0
-5556.0	56	0.0
-5555.0	44	0.0
-5554.0	58	0.0
-5553.0	49	0.0
-5552.0	53	0.0
-5551.0	60	0.0
-5550.0	58	0.0
-5549.0	63	0.0
-5548.0	44	0.0
-5547.0	53	0.0
-5546.0	50	0.0
-5545.0	53	0.0
-5544.0	42	0.0
-5543.0	45	0.0
-5542.0	39	0.0
-5541.0	50	0.0
-5540.0	49	0.0
-5539.0	49	0.0
-5538.0	43	0.0
-5537.0	49	0.0
-5536.0	48	0.0
-5535.0	50	0.0
-5534.0	48	0.0
-5533.0	49	0.0
-5532.0	55	0.0
-5531.0	60	0.0
-5530.0	46	0.0
-5529.0	53	0.0
-5528.0	43	0.0
-5527.0	51	0.0
-5526.0	48	0.0
-5525.0	47	0.0
-5524.0	48	0.0
-5523.0	56	0.0
-5522.0	44	0.0
-5521.0	59	0.0
-5520.0	40	0.0
-5519.0	38	0.0
-5518.0	47	0.0
-5517.0	40	0.0
-5516.0	47	0.0
-5515.0	50	0.0
-5514.0	56	0.0
-5513.0	47	0.0
-5512.0	44	0.0
-5511.0	38	0.0
-5510.0	54	0.0
-5509.0	47	0.0
-5508.0	39	0.0
-5507.0	50	0.0
-5506.0	42	0.0
-5505.0	44	0.0
-5504.0	49	0.0
-5503.0	56	0.0
-5502.0	52	0.0
-5501.0	34	0.0
-5500.0	45	0.0
-5499.0	43	0.0
-5498.0	47	0.0
-5497.0	48	0.0
-5496.0	52	0.0
-5495.0	49	0.0
-5494.0	56	0.0
-5493.0	51	0.0
-5492.0	41	0.0
-5491.0	37	0.0
-5490.0	41	0.0
-5489.0	52	0.0
-5488.0	40	0.0
-5487.0	52	0.0
-5486.0	66	0.0
-5485.0	50	0.0
-5484.0	52	0.0
-5483.0	53	0.0
-5482.0	56	0.0
-5481.0	55	0.0
-5480.0	48	0.0
-5479.0	51	0.0
-5478.0	51	0.0
-5477.0	50	0.0
-5476.0	48	0.0
-5475.0	57	0.0
-5474.0	48	0.0
-5473.0	53	0.0
-5472.0	46	0.0
-5471.0	47	0.0
-5470.0	45	0.0
-5469.0	49	0.0
-5468.0	46	0.0
-5467.0	62	0.0
-5466.0	50	0.0
-5465.0	45	0.0
-5464.0	57	0.0
-5463.0	50	0.0
-5462.0	51	0.0
-5461.0	44	0.0
-5460.0	45	0.0
-5459.0	53	0.0
-5458.0	45	0.0
-5457.0	50	0.0
-5456.0	48	0.0
-5455.0	45	0.0
-5454.0	38	0.0
-5453.0	52	0.0
-5452.0	65	0.0
-5451.0	43	0.0
-5450.0	42	0.0
-5449.0	50	0.0
-5448.0	56	0.0
-5447.0	57	0.0
-5446.0	43	0.0
-5445.0	47	0.0
-5444.0	57	0.0
-5443.0	48	0.0
-5442.0	55	0.0
-5441.0	40	0.0
-5440.0	50	0.0
-5439.0	40	0.0
-5438.0	53	0.0
-5437.0	44	0.0
-5436.0	56	0.0
-5435.0	55	0.0
-5434.0	61	0.0
-5433.0	61	0.0
-5432.0	43	0.0
-5431.0	53	0.0
-5430.0	37	0.0
-5429.0	47	0.0
-5428.0	57	0.0
-5427.0	43	0.0
-5426.0	41	0.0
-5425.0	51	0.0
-5424.0	56	0.0
-5423.0	50	0.0
-5422.0	47	0.0
-5421.0	43	0.0
-5420.0	49	0.0
-5419.0	43	0.0
-5418.0	59	0.0
-5417.0	48	0.0
-5416.0	71	0.0
-5415.0	57	0.0
-5414.0	53	0.0
-5413.0	45	0.0
-5412.0	45	0.0
-5411.0	57	0.0
-5410.0	45	0.0
-5409.0	41	0.0
-5408.0	56	0.0
-5407.0	49	0.0
-5406.0	50	0.0
-5405.0	57	0.0
-5404.0	39	0.0
-5403.0	48	0.0
-5402.0	50	0.0
-5401.0	47	0.0
-5400.0	56	0.0
-5399.0	44	0.0
-5398.0	59	0.0
-5397.0	44	0.0
-5396.0	38	0.0
-5395.0	50	0.0
-5394.0	55	0.0
-5393.0	45	0.0
-5392.0	36	0.0
-5391.0	48	0.0
-5390.0	51	0.0
-5389.0	57	0.0
-5388.0	53	0.0
-5387.0	46	0.0
-5386.0	55	0.0
-5385.0	62	0.0
-5384.0	49	0.0
-5383.0	55	0.0
-5382.0	47	0.0
-5381.0	52	0.0
-5380.0	47	0.0
-5379.0	54	0.0
-5378.0	57	0.0
-5377.0	51	0.0
-5376.0	42	0.0
-5375.0	54	0.0
-5374.0	47	0.0
-5373.0	47	0.0
-5372.0	59	0.0
-5371.0	42	0.0
-5370.0	33	0.0
-5369.0	46	0.0
-5368.0	33	0.0
-5367.0	50	0.0
-5366.0	48	0.0
-5365.0	45	0.0
-5364.0	45	0.0
-5363.0	57	0.0
-5362.0	40	0.0
-5361.0	58	0.0
-5360.0	40	0.0
-5359.0	50	0.0
-5358.0	49	0.0
-5357.0	37	0.0
-5356.0	38	0.0
-5355.0	46	0.0
-5354.0	36	0.0
-5353.0	64	0.0
-5352.0	54	0.0
-5351.0	53	0.0
-5350.0	45	0.0
-5349.0	55	0.0
-5348.0	44	0.0
-5347.0	44	0.0
-5346.0	55	0.0
-5345.0	43	0.0
-5344.0	54	0.0
-5343.0	40	0.0
-5342.0	53	0.0
-5341.0	38	0.0
-5340.0	66	0.0
-5339.0	47	0.0
-5338.0	46	0.0
-5337.0	57	0.0
-5336.0	56	0.0
-5335.0	45	0.0
-5334.0	57	0.0
-5333.0	40	0.0
-5332.0	56	0.0
-5331.0	46	0.0
-5330.0	55	0.0
-5329.0	42	0.0
-5328.0	47	0.0
-5327.0	47	0.0
-5326.0	50	0.0
-5325.0	52	0.0
-5324.0	59	0.0
-5323.0	59	0.0
-5322.0	39	0.0
-5321.0	45	0.0
-5320.0	60	0.0
-5319.0	54	0.0
-5318.0	46	0.0
-5317.0	47	0.0
-5316.0	54	0.0
-5315.0	56	0.0
-5314.0	57	0.0
-5313.0	40	0.0
-5312.0	52	0.0
-5311.0	59	0.0
-5310.0	52	0.0
-5309.0	54	0.0
-5308.0	41	0.0
-5307.0	48	0.0
-5306.0	55	0.0
-5305.0	43	0.0
-5304.0	57	0.0
-5303.0	50	0.0
-5302.0	45	0.0
-5301.0	52	0.0
-5300.0	46	0.0
-5299.0	51	0.0
-5298.0	48	0.0
-5297.0	57	0.0
-5296.0	56	0.0
-5295.0	57	0.0
-5294.0	58	0.0
-5293.0	49	0.0
-5292.0	48	0.0
-5291.0	39	0.0
-5290.0	45	0.0
-5289.0	41	0.0
-5288.0	39	0.0
-5287.0	41	0.0
-5286.0	59	0.0
-5285.0	38	0.0
-5284.0	44	0.0
-5283.0	43	0.0
-5282.0	56	0.0
-5281.0	47	0.0
-5280.0	39	0.0
-5279.0	43	0.0
-5278.0	51	0.0
-5277.0	51	0.0
-5276.0	44	0.0
-5275.0	45	0.0
-5274.0	45	0.0
-5273.0	42	0.0
-5272.0	44	0.0
-5271.0	48	0.0
-5270.0	54	0.0
-5269.0	52	0.0
-5268.0	42	0.0
-5267.0	44	0.0
-5266.0	53	0.0
-5265.0	53	0.0
-5264.0	44	0.0
-5263.0	58	0.0
-5262.0	39	0.0
-5261.0	41	0.0
-5260.0	41	0.0
-5259.0	48	0.0
-5258.0	56	0.0
-5257.0	55	0.0
-5256.0	42	0.0
-5255.0	57	0.0
-5254.0	58	0.0
-5253.0	50	0.0
-5252.0	51	0.0
-5251.0	42	0.0
-5250.0	54	0.0
-5249.0	61	0.0
-5248.0	41	0.0
-5247.0	44	0.0
-5246.0	52	0.0
-5245.0	58	0.0
-5244.0	40	0.0
-5243.0	49	0.0
-5242.0	41	0.0
-5241.0	61	0.0
-5240.0	56	0.0
-5239.0	54	0.0
-5238.0	46	0.0
-5237.0	40	0.0
-5236.0	45	0.0
-5235.0	61	0.0
-5234.0	54	0.0
-5233.0	58	0.0
-5232.0	51	0.0
-5231.0	41	0.0
-5230.0	40	0.0
-5229.0	47	0.0
-5228.0	52	0.0
-5227.0	50	0.0
-5226.0	43	0.0
-5225.0	62	0.0
-5224.0	62	0.0
-5223.0	59	0.0
-5222.0	45	0.0
-5221.0	56	0.0
-5220.0	42	0.0
-5219.0	51	0.0
-5218.0	47	0.0
-5217.0	55	0.0
-5216.0	42	0.0
-5215.0	57	0.0
-5214.0	47	0.0
-5213.0	49	0.0
-5212.0	49	0.0
-5211.0	46	0.0
-5210.0	53	0.0
-5209.0	56	0.0
-5208.0	52	0.0
-5207.0	47	0.0
-5206.0	36	0.0
-5205.0	47	0.0
-5204.0	39	0.0
-5203.0	38	0.0
-5202.0	52	0.0
-5201.0	41	0.0
-5200.0	62	0.0
-5199.0	55	0.0
-5198.0	46	0.0
-5197.0	44	0.0
-5196.0	55	0.0
-5195.0	37	0.0
-5194.0	37	0.0
-5193.0	48	0.0
-5192.0	50	0.0
-5191.0	53	0.0
-5190.0	52	0.0
-5189.0	42	0.0
-5188.0	50	0.0
-5187.0	65	0.0
-5186.0	48	0.0
-5185.0	59	0.0
-5184.0	53	0.0
-5183.0	41	0.0
-5182.0	58	0.0
-5181.0	37	0.0
-5180.0	52	0.0
-5179.0	42	0.0
-5178.0	44	0.0
-5177.0	45	0.0
-5176.0	41	0.0
-5175.0	43	0.0
-5174.0	54	0.0
-5173.0	41	0.0
-5172.0	41	0.0
-5171.0	52	0.0
-5170.0	62	0.0
-5169.0	45	0.0
-5168.0	56	0.0
-5167.0	43	0.0
-5166.0	47	0.0
-5165.0	67	0.0
-5164.0	67	0.0
-5163.0	47	0.0
-5162.0	44	0.0
-5161.0	35	0.0
-5160.0	56	0.0
-5159.0	49	0.0
-5158.0	55	0.0
-5157.0	52	0.0
-5156.0	52	0.0
-5155.0	41	0.0
-5154.0	35	0.0
-5153.0	52	0.0
-5152.0	54	0.0
-5151.0	58	0.0
-5150.0	50	0.0
-5149.0	50	0.0
-5148.0	45	0.0
-5147.0	42	0.0
-5146.0	46	0.0
-5145.0	49	0.0
-5144.0	55	0.0
-5143.0	48	0.0
-5142.0	50	0.0
-5141.0	47	0.0
-5140.0	45	0.0
-5139.0	56	0.0
-5138.0	45	0.0
-5137.0	55	0.0
-5136.0	41	0.0
-5135.0	42	0.0
-5134.0	41	0.0
-5133.0	49	0.0
-5132.0	58	0.0
-5131.0	53	0.0
-5130.0	36	0.0
-5129.0	45	0.0
-5128.0	45	0.0
-5127.0	46	0.0
-5126.0	55	0.0
-5125.0	60	0.0
-5124.0	62	0.0
-5123.0	45	0.0
-5122.0	53	0.0
-5121.0	44	0.0
-5120.0	50	0.0
-5119.0	50	0.0
-5118.0	50	0.0
-5117.0	68	0.0
-5116.0	46	0.0
-5115.0	41	0.0
-5114.0	53	0.0
-5113.0	58	0.0
-5112.0	58	0.0
-5111.0	63	0.0
-5110.0	50	0.0
-5109.0	64	0.0
-5108.0	55	0.0
-5107.0	46	0.0
-5106.0	55	0.0
-5105.0	51	0.0
-5104.0	46	0.0
-5103.0	53	0.0
-5102.0	65	0.0
-5101.0	54	0.0
-5100.0	39	0.0
-5099.0	43	0.0
-5098.0	53	0.0
-5097.0	47	0.0
-5096.0	31	0.0
-5095.0	47	0.0
-5094.0	35	0.0
-5093.0	54	0.0
-5092.0	41	0.0
-5091.0	58	0.0
-5090.0	47	0.0
-5089.0	52	0.0
-5088.0	52	0.0
-5087.0	60	0.0
-5086.0	48	0.0
-5085.0	55	0.0
-5084.0	49	0.0
-5083.0	41	0.0
-5082.0	47	0.0
-5081.0	61	0.0
-5080.0	41	0.0
-5079.0	53	0.0
-5078.0	53	0.0
-5077.0	52	0.0
-5076.0	50	0.0
-5075.0	48	0.0
-5074.0	44	0.0
-5073.0	45	0.0
-5072.0	41	0.0
-5071.0	49	0.0
-5070.0	39	0.0
-5069.0	54	0.0
-5068.0	65	0.0
-5067.0	38	0.0
-5066.0	53	0.0
-5065.0	42	0.0
-5064.0	54	0.0
-5063.0	45	0.0
-5062.0	52	0.0
-5061.0	65	0.0
-5060.0	54	0.0
-5059.0	45	0.0
-5058.0	47	0.0
-5057.0	52	0.0
-5056.0	54	0.0
-5055.0	59	0.0
-5054.0	39	0.0
-5053.0	38	0.0
-5052.0	36	0.0
-5051.0	59	0.0
-5050.0	61	0.0
-5049.0	53	0.0
-5048.0	46	0.0
-5047.0	51	0.0
-5046.0	53	0.0
-5045.0	47	0.0
-5044.0	46	0.0
-5043.0	57	0.0
-5042.0	49	0.0
-5041.0	44	0.0
-5040.0	55	0.0
-5039.0	42	0.0
-5038.0	35	0.0
-5037.0	64	0.0
-5036.0	46	0.0
-5035.0	62	0.0
-5034.0	62	0.0
-5033.0	43	0.0
-5032.0	37	0.0
-5031.0	48	0.0
-5030.0	59	0.0
-5029.0	55	0.0
-5028.0	52	0.0
-5027.0	41	0.0
-5026.0	45	0.0
-5025.0	52	0.0
-5024.0	58	0.0
-5023.0	50	0.0
-5022.0	48	0.0
-5021.0	46	0.0
-5020.0	46	0.0
-5019.0	50	0.0
-5018.0	49	0.0
-5017.0	48	0.0
-5016.0	39	0.0
-5015.0	59	0.0
-5014.0	38	0.0
-5013.0	49	0.0
-5012.0	59	0.0
-5011.0	45	0.0
-5010.0	50	0.0
-5009.0	47	0.0
-5008.0	49	0.0
-5007.0	50	0.0
-5006.0	44	0.0
-5005.0	55	0.0
-5004.0	47	0.0
-5003.0	39	0.0
-5002.0	44	0.0
-5001.0	60	0.0
-5000.0	44	0.0
-4999.0	58	0.0
-4998.0	46	0.0
-4997.0	54	0.0
-4996.0	54	0.0
-4995.0	43	0.0
-4994.0	52	0.0
-4993.0	50	0.0
-4992.0	52	0.0
-4991.0	62	0.0
-4990.0	47	0.0
-4989.0	59	0.0
-4988.0	51	0.0
-4987.0	49	0.0
-4986.0	44	0.0
-4985.0	45	0.0
-4984.0	48	0.0
-4983.0	51	0.0
-4982.0	47	0.0
-4981.0	49	0.0
-4980.0	46	0.0
-4979.0	37	0.0
-4978.0	56	0.0
-4977.0	51	0.0
-4976.0	38	0.0
-4975.0	56	0.0
-4974.0	52	0.0
-4973.0	53	0.0
-4972.0	51	0.0
-4971.0	49	0.0
-4970.0	53	0.0
-4969.0	68	0.0
-4968.0	47	0.0
-4967.0	42	0.0
-4966.0	49	0.0
-4965.0	38	0.0
-4964.0	52	0.0
-4963.0	57	0.0
-4962.0	51	0.0
-4961.0	56	0.0
-4960.0	38	0.0
-4959.0	59	0.0
-4958.0	43	0.0
-4957.0	63	0.0
-4956.0	59	0.0
-4955.0	54	0.0
-4954.0	59	0.0
-4953.0	55	0.0
-4952.0	48	0.0
-4951.0	61	0.0
-4950.0	59	0.0
-4949.0	43	0.0
-4948.0	59	0.0
-4947.0	53	0.0
-4946.0	54	0.0
-4945.0	52	0.0
-4944.0	45	0.0
-4943.0	42	0.0
-4942.0	51	0.0
-4941.0	48	0.0
-4940.0	56	0.0
-4939.0	54	0.0
-4938.0	44	0.0
-4937.0	46	0.0
-4936.0	40	0.0
-4935.0	65	0.0
-4934.0	55	0.0
-4933.0	58	0.0
-4932.0	53	0.0
-4931.0	52	0.0
-4930.0	48	0.0
-4929.0	56	0.0
-4928.0	51	0.0
-4927.0	45	0.0
-4926.0	57	0.0
-4925.0	48	0.0
-4924.0	47	0.0
-4923.0	44	0.0
-4922.0	51	0.0
-4921.0	44	0.0
-4920.0	58	0.0
-4919.0	50	0.0
-4918.0	46	0.0
-4917.0	41	0.0
-4916.0	51	0.0
-4915.0	48	0.0
-4914.0	58	0.0
-4913.0	52	0.0
-4912.0	37	0.0
-4911.0	47	0.0
-4910.0	53	0.0
-4909.0	55	0.0
-4908.0	44	0.0
-4907.0	50	0.0
-4906.0	45	0.0
-4905.0	46	0.0
-4904.0	41	0.0
-4903.0	50	0.0
-4902.0	48	0.0
-4901.0	64	0.0
-4900.0	55	0.0
-4899.0	48	0.0
-4898.0	50	0.0
-4897.0	50	0.0
-4896.0	41	0.0
-4895.0	40	0.0
-4894.0	57	0.0
-4893.0	67	0.0
-4892.0	53	0.0
-4891.0	40	0.0
-4890.0	56	0.0
-4889.0	54	0.0
-4888.0	49	0.0
-4887.0	48	0.0
-4886.0	51	0.0
-4885.0	49	0.0
-4884.0	53	0.0
-4883.0	44	0.0
-4882.0	64	0.0
-4881.0	44	0.0
-4880.0	52	0.0
-4879.0	43	0.0
-4878.0	55	0.0
-4877.0	42	0.0
-4876.0	41	0.0
-4875.0	58	0.0
-4874.0	47	0.0
-4873.0	48	0.0
-4872.0	58	0.0
-4871.0	54	0.0
-4870.0	50	0.0
-4869.0	54	0.0
-4868.0	48	0.0
-4867.0	49	0.0
-4866.0	52	0.0
-4865.0	57	0.0
-4864.0	54	0.0
-4863.0	58	0.0
-4862.0	43	0.0
-4861.0	45	0.0
-4860.0	40	0.0
-4859.0	47	0.0
-4858.0	51	0.0
-4857.0	44	0.0
-4856.0	53	0.0
-4855.0	44	0.0
-4854.0	51	0.0
-4853.0	39	0.0
-4852.0	45	0.0
-4851.0	41	0.0
-4850.0	52	0.0
-4849.0	47	0.0
-4848.0	50	0.0
-4847.0	41	0.0
-4846.0	57	0.0
-4845.0	55	0.0
-4844.0	46	0.0
-4843.0	55	0.0
-4842.0	41	0.0
-4841.0	39	0.0
-4840.0	45	0.0
-4839.0	63	0.0
-4838.0	38	0.0
-4837.0	54	0.0
-4836.0	42	0.0
-4835.0	49	0.0
-4834.0	57	0.0
-4833.0	45	0.0
-4832.0	44	0.0
-4831.0	35	0.0
-4830.0	57	0.0
-4829.0	58	0.0
-4828.0	58	0.0
-4827.0	56	0.0
-4826.0	47	0.0
-4825.0	46	0.0
-4824.0	56	0.0
-4823.0	54	0.0
-4822.0	60	0.0
-4821.0	44	0.0
-4820.0	48	0.0
-4819.0	57	0.0
-4818.0	48	0.0
-4817.0	46	0.0
-4816.0	52	0.0
-4815.0	61	0.0
-4814.0	47	0.0
-4813.0	46	0.0
-4812.0	50	0.0
-4811.0	44	0.0
-4810.0	60	0.0
-4809.0	52	0.0
-4808.0	39	0.0
-4807.0	49	0.0
-4806.0	53	0.0
-4805.0	46	0.0
-4804.0	44	0.0
-4803.0	54	0.0
-4802.0	55	0.0
-4801.0	52	0.0
-4800.0	62	0.0
-4799.0	50	0.0
-4798.0	46	0.0
-4797.0	54	0.0
-4796.0	57	0.0
-4795.0	46	0.0
-4794.0	45	0.0
-4793.0	55	0.0
-4792.0	61	0.0
-4791.0	55	0.0
-4790.0	48	0.0
-4789.0	43	0.0
-4788.0	44	0.0
-4787.0	73	0.0
-4786.0	49	0.0
-4785.0	39	0.0
-4784.0	60	0.0
-4783.0	44	0.0
-4782.0	54	0.0
-4781.0	47	0.0
-4780.0	53	0.0
-4779.0	47	0.0
-4778.0	34	0.0
-4777.0	48	0.0
-4776.0	43	0.0
-4775.0	42	0.0
-4774.0	59	0.0
-4773.0	58	0.0
-4772.0	49	0.0
-4771.0	53	0.0
-4770.0	42	0.0
-4769.0	46	0.0
-4768.0	52	0.0
-4767.0	50	0.0
-4766.0	61	0.0
-4765.0	53	0.0
-4764.0	43	0.0
-4763.0	44	0.0
-4762.0	46	0.0
-4761.0	45	0.0
-4760.0	49	0.0
-4759.0	40	0.0
-4758.0	49	0.0
-4757.0	48	0.0
-4756.0	57	0.0
-4755.0	39	0.0
-4754.0	41	0.0
-4753.0	50	0.0
-4752.0	47	0.0
-4751.0	46	0.0
-4750.0	50	0.0
-4749.0	35	0.0
-4748.0	57	0.0
-4747.0	36	0.0
-4746.0	56	0.0
-4745.0	56	0.0
-4744.0	57	0.0
-4743.0	58	0.0
-4742.0	43	0.0
-4741.0	48	0.0
-4740.0	48	0.0
-4739.0	55	0.0
-4738.0	46	0.0
-4737.0	59	0.0
-4736.0	48	0.0
-4735.0	62	0.0
-4734.0	42	0.0
-4733.0	47	0.0
-4732.0	56	0.0
-4731.0	45	0.0
-4730.0	57	0.0
-4729.0	48	0.0
-4728.0	47	0.0
-4727.0	53	0.0
-4726.0	44	0.0
-4725.0	53	0.0
-4724.0	52	0.0
-4723.0	66	0.0
-4722.0	47	0.0
-4721.0	48	0.0
-4720.0	43	0.0
-4719.0	39	0.0
-4718.0	45	0.0
-4717.0	44	0.0
-4716.0	53	0.0
-4715.0	41	0.0
-4714.0	55	0.0
-4713.0	51	0.0
-4712.0	42	0.0
-4711.0	46	0.0
-4710.0	57	0.0
-4709.0	39	0.0
-4708.0	50	0.0
-4707.0	47	0.0
-4706.0	72	0.0
-4705.0	53	0.0
-4704.0	43	0.0
-4703.0	56	0.0
-4702.0	54	0.0
-4701.0	54	0.0
-4700.0	51	0.0
-4699.0	46	0.0
-4698.0	56	0.0
-4697.0	50	0.0
-4696.0	51	0.0
-4695.0	58	0.0
-4694.0	55	0.0
-4693.0	45	0.0
-4692.0	52	0.0
-4691.0	38	0.0
-4690.0	47	0.0
-4689.0	44	0.0
-4688.0	45	0.0
-4687.0	40	0.0
-4686.0	46	0.0
-4685.0	49	0.0
-4684.0	40	0.0
-4683.0	44	0.0
-4682.0	51	0.0
-4681.0	55	0.0
-4680.0	63	0.0
-4679.0	51	0.0
-4678.0	43	0.0
-4677.0	58	0.0
-4676.0	44	0.0
-4675.0	48	0.0
-4674.0	46	0.0
-4673.0	56	0.0
-4672.0	44	0.0
-4671.0	58	0.0
-4670.0	37	0.0
-4669.0	55	0.0
-4668.0	53	0.0
-4667.0	43	0.0
-4666.0	53	0.0
-4665.0	55	0.0
-4664.0	44	0.0
-4663.0	46	0.0
-4662.0	58	0.0
-4661.0	61	0.0
-4660.0	60	0.0
-4659.0	42	0.0
-4658.0	43	0.0
-4657.0	53	0.0
-4656.0	50	0.0
-4655.0	54	0.0
-4654.0	51	0.0
-4653.0	55	0.0
-4652.0	57	0.0
-4651.0	58	0.0
-4650.0	47	0.0
-4649.0	39	0.0
-4648.0	57	0.0
-4647.0	48	0.0
-4646.0	46	0.0
-4645.0	48	0.0
-4644.0	37	0.0
-4643.0	55	0.0
-4642.0	48	0.0
-4641.0	56	0.0
-4640.0	45	0.0
-4639.0	47	0.0
-4638.0	46	0.0
-4637.0	53	0.0
-4636.0	41	0.0
-4635.0	44	0.0
-4634.0	35	0.0
-4633.0	53	0.0
-4632.0	46	0.0
-4631.0	51	0.0
-4630.0	57	0.0
-4629.0	45	0.0
-4628.0	41	0.0
-4627.0	56	0.0
-4626.0	48	0.0
-4625.0	44	0.0
-4624.0	43	0.0
-4623.0	52	0.0
-4622.0	65	0.0
-4621.0	56	0.0
-4620.0	42	0.0
-4619.0	38	0.0
-4618.0	41	0.0
-4617.0	48	0.0
-4616.0	41	0.0
-4615.0	48	0.0
-4614.0	55	0.0
-4613.0	43	0.0
-4612.0	71	0.0
-4611.0	47	0.0
-4610.0	63	0.0
-4609.0	58	0.0
-4608.0	51	0.0
-4607.0	40	0.0
-4606.0	49	0.0
-4605.0	59	0.0
-4604.0	43	0.0
-4603.0	46	0.0
-4602.0	70	0.0
-4601.0	40	0.0
-4600.0	55	0.0
-4599.0	55	0.0
-4598.0	66	0.0
-4597.0	43	0.0
-4596.0	47	0.0
-4595.0	50	0.0
-4594.0	55	0.0
-4593.0	44	0.0
-4592.0	49	0.0
-4591.0	55	0.0
-4590.0	53	0.0
-4589.0	41	0.0
-4588.0	53	0.0
-4587.0	38	0.0
-4586.0	67	0.0
-4585.0	41	0.0
-4584.0	53	0.0
-4583.0	45	0.0
-4582.0	41	0.0
-4581.0	55	0.0
-4580.0	42	0.0
-4579.0	40	0.0
-4578.0	50	0.0
-4577.0	49	0.0
-4576.0	40	0.0
-4575.0	52	0.0
-4574.0	40	0.0
-4573.0	44	0.0
-4572.0	50	0.0
-4571.0	54	0.0
-4570.0	56	0.0
-4569.0	49	0.0
-4568.0	48	0.0
-4567.0	56	0.0
-4566.0	56	0.0
-4565.0	49	0.0
-4564.0	53	0.0
-4563.0	67	0.0
-4562.0	65	0.0
-4561.0	49	0.0
-4560.0	49	0.0
-4559.0	51	0.0
-4558.0	44	0.0
-4557.0	42	0.0
-4556.0	42	0.0
-4555.0	55	0.0
-4554.0	51	0.0
-4553.0	51	0.0
-4552.0	46	0.0
-4551.0	45	0.0
-4550.0	50	0.0
-4549.0	48	0.0
-4548.0	56	0.0
-4547.0	55	0.0
-4546.0	55	0.0
-4545.0	49	0.0
-4544.0	64	0.0
-4543.0	52	0.0
-4542.0	49	0.0
-4541.0	48	0.0
-4540.0	52	0.0
-4539.0	51	0.0
-4538.0	47	0.0
-4537.0	40	0.0
-4536.0	53	0.0
-4535.0	53	0.0
-4534.0	58	0.0
-4533.0	51	0.0
-4532.0	53	0.0
-4531.0	61	0.0
-4530.0	42	0.0
-4529.0	42	0.0
-4528.0	37	0.0
-4527.0	44	0.0
-4526.0	63	0.0
-4525.0	32	0.0
-4524.0	58	0.0
-4523.0	50	0.0
-4522.0	54	0.0
-4521.0	71	0.0
-4520.0	51	0.0
-4519.0	32	0.0
-4518.0	48	0.0
-4517.0	49	0.0
-4516.0	50	0.0
-4515.0	53	0.0
-4514.0	60	0.0
-4513.0	51	0.0
-4512.0	42	0.0
-4511.0	53	0.0
-4510.0	43	0.0
-4509.0	52	0.0
-4508.0	37	0.0
-4507.0	37	0.0
-4506.0	54	0.0
-4505.0	57	0.0
-4504.0	42	0.0
-4503.0	46	0.0
-4502.0	48	0.0
-4501.0	65	0.0
-4500.0	57	0.0
-4499.0	47	0.0
-4498.0	42	0.0
-4497.0	47	0.0
-4496.0	42	0.0
-4495.0	48	0.0
-4494.0	41	0.0
-4493.0	34	0.0
-4492.0	50	0.0
-4491.0	54	0.0
-4490.0	44	0.0
-4489.0	44	0.0
-4488.0	68	0.0
-4487.0	38	0.0
-4486.0	47	0.0
-4485.0	42	0.0
-4484.0	37	0.0
-4483.0	46	0.0
-4482.0	48	0.0
-4481.0	52	0.0
-4480.0	51	0.0
-4479.0	53	0.0
-4478.0	64	0.0
-4477.0	55	0.0
-4476.0	58	0.0
-4475.0	41	0.0
-4474.0	44	0.0
-4473.0	45	0.0
-4472.0	42	0.0
-4471.0	63	0.0
-4470.0	49	0.0
-4469.0	51	0.0
-4468.0	45	0.0
-4467.0	49	0.0
-4466.0	50	0.0
-4465.0	60	0.0
-4464.0	46	0.0
-4463.0	43	0.0
-4462.0	38	0.0
-4461.0	51	0.0
-4460.0	57	0.0
-4459.0	50	0.0
-4458.0	34	0.0
-4457.0	52	0.0
-4456.0	47	0.0
-4455.0	57	0.0
-4454.0	44	0.0
-4453.0	59	0.0
-4452.0	45	0.0
-4451.0	44	0.0
-4450.0	47	0.0
-4449.0	48	0.0
-4448.0	42	0.0
-4447.0	41	0.0
-4446.0	57	0.0
-4445.0	57	0.0
-4444.0	46	0.0
-4443.0	50	0.0
-4442.0	46	0.0
-4441.0	51	0.0
-4440.0	51	0.0
-4439.0	55	0.0
-4438.0	54	0.0
-4437.0	50	0.0
-4436.0	36	0.0
-4435.0	45	0.0
-4434.0	44	0.0
-4433.0	55	0.0
-4432.0	51	0.0
-4431.0	47	0.0
-4430.0	51	0.0
-4429.0	62	0.0
-4428.0	62	0.0
-4427.0	53	0.0
-4426.0	46	0.0
-4425.0	49	0.0
-4424.0	37	0.0
-4423.0	34	0.0
-4422.0	56	0.0
-4421.0	41	0.0
-4420.0	45	0.0
-4419.0	58	0.0
-4418.0	53	0.0
-4417.0	62	0.0
-4416.0	68	0.0
-4415.0	37	0.0
-4414.0	61	0.0
-4413.0	41	0.0
-4412.0	42	0.0
-4411.0	62	0.0
-4410.0	53	0.0
-4409.0	59	0.0
-4408.0	51	0.0
-4407.0	48	0.0
-4406.0	59	0.0
-4405.0	46	0.0
-4404.0	49	0.0
-4403.0	45	0.0
-4402.0	48	0.0
-4401.0	51	0.0
-4400.0	63	0.0
-4399.0	49	0.0
-4398.0	44	0.0
-4397.0	45	0.0
-4396.0	64	0.0
-4395.0	44	0.0
-4394.0	58	0.0
-4393.0	50	0.0
-4392.0	55	0.0
-4391.0	50	0.0
-4390.0	52	0.0
-4389.0	58	0.0
-4388.0	54	0.0
-4387.0	56	0.0
-4386.0	52	0.0
-4385.0	45	0.0
-4384.0	49	0.0
-4383.0	47	0.0
-4382.0	52	0.0
-4381.0	44	0.0
-4380.0	42	0.0
-4379.0	49	0.0
-4378.0	41	0.0
-4377.0	47	0.0
-4376.0	53	0.0
-4375.0	48	0.0
-4374.0	48	0.0
-4373.0	52	0.0
-4372.0	53	0.0
-4371.0	45	0.0
-4370.0	44	0.0
-4369.0	41	0.0
-4368.0	46	0.0
-4367.0	56	0.0
-4366.0	40	0.0
-4365.0	54	0.0
-4364.0	55	0.0
-4363.0	46	0.0
-4362.0	46	0.0
-4361.0	56	0.0
-4360.0	53	0.0
-4359.0	46	0.0
-4358.0	48	0.0
-4357.0	49	0.0
-4356.0	56	0.0
-4355.0	54	0.0
-4354.0	49	0.0
-4353.0	56	0.0
-4352.0	45	0.0
-4351.0	49	0.0
-4350.0	48	0.0
-4349.0	39	0.0
-4348.0	52	0.0
-4347.0	48	0.0
-4346.0	39	0.0
-4345.0	47	0.0
-4344.0	49	0.0
-4343.0	53	0.0
-4342.0	46	0.0
-4341.0	38	0.0
-4340.0	41	0.0
-4339.0	56	0.0
-4338.0	50	0.0
-4337.0	47	0.0
-4336.0	48	0.0
-4335.0	48	0.0
-4334.0	46	0.0
-4333.0	73	0.0
-4332.0	49	0.0
-4331.0	50	0.0
-4330.0	59	0.0
-4329.0	53	0.0
-4328.0	49	0.0
-4327.0	42	0.0
-4326.0	47	0.0
-4325.0	44	0.0
-4324.0	40	0.0
-4323.0	57	0.0
-4322.0	46	0.0
-4321.0	44	0.0
-4320.0	41	0.0
-4319.0	66	0.0
-4318.0	52	0.0
-4317.0	47	0.0
-4316.0	58	0.0
-4315.0	59	0.0
-4314.0	51	0.0
-4313.0	45	0.0
-4312.0	43	0.0
-4311.0	64	0.0
-4310.0	53	0.0
-4309.0	55	0.0
-4308.0	48	0.0
-4307.0	49	0.0
-4306.0	58	0.0
-4305.0	35	0.0
-4304.0	46	0.0
-4303.0	39	0.0
-4302.0	53	0.0
-4301.0	64	0.0
-4300.0	58	0.0
-4299.0	57	0.0
-4298.0	40	0.0
-4297.0	39	0.0
-4296.0	46	0.0
-4295.0	54	0.0
-4294.0	52	0.0
-4293.0	51	0.0
-4292.0	66	0.0
-4291.0	57	0.0
-4290.0	45	0.0
-4289.0	55	0.0
-4288.0	60	0.0
-4287.0	53	0.0
-4286.0	40	0.0
-4285.0	45	0.0
-4284.0	56	0.0
-4283.0	61	0.0
-4282.0	56	0.0
-4281.0	45	0.0
-4280.0	44	0.0
-4279.0	42	0.0
-4278.0	44	0.0
-4277.0	40	0.0
-4276.0	43	0.0
-4275.0	45	0.0
-4274.0	64	0.0
-4273.0	50	0.0
-4272.0	51	0.0
-4271.0	50	0.0
-4270.0	47	0.0
-4269.0	51	0.0
-4268.0	51	0.0
-4267.0	55	0.0
-4266.0	38	0.0
-4265.0	44	0.0
-4264.0	47	0.0
-4263.0	50	0.0
-4262.0	44	0.0
-4261.0	60	0.0
-4260.0	48	0.0
-4259.0	51	0.0
-4258.0	40	0.0
-4257.0	40	0.0
-4256.0	45	0.0
-4255.0	55	0.0
-4254.0	52	0.0
-4253.0	53	0.0
-4252.0	60	0.0
-4251.0	41	0.0
-4250.0	57	0.0
-4249.0	57	0.0
-4248.0	38	0.0
-4247.0	60	0.0
-4246.0	55	0.0
-4245.0	50	0.0
-4244.0	55	0.0
-4243.0	57	0.0
-4242.0	48	0.0
-4241.0	60	0.0
-4240.0	42	0.0
-4239.0	49	0.0
-4238.0	50	0.0
-4237.0	41	0.0
-4236.0	55	0.0
-4235.0	59	0.0
-4234.0	51	0.0
-4233.0	51	0.0
-4232.0	54	0.0
-4231.0	54	0.0
-4230.0	53	0.0
-4229.0	45	0.0
-4228.0	39	0.0
-4227.0	36	0.0
-4226.0	51	0.0
-4225.0	54	0.0
-4224.0	44	0.0
-4223.0	39	0.0
-4222.0	43	0.0
-4221.0	41	0.0
-4220.0	41	0.0
-4219.0	46	0.0
-4218.0	50	0.0
-4217.0	44	0.0
-4216.0	50	0.0
-4215.0	38	0.0
-4214.0	39	0.0
-4213.0	55	0.0
-4212.0	39	0.0
-4211.0	54	0.0
-4210.0	50	0.0
-4209.0	50	0.0
-4208.0	50	0.0
-4207.0	55	0.0
-4206.0	49	0.0
-4205.0	42	0.0
-4204.0	52	0.0
-4203.0	34	0.0
-4202.0	54	0.0
-4201.0	63	0.0
-4200.0	38	0.0
-4199.0	45	0.0
-4198.0	49	0.0
-4197.0	54	0.0
-4196.0	43	0.0
-4195.0	48	0.0
-4194.0	38	0.0
-4193.0	45	0.0
-4192.0	44	0.0
-4191.0	64	0.0
-4190.0	42	0.0
-4189.0	56	0.0
-4188.0	57	0.0
-4187.0	51	0.0
-4186.0	44	0.0
-4185.0	41	0.0
-4184.0	34	0.0
-4183.0	47	0.0
-4182.0	47	0.0
-4181.0	56	0.0
-4180.0	49	0.0
-4179.0	48	0.0
-4178.0	52	0.0
-4177.0	54	0.0
-4176.0	60	0.0
-4175.0	46	0.0
-4174.0	36	0.0
-4173.0	54	0.0
-4172.0	49	0.0
-4171.0	51	0.0
-4170.0	58	0.0
-4169.0	57	0.0
-4168.0	42	0.0
-4167.0	56	0.0
-4166.0	45	0.0
-4165.0	48	0.0
-4164.0	42	0.0
-4163.0	49	0.0
-4162.0	41	0.0
-4161.0	60	0.0
-4160.0	59	0.0
-4159.0	56	0.0
-4158.0	39	0.0
-4157.0	48	0.0
-4156.0	58	0.0
-4155.0	54	0.0
-4154.0	56	0.0
-4153.0	46	0.0
-4152.0	63	0.0
-4151.0	55	0.0
-4150.0	53	0.0
-4149.0	47	0.0
-4148.0	54	0.0
-4147.0	44	0.0
-4146.0	50	0.0
-4145.0	49	0.0
-4144.0	44	0.0
-4143.0	38	0.0
-4142.0	50	0.0
-4141.0	50	0.0
-4140.0	35	0.0
-4139.0	45	0.0
-4138.0	43	0.0
-4137.0	48	0.0
-4136.0	51	0.0
-4135.0	54	0.0
-4134.0	61	0.0
-4133.0	56	0.0
-4132.0	42	0.0
-4131.0	50	0.0
-4130.0	55	0.0
-4129.0	29	0.0
-4128.0	41	0.0
-4127.0	34	0.0
-4126.0	68	0.0
-4125.0	53	0.0
-4124.0	56	0.0
-4123.0	49	0.0
-4122.0	47	0.0
-4121.0	52	0.0
-4120.0	49	0.0
-4119.0	55	0.0
-4118.0	52	0.0
-4117.0	48	0.0
-4116.0	58	0.0
-4115.0	69	0.0
-4114.0	60	0.0
-4113.0	50	0.0
-4112.0	46	0.0
-4111.0	47	0.0
-4110.0	51	0.0
-4109.0	56	0.0
-4108.0	38	0.0
-4107.0	39	0.0
-4106.0	50	0.0
-4105.0	47	0.0
-4104.0	50	0.0
-4103.0	49	0.0
-4102.0	48	0.0
-4101.0	42	0.0
-4100.0	47	0.0
-4099.0	45	0.0
-4098.0	55	0.0
-4097.0	51	0.0
-4096.0	57	0.0
-4095.0	43	0.0
-4094.0	60	0.0
-4093.0	61	0.0
-4092.0	58	0.0
-4091.0	46	0.0
-4090.0	61	0.0
-4089.0	49	0.0
-4088.0	39	0.0
-4087.0	46	0.0
-4086.0	44	0.0
-4085.0	52	0.0
-4084.0	50	0.0
-4083.0	55	0.0
-4082.0	46	0.0
-4081.0	55	0.0
-4080.0	46	0.0
-4079.0	44	0.0
-4078.0	35	0.0
-4077.0	54	0.0
-4076.0	51	0.0
-4075.0	60	0.0
-4074.0	32	0.0
-4073.0	38	0.0
-4072.0	47	0.0
-4071.0	58	0.0
-4070.0	47	0.0
-4069.0	44	0.0
-4068.0	48	0.0
-4067.0	38	0.0
-4066.0	49	0.0
-4065.0	65	0.0
-4064.0	46	0.0
-4063.0	43	0.0
-4062.0	47	0.0
-4061.0	50	0.0
-4060.0	40	0.0
-4059.0	65	0.0
-4058.0	53	0.0
-4057.0	31	0.0
-4056.0	46	0.0
-4055.0	52	0.0
-4054.0	49	0.0
-4053.0	43	0.0
-4052.0	44	0.0
-4051.0	48	0.0
-4050.0	49	0.0
-4049.0	45	0.0
-4048.0	59	0.0
-4047.0	56	0.0
-4046.0	60	0.0
-4045.0	43	0.0
-4044.0	51	0.0
-4043.0	50	0.0
-4042.0	61	0.0
-4041.0	44	0.0
-4040.0	46	0.0
-4039.0	45	0.0
-4038.0	49	0.0
-4037.0	37	0.0
-4036.0	62	0.0
-4035.0	52	0.0
-4034.0	38	0.0
-4033.0	56	0.0
-4032.0	57	0.0
-4031.0	47	0.0
-4030.0	55	0.0
-4029.0	42	0.0
-4028.0	63	0.0
-4027.0	43	0.0
-4026.0	41	0.0
-4025.0	47	0.0
-4024.0	47	0.0
-4023.0	67	0.0
-4022.0	58	0.0
-4021.0	41	0.0
-4020.0	67	0.0
-4019.0	54	0.0
-4018.0	61	0.0
-4017.0	48	0.0
-4016.0	47	0.0
-4015.0	50	0.0
-4014.0	49	0.0
-4013.0	65	0.0
-4012.0	50	0.0
-4011.0	42	0.0
-4010.0	47	0.0
-4009.0	50	0.0
-4008.0	47	0.0
-4007.0	46	0.0
-4006.0	50	0.0
-4005.0	55	0.0
-4004.0	45	0.0
-4003.0	45	0.0
-4002.0	49	0.0
-4001.0	48	0.0
-4000.0	43	0.0
-3999.0	54	0.0
-3998.0	52	0.0
-3997.0	45	0.0
-3996.0	38	0.0
-3995.0	40	0.0
-3994.0	42	0.0
-3993.0	47	0.0
-3992.0	40	0.0
-3991.0	58	0.0
-3990.0	49	0.0
-3989.0	54	0.0
-3988.0	56	0.0
-3987.0	67	0.0
-3986.0	48	0.0
-3985.0	53	0.0
-3984.0	54	0.0
-3983.0	53	0.0
-3982.0	61	0.0
-3981.0	52	0.0
-3980.0	64	0.0
-3979.0	48	0.0
-3978.0	43	0.0
-3977.0	42	0.0
-3976.0	46	0.0
-3975.0	41	0.0
-3974.0	46	0.0
-3973.0	48	0.0
-3972.0	52	0.0
-3971.0	44	0.0
-3970.0	56	0.0
-3969.0	41	0.0
-3968.0	59	0.0
-3967.0	51	0.0
-3966.0	47	0.0
-3965.0	58	0.0
-3964.0	41	0.0
-3963.0	41	0.0
-3962.0	51	0.0
-3961.0	52	0.0
-3960.0	49	0.0
-3959.0	51	0.0
-3958.0	45	0.0
-3957.0	43	0.0
-3956.0	59	0.0
-3955.0	58	0.0
-3954.0	52	0.0
-3953.0	42	0.0
-3952.0	41	0.0
-3951.0	43	0.0
-3950.0	59	0.0
-3949.0	56	0.0
-3948.0	50	0.0
-3947.0	60	0.0
-3946.0	55	0.0
-3945.0	52	0.0
-3944.0	55	0.0
-3943.0	58	0.0
-3942.0	55	0.0
-3941.0	44	0.0
-3940.0	49	0.0
-3939.0	41	0.0
-3938.0	48	0.0
-3937.0	43	0.0
-3936.0	52	0.0
-3935.0	43	0.0
-3934.0	52	0.0
-3933.0	43	0.0
-3932.0	47	0.0
-3931.0	51	0.0
-3930.0	51	0.0
-3929.0	54	0.0
-3928.0	58	0.0
-3927.0	58	0.0
-3926.0	50	0.0
-3925.0	50	0.0
-3924.0	61	0.0
-3923.0	57	0.0
-3922.0	42	0.0
-3921.0	51	0.0
-3920.0	59	0.0
-3919.0	52	0.0
-3918.0	59	0.0
-3917.0	51	0.0
-3916.0	46	0.0
-3915.0	49	0.0
-3914.0	53	0.0
-3913.0	67	0.0
-3912.0	43	0.0
-3911.0	56	0.0
-3910.0	54	0.0
-3909.0	49	0.0
-3908.0	59	0.0
-3907.0	59	0.0
-3906.0	60	0.0
-3905.0	46	0.0
-3904.0	54	0.0
-3903.0	47	0.0
-3902.0	70	0.0
-3901.0	46	0.0
-3900.0	45	0.0
-3899.0	49	0.0
-3898.0	43	0.0
-3897.0	46	0.0
-3896.0	54	0.0
-3895.0	56	0.0
-3894.0	50	0.0
-3893.0	40	0.0
-3892.0	46	0.0
-3891.0	69	0.0
-3890.0	58	0.0
-3889.0	49	0.0
-3888.0	51	0.0
-3887.0	49	0.0
-3886.0	62	0.0
-3885.0	57	0.0
-3884.0	47	0.0
-3883.0	56	0.0
-3882.0	59	0.0
-3881.0	55	0.0
-3880.0	46	0.0
-3879.0	47	0.0
-3878.0	48	0.0
-3877.0	49	0.0
-3876.0	45	0.0
-3875.0	43	0.0
-3874.0	53	0.0
-3873.0	58	0.0
-3872.0	51	0.0
-3871.0	46	0.0
-3870.0	50	0.0
-3869.0	53	0.0
-3868.0	51	0.0
-3867.0	55	0.0
-3866.0	45	0.0
-3865.0	55	0.0
-3864.0	50	0.0
-3863.0	39	0.0
-3862.0	52	0.0
-3861.0	61	0.0
-3860.0	41	0.0
-3859.0	47	0.0
-3858.0	55	0.0
-3857.0	51	0.0
-3856.0	52	0.0
-3855.0	34	0.0
-3854.0	49	0.0
-3853.0	53	0.0
-3852.0	55	0.0
-3851.0	53	0.0
-3850.0	39	0.0
-3849.0	37	0.0
-3848.0	60	0.0
-3847.0	58	0.0
-3846.0	44	0.0
-3845.0	61	0.0
-3844.0	42	0.0
-3843.0	45	0.0
-3842.0	34	0.0
-3841.0	43	0.0
-3840.0	48	0.0
-3839.0	55	0.0
-3838.0	49	0.0
-3837.0	51	0.0
-3836.0	41	0.0
-3835.0	47	0.0
-3834.0	39	0.0
-3833.0	46	0.0
-3832.0	52	0.0
-3831.0	56	0.0
-3830.0	45	0.0
-3829.0	58	0.0
-3828.0	52	0.0
-3827.0	52	0.0
-3826.0	51	0.0
-3825.0	32	0.0
-3824.0	43	0.0
-3823.0	53	0.0
-3822.0	42	0.0
-3821.0	51	0.0
-3820.0	35	0.0
-3819.0	44	0.0
-3818.0	63	0.0
-3817.0	37	0.0
-3816.0	42	0.0
-3815.0	71	0.0
-3814.0	46	0.0
-3813.0	53	0.0
-3812.0	68	0.0
-3811.0	59	0.0
-3810.0	46	0.0
-3809.0	41	0.0
-3808.0	49	0.0
-3807.0	55	0.0
-3806.0	46	0.0
-3805.0	49	0.0
-3804.0	60	0.0
-3803.0	60	0.0
-3802.0	50	0.0
-3801.0	42	0.0
-3800.0	46	0.0
-3799.0	46	0.0
-3798.0	55	0.0
-3797.0	60	0.0
-3796.0	46	0.0
-3795.0	48	0.0
-3794.0	50	0.0
-3793.0	41	0.0
-3792.0	37	0.0
-3791.0	61	0.0
-3790.0	45	0.0
-3789.0	57	0.0
-3788.0	35	0.0
-3787.0	48	0.0
-3786.0	51	0.0
-3785.0	42	0.0
-3784.0	51	0.0
-3783.0	48	0.0
-3782.0	59	0.0
-3781.0	48	0.0
-3780.0	51	0.0
-3779.0	46	0.0
-3778.0	69	0.0
-3777.0	57	0.0
-3776.0	57	0.0
-3775.0	60	0.0
-3774.0	57	0.0
-3773.0	50	0.0
-3772.0	52	0.0
-3771.0	54	0.0
-3770.0	54	0.0
-3769.0	45	0.0
-3768.0	47	0.0
-3767.0	49	0.0
-3766.0	62	0.0
-3765.0	42	0.0
-3764.0	48	0.0
-3763.0	44	0.0
-3762.0	49	0.0
-3761.0	46	0.0
-3760.0	47	0.0
-3759.0	55	0.0
-3758.0	54	0.0
-3757.0	63	0.0
-3756.0	60	0.0
-3755.0	41	0.0
-3754.0	42	0.0
-3753.0	55	0.0
-3752.0	37	0.0
-3751.0	50	0.0
-3750.0	45	0.0
-3749.0	62	0.0
-3748.0	48	0.0
-3747.0	53	0.0
-3746.0	50	0.0
-3745.0	45	0.0
-3744.0	55	0.0
-3743.0	64	0.0
-3742.0	47	0.0
-3741.0	54	0.0
-3740.0	41	0.0
-3739.0	54	0.0
-3738.0	56	0.0
-3737.0	55	0.0
-3736.0	39	0.0
-3735.0	45	0.0
-3734.0	41	0.0
-3733.0	52	0.0
-3732.0	44	0.0
-3731.0	48	0.0
-3730.0	38	0.0
-3729.0	46	0.0
-3728.0	53	0.0
-3727.0	48	0.0
-3726.0	64	0.0
-3725.0	52	0.0
-3724.0	49	0.0
-3723.0	55	0.0
-3722.0	59	0.0
-3721.0	54	0.0
-3720.0	35	0.0
-3719.0	58	0.0
-3718.0	40	0.0
-3717.0	55	0.0
-3716.0	52	0.0
-3715.0	57	0.0
-3714.0	64	0.0
-3713.0	36	0.0
-3712.0	66	0.0
-3711.0	39	0.0
-3710.0	44	0.0
-3709.0	49	0.0
-3708.0	43	0.0
-3707.0	52	0.0
-3706.0	49	0.0
-3705.0	51	0.0
-3704.0	40	0.0
-3703.0	49	0.0
-3702.0	60	0.0
-3701.0	54	0.0
-3700.0	65	0.0
-3699.0	64	0.0
-3698.0	44	0.0
-3697.0	50	0.0
-3696.0	37	0.0
-3695.0	57	0.0
-3694.0	63	0.0
-3693.0	51	0.0
-3692.0	53	0.0
-3691.0	56	0.0
-3690.0	45	0.0
-3689.0	50	0.0
-3688.0	50	0.0
-3687.0	40	0.0
-3686.0	56	0.0
-3685.0	53	0.0
-3684.0	55	0.0
-3683.0	51	0.0
-3682.0	58	0.0
-3681.0	63	0.0
-3680.0	52	0.0
-3679.0	50	0.0
-3678.0	59	0.0
-3677.0	45	0.0
-3676.0	50	0.0
-3675.0	49	0.0
-3674.0	43	0.0
-3673.0	58	0.0
-3672.0	42	0.0
-3671.0	46	0.0
-3670.0	52	0.0
-3669.0	42	0.0
-3668.0	46	0.0
-3667.0	43	0.0
-3666.0	52	0.0
-3665.0	56	0.0
-3664.0	44	0.0
-3663.0	45	0.0
-3662.0	51	0.0
-3661.0	48	0.0
-3660.0	59	0.0
-3659.0	54	0.0
-3658.0	43	0.0
-3657.0	46	0.0
-3656.0	52	0.0
-3655.0	43	0.0
-3654.0	48	0.0
-3653.0	55	0.0
-3652.0	54	0.0
-3651.0	75	0.0
-3650.0	52	0.0
-3649.0	56	0.0
-3648.0	49	0.0
-3647.0	48	0.0
-3646.0	66	0.0
-3645.0	47	0.0
-3644.0	40	0.0
-3643.0	48	0.0
-3642.0	46	0.0
-3641.0	54	0.0
-3640.0	56	0.0
-3639.0	46	0.0
-3638.0	54	0.0
-3637.0	50	0.0
-3636.0	49	0.0
-3635.0	53	0.0
-3634.0	52	0.0
-3633.0	50	0.0
-3632.0	59	0.0
-3631.0	45	0.0
-3630.0	44	0.0
-3629.0	47	0.0
-3628.0	50	0.0
-3627.0	46	0.0
-3626.0	43	0.0
-3625.0	40	0.0
-3624.0	49	0.0
-3623.0	57	0.0
-3622.0	50	0.0
-3621.0	49	0.0
-3620.0	41	0.0
-3619.0	47	0.0
-3618.0	53	0.0
-3617.0	55	0.0
-3616.0	58	0.0
-3615.0	51	0.0
-3614.0	38	0.0
-3613.0	49	0.0
-3612.0	40	0.0
-3611.0	49	0.0
-3610.0	50	0.0
-3609.0	48	0.0
-3608.0	46	0.0
-3607.0	54	0.0
-3606.0	48	0.0
-3605.0	52	0.0
-3604.0	52	0.0
-3603.0	43	0.0
-3602.0	49	0.0
-3601.0	59	0.0
-3600.0	51	0.0
-3599.0	49	0.0
-3598.0	54	0.0
-3597.0	49	0.0
-3596.0	46	0.0
-3595.0	63	0.0
-3594.0	43	0.0
-3593.0	57	0.0
-3592.0	47	0.0
-3591.0	55	0.0
-3590.0	58	0.0
-3589.0	45	0.0
-3588.0	45	0.0
-3587.0	50	0.0
-3586.0	61	0.0
-3585.0	51	0.0
-3584.0	47	0.0
-3583.0	43	0.0
-3582.0	48	0.0
-3581.0	57	0.0
-3580.0	50	0.0
-3579.0	56	0.0
-3578.0	59	0.0
-3577.0	54	0.0
-3576.0	41	0.0
-3575.0	48	0.0
-3574.0	49	0.0
-3573.0	49	0.0
-3572.0	49	0.0
-3571.0	52	0.0
-3570.0	51	0.0
-3569.0	38	0.0
-3568.0	45	0.0
-3567.0	49	0.0
-3566.0	51	0.0
-3565.0	56	0.0
-3564.0	59	0.0
-3563.0	58	0.0
-3562.0	38	0.0
-3561.0	46	0.0
-3560.0	64	0.0
-3559.0	48	0.0
-3558.0	46	0.0
-3557.0	49	0.0
-3556.0	49	0.0
-3555.0	43	0.0
-3554.0	45	0.0
-3553.0	37	0.0
-3552.0	45	0.0
-3551.0	47	0.0
-3550.0	70	0.0
-3549.0	52	0.0
-3548.0	38	0.0
-3547.0	59	0.0
-3546.0	46	0.0
-3545.0	49	0.0
-3544.0	55	0.0
-3543.0	53	0.0
-3542.0	38	0.0
-3541.0	60	0.0
-3540.0	41	0.0
-3539.0	52	0.0
-3538.0	48	0.0
-3537.0	46	0.0
-3536.0	53	0.0
-3535.0	43	0.0
-3534.0	55	0.0
-3533.0	42	0.0
-3532.0	45	0.0
-3531.0	52	0.0
-3530.0	52	0.0
-3529.0	39	0.0
-3528.0	50	0.0
-3527.0	46	0.0
-3526.0	54	0.0
-3525.0	53	0.0
-3524.0	47	0.0
-3523.0	35	0.0
-3522.0	46	0.0
-3521.0	44	0.0
-3520.0	68	0.0
-3519.0	48	0.0
-3518.0	50	0.0
-3517.0	51	0.0
-3516.0	62	0.0
-3515.0	50	0.0
-3514.0	53	0.0
-3513.0	59	0.0
-3512.0	53	0.0
-3511.0	42	0.0
-3510.0	48	0.0
-3509.0	47	0.0
-3508.0	54	0.0
-3507.0	45	0.0
-3506.0	39	0.0
-3505.0	52	0.0
-3504.0	48	0.0
-3503.0	56	0.0
-3502.0	49	0.0
-3501.0	46	0.0
-3500.0	48	0.0
-3499.0	45	0.0
-3498.0	58	0.0
-3497.0	59	0.0
-3496.0	38	0.0
-3495.0	48	0.0
-3494.0	42	0.0
-3493.0	52	0.0
-3492.0	56	0.0
-3491.0	44	0.0
-3490.0	60	0.0
-3489.0	51	0.0
-3488.0	49	0.0
-3487.0	49	0.0
-3486.0	61	0.0
-3485.0	49	0.0
-3484.0	59	0.0
-3483.0	66	0.0
-3482.0	46	0.0
-3481.0	51	0.0
-3480.0	39	0.0
-3479.0	41	0.0
-3478.0	60	0.0
-3477.0	54	0.0
-3476.0	54	0.0
-3475.0	51	0.0
-3474.0	48	0.0
-3473.0	49	0.0
-3472.0	50	0.0
-3471.0	48	0.0
-3470.0	46	0.0
-3469.0	61	0.0
-3468.0	49	0.0
-3467.0	40	0.0
-3466.0	53	0.0
-3465.0	48	0.0
-3464.0	33	0.0
-3463.0	54	0.0
-3462.0	48	0.0
-3461.0	53	0.0
-3460.0	56	0.0
-3459.0	45	0.0
-3458.0	48	0.0
-3457.0	60	0.0
-3456.0	43	0.0
-3455.0	57	0.0
-3454.0	44	0.0
-3453.0	51	0.0
-3452.0	57	0.0
-3451.0	52	0.0
-3450.0	51	0.0
-3449.0	48	0.0
-3448.0	49	0.0
-3447.0	48	0.0
-3446.0	55	0.0
-3445.0	46	0.0
-3444.0	51	0.0
-3443.0	46	0.0
-3442.0	51	0.0
-3441.0	48	0.0
-3440.0	50	0.0
-3439.0	50	0.0
-3438.0	46	0.0
-3437.0	50	0.0
-3436.0	36	0.0
-3435.0	50	0.0
-3434.0	61	0.0
-3433.0	51	0.0
-3432.0	50	0.0
-3431.0	45	0.0
-3430.0	36	0.0
-3429.0	59	0.0
-3428.0	41	0.0
-3427.0	45	0.0
-3426.0	50	0.0
-3425.0	52	0.0
-3424.0	54	0.0
-3423.0	52	0.0
-3422.0	52	0.0
-3421.0	50	0.0
-3420.0	50	0.0
-3419.0	49	0.0
-3418.0	55	0.0
-3417.0	52	0.0
-3416.0	55	0.0
-3415.0	52	0.0
-3414.0	57	0.0
-3413.0	45	0.0
-3412.0	41	0.0
-3411.0	62	0.0
-3410.0	43	0.0
-3409.0	49	0.0
-3408.0	59	0.0
-3407.0	56	0.0
-3406.0	44	0.0
-3405.0	61	0.0
-3404.0	51	0.0
-3403.0	53	0.0
-3402.0	41	0.0
-3401.0	61	0.0
-3400.0	52	0.0
-3399.0	46	0.0
-3398.0	60	0.0
-3397.0	53	0.0
-3396.0	60	0.0
-3395.0	50	0.0
-3394.0	52	0.0
-3393.0	53	0.0
-3392.0	43	0.0
-3391.0	46	0.0
-3390.0	52	0.0
-3389.0	47	0.0
-3388.0	56	0.0
-3387.0	56	0.0
-3386.0	48	0.0
-3385.0	44	0.0
-3384.0	56	0.0
-3383.0	53	0.0
-3382.0	54	0.0
-3381.0	55	0.0
-3380.0	42	0.0
-3379.0	55	0.0
-3378.0	31	0.0
-3377.0	59	0.0
-3376.0	58	0.0
-3375.0	51	0.0
-3374.0	58	0.0
-3373.0	59	0.0
-3372.0	52	0.0
-3371.0	49	0.0
-3370.0	45	0.0
-3369.0	50	0.0
-3368.0	37	0.0
-3367.0	57	0.0
-3366.0	65	0.0
-3365.0	50	0.0
-3364.0	46	0.0
-3363.0	45	0.0
-3362.0	51	0.0
-3361.0	66	0.0
-3360.0	55	0.0
-3359.0	37	0.0
-3358.0	57	0.0
-3357.0	46	0.0
-3356.0	54	0.0
-3355.0	64	0.0
-3354.0	57	0.0
-3353.0	40	0.0
-3352.0	43	0.0
-3351.0	58	0.0
-3350.0	56	0.0
-3349.0	46	0.0
-3348.0	55	0.0
-3347.0	51	0.0
-3346.0	48	0.0
-3345.0	48	0.0
-3344.0	49	0.0
-3343.0	40	0.0
-3342.0	47	0.0
-3341.0	45	0.0
-3340.0	48	0.0
-3339.0	52	0.0
-3338.0	46	0.0
-3337.0	60	0.0
-3336.0	46	0.0
-3335.0	56	0.0
-3334.0	45	0.0
-3333.0	57	0.0
-3332.0	47	0.0
-3331.0	49	0.0
-3330.0	53	0.0
-3329.0	46	0.0
-3328.0	53	0.0
-3327.0	56	0.0
-3326.0	59	0.0
-3325.0	46	0.0
-3324.0	41	0.0
-3323.0	63	0.0
-3322.0	45	0.0
-3321.0	53	0.0
-3320.0	44	0.0
-3319.0	45	0.0
-3318.0	47	0.0
-3317.0	39	0.0
-3316.0	60	0.0
-3315.0	44	0.0
-3314.0	50	0.0
-3313.0	54	0.0
-3312.0	46	0.0
-3311.0	49	0.0
-3310.0	47	0.0
-3309.0	41	0.0
-3308.0	47	0.0
-3307.0	48	0.0
-3306.0	60	0.0
-3305.0	39	0.0
-3304.0	54	0.0
-3303.0	56	0.0
-3302.0	45	0.0
-3301.0	51	0.0
-3300.0	38	0.0
-3299.0	46	0.0
-3298.0	41	0.0
-3297.0	46	0.0
-3296.0	48	0.0
-3295.0	37	0.0
-3294.0	46	0.0
-3293.0	44	0.0
-3292.0	58	0.0
-3291.0	51	0.0
-3290.0	41	0.0
-3289.0	45	0.0
-3288.0	50	0.0
-3287.0	47	0.0
-3286.0	59	0.0
-3285.0	46	0.0
-3284.0	42	0.0
-3283.0	52	0.0
-3282.0	66	0.0
-3281.0	46	0.0
-3280.0	49	0.0
-3279.0	73	0.0
-3278.0	64	0.0
-3277.0	47	0.0
-3276.0	69	0.0
-3275.0	41	0.0
-3274.0	49	0.0
-3273.0	53	0.0
-3272.0	51	0.0
-3271.0	46	0.0
-3270.0	47	0.0
-3269.0	51	0.0
-3268.0	54	0.0
-3267.0	49	0.0
-3266.0	49	0.0
-3265.0	33	0.0
-3264.0	41	0.0
-3263.0	48	0.0
-3262.0	50	0.0
-3261.0	37	0.0
-3260.0	52	0.0
-3259.0	50	0.0
-3258.0	49	0.0
-3257.0	39	0.0
-3256.0	54	0.0
-3255.0	56	0.0
-3254.0	57	0.0
-3253.0	46	0.0
-3252.0	46	0.0
-3251.0	57	0.0
-3250.0	39	0.0
-3249.0	62	0.0
-3248.0	57	0.0
-3247.0	57	0.0
-3246.0	50	0.0
-3245.0	54	0.0
-3244.0	55	0.0
-3243.0	50	0.0
-3242.0	49	0.0
-3241.0	45	0.0
-3240.0	44	0.0
-3239.0	49	0.0
-3238.0	39	0.0
-3237.0	43	0.0
-3236.0	44	0.0
-3235.0	50	0.0
-3234.0	37	0.0
-3233.0	55	0.0
-3232.0	52	0.0
-3231.0	47	0.0
-3230.0	48	0.0
-3229.0	43	0.0
-3228.0	45	0.0
-3227.0	39	0.0
-3226.0	60	0.0
-3225.0	44	0.0
-3224.0	59	0.0
-3223.0	38	0.0
-3222.0	56	0.0
-3221.0	58	0.0
-3220.0	57	0.0
-3219.0	48	0.0
-3218.0	38	0.0
-3217.0	61	0.0
-3216.0	39	0.0
-3215.0	61	0.0
-3214.0	53	0.0
-3213.0	52	0.0
-3212.0	55	0.0
-3211.0	50	0.0
-3210.0	44	0.0
-3209.0	55	0.0
-3208.0	48	0.0
-3207.0	56	0.0
-3206.0	52	0.0
-3205.0	41	0.0
-3204.0	51	0.0
-3203.0	53	0.0
-3202.0	46	0.0
-3201.0	49	0.0
-3200.0	52	0.0
-3199.0	40	0.0
-3198.0	59	0.0
-3197.0	47	0.0
-3196.0	56	0.0
-3195.0	53	0.0
-3194.0	46	0.0
-3193.0	56	0.0
-3192.0	44	0.0
-3191.0	58	0.0
-3190.0	46	0.0
-3189.0	53	0.0
-3188.0	55	0.0
-3187.0	42	0.0
-3186.0	48	0.0
-3185.0	44	0.0
-3184.0	48	0.0
-3183.0	63	0.0
-3182.0	53	0.0
-3181.0	44	0.0
-3180.0	50	0.0
-3179.0	44	0.0
-3178.0	58	0.0
-3177.0	54	0.0
-3176.0	54	0.0
-3175.0	52	0.0
-3174.0	50	0.0
-3173.0	60	0.0
-3172.0	47	0.0
-3171.0	52	0.0
-3170.0	50	0.0
-3169.0	45	0.0
-3168.0	47	0.0
-3167.0	56	0.0
-3166.0	46	0.0
-3165.0	51	0.0
-3164.0	55	0.0
-3163.0	66	0.0
-3162.0	57	0.0
-3161.0	46	0.0
-3160.0	48	0.0
-3159.0	57	0.0
-3158.0	52	0.0
-3157.0	56	0.0
-3156.0	60	0.0
-3155.0	39	0.0
-3154.0	47	0.0
-3153.0	46	0.0
-3152.0	52	0.0
-3151.0	46	0.0
-3150.0	36	0.0
-3149.0	55	0.0
-3148.0	46	0.0
-3147.0	59	0.0
-3146.0	55	0.0
-3145.0	39	0.0
-3144.0	42	0.0
-3143.0	48	0.0
-3142.0	59	0.0
-3141.0	58	0.0
-3140.0	53	0.0
-3139.0	55	0.0
-3138.0	43	0.0
-3137.0	51	0.0
-3136.0	46	0.0
-3135.0	39	0.0
-3134.0	41	0.0
-3133.0	40	0.0
-3132.0	42	0.0
-3131.0	56	0.0
-3130.0	38	0.0
-3129.0	44	0.0
-3128.0	49	0.0
-3127.0	48	0.0
-3126.0	47	0.0
-3125.0	49	0.0
-3124.0	57	0.0
-3123.0	46	0.0
-3122.0	53	0.0
-3121.0	37	0.0
-3120.0	39	0.0
-3119.0	51	0.0
-3118.0	43	0.0
-3117.0	55	0.0
-3116.0	50	0.0
-3115.0	50	0.0
-3114.0	52	0.0
-3113.0	39	0.0
-3112.0	53	0.0
-3111.0	45	0.0
-3110.0	52	0.0
-3109.0	59	0.0
-3108.0	59	0.0
-3107.0	53	0.0
-3106.0	38	0.0
-3105.0	38	0.0
-3104.0	51	0.0
-3103.0	44	0.0
-3102.0	39	0.0
-3101.0	53	0.0
-3100.0	44	0.0
-3099.0	39	0.0
-3098.0	58	0.0
-3097.0	43	0.0
-3096.0	48	0.0
-3095.0	58	0.0
-3094.0	42	0.0
-3093.0	47	0.0
-3092.0	46	0.0
-3091.0	64	0.0
-3090.0	39	0.0
-3089.0	47	0.0
-3088.0	53	0.0
-3087.0	63	0.0
-3086.0	52	0.0
-3085.0	45	0.0
-3084.0	57	0.0
-3083.0	46	0.0
-3082.0	49	0.0
-3081.0	37	0.0
-3080.0	50	0.0
-3079.0	60	0.0
-3078.0	49	0.0
-3077.0	48	0.0
-3076.0	47	0.0
-3075.0	46	0.0
-3074.0	33	0.0
-3073.0	36	0.0
-3072.0	57	0.0
-3071.0	36	0.0
-3070.0	50	0.0
-3069.0	50	0.0
-3068.0	48	0.0
-3067.0	47	0.0
-3066.0	47	0.0
-3065.0	53	0.0
-3064.0	47	0.0
-3063.0	34	0.0
-3062.0	44	0.0
-3061.0	61	0.0
-3060.0	53	0.0
-3059.0	49	0.0
-3058.0	51	0.0
-3057.0	59	0.0
-3056.0	47	0.0
-3055.0	48	0.0
-3054.0	40	0.0
-3053.0	47	0.0
-3052.0	42	0.0
-3051.0	42	0.0
-3050.0	55	0.0
-3049.0	48	0.0
-3048.0	42	0.0
-3047.0	61	0.0
-3046.0	60	0.0
-3045.0	40	0.0
-3044.0	54	0.0
-3043.0	45	0.0
-3042.0	45	0.0
-3041.0	39	0.0
-3040.0	59	0.0
-3039.0	56	0.0
-3038.0	48	0.0
-3037.0	42	0.0
-3036.0	38	0.0
-3035.0	60	0.0
-3034.0	52	0.0
-3033.0	57	0.0
-3032.0	53	0.0
-3031.0	54	0.0
-3030.0	46	0.0
-3029.0	63	0.0
-3028.0	65	0.0
-3027.0	47	0.0
-3026.0	50	0.0
-3025.0	48	0.0
-3024.0	46	0.0
-3023.0	52	0.0
-3022.0	56	0.0
-3021.0	48	0.0
-3020.0	47	0.0
-3019.0	50	0.0
-3018.0	44	0.0
-3017.0	51	0.0
-3016.0	45	0.0
-3015.0	49	0.0
-3014.0	51	0.0
-3013.0	52	0.0
-3012.0	42	0.0
-3011.0	54	0.0
-3010.0	48	0.0
-3009.0	50	0.0
-3008.0	62	0.0
-3007.0	58	0.0
-3006.0	52	0.0
-3005.0	46	0.0
-3004.0	50	0.0
-3003.0	52	0.0
-3002.0	63	0.0
-3001.0	38	0.0
-3000.0	64	0.0
-2999.0	41	0.0
-2998.0	44	0.0
-2997.0	38	0.0
-2996.0	46	0.0
-2995.0	35	0.0
-2994.0	57	0.0
-2993.0	57	0.0
-2992.0	62	0.0
-2991.0	52	0.0
-2990.0	57	0.0
-2989.0	59	0.0
-2988.0	58	0.0
-2987.0	54	0.0
-2986.0	35	0.0
-2985.0	53	0.0
-2984.0	47	0.0
-2983.0	53	0.0
-2982.0	32	0.0
-2981.0	61	0.0
-2980.0	42	0.0
-2979.0	44	0.0
-2978.0	50	0.0
-2977.0	53	0.0
-2976.0	51	0.0
-2975.0	39	0.0
-2974.0	42	0.0
-2973.0	54	0.0
-2972.0	51	0.0
-2971.0	52	0.0
-2970.0	52	0.0
-2969.0	45	0.0
-2968.0	46	0.0
-2967.0	46	0.0
-2966.0	49	0.0
-2965.0	59	0.0
-2964.0	57	0.0
-2963.0	43	0.0
-2962.0	47	0.0
-2961.0	49	0.0
-2960.0	50	0.0
-2959.0	49	0.0
-2958.0	45	0.0
-2957.0	64	0.0
-2956.0	50	0.0
-2955.0	48	0.0
-2954.0	55	0.0
-2953.0	59	0.0
-2952.0	48	0.0
-2951.0	58	0.0
-2950.0	53	0.0
-2949.0	68	0.0
-2948.0	47	0.0
-2947.0	53	0.0
-2946.0	43	0.0
-2945.0	50	0.0
-2944.0	46	0.0
-2943.0	45	0.0
-2942.0	34	0.0
-2941.0	60	0.0
-2940.0	46	0.0
-2939.0	44	0.0
-2938.0	67	0.0
-2937.0	43	0.0
-2936.0	52	0.0
-2935.0	53	0.0
-2934.0	49	0.0
-2933.0	47	0.0
-2932.0	48	0.0
-2931.0	44	0.0
-2930.0	59	0.0
-2929.0	44	0.0
-2928.0	36	0.0
-2927.0	56	0.0
-2926.0	53	0.0
-2925.0	58	0.0
-2924.0	57	0.0
-2923.0	46	0.0
-2922.0	50	0.0
-2921.0	60	0.0
-2920.0	47	0.0
-2919.0	64	0.0
-2918.0	55	0.0
-2917.0	44	0.0
-2916.0	45	0.0
-2915.0	47	0.0
-2914.0	50	0.0
-2913.0	55	0.0
-2912.0	42	0.0
-2911.0	51	0.0
-2910.0	53	0.0
-2909.0	53	0.0
-2908.0	56	0.0
-2907.0	51	0.0
-2906.0	45	0.0
-2905.0	45	0.0
-2904.0	46	0.0
-2903.0	53	0.0
-2902.0	55	0.0
-2901.0	46	0.0
-2900.0	55	0.0
-2899.0	55	0.0
-2898.0	44	0.0
-2897.0	53	0.0
-2896.0	56	0.0
-2895.0	45	0.0
-2894.0	54	0.0
-2893.0	62	0.0
-2892.0	43	0.0
-2891.0	46	0.0
-2890.0	46	0.0
-2889.0	57	0.0
-2888.0	36	0.0
-2887.0	56	0.0
-2886.0	51	0.0
-2885.0	48	0.0
-2884.0	39	0.0
-2883.0	52	0.0
-2882.0	58	0.0
-2881.0	50	0.0
-2880.0	44	0.0
-2879.0	53	0.0
-2878.0	60	0.0
-2877.0	50	0.0
-2876.0	39	0.0
-2875.0	46	0.0
-2874.0	58	0.0
-2873.0	47	0.0
-2872.0	55	0.0
-2871.0	49	0.0
-2870.0	55	0.0
-2869.0	53	0.0
-2868.0	61	0.0
-2867.0	49	0.0
-2866.0	58	0.0
-2865.0	40	0.0
-2864.0	48	0.0
-2863.0	55	0.0
-2862.0	47	0.0
-2861.0	62	0.0
-2860.0	46	0.0
-2859.0	48	0.0
-2858.0	53	0.0
-2857.0	54	0.0
-2856.0	52	0.0
-2855.0	52	0.0
-2854.0	63	0.0
-2853.0	53	0.0
-2852.0	42	0.0
-2851.0	43	0.0
-2850.0	58	0.0
-2849.0	50	0.0
-2848.0	49	0.0
-2847.0	52	0.0
-2846.0	43	0.0
-2845.0	51	0.0
-2844.0	49	0.0
-2843.0	56	0.0
-2842.0	49	0.0
-2841.0	52	0.0
-2840.0	70	0.0
-2839.0	50	0.0
-2838.0	49	0.0
-2837.0	55	0.0
-2836.0	51	0.0
-2835.0	44	0.0
-2834.0	49	0.0
-2833.0	47	0.0
-2832.0	55	0.0
-2831.0	58	0.0
-2830.0	47	0.0
-2829.0	50	0.0
-2828.0	43	0.0
-2827.0	54	0.0
-2826.0	55	0.0
-2825.0	51	0.0
-2824.0	54	0.0
-2823.0	67	0.0
-2822.0	40	0.0
-2821.0	36	0.0
-2820.0	51	0.0
-2819.0	50	0.0
-2818.0	58	0.0
-2817.0	57	0.0
-2816.0	64	0.0
-2815.0	62	0.0
-2814.0	38	0.0
-2813.0	43	0.0
-2812.0	48	0.0
-2811.0	41	0.0
-2810.0	45	0.0
-2809.0	36	0.0
-2808.0	51	0.0
-2807.0	37	0.0
-2806.0	56	0.0
-2805.0	40	0.0
-2804.0	62	0.0
-2803.0	44	0.0
-2802.0	60	0.0
-2801.0	53	0.0
-2800.0	64	0.0
-2799.0	55	0.0
-2798.0	46	0.0
-2797.0	38	0.0
-2796.0	51	0.0
-2795.0	48	0.0
-2794.0	46	0.0
-2793.0	53	0.0
-2792.0	54	0.0
-2791.0	51	0.0
-2790.0	58	0.0
-2789.0	58	0.0
-2788.0	43	0.0
-2787.0	49	0.0
-2786.0	54	0.0
-2785.0	45	0.0
-2784.0	53	0.0
-2783.0	48	0.0
-2782.0	47	0.0
-2781.0	55	0.0
-2780.0	65	0.0
-2779.0	39	0.0
-2778.0	36	0.0
-2777.0	47	0.0
-2776.0	61	0.0
-2775.0	59	0.0
-2774.0	53	0.0
-2773.0	44	0.0
-2772.0	55	0.0
-2771.0	39	0.0
-2770.0	35	0.0
-2769.0	56	0.0
-2768.0	40	0.0
-2767.0	44	0.0
-2766.0	51	0.0
-2765.0	53	0.0
-2764.0	56	0.0
-2763.0	53	0.0
-2762.0	45	0.0
-2761.0	52	0.0
-2760.0	57	0.0
-2759.0	55	0.0
-2758.0	44	0.0
-2757.0	47	0.0
-2756.0	62	0.0
-2755.0	53	0.0
-2754.0	54	0.0
-2753.0	41	0.0
-2752.0	48	0.0
-2751.0	51	0.0
-2750.0	56	0.0
-2749.0	56	0.0
-2748.0	57	0.0
-2747.0	54	0.0
-2746.0	37	0.0
-2745.0	53	0.0
-2744.0	53	0.0
-2743.0	39	0.0
-2742.0	50	0.0
-2741.0	46	0.0
-2740.0	46	0.0
-2739.0	38	0.0
-2738.0	44	0.0
-2737.0	38	0.0
-2736.0	58	0.0
-2735.0	45	0.0
-2734.0	51	0.0
-2733.0	72	0.0
-2732.0	59	0.0
-2731.0	62	0.0
-2730.0	51	0.0
-2729.0	40	0.0
-2728.0	51	0.0
-2727.0	55	0.0
-2726.0	58	0.0
-2725.0	37	0.0
-2724.0	46	0.0
-2723.0	44	0.0
-2722.0	46	0.0
-2721.0	50	0.0
-2720.0	53	0.0
-2719.0	58	0.0
-2718.0	47	0.0
-2717.0	55	0.0
-2716.0	47	0.0
-2715.0	51	0.0
-2714.0	54	0.0
-2713.0	38	0.0
-2712.0	48	0.0
-2711.0	48	0.0
-2710.0	49	0.0
-2709.0	45	0.0
-2708.0	54	0.0
-2707.0	48	0.0
-2706.0	49	0.0
-2705.0	51	0.0
-2704.0	57	0.0
-2703.0	49	0.0
-2702.0	49	0.0
-2701.0	48	0.0
-2700.0	53	0.0
-2699.0	53	0.0
-2698.0	53	0.0
-2697.0	44	0.0
-2696.0	50	0.0
-2695.0	60	0.0
-2694.0	37	0.0
-2693.0	54	0.0
-2692.0	47	0.0
-2691.0	37	0.0
-2690.0	59	0.0
-2689.0	59	0.0
-2688.0	52	0.0
-2687.0	50	0.0
-2686.0	63	0.0
-2685.0	57	0.0
-2684.0	58	0.0
-2683.0	51	0.0
-2682.0	60	0.0
-2681.0	50	0.0
-2680.0	57	0.0
-2679.0	38	0.0
-2678.0	52	0.0
-2677.0	43	0.0
-2676.0	62	0.0
-2675.0	65	0.0
-2674.0	50	0.0
-2673.0	46	0.0
-2672.0	45	0.0
-2671.0	59	0.0
-2670.0	46	0.0
-2669.0	58	0.0
-2668.0	40	0.0
-2667.0	49	0.0
-2666.0	50	0.0
-2665.0	41	0.0
-2664.0	58	0.0
-2663.0	57	0.0
-2662.0	50	0.0
-2661.0	64	0.0
-2660.0	53	0.0
-2659.0	55	0.0
-2658.0	53	0.0
-2657.0	64	0.0
-2656.0	53	0.0
-2655.0	55	0.0
-2654.0	48	0.0
-2653.0	36	0.0
-2652.0	66	0.0
-2651.0	45	0.0
-2650.0	48	0.0
-2649.0	49	0.0
-2648.0	42	0.0
-2647.0	49	0.0
-2646.0	56	0.0
-2645.0	44	0.0
-2644.0	38	0.0
-2643.0	39	0.0
-2642.0	54	0.0
-2641.0	64	0.0
-2640.0	62	0.0
-2639.0	44	0.0
-2638.0	58	0.0
-2637.0	55	0.0
-2636.0	39	0.0
-2635.0	44	0.0
-2634.0	51	0.0
-2633.0	41	0.0
-2632.0	55	0.0
-2631.0	46	0.0
-2630.0	43	0.0
-2629.0	32	0.0
-2628.0	36	0.0
-2627.0	43	0.0
-2626.0	64	0.0
-2625.0	48	0.0
-2624.0	54	0.0
-2623.0	57	0.0
-2622.0	48	0.0
-2621.0	46	0.0
-2620.0	55	0.0
-2619.0	60	0.0
-2618.0	30	0.0
-2617.0	56	0.0
-2616.0	50	0.0
-2615.0	43	0.0
-2614.0	44	0.0
-2613.0	58	0.0
-2612.0	50	0.0
-2611.0	50	0.0
-2610.0	53	0.0
-2609.0	52	0.0
-2608.0	45	0.0
-2607.0	49	0.0
-2606.0	39	0.0
-2605.0	51	0.0
-2604.0	48	0.0
-2603.0	59	0.0
-2602.0	36	0.0
-2601.0	52	0.0
-2600.0	58	0.0
-2599.0	53	0.0
-2598.0	61	0.0
-2597.0	61	0.0
-2596.0	40	0.0
-2595.0	58	0.0
-2594.0	46	0.0
-2593.0	52	0.0
-2592.0	46	0.0
-2591.0	43	0.0
-2590.0	43	0.0
-2589.0	53	0.0
-2588.0	40	0.0
-2587.0	52	0.0
-2586.0	52	0.0
-2585.0	57	0.0
-2584.0	57	0.0
-2583.0	40	0.0
-2582.0	45	0.0
-2581.0	51	0.0
-2580.0	46	0.0
-2579.0	42	0.0
-2578.0	48	0.0
-2577.0	47	0.0
-2576.0	47	0.0
-2575.0	73	0.0
-2574.0	46	0.0
-2573.0	56	0.0
-2572.0	62	0.0
-2571.0	50	0.0
-2570.0	47	0.0
-2569.0	50	0.0
-2568.0	43	0.0
-2567.0	48	0.0
-2566.0	45	0.0
-2565.0	55	0.0
-2564.0	53	0.0
-2563.0	48	0.0
-2562.0	50	0.0
-2561.0	39	0.0
-2560.0	44	0.0
-2559.0	62	0.0
-2558.0	57	0.0
-2557.0	50	0.0
-2556.0	47	0.0
-2555.0	53	0.0
-2554.0	47	0.0
-2553.0	53	0.0
-2552.0	44	0.0
-2551.0	62	0.0
-2550.0	55	0.0
-2549.0	46	0.0
-2548.0	34	0.0
-2547.0	59	0.0
-2546.0	38	0.0
-2545.0	35	0.0
-2544.0	46	0.0
-2543.0	53	0.0
-2542.0	40	0.0
-2541.0	53	0.0
-2540.0	47	0.0
-2539.0	54	0.0
-2538.0	55	0.0
-2537.0	63	0.0
-2536.0	48	0.0
-2535.0	45	0.0
-2534.0	46	0.0
-2533.0	46	0.0
-2532.0	35	0.0
-2531.0	54	0.0
-2530.0	47	0.0
-2529.0	40	0.0
-2528.0	51	0.0
-2527.0	50	0.0
-2526.0	48	0.0
-2525.0	48	0.0
-2524.0	57	0.0
-2523.0	58	0.0
-2522.0	41	0.0
-2521.0	55	0.0
-2520.0	51	0.0
-2519.0	53	0.0
-2518.0	56	0.0
-2517.0	38	0.0
-2516.0	55	0.0
-2515.0	48	0.0
-2514.0	52	0.0
-2513.0	50	0.0
-2512.0	42	0.0
-2511.0	45	0.0
-2510.0	46	0.0
-2509.0	42	0.0
-2508.0	56	0.0
-2507.0	39	0.0
-2506.0	68	0.0
-2505.0	51	0.0
-2504.0	55	0.0
-2503.0	44	0.0
-2502.0	61	0.0
-2501.0	50	0.0
-2500.0	37	0.0
-2499.0	58	0.0
-2498.0	57	0.0
-2497.0	48	0.0
-2496.0	50	0.0
-2495.0	47	0.0
-2494.0	55	0.0
-2493.0	45	0.0
-2492.0	57	0.0
-2491.0	49	0.0
-2490.0	46	0.0
-2489.0	41	0.0
-2488.0	60	0.0
-2487.0	54	0.0
-2486.0	54	0.0
-2485.0	51	0.0
-2484.0	54	0.0
-2483.0	57	0.0
-2482.0	47	0.0
-2481.0	63	0.0
-2480.0	44	0.0
-2479.0	43	0.0
-2478.0	40	0.0
-2477.0	53	0.0
-2476.0	45	0.0
-2475.0	36	0.0
-2474.0	46	0.0
-2473.0	43	0.0
-2472.0	43	0.0
-2471.0	57	0.0
-2470.0	42	0.0
-2469.0	41	0.0
-2468.0	51	0.0
-2467.0	60	0.0
-2466.0	66	0.0
-2465.0	61	0.0
-2464.0	39	0.0
-2463.0	55	0.0
-2462.0	50	0.0
-2461.0	48	0.0
-2460.0	49	0.0
-2459.0	45	0.0
-2458.0	43	0.0
-2457.0	40	0.0
-2456.0	39	0.0
-2455.0	49	0.0
-2454.0	53	0.0
-2453.0	60	0.0
-2452.0	43	0.0
-2451.0	36	0.0
-2450.0	42	0.0
-2449.0	49	0.0
-2448.0	57	0.0
-2447.0	47	0.0
-2446.0	49	0.0
-2445.0	57	0.0
-2444.0	63	0.0
-2443.0	45	0.0
-2442.0	39	0.0
-2441.0	45	0.0
-2440.0	54	0.0
-2439.0	54	0.0
-2438.0	53	0.0
-2437.0	52	0.0
-2436.0	48	0.0
-2435.0	61	0.0
-2434.0	48	0.0
-2433.0	49	0.0
-2432.0	56	0.0
-2431.0	54	0.0
-2430.0	48	0.0
-2429.0	66	0.0
-2428.0	48	0.0
-2427.0	48	0.0
-2426.0	57	0.0
-2425.0	50	0.0
-2424.0	52	0.0
-2423.0	47	0.0
-2422.0	54	0.0
-2421.0	42	0.0
-2420.0	55	0.0
-2419.0	51	0.0
-2418.0	48	0.0
-2417.0	69	0.0
-2416.0	42	0.0
-2415.0	58	0.0
-2414.0	53	0.0
-2413.0	43	0.0
-2412.0	57	0.0
-2411.0	49	0.0
-2410.0	58	0.0
-2409.0	43	0.0
-2408.0	58	0.0
-2407.0	51	0.0
-2406.0	46	0.0
-2405.0	57	0.0
-2404.0	50	0.0
-2403.0	56	0.0
-2402.0	44	0.0
-2401.0	60	0.0
-2400.0	54	0.0
-2399.0	56	0.0
-2398.0	51	0.0
-2397.0	57	0.0
-2396.0	42	0.0
-2395.0	45	0.0
-2394.0	51	0.0
-2393.0	45	0.0
-2392.0	41	0.0
-2391.0	59	0.0
-2390.0	55	0.0
-2389.0	49	0.0
-2388.0	53	0.0
-2387.0	45	0.0
-2386.0	47	0.0
-2385.0	46	0.0
-2384.0	56	0.0
-2383.0	50	0.0
-2382.0	42	0.0
-2381.0	38	0.0
-2380.0	48	0.0
-2379.0	44	0.0
-2378.0	44	0.0
-2377.0	53	0.0
-2376.0	49	0.0
-2375.0	51	0.0
-2374.0	38	0.0
-2373.0	47	0.0
-2372.0	51	0.0
-2371.0	50	0.0
-2370.0	47	0.0
-2369.0	56	0.0
-2368.0	44	0.0
-2367.0	47	0.0
-2366.0	48	0.0
-2365.0	57	0.0
-2364.0	63	0.0
-2363.0	47	0.0
-2362.0	56	0.0
-2361.0	65	0.0
-2360.0	45	0.0
-2359.0	50	0.0
-2358.0	61	0.0
-2357.0	50	0.0
-2356.0	57	0.0
-2355.0	45	0.0
-2354.0	48	0.0
-2353.0	56	0.0
-2352.0	58	0.0
-2351.0	52	0.0
-2350.0	57	0.0
-2349.0	57	0.0
-2348.0	40	0.0
-2347.0	49	0.0
-2346.0	48	0.0
-2345.0	57	0.0
-2344.0	43	0.0
-2343.0	53	0.0
-2342.0	44	0.0
-2341.0	48	0.0
-2340.0	55	0.0
-2339.0	41	0.0
-2338.0	56	0.0
-2337.0	35	0.0
-2336.0	57	0.0
-2335.0	54	0.0
-2334.0	58	0.0
-2333.0	50	0.0
-2332.0	64	0.0
-2331.0	44	0.0
-2330.0	48	0.0
-2329.0	50	0.0
-2328.0	44	0.0
-2327.0	51	0.0
-2326.0	56	0.0
-2325.0	49	0.0
-2324.0	48	0.0
-2323.0	54	0.0
-2322.0	45	0.0
-2321.0	46	0.0
-2320.0	50	0.0
-2319.0	50	0.0
-2318.0	52	0.0
-2317.0	47	0.0
-2316.0	43	0.0
-2315.0	43	0.0
-2314.0	44	0.0
-2313.0	58	0.0
-2312.0	54	0.0
-2311.0	50	0.0
-2310.0	48	0.0
-2309.0	51	0.0
-2308.0	46	0.0
-2307.0	50	0.0
-2306.0	53	0.0
-2305.0	48	0.0
-2304.0	49	0.0
-2303.0	35	0.0
-2302.0	57	0.0
-2301.0	51	0.0
-2300.0	44	0.0
-2299.0	44	0.0
-2298.0	64	0.0
-2297.0	42	0.0
-2296.0	46	0.0
-2295.0	48	0.0
-2294.0	44	0.0
-2293.0	41	0.0
-2292.0	49	0.0
-2291.0	51	0.0
-2290.0	45	0.0
-2289.0	50	0.0
-2288.0	35	0.0
-2287.0	41	0.0
-2286.0	47	0.0
-2285.0	45	0.0
-2284.0	54	0.0
-2283.0	48	0.0
-2282.0	51	0.0
-2281.0	44	0.0
-2280.0	44	0.0
-2279.0	43	0.0
-2278.0	49	0.0
-2277.0	48	0.0
-2276.0	42	0.0
-2275.0	58	0.0
-2274.0	51	0.0
-2273.0	57	0.0
-2272.0	70	0.0
-2271.0	56	0.0
-2270.0	46	0.0
-2269.0	44	0.0
-2268.0	51	0.0
-2267.0	54	0.0
-2266.0	45	0.0
-2265.0	46	0.0
-2264.0	57	0.0
-2263.0	55	0.0
-2262.0	40	0.0
-2261.0	59	0.0
-2260.0	56	0.0
-2259.0	63	0.0
-2258.0	52	0.0
-2257.0	56	0.0
-2256.0	49	0.0
-2255.0	35	0.0
-2254.0	38	0.0
-2253.0	49	0.0
-2252.0	55	0.0
-2251.0	50	0.0
-2250.0	48	0.0
-2249.0	49	0.0
-2248.0	55	0.0
-2247.0	61	0.0
-2246.0	46	0.0
-2245.0	47	0.0
-2244.0	58	0.0
-2243.0	50	0.0
-2242.0	44	0.0
-2241.0	37	0.0
-2240.0	39	0.0
-2239.0	44	0.0
-2238.0	58	0.0
-2237.0	49	0.0
-2236.0	49	0.0
-2235.0	50	0.0
-2234.0	46	0.0
-2233.0	48	0.0
-2232.0	53	0.0
-2231.0	57	0.0
-2230.0	46	0.0
-2229.0	47	0.0
-2228.0	43	0.0
-2227.0	41	0.0
-2226.0	40	0.0
-2225.0	51	0.0
-2224.0	47	0.0
-2223.0	57	0.0
-2222.0	44	0.0
-2221.0	45	0.0
-2220.0	55	0.0
-2219.0	44	0.0
-2218.0	50	0.0
-2217.0	44	0.0
-2216.0	41	0.0
-2215.0	53	0.0
-2214.0	50	0.0
-2213.0	68	0.0
-2212.0	53	0.0
-2211.0	54	0.0
-2210.0	51	0.0
-2209.0	59	0.0
-2208.0	54	0.0
-2207.0	41	0.0
-2206.0	49	0.0
-2205.0	45	0.0
-2204.0	50	0.0
-2203.0	52	0.0
-2202.0	53	0.0
-2201.0	68	0.0
-2200.0	51	0.0
-2199.0	44	0.0
-2198.0	48	0.0
-2197.0	48	0.0
-2196.0	53	0.0
-2195.0	39	0.0
-2194.0	47	0.0
-2193.0	69	0.0
-2192.0	53	0.0
-2191.0	39	0.0
-2190.0	49	0.0
-2189.0	58	0.0
-2188.0	51	0.0
-2187.0	41	0.0
-2186.0	55	0.0
-2185.0	43	0.0
-2184.0	54	0.0
-2183.0	53	0.0
-2182.0	59	0.0
-2181.0	63	0.0
-2180.0	63	0.0
-2179.0	49	0.0
-2178.0	58	0.0
-2177.0	49	0.0
-2176.0	58	0.0
-2175.0	50	0.0
-2174.0	40	0.0
-2173.0	53	0.0
-2172.0	43	0.0
-2171.0	55	0.0
-2170.0	43	0.0
-2169.0	52	0.0
-2168.0	56	0.0
-2167.0	56	0.0
-2166.0	57	0.0
-2165.0	48	0.0
-2164.0	66	0.0
-2163.0	57	0.0
-2162.0	50	0.0
-2161.0	53	0.0
-2160.0	64	0.0
-2159.0	39	0.0
-2158.0	53	0.0
-2157.0	55	0.0
-2156.0	56	0.0
-2155.0	49	0.0
-2154.0	55	0.0
-2153.0	60	0.0
-2152.0	50	0.0
-2151.0	42	0.0
-2150.0	41	0.0
-2149.0	46	0.0
-2148.0	36	0.0
-2147.0	50	0.0
-2146.0	44	0.0
-2145.0	64	0.0
-2144.0	49	0.0
-2143.0	45	0.0
-2142.0	49	0.0
-2141.0	47	0.0
-2140.0	52	0.0
-2139.0	42	0.0
-2138.0	41	0.0
-2137.0	40	0.0
-2136.0	42	0.0
-2135.0	61	0.0
-2134.0	50	0.0
-2133.0	47	0.0
-2132.0	45	0.0
-2131.0	53	0.0
-2130.0	58	0.0
-2129.0	53	0.0
-2128.0	45	0.0
-2127.0	40	0.0
-2126.0	47	0.0
-2125.0	51	0.0
-2124.0	41	0.0
-2123.0	46	0.0
-2122.0	63	0.0
-2121.0	47	0.0
-2120.0	39	0.0
-2119.0	51	0.0
-2118.0	48	0.0
-2117.0	49	0.0
-2116.0	58	0.0
-2115.0	45	0.0
-2114.0	48	0.0
-2113.0	55	0.0
-2112.0	35	0.0
-2111.0	51	0.0
-2110.0	57	0.0
-2109.0	38	0.0
-2108.0	54	0.0
-2107.0	32	0.0
-2106.0	40	0.0
-2105.0	47	0.0
-2104.0	55	0.0
-2103.0	48	0.0
-2102.0	38	0.0
-2101.0	54	0.0
-2100.0	54	0.0
-2099.0	43	0.0
-2098.0	45	0.0
-2097.0	44	0.0
-2096.0	51	0.0
-2095.0	61	0.0
-2094.0	49	0.0
-2093.0	43	0.0
-2092.0	42	0.0
-2091.0	63	0.0
-2090.0	54	0.0
-2089.0	37	0.0
-2088.0	53	0.0
-2087.0	49	0.0
-2086.0	47	0.0
-2085.0	54	0.0
-2084.0	59	0.0
-2083.0	60	0.0
-2082.0	46	0.0
-2081.0	47	0.0
-2080.0	56	0.0
-2079.0	47	0.0
-2078.0	55	0.0
-2077.0	55	0.0
-2076.0	51	0.0
-2075.0	39	0.0
-2074.0	55	0.0
-2073.0	47	0.0
-2072.0	51	0.0
-2071.0	50	0.0
-2070.0	42	0.0
-2069.0	41	0.0
-2068.0	60	0.0
-2067.0	48	0.0
-2066.0	39	0.0
-2065.0	41	0.0
-2064.0	50	0.0
-2063.0	46	0.0
-2062.0	51	0.0
-2061.0	43	0.0
-2060.0	49	0.0
-2059.0	41	0.0
-2058.0	50	0.0
-2057.0	46	0.0
-2056.0	57	0.0
-2055.0	46	0.0
-2054.0	61	0.0
-2053.0	46	0.0
-2052.0	48	0.0
-2051.0	51	0.0
-2050.0	56	0.0
-2049.0	50	0.0
-2048.0	52	0.0
-2047.0	34	0.0
-2046.0	50	0.0
-2045.0	58	0.0
-2044.0	53	0.0
-2043.0	43	0.0
-2042.0	44	0.0
-2041.0	58	0.0
-2040.0	48	0.0
-2039.0	59	0.0
-2038.0	46	0.0
-2037.0	52	0.0
-2036.0	40	0.0
-2035.0	38	0.0
-2034.0	51	0.0
-2033.0	52	0.0
-2032.0	46	0.0
-2031.0	54	0.0
-2030.0	47	0.0
-2029.0	52	0.0
-2028.0	49	0.0
-2027.0	53	0.0
-2026.0	40	0.0
-2025.0	60	0.0
-2024.0	50	0.0
-2023.0	62	0.0
-2022.0	59	0.0
-2021.0	46	0.0
-2020.0	55	0.0
-2019.0	57	0.0
-2018.0	52	0.0
-2017.0	52	0.0
-2016.0	38	0.0
-2015.0	51	0.0
-2014.0	48	0.0
-2013.0	41	0.0
-2012.0	51	0.0
-2011.0	41	0.0
-2010.0	57	0.0
-2009.0	40	0.0
-2008.0	64	0.0
-2007.0	46	0.0
-2006.0	48	0.0
-2005.0	49	0.0
-2004.0	59	0.0
-2003.0	55	0.0
-2002.0	45	0.0
-2001.0	52	0.0
-2000.0	39	0.0
-1999.0	58	0.0
-1998.0	63	0.0
-1997.0	46	0.0
-1996.0	51	0.0
-1995.0	42	0.0
-1994.0	49	0.0
-1993.0	56	0.0
-1992.0	46	0.0
-1991.0	54	0.0
-1990.0	41	0.0
-1989.0	51	0.0
-1988.0	50	0.0
-1987.0	58	0.0
-1986.0	40	0.0
-1985.0	56	0.0
-1984.0	47	0.0
-1983.0	68	0.0
-1982.0	48	0.0
-1981.0	54	0.0
-1980.0	61	0.0
-1979.0	44	0.0
-1978.0	57	0.0
-1977.0	58	0.0
-1976.0	47	0.0
-1975.0	44	0.0
-1974.0	52	0.0
-1973.0	47	0.0
-1972.0	48	0.0
-1971.0	31	0.0
-1970.0	46	0.0
-1969.0	68	0.0
-1968.0	50	0.0
-1967.0	52	0.0
-1966.0	51	0.0
-1965.0	45	0.0
-1964.0	40	0.0
-1963.0	49	0.0
-1962.0	45	0.0
-1961.0	41	0.0
-1960.0	57	0.0
-1959.0	48	0.0
-1958.0	48	0.0
-1957.0	49	0.0
-1956.0	68	0.0
-1955.0	58	0.0
-1954.0	48	0.0
-1953.0	55	0.0
-1952.0	48	0.0
-1951.0	58	0.0
-1950.0	52	0.0
-1949.0	54	0.0
-1948.0	46	0.0
-1947.0	61	0.0
-1946.0	40	0.0
-1945.0	55	0.0
-1944.0	47	0.0
-1943.0	40	0.0
-1942.0	51	0.0
-1941.0	43	0.0
-1940.0	43	0.0
-1939.0	49	0.0
-1938.0	57	0.0
-1937.0	53	0.0
-1936.0	45	0.0
-1935.0	45	0.0
-1934.0	38	0.0
-1933.0	51	0.0
-1932.0	58	0.0
-1931.0	47	0.0
-1930.0	49	0.0
-1929.0	43	0.0
-1928.0	42	0.0
-1927.0	60	0.0
-1926.0	50	0.0
-1925.0	59	0.0
-1924.0	45	0.0
-1923.0	60	0.0
-1922.0	43	0.0
-1921.0	48	0.0
-1920.0	60	0.0
-1919.0	57	0.0
-1918.0	56	0.0
-1917.0	64	0.0
-1916.0	35	0.0
-1915.0	52	0.0
-1914.0	46	0.0
-1913.0	51	0.0
-1912.0	42	0.0
-1911.0	60	0.0
-1910.0	53	0.0
-1909.0	56	0.0
-1908.0	48	0.0
-1907.0	41	0.0
-1906.0	77	0.0
-1905.0	35	0.0
-1904.0	51	0.0
-1903.0	57	0.0
-1902.0	47	0.0
-1901.0	45	0.0
-1900.0	42	0.0
-1899.0	47	0.0
-1898.0	58	0.0
-1897.0	58	0.0
-1896.0	42	0.0
-1895.0	34	0.0
-1894.0	63	0.0
-1893.0	50	0.0
-1892.0	53	0.0
-1891.0	55	0.0
-1890.0	41	0.0
-1889.0	40	0.0
-1888.0	52	0.0
-1887.0	55	0.0
-1886.0	62	0.0
-1885.0	48	0.0
-1884.0	43	0.0
-1883.0	50	0.0
-1882.0	58	0.0
-1881.0	62	0.0
-1880.0	69	0.0
-1879.0	52	0.0
-1878.0	44	0.0
-1877.0	47	0.0
-1876.0	52	0.0
-1875.0	57	0.0
-1874.0	66	0.0
-1873.0	46	0.0
-1872.0	53	0.0
-1871.0	61	0.0
-1870.0	48	0.0
-1869.0	48	0.0
-1868.0	46	0.0
-1867.0	46	0.0
-1866.0	48	0.0
-1865.0	45	0.0
-1864.0	45	0.0
-1863.0	47	0.0
-1862.0	54	0.0
-1861.0	43	0.0
-1860.0	55	0.0
-1859.0	51	0.0
-1858.0	49	0.0
-1857.0	42	0.0
-1856.0	38	0.0
-1855.0	56	0.0
-1854.0	40	0.0
-1853.0	44	0.0
-1852.0	59	0.0
-1851.0	52	0.0
-1850.0	36	0.0
-1849.0	51	0.0
-1848.0	43	0.0
-1847.0	45	0.0
-1846.0	54	0.0
-1845.0	57	0.0
-1844.0	49	0.0
-1843.0	53	0.0
-1842.0	50	0.0
-1841.0	44	0.0
-1840.0	59	0.0
-1839.0	35	0.0
-1838.0	40	0.0
-1837.0	46	0.0
-1836.0	53	0.0
-1835.0	43	0.0
-1834.0	55	0.0
-1833.0	50	0.0
-1832.0	48	0.0
-1831.0	54	0.0
-1830.0	49	0.0
-1829.0	46	0.0
-1828.0	60	0.0
-1827.0	62	0.0
-1826.0	56	0.0
-1825.0	50	0.0
-1824.0	44	0.0
-1823.0	53	0.0
-1822.0	43	0.0
-1821.0	58	0.0
-1820.0	67	0.0
-1819.0	45	0.0
-1818.0	53	0.0
-1817.0	48	0.0
-1816.0	50	0.0
-1815.0	46	0.0
-1814.0	43	0.0
-1813.0	44	0.0
-1812.0	48	0.0
-1811.0	49	0.0
-1810.0	49	0.0
-1809.0	46	0.0
-1808.0	61	0.0
-1807.0	45	0.0
-1806.0	45	0.0
-1805.0	35	0.0
-1804.0	58	0.0
-1803.0	46	0.0
-1802.0	38	0.0
-1801.0	43	0.0
-1800.0	49	0.0
-1799.0	67	0.0
-1798.0	51	0.0
-1797.0	43	0.0
-1796.0	37	0.0
-1795.0	50	0.0
-1794.0	56	0.0
-1793.0	38	0.0
-1792.0	41	0.0
-1791.0	54	0.0
-1790.0	37	0.0
-1789.0	46	0.0
-1788.0	47	0.0
-1787.0	57	0.0
-1786.0	49	0.0
-1785.0	36	0.0
-1784.0	48	0.0
-1783.0	41	0.0
-1782.0	49	0.0
-1781.0	58	0.0
-1780.0	62	0.0
-1779.0	44	0.0
-1778.0	50	0.0
-1777.0	56	0.0
-1776.0	51	0.0
-1775.0	45	0.0
-1774.0	58	0.0
-1773.0	57	0.0
-1772.0	44	0.0
-1771.0	50	0.0
-1770.0	40	0.0
-1769.0	51	0.0
-1768.0	55	0.0
-1767.0	49	0.0
-1766.0	50	0.0
-1765.0	41	0.0
-1764.0	47	0.0
-1763.0	35	0.0
-1762.0	39	0.0
-1761.0	59	0.0
-1760.0	43	0.0
-1759.0	51	0.0
-1758.0	60	0.0
-1757.0	41	0.0
-1756.0	41	0.0
-1755.0	57	0.0
-1754.0	42	0.0
-1753.0	60	0.0
-1752.0	47	0.0
-1751.0	51	0.0
-1750.0	51	0.0
-1749.0	42	0.0
-1748.0	52	0.0
-1747.0	41	0.0
-1746.0	45	0.0
-1745.0	50	0.0
-1744.0	52	0.0
-1743.0	53	0.0
-1742.0	60	0.0
-1741.0	48	0.0
-1740.0	54	0.0
-1739.0	60	0.0
-1738.0	39	0.0
-1737.0	53	0.0
-1736.0	52	0.0
-1735.0	40	0.0
-1734.0	49	0.0
-1733.0	61	0.0
-1732.0	47	0.0
-1731.0	61	0.0
-1730.0	48	0.0
-1729.0	43	0.0
-1728.0	37	0.0
-1727.0	47	0.0
-1726.0	59	0.0
-1725.0	62	0.0
-1724.0	43	0.0
-1723.0	50	0.0
-1722.0	49	0.0
-1721.0	49	0.0
-1720.0	50	0.0
-1719.0	43	0.0
-1718.0	63	0.0
-1717.0	63	0.0
-1716.0	44	0.0
-1715.0	49	0.0
-1714.0	56	0.0
-1713.0	52	0.0
-1712.0	52	0.0
-1711.0	38	0.0
-1710.0	51	0.0
-1709.0	48	0.0
-1708.0	65	0.0
-1707.0	38	0.0
-1706.0	55	0.0
-1705.0	59	0.0
-1704.0	36	0.0
-1703.0	58	0.0
-1702.0	50	0.0
-1701.0	52	0.0
-1700.0	47	0.0
-1699.0	51	0.0
-1698.0	44	0.0
-1697.0	46	0.0
-1696.0	44	0.0
-1695.0	45	0.0
-1694.0	54	0.0
-1693.0	47	0.0
-1692.0	51	0.0
-1691.0	38	0.0
-1690.0	63	0.0
-1689.0	40	0.0
-1688.0	46	0.0
-1687.0	50	0.0
-1686.0	57	0.0
-1685.0	57	0.0
-1684.0	58	0.0
-1683.0	43	0.0
-1682.0	61	0.0
-1681.0	45	0.0
-1680.0	60	0.0
-1679.0	46	0.0
-1678.0	56	0.0
-1677.0	58	0.0
-1676.0	45	0.0
-1675.0	61	0.0
-1674.0	37	0.0
-1673.0	56	0.0
-1672.0	52	0.0
-1671.0	50	0.0
-1670.0	52	0.0
-1669.0	58	0.0
-1668.0	52	0.0
-1667.0	56	0.0
-1666.0	43	0.0
-1665.0	41	0.0
-1664.0	37	0.0
-1663.0	63	0.0
-1662.0	50	0.0
-1661.0	51	0.0
-1660.0	50	0.0
-1659.0	47	0.0
-1658.0	51	0.0
-1657.0	63	0.0
-1656.0	49	0.0
-1655.0	48	0.0
-1654.0	57	0.0
-1653.0	64	0.0
-1652.0	47	0.0
-1651.0	52	0.0
-1650.0	50	0.0
-1649.0	67	0.0
-1648.0	57	0.0
-1647.0	40	0.0
-1646.0	53	0.0
-1645.0	51	0.0
-1644.0	44	0.0
-1643.0	40	0.0
-1642.0	40	0.0
-1641.0	53	0.0
-1640.0	53	0.0
-1639.0	55	0.0
-1638.0	47	0.0
-1637.0	42	0.0
-1636.0	54	0.0
-1635.0	67	0.0
-1634.0	52	0.0
-1633.0	53	0.0
-1632.0	54	0.0
-1631.0	49	0.0
-1630.0	38	0.0
-1629.0	47	0.0
-1628.0	68	0.0
-1627.0	50	0.0
-1626.0	47	0.0
-1625.0	53	0.0
-1624.0	39	0.0
-1623.0	47	0.0
-1622.0	54	0.0
-1621.0	47	0.0
-1620.0	58	0.0
-1619.0	55	0.0
-1618.0	57	0.0
-1617.0	44	0.0
-1616.0	44	0.0
-1615.0	38	0.0
-1614.0	49	0.0
-1613.0	55	0.0
-1612.0	51	0.0
-1611.0	52	0.0
-1610.0	60	0.0
-1609.0	48	0.0
-1608.0	54	0.0
-1607.0	51	0.0
-1606.0	49	0.0
-1605.0	55	0.0
-1604.0	49	0.0
-1603.0	51	0.0
-1602.0	39	0.0
-1601.0	53	0.0
-1600.0	42	0.0
-1599.0	48	0.0
-1598.0	50	0.0
-1597.0	43	0.0
-1596.0	63	0.0
-1595.0	46	0.0
-1594.0	42	0.0
-1593.0	42	0.0
-1592.0	51	0.0
-1591.0	63	0.0
-1590.0	45	0.0
-1589.0	53	0.0
-1588.0	52	0.0
-1587.0	51	0.0
-1586.0	53	0.0
-1585.0	62	0.0
-1584.0	48	0.0
-1583.0	48	0.0
-1582.0	38	0.0
-1581.0	60	0.0
-1580.0	56	0.0
-1579.0	50	0.0
-1578.0	50	0.0
-1577.0	59	0.0
-1576.0	46	0.0
-1575.0	45	0.0
-1574.0	53	0.0
-1573.0	58	0.0
-1572.0	56	0.0
-1571.0	40	0.0
-1570.0	46	0.0
-1569.0	52	0.0
-1568.0	48	0.0
-1567.0	51	0.0
-1566.0	61	0.0
-1565.0	59	0.0
-1564.0	41	0.0
-1563.0	42	0.0
-1562.0	56	0.0
-1561.0	44	0.0
-1560.0	57	0.0
-1559.0	54	0.0
-1558.0	43	0.0
-1557.0	64	0.0
-1556.0	40	0.0
-1555.0	46	0.0
-1554.0	52	0.0
-1553.0	51	0.0
-1552.0	46	0.0
-1551.0	51	0.0
-1550.0	48	0.0
-1549.0	55	0.0
-1548.0	49	0.0
-1547.0	45	0.0
-1546.0	50	0.0
-1545.0	48	0.0
-1544.0	57	0.0
-1543.0	49	0.0
-1542.0	44	0.0
-1541.0	55	0.0
-1540.0	52	0.0
-1539.0	49	0.0
-1538.0	46	0.0
-1537.0	52	0.0
-1536.0	62	0.0
-1535.0	54	0.0
-1534.0	55	0.0
-1533.0	43	0.0
-1532.0	52	0.0
-1531.0	44	0.0
-1530.0	57	0.0
-1529.0	50	0.0
-1528.0	54	0.0
-1527.0	58	0.0
-1526.0	52	0.0
-1525.0	59	0.0
-1524.0	56	0.0
-1523.0	49	0.0
-1522.0	48	0.0
-1521.0	41	0.0
-1520.0	45	0.0
-1519.0	52	0.0
-1518.0	65	0.0
-1517.0	56	0.0
-1516.0	55	0.0
-1515.0	52	0.0
-1514.0	57	0.0
-1513.0	44	0.0
-1512.0	53	0.0
-1511.0	53	0.0
-1510.0	49	0.0
-1509.0	45	0.0
-1508.0	55	0.0
-1507.0	57	0.0
-1506.0	60	0.0
-1505.0	54	0.0
-1504.0	48	0.0
-1503.0	55	0.0
-1502.0	45	0.0
-1501.0	55	0.0
-1500.0	43	0.0
-1499.0	37	0.0
-1498.0	52	0.0
-1497.0	49	0.0
-1496.0	53	0.0
-1495.0	51	0.0
-1494.0	57	0.0
-1493.0	51	0.0
-1492.0	52	0.0
-1491.0	57	0.0
-1490.0	47	0.0
-1489.0	61	0.0
-1488.0	51	0.0
-1487.0	46	0.0
-1486.0	45	0.0
-1485.0	48	0.0
-1484.0	50	0.0
-1483.0	36	0.0
-1482.0	55	0.0
-1481.0	55	0.0
-1480.0	53	0.0
-1479.0	43	0.0
-1478.0	45	0.0
-1477.0	55	0.0
-1476.0	43	0.0
-1475.0	41	0.0
-1474.0	40	0.0
-1473.0	50	0.0
-1472.0	40	0.0
-1471.0	48	0.0
-1470.0	45	0.0
-1469.0	51	0.0
-1468.0	56	0.0
-1467.0	55	0.0
-1466.0	46	0.0
-1465.0	47	0.0
-1464.0	55	0.0
-1463.0	46	0.0
-1462.0	61	0.0
-1461.0	49	0.0
-1460.0	46	0.0
-1459.0	55	0.0
-1458.0	41	0.0
-1457.0	51	0.0
-1456.0	51	0.0
-1455.0	41	0.0
-1454.0	58	0.0
-1453.0	57	0.0
-1452.0	58	0.0
-1451.0	47	0.0
-1450.0	46	0.0
-1449.0	37	0.0
-1448.0	62	0.0
-1447.0	50	0.0
-1446.0	50	0.0
-1445.0	61	0.0
-1444.0	51	0.0
-1443.0	47	0.0
-1442.0	42	0.0
-1441.0	54	0.0
-1440.0	50	0.0
-1439.0	46	0.0
-1438.0	56	0.0
-1437.0	54	0.0
-1436.0	60	0.0
-1435.0	46	0.0
-1434.0	53	0.0
-1433.0	61	0.0
-1432.0	57	0.0
-1431.0	56	0.0
-1430.0	32	0.0
-1429.0	47	0.0
-1428.0	47	0.0
-1427.0	48	0.0
-1426.0	51	0.0
-1425.0	46	0.0
-1424.0	47	0.0
-1423.0	65	0.0
-1422.0	49	0.0
-1421.0	55	0.0
-1420.0	56	0.0
-1419.0	62	0.0
-1418.0	56	0.0
-1417.0	55	0.0
-1416.0	32	0.0
-1415.0	62	0.0
-1414.0	39	0.0
-1413.0	59	0.0
-1412.0	47	0.0
-1411.0	49	0.0
-1410.0	51	0.0
-1409.0	52	0.0
-1408.0	54	0.0
-1407.0	57	0.0
-1406.0	37	0.0
-1405.0	65	0.0
-1404.0	40	0.0
-1403.0	60	0.0
-1402.0	51	0.0
-1401.0	58	0.0
-1400.0	52	0.0
-1399.0	47	0.0
-1398.0	48	0.0
-1397.0	45	0.0
-1396.0	50	0.0
-1395.0	43	0.0
-1394.0	45	0.0
-1393.0	59	0.0
-1392.0	42	0.0
-1391.0	56	0.0
-1390.0	35	0.0
-1389.0	53	0.0
-1388.0	62	0.0
-1387.0	44	0.0
-1386.0	48	0.0
-1385.0	52	0.0
-1384.0	56	0.0
-1383.0	53	0.0
-1382.0	51	0.0
-1381.0	40	0.0
-1380.0	39	0.0
-1379.0	46	0.0
-1378.0	43	0.0
-1377.0	51	0.0
-1376.0	55	0.0
-1375.0	50	0.0
-1374.0	57	0.0
-1373.0	60	0.0
-1372.0	58	0.0
-1371.0	61	0.0
-1370.0	48	0.0
-1369.0	48	0.0
-1368.0	62	0.0
-1367.0	50	0.0
-1366.0	61	0.0
-1365.0	56	0.0
-1364.0	62	0.0
-1363.0	55	0.0
-1362.0	51	0.0
-1361.0	44	0.0
-1360.0	55	0.0
-1359.0	39	0.0
-1358.0	37	0.0
-1357.0	43	0.0
-1356.0	51	0.0
-1355.0	43	0.0
-1354.0	49	0.0
-1353.0	53	0.0
-1352.0	61	0.0
-1351.0	56	0.0
-1350.0	55	0.0
-1349.0	54	0.0
-1348.0	39	0.0
-1347.0	48	0.0
-1346.0	52	0.0
-1345.0	54	0.0
-1344.0	47	0.0
-1343.0	49	0.0
-1342.0	63	0.0
-1341.0	50	0.0
-1340.0	63	0.0
-1339.0	52	0.0
-1338.0	48	0.0
-1337.0	67	0.0
-1336.0	48	0.0
-1335.0	64	0.0
-1334.0	60	0.0
-1333.0	57	0.0
-1332.0	40	0.0
-1331.0	52	0.0
-1330.0	47	0.0
-1329.0	50	0.0
-1328.0	57	0.0
-1327.0	69	0.0
-1326.0	45	0.0
-1325.0	33	0.0
-1324.0	38	0.0
-1323.0	47	0.0
-1322.0	50	0.0
-1321.0	60	0.0
-1320.0	51	0.0
-1319.0	51	0.0
-1318.0	35	0.0
-1317.0	57	0.0
-1316.0	56	0.0
-1315.0	63	0.0
-1314.0	46	0.0
-1313.0	56	0.0
-1312.0	50	0.0
-1311.0	53	0.0
-1310.0	39	0.0
-1309.0	39	0.0
-1308.0	61	0.0
-1307.0	42	0.0
-1306.0	45	0.0
-1305.0	48	0.0
-1304.0	51	0.0
-1303.0	61	0.0
-1302.0	69	0.0
-1301.0	39	0.0
-1300.0	54	0.0
-1299.0	51	0.0
-1298.0	53	0.0
-1297.0	42	0.0
-1296.0	53	0.0
-1295.0	50	0.0
-1294.0	49	0.0
-1293.0	51	0.0
-1292.0	46	0.0
-1291.0	52	0.0
-1290.0	36	0.0
-1289.0	46	0.0
-1288.0	51	0.0
-1287.0	48	0.0
-1286.0	43	0.0
-1285.0	35	0.0
-1284.0	53	0.0
-1283.0	56	0.0
-1282.0	54	0.0
-1281.0	43	0.0
-1280.0	48	0.0
-1279.0	48	0.0
-1278.0	45	0.0
-1277.0	45	0.0
-1276.0	65	0.0
-1275.0	48	0.0
-1274.0	42	0.0
-1273.0	47	0.0
-1272.0	47	0.0
-1271.0	50	0.0
-1270.0	47	0.0
-1269.0	52	0.0
-1268.0	42	0.0
-1267.0	42	0.0
-1266.0	53	0.0
-1265.0	39	0.0
-1264.0	56	0.0
-1263.0	49	0.0
-1262.0	51	0.0
-1261.0	44	0.0
-1260.0	55	0.0
-1259.0	59	0.0
-1258.0	49	0.0
-1257.0	47	0.0
-1256.0	57	0.0
-1255.0	39	0.0
-1254.0	40	0.0
-1253.0	53	0.0
-1252.0	53	0.0
-1251.0	62	0.0
-1250.0	44	0.0
-1249.0	61	0.0
-1248.0	52	0.0
-1247.0	72	0.0
-1246.0	47	0.0
-1245.0	46	0.0
-1244.0	36	0.0
-1243.0	51	0.0
-1242.0	56	0.0
-1241.0	34	0.0
-1240.0	62	0.0
-1239.0	50	0.0
-1238.0	62	0.0
-1237.0	36	0.0
-1236.0	64	0.0
-1235.0	58	0.0
-1234.0	46	0.0
-1233.0	49	0.0
-1232.0	50	0.0
-1231.0	48	0.0
-1230.0	54	0.0
-1229.0	45	0.0
-1228.0	49	0.0
-1227.0	49	0.0
-1226.0	51	0.0
-1225.0	47	0.0
-1224.0	51	0.0
-1223.0	48	0.0
-1222.0	55	0.0
-1221.0	49	0.0
-1220.0	43	0.0
-1219.0	41	0.0
-1218.0	56	0.0
-1217.0	47	0.0
-1216.0	39	0.0
-1215.0	52	0.0
-1214.0	53	0.0
-1213.0	46	0.0
-1212.0	51	0.0
-1211.0	59	0.0
-1210.0	57	0.0
-1209.0	64	0.0
-1208.0	42	0.0
-1207.0	59	0.0
-1206.0	47	0.0
-1205.0	52	0.0
-1204.0	59	0.0
-1203.0	43	0.0
-1202.0	42	0.0
-1201.0	38	0.0
-1200.0	42	0.0
-1199.0	39	0.0
-1198.0	53	0.0
-1197.0	65	0.0
-1196.0	42	0.0
-1195.0	56	0.0
-1194.0	62	0.0
-1193.0	47	0.0
-1192.0	46	0.0
-1191.0	62	0.0
-1190.0	50	0.0
-1189.0	61	0.0
-1188.0	35	0.0
-1187.0	53	0.0
-1186.0	55	0.0
-1185.0	51	0.0
-1184.0	50	0.0
-1183.0	41	0.0
-1182.0	50	0.0
-1181.0	46	0.0
-1180.0	48	0.0
-1179.0	55	0.0
-1178.0	48	0.0
-1177.0	52	0.0
-1176.0	56	0.0
-1175.0	49	0.0
-1174.0	55	0.0
-1173.0	48	0.0
-1172.0	51	0.0
-1171.0	50	0.0
-1170.0	51	0.0
-1169.0	38	0.0
-1168.0	52	0.0
-1167.0	47	0.0
-1166.0	56	0.0
-1165.0	54	0.0
-1164.0	46	0.0
-1163.0	46	0.0
-1162.0	43	0.0
-1161.0	46	0.0
-1160.0	60	0.0
-1159.0	57	0.0
-1158.0	52	0.0
-1157.0	48	0.0
-1156.0	41	0.0
-1155.0	51	0.0
-1154.0	37	0.0
-1153.0	61	0.0
-1152.0	65	0.0
-1151.0	48	0.0
-1150.0	49	0.0
-1149.0	57	0.0
-1148.0	53	0.0
-1147.0	45	0.0
-1146.0	47	0.0
-1145.0	59	0.0
-1144.0	52	0.0
-1143.0	47	0.0
-1142.0	58	0.0
-1141.0	55	0.0
-1140.0	46	0.0
-1139.0	46	0.0
-1138.0	38	0.0
-1137.0	45	0.0
-1136.0	60	0.0
-1135.0	53	0.0
-1134.0	45	0.0
-1133.0	48	0.0
-1132.0	59	0.0
-1131.0	51	0.0
-1130.0	60	0.0
-1129.0	49	0.0
-1128.0	52	0.0
-1127.0	53	0.0
-1126.0	45	0.0
-1125.0	46	0.0
-1124.0	52	0.0
-1123.0	48	0.0
-1122.0	50	0.0
-1121.0	45	0.0
-1120.0	57	0.0
-1119.0	55	0.0
-1118.0	47	0.0
-1117.0	62	0.0
-1116.0	52	0.0
-1115.0	47	0.0
-1114.0	45	0.0
-1113.0	42	0.0
-1112.0	50	0.0
-1111.0	55	0.0
-1110.0	46	0.0
-1109.0	62	0.0
-1108.0	50	0.0
-1107.0	46	0.0
-1106.0	61	0.0
-1105.0	67	0.0
-1104.0	54	0.0
-1103.0	51	0.0
-1102.0	55	0.0
-1101.0	48	0.0
-1100.0	35	0.0
-1099.0	54	0.0
-1098.0	58	0.0
-1097.0	46	0.0
-1096.0	60	0.0
-1095.0	53	0.0
-1094.0	55	0.0
-1093.0	50	0.0
-1092.0	55	0.0
-1091.0	48	0.0
-1090.0	56	0.0
-1089.0	44	0.0
-1088.0	55	0.0
-1087.0	65	0.0
-1086.0	54	0.0
-1085.0	46	0.0
-1084.0	45	0.0
-1083.0	44	0.0
-1082.0	60	0.0
-1081.0	52	0.0
-1080.0	47	0.0
-1079.0	58	0.0
-1078.0	49	0.0
-1077.0	54	0.0
-1076.0	54	0.0
-1075.0	44	0.0
-1074.0	55	0.0
-1073.0	54	0.0
-1072.0	54	0.0
-1071.0	33	0.0
-1070.0	45	0.0
-1069.0	46	0.0
-1068.0	54	0.0
-1067.0	49	0.0
-1066.0	51	0.0
-1065.0	58	0.0
-1064.0	46	0.0
-1063.0	54	0.0
-1062.0	51	0.0
-1061.0	64	0.0
-1060.0	55	0.0
-1059.0	41	0.0
-1058.0	44	0.0
-1057.0	52	0.0
-1056.0	50	0.0
-1055.0	45	0.0
-1054.0	40	0.0
-1053.0	57	0.0
-1052.0	40	0.0
-1051.0	46	0.0
-1050.0	56	0.0
-1049.0	46	0.0
-1048.0	56	0.0
-1047.0	42	0.0
-1046.0	56	0.0
-1045.0	50	0.0
-1044.0	54	0.0
-1043.0	67	0.0
-1042.0	63	0.0
-1041.0	54	0.0
-1040.0	52	0.0
-1039.0	51	0.0
-1038.0	57	0.0
-1037.0	54	0.0
-1036.0	50	0.0
-1035.0	38	0.0
-1034.0	48	0.0
-1033.0	57	0.0
-1032.0	42	0.0
-1031.0	56	0.0
-1030.0	50	0.0
-1029.0	45	0.0
-1028.0	55	0.0
-1027.0	56	0.0
-1026.0	49	0.0
-1025.0	60	0.0
-1024.0	46	0.0
-1023.0	55	0.0
-1022.0	42	0.0
-1021.0	60	0.0
-1020.0	40	0.0
-1019.0	59	0.0
-1018.0	49	0.0
-1017.0	55	0.0
-1016.0	47	0.0
-1015.0	63	0.0
-1014.0	50	0.0
-1013.0	47	0.0
-1012.0	51	0.0
-1011.0	47	0.0
-1010.0	54	0.0
-1009.0	52	0.0
-1008.0	50	0.0
-1007.0	50	0.0
-1006.0	59	0.0
-1005.0	55	0.0
-1004.0	50	0.0
-1003.0	50	0.0
-1002.0	53	0.0
-1001.0	46	0.0
-1000.0	50	0.0
-999.0	46	0.0
-998.0	49	0.0
-997.0	54	0.0
-996.0	49	0.0
-995.0	48	0.0
-994.0	51	0.0
-993.0	51	0.0
-992.0	58	0.0
-991.0	48	0.0
-990.0	51	0.0
-989.0	47	0.0
-988.0	51	0.0
-987.0	55	0.0
-986.0	48	0.0
-985.0	37	0.0
-984.0	61	0.0
-983.0	36	0.0
-982.0	45	0.0
-981.0	49	0.0
-980.0	55	0.0
-979.0	50	0.0
-978.0	44	0.0
-977.0	35	0.0
-976.0	53	0.0
-975.0	53	0.0
-974.0	49	0.0
-973.0	53	0.0
-972.0	44	0.0
-971.0	58	0.0
-970.0	49	0.0
-969.0	43	0.0
-968.0	48	0.0
-967.0	48	0.0
-966.0	48	0.0
-965.0	54	0.0
-964.0	42	0.0
-963.0	53	0.0
-962.0	56	0.0
-961.0	39	0.0
-960.0	53	0.0
-959.0	51	0.0
-958.0	49	0.0
-957.0	70	0.0
-956.0	37	0.0
-955.0	49	0.0
-954.0	31	0.0
-953.0	60	0.0
-952.0	49	0.0
-951.0	45	0.0
-950.0	52	0.0
-949.0	54	0.0
-948.0	46	0.0
-947.0	48	0.0
-946.0	41	0.0
-945.0	46	0.0
-944.0	67	0.0
-943.0	64	0.0
-942.0	51	0.0
-941.0	49	0.0
-940.0	47	0.0
-939.0	66	0.0
-938.0	43	0.0
-937.0	40	0.0
-936.0	45	0.0
-935.0	47	0.0
-934.0	42	0.0
-933.0	50	0.0
-932.0	52	0.0
-931.0	48	0.0
-930.0	62	0.0
-929.0	56	0.0
-928.0	45	0.0
-927.0	55	0.0
-926.0	57	0.0
-925.0	50	0.0
-924.0	54	0.0
-923.0	45	0.0
-922.0	51	0.0
-921.0	43	0.0
-920.0	39	0.0
-919.0	58	0.0
-918.0	51	0.0
-917.0	46	0.0
-916.0	47	0.0
-915.0	61	0.0
-914.0	49	0.0
-913.0	44	0.0
-912.0	57	0.0
-911.0	59	0.0
-910.0	41	0.0
-909.0	46	0.0
-908.0	42	0.0
-907.0	49	0.0
-906.0	60	0.0
-905.0	34	0.0
-904.0	58	0.0
-903.0	47	0.0
-902.0	51	0.0
-901.0	49	0.0
-900.0	50	0.0
-899.0	49	0.0
-898.0	43	0.0
-897.0	38	0.0
-896.0	52	0.0
-895.0	47	0.0
-894.0	56	0.0
-893.0	58	0.0
-892.0	50	0.0
-891.0	58	0.0
-890.0	56	0.0
-889.0	44	0.0
-888.0	42	0.0
-887.0	49	0.0
-886.0	47	0.0
-885.0	55	0.0
-884.0	59	0.0
-883.0	48	0.0
-882.0	50	0.0
-881.0	38	0.0
-880.0	43	0.0
-879.0	64	0.0
-878.0	53	0.0
-877.0	61	0.0
-876.0	46	0.0
-875.0	34	0.0
-874.0	55	0.0
-873.0	55	0.0
-872.0	49	0.0
-871.0	49	0.0
-870.0	47	0.0
-869.0	56	0.0
-868.0	48	0.0
-867.0	55	0.0
-866.0	58	0.0
-865.0	61	0.0
-864.0	53	0.0
-863.0	60	0.0
-862.0	38	0.0
-861.0	41	0.0
-860.0	59	0.0
-859.0	49	0.0
-858.0	46	0.0
-857.0	51	0.0
-856.0	44	0.0
-855.0	51	0.0
-854.0	41	0.0
-853.0	54	0.0
-852.0	32	0.0
-851.0	40	0.0
-850.0	41	0.0
-849.0	45	0.0
-848.0	49	0.0
-847.0	62	0.0
-846.0	44	0.0
-845.0	69	0.0
-844.0	48	0.0
-843.0	46	0.0
-842.0	44	0.0
-841.0	64	0.0
-840.0	55	0.0
-839.0	55	0.0
-838.0	68	0.0
-837.0	54	0.0
-836.0	40	0.0
-835.0	46	0.0
-834.0	51	0.0
-833.0	64	0.0
-832.0	42	0.0
-831.0	55	0.0
-830.0	50	0.0
-829.0	72	0.0
-828.0	55	0.0
-827.0	48	0.0
-826.0	51	0.0
-825.0	48	0.0
-824.0	42	0.0
-823.0	61	0.0
-822.0	60	0.0
-821.0	64	0.0
-820.0	37	0.0
-819.0	55	0.0
-818.0	35	0.0
-817.0	53	0.0
-816.0	47	0.0
-815.0	45	0.0
-814.0	47	0.0
-813.0	41	0.0
-812.0	47	0.0
-811.0	52	0.0
-810.0	52	0.0
-809.0	40	0.0
-808.0	38	0.0
-807.0	59	0.0
-806.0	51	0.0
-805.0	62	0.0
-804.0	44	0.0
-803.0	50	0.0
-802.0	50	0.0
-801.0	48	0.0
-800.0	54	0.0
-799.0	50	0.0
-798.0	52	0.0
-797.0	46	0.0
-796.0	44	0.0
-795.0	42	0.0
-794.0	51	0.0
-793.0	47	0.0
-792.0	51	0.0
-791.0	55	0.0
-790.0	60	0.0
-789.0	50	0.0
-788.0	49	0.0
-787.0	48	0.0
-786.0	47	0.0
-785.0	49	0.0
-784.0	42	0.0
-783.0	66	0.0
-782.0	38	0.0
-781.0	56	0.0
-780.0	55	0.0
-779.0	54	0.0
-778.0	51	0.0
-777.0	47	0.0
-776.0	36	0.0
-775.0	54	0.0
-774.0	49	0.0
-773.0	45	0.0
-772.0	38	0.0
-771.0	49	0.0
-770.0	52	0.0
-769.0	51	0.0
-768.0	51	0.0
-767.0	56	0.0
-766.0	55	0.0
-765.0	60	0.0
-764.0	37	0.0
-763.0	44	0.0
-762.0	62	0.0
-761.0	55	0.0
-760.0	63	0.0
-759.0	65	0.0
-758.0	56	0.0
-757.0	44	0.0
-756.0	56	0.0
-755.0	39	0.0
-754.0	45	0.0
-753.0	60	0.0
-752.0	60	0.0
-751.0	44	0.0
-750.0	50	0.0
-749.0	59	0.0
-748.0	62	0.0
-747.0	51	0.0
-746.0	56	0.0
-745.0	51	0.0
-744.0	54	0.0
-743.0	41	0.0
-742.0	54	0.0
-741.0	52	0.0
-740.0	64	0.0
-739.0	45	0.0
-738.0	55	0.0
-737.0	54	0.0
-736.0	43	0.0
-735.0	44	0.0
-734.0	44	0.0
-733.0	48	0.0
-732.0	44	0.0
-731.0	53	0.0
-730.0	45	0.0
-729.0	43	0.0
-728.0	63	0.0
-727.0	39	0.0
-726.0	43	0.0
-725.0	55	0.0
-724.0	50	0.0
-723.0	36	0.0
-722.0	45	0.0
-721.0	53	0.0
-720.0	47	0.0
-719.0	56	0.0
-718.0	44	0.0
-717.0	56	0.0
-716.0	48	0.0
-715.0	56	0.0
-714.0	55	0.0
-713.0	46	0.0
-712.0	49	0.0
-711.0	54	0.0
-710.0	48	0.0
-709.0	44	0.0
-708.0	50	0.0
-707.0	48	0.0
-706.0	53	0.0
-705.0	48	0.0
-704.0	45	0.0
-703.0	57	0.0
-702.0	53	0.0
-701.0	45	0.0
-700.0	68	0.0
-699.0	54	0.0
-698.0	52	0.0
-697.0	55	0.0
-696.0	49	0.0
-695.0	52	0.0
-694.0	60	0.0
-693.0	43	0.0
-692.0	43	0.0
-691.0	37	0.0
-690.0	42	0.0
-689.0	51	0.0
-688.0	55	0.0
-687.0	46	0.0
-686.0	43	0.0
-685.0	51	0.0
-684.0	50	0.0
-683.0	55	0.0
-682.0	38	0.0
-681.0	58	0.0
-680.0	56	0.0
-679.0	52	0.0
-678.0	44	0.0
-677.0	50	0.0
-676.0	67	0.0
-675.0	55	0.0
-674.0	56	0.0
-673.0	44	0.0
-672.0	55	0.0
-671.0	49	0.0
-670.0	47	0.0
-669.0	41	0.0
-668.0	39	0.0
-667.0	57	0.0
-666.0	58	0.0
-665.0	54	0.0
-664.0	40	0.0
-663.0	52	0.0
-662.0	52	0.0
-661.0	43	0.0
-660.0	48	0.0
-659.0	59	0.0
-658.0	41	0.0
-657.0	51	0.0
-656.0	61	0.0
-655.0	52	0.0
-654.0	63	0.0
-653.0	48	0.0
-652.0	49	0.0
-651.0	35	0.0
-650.0	48	0.0
-649.0	46	0.0
-648.0	49	0.0
-647.0	54	0.0
-646.0	58	0.0
-645.0	41	0.0
-644.0	51	0.0
-643.0	38	0.0
-642.0	44	0.0
-641.0	43	0.0
-640.0	46	0.0
-639.0	62	0.0
-638.0	49	0.0
-637.0	43	0.0
-636.0	52	0.0
-635.0	42	0.0
-634.0	41	0.0
-633.0	48	0.0
-632.0	44	0.0
-631.0	53	0.0
-630.0	59	0.0
-629.0	45	0.0
-628.0	48	0.0
-627.0	47	0.0
-626.0	53	0.0
-625.0	56	0.0
-624.0	38	0.0
-623.0	45	0.0
-622.0	49	0.0
-621.0	54	0.0
-620.0	48	0.0
-619.0	69	0.0
-618.0	37	0.0
-617.0	50	0.0
-616.0	52	0.0
-615.0	45	0.0
-614.0	57	0.0
-613.0	67	0.0
-612.0	40	0.0
-611.0	53	0.0
-610.0	54	0.0
-609.0	53	0.0
-608.0	51	0.0
-607.0	51	0.0
-606.0	51	0.0
-605.0	48	0.0
-604.0	37	0.0
-603.0	52	0.0
-602.0	51	0.0
-601.0	41	0.0
-600.0	43	0.0
-599.0	55	0.0
-598.0	62	0.0
-597.0	58	0.0
-596.0	48	0.0
-595.0	52	0.0
-594.0	37	0.0
-593.0	58	0.0
-592.0	60	0.0
-591.0	41	0.0
-590.0	54	0.0
-589.0	47	0.0
-588.0	45	0.0
-587.0	49	0.0
-586.0	51	0.0
-585.0	53	0.0
-584.0	57	0.0
-583.0	41	0.0
-582.0	46	0.0
-581.0	52	0.0
-580.0	57	0.0
-579.0	32	0.0
-578.0	54	0.0
-577.0	46	0.0
-576.0	65	0.0
-575.0	54	0.0
-574.0	54	0.0
-573.0	32	0.0
-572.0	36	0.0
-571.0	65	0.0
-570.0	58	0.0
-569.0	63	0.0
-568.0	48	0.0
-567.0	39	0.0
-566.0	55	0.0
-565.0	48	0.0
-564.0	53	0.0
-563.0	46	0.0
-562.0	40	0.0
-561.0	61	0.0
-560.0	59	0.0
-559.0	56	0.0
-558.0	54	0.0
-557.0	48	0.0
-556.0	48	0.0
-555.0	51	0.0
-554.0	51	0.0
-553.0	62	0.0
-552.0	55	0.0
-551.0	46	0.0
-550.0	51	0.0
-549.0	54	0.0
-548.0	42	0.0
-547.0	59	0.0
-546.0	42	0.0
-545.0	39	0.0
-544.0	55	0.0
-543.0	45	0.0
-542.0	49	0.0
-541.0	45	0.0
-540.0	47	0.0
-539.0	58	0.0
-538.0	54	0.0
-537.0	52	0.0
-536.0	50	0.0
-535.0	46	0.0
-534.0	41	0.0
-533.0	52	0.0
-532.0	51	0.0
-531.0	52	0.0
-530.0	46	0.0
-529.0	49	0.0
-528.0	46	0.0
-527.0	44	0.0
-526.0	53	0.0
-525.0	46	0.0
-524.0	55	0.0
-523.0	52	0.0
-522.0	50	0.0
-521.0	57	0.0
-520.0	66	0.0
-519.0	56	0.0
-518.0	48	0.0
-517.0	42	0.0
-516.0	52	0.0
-515.0	58	0.0
-514.0	58	0.0
-513.0	46	0.0
-512.0	57	0.0
-511.0	48	0.0
-510.0	50	0.0
-509.0	57	0.0
-508.0	57	0.0
-507.0	47	0.0
-506.0	40	0.0
-505.0	39	0.0
-504.0	57	0.0
-503.0	61	0.0
-502.0	41	0.0
-501.0	59	0.0
-500.0	50	0.0
-499.0	51	0.0
-498.0	45	0.0
-497.0	55	0.0
-496.0	65	0.0
-495.0	54	0.0
-494.0	49	0.0
-493.0	48	0.0
-492.0	54	0.0
-491.0	51	0.0
-490.0	41	0.0
-489.0	40	0.0
-488.0	51	0.0
-487.0	54	0.0
-486.0	46	0.0
-485.0	43	0.0
-484.0	53	0.0
-483.0	45	0.0
-482.0	47	0.0
-481.0	45	0.0
-480.0	50	0.0
-479.0	52	0.0
-478.0	40	0.0
-477.0	38	0.0
-476.0	44	0.0
-475.0	68	0.0
-474.0	46	0.0
-473.0	47	0.0
-472.0	44	0.0
-471.0	53	0.0
-470.0	48	0.0
-469.0	41	0.0
-468.0	62	0.0
-467.0	41	0.0
-466.0	37	0.0
-465.0	57	0.0
-464.0	49	0.0
-463.0	43	0.0
-462.0	57	0.0
-461.0	52	0.0
-460.0	59	0.0
-459.0	46	0.0
-458.0	53	0.0
-457.0	46	0.0
-456.0	48	0.0
-455.0	61	0.0
-454.0	47	0.0
-453.0	50	0.0
-452.0	47	0.0
-451.0	35	0.0
-450.0	54	0.0
-449.0	42	0.0
-448.0	49	0.0
-447.0	58	0.0
-446.0	55	0.0
-445.0	49	0.0
-444.0	52	0.0
-443.0	44	0.0
-442.0	44	0.0
-441.0	56	0.0
-440.0	48	0.0
-439.0	46	0.0
-438.0	52	0.0
-437.0	66	0.0
-436.0	60	0.0
-435.0	47	0.0
-434.0	45	0.0
-433.0	38	0.0
-432.0	59	0.0
-431.0	48	0.0
-430.0	62	0.0
-429.0	43	0.0
-428.0	68	0.0
-427.0	49	0.0
-426.0	64	0.0
-425.0	45	0.0
-424.0	49	0.0
-423.0	42	0.0
-422.0	55	0.0
-421.0	41	0.0
-420.0	43	0.0
-419.0	50	0.0
-418.0	54	0.0
-417.0	44	0.0
-416.0	55	0.0
-415.0	47	0.0
-414.0	48	0.0
-413.0	41	0.0
-412.0	45	0.0
-411.0	53	0.0
-410.0	48	0.0
-409.0	42	0.0
-408.0	49	0.0
-407.0	51	0.0
-406.0	44	0.0
-405.0	46	0.0
-404.0	52	0.0
-403.0	60	0.0
-402.0	43	0.0
-401.0	49	0.0
-400.0	63	0.0
-399.0	40	0.0
-398.0	54	0.0
-397.0	35	0.0
-396.0	63	0.0
-395.0	57	0.0
-394.0	38	0.0
-393.0	43	0.0
-392.0	47	0.0
-391.0	50	0.0
-390.0	53	0.0
-389.0	45	0.0
-388.0	40	0.0
-387.0	56	0.0
-386.0	51	0.0
-385.0	41	0.0
-384.0	46	0.0
-383.0	49	0.0
-382.0	55	0.0
-381.0	58	0.0
-380.0	59	0.0
-379.0	35	0.0
-378.0	53	0.0
-377.0	61	0.0
-376.0	57	0.0
-375.0	55	0.0
-374.0	44	0.0
-373.0	37	0.0
-372.0	53	0.0
-371.0	40	0.0
-370.0	44	0.0
-369.0	69	0.0
-368.0	51	0.0
-367.0	53	0.0
-366.0	54	0.0
-365.0	44	0.0
-364.0	50	0.0
-363.0	45	0.0
-362.0	69	0.0
-361.0	46	0.0
-360.0	59	0.0
-359.0	50	0.0
-358.0	37	0.0
-357.0	46	0.0
-356.0	42	0.0
-355.0	55	0.0
-354.0	46	0.0
-353.0	43	0.0
-352.0	64	0.0
-351.0	44	0.0
-350.0	56	0.0
-349.0	48	0.0
-348.0	54	0.0
-347.0	50	0.0
-346.0	46	0.0
-345.0	50	0.0
-344.0	39	0.0
-343.0	48	0.0
-342.0	52	0.0
-341.0	46	0.0
-340.0	43	0.0
-339.0	52	0.0
-338.0	55	0.0
-337.0	63	0.0
-336.0	51	0.0
-335.0	51	0.0
-334.0	42	0.0
-333.0	39	0.0
-332.0	54	0.0
-331.0	38	0.0
-330.0	41	0.0
-329.0	57	0.0
-328.0	47	0.0
-327.0	57	0.0
-326.0	53	0.0
-325.0	52	0.0
-324.0	38	0.0
-323.0	48	0.0
-322.0	64	0.0
-321.0	66	0.0
-320.0	35	0.0
-319.0	58	0.0
-318.0	49	0.0
-317.0	35	0.0
-316.0	37	0.0
-315.0	64	0.0
-314.0	40	0.0
-313.0	57	0.0
-312.0	54	0.0
-311.0	55	0.0
-310.0	56	0.0
-309.0	59	0.0
-308.0	47	0.0
-307.0	42	0.0
-306.0	45	0.0
-305.0	64	0.0
-304.0	56	0.0
-303.0	36	0.0
-302.0	64	0.0
-301.0	40	0.0
-300.0	51	0.0
-299.0	50	0.0
-298.0	57	0.0
-297.0	66	0.0
-296.0	46	0.0
-295.0	46	0.0
-294.0	49	0.0
-293.0	47	0.0
-292.0	49	0.0
-291.0	52	0.0
-290.0	51	0.0
-289.0	50	0.0
-288.0	42	0.0
-287.0	59	0.0
-286.0	54	0.0
-285.0	43	0.0
-284.0	43	0.0
-283.0	42	0.0
-282.0	44	0.0
-281.0	56	0.0
-280.0	60	0.0
-279.0	46	0.0
-278.0	44	0.0
-277.0	48	0.0
-276.0	43	0.0
-275.0	57	0.0
-274.0	45	0.0
-273.0	43	0.0
-272.0	49	0.0
-271.0	54	0.0
-270.0	45	0.0
-269.0	47	0.0
-268.0	54	0.0
-267.0	40	0.0
-266.0	50	0.0
-265.0	48	0.0
-264.0	57	0.0
-263.0	55	0.0
-262.0	48	0.0
-261.0	45	0.0
-260.0	54	0.0
-259.0	47	0.0
-258.0	47	0.0
-257.0	44	0.0
-256.0	45	0.0
-255.0	45	0.0
-254.0	52	0.0
-253.0	50	0.0
-252.0	46	0.0
-251.0	51	0.0
-250.0	54	0.0
-249.0	40	0.0
-248.0	57	0.0
-247.0	53	0.0
-246.0	60	0.0
-245.0	56	0.0
-244.0	39	0.0
-243.0	41	0.0
-242.0	36	0.0
-241.0	51	0.0
-240.0	39	0.0
-239.0	52	0.0
-238.0	53	0.0
-237.0	50	0.0
-236.0	46	0.0
-235.0	54	0.0
-234.0	57	0.0
-233.0	63	0.0
-232.0	41	0.0
-231.0	42	0.0
-230.0	48	0.0
-229.0	51	0.0
-228.0	34	0.0
-227.0	63	0.0
-226.0	54	0.0
-225.0	44	0.0
-224.0	54	0.0
-223.0	56	0.0
-222.0	52	0.0
-221.0	57	0.0
-220.0	55	0.0
-219.0	51	0.0
-218.0	47	0.0
-217.0	61	0.0
-216.0	58	0.0
-215.0	50	0.0
-214.0	53	0.0
-213.0	56	0.0
-212.0	64	0.0
-211.0	63	0.0
-210.0	50	0.0
-209.0	44	0.0
-208.0	50	0.0
-207.0	41	0.0
-206.0	55	0.0
-205.0	43	0.0
-204.0	40	0.0
-203.0	58	0.0
-202.0	42	0.0
-201.0	57	0.0
-200.0	49	0.0
-199.0	48	0.0
-198.0	51	0.0
-197.0	60	0.0
-196.0	50	0.0
-195.0	62	0.0
-194.0	48	0.0
-193.0	47	0.0
-192.0	50	0.0
-191.0	40	0.0
-190.0	52	0.0
-189.0	55	0.0
-188.0	45	0.0
-187.0	46	0.0
-186.0	40	0.0
-185.0	43	0.0
-184.0	50	0.0
-183.0	41	0.0
-182.0	47	0.0
-181.0	47	0.0
-180.0	55	0.0
-179.0	58	0.0
-178.0	52	0.0
-177.0	43	0.0
-176.0	56	0.0
-175.0	63	0.0
-174.0	51	0.0
-173.0	39	0.0
-172.0	46	0.0
-171.0	39	0.0
-170.0	49	0.0
-169.0	47	0.0
-168.0	47	0.0
-167.0	42	0.0
-166.0	56	0.0
-165.0	47	0.0
-164.0	45	0.0
-163.0	48	0.0
-162.0	44	0.0
-161.0	45	0.0
-160.0	47	0.0
-159.0	56	0.0
-158.0	60	0.0
-157.0	53	0.0
-156.0	53	0.0
-155.0	61	0.0
-154.0	50	0.0
-153.0	45	0.0
-152.0	41	0.0
-151.0	51	0.0
-150.0	52	0.0
-149.0	45	0.0
-148.0	59	0.0
-147.0	41	0.0
-146.0	36	0.0
-145.0	54	0.0
-144.0	45	0.0
-143.0	46	0.0
-142.0	51	0.0
-141.0	51	0.0
-140.0	44	0.0
-139.0	47	0.0
-138.0	39	0.0
-137.0	52	0.0
-136.0	41	0.0
-135.0	47	0.0
-134.0	41	0.0
-133.0	44	0.0
-132.0	53	0.0
-131.0	64	0.0
-130.0	51	0.0
-129.0	51	0.0
-128.0	55	0.0
-127.0	59	0.0
-126.0	60	0.0
-125.0	56	0.0
-124.0	47	0.0
-123.0	50	0.0
-122.0	51	0.0
-121.0	50	0.0
-120.0	62	0.0
-119.0	59	0.0
-118.0	53	0.0
-117.0	71	0.0
-116.0	53	0.0
-115.0	45	0.0
-114.0	58	0.0
-113.0	58	0.0
-112.0	50	0.0
-111.0	39	0.0
-110.0	59	0.0
-109.0	54	0.0
-108.0	52	0.0
-107.0	50	0.0
-106.0	46	0.0
-105.0	41	0.0
-104.0	55	0.0
-103.0	53	0.0
-102.0	65	0.0
-101.0	52	0.0
-100.0	58	0.0
-99.0	51	0.0
-98.0	46	0.0
-97.0	56	0.0
-96.0	48	0.0
-95.0	58	0.0
-94.0	54	0.0
-93.0	61	0.0
-92.0	37	0.0
-91.0	45	0.0
-90.0	56	0.0
-89.0	50	0.0
-88.0	45	0.0
-87.0	52	0.0
-86.0	49	0.0
-85.0	45	0.0
-84.0	39	0.0
-83.0	48	0.0
-82.0	44	0.0
-81.0	41	0.0
-80.0	56	0.0
-79.0	55	0.0
-78.0	39	0.0
-77.0	49	0.0
-76.0	45	0.0
-75.0	41	0.0
-74.0	47	0.0
-73.0	34	0.0
-72.0	41	0.0
-71.0	48	0.0
-70.0	57	0.0
-69.0	44	0.0
-68.0	59	0.0
-67.0	48	0.0
-66.0	46	0.0
-65.0	60	0.0
-64.0	47	0.0
-63.0	50	0.0
-62.0	39	0.0
-61.0	47	0.0
-60.0	44	0.0
-59.0	45	0.0
-58.0	51	0.0
-57.0	55	0.0
-56.0	53	0.0
-55.0	42	0.0
-54.0	52	0.0
-53.0	45	0.0
-52.0	50	0.0
-51.0	58	0.0
-50.0	45	0.0
-49.0	45	0.0
-48.0	49	0.0
-47.0	51	0.0
-46.0	56	0.0
-45.0	57	0.0
-44.0	51	0.0
-43.0	52	0.0
-42.0	40	0.0
-41.0	42	0.0
-40.0	44	0.0
-39.0	52	0.0
-38.0	62	0.0
-37.0	46	0.0
-36.0	63	0.0
-35.0	46	0.0
-34.0	41	0.0
-33.0	54	0.0
-32.0	46	0.0
-31.0	51	0.0
-30.0	55	0.0
-29.0	35	0.0
-28.0	53	0.0
-27.0	45	0.0
-26.0	46	0.0
-25.0	58	0.0
-24.0	54	0.0
-23.0	45	0.0
-22.0	51	0.0
-21.0	48	0.0
-20.0	51	0.0
-19.0	48	0.0
-18.0	50	0.0
-17.0	59	0.0
-16.0	48	0.0
-15.0	50	0.0
-14.0	45	0.0
-13.0	48	0.0
-12.0	48	0.0
-11.0	43	0.0
-10.0	68	0.0
-9.0	60	0.0
-8.0	45	0.0
-7.0	54	0.0
-6.0	55	0.0
-5.0	48	0.0
-4.0	53	0.0
-3.0	45	0.0
-2.0	46	0.0
-1.0	60	0.0
0.0	52	0.0
1.0	46	0.0
2.0	58	0.0
3.0	40	0.0
4.0	52	0.0
5.0	46	0.0
6.0	57	0.0
7.0	50	0.0
8.0	50	0.0
9.0	46	0.0
10.0	49	0.0
11.0	41	0.0
12.0	50	0.0
13.0	50	0.0
14.0	44	0.0
15.0	43	0.0
16.0	48	0.0
17.0	48	0.0
18.0	50	0.0
19.0	52	0.0
20.0	49	0.0
21.0	42	0.0
22.0	61	0.0
23.0	54	0.0
24.0	42	0.0
25.0	49	0.0
26.0	48	0.0
27.0	48	0.0
28.0	39	0.0
29.0	46	0.0
30.0	49	0.0
31.0	47	0.0
32.0	46	0.0
33.0	59	0.0
34.0	59	0.0
35.0	55	0.0
36.0	41	0.0
37.0	39	0.0
38.0	44	0.0
39.0	55	0.0
40.0	41	0.0
41.0	58	0.0
42.0	45	0.0
43.0	58	0.0
44.0	44	0.0
45.0	66	0.0
46.0	56	0.0
47.0	49	0.0
48.0	48	0.0
49.0	49	0.0
50.0	62	0.0
51.0	47	0.0
52.0	57	0.0
53.0	39	0.0
54.0	45	0.0
55.0	48	0.0
56.0	35	0.0
57.0	51	0.0
58.0	49	0.0
59.0	46	0.0
60.0	55	0.0
61.0	56	0.0
62.0	54	0.0
63.0	56	0.0
64.0	60	0.0
65.0	44	0.0
66.0	71	0.0
67.0	59	0.0
68.0	46	0.0
69.0	40	0.0
70.0	45	0.0
71.0	49	0.0
72.0	45	0.0
73.0	41	0.0
74.0	53	0.0
75.0	38	0.0
76.0	43	0.0
77.0	55	0.0
78.0	37	0.0
79.0	63	0.0
80.0	54	0.0
81.0	58	0.0
82.0	52	0.0
83.0	42	0.0
84.0	50	0.0
85.0	43	0.0
86.0	57	0.0
87.0	53	0.0
88.0	47	0.0
89.0	49	0.0
90.0	50	0.0
91.0	42	0.0
92.0	54	0.0
93.0	56	0.0
94.0	41	0.0
95.0	52	0.0
96.0	51	0.0
97.0	62	0.0
98.0	38	0.0
99.0	62	0.0
100.0	67	1135.9774741327462
101.0	51	2127.280537678329
102.0	56	2989.177719081225
103.0	54	3735.4656182467024
104.0	38	4378.60347111118
105.0	46	4929.835834306302
106.0	56	5399.304413107529
107.0	32	5796.149969343725
108.0	42	6128.6051666386575
109.0	50	6404.079137669711
110.0	52	6629.234491514406
111.0	47	6810.0574181092215
112.0	51	6951.921490910413
113.0	48	7059.645717600619
114.0	53	7137.547341735115
115.0	56	7189.489855218119
116.0	48	7218.926642110964
117.0	48	7228.9406382026555
118.0	50	7222.28035773988
119.0	58	7201.392608473144
120.0	55	7168.452188485144
121.0	48	7125.388832925221
122.0	45	7073.911655574127
123.0	49	7015.531308936258
124.0	51	6951.580067129594
125.0	50	6883.230018071666
126.0	39	6811.509535200919
127.0	56	6737.318184102389
128.0	46	6661.440205806102
129.0	54	6584.55670608966
130.0	47	6507.256668748443
131.0	50	6430.046900400602
132.0	46	6353.361004895531
133.0	53	6277.567476713739
134.0	67	6202.976994811307
135.0	58	6129.848991118062
136.0	36	6058.397561278923
137.0	65	5988.796779182018
138.0	44	5921.185471300583
139.0	47	5855.671501834249
140.0	46	5792.3356150396185
141.0	50	5731.234876941409
142.0	61	5672.405754787805
143.0	44	5615.866869121089
144.0	66	5561.621450149604
145.0	46	5509.659527202886
146.0	51	5459.95987740542
147.0	55	5412.491757290742
148.0	63	5367.216438880913
149.0	47	5324.088569753307
150.0	44	5283.0573747928265
151.0	54	5244.067715668803
152.0	55	5207.061022564457
153.0	36	5171.976111310931
154.0	50	5138.749897828086
155.0	50	5107.318020638084
156.0	43	5077.615381181607
157.0	51	5049.57661072803
158.0	45	5023.136471817854
159.0	59	4998.230201399554
160.0	50	4974.793802119651
161.0	44	4952.764287585796
162.0	53	4932.07988684349
163.0	56	4912.680212782454
164.0	46	4894.506398710254
165.0	48	4877.501206903167
166.0	44	4861.609112548695
167.0	52	4846.7763661458885
168.0	59	4832.951037104982
169.0	50	4820.083041002499
170.0	44	4808.124152683432
171.0	45	4797.028007169183
172.0	57	4786.750090113616
173.0	42	4777.247719360825
174.0	45	4768.480018981674
175.0	38	4760.407887013229
176.0	59	4752.993957982219
177.0	63	4746.202561169226
178.0	41	4739.999675455834
179.0	43	4734.352881495128
180.0	56	4729.2313118551865
181.0	46	4724.6055997028725
182.0	56	4720.447826521447
183.0	42	4716.731469291732
184.0	43	4713.431347505548
185.0	47	4710.523570330506
186.0	58	4707.985484197096
187.0	54	4705.79562103839
188.0	46	4703.933647375827
189.0	49	4702.380314412582
190.0	54	4701.11740926646
191.0	37	4700.12770744984
192.0	52	4699.394926681133
193.0	70	4698.903682093165
194.0	54	4698.639442886985
195.0	42	4698.588490463641
196.0	46	4698.737878054707
197.0	56	4699.07539186059
198.0	58	4699.589513695638
199.0	52	4700.269385131734
200.0	42	4701.104773123476
201.0	50	4702.086037094726
202.0	44	4703.204097457414
203.0	45	4704.450405533963
204.0	46	4705.816914847574
205.0	65	4707.296053743861
206.0	52	4708.8806993046155
207.0	53	4710.564152513637
208.0	56	4712.340114632228
209.0	49	4714.202664742408
210.0	54	4716.146238414146
211.0	58	4718.1656074553075
212.0	51	4720.255860699495
213.0	38	4722.4123857910145
214.0	55	4724.630851924254
215.0	58	4726.907193496547
216.0	49	4729.237594634192
217.0	45	4731.618474552377
218.0	51	4734.046473710355
219.0	46	4736.5184407249535
220.0	56	4739.031420005872
221.0	48	4741.582640078292
222.0	46	4744.1695025588315
223.0	49	4746.789571751805
224.0	40	4749.440564835677
225.0	57	4752.120342608416
226.0	62	4754.826900763243
227.0	45	4757.558361667673
228.0	45	4760.312966618346
229.0	66	4763.089068547075
230.0	62	4765.885125153926
231.0	52	4768.699692443159
232.0	41	4771.531418641722
233.0	65	4774.3790384775875
234.0	58	4777.241367799154
235.0	55	4780.117298516595
236.0	44	4783.005793845601
237.0	50	4785.905883839111
238.0	49	4788.816661188076
239.0	51	4791.7372772772405
240.0	48	4794.666938481028
241.0	58	4797.60490268559
242.0	43	4800.550476023898
243.0	55	4803.503009811213
244.0	37	4806.461897669687
245.0	56	4809.426572830319
246.0	57	4812.3965056025145
247.0	50	4815.371201000408
248.0	49	4818.350196517619
249.0	58	4821.333060040155
250.0	61	4824.319387890971
251.0	56	4827.308802996522
252.0	37	4830.3009531688185
253.0	49	4833.2955094961435
254.0	54	4836.292164834968
255.0	63	4839.290632397606
256.0	65	4842.290644429573
257.0	47	4845.29195097098
258.0	55	4848.294318696592
259.0	49	4851.297529830331
260.0	50	4854.301381129183
261.0	42	4857.305682931702
262.0	47	4860.31025826827
263.0	59	4863.314942028163
264.0	66	4866.319580180335
265.0	46	4869.324029044639
266.0	56	4872.328154609938
267.0	44	4875.331831896378
268.0	49	4878.334944359322
269.0	41	4881.337383331665
270.0	49	4884.339047502325
271.0	43	4887.339842429215
272.0	55	4890.339680083313
273.0	45	4893.3384784232085
274.0	51	4896.3361609968015
275.0	38	4899.33265656948
276.0	39	4902.327898776884
277.0	51	4905.321825799842
278.0	47	4908.314380061046
279.0	49	4911.3055079420665
280.0	43	4914.295159518216
281.0	45	4917.283288311457
282.0	54	4920.26985105971
283.0	71	4923.254807500834
284.0	55	4926.2381201716735
285.0	35	4929.219754219733
286.0	52	4932.199677227937
287.0	43	4935.177859050429
288.0	54	4938.154271660103
289.0	49	4941.1288890052365
290.0	53	4944.101686876701
291.0	50	4947.072642783293
292.0	66	4950.041735835763
293.0	55	4953.008946638611
294.0	42	4955.974257188796
295.0	51	4958.937650781521
296.0	64	4961.899111922378
297.0	52	4964.858626244968
298.0	44	4967.8161804347765
299.0	43	4970.771762157327
300.0	51	4973.725359991731
301.0	47	4976.676963368597
302.0	59	4979.626562511957
303.0	52	4982.574148385417
304.0	51	4985.519712641513
305.0	63	4988.46324757487
306.0	50	4991.4047460783295
307.0	60	4994.34420160222
308.0	49	4997.281608115992
309.0	54	5000.21696007307
310.0	45	5003.15025237735
311.0	45	5006.081480352658
312.0	52	5009.010639713848
313.0	44	5011.937726540002
314.0	50	5014.862737249541
315.0	49	5017.785668576709
316.0	51	5020.706517550089
317.0	63	5023.625281472213
318.0	59	5026.5419579009895
319.0	65	5029.456544631725
320.0	49	5032.369039681108
321.0	48	5035.279441271802
322.0	44	5038.187747818274
323.0	50	5041.093957913572
324.0	46	5043.99807031706
325.0	66	5046.9000839426435
326.0	43	5049.7999978485295
327.0	42	5052.697811226858
328.0	54	5055.593523394691
329.0	45	5058.487133785102
330.0	46	5061.378641939395
331.0	48	5064.268047499465
332.0	55	5067.155350200838
333.0	49	5070.040549866131
334.0	53	5072.923646399015
335.0	52	5075.804639778623
336.0	49	5078.683530054168
337.0	59	5081.560317340325
338.0	48	5084.4350018123105
339.0	57	5087.3075837019815
340.0	48	5090.17806329355
341.0	56	5093.046440920336
342.0	46	5095.912716960854
343.0	56	5098.776891836124
344.0	36	5101.638966006211
345.0	48	5104.498939968023
346.0	59	5107.356814252035
347.0	59	5110.212589420704
348.0	44	5113.0662660656035
349.0	56	5115.917844805628
350.0	53	5118.76732628508
351.0	42	5121.61471117176
352.0	43	5124.46000015538
353.0	65	5127.3031939460225
354.0	51	5130.144293272585
355.0	62	5132.983298881558
356.0	59	5135.8202115358035
357.0	40	5138.655032013124
358.0	54	5141.487761105503
359.0	45	5144.318399617926
360.0	58	5147.146948367466
361.0	41	5149.973408182418
362.0	61	5152.79777990154
363.0	45	5155.620064373116
364.0	70	5158.440262454557
365.0	43	5161.2583750113345
366.0	54	5164.074402916877
367.0	44	5166.8883470515575
368.0	59	5169.700208302428
369.0	45	5172.50998756257
370.0	50	5175.317685730747
371.0	50	5178.123303711036
372.0	55	5180.926842412162
373.0	49	5183.728302747506
374.0	45	5186.527685634476
375.0	41	5189.324991994291
376.0	48	5192.1202227516915
377.0	58	5194.91337883464
378.0	48	5197.704461174122
379.0	55	5200.493470703843
380.0	45	5203.280408360064
381.0	53	5206.065275081292
382.0	46	5208.848071808284
383.0	44	5211.628799483539
384.0	47	5214.407459051651
385.0	47	5217.18405145855
386.0	43	5219.9585776518825
387.0	47	5222.731038580451
388.0	40	5225.501435194518
389.0	44	5228.269768445254
390.0	53	5231.03603928498
391.0	50	5233.800248666823
392.0	62	5236.5623975449125
393.0	46	5239.322486873872
394.0	50	5242.080517609288
395.0	49	5244.836490706997
396.0	51	5247.590407123585
397.0	51	5250.3422678160005
398.0	53	5253.0920737416045
399.0	43	5255.839825858061
400.0	45	5258.585525123409
401.0	60	5261.329172495841
402.0	48	5264.0707689337
403.0	54	5266.810315395702
404.0	50	5269.547812840375
405.0	62	5272.283262226584
406.0	52	5275.016664513067
407.0	51	5277.7480206586215
408.0	57	5280.477331622138
409.0	56	5283.204598362346
410.0	50	5285.929821837907
411.0	40	5288.653003007485
412.0	51	5291.374142829579
413.0	42	5294.093242262502
414.0	40	5296.810302264564
415.0	52	5299.525323793818
416.0	45	5302.238307808101
417.0	60	5304.949255265212
418.0	59	5307.658167122479
419.0	45	5310.365044337323
420.0	52	5313.069887866724
421.0	42	5315.772698667437
422.0	52	5318.473477696033
423.0	46	5321.172225908731
424.0	49	5323.868944261627
425.0	65	5326.563633710405
426.0	43	5329.2562952104645
427.0	48	5331.946929716956
428.0	53	5334.635538184805
429.0	58	5337.322121568468
430.0	54	5340.00668082221
431.0	60	5342.689216899859
432.0	45	5345.369730755174
433.0	59	5348.048223341256
434.0	59	5350.724695611112
435.0	44	5353.399148517307
436.0	54	5356.071583012094
437.0	50	5358.742000047407
438.0	46	5361.410400574805
439.0	54	5364.076785545564
440.0	42	5366.741155910487
441.0	42	5369.403512620157
442.0	45	5372.063856624749
443.0	40	5374.722188874058
444.0	50	5377.378510317503
445.0	56	5380.032821904256
446.0	44	5382.685124583011
447.0	66	5385.335419302212
448.0	39	5387.983707009767
449.0	49	5390.629988653341
450.0	46	5393.274265180273
451.0	52	5395.916537537468
452.0	48	5398.556806671454
453.0	50	5401.195073528349
454.0	49	5403.831339054022
455.0	53	5406.465604193928
456.0	58	5409.097869893055
457.0	45	5411.728137096109
458.0	45	5414.356406747512
459.0	51	5416.982679791024
460.0	52	5419.606957170374
461.0	52	5422.229239828665
462.0	58	5424.849528708751
463.0	44	5427.467824753006
464.0	40	5430.084128903627
465.0	56	5432.698442102234
466.0	52	5435.310765290143
467.0	49	5437.921099408348
468.0	52	5440.529445397314
469.0	49	5443.135804197347
470.0	49	5445.740176748161
471.0	57	5448.3425639891775
472.0	49	5450.942966859606
473.0	47	5453.541386297933
474.0	52	5456.137823242612
475.0	40	5458.732278631501
476.0	56	5461.324753402111
477.0	67	5463.915248491736
478.0	56	5466.503764837102
479.0	43	5469.09030337456
480.0	55	5471.67486504021
481.0	47	5474.257450769713
482.0	66	5476.838061498383
483.0	47	5479.416698161097
484.0	49	5481.993361692383
485.0	64	5484.568053026395
486.0	42	5487.140773096913
487.0	46	5489.711522837337
488.0	53	5492.280303180658
489.0	33	5494.847115059588
490.0	54	5497.411959406368
491.0	38	5499.9748371528585
492.0	42	5502.53574923058
493.0	58	5505.094696570737
494.0	45	5507.651680104002
495.0	60	5510.206700760823
496.0	58	5512.759759471154
497.0	55	5515.310857164629
498.0	46	5517.859994770604
499.0	53	5520.4071732178345
500.0	39	5522.952393434831
501.0	39	5525.495656349879
502.0	53	5528.036962890516
503.0	50	5530.576313984275
504.0	39	5533.113710558097
505.0	60	5535.649153538606
506.0	28	5538.182643852086
507.0	64	5540.714182424345
508.0	37	5543.243770180977
509.0	60	5545.771408047008
510.0	62	5548.297096947307
511.0	60	5550.820837806119
512.0	52	5553.342631547532
513.0	58	5555.862479095161
514.0	43	5558.380381372279
515.0	50	5560.896339301687
516.0	47	5563.410353805934
517.0	51	5565.922425807198
518.0	40	5568.432556227185
519.0	52	5570.940745987283
520.0	46	5573.446996008542
521.0	52	5575.951307211507
522.0	44	5578.453680516565
523.0	70	5580.954116843513
524.0	60	5583.452617111924
525.0	53	5585.949182240904
526.0	43	5588.44381314924
527.0	44	5590.936510755383
528.0	68	5593.427275977279
529.0	47	5595.916109732652
530.0	39	5598.4030129386965
531.0	49	5600.887986512422
532.0	58	5603.371031370329
533.0	33	5605.852148428547
534.0	32	5608.331338602956
535.0	51	5610.808602808934
536.0	50	5613.283941961516
537.0	62	5615.757356975419
538.0	51	5618.228848764924
539.0	46	5620.698418244005
540.0	58	5623.166066326219
541.0	42	5625.631793924755
542.0	42	5628.095601952453
543.0	45	5630.557491321781
544.0	56	5633.017462944827
545.0	44	5635.475517733276
546.0	54	5637.931656598501
547.0	54	5640.385880451494
548.0	50	5642.838190202845
549.0	63	5645.288586762797
550.0	58	5647.737071041251
551.0	56	5650.183643947669
552.0	44	5652.628306391168
553.0	52	5655.071059280583
554.0	49	5657.51190352422
555.0	53	5659.950840030163
556.0	53	5662.38786970606
557.0	59	5664.822993459213
558.0	61	5667.256212196552
559.0	40	5669.687526824563
560.0	41	5672.116938249459
561.0	65	5674.5444473771
562.0	50	5676.970055112853
563.0	44	5679.393762361922
564.0	50	5681.8155700289235
565.0	49	5684.235479018251
566.0	46	5686.653490233827
567.0	50	5689.0696045793
568.0	52	5691.483822957935
569.0	52	5693.896146272628
570.0	62	5696.306575425833
571.0	52	5698.715111319695
572.0	33	5701.121754856041
573.0	57	5703.526506936268
574.0	45	5705.929368461422
575.0	52	5708.330340332177
576.0	55	5710.729423448865
577.0	56	5713.126618711377
578.0	43	5715.5219270193875
579.0	40	5717.915349272069
580.0	52	5720.306886368285
581.0	52	5722.6965392065185
582.0	48	5725.084308684913
583.0	55	5727.470195701175
584.0	72	5729.854201152725
585.0	52	5732.236325936647
586.0	56	5734.616570949519
587.0	50	5736.994937087734
588.0	49	5739.371425247121
589.0	47	5741.746036323327
590.0	48	5744.118771211583
591.0	58	5746.489630806693
592.0	58	5748.858616003143
593.0	44	5751.225727695076
594.0	62	5753.590966776166
595.0	59	5755.954334139873
596.0	45	5758.315830679245
597.0	58	5760.675457286929
598.0	58	5763.0332148552225
599.0	49	5765.389104276052
600.0	46	5767.7431264410025
601.0	44	5770.095282241346
602.0	62	5772.445572567787
603.0	52	5774.793998311006
604.0	60	5777.140560360996
605.0	39	5779.485259607554
606.0	53	5781.828096940144
607.0	56	5784.169073247788
608.0	48	5786.508189419134
609.0	56	5788.845446342521
610.0	50	5791.180844905908
611.0	57	5793.514385996915
612.0	43	5795.846070502723
613.0	44	5798.175899310263
614.0	39	5800.503873306093
615.0	56	5802.829993376241
616.0	62	5805.15426040664
617.0	62	5807.47667528266
618.0	56	5809.797238889396
619.0	52	5812.11595211153
620.0	50	5814.4328158334365
621.0	47	5816.747830939146
622.0	55	5819.060998312282
623.0	62	5821.372318836068
624.0	47	5823.681793393531
625.0	55	5825.989422867083
626.0	56	5828.295208139068
627.0	42	5830.599150091302
628.0	40	5832.9012496051955
629.0	47	5835.201507561879
630.0	55	5837.499924842235
631.0	47	5839.796502326515
632.0	50	5842.091240894915
633.0	45	5844.384141426976
634.0	63	5846.675204802177
635.0	43	5848.9644318994
636.0	54	5851.251823597311
637.0	59	5853.537380774173
638.0	45	5855.821104307872
639.0	24	5858.102995075925
640.0	55	5860.383053955591
641.0	50	5862.661281823638
642.0	43	5864.937679556581
643.0	58	5867.2122480305325
644.0	59	5869.484988121228
645.0	35	5871.755900704124
646.0	54	5874.024986654177
647.0	50	5876.292246846224
648.0	60	5878.557682154471
649.0	54	5880.821293452973
650.0	40	5883.08308161535
651.0	49	5885.343047514877
652.0	49	5887.601192024423
653.0	60	5889.857516016548
654.0	48	5892.11202036353
655.0	52	5894.364705937149
656.0	42	5896.615573608967
657.0	38	5898.864624250019
658.0	53	5901.111858731178
659.0	40	5903.357277922858
660.0	64	5905.600882695092
661.0	47	5907.842673917668
662.0	53	5910.08265245994
663.0	45	5912.320819190881
664.0	55	5914.557174979158
665.0	52	5916.791720693096
666.0	51	5919.024457200645
667.0	59	5921.255385369381
668.0	60	5923.4845060666
669.0	60	5925.711820159164
670.0	56	5927.93732851362
671.0	56	5930.161031996114
672.0	55	5932.38293147254
673.0	39	5934.603027808329
674.0	42	5936.821321868658
675.0	57	5939.037814518244
676.0	59	5941.2525066215485
677.0	54	5943.46539904263
678.0	45	5945.676492645238
679.0	53	5947.885788292717
680.0	56	5950.093286848099
681.0	48	5952.298989173982
682.0	46	5954.5028961327735
683.0	54	5956.7050085863575
684.0	46	5958.905327396368
685.0	41	5961.103853424094
686.0	67	5963.300587530422
687.0	46	5965.495530575927
688.0	47	5967.68868342075
689.0	54	5969.88004692481
690.0	62	5972.069621947596
691.0	50	5974.257409348316
692.0	45	5976.443409985614
693.0	39	5978.62762471817
694.0	56	5980.810054403886
695.0	46	5982.990699900629
696.0	48	5985.169562065774
697.0	45	5987.346641756378
698.0	43	5989.521939829135
699.0	42	5991.69545714048
700.0	69	5993.8671945462975
701.0	43	5996.03715290234
702.0	60	5998.205333063865
703.0	38	6000.371735885854
704.0	54	6002.536362222943
705.0	52	6004.699212929366
706.0	43	6006.860288859073
707.0	42	6009.019590865554
708.0	56	6011.177119802137
709.0	49	6013.332876521601
710.0	53	6015.486861876494
711.0	52	6017.639076719063
712.0	52	6019.789521901024
713.0	56	6021.938198273938
714.0	61	6024.085106688929
715.0	62	6026.230247996753
716.0	38	6028.373623047849
717.0	44	6030.51523269235
718.0	64	6032.655077779985
719.0	50	6034.793159160141
720.0	53	6036.929477681921
721.0	47	6039.064034193937
722.0	42	6041.196829544645
723.0	52	6043.327864581998
724.0	52	6045.4571401536505
725.0	53	6047.584657107029
726.0	50	6049.710416289003
727.0	50	6051.834418546257
728.0	47	6053.956664725045
729.0	59	6056.077155671303
730.0	54	6058.195892230693
731.0	43	6060.312875248441
732.0	43	6062.428105569367
733.0	45	6064.541584038141
734.0	53	6066.6533114989
735.0	50	6068.763288795566
736.0	61	6070.871516771661
737.0	45	6072.977996270327
738.0	50	6075.082728134464
739.0	36	6077.185713206473
740.0	47	6079.286952328602
741.0	38	6081.38644634263
742.0	52	6083.4841960900285
743.0	43	6085.580202411834
744.0	40	6087.6744661489265
745.0	48	6089.766988141693
746.0	55	6091.857769230238
747.0	47	6093.946810254294
748.0	45	6096.034112053287
749.0	67	6098.119675466235
750.0	49	6100.203501331879
751.0	55	6102.285590488588
752.0	52	6104.365943774423
753.0	61	6106.444562027099
754.0	51	6108.521446083868
755.0	51	6110.596596781797
756.0	54	6112.670014957551
757.0	49	6114.741701447482
758.0	40	6116.811657087509
759.0	48	6118.879882713335
760.0	67	6120.9463791602275
761.0	51	6123.011147263144
762.0	50	6125.074187856673
763.0	57	6127.13550177512
764.0	35	6129.195089852453
765.0	55	6131.2529529222
766.0	41	6133.309091817714
767.0	48	6135.363507371779
768.0	36	6137.416200417091
769.0	45	6139.467171785792
770.0	47	6141.516422309797
771.0	66	6143.563952820691
772.0	57	6145.609764149648
773.0	50	6147.653857127569
774.0	58	6149.69623258498
775.0	47	6151.736891352099
776.0	47	6153.775834258768
777.0	52	6155.813062134463
778.0	57	6157.84857580841
779.0	49	6159.8823761094
780.0	43	6161.914463865979
781.0	53	6163.944839906317
782.0	53	6165.973505058186
783.0	48	6168.000460149108
784.0	55	6170.025706006203
785.0	45	6172.049243456282
786.0	48	6174.071073325875
787.0	57	6176.091196440986
788.0	44	6178.10961362753
789.0	57	6180.126325710953
790.0	50	6182.1413335163015
791.0	59	6184.154637868404
792.0	46	6186.166239591687
793.0	50	6188.176139510298
794.0	51	6190.18433844795
795.0	59	6192.1908372281105
796.0	50	6194.195636673875
797.0	48	6196.198737607968
798.0	46	6198.200140852898
799.0	57	6200.199847230675
800.0	62	6202.197857563034
801.0	55	6204.194172671492
802.0	57	6206.188793377009
803.0	54	6208.181720500423
804.0	51	6210.172954862072
805.0	51	6212.162497282085
806.0	63	6214.150348580182
807.0	50	6216.136509575715
808.0	39	6218.120981087822
809.0	42	6220.10376393514
810.0	52	6222.084858936185
811.0	51	6224.064266908982
812.0	42	6226.041988671146
813.0	47	6228.018025040239
814.0	56	6229.992376833167
815.0	61	6231.965044866747
816.0	65	6233.93602995733
817.0	50	6235.90533292099
818.0	66	6237.872954573459
819.0	60	6239.838895730069
820.0	46	6241.803157205904
821.0	54	6243.765739815712
822.0	54	6245.72664437386
823.0	49	6247.685871694386
824.0	48	6249.64342259098
825.0	62	6251.599297877122
826.0	58	6253.553498365792
827.0	58	6255.506024869725
828.0	46	6257.456878201317
829.0	34	6259.406059172592
830.0	51	6261.353568595327
831.0	43	6263.2994072809
832.0	46	6265.243576040343
833.0	48	6267.1860756843525
834.0	44	6269.126907023409
835.0	40	6271.066070867529
836.0	58	6273.003568026418
837.0	64	6274.939399309538
838.0	54	6276.873565525884
839.0	52	6278.806067484267
840.0	54	6280.736905993038
841.0	56	6282.666081860296
842.0	60	6284.593595893772
843.0	61	6286.519448900854
844.0	65	6288.443641688689
845.0	59	6290.366175063989
846.0	56	6292.287049833185
847.0	44	6294.206266802372
848.0	42	6296.1238267772405
849.0	49	6298.039730563301
850.0	45	6299.95397896569
851.0	61	6301.866572789078
852.0	47	6303.777512837958
853.0	52	6305.686799916383
854.0	54	6307.5944348282255
855.0	58	6309.500418376924
856.0	47	6311.404751365517
857.0	49	6313.307434596888
858.0	51	6315.20846887346
859.0	49	6317.10785499734
860.0	63	6319.005593770428
861.0	51	6320.901685994156
862.0	44	6322.796132469618
863.0	50	6324.688933997722
864.0	57	6326.580091378886
865.0	46	6328.469605413337
866.0	41	6330.3574769009065
867.0	46	6332.243706641113
868.0	50	6334.128295433076
869.0	46	6336.011244075672
870.0	45	6337.892553367491
871.0	52	6339.772224106669
872.0	49	6341.650257091091
873.0	55	6343.526653118303
874.0	53	6345.401412985576
875.0	52	6347.274537489746
876.0	39	6349.146027427344
877.0	51	6351.01588359468
878.0	44	6352.88410678767
879.0	53	6354.750697801822
880.0	51	6356.615657432469
881.0	36	6358.478986474498
882.0	49	6360.3406857225345
883.0	50	6362.200755970883
884.0	45	6364.059198013485
885.0	54	6365.91601264394
886.0	48	6367.771200655606
887.0	48	6369.624762841369
888.0	47	6371.476699994002
889.0	49	6373.327012905779
890.0	40	6375.175702368699
891.0	45	6377.022769174451
892.0	49	6378.868214114356
893.0	50	6380.712037979488
894.0	55	6382.5542415605505
895.0	53	6384.39482564788
896.0	44	6386.2337910316255
897.0	58	6388.071138501379
898.0	40	6389.906868846679
899.0	46	6391.740982856532
900.0	47	6393.573481319704
901.0	49	6395.404365024682
902.0	50	6397.23363475955
903.0	45	6399.061291312056
904.0	58	6400.887335469764
905.0	55	6402.711768019744
906.0	64	6404.534589748816
907.0	51	6406.355801443471
908.0	54	6408.175403889974
909.0	48	6409.993397874072
910.0	48	6411.809784181329
911.0	55	6413.624563596964
912.0	46	6415.437736905866
913.0	59	6417.2493048925435
914.0	55	6419.059268341333
915.0	64	6420.86762803607
916.0	43	6422.674384760376
917.0	58	6424.479539297536
918.0	50	6426.283092430525
919.0	61	6428.08504494189
920.0	49	6429.8853976140535
921.0	59	6431.684151228913
922.0	70	6433.481306568215
923.0	55	6435.276864413244
924.0	58	6437.070825545004
925.0	63	6438.8631907442905
926.0	59	6440.653960791403
927.0	52	6442.443136466484
928.0	41	6444.230718549252
929.0	60	6446.0167078191125
930.0	49	6447.801105055105
931.0	46	6449.583911036177
932.0	44	6451.365126540626
933.0	46	6453.144752346725
934.0	57	6454.92278923222
935.0	59	6456.69923797458
936.0	45	6458.474099351122
937.0	49	6460.247374138643
938.0	49	6462.019063113624
939.0	56	6463.789167052373
940.0	51	6465.557686730788
941.0	45	6467.324622924468
942.0	39	6469.089976408666
943.0	41	6470.853747958302
944.0	56	6472.615938348082
945.0	44	6474.376548352277
946.0	56	6476.135578744916
947.0	38	6477.893030299596
948.0	42	6479.648903789791
949.0	51	6481.403199988454
950.0	55	6483.155919668354
951.0	62	6484.90706360195
952.0	49	6486.656632561241
953.0	57	6488.404627318012
954.0	52	6490.151048643774
955.0	48	6491.895897309631
956.0	55	6493.639174086421
957.0	50	6495.380879744666
958.0	32	6497.121015054525
959.0	45	6498.859580785813
960.0	46	6500.596577708231
961.0	53	6502.332006590919
962.0	59	6504.065868202774
963.0	44	6505.798163312453
964.0	39	6507.528892688264
965.0	51	6509.258057098157
966.0	39	6510.985657309801
967.0	49	6512.711694090497
968.0	47	6514.436168207361
969.0	41	6516.15908042702
970.0	50	6517.8804315158995
971.0	48	6519.600222240072
972.0	58	6521.318453365338
973.0	58	6523.035125657106
974.0	53	6524.750239880565
975.0	45	6526.463796800448
976.0	55	6528.175797181375
977.0	66	6529.886241787467
978.0	54	6531.595131382589
979.0	53	6533.302466730391
980.0	45	6535.00824859403
981.0	40	6536.712477736497
982.0	49	6538.415154920397
983.0	55	6540.116280908013
984.0	51	6541.815856461384
985.0	58	6543.513882342166
986.0	54	6545.210359311736
987.0	40	6546.905288131154
988.0	50	6548.598669561166
989.0	45	6550.29050436219
990.0	46	6551.980793294268
991.0	54	6553.669537117337
992.0	60	6555.356736590846
993.0	40	6557.042392473903
994.0	50	6558.726505525435
995.0	48	6560.409076503985
996.0	47	6562.090106167755
997.0	45	6563.769595274727
998.0	40	6565.44754458247
999.0	43	6567.1239548483845
1000.0	42	6568.798826829275
1001.0	53	6570.472161282018
1002.0	42	6572.143958962884
1003.0	23	6573.814220627936
1004.0	47	6575.482947032988
1005.0	55	6577.1501389333325
1006.0	44	6578.815797084218
1007.0	63	6580.479922240432
1008.0	52	6582.1425151564745
1009.0	48	6583.803576586502
1010.0	44	6585.463107284413
1011.0	43	6587.121108003775
1012.0	55	6588.777579497889
1013.0	43	6590.432522519659
1014.0	42	6592.0859378217565
1015.0	45	6593.737826156461
1016.0	50	6595.388188275879
1017.0	49	6597.037024931612
1018.0	55	6598.684336875141
1019.0	51	6600.330124857552
1020.0	50	6601.974389629566
1021.0	51	6603.617131941721
1022.0	40	6605.2583525441305
1023.0	61	6606.898052186655
1024.0	47	6608.536231618889
1025.0	63	6610.172891590018
1026.0	52	6611.808032849024
1027.0	52	6613.441656144417
1028.0	54	6615.073762224652
1029.0	50	6616.704351837606
1030.0	50	6618.333425731038
1031.0	50	6619.960984652302
1032.0	51	6621.58702934851
1033.0	47	6623.211560566399
1034.0	46	6624.834579052491
1035.0	42	6626.456085552799
1036.0	63	6628.076080813344
1037.0	46	6629.694565579556
1038.0	49	6631.311540596675
1039.0	61	6632.927006609673
1040.0	57	6634.540964363146
1041.0	49	6636.153414601381
1042.0	44	6637.764358068375
1043.0	51	6639.373795507897
1044.0	49	6640.98172766327
1045.0	46	6642.588155277588
1046.0	57	6644.193079093611
1047.0	54	6645.796499853852
1048.0	48	6647.398418300459
1049.0	55	6648.998835175285
1050.0	45	6650.597751219901
1051.0	49	6652.195167175561
1052.0	53	6653.79108378315
1053.0	44	6655.3855017833275
1054.0	54	6656.978421916482
1055.0	49	6658.569844922532
1056.0	53	6660.159771541313
1057.0	49	6661.748202512145
1058.0	51	6663.335138574194
1059.0	47	6664.920580466247
1060.0	62	6666.504528926778
1061.0	51	6668.086984694025
1062.0	53	6669.667948505869
1063.0	55	6671.247421099842
1064.0	54	6672.825403213306
1065.0	56	6674.401895583199
1066.0	45	6675.97689894621
1067.0	42	6677.550414038694
1068.0	66	6679.122441596719
1069.0	40	6680.692982355994
1070.0	44	6682.262037052084
1071.0	46	6683.829606420073
1072.0	50	6685.395691194838
1073.0	50	6686.96029211093
1074.0	56	6688.523409902552
1075.0	52	6690.085045303691
1076.0	55	6691.645199047969
1077.0	52	6693.203871868733
1078.0	45	6694.761064499008
1079.0	48	6696.316777671533
1080.0	54	6697.8710121187205
1081.0	52	6699.4237685726675
1082.0	42	6700.975047765254
1083.0	64	6702.524850427996
1084.0	61	6704.073177292086
1085.0	47	6705.620029088449
1086.0	57	6707.165406547741
1087.0	45	6708.709310400181
1088.0	54	6710.251741375881
1089.0	44	6711.792700204492
1090.0	56	6713.3321876154705
1091.0	54	6714.87020433786
1092.0	45	6716.406751100535
1093.0	62	6717.941828631944
1094.0	63	6719.475437660369
1095.0	55	6721.0075789136135
1096.0	56	6722.538253119351
1097.0	52	6724.067461004885
1098.0	43	6725.5952032972145
1099.0	62	6727.1214807230335
1100.0	41	6728.6462940086985
1101.0	50	6730.169643880388
1102.0	44	6731.691531063866
1103.0	69	6733.211956284635
1104.0	51	6734.730920267927
1105.0	46	6736.248423738591
1106.0	40	6737.764467421262
1107.0	48	6739.279052040303
1108.0	62	6740.792178319584
1109.0	69	6742.303846982922
1110.0	46	6743.81405875373
1111.0	47	6745.322814355013
1112.0	58	6746.830114509671
1113.0	58	6748.335959940189
1114.0	52	6749.840351368781
1115.0	51	6751.343289517337
1116.0	43	6752.844775107489
1117.0	52	6754.3448088605555
1118.0	48	6755.843391497572
1119.0	43	6757.340523739257
1120.0	57	6758.836206306012
1121.0	45	6760.330439917929
1122.0	50	6761.8232252949065
1123.0	38	6763.314563156445
1124.0	58	6764.804454221721
1125.0	60	6766.2928992098
1126.0	39	6767.779898839187
1127.0	68	6769.265453828305
1128.0	53	6770.749564895128
1129.0	49	6772.232232757451
1130.0	49	6773.7134581327055
1131.0	46	6775.193241738076
1132.0	56	6776.671584290398
1133.0	63	6778.148486506204
1134.0	48	6779.62394910181
1135.0	53	6781.097972793122
1136.0	53	6782.570558295882
1137.0	54	6784.041706325418
1138.0	50	6785.511417596781
1139.0	38	6786.9796928248325
1140.0	60	6788.446532723987
1141.0	56	6789.911938008488
1142.0	47	6791.375909392192
1143.0	63	6792.838447588753
1144.0	53	6794.299553311412
1145.0	52	6795.759227273202
1146.0	35	6797.217470186894
1147.0	53	6798.6742827648195
1148.0	55	6800.129665719157
1149.0	48	6801.583619761732
1150.0	49	6803.036145604105
1151.0	62	6804.487243957461
1152.0	43	6805.936915532812
1153.0	57	6807.385161040748
1154.0	58	6808.83198119166
1155.0	45	6810.2773766956225
1156.0	53	6811.721348262414
1157.0	56	6813.163896601458
1158.0	46	6814.605022422
1159.0	63	6816.044726432917
1160.0	48	6817.483009342799
1161.0	47	6818.919871859932
1162.0	53	6820.355314692356
1163.0	49	6821.789338547782
1164.0	62	6823.221944133611
1165.0	62	6824.653132156988
1166.0	43	6826.082903324775
1167.0	46	6827.511258343505
1168.0	65	6828.93819791941
1169.0	42	6830.363722758485
1170.0	51	6831.787833566367
1171.0	45	6833.210531048457
1172.0	55	6834.63181590983
1173.0	43	6836.051688855279
1174.0	47	6837.47015058932
1175.0	60	6838.887201816118
1176.0	55	6840.302843239647
1177.0	66	6841.717075563508
1178.0	57	6843.129899491002
1179.0	57	6844.541315725235
1180.0	52	6845.951324968886
1181.0	53	6847.359927924513
1182.0	51	6848.767125294196
1183.0	41	6850.172917779831
1184.0	51	6851.577306083061
1185.0	35	6852.98029090512
1186.0	57	6854.381872947051
1187.0	57	6855.782052909554
1188.0	46	6857.180831493064
1189.0	48	6858.578209397692
1190.0	50	6859.9741873233215
1191.0	50	6861.368765969504
1192.0	57	6862.7619460354435
1193.0	48	6864.153728220202
1194.0	52	6865.5441132224205
1195.0	66	6866.933101740481
1196.0	42	6868.320694472524
1197.0	57	6869.7068921163545
1198.0	59	6871.091695369504
1199.0	47	6872.475104929202
1200.0	57	6873.857121492404
1201.0	56	6875.237745755808
1202.0	55	6876.616978415734
1203.0	46	6877.994820168271
1204.0	55	6879.371271709238
1205.0	33	6880.746333734117
1206.0	37	6882.120006938123
1207.0	47	6883.492292016267
1208.0	43	6884.863189663049
1209.0	45	6886.232700572953
1210.0	60	6887.600825439976
1211.0	65	6888.967564957934
1212.0	62	6890.332919820295
1213.0	44	6891.696890720235
1214.0	44	6893.05947835071
1215.0	52	6894.420683404335
1216.0	48	6895.78050657346
1217.0	50	6897.138948550138
1218.0	60	6898.496010026139
1219.0	47	6899.851691692899
1220.0	60	6901.205994241644
1221.0	46	6902.558918363306
1222.0	45	6903.910464748458
1223.0	44	6905.260634087477
1224.0	49	6906.609427070359
1225.0	50	6907.956844386887
1226.0	40	6909.30288672657
1227.0	58	6910.647554778544
1228.0	45	6911.990849231744
1229.0	61	6913.332770774753
1230.0	50	6914.6733200959525
1231.0	68	6916.012497883333
1232.0	40	6917.350304824682
1233.0	45	6918.68674160748
1234.0	52	6920.02180891889
1235.0	49	6921.355507445817
1236.0	67	6922.687837874897
1237.0	70	6924.018800892488
1238.0	60	6925.348397184603
1239.0	52	6926.676627436981
1240.0	46	6928.003492335135
1241.0	50	6929.32899256426
1242.0	69	6930.653128809248
1243.0	41	6931.975901754749
1244.0	55	6933.29731208511
1245.0	53	6934.617360484344
1246.0	52	6935.936047636237
1247.0	42	6937.253374224321
1248.0	40	6938.56934093176
1249.0	42	6939.88394844148
1250.0	55	6941.197197436101
1251.0	35	6942.509088598048
1252.0	49	6943.819622609308
1253.0	48	6945.1288001517
1254.0	51	6946.436621906786
1255.0	44	6947.743088555704
1256.0	65	6949.048200779397
1257.0	55	6950.351959258613
1258.0	61	6951.654364673623
1259.0	60	6952.955417704555
1260.0	53	6954.2551190312315
1261.0	55	6955.553469333144
1262.0	60	6956.850469289582
1263.0	56	6958.146119579448
1264.0	58	6959.440420881476
1265.0	43	6960.733373874038
1266.0	52	6962.024979235245
1267.0	43	6963.31523764294
1268.0	53	6964.604149774677
1269.0	42	6965.891716307693
1270.0	55	6967.177937919045
1271.0	60	6968.462815285378
1272.0	40	6969.746349083128
1273.0	55	6971.028539988461
1274.0	44	6972.309388677251
1275.0	47	6973.588895825027
1276.0	52	6974.867062107171
1277.0	53	6976.143888198646
1278.0	51	6977.419374774184
1279.0	41	6978.69352250827
1280.0	53	6979.966332075104
1281.0	55	6981.237804148553
1282.0	39	6982.50793940224
1283.0	62	6983.776738509519
1284.0	44	6985.044202143459
1285.0	58	6986.3103309767885
1286.0	56	6987.575125682064
1287.0	52	6988.838586931504
1288.0	53	6990.100715397011
1289.0	67	6991.361511750246
1290.0	48	6992.620976662632
1291.0	74	6993.879110805255
1292.0	46	6995.135914848944
1293.0	58	6996.39138946423
1294.0	50	6997.645535321369
1295.0	46	6998.898353090391
1296.0	46	7000.1498434409195
1297.0	51	7001.400007042488
1298.0	59	7002.648844564191
1299.0	46	7003.896356674927
1300.0	40	7005.142544043278
1301.0	44	7006.387407337551
1302.0	58	7007.630947225785
1303.0	60	7008.873164375765
1304.0	52	7010.114059454906
1305.0	53	7011.353633130525
1306.0	50	7012.591886069466
1307.0	58	7013.82881893841
1308.0	41	7015.064432403707
1309.0	51	7016.2987271314905
1310.0	60	7017.531703787554
1311.0	51	7018.763363037428
1312.0	44	7019.993705546391
1313.0	45	7021.222731979434
1314.0	48	7022.450443001244
1315.0	44	7023.6768392763015
1316.0	52	7024.9019214687205
1317.0	59	7026.125690242408
1318.0	43	7027.348146260933
1319.0	53	7028.5692901876455
1320.0	52	7029.789122685635
1321.0	52	7031.00764441763
1322.0	45	7032.2248560461185
1323.0	61	7033.440758233391
1324.0	49	7034.655351641318
1325.0	57	7035.868636931616
1326.0	50	7037.080614765691
1327.0	63	7038.291285804609
1328.0	43	7039.5006507092785
1329.0	57	7040.708710140254
1330.0	42	7041.915464757826
1331.0	49	7043.120915222038
1332.0	43	7044.325062192575
1333.0	49	7045.527906328955
1334.0	48	7046.729448290397
1335.0	51	7047.929688735768
1336.0	50	7049.128628323746
1337.0	52	7050.32626771273
1338.0	44	7051.5226075607525
1339.0	45	7052.717648525719
1340.0	52	7053.911391265095
1341.0	53	7055.103836436218
1342.0	56	7056.294984696077
1343.0	56	7057.484836701386
1344.0	39	7058.673393108637
1345.0	49	7059.8606545739885
1346.0	51	7061.046621753346
1347.0	55	7062.231295302326
1348.0	48	7063.414675876366
1349.0	41	7064.5967641304505
1350.0	47	7065.777560719475
1351.0	57	7066.957066297958
1352.0	68	7068.135281520146
1353.0	37	7069.312207040125
1354.0	52	7070.487843511491
1355.0	62	7071.662191587785
1356.0	37	7072.8352519221735
1357.0	46	7074.007025167534
1358.0	57	7075.177511976565
1359.0	29	7076.346713001556
1360.0	48	7077.514628894646
1361.0	50	7078.681260307636
1362.0	50	7079.846607892057
1363.0	45	7081.010672299247
1364.0	61	7082.173454180136
1365.0	54	7083.3349541855305
1366.0	51	7084.49517296584
1367.0	50	7085.6541111712795
1368.0	41	7086.811769451748
1369.0	53	7087.968148456937
1370.0	45	7089.123248836205
1371.0	40	7090.277071238607
1372.0	55	7091.429616313037
1373.0	61	7092.580884708041
1374.0	52	7093.73087707194
1375.0	47	7094.879594052726
1376.0	56	7096.027036298175
1377.0	54	7097.173204455754
1378.0	43	7098.318099172671
1379.0	51	7099.461721095893
1380.0	44	7100.60407087209
1381.0	57	7101.745149147671
1382.0	41	7102.88495656875
1383.0	45	7104.0234937811965
1384.0	37	7105.160761430627
1385.0	48	7106.296760162357
1386.0	48	7107.431490621428
1387.0	59	7108.564953452647
1388.0	49	7109.697149300535
1389.0	51	7110.828078809321
1390.0	54	7111.957742623
1391.0	48	7113.086141385281
1392.0	52	7114.213275739615
1393.0	58	7115.339146329152
1394.0	50	7116.463753796822
1395.0	47	7117.587098785268
1396.0	58	7118.709181936825
1397.0	58	7119.830003893645
1398.0	44	7120.949565297526
1399.0	67	7122.067866790026
1400.0	52	7123.184909012484
1401.0	49	7124.300692605873
1402.0	48	7125.415218211019
1403.0	46	7126.528486468372
1404.0	69	7127.640498018152
1405.0	53	7128.751253500348
1406.0	47	7129.860753554658
1407.0	59	7130.968998820479
1408.0	36	7132.075989936973
1409.0	46	7133.181727543069
1410.0	50	7134.28621227733
1411.0	30	7135.389444778162
1412.0	53	7136.491425683661
1413.0	61	7137.592155631589
1414.0	47	7138.691635259559
1415.0	44	7139.7898652049
1416.0	54	7140.886846104536
1417.0	48	7141.9825785952835
1418.0	53	7143.0770633136635
1419.0	53	7144.170300895816
1420.0	69	7145.262291977782
1421.0	42	7146.353037195258
1422.0	44	7147.442537183634
1423.0	37	7148.530792578094
1424.0	49	7149.617804013554
1425.0	47	7150.70357212461
1426.0	57	7151.788097545654
1427.0	52	7152.871380910774
1428.0	48	7153.953422853834
1429.0	48	7155.0342240083855
1430.0	48	7156.113785007756
1431.0	41	7157.192106484948
1432.0	48	7158.269189072831
1433.0	59	7159.345033403808
1434.0	62	7160.419640110219
1435.0	48	7161.493009824011
1436.0	59	7162.565143176886
1437.0	53	7163.636040800361
1438.0	48	7164.705703325554
1439.0	45	7165.774131383473
1440.0	68	7166.841325604723
1441.0	52	7167.90728661976
1442.0	52	7168.972015058684
1443.0	66	7170.035511551387
1444.0	60	7171.097776727498
1445.0	52	7172.158811216307
1446.0	50	7173.218615646932
1447.0	56	7174.277190648235
1448.0	54	7175.334536848729
1449.0	44	7176.390654876737
1450.0	48	7177.445545360268
1451.0	56	7178.499208927117
1452.0	52	7179.551646204751
1453.0	56	7180.602857820478
1454.0	63	7181.652844401225
1455.0	45	7182.701606573724
1456.0	49	7183.749144964461
1457.0	45	7184.795460199629
1458.0	36	7185.840552905139
1459.0	52	7186.88442370671
1460.0	40	7187.927073229682
1461.0	51	7188.968502099281
1462.0	46	7190.008710940339
1463.0	45	7191.0477003774995
1464.0	50	7192.085471035146
1465.0	40	7193.122023537363
1466.0	43	7194.157358508016
1467.0	61	7195.191476570633
1468.0	48	7196.224378348556
1469.0	57	7197.256064464916
1470.0	50	7198.2865355424165
1471.0	55	7199.315792203624
1472.0	54	7200.343835070844
1473.0	66	7201.370664766098
1474.0	47	7202.396281911078
1475.0	52	7203.42068712733
1476.0	55	7204.443881036067
1477.0	54	7205.4658642583145
1478.0	44	7206.486637414712
1479.0	41	7207.506201125811
1480.0	60	7208.524556011726
1481.0	43	7209.541702692422
1482.0	47	7210.557641787573
1483.0	54	7211.5723739166
1484.0	67	7212.585899698672
1485.0	47	7213.598219752638
1486.0	44	7214.609334697192
1487.0	50	7215.619245150709
1488.0	52	7216.627951731292
1489.0	56	7217.635455056813
1490.0	51	7218.641755744866
1491.0	46	7219.646854412815
1492.0	53	7220.650751677733
1493.0	50	7221.6534481564095
1494.0	53	7222.654944465493
1495.0	50	7223.655241221232
1496.0	44	7224.654339039707
1497.0	43	7225.652238536721
1498.0	48	7226.648940327781
1499.0	47	7227.644445028187
1500.0	59	7228.638753252953
1501.0	50	7229.631865616842
1502.0	46	7230.623782734329
1503.0	51	7231.614505219744
1504.0	49	7232.604033687013
1505.0	55	7233.5923687498625
1506.0	50	7234.579511021806
1507.0	40	7235.565461116032
1508.0	47	7236.550219645513
1509.0	43	7237.533787222964
1510.0	57	7238.51616446082
1511.0	57	7239.497351971257
1512.0	54	7240.477350366248
1513.0	55	7241.456160257449
1514.0	51	7242.433782256277
1515.0	41	7243.4102169739135
1516.0	51	7244.385465021236
1517.0	61	7245.359527008951
1518.0	54	7246.332403547401
1519.0	52	7247.304095246734
1520.0	47	7248.274602716881
1521.0	52	7249.2439265674075
1522.0	40	7250.212067407733
1523.0	41	7251.17902584695
1524.0	51	7252.144802493927
1525.0	60	7253.1093979572925
1526.0	44	7254.072812845361
1527.0	55	7255.035047766243
1528.0	43	7255.996103327806
1529.0	58	7256.955980137622
1530.0	55	7257.914678802976
1531.0	45	7258.872199930993
1532.0	57	7259.828544128499
1533.0	44	7260.783712002053
1534.0	47	7261.73770415794
1535.0	51	7262.690521202214
1536.0	68	7263.6421637407475
1537.0	43	7264.592632379051
1538.0	51	7265.541927722404
1539.0	55	7266.490050375844
1540.0	49	7267.437000944182
1541.0	47	7268.382780031953
1542.0	50	7269.327388243414
1543.0	48	7270.270826182642
1544.0	54	7271.213094453315
1545.0	52	7272.154193659056
1546.0	56	7273.094124403054
1547.0	41	7274.032887288368
1548.0	30	7274.970482917758
1549.0	58	7275.906911893712
1550.0	47	7276.842174818468
1551.0	50	7277.77627229404
1552.0	48	7278.709204922237
1553.0	50	7279.64097330443
1554.0	54	7280.571578041967
1555.0	53	7281.501019735787
1556.0	57	7282.429298986671
1557.0	55	7283.356416395056
1558.0	39	7284.2823725612125
1559.0	56	7285.207168085104
1560.0	61	7286.13080356645
1561.0	56	7287.053279604751
1562.0	46	7287.974596799224
1563.0	35	7288.894755748833
1564.0	45	7289.813757052316
1565.0	48	7290.731601308101
1566.0	40	7291.648289114485
1567.0	60	7292.563821069373
1568.0	47	7293.478197770509
1569.0	54	7294.391419815359
1570.0	46	7295.303487801139
1571.0	33	7296.214402324746
1572.0	46	7297.124163983008
1573.0	54	7298.03277337234
1574.0	51	7298.9402310889245
1575.0	38	7299.846537728751
1576.0	54	7300.751693887498
1577.0	48	7301.655700160648
1578.0	60	7302.558557143431
1579.0	53	7303.460265430784
1580.0	47	7304.360825617413
1581.0	40	7305.260238297796
1582.0	50	7306.158504066119
1583.0	47	7307.055623516381
1584.0	46	7307.951597242255
1585.0	59	7308.846425837184
1586.0	46	7309.74010989444
1587.0	43	7310.632650006935
1588.0	46	7311.524046767404
1589.0	65	7312.414300768299
1590.0	52	7313.303412601877
1591.0	43	7314.191382860029
1592.0	41	7315.078212134537
1593.0	45	7315.963901016844
1594.0	53	7316.848450098121
1595.0	42	7317.73185996943
1596.0	44	7318.614131221406
1597.0	46	7319.495264444588
1598.0	55	7320.375260229155
1599.0	50	7321.254119165125
1600.0	58	7322.1318418421715
1601.0	36	7323.008428849852
1602.0	51	7323.8838807773345
1603.0	36	7324.7581982135835
1604.0	53	7325.631381747397
1605.0	60	7326.503431967251
1606.0	54	7327.374349461377
1607.0	60	7328.244134817761
1608.0	54	7329.112788624145
1609.0	43	7329.980311468057
1610.0	47	7330.846703936704
1611.0	46	7331.71196661715
1612.0	37	7332.576100096103
1613.0	56	7333.439104960109
1614.0	47	7334.300981795398
1615.0	56	7335.161731187975
1616.0	56	7336.02135372368
1617.0	59	7336.879849987968
1618.0	51	7337.737220566171
1619.0	46	7338.593466043227
1620.0	53	7339.448587004066
1621.0	38	7340.302584033095
1622.0	45	7341.155457714677
1623.0	55	7342.007208632836
1624.0	57	7342.857837371372
1625.0	50	7343.707344513831
1626.0	46	7344.55573064354
1627.0	57	7345.402996343576
1628.0	52	7346.249142196697
1629.0	55	7347.094168785565
1630.0	61	7347.938076692422
1631.0	47	7348.78086649941
1632.0	50	7349.622538788324
1633.0	58	7350.463094140791
1634.0	40	7351.302533138117
1635.0	63	7352.140856361438
1636.0	47	7352.978064391588
1637.0	52	7353.814157809181
1638.0	55	7354.649137194624
1639.0	45	7355.483003127998
1640.0	55	7356.315756189221
1641.0	42	7357.147396957853
1642.0	40	7357.977926013371
1643.0	51	7358.807343934875
1644.0	46	7359.635651301248
1645.0	46	7360.4628486911915
1646.0	49	7361.288936683115
1647.0	47	7362.113915855159
1648.0	70	7362.937786785269
1649.0	44	7363.760550051161
1650.0	55	7364.5822062301995
1651.0	55	7365.402755899643
1652.0	60	7366.2221996364615
1653.0	53	7367.040538017298
1654.0	57	7367.857771618621
1655.0	55	7368.673901016739
1656.0	49	7369.48892678754
1657.0	42	7370.302849506841
1658.0	45	7371.115669750075
1659.0	70	7371.92738809251
1660.0	55	7372.738005109199
1661.0	47	7373.547521374841
1662.0	48	7374.355937463999
1663.0	45	7375.163253950968
1664.0	59	7375.969471409788
1665.0	48	7376.774590414203
1666.0	54	7377.578611537842
1667.0	51	7378.3815353539785
1668.0	42	7379.183362435737
1669.0	43	7379.984093355856
1670.0	47	7380.7837286870335
1671.0	58	7381.582269001535
1672.0	55	7382.3797148714775
1673.0	57	7383.176066868794
1674.0	44	7383.971325565021
1675.0	54	7384.765491531633
1676.0	51	7385.558565339695
1677.0	46	7386.350547560131
1678.0	48	7387.141438763595
1679.0	50	7387.931239520555
1680.0	49	7388.719950401145
1681.0	48	7389.507571975311
1682.0	46	7390.294104812723
1683.0	51	7391.079549482926
1684.0	59	7391.863906555072
1685.0	62	7392.647176598114
1686.0	67	7393.4293601808295
1687.0	46	7394.210457871736
1688.0	39	7394.990470239036
1689.0	55	7395.769397850784
1690.0	52	7396.547241274756
1691.0	47	7397.324001078477
1692.0	57	7398.099677829245
1693.0	54	7398.874272094099
1694.0	57	7399.6477844399
1695.0	45	7400.420215433227
1696.0	47	7401.191565640392
1697.0	52	7401.961835627515
1698.0	54	7402.731025960451
1699.0	54	7403.499137204839
1700.0	45	7404.266169926028
1701.0	47	7405.032124689181
1702.0	44	7405.797002059225
1703.0	45	7406.5608026007885
1704.0	54	7407.323526878355
1705.0	47	7408.0851754561145
1706.0	42	7408.845748897969
1707.0	49	7409.605247767656
1708.0	55	7410.36367262865
1709.0	59	7411.121024044211
1710.0	63	7411.8773025773335
1711.0	45	7412.63250879077
1712.0	49	7413.386643247061
1713.0	61	7414.139706508458
1714.0	46	7414.891699137072
1715.0	64	7415.642621694667
1716.0	57	7416.392474742809
1717.0	52	7417.1412588428975
1718.0	68	7417.888974555978
1719.0	44	7418.635622442965
1720.0	47	7419.381203064447
1721.0	70	7420.1257169808205
1722.0	56	7420.869164752218
1723.0	58	7421.6115469385795
1724.0	57	7422.352864099627
1725.0	43	7423.093116794725
1726.0	56	7423.832305583132
1727.0	53	7424.570431023793
1728.0	43	7425.307493675465
1729.0	50	7426.0434940966325
1730.0	40	7426.778432845566
1731.0	51	7427.512310480265
1732.0	44	7428.245127558547
1733.0	54	7428.976884637967
1734.0	52	7429.7075822758225
1735.0	40	7430.4372210292
1736.0	56	7431.165801454976
1737.0	57	7431.893324109728
1738.0	55	7432.619789549865
1739.0	40	7433.345198331462
1740.0	53	7434.069551010532
1741.0	46	7434.792848142668
1742.0	49	7435.515090283298
1743.0	46	7436.236277987651
1744.0	60	7436.956411810692
1745.0	50	7437.675492307174
1746.0	60	7438.393520031527
1747.0	54	7439.110495538082
1748.0	56	7439.826419380828
1749.0	50	7440.5412921135785
1750.0	53	7441.255114289852
1751.0	48	7441.967886463006
1752.0	49	7442.679609186181
1753.0	49	7443.390283012124
1754.0	44	7444.09990849352
1755.0	41	7444.808486182768
1756.0	44	7445.516016631976
1757.0	50	7446.2225003931335
1758.0	61	7446.927938017874
1759.0	49	7447.632330057644
1760.0	55	7448.335677063696
1761.0	51	7449.0379795870185
1762.0	42	7449.739238178354
1763.0	56	7450.439453388201
1764.0	45	7451.13862576689
1765.0	44	7451.836755864451
1766.0	54	7452.533844230686
1767.0	47	7453.229891415241
1768.0	60	7453.9248979674185
1769.0	52	7454.618864436351
1770.0	60	7455.311791370956
1771.0	48	7456.003679319884
1772.0	38	7456.694528831536
1773.0	49	7457.3843404541085
1774.0	50	7458.073114735623
1775.0	55	7458.760852223757
1776.0	54	7459.447553466034
1777.0	55	7460.13321900966
1778.0	66	7460.817849401731
1779.0	52	7461.501445189033
1780.0	45	7462.184006918145
1781.0	55	7462.865535135381
1782.0	58	7463.546030386865
1783.0	39	7464.22549321849
1784.0	54	7464.90392417589
1785.0	47	7465.581323804457
1786.0	47	7466.257692649373
1787.0	56	7466.933031255651
1788.0	45	7467.607340167927
1789.0	35	7468.280619930773
1790.0	37	7468.952871088383
1791.0	49	7469.624094184831
1792.0	58	7470.294289763874
1793.0	41	7470.963458369113
1794.0	53	7471.63160054388
1795.0	50	7472.298716831307
1796.0	53	7472.964807774164
1797.0	41	7473.629873915236
1798.0	49	7474.2939157968685
1799.0	48	7474.956933961239
1800.0	54	7475.618928950362
1801.0	45	7476.27990130588
1802.0	64	7476.939851569356
1803.0	44	7477.598780282054
1804.0	54	7478.2566879849755
1805.0	47	7478.913575218945
1806.0	50	7479.569442524585
1807.0	63	7480.224290442176
1808.0	53	7480.878119511899
1809.0	58	7481.530930273595
1810.0	50	7482.182723266979
1811.0	53	7482.833499031434
1812.0	56	7483.483258106223
1813.0	52	7484.1320010302725
1814.0	55	7484.779728342344
1815.0	45	7485.426440580992
1816.0	52	7486.072138284427
1817.0	53	7486.716821990794
1818.0	61	7487.360492237901
1819.0	47	7488.003149563342
1820.0	48	7488.644794504516
1821.0	59	7489.285427598552
1822.0	56	7489.9250493823765
1823.0	44	7490.563660392711
1824.0	52	7491.201261165984
1825.0	47	7491.837852238428
1826.0	53	7492.473434146112
1827.0	58	7493.108007424782
1828.0	53	7493.741572609992
1829.0	47	7494.374130237083
1830.0	46	7495.005680841169
1831.0	52	7495.63622495709
1832.0	55	7496.265763119519
1833.0	46	7496.894295862878
1834.0	55	7497.521823721336
1835.0	51	7498.148347228878
1836.0	39	7498.773866919296
1837.0	45	7499.398383325995
1838.0	46	7500.0218969823345
1839.0	56	7500.644408421373
1840.0	44	7501.265918175935
1841.0	49	7501.886426778624
1842.0	49	7502.505934761829
1843.0	41	7503.124442657703
1844.0	47	7503.741950998191
1845.0	55	7504.35846031498
1846.0	47	7504.973971139561
1847.0	55	7505.588484003165
1848.0	37	7506.201999436834
1849.0	54	7506.814517971357
1850.0	62	7507.426040137369
1851.0	44	7508.036566465131
1852.0	51	7508.646097484836
1853.0	48	7509.254633726339
1854.0	47	7509.862175719353
1855.0	56	7510.468723993305
1856.0	55	7511.074279077423
1857.0	58	7511.6788415007
1858.0	63	7512.282411791956
1859.0	49	7512.884990479667
1860.0	54	7513.486578092232
1861.0	48	7514.087175157705
1862.0	52	7514.686782203981
1863.0	49	7515.285399758695
1864.0	39	7515.883028349323
1865.0	45	7516.479668502994
1866.0	51	7517.075320746763
1867.0	51	7517.669985607342
1868.0	49	7518.26366361128
1869.0	48	7518.856355284884
1870.0	54	7519.448061154219
1871.0	58	7520.038781745186
1872.0	44	7520.628517583383
1873.0	61	7521.217269194266
1874.0	61	7521.805037102957
1875.0	58	7522.391821834504
1876.0	47	7522.977623913572
1877.0	63	7523.562443864774
1878.0	43	7524.14628221232
1879.0	63	7524.729139480328
1880.0	49	7525.311016192644
1881.0	40	7525.891912872901
1882.0	59	7526.471830044481
1883.0	54	7527.050768230591
1884.0	37	7527.628727954207
1885.0	53	7528.205709738054
1886.0	46	7528.7817141046235
1887.0	42	7529.356741576248
1888.0	47	7529.930792674966
1889.0	58	7530.503867922629
1890.0	48	7531.0759678409
1891.0	45	7531.64709295116
1892.0	45	7532.217243774601
1893.0	55	7532.786420832156
1894.0	51	7533.354624644596
1895.0	55	7533.921855732442
1896.0	55	7534.488114616001
1897.0	57	7535.053401815281
1898.0	51	7535.617717850227
1899.0	58	7536.18106324039
1900.0	45	7536.743438505253
1901.0	51	7537.304844163946
1902.0	41	7537.865280735507
1903.0	54	7538.424748738619
1904.0	47	7538.983248691854
1905.0	44	7539.540781113502
1906.0	46	7540.097346521618
1907.0	58	7540.652945434135
1908.0	56	7541.207578368673
1909.0	46	7541.761245842631
1910.0	48	7542.313948373239
1911.0	56	7542.86568647746
1912.0	47	7543.416460672057
1913.0	68	7543.96627147362
1914.0	47	7544.515119398422
1915.0	49	7545.0630049626225
1916.0	51	7545.609928682039
1917.0	50	7546.155891072375
1918.0	54	7546.700892649067
1919.0	56	7547.244933927332
1920.0	43	7547.788015422225
1921.0	48	7548.330137648469
1922.0	47	7548.87130112067
1923.0	51	7549.411506353139
1924.0	47	7549.950753860034
1925.0	50	7550.48904415529
1926.0	56	7551.026377752535
1927.0	52	7551.562755165314
1928.0	56	7552.098176906802
1929.0	50	7552.632643490095
1930.0	53	7553.166155427976
1931.0	43	7553.698713233056
1932.0	54	7554.230317417712
1933.0	39	7554.760968494077
1934.0	56	7555.290666974152
1935.0	59	7555.819413369612
1936.0	48	7556.347208191982
1937.0	47	7556.87405195253
1938.0	57	7557.399945162372
1939.0	52	7557.924888332328
1940.0	56	7558.448881972997
1941.0	55	7558.971926594888
1942.0	58	7559.494022708102
1943.0	50	7560.015170822667
1944.0	48	7560.535371448369
1945.0	36	7561.054625094688
1946.0	51	7561.57293227101
1947.0	42	7562.09029348641
1948.0	42	7562.606709249819
1949.0	49	7563.122180069924
1950.0	52	7563.63670645511
1951.0	53	7564.150288913689
1952.0	51	7564.662927953675
1953.0	52	7565.174624082862
1954.0	52	7565.6853778088625
1955.0	49	7566.195189639035
1956.0	38	7566.704060080538
1957.0	55	7567.21198964037
1958.0	50	7567.718978825149
1959.0	44	7568.225028141513
1960.0	55	7568.73013809567
1961.0	54	7569.234309193719
1962.0	56	7569.737541941542
1963.0	51	7570.239836844771
1964.0	47	7570.741194408861
1965.0	59	7571.241615138996
1966.0	62	7571.741099540212
1967.0	42	7572.239648117242
1968.0	65	7572.737261374699
1969.0	59	7573.233939816941
1970.0	51	7573.729683948057
1971.0	49	7574.224494272028
1972.0	61	7574.718371292522
1973.0	53	7575.211315513041
1974.0	46	7575.703327436906
1975.0	44	7576.194407567107
1976.0	65	7576.684556406547
1977.0	46	7577.1737744578695
1978.0	55	7577.662062223437
1979.0	47	7578.149420205504
1980.0	40	7578.6358489060085
1981.0	55	7579.121348826785
1982.0	44	7579.605920469371
1983.0	47	7580.089564335117
1984.0	56	7580.57228092514
1985.0	43	7581.054070740372
1986.0	52	7581.534934281538
1987.0	56	7582.014872049117
1988.0	44	7582.493884543358
1989.0	64	7582.971972264352
1990.0	58	7583.44913571192
1991.0	58	7583.925375385767
1992.0	51	7584.400691785237
1993.0	52	7584.875085409595
1994.0	53	7585.3485567577945
1995.0	52	7585.821106328652
1996.0	50	7586.292734620716
1997.0	39	7586.763442132385
1998.0	38	7587.233229361739
1999.0	46	7587.702096806755
2000.0	50	7588.17004496513
2001.0	38	7588.637074334355
2002.0	54	7589.103185411766
2003.0	43	7589.568378694441
2004.0	53	7590.032654679215
2005.0	45	7590.496013862745
2006.0	58	7590.958456741512
2007.0	54	7591.419983811703
2008.0	46	7591.8805955693515
2009.0	51	7592.340292510254
2010.0	46	7592.7990751300395
2011.0	41	7593.25694392407
2012.0	57	7593.713899387508
2013.0	50	7594.169942015299
2014.0	48	7594.625072302244
2015.0	52	7595.0792907428195
2016.0	52	7595.532597831412
2017.0	40	7595.984994062051
2018.0	50	7596.436479928728
2019.0	51	7596.887055925069
2020.0	46	7597.3367225445545
2021.0	49	7597.785480280497
2022.0	53	7598.233329625932
2023.0	48	7598.680271073704
2024.0	57	7599.12630511641
2025.0	42	7599.571432246537
2026.0	55	7600.015652956252
2027.0	50	7600.458967737624
2028.0	41	7600.901377082348
2029.0	40	7601.342881482074
2030.0	45	7601.783481428159
2031.0	49	7602.223177411737
2032.0	47	7602.66196992381
2033.0	53	7603.099859455093
2034.0	38	7603.536846496089
2035.0	49	7603.9729315371915
2036.0	53	7604.408115068403
2037.0	49	7604.842397579712
2038.0	50	7605.275779560813
2039.0	54	7605.7082615011195
2040.0	57	7606.13984389
2041.0	43	7606.570527216415
2042.0	54	7607.000311969272
2043.0	45	7607.429198637205
2044.0	46	7607.857187708669
2045.0	48	7608.284279671834
2046.0	48	7608.71047501478
2047.0	50	7609.135774225291
2048.0	59	7609.560177790951
2049.0	49	7609.98368619917
2050.0	52	7610.406299937144
2051.0	49	7610.828019491773
2052.0	43	7611.248845349879
2053.0	56	7611.668777998037
2054.0	65	7612.087817922587
2055.0	36	7612.50596560956
2056.0	65	7612.923221545019
2057.0	55	7613.3395862146845
2058.0	53	7613.755060103952
2059.0	50	7614.1696436982165
2060.0	45	7614.583337482594
2061.0	46	7614.99614194192
2062.0	52	7615.408057560877
2063.0	51	7615.81908482399
2064.0	41	7616.229224215447
2065.0	45	7616.638476219415
2066.0	48	7617.04684131966
2067.0	51	7617.454319999862
2068.0	56	7617.8609127434065
2069.0	48	7618.2666200336325
2070.0	62	7618.67144235345
2071.0	57	7619.0753801857445
2072.0	59	7619.478434013041
2073.0	65	7619.880604317878
2074.0	49	7620.281891582338
2075.0	50	7620.682296288447
2076.0	59	7621.081818917974
2077.0	49	7621.480459952512
2078.0	48	7621.878219873443
2079.0	59	7622.275099161881
2080.0	41	7622.67109829882
2081.0	42	7623.066217764983
2082.0	52	7623.460458040964
2083.0	54	7623.8538196070085
2084.0	59	7624.246302943333
2085.0	42	7624.637908529862
2086.0	62	7625.028636846236
2087.0	50	7625.418488372053
2088.0	53	7625.807463586569
2089.0	46	7626.1955629689
2090.0	39	7626.582786997964
2091.0	45	7626.969136152411
2092.0	52	7627.354610910769
2093.0	46	7627.739211751287
2094.0	49	7628.122939152044
2095.0	53	7628.505793590918
2096.0	31	7628.887775545569
2097.0	60	7629.268885493488
2098.0	57	7629.649123911885
2099.0	48	7630.028491277832
2100.0	50	7630.406988068141
2101.0	53	7630.7846147595255
2102.0	43	7631.161371828328
2103.0	47	7631.537259750881
2104.0	45	7631.912279003125
2105.0	46	7632.286430060954
2106.0	48	7632.659713399923
2107.0	53	7633.032129495511
2108.0	55	7633.403678822823
2109.0	52	7633.774361856979
2110.0	64	7634.144179072747
2111.0	62	7634.5131309446715
2112.0	59	7634.881217947211
2113.0	58	7635.248440554512
2114.0	49	7635.614799240624
2115.0	57	7635.98029447925
2116.0	69	7636.344926744036
2117.0	40	7636.708696508325
2118.0	55	7637.071604245308
2119.0	55	7637.433650427916
2120.0	45	7637.794835528953
2121.0	54	7638.155160020972
2122.0	52	7638.51462437637
2123.0	56	7638.873229067219
2124.0	42	7639.230974565531
2125.0	47	7639.587861343036
2126.0	55	7639.943889871361
2127.0	45	7640.299060621741
2128.0	58	7640.653374065383
2129.0	41	7641.006830673202
2130.0	53	7641.359430915966
2131.0	45	7641.711175264175
2132.0	49	7642.062064188182
2133.0	65	7642.412098158129
2134.0	55	7642.761277643921
2135.0	53	7643.1096031153265
2136.0	46	7643.457075041851
2137.0	54	7643.803693892799
2138.0	54	7644.149460137336
2139.0	48	7644.494374244362
2140.0	56	7644.83843668255
2141.0	46	7645.181647920479
2142.0	51	7645.524008426415
2143.0	35	7645.865518668549
2144.0	50	7646.206179114747
2145.0	57	7646.545990232725
2146.0	47	7646.884952489974
2147.0	54	7647.223066353839
2148.0	58	7647.560332291396
2149.0	54	7647.896750769568
2150.0	54	7648.232322255097
2151.0	52	7648.567047214441
2152.0	52	7648.900926113935
2153.0	53	7649.233959419657
2154.0	50	7649.5661475975385
2155.0	47	7649.897491113239
2156.0	49	7650.227990432366
2157.0	47	7650.557646020085
2158.0	48	7650.886458341648
2159.0	44	7651.214427861789
2160.0	64	7651.541555045374
2161.0	38	7651.867840356777
2162.0	43	7652.193284260392
2163.0	52	7652.5178872202805
2164.0	54	7652.84164970037
2165.0	58	7653.164572164311
2166.0	50	7653.486655075706
2167.0	50	7653.807898897741
2168.0	53	7654.128304093602
2169.0	50	7654.447871126208
2170.0	61	7654.766600458161
2171.0	44	7655.084492552106
2172.0	61	7655.40154787024
2173.0	55	7655.717766874776
2174.0	55	7656.033150027526
2175.0	56	7656.347697790238
2176.0	58	7656.661410624433
2177.0	54	7656.9742889914405
2178.0	46	7657.286333352349
2179.0	56	7657.597544168075
2180.0	45	7657.907921899348
2181.0	53	7658.217467006698
2182.0	46	7658.526179950425
2183.0	44	7658.834061190629
2184.0	53	7659.141111187282
2185.0	50	7659.447330400129
2186.0	46	7659.752719288634
2187.0	47	7660.057278312187
2188.0	59	7660.361007929851
2189.0	50	7660.663908600618
2190.0	37	7660.965980783223
2191.0	50	7661.267224936177
2192.0	67	7661.5676415178505
2193.0	55	7661.867230986368
2194.0	55	7662.1659937996665
2195.0	55	7662.46393041553
2196.0	43	7662.761041291497
2197.0	54	7663.057326884906
2198.0	52	7663.352787652936
2199.0	42	7663.647424052556
2200.0	53	7663.941236540485
2201.0	55	7664.23422557332
2202.0	51	7664.5263916074755
2203.0	47	7664.817735099021
2204.0	52	7665.10825650403
2205.0	57	7665.397956278202
2206.0	50	7665.686834877183
2207.0	52	7665.97489275635
2208.0	65	7666.262130370878
2209.0	41	7666.548548175796
2210.0	50	7666.834146625833
2211.0	48	7667.118926175641
2212.0	54	7667.402887279602
2213.0	46	7667.686030391981
2214.0	50	7667.968355966725
2215.0	39	7668.249864457702
2216.0	44	7668.530556318457
2217.0	50	7668.810432002502
2218.0	57	7669.089491963029
2219.0	44	7669.3677366531065
2220.0	62	7669.645166525551
2221.0	54	7669.9217820329695
2222.0	55	7670.197583627861
2223.0	43	7670.472571762488
2224.0	65	7670.746746888871
2225.0	52	7671.020109458891
2226.0	39	7671.292659924215
2227.0	44	7671.564398736304
2228.0	53	7671.835326346472
2229.0	50	7672.105443205781
2230.0	55	7672.374749765128
2231.0	41	7672.643246475177
2232.0	52	7672.91093378647
2233.0	50	7673.177812149312
2234.0	53	7673.443882013787
2235.0	43	7673.709143829804
2236.0	41	7673.973598047146
2237.0	54	7674.237245115264
2238.0	52	7674.500085483557
2239.0	56	7674.762119601119
2240.0	39	7675.023347916938
2241.0	46	7675.2837708797215
2242.0	57	7675.543388938054
2243.0	48	7675.802202540322
2244.0	40	7676.060212134649
2245.0	42	7676.317418169084
2246.0	47	7676.5738210913
2247.0	57	7676.8294213489935
2248.0	48	7677.084219389488
2249.0	56	7677.338215660042
2250.0	56	7677.591410607646
2251.0	43	7677.843804679143
2252.0	56	7678.095398321103
2253.0	59	7678.346191980005
2254.0	46	7678.596186102079
2255.0	49	7678.845381133338
2256.0	65	7679.09377751965
2257.0	41	7679.341375706705
2258.0	38	7679.588176139946
2259.0	45	7679.83417926467
2260.0	55	7680.079385525953
2261.0	45	7680.323795368658
2262.0	53	7680.567409237527
2263.0	53	7680.810227576998
2264.0	44	7681.052250831482
2265.0	50	7681.293479445005
2266.0	60	7681.533913861568
2267.0	54	7681.773554524867
2268.0	44	7682.012401878486
2269.0	44	7682.250456365737
2270.0	40	7682.487718429817
2271.0	46	7682.724188513671
2272.0	48	7682.959867060111
2273.0	41	7683.19475451165
2274.0	54	7683.42885131078
2275.0	44	7683.6621578996765
2276.0	54	7683.894674720309
2277.0	57	7684.1264022145415
2278.0	52	7684.357340823977
2279.0	47	7684.587490990097
2280.0	54	7684.816853154116
2281.0	53	7685.045427757149
2282.0	65	7685.273215239999
2283.0	42	7685.500216043349
2284.0	60	7685.726430607705
2285.0	51	7685.9518593734
2286.0	59	7686.176502780438
2287.0	54	7686.4003612688375
2288.0	60	7686.623435278251
2289.0	42	7686.845725248254
2290.0	41	7687.06723161819
2291.0	55	7687.287954827171
2292.0	36	7687.507895314239
2293.0	43	7687.727053518059
2294.0	42	7687.945429877331
2295.0	60	7688.163024830356
2296.0	56	7688.379838815372
2297.0	42	7688.595872270415
2298.0	53	7688.811125633299
2299.0	44	7689.025599341646
2300.0	57	7689.23929383291
2301.0	51	7689.4522095443035
2302.0	54	7689.664346912986
2303.0	53	7689.875706375744
2304.0	48	7690.0862883693335
2305.0	58	7690.296093330205
2306.0	57	7690.505121694721
2307.0	63	7690.7133738989405
2308.0	41	7690.92085037884
2309.0	52	7691.127551570134
2310.0	50	7691.333477908399
2311.0	47	7691.538629829006
2312.0	66	7691.74300776712
2313.0	57	7691.946612157713
2314.0	51	7692.149443435616
2315.0	60	7692.351502035412
2316.0	46	7692.552788391549
2317.0	58	7692.753302938291
2318.0	47	7692.95304610961
2319.0	42	7693.152018339414
2320.0	47	7693.350220061369
2321.0	50	7693.547651708927
2322.0	59	7693.744313715428
2323.0	59	7693.940206513956
2324.0	48	7694.135330537422
2325.0	38	7694.329686218618
2326.0	41	7694.523273990013
2327.0	53	7694.716094283982
2328.0	51	7694.908147532718
2329.0	45	7695.0994341681835
2330.0	45	7695.289954622173
2331.0	49	7695.4797093263405
2332.0	50	7695.668698712007
2333.0	49	7695.856923210505
2334.0	38	7696.044383252858
2335.0	57	7696.23107926987
2336.0	54	7696.417011692289
2337.0	60	7696.602180950543
2338.0	35	7696.7865874749705
2339.0	45	7696.970231695649
2340.0	59	7697.153114042516
2341.0	49	7697.335234945328
2342.0	66	7697.51659483364
2343.0	60	7697.6971941368065
2344.0	41	7697.877033283973
2345.0	53	7698.056112704203
2346.0	54	7698.234432826255
2347.0	50	7698.411994078767
2348.0	51	7698.588796890158
2349.0	67	7698.764841688713
2350.0	64	7698.940128902474
2351.0	53	7699.114658959306
2352.0	62	7699.2884322868995
2353.0	52	7699.461449312831
2354.0	55	7699.63371046433
2355.0	54	7699.8052161685755
2356.0	61	7699.975966852518
2357.0	54	7700.145962942912
2358.0	47	7700.315204866386
2359.0	48	7700.483693049236
2360.0	60	7700.651427917747
2361.0	39	7700.818409897943
2362.0	55	7700.984639415625
2363.0	57	7701.150116896487
2364.0	56	7701.314842765964
2365.0	47	7701.478817449373
2366.0	66	7701.642041371763
2367.0	48	7701.80451495811
2368.0	46	7701.966238633131
2369.0	49	7702.127212821341
2370.0	48	7702.287437947121
2371.0	45	7702.446914434665
2372.0	62	7702.605642707957
2373.0	44	7702.76362319079
2374.0	46	7702.920856306796
2375.0	44	7703.077342479421
2376.0	45	7703.233082131939
2377.0	56	7703.388075687384
2378.0	62	7703.54232356868
2379.0	45	7703.695826198513
2380.0	43	7703.848583999434
2381.0	47	7704.00059739376
2382.0	54	7704.151866803603
2383.0	50	7704.3023926510195
2384.0	54	7704.4521753577565
2385.0	55	7704.601215345388
2386.0	50	7704.749513035375
2387.0	49	7704.897068848957
2388.0	44	7705.04388320718
2389.0	50	7705.18995653089
2390.0	63	7705.335289240808
2391.0	51	7705.479881757459
2392.0	51	7705.623734501102
2393.0	40	7705.766847891947
2394.0	53	7705.909222349883
2395.0	41	7706.050858294781
2396.0	61	7706.1917561461105
2397.0	47	7706.331916323383
2398.0	43	7706.471339245793
2399.0	54	7706.610025332352
2400.0	44	7706.747975001962
2401.0	43	7706.885188673297
2402.0	37	7707.021666764862
2403.0	53	7707.157409694981
2404.0	46	7707.292417881715
2405.0	45	7707.426691743098
2406.0	51	7707.560231696898
2407.0	53	7707.6930381606635
2408.0	60	7707.825111551857
2409.0	42	7707.956452287639
2410.0	59	7708.087060785098
2411.0	53	7708.216937461056
2412.0	59	7708.3460827322615
2413.0	53	7708.474497015141
2414.0	61	7708.602180726065
2415.0	51	7708.729134281137
2416.0	46	7708.855358096357
2417.0	58	7708.980852587452
2418.0	58	7709.105618170039
2419.0	48	7709.229655259553
2420.0	49	7709.352964271183
2421.0	51	7709.475545619985
2422.0	40	7709.597399720888
2423.0	66	7709.718526988499
2424.0	52	7709.838927837373
2425.0	62	7709.958602681842
2426.0	53	7710.077551936073
2427.0	47	7710.195776013977
2428.0	55	7710.313275329398
2429.0	48	7710.430050295908
2430.0	52	7710.546101326927
2431.0	50	7710.66142883577
2432.0	45	7710.776033235423
2433.0	70	7710.889914938823
2434.0	42	7711.003074358684
2435.0	55	7711.115511907496
2436.0	62	7711.227227997591
2437.0	45	7711.338223041218
2438.0	52	7711.448497450315
2439.0	51	7711.558051636695
2440.0	52	7711.666886011966
2441.0	59	7711.775000987624
2442.0	36	7711.882396974917
2443.0	44	7711.989074384934
2444.0	47	7712.095033628589
2445.0	68	7712.200275116619
2446.0	55	7712.304799259618
2447.0	56	7712.408606467893
2448.0	44	7712.511697151688
2449.0	43	7712.614071720977
2450.0	40	7712.715730585639
2451.0	42	7712.816674155339
2452.0	47	7712.916902839544
2453.0	54	7713.01641704754
2454.0	39	7713.115217188475
2455.0	51	7713.213303671297
2456.0	59	7713.31067690476
2457.0	50	7713.407337297459
2458.0	48	7713.503285257842
2459.0	43	7713.598521194068
2460.0	57	7713.693045514272
2461.0	56	7713.786858626237
2462.0	57	7713.879960937794
2463.0	47	7713.972352856338
2464.0	50	7714.064034789267
2465.0	52	7714.155007143775
2466.0	39	7714.245270326784
2467.0	46	7714.334824745184
2468.0	56	7714.423670805549
2469.0	45	7714.511808914373
2470.0	58	7714.599239477894
2471.0	50	7714.685962902225
2472.0	47	7714.771979593342
2473.0	35	7714.857289956935
2474.0	39	7714.941894398569
2475.0	51	7715.025793323673
2476.0	48	7715.108987137448
2477.0	46	7715.191476244941
2478.0	41	7715.2732610509875
2479.0	48	7715.35434196033
2480.0	47	7715.434719377392
2481.0	56	7715.514393706584
2482.0	49	7715.5933653520215
2483.0	55	7715.671634717704
2484.0	54	7715.749202207447
2485.0	54	7715.826068224819
2486.0	47	7715.902233173331
2487.0	55	7715.977697456219
2488.0	54	7716.052461476596
2489.0	57	7716.126525637379
2490.0	51	7716.199890341362
2491.0	50	7716.272555991006
2492.0	40	7716.344522988814
2493.0	49	7716.415791736956
2494.0	50	7716.486362637482
2495.0	52	7716.556236092242
2496.0	43	7716.62541250295
2497.0	63	7716.693892271108
2498.0	41	7716.761675798092
2499.0	52	7716.828763484994
2500.0	43	7716.895155732857
2501.0	47	7716.960852942511
2502.0	62	7717.025855514562
2503.0	45	7717.09016384949
2504.0	44	7717.153778347546
2505.0	46	7717.216699408909
2506.0	55	7717.278927433482
2507.0	46	7717.3404628210155
2508.0	62	7717.401305971138
2509.0	44	7717.461457283234
2510.0	56	7717.520917156573
2511.0	34	7717.579685990172
2512.0	61	7717.637764182964
2513.0	48	7717.695152133676
2514.0	59	7717.7518502408
2515.0	65	7717.807858902749
2516.0	49	7717.863178517706
2517.0	78	7717.9178094836725
2518.0	48	7717.971752198517
2519.0	64	7718.025007059904
2520.0	52	7718.077574465337
2521.0	52	7718.129454812146
2522.0	70	7718.180648497455
2523.0	39	7718.23115591826
2524.0	45	7718.280977471362
2525.0	37	7718.3301135533675
2526.0	57	7718.378564560785
2527.0	51	7718.426330889843
2528.0	56	7718.473412936702
2529.0	56	7718.519811097237
2530.0	55	7718.565525767259
2531.0	58	7718.610557342325
2532.0	52	7718.654906217869
2533.0	55	7718.698572789126
2534.0	57	7718.7415574512
2535.0	44	7718.783860598939
2536.0	54	7718.825482627084
2537.0	34	7718.866423930217
2538.0	51	7718.90668490263
2539.0	45	7718.946265938666
2540.0	53	7718.985167432223
2541.0	52	7719.02338977723
2542.0	59	7719.060933367389
2543.0	55	7719.097798596192
2544.0	57	7719.133985856959
2545.0	45	7719.169495542891
2546.0	53	7719.204328046991
2547.0	46	7719.2384837620675
2548.0	58	7719.271963080788
2549.0	46	7719.304766395655
2550.0	55	7719.336894098914
2551.0	62	7719.368346582795
2552.0	46	7719.399124239191
2553.0	43	7719.4292274599375
2554.0	48	7719.458656636642
2555.0	41	7719.4874121607445
2556.0	50	7719.515494423563
2557.0	44	7719.542903816189
2558.0	46	7719.569640729562
2559.0	67	7719.595705554452
2560.0	45	7719.621098681452
2561.0	51	7719.645820500954
2562.0	45	7719.6698714032755
2563.0	55	7719.693251778444
2564.0	44	7719.7159620163975
2565.0	50	7719.738002506877
2566.0	45	7719.759373639442
2567.0	32	7719.780075803485
2568.0	43	7719.800109388272
2569.0	49	7719.819474782819
2570.0	44	7719.838172376002
2571.0	53	7719.856202556591
2572.0	52	7719.873565713112
2573.0	55	7719.89026223391
2574.0	48	7719.906292507227
2575.0	55	7719.921656921101
2576.0	53	7719.936355863333
2577.0	46	7719.950389721694
2578.0	45	7719.963758883679
2579.0	43	7719.976463736631
2580.0	48	7719.988504667757
2581.0	50	7719.9998820640585
2582.0	58	7720.010596312377
2583.0	49	7720.020647799418
2584.0	50	7720.030036911635
2585.0	47	7720.038764035403
2586.0	34	7720.046829556912
2587.0	50	7720.054233862096
2588.0	52	7720.060977336789
2589.0	47	7720.067060366728
2590.0	37	7720.0724833373115
2591.0	64	7720.077246633905
2592.0	40	7720.081350641653
2593.0	54	7720.084795745522
2594.0	49	7720.08758233037
2595.0	51	7720.089710780774
2596.0	46	7720.091181481281
2597.0	47	7720.091994816137
2598.0	43	7720.092151169499
2599.0	51	7720.091650925365
2600.0	55	7720.09049446749
2601.0	45	7720.088682179539
2602.0	58	7720.086214444957
2603.0	56	7720.08309164706
2604.0	48	7720.079314168922
2605.0	40	7720.074882393568
2606.0	42	7720.069796703754
2607.0	48	7720.064057482126
2608.0	59	7720.057665111123
2609.0	64	7720.0506199729825
2610.0	70	7720.042922449885
2611.0	47	7720.034572923795
2612.0	41	7720.025571776441
2613.0	43	7720.015919389468
2614.0	71	7720.005616144332
2615.0	56	7719.994662422287
2616.0	38	7719.983058604421
2617.0	52	7719.970805071765
2618.0	51	7719.957902204998
2619.0	38	7719.944350384787
2620.0	49	7719.930149991571
2621.0	55	7719.91530140565
2622.0	49	7719.89980500704
2623.0	68	7719.883661175756
2624.0	48	7719.86687029157
2625.0	43	7719.849432734078
2626.0	52	7719.8313488827125
2627.0	42	7719.812619116753
2628.0	46	7719.79324381529
2629.0	46	7719.7732233573115
2630.0	49	7719.752558121542
2631.0	46	7719.731248486579
2632.0	61	7719.709294830909
2633.0	49	7719.686697532777
2634.0	33	7719.663456970324
2635.0	62	7719.63957352143
2636.0	50	7719.615047563932
2637.0	48	7719.589879475383
2638.0	50	7719.564069633286
2639.0	50	7719.537618414874
2640.0	46	7719.51052619727
2641.0	55	7719.482793357394
2642.0	45	7719.454420272069
2643.0	63	7719.425407317875
2644.0	41	7719.395754871293
2645.0	54	7719.365463308571
2646.0	37	7719.334533005836
2647.0	51	7719.302964339071
2648.0	59	7719.270757683991
2649.0	62	7719.237913416293
2650.0	50	7719.204431911346
2651.0	42	7719.1703135445105
2652.0	63	7719.135558690875
2653.0	51	7719.100167725432
2654.0	44	7719.064141022938
2655.0	55	7719.027478958058
2656.0	46	7718.990181905211
2657.0	49	7718.95225023873
2658.0	52	7718.913684332733
2659.0	43	7718.874484561194
2660.0	51	7718.834651297926
2661.0	58	7718.794184916567
2662.0	54	7718.753085790574
2663.0	50	7718.711354293297
2664.0	46	7718.668990797839
2665.0	51	7718.625995677195
2666.0	55	7718.582369304196
2667.0	58	7718.538112051488
2668.0	50	7718.493224291553
2669.0	55	7718.44770639672
2670.0	49	7718.40155873919
2671.0	46	7718.354781690905
2672.0	47	7718.307375623727
2673.0	55	7718.2593409092815
2674.0	45	7718.210677919152
2675.0	46	7718.16138702462
2676.0	51	7718.111468596896
2677.0	52	7718.0609230069695
2678.0	45	7718.009750625719
2679.0	61	7717.957951823807
2680.0	49	7717.9055269717755
2681.0	45	7717.852476439955
2682.0	44	7717.798800598619
2683.0	39	7717.744499817706
2684.0	49	7717.689574467154
2685.0	45	7717.63402491666
2686.0	46	7717.577851535761
2687.0	51	7717.521054693832
2688.0	54	7717.463634760092
2689.0	50	7717.405592103619
2690.0	58	7717.346927093282
2691.0	42	7717.287640097828
2692.0	72	7717.227731485812
2693.0	46	7717.167201625692
2694.0	51	7717.106050885643
2695.0	51	7717.04427963378
2696.0	48	7716.981888237992
2697.0	53	7716.918877066094
2698.0	53	7716.855246485626
2699.0	55	7716.790996864068
2700.0	49	7716.726128568632
2701.0	45	7716.66064196648
2702.0	57	7716.594537424511
2703.0	41	7716.52781530954
2704.0	60	7716.46047598819
2705.0	52	7716.392519826917
2706.0	52	7716.323947192029
2707.0	52	7716.254758449618
2708.0	45	7716.184953965724
2709.0	48	7716.114534106104
2710.0	50	7716.043499236468
2711.0	56	7715.971849722242
2712.0	51	7715.8995859288025
2713.0	57	7715.826708221308
2714.0	56	7715.753216964756
2715.0	54	7715.67911252399
2716.0	47	7715.60439526372
2717.0	59	7715.529065548446
2718.0	53	7715.453123742543
2719.0	35	7715.376570210208
2720.0	57	7715.29940531546
2721.0	35	7715.221629422225
2722.0	42	7715.143242894187
2723.0	48	7715.064246094929
2724.0	46	7714.9846393878315
2725.0	55	7714.904423136146
2726.0	59	7714.823597702924
2727.0	43	7714.742163451114
2728.0	45	7714.660120743454
2729.0	45	7714.577469942543
2730.0	53	7714.494211410802
2731.0	54	7714.410345510566
2732.0	37	7714.32587260386
2733.0	53	7714.240793052732
2734.0	56	7714.155107218911
2735.0	49	7714.068815464047
2736.0	54	7713.9819181496305
2737.0	41	7713.894415636985
2738.0	44	7713.806308287238
2739.0	68	7713.717596461405
2740.0	40	7713.628280520335
2741.0	58	7713.538360824684
2742.0	49	7713.447837734964
2743.0	48	7713.356711611583
2744.0	51	7713.264982814669
2745.0	47	7713.172651704314
2746.0	51	7713.079718640383
2747.0	41	7712.9861839825735
2748.0	58	7712.8920480904935
2749.0	56	7712.797311323524
2750.0	46	7712.70197404093
2751.0	50	7712.6060366017455
2752.0	53	7712.5094993649645
2753.0	49	7712.412362689289
2754.0	58	7712.314626933384
2755.0	46	7712.21629245567
2756.0	53	7712.117359614459
2757.0	52	7712.017828767842
2758.0	37	7711.917700273849
2759.0	47	7711.8169744902525
2760.0	56	7711.715651774755
2761.0	53	7711.613732484812
2762.0	44	7711.511216977794
2763.0	51	7711.408105610902
2764.0	56	7711.304398741085
2765.0	46	7711.200096725289
2766.0	41	7711.095199920194
2767.0	49	7710.98970868237
2768.0	45	7710.883623368167
2769.0	52	7710.776944333883
2770.0	47	7710.669671935535
2771.0	51	7710.561806529065
2772.0	49	7710.453348470264
2773.0	53	7710.344298114713
2774.0	46	7710.234655817842
2775.0	48	7710.124421934994
2776.0	51	7710.0135968212535
2777.0	39	7709.902180831613
2778.0	56	7709.7901743208895
2779.0	52	7709.677577643762
2780.0	50	7709.564391154717
2781.0	60	7709.450615208103
2782.0	57	7709.33625015812
2783.0	56	7709.221296358771
2784.0	52	7709.10575416399
2785.0	55	7708.98962392743
2786.0	57	7708.872906002709
2787.0	46	7708.7556007431995
2788.0	49	7708.637708502185
2789.0	53	7708.519229632713
2790.0	45	7708.400164487749
2791.0	42	7708.280513420069
2792.0	48	7708.160276782309
2793.0	42	7708.039454926885
2794.0	46	7707.9180482061965
2795.0	44	7707.7960569723255
2796.0	52	7707.673481577312
2797.0	55	7707.55032237297
2798.0	49	7707.426579710989
2799.0	64	7707.302253942951
2800.0	47	7707.177345420168
2801.0	44	7707.051854493873
2802.0	51	7706.925781515142
2803.0	54	7706.799126834905
2804.0	49	7706.671890803835
2805.0	52	7706.5440737726385
2806.0	60	7706.4156760916885
2807.0	52	7706.286698111254
2808.0	52	7706.157140181514
2809.0	47	7706.027002652425
2810.0	57	7705.896285873803
2811.0	45	7705.764990195351
2812.0	48	7705.633115966511
2813.0	47	7705.500663536654
2814.0	49	7705.367633255003
2815.0	52	7705.23402547061
2816.0	49	7705.099840532334
2817.0	58	7704.9650787889495
2818.0	57	7704.829740588999
2819.0	60	7704.693826280925
2820.0	49	7704.557336212987
2821.0	58	7704.420270733299
2822.0	41	7704.282630189835
2823.0	48	7704.144414930376
2824.0	55	7704.005625302648
2825.0	40	7703.866261654052
2826.0	47	7703.726324331999
2827.0	48	7703.585813683627
2828.0	52	7703.444730056042
2829.0	60	7703.303073796054
2830.0	52	7703.160845250425
2831.0	43	7703.018044765724
2832.0	50	7702.874672688352
2833.0	54	7702.730729364629
2834.0	58	7702.586215140608
2835.0	54	7702.441130362279
2836.0	44	7702.295475375429
2837.0	59	7702.149250525697
2838.0	44	7702.00245615864
2839.0	63	7701.855092619531
2840.0	52	7701.707160253566
2841.0	45	7701.558659405847
2842.0	43	7701.409590421188
2843.0	39	7701.259953644365
2844.0	66	7701.109749419922
2845.0	58	7700.95897809229
2846.0	48	7700.807640005761
2847.0	53	7700.655735504419
2848.0	47	7700.503264932259
2849.0	50	7700.3502286330795
2850.0	52	7700.196626950534
2851.0	56	7700.042460228135
2852.0	48	7699.887728809247
2853.0	45	7699.732433037043
2854.0	46	7699.576573254606
2855.0	60	7699.420149804793
2856.0	55	7699.263163030389
2857.0	52	7699.1056132739295
2858.0	47	7698.947500877906
2859.0	66	7698.788826184588
2860.0	39	7698.62958953609
2861.0	50	7698.469791274411
2862.0	41	7698.309431741397
2863.0	51	7698.148511278692
2864.0	55	7697.987030227837
2865.0	70	7697.824988930195
2866.0	48	7697.66238772701
2867.0	54	7697.49922695933
2868.0	49	7697.335506968096
2869.0	57	7697.17122809403
2870.0	53	7697.006390677776
2871.0	43	7696.840995059816
2872.0	51	7696.675041580451
2873.0	48	7696.508530579817
2874.0	45	7696.34146239793
2875.0	43	7696.173837374674
2876.0	52	7696.005655849724
2877.0	41	7695.836918162662
2878.0	59	7695.66762465285
2879.0	49	7695.497775659586
2880.0	51	7695.327371521918
2881.0	53	7695.156412578864
2882.0	38	7694.984899169167
2883.0	45	7694.812831631503
2884.0	43	7694.640210304395
2885.0	62	7694.467035526129
2886.0	48	7694.293307634927
2887.0	45	7694.119026968853
2888.0	56	7693.944193865772
2889.0	53	7693.76880866346
2890.0	44	7693.592871699489
2891.0	69	7693.416383311315
2892.0	52	7693.239343836217
2893.0	51	7693.061753611339
2894.0	48	7692.883612973712
2895.0	52	7692.704922260114
2896.0	52	7692.5256818073085
2897.0	50	7692.34589195177
2898.0	51	7692.165553029938
2899.0	41	7691.984665378033
2900.0	42	7691.803229332146
2901.0	56	7691.6212452282325
2902.0	42	7691.438713402088
2903.0	68	7691.255634189353
2904.0	54	7691.072007925521
2905.0	56	7690.887834945907
2906.0	61	7690.703115585752
2907.0	58	7690.517850180073
2908.0	44	7690.33203906378
2909.0	43	7690.145682571623
2910.0	51	7689.958781038154
2911.0	52	7689.771334797898
2912.0	41	7689.583344185082
2913.0	57	7689.394809533917
2914.0	55	7689.205731178345
2915.0	52	7689.016109452249
2916.0	46	7688.825944689348
2917.0	64	7688.635237223184
2918.0	66	7688.443987387117
2919.0	46	7688.252195514462
2920.0	43	7688.0598619383
2921.0	51	7687.866986991633
2922.0	49	7687.67357100718
2923.0	50	7687.479614317682
2924.0	52	7687.285117255645
2925.0	45	7687.090080153388
2926.0	46	7686.8945033431855
2927.0	46	7686.698387157055
2928.0	55	7686.501731926964
2929.0	51	7686.304537984641
2930.0	52	7686.10680566174
2931.0	54	7685.908535289726
2932.0	50	7685.709727199917
2933.0	53	7685.510381723507
2934.0	56	7685.310499191554
2935.0	52	7685.110079934876
2936.0	40	7684.909124284285
2937.0	59	7684.707632570297
2938.0	44	7684.505605123398
2939.0	48	7684.303042273878
2940.0	47	7684.099944351887
2941.0	48	7683.896311687396
2942.0	46	7683.692144610285
2943.0	60	7683.487443450247
2944.0	54	7683.282208536835
2945.0	55	7683.0764401994775
2946.0	64	7682.870138767422
2947.0	41	7682.663304569769
2948.0	61	7682.455937935516
2949.0	35	7682.248039193452
2950.0	51	7682.039608672277
2951.0	40	7681.830646700529
2952.0	52	7681.621153606546
2953.0	50	7681.411129718597
2954.0	50	7681.200575364742
2955.0	43	7680.989490872954
2956.0	39	7680.777876571005
2957.0	50	7680.5657327865565
2958.0	48	7680.353059847084
2959.0	53	7680.139858079952
2960.0	61	7679.926127812387
2961.0	44	7679.711869371448
2962.0	44	7679.497083084023
2963.0	48	7679.2817692768895
2964.0	48	7679.065928276681
2965.0	44	7678.849560409895
2966.0	40	7678.632666002835
2967.0	64	7678.415245381687
2968.0	40	7678.197298872488
2969.0	52	7677.978826801125
2970.0	58	7677.7598294934005
2971.0	47	7677.540307274826
2972.0	55	7677.320260470935
2973.0	46	7677.099689407008
2974.0	52	7676.878594408202
2975.0	58	7676.656975799543
2976.0	41	7676.434833905912
2977.0	44	7676.2121690520335
2978.0	53	7675.988981562488
2979.0	64	7675.765271761695
2980.0	37	7675.541039973979
2981.0	53	7675.316286523476
2982.0	48	7675.091011734203
2983.0	51	7674.8652159299945
2984.0	47	7674.638899434569
2985.0	43	7674.412062571499
2986.0	55	7674.184705664217
2987.0	34	7673.956829035985
2988.0	62	7673.728433009891
2989.0	39	7673.499517909024
2990.0	38	7673.270084056159
2991.0	55	7673.040131774008
2992.0	41	7672.809661385143
2993.0	55	7672.578673211964
2994.0	51	7672.347167576717
2995.0	48	7672.1151448015335
2996.0	56	7671.882605208421
2997.0	48	7671.649549119153
2998.0	46	7671.41597685549
2999.0	47	7671.181888738922
3000.0	55	7670.94728509088
3001.0	60	7670.712166232585
3002.0	65	7670.476532485194
3003.0	45	7670.240384169659
3004.0	73	7670.003721606788
3005.0	55	7669.766545117271
3006.0	44	7669.528855021652
3007.0	41	7669.2906516403345
3008.0	46	7669.051935293532
3009.0	62	7668.812706301391
3010.0	60	7668.57296498384
3011.0	59	7668.332711660729
3012.0	54	7668.091946651715
3013.0	45	7667.850670276353
3014.0	46	7667.608882854007
3015.0	62	7667.366584703915
3016.0	52	7667.123776145193
3017.0	46	7666.880457496843
3018.0	64	7666.636629077605
3019.0	61	7666.392291206215
3020.0	56	7666.147444201186
3021.0	40	7665.9020883809
3022.0	38	7665.656224063576
3023.0	66	7665.40985156738
3024.0	47	7665.162971210197
3025.0	55	7664.915583309901
3026.0	44	7664.667688184155
3027.0	49	7664.419286150492
3028.0	42	7664.170377526278
3029.0	47	7663.92096262879
3030.0	53	7663.671041775102
3031.0	48	7663.420615282212
3032.0	45	7663.169683466892
3033.0	46	7662.918246645875
3034.0	71	7662.666305135669
3035.0	43	7662.413859252662
3036.0	46	7662.160909313129
3037.0	51	7661.90745563313
3038.0	49	7661.653498528686
3039.0	47	7661.39903831561
3040.0	45	7661.144075309563
3041.0	51	7660.88860982611
3042.0	51	7660.63264218066
3043.0	49	7660.376172688449
3044.0	55	7660.119201664604
3045.0	52	7659.8617294240985
3046.0	44	7659.603756281778
3047.0	46	7659.345282552303
3048.0	37	7659.08630855027
3049.0	44	7658.826834590067
3050.0	43	7658.566860985939
3051.0	55	7658.306388052038
3052.0	44	7658.045416102372
3053.0	56	7657.783945450754
3054.0	62	7657.521976410891
3055.0	51	7657.2595092963775
3056.0	52	7656.996544420598
3057.0	50	7656.733082096857
3058.0	43	7656.469122638293
3059.0	58	7656.204666357889
3060.0	58	7655.939713568526
3061.0	53	7655.674264582922
3062.0	44	7655.408319713617
3063.0	65	7655.141879273107
3064.0	53	7654.874943573639
3065.0	63	7654.6075129274295
3066.0	46	7654.339587646437
3067.0	44	7654.071168042556
3068.0	52	7653.802254427526
3069.0	50	7653.532847112945
3070.0	49	7653.262946410255
3071.0	43	7652.992552630785
3072.0	45	7652.72166608572
3073.0	55	7652.450287086086
3074.0	50	7652.178415942768
3075.0	45	7651.90605296652
3076.0	44	7651.633198467975
3077.0	54	7651.359852757603
3078.0	54	7651.086016145758
3079.0	55	7650.811688942596
3080.0	62	7650.536871458222
3081.0	52	7650.261564002497
3082.0	47	7649.9857668852455
3083.0	44	7649.7094804160915
3084.0	41	7649.432704904535
3085.0	46	7649.155440659917
3086.0	56	7648.877687991503
3087.0	41	7648.59944720834
3088.0	52	7648.320718619395
3089.0	49	7648.041502533422
3090.0	52	7647.761799259148
3091.0	51	7647.481609105065
3092.0	43	7647.20093237956
3093.0	53	7646.919769390885
3094.0	47	7646.638120447136
3095.0	54	7646.355985856329
3096.0	53	7646.0733659262305
3097.0	48	7645.7902609645935
3098.0	50	7645.506671278933
3099.0	57	7645.222597176677
3100.0	44	7644.938038965077
3101.0	52	7644.652996951337
3102.0	46	7644.367471442384
3103.0	42	7644.081462745144
3104.0	49	7643.794971166273
3105.0	57	7643.507997012421
3106.0	50	7643.220540589995
3107.0	48	7642.932602205331
3108.0	42	7642.644182164554
3109.0	62	7642.355280773737
3110.0	49	7642.065898338773
3111.0	58	7641.776035165433
3112.0	32	7641.485691559304
3113.0	65	7641.194867825862
3114.0	47	7640.903564270499
3115.0	48	7640.611781198388
3116.0	57	7640.319518914604
3117.0	45	7640.026777724039
3118.0	59	7639.733557931569
3119.0	51	7639.4398598417865
3120.0	44	7639.145683759227
3121.0	47	7638.85102998828
3122.0	48	7638.555898833185
3123.0	38	7638.260290598036
3124.0	54	7637.964205586836
3125.0	49	7637.66764410337
3126.0	52	7637.370606451406
3127.0	62	7637.073092934417
3128.0	69	7636.7751038558645
3129.0	48	7636.476639519027
3130.0	48	7636.177700227104
3131.0	55	7635.878286283019
3132.0	33	7635.578397989702
3133.0	45	7635.278035649893
3134.0	70	7634.977199566147
3135.0	56	7634.675890040984
3136.0	56	7634.374107376697
3137.0	59	7634.071851875507
3138.0	53	7633.769123839416
3139.0	47	7633.465923570394
3140.0	64	7633.162251370205
3141.0	60	7632.858107540512
3142.0	46	7632.553492382798
3143.0	47	7632.24840619843
3144.0	67	7631.942849288674
3145.0	61	7631.636821954645
3146.0	51	7631.330324497253
3147.0	40	7631.023357217395
3148.0	42	7630.715920415699
3149.0	51	7630.408014392754
3150.0	56	7630.099639448999
3151.0	48	7629.790795884698
3152.0	55	7629.481484000008
3153.0	60	7629.171704094942
3154.0	43	7628.8614564693935
3155.0	48	7628.550741423067
3156.0	50	7628.239559255622
3157.0	52	7627.927910266496
3158.0	57	7627.615794755057
3159.0	40	7627.303213020487
3160.0	63	7626.990165361846
3161.0	55	7626.676652078087
3162.0	46	7626.362673467999
3163.0	56	7626.048229830241
3164.0	52	7625.733321463342
3165.0	47	7625.417948665705
3166.0	45	7625.102111735551
3167.0	49	7624.785810971069
3168.0	60	7624.469046670163
3169.0	44	7624.151819130759
3170.0	49	7623.83412865053
3171.0	54	7623.515975527104
3172.0	50	7623.197360057844
3173.0	48	7622.878282540177
3174.0	51	7622.5587432711845
3175.0	66	7622.238742547982
3176.0	59	7621.918280667451
3177.0	35	7621.597357926377
3178.0	60	7621.275974621377
3179.0	49	7620.954131048995
3180.0	56	7620.631827505561
3181.0	49	7620.309064287372
3182.0	54	7619.9858416904935
3183.0	33	7619.662160010896
3184.0	45	7619.338019544457
3185.0	52	7619.013420586808
3186.0	47	7618.688363433626
3187.0	46	7618.36284838024
3188.0	42	7618.036875722007
3189.0	63	7617.710445754098
3190.0	46	7617.383558771542
3191.0	43	7617.0562150692185
3192.0	52	7616.728414941922
3193.0	43	7616.400158684296
3194.0	42	7616.071446590828
3195.0	49	7615.742278955864
3196.0	52	7615.412656073658
3197.0	53	7615.082578238324
3198.0	51	7614.752045743804
3199.0	60	7614.421058883953
3200.0	53	7614.089617952475
3201.0	49	7613.757723242929
3202.0	60	7613.425375048757
3203.0	47	7613.092573663237
3204.0	51	7612.759319379579
3205.0	59	7612.425612490811
3206.0	56	7612.09145328982
3207.0	49	7611.756842069367
3208.0	51	7611.421779122137
3209.0	53	7611.0862647406
3210.0	42	7610.750299217126
3211.0	60	7610.413882843984
3212.0	41	7610.077015913261
3213.0	56	7609.739698716936
3214.0	54	7609.401931546864
3215.0	37	7609.0637146947565
3216.0	48	7608.725048452191
3217.0	53	7608.385933110613
3218.0	64	7608.0463689613225
3219.0	45	7607.70635629553
3220.0	46	7607.36589540424
3221.0	45	7607.024986578419
3222.0	46	7606.68363010885
3223.0	61	7606.34182628619
3224.0	42	7605.99957540093
3225.0	53	7605.656877743488
3226.0	51	7605.31373360411
3227.0	56	7604.970143272937
3228.0	54	7604.626107039963
3229.0	58	7604.281625195035
3230.0	56	7603.936698027915
3231.0	53	7603.591325828173
3232.0	55	7603.245508885317
3233.0	40	7602.899247488638
3234.0	48	7602.552541927385
3235.0	57	7602.205392490647
3236.0	54	7601.857799467312
3237.0	53	7601.509763146222
3238.0	45	7601.161283816081
3239.0	42	7600.812361765433
3240.0	46	7600.462997282661
3241.0	58	7600.113190656118
3242.0	41	7599.762942173907
3243.0	54	7599.412252124089
3244.0	43	7599.061120794536
3245.0	41	7598.709548473028
3246.0	54	7598.35753544722
3247.0	47	7598.005082004581
3248.0	42	7597.652188432517
3249.0	41	7597.2988550182645
3250.0	60	7596.945082048919
3251.0	41	7596.590869811475
3252.0	59	7596.236218592804
3253.0	53	7595.881128679605
3254.0	40	7595.525600358476
3255.0	47	7595.169633915882
3256.0	46	7594.813229638137
3257.0	50	7594.456387811492
3258.0	47	7594.099108721971
3259.0	51	7593.741392655525
3260.0	50	7593.3832398979885
3261.0	40	7593.024650734994
3262.0	44	7592.6656254521595
3263.0	51	7592.306164334864
3264.0	50	7591.946267668417
3265.0	45	7591.585935737952
3266.0	44	7591.225168828545
3267.0	52	7590.863967225063
3268.0	54	7590.502331212291
3269.0	56	7590.140261074908
3270.0	47	7589.77775709736
3271.0	40	7589.414819564108
3272.0	41	7589.051448759349
3273.0	57	7588.687644967237
3274.0	57	7588.323408471748
3275.0	37	7587.95873955679
3276.0	53	7587.593638506061
3277.0	63	7587.228105603205
3278.0	44	7586.862141131686
3279.0	49	7586.495745374872
3280.0	57	7586.1289186159465
3281.0	42	7585.761661138029
3282.0	51	7585.393973224104
3283.0	44	7585.025855156978
3284.0	56	7584.657307219374
3285.0	41	7584.288329693866
3286.0	36	7583.918922862884
3287.0	53	7583.549087008812
3288.0	47	7583.178822413787
3289.0	46	7582.808129359891
3290.0	47	7582.437008129051
3291.0	49	7582.065459003101
3292.0	61	7581.693482263707
3293.0	57	7581.321078192395
3294.0	62	7580.948247070629
3295.0	43	7580.57498917967
3296.0	49	7580.201304800737
3297.0	53	7579.827194214794
3298.0	59	7579.452657702827
3299.0	51	7579.077695545571
3300.0	50	7578.7023080237
3301.0	45	7578.32649541772
3302.0	43	7577.9502580080725
3303.0	42	7577.573596074979
3304.0	45	7577.196509898624
3305.0	44	7576.818999759008
3306.0	52	7576.441065936007
3307.0	53	7576.062708709396
3308.0	44	7575.683928358811
3309.0	56	7575.304725163747
3310.0	55	7574.925099403616
3311.0	59	7574.545051357613
3312.0	43	7574.16458130491
3313.0	41	7573.7836895244745
3314.0	54	7573.402376295195
3315.0	52	7573.020641895825
3316.0	45	7572.638486604936
3317.0	42	7572.255910701069
3318.0	45	7571.872914462523
3319.0	57	7571.489498167598
3320.0	61	7571.105662094371
3321.0	56	7570.721406520821
3322.0	41	7570.336731724794
3323.0	61	7569.951637984027
3324.0	51	7569.566125576126
3325.0	50	7569.180194778568
3326.0	56	7568.793845868687
3327.0	43	7568.407079123719
3328.0	65	7568.0198948207135
3329.0	47	7567.632293236705
3330.0	58	7567.244274648485
3331.0	37	7566.8558393327985
3332.0	47	7566.466987566236
3333.0	64	7566.077719625215
3334.0	52	7565.688035786108
3335.0	50	7565.297936325135
3336.0	56	7564.907421518345
3337.0	46	7564.516491641707
3338.0	54	7564.125146971087
3339.0	50	7563.733387782152
3340.0	51	7563.341214350503
3341.0	46	7562.94862695157
3342.0	42	7562.555625860716
3343.0	57	7562.162211353094
3344.0	64	7561.768383703832
3345.0	53	7561.37414318787
3346.0	37	7560.979490080005
3347.0	66	7560.5844246549805
3348.0	55	7560.188947187328
3349.0	55	7559.79305795152
3350.0	39	7559.396757221877
3351.0	48	7559.000045272603
3352.0	44	7558.602922377757
3353.0	62	7558.205388811303
3354.0	39	7557.807444847034
3355.0	54	7557.409090758699
3356.0	49	7557.010326819834
3357.0	46	7556.611153303899
3358.0	65	7556.211570484195
3359.0	53	7555.811578633939
3360.0	45	7555.411178026222
3361.0	52	7555.010368933946
3362.0	49	7554.609151629957
3363.0	48	7554.207526386969
3364.0	52	7553.805493477535
3365.0	45	7553.4030531741055
3366.0	51	7553.0002057490265
3367.0	50	7552.5969514744575
3368.0	58	7552.193290622509
3369.0	48	7551.789223465124
3370.0	52	7551.384750274115
3371.0	42	7550.9798713211985
3372.0	40	7550.574586877955
3373.0	53	7550.168897215811
3374.0	54	7549.76280260613
3375.0	53	7549.356303320096
3376.0	44	7548.94939962882
3377.0	50	7548.542091803202
3378.0	56	7548.134380114119
3379.0	42	7547.726264832279
3380.0	44	7547.317746228253
3381.0	45	7546.908824572495
3382.0	47	7546.499500135378
3383.0	61	7546.089773187071
3384.0	49	7545.679643997706
3385.0	47	7545.2691128372135
3386.0	50	7544.858179975453
3387.0	51	7544.446845682142
3388.0	52	7544.035110226888
3389.0	45	7543.622973879137
3390.0	39	7543.210436908258
3391.0	37	7542.797499583489
3392.0	58	7542.38416217389
3393.0	62	7541.970424948461
3394.0	47	7541.556288176067
3395.0	42	7541.141752125454
3396.0	60	7540.726817065179
3397.0	60	7540.3114832637975
3398.0	52	7539.895750989615
3399.0	43	7539.479620510891
3400.0	49	7539.063092095759
3401.0	42	7538.646166012191
3402.0	49	7538.228842528061
3403.0	33	7537.811121911129
3404.0	58	7537.393004429023
3405.0	47	7536.97449034924
3406.0	50	7536.555579939161
3407.0	45	7536.136273466034
3408.0	43	7535.716571197014
3409.0	48	7535.2964733991
3410.0	54	7534.875980339213
3411.0	50	7534.4550922840735
3412.0	57	7534.033809500348
3413.0	57	7533.6121322545705
3414.0	58	7533.190060813146
3415.0	53	7532.76759544234
3416.0	44	7532.344736408311
3417.0	61	7531.921483977107
3418.0	48	7531.4978384146225
3419.0	44	7531.073799986663
3420.0	59	7530.649368958879
3421.0	47	7530.224545596846
3422.0	44	7529.799330165978
3423.0	45	7529.373722931567
3424.0	60	7528.9477241588
3425.0	47	7528.521334112749
3426.0	44	7528.094553058354
3427.0	54	7527.667381260408
3428.0	51	7527.239818983638
3429.0	51	7526.811866492595
3430.0	45	7526.3835240517365
3431.0	52	7525.954791925405
3432.0	42	7525.525670377795
3433.0	49	7525.096159672996
3434.0	42	7524.666260074975
3435.0	41	7524.2359718476055
3436.0	44	7523.805295254576
3437.0	58	7523.37423055952
3438.0	45	7522.942778025881
3439.0	41	7522.51093791707
3440.0	49	7522.078710496285
3441.0	46	7521.646096026649
3442.0	60	7521.213094771207
3443.0	44	7520.779706992789
3444.0	80	7520.345932954166
3445.0	57	7519.911772917997
3446.0	51	7519.477227146758
3447.0	69	7519.042295902856
3448.0	42	7518.606979448612
3449.0	50	7518.171278046098
3450.0	54	7517.735191957425
3451.0	51	7517.298721444464
3452.0	49	7516.861866769009
3453.0	43	7516.424628192746
3454.0	69	7515.987005977221
3455.0	46	7515.549000383871
3456.0	56	7515.110611673993
3457.0	54	7514.6718401087865
3458.0	47	7514.232685949335
3459.0	54	7513.793149456567
3460.0	64	7513.3532308913445
3461.0	57	7512.912930514348
3462.0	61	7512.472248586201
3463.0	57	7512.03118536734
3464.0	61	7511.589741118126
3465.0	59	7511.147916098816
3466.0	45	7510.705710569505
3467.0	56	7510.26312479018
3468.0	48	7509.820159020721
3469.0	49	7509.376813520875
3470.0	52	7508.933088550291
3471.0	43	7508.488984368466
3472.0	45	7508.044501234791
3473.0	59	7507.59963940859
3474.0	37	7507.154399148942
3475.0	54	7506.7087807149655
3476.0	46	7506.262784365503
3477.0	51	7505.81641035941
3478.0	51	7505.36965895532
3479.0	49	7504.922530411844
3480.0	52	7504.475024987379
3481.0	58	7504.027142940272
3482.0	56	7503.578884528727
3483.0	58	7503.130250010808
3484.0	60	7502.681239644498
3485.0	51	7502.2318536876355
3486.0	50	7501.782092397966
3487.0	44	7501.331956033058
3488.0	48	7500.881444850452
3489.0	47	7500.430559107463
3490.0	56	7499.979299061412
3491.0	55	7499.52766496938
3492.0	57	7499.07565708841
3493.0	45	7498.623275675417
3494.0	51	7498.170520987124
3495.0	55	7497.717393280225
3496.0	50	7497.26389281128
3497.0	49	7496.810019836694
3498.0	27	7496.355774612778
3499.0	45	7495.9011573957005
3500.0	37	7495.4461684415755
3501.0	52	7494.99080800631
3502.0	55	7494.535076345765
3503.0	50	7494.0789737156465
3504.0	46	7493.6225003715645
3505.0	57	7493.165656568973
3506.0	54	7492.708442563268
3507.0	47	7492.250858609672
3508.0	68	7491.792904963304
3509.0	43	7491.334581879219
3510.0	46	7490.875889612244
3511.0	39	7490.416828417217
3512.0	49	7489.957398548747
3513.0	40	7489.49760026138
3514.0	45	7489.037433809592
3515.0	53	7488.576899447597
3516.0	48	7488.115997429643
3517.0	51	7487.654728009808
3518.0	50	7487.1930914419945
3519.0	47	7486.731087980081
3520.0	46	7486.268717877746
3521.0	46	7485.805981388638
3522.0	47	7485.342878766209
3523.0	48	7484.879410263834
3524.0	52	7484.415576134776
3525.0	56	7483.951376632131
3526.0	38	7483.486812008971
3527.0	49	7483.021882518121
3528.0	56	7482.556588412441
3529.0	48	7482.0909299445375
3530.0	62	7481.6249073670015
3531.0	55	7481.158520932238
3532.0	46	7480.691770892567
3533.0	56	7480.224657500212
3534.0	54	7479.757181007215
3535.0	63	7479.289341665592
3536.0	51	7478.821139727127
3537.0	43	7478.3525754436205
3538.0	53	7477.883649066646
3539.0	64	7477.414360847711
3540.0	57	7476.944711038223
3541.0	48	7476.474699889441
3542.0	41	7476.0043276524975
3543.0	49	7475.533594578447
3544.0	41	7475.0625009182095
3545.0	44	7474.5910469225855
3546.0	47	7474.119232842254
3547.0	62	7473.647058927806
3548.0	67	7473.174525429687
3549.0	53	7472.701632598238
3550.0	46	7472.22838068367
3551.0	49	7471.754769936142
3552.0	39	7471.280800605587
3553.0	56	7470.806472941904
3554.0	55	7470.331787194881
3555.0	53	7469.856743614129
3556.0	49	7469.381342449212
3557.0	49	7468.905583949518
3558.0	58	7468.429468364357
3559.0	57	7467.9529959429055
3560.0	43	7467.4761669342615
3561.0	41	7466.9989815873505
3562.0	58	7466.521440151025
3563.0	53	7466.043542874
3564.0	46	7465.565290004919
3565.0	42	7465.086681792213
3566.0	47	7464.607718484313
3567.0	54	7464.128400329459
3568.0	53	7463.648727575826
3569.0	56	7463.168700471411
3570.0	48	7462.688319264164
3571.0	45	7462.20758420187
3572.0	67	7461.726495532254
3573.0	52	7461.245053502826
3574.0	51	7460.76325836111
3575.0	52	7460.281110354421
3576.0	63	7459.798609729988
3577.0	53	7459.315756734945
3578.0	53	7458.832551616284
3579.0	61	7458.348994620903
3580.0	54	7457.865085995546
3581.0	53	7457.38082598692
3582.0	43	7456.8962148415085
3583.0	48	7456.411252805811
3584.0	49	7455.925940126105
3585.0	55	7455.440277048574
3586.0	54	7454.954263819368
3587.0	53	7454.467900684387
3588.0	45	7453.981187889545
3589.0	59	7453.494125680564
3590.0	55	7453.006714303076
3591.0	60	7452.518954002632
3592.0	56	7452.030845024585
3593.0	49	7451.542387614282
3594.0	54	7451.05358201685
3595.0	51	7450.5644284773825
3596.0	50	7450.074927240828
3597.0	42	7449.585078551993
3598.0	50	7449.094882655619
3599.0	58	7448.604339796324
3600.0	56	7448.113450218619
3601.0	56	7447.622214166836
3602.0	48	7447.130631885289
3603.0	43	7446.638703618107
3604.0	37	7446.146429609348
3605.0	48	7445.653810102957
3606.0	66	7445.160845342686
3607.0	64	7444.6675355723055
3608.0	44	7444.173881035346
3609.0	44	7443.6798819753785
3610.0	55	7443.185538635658
3611.0	48	7442.690851259497
3612.0	49	7442.19582009001
3613.0	44	7441.700445370225
3614.0	61	7441.204727343072
3615.0	56	7440.708666251345
3616.0	53	7440.2122623377145
3617.0	51	7439.715515844762
3618.0	61	7439.218427014935
3619.0	42	7438.720996090631
3620.0	44	7438.223223314006
3621.0	49	7437.725108927279
3622.0	42	7437.226653172357
3623.0	43	7436.727856291208
3624.0	43	7436.228718525625
3625.0	44	7435.72924011723
3626.0	55	7435.229421307634
3627.0	51	7434.729262338259
3628.0	53	7434.228763450453
3629.0	58	7433.727924885429
3630.0	40	7433.226746884302
3631.0	56	7432.725229688088
3632.0	60	7432.223373537677
3633.0	42	7431.721178673817
3634.0	45	7431.21864533721
3635.0	55	7430.715773768367
3636.0	54	7430.212564207758
3637.0	41	7429.709016895704
3638.0	45	7429.2051320724395
3639.0	38	7428.700909978029
3640.0	49	7428.196350852523
3641.0	53	7427.691454935743
3642.0	61	7427.186222467512
3643.0	51	7426.680653687472
3644.0	58	7426.174748835155
3645.0	57	7425.668508150024
3646.0	56	7425.161931871388
3647.0	44	7424.655020238454
3648.0	53	7424.147773490339
3649.0	39	7423.640191866042
3650.0	68	7423.132275604418
3651.0	46	7422.62402494426
3652.0	53	7422.115440124218
3653.0	50	7421.606521382811
3654.0	57	7421.097268958526
3655.0	55	7420.587683089649
3656.0	50	7420.077764014406
3657.0	49	7419.567511970914
3658.0	59	7419.056927197126
3659.0	49	7418.546009930972
3660.0	48	7418.034760410171
3661.0	50	7417.5231788724495
3662.0	51	7417.01126555528
3663.0	65	7416.49902069616
3664.0	58	7415.986444532416
3665.0	44	7415.473537301194
3666.0	52	7414.960299239693
3667.0	52	7414.446730584854
3668.0	44	7413.932831573607
3669.0	56	7413.418602442655
3670.0	45	7412.904043428746
3671.0	53	7412.389154768357
3672.0	66	7411.873936697998
3673.0	59	7411.358389453991
3674.0	51	7410.842513272526
3675.0	43	7410.326308389752
3676.0	54	7409.809775041646
3677.0	50	7409.292913464134
3678.0	40	7408.775723892972
3679.0	55	7408.258206563832
3680.0	49	7407.740361712319
3681.0	35	7407.2221895738485
3682.0	49	7406.703690383789
3683.0	57	7406.1848643773565
3684.0	53	7405.665711789695
3685.0	59	7405.146232855786
3686.0	53	7404.626427810586
3687.0	51	7404.106296888869
3688.0	36	7403.585840325295
3689.0	37	7403.065058354482
3690.0	57	7402.543951210871
3691.0	53	7402.022519128861
3692.0	45	7401.500762342628
3693.0	43	7400.978681086411
3694.0	35	7400.456275594149
3695.0	37	7399.933546099805
3696.0	53	7399.41049283719
3697.0	70	7398.887116040012
3698.0	51	7398.363415941862
3699.0	56	7397.839392776215
3700.0	47	7397.315046776464
3701.0	49	7396.790378175868
3702.0	53	7396.265387207583
3703.0	47	7395.740074104661
3704.0	53	7395.214439100042
3705.0	44	7394.688482426574
3706.0	46	7394.162204316947
3707.0	36	7393.635605003798
3708.0	61	7393.108684719624
3709.0	47	7392.581443696843
3710.0	65	7392.053882167731
3711.0	56	7391.526000364445
3712.0	56	7390.997798519103
3713.0	52	7390.469276863611
3714.0	50	7389.940435629887
3715.0	38	7389.411275049635
3716.0	50	7388.88179535451
3717.0	46	7388.351996776042
3718.0	35	7387.821879545614
3719.0	45	7387.29144389461
3720.0	42	7386.76069005419
3721.0	55	7386.229618255474
3722.0	45	7385.698228729418
3723.0	50	7385.166521706933
3724.0	43	7384.634497418805
3725.0	45	7384.102156095658
3726.0	54	7383.569497968078
3727.0	39	7383.036523266505
3728.0	51	7382.503232221282
3729.0	59	7381.969625062671
3730.0	45	7381.435702020754
3731.0	52	7380.901463325582
3732.0	50	7380.366909207041
3733.0	47	7379.8320398949545
3734.0	40	7379.296855619012
3735.0	52	7378.761356608813
3736.0	42	7378.225543093838
3737.0	48	7377.689415303434
3738.0	57	7377.152973466914
3739.0	58	7376.616217813372
3740.0	50	7376.079148571943
3741.0	44	7375.541765971519
3742.0	49	7375.004070240929
3743.0	63	7374.4660616089295
3744.0	56	7373.9277403041615
3745.0	50	7373.389106555119
3746.0	43	7372.850160590181
3747.0	41	7372.310902637705
3748.0	50	7371.77133292587
3749.0	47	7371.231451682735
3750.0	51	7370.69125913632
3751.0	42	7370.150755514471
3752.0	45	7369.609941045003
3753.0	42	7369.068815955519
3754.0	61	7368.5273804736225
3755.0	41	7367.985634826738
3756.0	45	7367.4435792421955
3757.0	55	7366.901213947265
3758.0	59	7366.3585391690385
3759.0	55	7365.8155551345935
3760.0	49	7365.272262070772
3761.0	51	7364.728660204456
3762.0	55	7364.184749762294
3763.0	57	7363.640530970929
3764.0	59	7363.09600405682
3765.0	46	7362.55116924636
3766.0	46	7362.006026765838
3767.0	52	7361.460576841407
3768.0	54	7360.914819699154
3769.0	58	7360.368755565041
3770.0	44	7359.822384664891
3771.0	30	7359.275707224485
3772.0	56	7358.728723469456
3773.0	67	7358.181433625347
3774.0	47	7357.633837917596
3775.0	46	7357.085936571492
3776.0	43	7356.537729812288
3777.0	53	7355.989217865095
3778.0	49	7355.44040095493
3779.0	57	7354.891279306666
3780.0	49	7354.341853145131
3781.0	42	7353.792122694995
3782.0	57	7353.242088180869
3783.0	56	7352.691749827194
3784.0	59	7352.141107858403
3785.0	49	7351.5901624987055
3786.0	53	7351.038913972313
3787.0	44	7350.487362503274
3788.0	49	7349.935508315521
3789.0	55	7349.3833516329205
3790.0	47	7348.83089267923
3791.0	41	7348.278131678088
3792.0	49	7347.725068852995
3793.0	54	7347.171704427405
3794.0	61	7346.618038624652
3795.0	42	7346.064071667928
3796.0	52	7345.509803780397
3797.0	50	7344.955235185008
3798.0	65	7344.400366104713
3799.0	46	7343.8451967622705
3800.0	50	7343.289727380415
3801.0	62	7342.733958181712
3802.0	49	7342.177889388686
3803.0	56	7341.621521223668
3804.0	39	7341.06485390896
3805.0	49	7340.507887666734
3806.0	54	7339.950622719081
3807.0	49	7339.393059287901
3808.0	35	7338.835197595146
3809.0	59	7338.277037862481
3810.0	54	7337.718580311615
3811.0	46	7337.159825164072
3812.0	51	7336.60077264131
3813.0	66	7336.04142296465
3814.0	46	7335.481776355329
3815.0	40	7334.921833034517
3816.0	45	7334.361593223166
3817.0	55	7333.801057142266
3818.0	49	7333.240225012578
3819.0	59	7332.679097054912
3820.0	61	7332.117673489749
3821.0	40	7331.555954537694
3822.0	46	7330.993940419112
3823.0	61	7330.431631354306
3824.0	45	7329.869027563491
3825.0	50	7329.306129266733
3826.0	50	7328.742936684029
3827.0	57	7328.179450035262
3828.0	44	7327.615669540223
3829.0	55	7327.051595418592
3830.0	51	7326.487227889919
3831.0	36	7325.9225671737095
3832.0	47	7325.357613489328
3833.0	47	7324.792367056002
3834.0	41	7324.226828092923
3835.0	59	7323.660996819134
3836.0	54	7323.094873453638
3837.0	41	7322.528458215208
3838.0	42	7321.961751322671
3839.0	55	7321.394752994608
3840.0	40	7320.827463449592
3841.0	55	7320.259882906074
3842.0	48	7319.6920115823705
3843.0	52	7319.123849696725
3844.0	49	7318.555397467265
3845.0	52	7317.9866551120185
3846.0	51	7317.417622848915
3847.0	62	7316.848300895783
3848.0	49	7316.278689470326
3849.0	48	7315.708788790168
3850.0	52	7315.138599072809
3851.0	59	7314.568120535729
3852.0	54	7313.9973533961365
3853.0	51	7313.426297871312
3854.0	60	7312.854954178329
3855.0	50	7312.283322534236
3856.0	50	7311.71140315585
3857.0	49	7311.13919626004
3858.0	60	7310.566702063473
3859.0	53	7309.993920782764
3860.0	33	7309.420852634368
3861.0	48	7308.847497834701
3862.0	50	7308.273856600025
3863.0	55	7307.6999291465745
3864.0	51	7307.125715690386
3865.0	43	7306.551216447457
3866.0	42	7305.976431633643
3867.0	49	7305.401361464785
3868.0	50	7304.826006156488
3869.0	55	7304.2503659243785
3870.0	43	7303.674440983868
3871.0	47	7303.098231550386
3872.0	46	7302.5217378391835
3873.0	53	7301.944960065419
3874.0	39	7301.367898444146
3875.0	43	7300.790553190366
3876.0	48	7300.212924518902
3877.0	42	7299.635012644523
3878.0	44	7299.056817781896
3879.0	45	7298.478340145597
3880.0	50	7297.899579950045
3881.0	51	7297.320537409629
3882.0	59	7296.74121273856
3883.0	36	7296.161606151047
3884.0	48	7295.581717861077
3885.0	67	7295.001548082686
3886.0	57	7294.421097029617
3887.0	49	7293.84036491572
3888.0	52	7293.259351954548
3889.0	57	7292.678058359754
3890.0	45	7292.096484344677
3891.0	62	7291.514630122726
3892.0	49	7290.932495907114
3893.0	55	7290.350081911015
3894.0	47	7289.767388347433
3895.0	44	7289.184415429325
3896.0	41	7288.601163369538
3897.0	54	7288.017632380831
3898.0	43	7287.433822675781
3899.0	51	7286.8497344669795
3900.0	47	7286.265367966843
3901.0	48	7285.680723387736
3902.0	60	7285.095800941838
3903.0	48	7284.510600841352
3904.0	42	7283.92512329827
3905.0	65	7283.339368524545
3906.0	47	7282.753336732019
3907.0	50	7282.167028132414
3908.0	59	7281.580442937351
3909.0	51	7280.993581358392
3910.0	46	7280.406443606971
3911.0	58	7279.819029894402
3912.0	47	7279.231340431928
3913.0	47	7278.643375430689
3914.0	60	7278.055135101734
3915.0	51	7277.466619655957
3916.0	47	7276.877829304223
3917.0	37	7276.288764257253
3918.0	42	7275.699424725713
3919.0	55	7275.109810920103
3920.0	46	7274.51992305085
3921.0	50	7273.929761328329
3922.0	61	7273.33932596275
3923.0	58	7272.748617164258
3924.0	50	7272.157635142887
3925.0	58	7271.566380108578
3926.0	50	7270.974852271165
3927.0	53	7270.383051840411
3928.0	42	7269.790979025903
3929.0	55	7269.198634037232
3930.0	45	7268.606017083792
3931.0	59	7268.013128374982
3932.0	40	7267.419968120002
3933.0	48	7266.826536527994
3934.0	45	7266.232833808004
3935.0	54	7265.638860168997
3936.0	53	7265.0446158198165
3937.0	59	7264.450100969172
3938.0	46	7263.85531582576
3939.0	46	7263.260260598091
3940.0	40	7262.664935494643
3941.0	38	7262.069340723749
3942.0	56	7261.473476493663
3943.0	40	7260.877343012538
3944.0	52	7260.280940488413
3945.0	41	7259.684269129288
3946.0	55	7259.08732914298
3947.0	50	7258.490120737269
3948.0	62	7257.892644119788
3949.0	64	7257.294899498121
3950.0	53	7256.696887079744
3951.0	59	7256.098607071975
3952.0	35	7255.500059682109
3953.0	47	7254.901245117324
3954.0	53	7254.302163584673
3955.0	52	7253.702815291118
3956.0	62	7253.103200443537
3957.0	52	7252.503319248711
3958.0	60	7251.903171913326
3959.0	49	7251.302758643929
3960.0	41	7250.702079647024
3961.0	49	7250.10113512898
3962.0	51	7249.499925296081
3963.0	51	7248.898450354541
3964.0	56	7248.296710510401
3965.0	46	7247.694705969675
3966.0	49	7247.09243693824
3967.0	53	7246.489903621941
3968.0	54	7245.8871062263925
3969.0	43	7245.284044957246
3970.0	56	7244.6807200199855
3971.0	63	7244.077131620043
3972.0	42	7243.473279962676
3973.0	57	7242.86916525312
3974.0	47	7242.264787696465
3975.0	58	7241.66014749777
3976.0	38	7241.055244861882
3977.0	56	7240.45007999367
3978.0	51	7239.844653097837
3979.0	43	7239.238964379006
3980.0	57	7238.633014041689
3981.0	63	7238.026802290364
3982.0	53	7237.420329329284
3983.0	60	7236.813595362747
3984.0	41	7236.2066005948645
3985.0	50	7235.599345229669
3986.0	46	7234.99182947111
3987.0	41	7234.384053523042
3988.0	50	7233.776017589197
3989.0	49	7233.167721873237
3990.0	46	7232.559166578712
3991.0	51	7231.950351909074
3992.0	59	7231.341278067706
3993.0	57	7230.731945257841
3994.0	42	7230.122353682647
3995.0	49	7229.51250354522
3996.0	49	7228.902395048531
3997.0	36	7228.292028395437
3998.0	53	7227.681403788704
3999.0	51	7227.070521431058
4000.0	57	7226.459381525052
4001.0	39	7225.8479842732295
4002.0	52	7225.236329877905
4003.0	51	7224.624418541417
4004.0	40	7224.01225046597
4005.0	60	7223.399825853682
4006.0	47	7222.787144906526
4007.0	34	7222.174207826434
4008.0	54	7221.561014815208
4009.0	45	7220.947566074625
4010.0	52	7220.3338618062035
4011.0	46	7219.719902211583
4012.0	52	7219.105687492093
4013.0	49	7218.491217849158
4014.0	38	7217.876493483963
4015.0	53	7217.261514597676
4016.0	51	7216.646281391311
4017.0	40	7216.030794065862
4018.0	54	7215.415052822163
4019.0	47	7214.799057860975
4020.0	61	7214.182809382959
4021.0	48	7213.566307588698
4022.0	59	7212.949552678648
4023.0	48	7212.332544853201
4024.0	44	7211.7152843126205
4025.0	47	7211.097771257098
4026.0	44	7210.480005886763
4027.0	57	7209.861988401553
4028.0	55	7209.243719001405
4029.0	45	7208.625197886094
4030.0	50	7208.006425255364
4031.0	47	7207.387401308789
4032.0	54	7206.768126245912
4033.0	57	7206.148600266142
4034.0	47	7205.5288235688195
4035.0	58	7204.908796353169
4036.0	50	7204.288518818348
4037.0	39	7203.667991163377
4038.0	45	7203.047213587194
4039.0	45	7202.426186288687
4040.0	47	7201.804909466581
4041.0	48	7201.183383319541
4042.0	43	7200.561608046149
4043.0	52	7199.939583844883
4044.0	61	7199.3173109140835
4045.0	38	7198.694789452062
4046.0	40	7198.072019657011
4047.0	45	7197.449001727017
4048.0	51	7196.825735860071
4049.0	62	7196.202222254075
4050.0	56	7195.57846110686
4051.0	39	7194.954452616131
4052.0	62	7194.330196979489
4053.0	42	7193.705694394467
4054.0	47	7193.080945058522
4055.0	49	7192.455949168959
4056.0	62	7191.8307069230605
4057.0	48	7191.205218517908
4058.0	36	7190.579484150632
4059.0	53	7189.953504018128
4060.0	48	7189.327278317319
4061.0	53	7188.700807244928
4062.0	58	7188.074090997658
4063.0	36	7187.4471297720775
4064.0	53	7186.819923764706
4065.0	45	7186.192473171884
4066.0	53	7185.564778189978
4067.0	54	7184.936839015128
4068.0	39	7184.308655843504
4069.0	57	7183.6802288710805
4070.0	49	7183.051558293814
4071.0	42	7182.422644307526
4072.0	51	7181.793487107962
4073.0	67	7181.164086890756
4074.0	48	7180.534443851445
4075.0	50	7179.90455818551
4076.0	43	7179.274430088316
4077.0	53	7178.64405975512
4078.0	54	7178.013447381091
4079.0	57	7177.3825931613155
4080.0	38	7176.751497290798
4081.0	60	7176.120159964431
4082.0	62	7175.48858137701
4083.0	55	7174.856761723233
4084.0	51	7174.224701197734
4085.0	57	7173.592399995021
4086.0	53	7172.959858309542
4087.0	50	7172.327076335615
4088.0	56	7171.694054267489
4089.0	53	7171.060792299307
4090.0	54	7170.4272906251545
4091.0	48	7169.793549438946
4092.0	47	7169.159568934606
4093.0	48	7168.525349305861
4094.0	50	7167.890890746455
4095.0	53	7167.256193449915
4096.0	51	7166.621257609775
4097.0	52	7165.986083419433
4098.0	51	7165.350671072236
4099.0	51	7164.715020761339
4100.0	53	7164.07913267994
4101.0	40	7163.443007020996
4102.0	49	7162.806643977539
4103.0	47	7162.170043742339
4104.0	49	7161.533206508212
4105.0	43	7160.896132467794
4106.0	55	7160.258821813651
4107.0	56	7159.621274738298
4108.0	45	7158.983491434079
4109.0	35	7158.345472093335
4110.0	64	7157.707216908223
4111.0	43	7157.068726070891
4112.0	57	7156.42999977334
4113.0	52	7155.791038207488
4114.0	52	7155.151841565189
4115.0	54	7154.5124100381745
4116.0	59	7153.872743818115
4117.0	52	7153.232843096515
4118.0	45	7152.592708064899
4119.0	46	7151.952338914604
4120.0	46	7151.311735836937
4121.0	46	7150.670899023069
4122.0	48	7150.029828664113
4123.0	57	7149.388524951068
4124.0	51	7148.746988074845
4125.0	51	7148.105218226258
4126.0	59	7147.463215596067
4127.0	56	7146.82098037489
4128.0	49	7146.178512753295
4129.0	37	7145.535812921705
4130.0	42	7144.8928810705
4131.0	48	7144.249717389963
4132.0	43	7143.606322070271
4133.0	49	7142.96269530152
4134.0	57	7142.318837273684
4135.0	43	7141.674748176688
4136.0	47	7141.030428200375
4137.0	48	7140.3858775344115
4138.0	38	7139.741096368469
4139.0	64	7139.096084892081
4140.0	59	7138.450843294707
4141.0	52	7137.805371765676
4142.0	49	7137.159670494297
4143.0	43	7136.513739669731
4144.0	56	7135.8675794810715
4145.0	40	7135.22119011731
4146.0	48	7134.574571767322
4147.0	50	7133.927724619957
4148.0	46	7133.280648863935
4149.0	43	7132.63334468788
4150.0	46	7131.98581228033
4151.0	57	7131.338051829735
4152.0	47	7130.690063524445
4153.0	51	7130.04184755278
4154.0	53	7129.393404102854
4155.0	49	7128.744733362786
4156.0	47	7128.095835520568
4157.0	49	7127.446710764131
4158.0	53	7126.797359281226
4159.0	50	7126.147781259639
4160.0	57	7125.497976886964
4161.0	51	7124.847946350801
4162.0	43	7124.19768983854
4163.0	54	7123.547207537592
4164.0	50	7122.896499635192
4165.0	56	7122.24556631856
4166.0	50	7121.594407774773
4167.0	51	7120.943024190823
4168.0	50	7120.291415753619
4169.0	56	7119.639582650016
4170.0	50	7118.987525066732
4171.0	47	7118.335243190399
4172.0	49	7117.682737207564
4173.0	50	7117.030007304704
4174.0	59	7116.377053668192
4175.0	52	7115.723876484317
4176.0	57	7115.070475939239
4177.0	41	7114.41685221909
4178.0	57	7113.763005509879
4179.0	49	7113.108935997523
4180.0	42	7112.454643867851
4181.0	55	7111.80012930661
4182.0	49	7111.145392499464
4183.0	60	7110.490433631998
4184.0	54	7109.83525288961
4185.0	56	7109.179850457773
4186.0	47	7108.524226521732
4187.0	48	7107.86838126671
4188.0	46	7107.21231487782
4189.0	54	7106.556027540087
4190.0	55	7105.899519438447
4191.0	46	7105.242790757783
4192.0	59	7104.585841682806
4193.0	46	7103.9286723981995
4194.0	49	7103.271283088552
4195.0	46	7102.613673938384
4196.0	50	7101.9558451320345
4197.0	56	7101.297796853878
4198.0	48	7100.639529288098
4199.0	58	7099.981042618863
4200.0	51	7099.322337030203
4201.0	44	7098.663412706072
4202.0	33	7098.00426983035
4203.0	44	7097.344908586793
4204.0	52	7096.685329159114
4205.0	62	7096.025531730924
4206.0	66	7095.365516485713
4207.0	65	7094.705283606921
4208.0	47	7094.044833277883
4209.0	50	7093.384165681833
4210.0	46	7092.723281001932
4211.0	44	7092.062179421281
4212.0	59	7091.400861122833
4213.0	49	7090.739326289486
4214.0	56	7090.077575104038
4215.0	48	7089.415607749231
4216.0	50	7088.753424407661
4217.0	40	7088.091025261883
4218.0	48	7087.428410494333
4219.0	49	7086.765580287406
4220.0	47	7086.102534823358
4221.0	51	7085.439274284389
4222.0	54	7084.775798852551
4223.0	47	7084.112108709898
4224.0	43	7083.448204038341
4225.0	58	7082.784085019737
4226.0	66	7082.1197518357785
4227.0	51	7081.455204668163
4228.0	43	7080.790443698446
4229.0	58	7080.125469108133
4230.0	41	7079.460281078572
4231.0	43	7078.794879791113
4232.0	48	7078.12926542696
4233.0	50	7077.4634381672395
4234.0	57	7076.797398192985
4235.0	52	7076.131145685161
4236.0	50	7075.464680824631
4237.0	48	7074.798003792183
4238.0	31	7074.131114768523
4239.0	70	7073.464013934222
4240.0	46	7072.79670146981
4241.0	58	7072.129177555714
4242.0	46	7071.4614423723
4243.0	42	7070.793496099794
4244.0	41	7070.125338918368
4245.0	53	7069.456971008111
4246.0	60	7068.788392549009
4247.0	31	7068.119603720955
4248.0	54	7067.450604703795
4249.0	51	7066.781395677238
4250.0	50	7066.111976820947
4251.0	48	7065.442348314451
4252.0	51	7064.772510337231
4253.0	46	7064.102463068671
4254.0	53	7063.432206688061
4255.0	61	7062.7617413746375
4256.0	49	7062.0910673074895
4257.0	49	7061.42018466565
4258.0	53	7060.749093628075
4259.0	48	7060.077794373638
4260.0	62	7059.406287081089
4261.0	43	7058.734571929136
4262.0	45	7058.062649096355
4263.0	39	7057.390518761288
4264.0	48	7056.718181102354
4265.0	54	7056.0456362978575
4266.0	53	7055.372884526098
4267.0	52	7054.69992596522
4268.0	41	7054.026760793292
4269.0	50	7053.353389188339
4270.0	48	7052.679811328243
4271.0	47	7052.0060273908475
4272.0	57	7051.332037553862
4273.0	38	7050.657841994945
4274.0	55	7049.983440891654
4275.0	39	7049.3088344214775
4276.0	50	7048.634022761806
4277.0	45	7047.959006089912
4278.0	55	7047.283784583029
4279.0	53	7046.608358418292
4280.0	33	7045.932727772775
4281.0	40	7045.256892823376
4282.0	57	7044.580853747001
4283.0	45	7043.904610720405
4284.0	40	7043.228163920367
4285.0	57	7042.551513523398
4286.0	44	7041.874659706108
4287.0	53	7041.197602644887
4288.0	59	7040.520342516138
4289.0	49	7039.842879496081
4290.0	52	7039.165213760931
4291.0	47	7038.487345486793
4292.0	40	7037.809274849648
4293.0	59	7037.131002025472
4294.0	51	7036.452527190075
4295.0	46	7035.773850519213
4296.0	62	7035.094972188557
4297.0	50	7034.415892373718
4298.0	51	7033.736611250182
4299.0	47	7033.057128993332
4300.0	48	7032.377445778529
4301.0	58	7031.69756178102
4302.0	44	7031.017477175965
4303.0	50	7030.337192138405
4304.0	48	7029.656706843379
4305.0	43	7028.976021465742
4306.0	44	7028.295136180346
4307.0	45	7027.614051161884
4308.0	61	7026.932766585046
4309.0	51	7026.251282624352
4310.0	46	7025.569599454325
4311.0	54	7024.887717249312
4312.0	56	7024.205636183673
4313.0	62	7023.523356431558
4314.0	47	7022.840878167187
4315.0	57	7022.158201564546
4316.0	60	7021.475326797625
4317.0	51	7020.792254040301
4318.0	48	7020.108983466411
4319.0	31	7019.425515249614
4320.0	61	7018.741849563549
4321.0	37	7018.057986581766
4322.0	65	7017.373926477758
4323.0	53	7016.689669424848
4324.0	44	7016.005215596346
4325.0	63	7015.320565165451
4326.0	54	7014.635718305307
4327.0	66	7013.950675188916
4328.0	54	7013.265435989258
4329.0	50	7012.580000879156
4330.0	51	7011.894370031465
4331.0	52	7011.20854361883
4332.0	54	7010.522521813879
4333.0	48	7009.836304789144
4334.0	54	7009.149892717059
4335.0	57	7008.463285770009
4336.0	41	7007.776484120245
4337.0	52	7007.089487939973
4338.0	51	7006.402297401309
4339.0	50	7005.714912676261
4340.0	56	7005.02733393679
4341.0	49	7004.3395613547245
4342.0	55	7003.651595101865
4343.0	64	7002.9634353499005
4344.0	63	7002.275082270429
4345.0	45	7001.586536034938
4346.0	60	7000.897796814947
4347.0	44	7000.208864781698
4348.0	42	6999.519740106587
4349.0	49	6998.830422960695
4350.0	42	6998.140913515167
4351.0	76	6997.451211941014
4352.0	55	6996.761318409198
4353.0	53	6996.07123309055
4354.0	64	6995.380956155825
4355.0	44	6994.690487775721
4356.0	62	6993.999828120854
4357.0	41	6993.308977361711
4358.0	45	6992.617935668743
4359.0	53	6991.9267032123025
4360.0	59	6991.235280162676
4361.0	47	6990.543666689996
4362.0	59	6989.851862964391
4363.0	51	6989.159869155895
4364.0	51	6988.467685434425
4365.0	38	6987.775311969862
4366.0	45	6987.08274893191
4367.0	47	6986.389996490312
4368.0	42	6985.697054814651
4369.0	43	6985.003924074446
4370.0	52	6984.310604439124
4371.0	53	6983.61709607807
4372.0	36	6982.923399160504
4373.0	49	6982.229513855672
4374.0	33	6981.535440332614
4375.0	55	6980.8411787604155
4376.0	67	6980.146729307957
4377.0	50	6979.452092144138
4378.0	49	6978.757267437706
4379.0	42	6978.0622553573785
4380.0	52	6977.367056071729
4381.0	53	6976.671669749322
4382.0	43	6975.976096558556
4383.0	49	6975.280336667827
4384.0	44	6974.584390245383
4385.0	51	6973.888257459443
4386.0	57	6973.19193847812
4387.0	47	6972.495433469431
4388.0	50	6971.798742601335
4389.0	51	6971.101866041682
4390.0	53	6970.404803958271
4391.0	37	6969.707556518799
4392.0	47	6969.010123890868
4393.0	48	6968.312506242051
4394.0	56	6967.614703739768
4395.0	54	6966.916716551409
4396.0	59	6966.218544844256
4397.0	50	6965.5201887855155
4398.0	52	6964.82164854232
4399.0	54	6964.122924281719
4400.0	52	6963.4240161706375
4401.0	61	6962.724924376005
4402.0	51	6962.0256490646
4403.0	64	6961.326190403149
4404.0	37	6960.626548558233
4405.0	56	6959.926723696483
4406.0	46	6959.226715984303
4407.0	59	6958.5265255881395
4408.0	45	6957.826152674257
4409.0	44	6957.125597408892
4410.0	74	6956.424859958195
4411.0	44	6955.723940488239
4412.0	56	6955.022839164968
4413.0	49	6954.321556154325
4414.0	42	6953.620091622078
4415.0	61	6952.918445734028
4416.0	59	6952.21661865575
4417.0	51	6951.514610552903
4418.0	59	6950.812421590912
4419.0	44	6950.110051935223
4420.0	55	6949.407501751157
4421.0	46	6948.704771203949
4422.0	49	6948.001860458772
4423.0	65	6947.29876968072
4424.0	56	6946.595499034797
4425.0	44	6945.892048685924
4426.0	49	6945.188418798919
4427.0	56	6944.484609538601
4428.0	58	6943.780621069596
4429.0	49	6943.076453556523
4430.0	41	6942.372107163893
4431.0	36	6941.667582056145
4432.0	50	6940.962878397651
4433.0	52	6940.25799635267
4434.0	47	6939.552936085389
4435.0	41	6938.847697759947
4436.0	54	6938.142281540371
4437.0	45	6937.436687590581
4438.0	41	6936.730916074471
4439.0	39	6936.024967155858
4440.0	57	6935.318840998396
4441.0	54	6934.612537765778
4442.0	52	6933.906057621495
4443.0	38	6933.19940072905
4444.0	40	6932.492567251813
4445.0	39	6931.785557353113
4446.0	49	6931.078371196143
4447.0	45	6930.371008944091
4448.0	52	6929.663470759982
4449.0	52	6928.955756806844
4450.0	58	6928.247867247557
4451.0	52	6927.539802244931
4452.0	36	6926.831561961729
4453.0	64	6926.1231465606415
4454.0	72	6925.414556204208
4455.0	37	6924.705791054951
4456.0	44	6923.996851275295
4457.0	38	6923.2877370275955
4458.0	34	6922.578448474112
4459.0	47	6921.868985776999
4460.0	46	6921.159349098404
4461.0	56	6920.4495386003055
4462.0	39	6919.739554444721
4463.0	55	6919.0293967934385
4464.0	51	6918.319065808266
4465.0	48	6917.608561650936
4466.0	49	6916.897884483038
4467.0	49	6916.187034466122
4468.0	61	6915.476011761679
4469.0	52	6914.764816531063
4470.0	55	6914.053448935609
4471.0	41	6913.341909136523
4472.0	43	6912.630197294958
4473.0	43	6911.918313571973
4474.0	57	6911.206258128581
4475.0	64	6910.494031125666
4476.0	51	6909.781632724063
4477.0	48	6909.069063084515
4478.0	54	6908.356322367711
4479.0	44	6907.64341073425
4480.0	54	6906.930328344607
4481.0	38	6906.217075359224
4482.0	45	6905.503651938464
4483.0	44	6904.790058242614
4484.0	52	6904.076294431849
4485.0	40	6903.362360666272
4486.0	63	6902.648257105945
4487.0	41	6901.933983910819
4488.0	44	6901.219541240766
4489.0	49	6900.504929255569
4490.0	53	6899.790148114992
4491.0	57	6899.075197978639
4492.0	63	6898.360079006088
4493.0	48	6897.644791356788
4494.0	47	6896.929335190203
4495.0	51	6896.21371066562
4496.0	47	6895.497917942307
4497.0	50	6894.781957179394
4498.0	57	6894.06582853601
4499.0	59	6893.3495321711425
4500.0	50	6892.633068243747
4501.0	40	6891.916436912626
4502.0	54	6891.199638336632
4503.0	44	6890.482672674387
4504.0	50	6889.765540084552
4505.0	40	6889.0482407256395
4506.0	52	6888.330774756134
4507.0	56	6887.613142334395
4508.0	68	6886.895343618761
4509.0	34	6886.1773787674065
4510.0	49	6885.459247938517
4511.0	49	6884.740951290144
4512.0	52	6884.022488980285
4513.0	45	6883.303861166853
4514.0	52	6882.585068007687
4515.0	60	6881.866109660509
4516.0	42	6881.146986283046
4517.0	54	6880.427698032861
4518.0	49	6879.708245067497
4519.0	44	6878.988627544368
4520.0	48	6878.26884562088
4521.0	50	6877.548899454278
4522.0	54	6876.828789201806
4523.0	52	6876.10851502057
4524.0	47	6875.388077067646
4525.0	49	6874.667475499995
4526.0	49	6873.946710474523
4527.0	43	6873.225782148018
4528.0	52	6872.504690677268
4529.0	50	6871.783436218919
4530.0	44	6871.062018929543
4531.0	44	6870.340438965662
4532.0	47	6869.618696483726
4533.0	42	6868.896791640043
4534.0	50	6868.174724590943
4535.0	44	6867.4524954925755
4536.0	60	6866.7301045011045
4537.0	40	6866.007551772533
4538.0	58	6865.284837462856
4539.0	51	6864.561961727937
4540.0	56	6863.838924723633
4541.0	39	6863.115726605617
4542.0	45	6862.392367529596
4543.0	65	6861.6688476511235
4544.0	32	6860.945167125708
4545.0	48	6860.221326108768
4546.0	57	6859.497324755689
4547.0	44	6858.773163221664
4548.0	52	6858.048841661967
4549.0	60	6857.324360231662
4550.0	72	6856.599719085829
4551.0	35	6855.874918379379
4552.0	43	6855.14995826724
4553.0	55	6854.424838904189
4554.0	54	6853.699560444988
4555.0	57	6852.974123044282
4556.0	49	6852.2485268566425
4557.0	52	6851.522772036567
4558.0	58	6850.796858738473
4559.0	54	6850.070787116735
4560.0	59	6849.344557325612
4561.0	59	6848.618169519275
4562.0	49	6847.891623851862
4563.0	53	6847.164920477429
4564.0	55	6846.438059549898
4565.0	60	6845.711041223186
4566.0	51	6844.983865651094
4567.0	48	6844.256532987364
4568.0	54	6843.529043385654
4569.0	45	6842.801396999515
4570.0	58	6842.073593982494
4571.0	43	6841.345634487993
4572.0	41	6840.61751866938
4573.0	55	6839.889246679901
4574.0	36	6839.160818672782
4575.0	40	6838.432234801163
4576.0	50	6837.703495218048
4577.0	56	6836.974600076444
4578.0	54	6836.245549529212
4579.0	50	6835.516343729187
4580.0	46	6834.786982829124
4581.0	40	6834.057466981668
4582.0	54	6833.327796339411
4583.0	54	6832.5979710548745
4584.0	60	6831.867991280488
4585.0	58	6831.137857168647
4586.0	40	6830.407568871574
4587.0	56	6829.677126541543
4588.0	51	6828.946530330642
4589.0	57	6828.215780390978
4590.0	36	6827.48487687446
4591.0	43	6826.753819933073
4592.0	53	6826.022609718597
4593.0	42	6825.291246382837
4594.0	40	6824.559730077397
4595.0	54	6823.82806095395
4596.0	50	6823.0962391639705
4597.0	34	6822.364264858991
4598.0	47	6821.632138190289
4599.0	50	6820.899859309239
4600.0	55	6820.1674283670145
4601.0	51	6819.4348455148465
4602.0	57	6818.7021109037205
4603.0	36	6817.96922468469
4604.0	53	6817.236187008649
4605.0	50	6816.502998026483
4606.0	51	6815.769657888936
4607.0	58	6815.0361667467105
4608.0	53	6814.3025247504465
4609.0	59	6813.568732050681
4610.0	57	6812.834788797894
4611.0	49	6812.100695142469
4612.0	52	6811.366451234732
4613.0	55	6810.632057224944
4614.0	56	6809.897513263281
4615.0	59	6809.162819499826
4616.0	60	6808.427976084605
4617.0	42	6807.692983167561
4618.0	55	6806.957840898581
4619.0	46	6806.222549427458
4620.0	51	6805.487108903907
4621.0	47	6804.75151947759
4622.0	67	6804.01578129806
4623.0	57	6803.279894514832
4624.0	50	6802.543859277324
4625.0	49	6801.807675734901
4626.0	44	6801.0713440368045
4627.0	46	6800.334864332286
4628.0	53	6799.598236770408
4629.0	37	6798.8614615002725
4630.0	45	6798.124538670812
4631.0	43	6797.387468430992
4632.0	62	6796.650250929569
4633.0	54	6795.91288631533
4634.0	47	6795.175374736955
4635.0	64	6794.437716343043
4636.0	62	6793.699911282126
4637.0	51	6792.961959702655
4638.0	57	6792.223861752997
4639.0	61	6791.485617581503
4640.0	54	6790.747227336372
4641.0	58	6790.0086911657545
4642.0	43	6789.270009217755
4643.0	47	6788.53118164036
4644.0	40	6787.792208581548
4645.0	55	6787.05309018914
4646.0	42	6786.313826610916
4647.0	46	6785.574417994645
4648.0	47	6784.834864487914
4649.0	48	6784.095166238324
4650.0	45	6783.355323393328
4651.0	54	6782.6153361003735
4652.0	52	6781.875204506806
4653.0	44	6781.1349287598705
4654.0	47	6780.394509006784
4655.0	45	6779.653945394668
4656.0	43	6778.91323807056
4657.0	59	6778.172387181438
4658.0	42	6777.431392874216
4659.0	48	6776.690255295712
4660.0	40	6775.948974592676
4661.0	68	6775.207550911797
4662.0	53	6774.465984399667
4663.0	66	6773.724275202843
4664.0	51	6772.982423467769
4665.0	57	6772.24042934084
4666.0	46	6771.498292968357
4667.0	45	6770.756014496555
4668.0	58	6770.013594071605
4669.0	55	6769.271031839636
4670.0	48	6768.528327946622
4671.0	36	6767.785482538505
4672.0	44	6767.042495761197
4673.0	45	6766.299367760488
4674.0	53	6765.556098682055
4675.0	42	6764.812688671618
4676.0	55	6764.069137874723
4677.0	45	6763.325446436886
4678.0	49	6762.5816145035105
4679.0	42	6761.837642220007
4680.0	50	6761.093529731624
4681.0	49	6760.349277183597
4682.0	45	6759.604884721092
4683.0	56	6758.86035248911
4684.0	42	6758.115680632706
4685.0	49	6757.3708692967775
4686.0	45	6756.625918626193
4687.0	45	6755.880828765691
4688.0	53	6755.135599860027
4689.0	33	6754.390232053789
4690.0	55	6753.644725491568
4691.0	59	6752.899080317826
4692.0	52	6752.15329667701
4693.0	54	6751.407374713412
4694.0	47	6750.661314571355
4695.0	52	6749.915116394992
4696.0	47	6749.168780328462
4697.0	54	6748.422306515817
4698.0	56	6747.675695101037
4699.0	50	6746.928946228043
4700.0	52	6746.182060040642
4701.0	50	6745.435036682585
4702.0	48	6744.687876297593
4703.0	55	6743.940579029289
4704.0	47	6743.193145021194
4705.0	56	6742.445574416759
4706.0	44	6741.697867359428
4707.0	56	6740.9500239925155
4708.0	52	6740.202044459271
4709.0	39	6739.453928902874
4710.0	58	6738.705677466451
4711.0	47	6737.95729029301
4712.0	59	6737.208767525555
4713.0	39	6736.460109306954
4714.0	49	6735.711315780041
4715.0	61	6734.962387087576
4716.0	57	6734.213323372221
4717.0	45	6733.4641247765885
4718.0	49	6732.714791443219
4719.0	59	6731.9653235145615
4720.0	47	6731.215721133043
4721.0	49	6730.465984440936
4722.0	43	6729.716113580518
4723.0	59	6728.9661086939495
4724.0	59	6728.215969923373
4725.0	55	6727.465697410769
4726.0	44	6726.715291298131
4727.0	39	6725.964751727324
4728.0	56	6725.214078840212
4729.0	53	6724.463272778488
4730.0	53	6723.712333683861
4731.0	62	6722.961261697911
4732.0	52	6722.210056962215
4733.0	48	6721.458719618169
4734.0	57	6720.707249807223
4735.0	47	6719.955647670656
4736.0	61	6719.2039133497165
4737.0	57	6718.452046985609
4738.0	51	6717.700048719399
4739.0	44	6716.947918692137
4740.0	54	6716.195657044791
4741.0	42	6715.443263918252
4742.0	46	6714.690739453339
4743.0	56	6713.938083790774
4744.0	66	6713.185297071272
4745.0	44	6712.432379435412
4746.0	57	6711.679331023732
4747.0	50	6710.926151976696
4748.0	49	6710.172842434725
4749.0	44	6709.419402538099
4750.0	42	6708.665832427097
4751.0	50	6707.91213224187
4752.0	63	6707.158302122569
4753.0	45	6706.404342209199
4754.0	51	6705.650252641755
4755.0	41	6704.8960335600905
4756.0	55	6704.141685104075
4757.0	43	6703.387207413431
4758.0	66	6702.632600627891
4759.0	45	6701.877864887
4760.0	48	6701.123000330357
4761.0	51	6700.368007097406
4762.0	74	6699.61288532758
4763.0	40	6698.857635160164
4764.0	59	6698.102256734446
4765.0	49	6697.346750189625
4766.0	68	6696.591115664815
4767.0	52	6695.83535329904
4768.0	63	6695.079463231322
4769.0	53	6694.323445600532
4770.0	55	6693.5673005455255
4771.0	34	6692.811028205072
4772.0	51	6692.054628717879
4773.0	48	6691.298102222551
4774.0	45	6690.541448857644
4775.0	60	6689.78466876169
4776.0	43	6689.027762073044
4777.0	39	6688.270728930117
4778.0	43	6687.513569471132
4779.0	44	6686.75628383431
4780.0	54	6685.998872157794
4781.0	62	6685.241334579666
4782.0	47	6684.48367123789
4783.0	63	6683.7258822704225
4784.0	49	6682.967967815091
4785.0	59	6682.209928009717
4786.0	46	6681.451762991982
4787.0	50	6680.693472899576
4788.0	47	6679.935057870033
4789.0	68	6679.17651804088
4790.0	54	6678.4178535495475
4791.0	37	6677.659064533418
4792.0	58	6676.900151129789
4793.0	54	6676.141113475872
4794.0	58	6675.381951708837
4795.0	40	6674.622665965774
4796.0	46	6673.863256383703
4797.0	65	6673.103723099574
4798.0	61	6672.3440662502635
4799.0	56	6671.584285972597
4800.0	54	6670.824382403299
4801.0	48	6670.064355679058
4802.0	57	6669.304205936439
4803.0	43	6668.54393331203
4804.0	47	6667.783537942263
4805.0	48	6667.023019963542
4806.0	51	6666.262379512185
4807.0	56	6665.501616724467
4808.0	62	6664.74073173654
4809.0	47	6663.9797246845665
4810.0	49	6663.218595704564
4811.0	56	6662.457344932519
4812.0	52	6661.695972504344
4813.0	58	6660.934478555902
4814.0	50	6660.172863222924
4815.0	47	6659.4111266411455
4816.0	56	6658.649268946164
4817.0	57	6657.8872902736175
4818.0	51	6657.125190758915
4819.0	46	6656.362970537533
4820.0	59	6655.600629744827
4821.0	53	6654.838168516094
4822.0	51	6654.075586986526
4823.0	54	6653.312885291291
4824.0	37	6652.550063565476
4825.0	53	6651.78712194411
4826.0	51	6651.024060562102
4827.0	43	6650.2608795543565
4828.0	54	6649.497579055665
4829.0	53	6648.734159200798
4830.0	64	6647.970620124389
4831.0	68	6647.2069619610775
4832.0	60	6646.443184845353
4833.0	54	6645.679288911724
4834.0	48	6644.915274294561
4835.0	50	6644.151141128219
4836.0	51	6643.386889546929
4837.0	45	6642.622519684892
4838.0	44	6641.85803167625
4839.0	55	6641.093425655025
4840.0	37	6640.32870175523
4841.0	43	6639.563860110785
4842.0	48	6638.798900855536
4843.0	37	6638.033824123253
4844.0	49	6637.268630047654
4845.0	59	6636.503318762392
4846.0	58	6635.737890401033
4847.0	44	6634.972345097118
4848.0	57	6634.206682984045
4849.0	62	6633.440904195209
4850.0	57	6632.675008863919
4851.0	42	6631.908997123426
4852.0	47	6631.142869106861
4853.0	43	6630.376624947354
4854.0	58	6629.610264777926
4855.0	57	6628.843788731569
4856.0	41	6628.077196941125
4857.0	47	6627.310489539474
4858.0	53	6626.54366665936
4859.0	43	6625.776728433497
4860.0	62	6625.009674994476
4861.0	49	6624.242506474873
4862.0	56	6623.475223007176
4863.0	52	6622.707824723837
4864.0	52	6621.940311757159
4865.0	49	6621.172684239491
4866.0	51	6620.404942303001
4867.0	53	6619.637086079875
4868.0	60	6618.869115702175
4869.0	61	6618.101031301945
4870.0	50	6617.332833011102
4871.0	44	6616.564520961574
4872.0	48	6615.7960952851345
4873.0	50	6615.0275561135695
4874.0	46	6614.258903578528
4875.0	59	6613.490137811645
4876.0	39	6612.721258944459
4877.0	53	6611.952267108454
4878.0	51	6611.183162435006
4879.0	54	6610.413945055525
4880.0	45	6609.644615101246
4881.0	66	6608.875172703383
4882.0	51	6608.1056179930865
4883.0	52	6607.335951101437
4884.0	45	6606.56617215943
4885.0	57	6605.796281298026
4886.0	59	6605.0262786480935
4887.0	45	6604.2561643404215
4888.0	54	6603.485938505768
4889.0	56	6602.715601274821
4890.0	57	6601.945152778158
4891.0	46	6601.174593146339
4892.0	44	6600.403922509841
4893.0	33	6599.633140999065
4894.0	53	6598.862248744344
4895.0	54	6598.091245875949
4896.0	47	6597.320132524116
4897.0	50	6596.5489088189415
4898.0	63	6595.777574890539
