time	whole_blood_radioactivity	plasma_radioactivity
-5235.0	60	0.0
-5234.0	55	0.0
-5233.0	68	0.0
-5232.0	51	0.0
-5231.0	58	0.0
-5230.0	57	0.0
-5229.0	54	0.0
-5228.0	54	0.0
-5227.0	55	0.0
-5226.0	55	0.0
-5225.0	52	0.0
-5224.0	63	0.0
-5223.0	59	0.0
-5222.0	59	0.0
-5221.0	61	0.0
-5220.0	57	0.0
-5219.0	53	0.0
-5218.0	51	0.0
-5217.0	56	0.0
-5216.0	52	0.0
-5215.0	49	0.0
-5214.0	59	0.0
-5213.0	58	0.0
-5212.0	57	0.0
-5211.0	68	0.0
-5210.0	83	0.0
-5209.0	57	0.0
-5208.0	48	0.0
-5207.0	55	0.0
-5206.0	55	0.0
-5205.0	61	0.0
-5204.0	64	0.0
-5203.0	67	0.0
-5202.0	47	0.0
-5201.0	59	0.0
-5200.0	57	0.0
-5199.0	61	0.0
-5198.0	46	0.0
-5197.0	58	0.0
-5196.0	41	0.0
-5195.0	62	0.0
-5194.0	65	0.0
-5193.0	53	0.0
-5192.0	47	0.0
-5191.0	60	0.0
-5190.0	57	0.0
-5189.0	61	0.0
-5188.0	63	0.0
-5187.0	72	0.0
-5186.0	60	0.0
-5185.0	54	0.0
-5184.0	61	0.0
-5183.0	54	0.0
-5182.0	57	0.0
-5181.0	60	0.0
-5180.0	66	0.0
-5179.0	61	0.0
-5178.0	59	0.0
-5177.0	61	0.0
-5176.0	55	0.0
-5175.0	54	0.0
-5174.0	53	0.0
-5173.0	64	0.0
-5172.0	52	0.0
-5171.0	71	0.0
-5170.0	66	0.0
-5169.0	55	0.0
-5168.0	69	0.0
-5167.0	58	0.0
-5166.0	51	0.0
-5165.0	59	0.0
-5164.0	52	0.0
-5163.0	60	0.0
-5162.0	54	0.0
-5161.0	55	0.0
-5160.0	57	0.0
-5159.0	50	0.0
-5158.0	61	0.0
-5157.0	47	0.0
-5156.0	70	0.0
-5155.0	61	0.0
-5154.0	69	0.0
-5153.0	67	0.0
-5152.0	55	0.0
-5151.0	57	0.0
-5150.0	66	0.0
-5149.0	50	0.0
-5148.0	53	0.0
-5147.0	59	0.0
-5146.0	64	0.0
-5145.0	47	0.0
-5144.0	58	0.0
-5143.0	51	0.0
-5142.0	53	0.0
-5141.0	56	0.0
-5140.0	54	0.0
-5139.0	49	0.0
-5138.0	53	0.0
-5137.0	54	0.0
-5136.0	49	0.0
-5135.0	56	0.0
-5134.0	57	0.0
-5133.0	53	0.0
-5132.0	54	0.0
-5131.0	55	0.0
-5130.0	56	0.0
-5129.0	52	0.0
-5128.0	77	0.0
-5127.0	53	0.0
-5126.0	65	0.0
-5125.0	53	0.0
-5124.0	63	0.0
-5123.0	65	0.0
-5122.0	60	0.0
-5121.0	59	0.0
-5120.0	56	0.0
-5119.0	54	0.0
-5118.0	57	0.0
-5117.0	52	0.0
-5116.0	66	0.0
-5115.0	66	0.0
-5114.0	49	0.0
-5113.0	53	0.0
-5112.0	55	0.0
-5111.0	56	0.0
-5110.0	58	0.0
-5109.0	73	0.0
-5108.0	59	0.0
-5107.0	51	0.0
-5106.0	51	0.0
-5105.0	61	0.0
-5104.0	70	0.0
-5103.0	65	0.0
-5102.0	63	0.0
-5101.0	57	0.0
-5100.0	53	0.0
-5099.0	60	0.0
-5098.0	60	0.0
-5097.0	63	0.0
-5096.0	71	0.0
-5095.0	66	0.0
-5094.0	47	0.0
-5093.0	67	0.0
-5092.0	64	0.0
-5091.0	57	0.0
-5090.0	50	0.0
-5089.0	58	0.0
-5088.0	54	0.0
-5087.0	62	0.0
-5086.0	61	0.0
-5085.0	59	0.0
-5084.0	64	0.0
-5083.0	57	0.0
-5082.0	62	0.0
-5081.0	44	0.0
-5080.0	54	0.0
-5079.0	64	0.0
-5078.0	61	0.0
-5077.0	61	0.0
-5076.0	50	0.0
-5075.0	65	0.0
-5074.0	54	0.0
-5073.0	74	0.0
-5072.0	51	0.0
-5071.0	62	0.0
-5070.0	50	0.0
-5069.0	61	0.0
-5068.0	57	0.0
-5067.0	51	0.0
-5066.0	55	0.0
-5065.0	59	0.0
-5064.0	59	0.0
-5063.0	71	0.0
-5062.0	48	0.0
-5061.0	68	0.0
-5060.0	48	0.0
-5059.0	70	0.0
-5058.0	50	0.0
-5057.0	52	0.0
-5056.0	61	0.0
-5055.0	50	0.0
-5054.0	45	0.0
-5053.0	58	0.0
-5052.0	57	0.0
-5051.0	64	0.0
-5050.0	66	0.0
-5049.0	59	0.0
-5048.0	64	0.0
-5047.0	55	0.0
-5046.0	60	0.0
-5045.0	47	0.0
-5044.0	56	0.0
-5043.0	49	0.0
-5042.0	55	0.0
-5041.0	61	0.0
-5040.0	65	0.0
-5039.0	48	0.0
-5038.0	55	0.0
-5037.0	51	0.0
-5036.0	64	0.0
-5035.0	53	0.0
-5034.0	51	0.0
-5033.0	61	0.0
-5032.0	48	0.0
-5031.0	57	0.0
-5030.0	57	0.0
-5029.0	44	0.0
-5028.0	56	0.0
-5027.0	49	0.0
-5026.0	68	0.0
-5025.0	57	0.0
-5024.0	65	0.0
-5023.0	65	0.0
-5022.0	59	0.0
-5021.0	54	0.0
-5020.0	52	0.0
-5019.0	65	0.0
-5018.0	50	0.0
-5017.0	49	0.0
-5016.0	41	0.0
-5015.0	57	0.0
-5014.0	68	0.0
-5013.0	63	0.0
-5012.0	72	0.0
-5011.0	52	0.0
-5010.0	60	0.0
-5009.0	71	0.0
-5008.0	62	0.0
-5007.0	49	0.0
-5006.0	55	0.0
-5005.0	58	0.0
-5004.0	51	0.0
-5003.0	42	0.0
-5002.0	48	0.0
-5001.0	49	0.0
-5000.0	63	0.0
-4999.0	55	0.0
-4998.0	66	0.0
-4997.0	69	0.0
-4996.0	62	0.0
-4995.0	48	0.0
-4994.0	60	0.0
-4993.0	60	0.0
-4992.0	46	0.0
-4991.0	54	0.0
-4990.0	65	0.0
-4989.0	43	0.0
-4988.0	50	0.0
-4987.0	56	0.0
-4986.0	56	0.0
-4985.0	74	0.0
-4984.0	58	0.0
-4983.0	47	0.0
-4982.0	54	0.0
-4981.0	53	0.0
-4980.0	69	0.0
-4979.0	67	0.0
-4978.0	54	0.0
-4977.0	64	0.0
-4976.0	59	0.0
-4975.0	47	0.0
-4974.0	50	0.0
-4973.0	66	0.0
-4972.0	61	0.0
-4971.0	70	0.0
-4970.0	42	0.0
-4969.0	59	0.0
-4968.0	59	0.0
-4967.0	69	0.0
-4966.0	55	0.0
-4965.0	50	0.0
-4964.0	59	0.0
-4963.0	57	0.0
-4962.0	65	0.0
-4961.0	67	0.0
-4960.0	47	0.0
-4959.0	49	0.0
-4958.0	42	0.0
-4957.0	50	0.0
-4956.0	57	0.0
-4955.0	46	0.0
-4954.0	63	0.0
-4953.0	59	0.0
-4952.0	61	0.0
-4951.0	45	0.0
-4950.0	55	0.0
-4949.0	52	0.0
-4948.0	57	0.0
-4947.0	53	0.0
-4946.0	58	0.0
-4945.0	48	0.0
-4944.0	53	0.0
-4943.0	56	0.0
-4942.0	59	0.0
-4941.0	65	0.0
-4940.0	50	0.0
-4939.0	64	0.0
-4938.0	55	0.0
-4937.0	55	0.0
-4936.0	55	0.0
-4935.0	43	0.0
-4934.0	51	0.0
-4933.0	72	0.0
-4932.0	63	0.0
-4931.0	67	0.0
-4930.0	52	0.0
-4929.0	59	0.0
-4928.0	63	0.0
-4927.0	53	0.0
-4926.0	57	0.0
-4925.0	59	0.0
-4924.0	57	0.0
-4923.0	51	0.0
-4922.0	46	0.0
-4921.0	68	0.0
-4920.0	64	0.0
-4919.0	62	0.0
-4918.0	75	0.0
-4917.0	50	0.0
-4916.0	60	0.0
-4915.0	52	0.0
-4914.0	40	0.0
-4913.0	59	0.0
-4912.0	54	0.0
-4911.0	55	0.0
-4910.0	59	0.0
-4909.0	51	0.0
-4908.0	46	0.0
-4907.0	67	0.0
-4906.0	52	0.0
-4905.0	51	0.0
-4904.0	40	0.0
-4903.0	52	0.0
-4902.0	46	0.0
-4901.0	58	0.0
-4900.0	69	0.0
-4899.0	54	0.0
-4898.0	69	0.0
-4897.0	65	0.0
-4896.0	64	0.0
-4895.0	45	0.0
-4894.0	60	0.0
-4893.0	71	0.0
-4892.0	53	0.0
-4891.0	67	0.0
-4890.0	51	0.0
-4889.0	39	0.0
-4888.0	44	0.0
-4887.0	54	0.0
-4886.0	43	0.0
-4885.0	62	0.0
-4884.0	68	0.0
-4883.0	48	0.0
-4882.0	42	0.0
-4881.0	48	0.0
-4880.0	71	0.0
-4879.0	58	0.0
-4878.0	63	0.0
-4877.0	62	0.0
-4876.0	58	0.0
-4875.0	61	0.0
-4874.0	49	0.0
-4873.0	60	0.0
-4872.0	71	0.0
-4871.0	62	0.0
-4870.0	54	0.0
-4869.0	62	0.0
-4868.0	53	0.0
-4867.0	48	0.0
-4866.0	55	0.0
-4865.0	55	0.0
-4864.0	59	0.0
-4863.0	56	0.0
-4862.0	41	0.0
-4861.0	55	0.0
-4860.0	70	0.0
-4859.0	55	0.0
-4858.0	51	0.0
-4857.0	51	0.0
-4856.0	44	0.0
-4855.0	53	0.0
-4854.0	49	0.0
-4853.0	74	0.0
-4852.0	51	0.0
-4851.0	70	0.0
-4850.0	56	0.0
-4849.0	68	0.0
-4848.0	50	0.0
-4847.0	50	0.0
-4846.0	63	0.0
-4845.0	62	0.0
-4844.0	64	0.0
-4843.0	59	0.0
-4842.0	57	0.0
-4841.0	52	0.0
-4840.0	52	0.0
-4839.0	56	0.0
-4838.0	51	0.0
-4837.0	61	0.0
-4836.0	68	0.0
-4835.0	57	0.0
-4834.0	51	0.0
-4833.0	63	0.0
-4832.0	66	0.0
-4831.0	61	0.0
-4830.0	58	0.0
-4829.0	67	0.0
-4828.0	66	0.0
-4827.0	54	0.0
-4826.0	45	0.0
-4825.0	61	0.0
-4824.0	50	0.0
-4823.0	54	0.0
-4822.0	53	0.0
-4821.0	57	0.0
-4820.0	66	0.0
-4819.0	58	0.0
-4818.0	59	0.0
-4817.0	62	0.0
-4816.0	50	0.0
-4815.0	51	0.0
-4814.0	56	0.0
-4813.0	69	0.0
-4812.0	61	0.0
-4811.0	64	0.0
-4810.0	46	0.0
-4809.0	57	0.0
-4808.0	56	0.0
-4807.0	71	0.0
-4806.0	41	0.0
-4805.0	71	0.0
-4804.0	55	0.0
-4803.0	65	0.0
-4802.0	60	0.0
-4801.0	63	0.0
-4800.0	55	0.0
-4799.0	59	0.0
-4798.0	45	0.0
-4797.0	55	0.0
-4796.0	55	0.0
-4795.0	66	0.0
-4794.0	70	0.0
-4793.0	55	0.0
-4792.0	47	0.0
-4791.0	53	0.0
-4790.0	57	0.0
-4789.0	47	0.0
-4788.0	79	0.0
-4787.0	59	0.0
-4786.0	69	0.0
-4785.0	58	0.0
-4784.0	69	0.0
-4783.0	58	0.0
-4782.0	54	0.0
-4781.0	58	0.0
-4780.0	72	0.0
-4779.0	53	0.0
-4778.0	44	0.0
-4777.0	58	0.0
-4776.0	56	0.0
-4775.0	48	0.0
-4774.0	53	0.0
-4773.0	55	0.0
-4772.0	65	0.0
-4771.0	62	0.0
-4770.0	57	0.0
-4769.0	60	0.0
-4768.0	72	0.0
-4767.0	66	0.0
-4766.0	56	0.0
-4765.0	75	0.0
-4764.0	55	0.0
-4763.0	59	0.0
-4762.0	55	0.0
-4761.0	68	0.0
-4760.0	58	0.0
-4759.0	62	0.0
-4758.0	65	0.0
-4757.0	58	0.0
-4756.0	48	0.0
-4755.0	60	0.0
-4754.0	53	0.0
-4753.0	48	0.0
-4752.0	63	0.0
-4751.0	61	0.0
-4750.0	50	0.0
-4749.0	59	0.0
-4748.0	55	0.0
-4747.0	60	0.0
-4746.0	64	0.0
-4745.0	60	0.0
-4744.0	60	0.0
-4743.0	63	0.0
-4742.0	72	0.0
-4741.0	70	0.0
-4740.0	59	0.0
-4739.0	57	0.0
-4738.0	63	0.0
-4737.0	68	0.0
-4736.0	69	0.0
-4735.0	53	0.0
-4734.0	69	0.0
-4733.0	57	0.0
-4732.0	58	0.0
-4731.0	45	0.0
-4730.0	42	0.0
-4729.0	74	0.0
-4728.0	65	0.0
-4727.0	52	0.0
-4726.0	50	0.0
-4725.0	62	0.0
-4724.0	47	0.0
-4723.0	55	0.0
-4722.0	57	0.0
-4721.0	56	0.0
-4720.0	50	0.0
-4719.0	54	0.0
-4718.0	66	0.0
-4717.0	65	0.0
-4716.0	52	0.0
-4715.0	55	0.0
-4714.0	51	0.0
-4713.0	65	0.0
-4712.0	59	0.0
-4711.0	62	0.0
-4710.0	62	0.0
-4709.0	56	0.0
-4708.0	69	0.0
-4707.0	55	0.0
-4706.0	55	0.0
-4705.0	52	0.0
-4704.0	56	0.0
-4703.0	65	0.0
-4702.0	68	0.0
-4701.0	67	0.0
-4700.0	58	0.0
-4699.0	41	0.0
-4698.0	54	0.0
-4697.0	60	0.0
-4696.0	69	0.0
-4695.0	71	0.0
-4694.0	46	0.0
-4693.0	60	0.0
-4692.0	56	0.0
-4691.0	62	0.0
-4690.0	51	0.0
-4689.0	63	0.0
-4688.0	54	0.0
-4687.0	59	0.0
-4686.0	54	0.0
-4685.0	46	0.0
-4684.0	55	0.0
-4683.0	53	0.0
-4682.0	60	0.0
-4681.0	59	0.0
-4680.0	57	0.0
-4679.0	56	0.0
-4678.0	57	0.0
-4677.0	57	0.0
-4676.0	73	0.0
-4675.0	65	0.0
-4674.0	54	0.0
-4673.0	59	0.0
-4672.0	52	0.0
-4671.0	61	0.0
-4670.0	58	0.0
-4669.0	55	0.0
-4668.0	70	0.0
-4667.0	57	0.0
-4666.0	52	0.0
-4665.0	60	0.0
-4664.0	47	0.0
-4663.0	48	0.0
-4662.0	51	0.0
-4661.0	52	0.0
-4660.0	58	0.0
-4659.0	50	0.0
-4658.0	56	0.0
-4657.0	62	0.0
-4656.0	55	0.0
-4655.0	77	0.0
-4654.0	59	0.0
-4653.0	48	0.0
-4652.0	64	0.0
-4651.0	48	0.0
-4650.0	65	0.0
-4649.0	60	0.0
-4648.0	65	0.0
-4647.0	47	0.0
-4646.0	70	0.0
-4645.0	61	0.0
-4644.0	49	0.0
-4643.0	70	0.0
-4642.0	58	0.0
-4641.0	68	0.0
-4640.0	67	0.0
-4639.0	64	0.0
-4638.0	68	0.0
-4637.0	55	0.0
-4636.0	60	0.0
-4635.0	60	0.0
-4634.0	55	0.0
-4633.0	60	0.0
-4632.0	61	0.0
-4631.0	57	0.0
-4630.0	61	0.0
-4629.0	56	0.0
-4628.0	53	0.0
-4627.0	55	0.0
-4626.0	60	0.0
-4625.0	48	0.0
-4624.0	61	0.0
-4623.0	59	0.0
-4622.0	53	0.0
-4621.0	56	0.0
-4620.0	57	0.0
-4619.0	53	0.0
-4618.0	74	0.0
-4617.0	58	0.0
-4616.0	62	0.0
-4615.0	63	0.0
-4614.0	52	0.0
-4613.0	65	0.0
-4612.0	60	0.0
-4611.0	61	0.0
-4610.0	47	0.0
-4609.0	51	0.0
-4608.0	67	0.0
-4607.0	80	0.0
-4606.0	65	0.0
-4605.0	61	0.0
-4604.0	59	0.0
-4603.0	47	0.0
-4602.0	68	0.0
-4601.0	53	0.0
-4600.0	60	0.0
-4599.0	60	0.0
-4598.0	59	0.0
-4597.0	57	0.0
-4596.0	59	0.0
-4595.0	57	0.0
-4594.0	69	0.0
-4593.0	54	0.0
-4592.0	53	0.0
-4591.0	70	0.0
-4590.0	54	0.0
-4589.0	69	0.0
-4588.0	63	0.0
-4587.0	50	0.0
-4586.0	60	0.0
-4585.0	59	0.0
-4584.0	75	0.0
-4583.0	52	0.0
-4582.0	58	0.0
-4581.0	62	0.0
-4580.0	57	0.0
-4579.0	59	0.0
-4578.0	60	0.0
-4577.0	68	0.0
-4576.0	54	0.0
-4575.0	54	0.0
-4574.0	56	0.0
-4573.0	67	0.0
-4572.0	65	0.0
-4571.0	52	0.0
-4570.0	69	0.0
-4569.0	55	0.0
-4568.0	56	0.0
-4567.0	66	0.0
-4566.0	43	0.0
-4565.0	57	0.0
-4564.0	40	0.0
-4563.0	55	0.0
-4562.0	54	0.0
-4561.0	47	0.0
-4560.0	61	0.0
-4559.0	68	0.0
-4558.0	57	0.0
-4557.0	46	0.0
-4556.0	68	0.0
-4555.0	53	0.0
-4554.0	59	0.0
-4553.0	75	0.0
-4552.0	60	0.0
-4551.0	56	0.0
-4550.0	65	0.0
-4549.0	54	0.0
-4548.0	60	0.0
-4547.0	59	0.0
-4546.0	66	0.0
-4545.0	61	0.0
-4544.0	65	0.0
-4543.0	52	0.0
-4542.0	50	0.0
-4541.0	55	0.0
-4540.0	56	0.0
-4539.0	39	0.0
-4538.0	55	0.0
-4537.0	48	0.0
-4536.0	62	0.0
-4535.0	63	0.0
-4534.0	68	0.0
-4533.0	59	0.0
-4532.0	67	0.0
-4531.0	71	0.0
-4530.0	41	0.0
-4529.0	47	0.0
-4528.0	53	0.0
-4527.0	59	0.0
-4526.0	55	0.0
-4525.0	52	0.0
-4524.0	63	0.0
-4523.0	52	0.0
-4522.0	61	0.0
-4521.0	55	0.0
-4520.0	52	0.0
-4519.0	67	0.0
-4518.0	46	0.0
-4517.0	61	0.0
-4516.0	41	0.0
-4515.0	61	0.0
-4514.0	52	0.0
-4513.0	51	0.0
-4512.0	51	0.0
-4511.0	49	0.0
-4510.0	68	0.0
-4509.0	48	0.0
-4508.0	46	0.0
-4507.0	54	0.0
-4506.0	56	0.0
-4505.0	58	0.0
-4504.0	74	0.0
-4503.0	63	0.0
-4502.0	58	0.0
-4501.0	59	0.0
-4500.0	47	0.0
-4499.0	49	0.0
-4498.0	57	0.0
-4497.0	56	0.0
-4496.0	59	0.0
-4495.0	56	0.0
-4494.0	59	0.0
-4493.0	61	0.0
-4492.0	60	0.0
-4491.0	53	0.0
-4490.0	51	0.0
-4489.0	45	0.0
-4488.0	54	0.0
-4487.0	69	0.0
-4486.0	59	0.0
-4485.0	54	0.0
-4484.0	75	0.0
-4483.0	62	0.0
-4482.0	45	0.0
-4481.0	55	0.0
-4480.0	53	0.0
-4479.0	52	0.0
-4478.0	65	0.0
-4477.0	49	0.0
-4476.0	53	0.0
-4475.0	55	0.0
-4474.0	51	0.0
-4473.0	64	0.0
-4472.0	54	0.0
-4471.0	59	0.0
-4470.0	58	0.0
-4469.0	61	0.0
-4468.0	62	0.0
-4467.0	48	0.0
-4466.0	67	0.0
-4465.0	52	0.0
-4464.0	47	0.0
-4463.0	70	0.0
-4462.0	57	0.0
-4461.0	77	0.0
-4460.0	58	0.0
-4459.0	48	0.0
-4458.0	48	0.0
-4457.0	63	0.0
-4456.0	76	0.0
-4455.0	52	0.0
-4454.0	48	0.0
-4453.0	46	0.0
-4452.0	67	0.0
-4451.0	46	0.0
-4450.0	63	0.0
-4449.0	62	0.0
-4448.0	51	0.0
-4447.0	62	0.0
-4446.0	54	0.0
-4445.0	65	0.0
-4444.0	61	0.0
-4443.0	57	0.0
-4442.0	60	0.0
-4441.0	53	0.0
-4440.0	54	0.0
-4439.0	53	0.0
-4438.0	53	0.0
-4437.0	62	0.0
-4436.0	53	0.0
-4435.0	60	0.0
-4434.0	58	0.0
-4433.0	72	0.0
-4432.0	68	0.0
-4431.0	59	0.0
-4430.0	58	0.0
-4429.0	52	0.0
-4428.0	60	0.0
-4427.0	63	0.0
-4426.0	58	0.0
-4425.0	61	0.0
-4424.0	77	0.0
-4423.0	68	0.0
-4422.0	62	0.0
-4421.0	64	0.0
-4420.0	56	0.0
-4419.0	53	0.0
-4418.0	50	0.0
-4417.0	66	0.0
-4416.0	52	0.0
-4415.0	56	0.0
-4414.0	58	0.0
-4413.0	59	0.0
-4412.0	71	0.0
-4411.0	62	0.0
-4410.0	53	0.0
-4409.0	74	0.0
-4408.0	61	0.0
-4407.0	54	0.0
-4406.0	49	0.0
-4405.0	73	0.0
-4404.0	53	0.0
-4403.0	70	0.0
-4402.0	67	0.0
-4401.0	54	0.0
-4400.0	56	0.0
-4399.0	56	0.0
-4398.0	49	0.0
-4397.0	46	0.0
-4396.0	58	0.0
-4395.0	57	0.0
-4394.0	64	0.0
-4393.0	59	0.0
-4392.0	68	0.0
-4391.0	43	0.0
-4390.0	58	0.0
-4389.0	67	0.0
-4388.0	52	0.0
-4387.0	60	0.0
-4386.0	54	0.0
-4385.0	49	0.0
-4384.0	54	0.0
-4383.0	53	0.0
-4382.0	60	0.0
-4381.0	63	0.0
-4380.0	49	0.0
-4379.0	53	0.0
-4378.0	72	0.0
-4377.0	68	0.0
-4376.0	62	0.0
-4375.0	49	0.0
-4374.0	60	0.0
-4373.0	69	0.0
-4372.0	66	0.0
-4371.0	53	0.0
-4370.0	60	0.0
-4369.0	83	0.0
-4368.0	67	0.0
-4367.0	63	0.0
-4366.0	63	0.0
-4365.0	65	0.0
-4364.0	55	0.0
-4363.0	72	0.0
-4362.0	65	0.0
-4361.0	60	0.0
-4360.0	62	0.0
-4359.0	67	0.0
-4358.0	54	0.0
-4357.0	57	0.0
-4356.0	67	0.0
-4355.0	53	0.0
-4354.0	38	0.0
-4353.0	61	0.0
-4352.0	60	0.0
-4351.0	62	0.0
-4350.0	62	0.0
-4349.0	63	0.0
-4348.0	63	0.0
-4347.0	51	0.0
-4346.0	53	0.0
-4345.0	52	0.0
-4344.0	59	0.0
-4343.0	51	0.0
-4342.0	57	0.0
-4341.0	59	0.0
-4340.0	59	0.0
-4339.0	66	0.0
-4338.0	61	0.0
-4337.0	49	0.0
-4336.0	57	0.0
-4335.0	56	0.0
-4334.0	64	0.0
-4333.0	56	0.0
-4332.0	57	0.0
-4331.0	65	0.0
-4330.0	51	0.0
-4329.0	57	0.0
-4328.0	55	0.0
-4327.0	58	0.0
-4326.0	49	0.0
-4325.0	56	0.0
-4324.0	61	0.0
-4323.0	53	0.0
-4322.0	82	0.0
-4321.0	54	0.0
-4320.0	64	0.0
-4319.0	56	0.0
-4318.0	54	0.0
-4317.0	57	0.0
-4316.0	55	0.0
-4315.0	46	0.0
-4314.0	59	0.0
-4313.0	50	0.0
-4312.0	81	0.0
-4311.0	55	0.0
-4310.0	61	0.0
-4309.0	57	0.0
-4308.0	63	0.0
-4307.0	70	0.0
-4306.0	67	0.0
-4305.0	66	0.0
-4304.0	56	0.0
-4303.0	51	0.0
-4302.0	48	0.0
-4301.0	56	0.0
-4300.0	61	0.0
-4299.0	49	0.0
-4298.0	53	0.0
-4297.0	52	0.0
-4296.0	47	0.0
-4295.0	50	0.0
-4294.0	65	0.0
-4293.0	42	0.0
-4292.0	66	0.0
-4291.0	64	0.0
-4290.0	56	0.0
-4289.0	52	0.0
-4288.0	58	0.0
-4287.0	62	0.0
-4286.0	55	0.0
-4285.0	48	0.0
-4284.0	56	0.0
-4283.0	53	0.0
-4282.0	64	0.0
-4281.0	45	0.0
-4280.0	68	0.0
-4279.0	58	0.0
-4278.0	69	0.0
-4277.0	46	0.0
-4276.0	65	0.0
-4275.0	68	0.0
-4274.0	56	0.0
-4273.0	58	0.0
-4272.0	58	0.0
-4271.0	59	0.0
-4270.0	47	0.0
-4269.0	52	0.0
-4268.0	70	0.0
-4267.0	57	0.0
-4266.0	61	0.0
-4265.0	59	0.0
-4264.0	44	0.0
-4263.0	64	0.0
-4262.0	42	0.0
-4261.0	67	0.0
-4260.0	48	0.0
-4259.0	72	0.0
-4258.0	64	0.0
-4257.0	65	0.0
-4256.0	49	0.0
-4255.0	59	0.0
-4254.0	66	0.0
-4253.0	54	0.0
-4252.0	57	0.0
-4251.0	45	0.0
-4250.0	62	0.0
-4249.0	57	0.0
-4248.0	66	0.0
-4247.0	57	0.0
-4246.0	69	0.0
-4245.0	54	0.0
-4244.0	65	0.0
-4243.0	76	0.0
-4242.0	50	0.0
-4241.0	58	0.0
-4240.0	57	0.0
-4239.0	61	0.0
-4238.0	45	0.0
-4237.0	66	0.0
-4236.0	57	0.0
-4235.0	57	0.0
-4234.0	58	0.0
-4233.0	68	0.0
-4232.0	66	0.0
-4231.0	69	0.0
-4230.0	69	0.0
-4229.0	50	0.0
-4228.0	52	0.0
-4227.0	51	0.0
-4226.0	63	0.0
-4225.0	72	0.0
-4224.0	68	0.0
-4223.0	50	0.0
-4222.0	58	0.0
-4221.0	55	0.0
-4220.0	55	0.0
-4219.0	58	0.0
-4218.0	62	0.0
-4217.0	59	0.0
-4216.0	62	0.0
-4215.0	54	0.0
-4214.0	49	0.0
-4213.0	56	0.0
-4212.0	57	0.0
-4211.0	59	0.0
-4210.0	58	0.0
-4209.0	56	0.0
-4208.0	65	0.0
-4207.0	56	0.0
-4206.0	52	0.0
-4205.0	51	0.0
-4204.0	61	0.0
-4203.0	53	0.0
-4202.0	62	0.0
-4201.0	55	0.0
-4200.0	69	0.0
-4199.0	56	0.0
-4198.0	52	0.0
-4197.0	48	0.0
-4196.0	54	0.0
-4195.0	44	0.0
-4194.0	53	0.0
-4193.0	55	0.0
-4192.0	58	0.0
-4191.0	69	0.0
-4190.0	51	0.0
-4189.0	72	0.0
-4188.0	56	0.0
-4187.0	53	0.0
-4186.0	59	0.0
-4185.0	59	0.0
-4184.0	64	0.0
-4183.0	47	0.0
-4182.0	64	0.0
-4181.0	67	0.0
-4180.0	64	0.0
-4179.0	56	0.0
-4178.0	56	0.0
-4177.0	52	0.0
-4176.0	66	0.0
-4175.0	52	0.0
-4174.0	47	0.0
-4173.0	60	0.0
-4172.0	52	0.0
-4171.0	64	0.0
-4170.0	59	0.0
-4169.0	54	0.0
-4168.0	62	0.0
-4167.0	74	0.0
-4166.0	56	0.0
-4165.0	59	0.0
-4164.0	61	0.0
-4163.0	59	0.0
-4162.0	63	0.0
-4161.0	60	0.0
-4160.0	57	0.0
-4159.0	49	0.0
-4158.0	54	0.0
-4157.0	59	0.0
-4156.0	67	0.0
-4155.0	65	0.0
-4154.0	51	0.0
-4153.0	68	0.0
-4152.0	43	0.0
-4151.0	62	0.0
-4150.0	68	0.0
-4149.0	64	0.0
-4148.0	58	0.0
-4147.0	58	0.0
-4146.0	55	0.0
-4145.0	56	0.0
-4144.0	69	0.0
-4143.0	66	0.0
-4142.0	54	0.0
-4141.0	64	0.0
-4140.0	56	0.0
-4139.0	63	0.0
-4138.0	66	0.0
-4137.0	45	0.0
-4136.0	62	0.0
-4135.0	60	0.0
-4134.0	60	0.0
-4133.0	53	0.0
-4132.0	63	0.0
-4131.0	72	0.0
-4130.0	52	0.0
-4129.0	65	0.0
-4128.0	58	0.0
-4127.0	66	0.0
-4126.0	47	0.0
-4125.0	63	0.0
-4124.0	57	0.0
-4123.0	58	0.0
-4122.0	47	0.0
-4121.0	58	0.0
-4120.0	54	0.0
-4119.0	43	0.0
-4118.0	54	0.0
-4117.0	59	0.0
-4116.0	64	0.0
-4115.0	54	0.0
-4114.0	58	0.0
-4113.0	66	0.0
-4112.0	52	0.0
-4111.0	57	0.0
-4110.0	53	0.0
-4109.0	56	0.0
-4108.0	42	0.0
-4107.0	57	0.0
-4106.0	49	0.0
-4105.0	51	0.0
-4104.0	62	0.0
-4103.0	73	0.0
-4102.0	65	0.0
-4101.0	59	0.0
-4100.0	61	0.0
-4099.0	55	0.0
-4098.0	58	0.0
-4097.0	65	0.0
-4096.0	67	0.0
-4095.0	56	0.0
-4094.0	49	0.0
-4093.0	60	0.0
-4092.0	69	0.0
-4091.0	65	0.0
-4090.0	49	0.0
-4089.0	60	0.0
-4088.0	80	0.0
-4087.0	54	0.0
-4086.0	53	0.0
-4085.0	58	0.0
-4084.0	53	0.0
-4083.0	68	0.0
-4082.0	60	0.0
-4081.0	56	0.0
-4080.0	62	0.0
-4079.0	61	0.0
-4078.0	55	0.0
-4077.0	77	0.0
-4076.0	54	0.0
-4075.0	62	0.0
-4074.0	56	0.0
-4073.0	52	0.0
-4072.0	58	0.0
-4071.0	58	0.0
-4070.0	48	0.0
-4069.0	64	0.0
-4068.0	56	0.0
-4067.0	50	0.0
-4066.0	53	0.0
-4065.0	62	0.0
-4064.0	65	0.0
-4063.0	62	0.0
-4062.0	58	0.0
-4061.0	55	0.0
-4060.0	54	0.0
-4059.0	47	0.0
-4058.0	68	0.0
-4057.0	57	0.0
-4056.0	52	0.0
-4055.0	55	0.0
-4054.0	57	0.0
-4053.0	64	0.0
-4052.0	56	0.0
-4051.0	41	0.0
-4050.0	56	0.0
-4049.0	61	0.0
-4048.0	61	0.0
-4047.0	59	0.0
-4046.0	49	0.0
-4045.0	67	0.0
-4044.0	62	0.0
-4043.0	58	0.0
-4042.0	50	0.0
-4041.0	46	0.0
-4040.0	51	0.0
-4039.0	49	0.0
-4038.0	73	0.0
-4037.0	60	0.0
-4036.0	54	0.0
-4035.0	63	0.0
-4034.0	60	0.0
-4033.0	57	0.0
-4032.0	54	0.0
-4031.0	62	0.0
-4030.0	52	0.0
-4029.0	54	0.0
-4028.0	62	0.0
-4027.0	59	0.0
-4026.0	60	0.0
-4025.0	50	0.0
-4024.0	68	0.0
-4023.0	59	0.0
-4022.0	56	0.0
-4021.0	45	0.0
-4020.0	65	0.0
-4019.0	49	0.0
-4018.0	54	0.0
-4017.0	60	0.0
-4016.0	70	0.0
-4015.0	48	0.0
-4014.0	64	0.0
-4013.0	65	0.0
-4012.0	54	0.0
-4011.0	51	0.0
-4010.0	55	0.0
-4009.0	79	0.0
-4008.0	68	0.0
-4007.0	70	0.0
-4006.0	45	0.0
-4005.0	70	0.0
-4004.0	61	0.0
-4003.0	57	0.0
-4002.0	55	0.0
-4001.0	60	0.0
-4000.0	45	0.0
-3999.0	54	0.0
-3998.0	58	0.0
-3997.0	55	0.0
-3996.0	42	0.0
-3995.0	47	0.0
-3994.0	69	0.0
-3993.0	63	0.0
-3992.0	53	0.0
-3991.0	68	0.0
-3990.0	59	0.0
-3989.0	51	0.0
-3988.0	54	0.0
-3987.0	67	0.0
-3986.0	46	0.0
-3985.0	58	0.0
-3984.0	62	0.0
-3983.0	66	0.0
-3982.0	50	0.0
-3981.0	68	0.0
-3980.0	61	0.0
-3979.0	51	0.0
-3978.0	58	0.0
-3977.0	57	0.0
-3976.0	46	0.0
-3975.0	62	0.0
-3974.0	67	0.0
-3973.0	68	0.0
-3972.0	59	0.0
-3971.0	58	0.0
-3970.0	58	0.0
-3969.0	57	0.0
-3968.0	57	0.0
-3967.0	67	0.0
-3966.0	55	0.0
-3965.0	52	0.0
-3964.0	59	0.0
-3963.0	56	0.0
-3962.0	63	0.0
-3961.0	51	0.0
-3960.0	56	0.0
-3959.0	66	0.0
-3958.0	49	0.0
-3957.0	46	0.0
-3956.0	52	0.0
-3955.0	53	0.0
-3954.0	57	0.0
-3953.0	55	0.0
-3952.0	61	0.0
-3951.0	65	0.0
-3950.0	58	0.0
-3949.0	60	0.0
-3948.0	59	0.0
-3947.0	66	0.0
-3946.0	57	0.0
-3945.0	50	0.0
-3944.0	66	0.0
-3943.0	78	0.0
-3942.0	66	0.0
-3941.0	52	0.0
-3940.0	44	0.0
-3939.0	65	0.0
-3938.0	68	0.0
-3937.0	60	0.0
-3936.0	58	0.0
-3935.0	60	0.0
-3934.0	53	0.0
-3933.0	59	0.0
-3932.0	72	0.0
-3931.0	52	0.0
-3930.0	49	0.0
-3929.0	65	0.0
-3928.0	50	0.0
-3927.0	52	0.0
-3926.0	62	0.0
-3925.0	61	0.0
-3924.0	54	0.0
-3923.0	61	0.0
-3922.0	52	0.0
-3921.0	63	0.0
-3920.0	71	0.0
-3919.0	51	0.0
-3918.0	57	0.0
-3917.0	65	0.0
-3916.0	65	0.0
-3915.0	57	0.0
-3914.0	60	0.0
-3913.0	62	0.0
-3912.0	45	0.0
-3911.0	51	0.0
-3910.0	64	0.0
-3909.0	55	0.0
-3908.0	61	0.0
-3907.0	63	0.0
-3906.0	61	0.0
-3905.0	58	0.0
-3904.0	66	0.0
-3903.0	53	0.0
-3902.0	58	0.0
-3901.0	58	0.0
-3900.0	54	0.0
-3899.0	55	0.0
-3898.0	61	0.0
-3897.0	54	0.0
-3896.0	66	0.0
-3895.0	53	0.0
-3894.0	60	0.0
-3893.0	57	0.0
-3892.0	56	0.0
-3891.0	42	0.0
-3890.0	64	0.0
-3889.0	52	0.0
-3888.0	68	0.0
-3887.0	42	0.0
-3886.0	59	0.0
-3885.0	80	0.0
-3884.0	55	0.0
-3883.0	61	0.0
-3882.0	61	0.0
-3881.0	67	0.0
-3880.0	52	0.0
-3879.0	62	0.0
-3878.0	66	0.0
-3877.0	65	0.0
-3876.0	58	0.0
-3875.0	61	0.0
-3874.0	64	0.0
-3873.0	63	0.0
-3872.0	49	0.0
-3871.0	70	0.0
-3870.0	55	0.0
-3869.0	44	0.0
-3868.0	60	0.0
-3867.0	60	0.0
-3866.0	55	0.0
-3865.0	52	0.0
-3864.0	57	0.0
-3863.0	53	0.0
-3862.0	68	0.0
-3861.0	61	0.0
-3860.0	69	0.0
-3859.0	55	0.0
-3858.0	53	0.0
-3857.0	64	0.0
-3856.0	58	0.0
-3855.0	53	0.0
-3854.0	51	0.0
-3853.0	49	0.0
-3852.0	45	0.0
-3851.0	60	0.0
-3850.0	54	0.0
-3849.0	68	0.0
-3848.0	64	0.0
-3847.0	53	0.0
-3846.0	50	0.0
-3845.0	62	0.0
-3844.0	67	0.0
-3843.0	60	0.0
-3842.0	51	0.0
-3841.0	62	0.0
-3840.0	65	0.0
-3839.0	63	0.0
-3838.0	62	0.0
-3837.0	60	0.0
-3836.0	69	0.0
-3835.0	49	0.0
-3834.0	61	0.0
-3833.0	52	0.0
-3832.0	69	0.0
-3831.0	47	0.0
-3830.0	55	0.0
-3829.0	49	0.0
-3828.0	58	0.0
-3827.0	65	0.0
-3826.0	75	0.0
-3825.0	60	0.0
-3824.0	68	0.0
-3823.0	50	0.0
-3822.0	52	0.0
-3821.0	49	0.0
-3820.0	55	0.0
-3819.0	53	0.0
-3818.0	49	0.0
-3817.0	50	0.0
-3816.0	55	0.0
-3815.0	54	0.0
-3814.0	68	0.0
-3813.0	57	0.0
-3812.0	54	0.0
-3811.0	55	0.0
-3810.0	64	0.0
-3809.0	56	0.0
-3808.0	50	0.0
-3807.0	55	0.0
-3806.0	72	0.0
-3805.0	58	0.0
-3804.0	51	0.0
-3803.0	62	0.0
-3802.0	67	0.0
-3801.0	63	0.0
-3800.0	71	0.0
-3799.0	70	0.0
-3798.0	57	0.0
-3797.0	68	0.0
-3796.0	60	0.0
-3795.0	51	0.0
-3794.0	54	0.0
-3793.0	53	0.0
-3792.0	54	0.0
-3791.0	50	0.0
-3790.0	57	0.0
-3789.0	55	0.0
-3788.0	48	0.0
-3787.0	62	0.0
-3786.0	56	0.0
-3785.0	58	0.0
-3784.0	45	0.0
-3783.0	59	0.0
-3782.0	56	0.0
-3781.0	69	0.0
-3780.0	53	0.0
-3779.0	43	0.0
-3778.0	67	0.0
-3777.0	50	0.0
-3776.0	51	0.0
-3775.0	61	0.0
-3774.0	60	0.0
-3773.0	66	0.0
-3772.0	52	0.0
-3771.0	50	0.0
-3770.0	62	0.0
-3769.0	67	0.0
-3768.0	59	0.0
-3767.0	48	0.0
-3766.0	50	0.0
-3765.0	53	0.0
-3764.0	54	0.0
-3763.0	56	0.0
-3762.0	50	0.0
-3761.0	62	0.0
-3760.0	68	0.0
-3759.0	57	0.0
-3758.0	60	0.0
-3757.0	54	0.0
-3756.0	44	0.0
-3755.0	61	0.0
-3754.0	73	0.0
-3753.0	53	0.0
-3752.0	58	0.0
-3751.0	67	0.0
-3750.0	55	0.0
-3749.0	57	0.0
-3748.0	67	0.0
-3747.0	63	0.0
-3746.0	58	0.0
-3745.0	62	0.0
-3744.0	49	0.0
-3743.0	63	0.0
-3742.0	64	0.0
-3741.0	41	0.0
-3740.0	64	0.0
-3739.0	64	0.0
-3738.0	52	0.0
-3737.0	61	0.0
-3736.0	63	0.0
-3735.0	57	0.0
-3734.0	60	0.0
-3733.0	57	0.0
-3732.0	56	0.0
-3731.0	62	0.0
-3730.0	59	0.0
-3729.0	78	0.0
-3728.0	51	0.0
-3727.0	74	0.0
-3726.0	63	0.0
-3725.0	59	0.0
-3724.0	66	0.0
-3723.0	55	0.0
-3722.0	48	0.0
-3721.0	67	0.0
-3720.0	57	0.0
-3719.0	57	0.0
-3718.0	61	0.0
-3717.0	59	0.0
-3716.0	53	0.0
-3715.0	49	0.0
-3714.0	59	0.0
-3713.0	54	0.0
-3712.0	58	0.0
-3711.0	57	0.0
-3710.0	68	0.0
-3709.0	58	0.0
-3708.0	61	0.0
-3707.0	65	0.0
-3706.0	48	0.0
-3705.0	55	0.0
-3704.0	54	0.0
-3703.0	67	0.0
-3702.0	56	0.0
-3701.0	63	0.0
-3700.0	68	0.0
-3699.0	54	0.0
-3698.0	58	0.0
-3697.0	51	0.0
-3696.0	77	0.0
-3695.0	51	0.0
-3694.0	40	0.0
-3693.0	64	0.0
-3692.0	54	0.0
-3691.0	70	0.0
-3690.0	53	0.0
-3689.0	59	0.0
-3688.0	72	0.0
-3687.0	61	0.0
-3686.0	47	0.0
-3685.0	61	0.0
-3684.0	55	0.0
-3683.0	60	0.0
-3682.0	57	0.0
-3681.0	50	0.0
-3680.0	52	0.0
-3679.0	59	0.0
-3678.0	69	0.0
-3677.0	62	0.0
-3676.0	61	0.0
-3675.0	66	0.0
-3674.0	52	0.0
-3673.0	66	0.0
-3672.0	62	0.0
-3671.0	42	0.0
-3670.0	50	0.0
-3669.0	60	0.0
-3668.0	49	0.0
-3667.0	61	0.0
-3666.0	61	0.0
-3665.0	62	0.0
-3664.0	58	0.0
-3663.0	58	0.0
-3662.0	58	0.0
-3661.0	63	0.0
-3660.0	69	0.0
-3659.0	68	0.0
-3658.0	51	0.0
-3657.0	52	0.0
-3656.0	56	0.0
-3655.0	50	0.0
-3654.0	62	0.0
-3653.0	41	0.0
-3652.0	66	0.0
-3651.0	44	0.0
-3650.0	61	0.0
-3649.0	60	0.0
-3648.0	55	0.0
-3647.0	75	0.0
-3646.0	54	0.0
-3645.0	67	0.0
-3644.0	74	0.0
-3643.0	58	0.0
-3642.0	61	0.0
-3641.0	50	0.0
-3640.0	58	0.0
-3639.0	60	0.0
-3638.0	59	0.0
-3637.0	49	0.0
-3636.0	59	0.0
-3635.0	57	0.0
-3634.0	54	0.0
-3633.0	45	0.0
-3632.0	62	0.0
-3631.0	56	0.0
-3630.0	63	0.0
-3629.0	61	0.0
-3628.0	73	0.0
-3627.0	42	0.0
-3626.0	64	0.0
-3625.0	66	0.0
-3624.0	61	0.0
-3623.0	67	0.0
-3622.0	60	0.0
-3621.0	56	0.0
-3620.0	67	0.0
-3619.0	46	0.0
-3618.0	64	0.0
-3617.0	71	0.0
-3616.0	55	0.0
-3615.0	52	0.0
-3614.0	54	0.0
-3613.0	45	0.0
-3612.0	57	0.0
-3611.0	59	0.0
-3610.0	58	0.0
-3609.0	56	0.0
-3608.0	38	0.0
-3607.0	58	0.0
-3606.0	55	0.0
-3605.0	61	0.0
-3604.0	51	0.0
-3603.0	60	0.0
-3602.0	68	0.0
-3601.0	68	0.0
-3600.0	50	0.0
-3599.0	71	0.0
-3598.0	53	0.0
-3597.0	61	0.0
-3596.0	55	0.0
-3595.0	62	0.0
-3594.0	54	0.0
-3593.0	56	0.0
-3592.0	70	0.0
-3591.0	65	0.0
-3590.0	67	0.0
-3589.0	65	0.0
-3588.0	53	0.0
-3587.0	62	0.0
-3586.0	49	0.0
-3585.0	69	0.0
-3584.0	57	0.0
-3583.0	63	0.0
-3582.0	52	0.0
-3581.0	42	0.0
-3580.0	63	0.0
-3579.0	52	0.0
-3578.0	54	0.0
-3577.0	58	0.0
-3576.0	61	0.0
-3575.0	65	0.0
-3574.0	53	0.0
-3573.0	67	0.0
-3572.0	72	0.0
-3571.0	70	0.0
-3570.0	54	0.0
-3569.0	56	0.0
-3568.0	69	0.0
-3567.0	58	0.0
-3566.0	55	0.0
-3565.0	62	0.0
-3564.0	62	0.0
-3563.0	59	0.0
-3562.0	63	0.0
-3561.0	57	0.0
-3560.0	68	0.0
-3559.0	59	0.0
-3558.0	56	0.0
-3557.0	58	0.0
-3556.0	64	0.0
-3555.0	62	0.0
-3554.0	62	0.0
-3553.0	65	0.0
-3552.0	48	0.0
-3551.0	56	0.0
-3550.0	57	0.0
-3549.0	68	0.0
-3548.0	50	0.0
-3547.0	48	0.0
-3546.0	54	0.0
-3545.0	52	0.0
-3544.0	55	0.0
-3543.0	70	0.0
-3542.0	58	0.0
-3541.0	53	0.0
-3540.0	55	0.0
-3539.0	48	0.0
-3538.0	69	0.0
-3537.0	51	0.0
-3536.0	74	0.0
-3535.0	56	0.0
-3534.0	88	0.0
-3533.0	81	0.0
-3532.0	59	0.0
-3531.0	60	0.0
-3530.0	54	0.0
-3529.0	53	0.0
-3528.0	53	0.0
-3527.0	74	0.0
-3526.0	61	0.0
-3525.0	48	0.0
-3524.0	52	0.0
-3523.0	49	0.0
-3522.0	56	0.0
-3521.0	63	0.0
-3520.0	50	0.0
-3519.0	59	0.0
-3518.0	56	0.0
-3517.0	47	0.0
-3516.0	63	0.0
-3515.0	64	0.0
-3514.0	59	0.0
-3513.0	57	0.0
-3512.0	58	0.0
-3511.0	65	0.0
-3510.0	54	0.0
-3509.0	52	0.0
-3508.0	48	0.0
-3507.0	67	0.0
-3506.0	43	0.0
-3505.0	59	0.0
-3504.0	56	0.0
-3503.0	54	0.0
-3502.0	55	0.0
-3501.0	72	0.0
-3500.0	51	0.0
-3499.0	51	0.0
-3498.0	66	0.0
-3497.0	52	0.0
-3496.0	62	0.0
-3495.0	58	0.0
-3494.0	62	0.0
-3493.0	54	0.0
-3492.0	60	0.0
-3491.0	60	0.0
-3490.0	62	0.0
-3489.0	70	0.0
-3488.0	58	0.0
-3487.0	58	0.0
-3486.0	53	0.0
-3485.0	61	0.0
-3484.0	50	0.0
-3483.0	62	0.0
-3482.0	57	0.0
-3481.0	50	0.0
-3480.0	65	0.0
-3479.0	67	0.0
-3478.0	46	0.0
-3477.0	55	0.0
-3476.0	59	0.0
-3475.0	51	0.0
-3474.0	45	0.0
-3473.0	64	0.0
-3472.0	52	0.0
-3471.0	67	0.0
-3470.0	37	0.0
-3469.0	64	0.0
-3468.0	55	0.0
-3467.0	60	0.0
-3466.0	51	0.0
-3465.0	56	0.0
-3464.0	60	0.0
-3463.0	62	0.0
-3462.0	49	0.0
-3461.0	62	0.0
-3460.0	56	0.0
-3459.0	55	0.0
-3458.0	62	0.0
-3457.0	56	0.0
-3456.0	69	0.0
-3455.0	46	0.0
-3454.0	48	0.0
-3453.0	53	0.0
-3452.0	58	0.0
-3451.0	60	0.0
-3450.0	54	0.0
-3449.0	55	0.0
-3448.0	53	0.0
-3447.0	70	0.0
-3446.0	59	0.0
-3445.0	62	0.0
-3444.0	48	0.0
-3443.0	60	0.0
-3442.0	51	0.0
-3441.0	54	0.0
-3440.0	60	0.0
-3439.0	66	0.0
-3438.0	48	0.0
-3437.0	58	0.0
-3436.0	60	0.0
-3435.0	55	0.0
-3434.0	61	0.0
-3433.0	61	0.0
-3432.0	50	0.0
-3431.0	55	0.0
-3430.0	61	0.0
-3429.0	66	0.0
-3428.0	51	0.0
-3427.0	51	0.0
-3426.0	58	0.0
-3425.0	66	0.0
-3424.0	60	0.0
-3423.0	61	0.0
-3422.0	70	0.0
-3421.0	64	0.0
-3420.0	59	0.0
-3419.0	62	0.0
-3418.0	50	0.0
-3417.0	56	0.0
-3416.0	55	0.0
-3415.0	52	0.0
-3414.0	63	0.0
-3413.0	56	0.0
-3412.0	50	0.0
-3411.0	58	0.0
-3410.0	69	0.0
-3409.0	57	0.0
-3408.0	62	0.0
-3407.0	53	0.0
-3406.0	37	0.0
-3405.0	58	0.0
-3404.0	52	0.0
-3403.0	60	0.0
-3402.0	57	0.0
-3401.0	61	0.0
-3400.0	52	0.0
-3399.0	62	0.0
-3398.0	60	0.0
-3397.0	58	0.0
-3396.0	66	0.0
-3395.0	68	0.0
-3394.0	62	0.0
-3393.0	65	0.0
-3392.0	71	0.0
-3391.0	59	0.0
-3390.0	48	0.0
-3389.0	52	0.0
-3388.0	64	0.0
-3387.0	58	0.0
-3386.0	53	0.0
-3385.0	47	0.0
-3384.0	46	0.0
-3383.0	66	0.0
-3382.0	71	0.0
-3381.0	54	0.0
-3380.0	66	0.0
-3379.0	54	0.0
-3378.0	61	0.0
-3377.0	46	0.0
-3376.0	64	0.0
-3375.0	53	0.0
-3374.0	53	0.0
-3373.0	59	0.0
-3372.0	55	0.0
-3371.0	65	0.0
-3370.0	58	0.0
-3369.0	55	0.0
-3368.0	60	0.0
-3367.0	43	0.0
-3366.0	44	0.0
-3365.0	71	0.0
-3364.0	48	0.0
-3363.0	49	0.0
-3362.0	63	0.0
-3361.0	58	0.0
-3360.0	56	0.0
-3359.0	56	0.0
-3358.0	45	0.0
-3357.0	65	0.0
-3356.0	68	0.0
-3355.0	64	0.0
-3354.0	66	0.0
-3353.0	47	0.0
-3352.0	57	0.0
-3351.0	62	0.0
-3350.0	40	0.0
-3349.0	68	0.0
-3348.0	47	0.0
-3347.0	59	0.0
-3346.0	66	0.0
-3345.0	64	0.0
-3344.0	64	0.0
-3343.0	63	0.0
-3342.0	58	0.0
-3341.0	65	0.0
-3340.0	57	0.0
-3339.0	59	0.0
-3338.0	57	0.0
-3337.0	54	0.0
-3336.0	53	0.0
-3335.0	55	0.0
-3334.0	64	0.0
-3333.0	69	0.0
-3332.0	57	0.0
-3331.0	51	0.0
-3330.0	66	0.0
-3329.0	69	0.0
-3328.0	57	0.0
-3327.0	67	0.0
-3326.0	65	0.0
-3325.0	60	0.0
-3324.0	70	0.0
-3323.0	67	0.0
-3322.0	59	0.0
-3321.0	63	0.0
-3320.0	54	0.0
-3319.0	59	0.0
-3318.0	53	0.0
-3317.0	56	0.0
-3316.0	55	0.0
-3315.0	68	0.0
-3314.0	50	0.0
-3313.0	54	0.0
-3312.0	61	0.0
-3311.0	49	0.0
-3310.0	63	0.0
-3309.0	60	0.0
-3308.0	65	0.0
-3307.0	63	0.0
-3306.0	68	0.0
-3305.0	60	0.0
-3304.0	47	0.0
-3303.0	58	0.0
-3302.0	51	0.0
-3301.0	56	0.0
-3300.0	51	0.0
-3299.0	62	0.0
-3298.0	48	0.0
-3297.0	60	0.0
-3296.0	71	0.0
-3295.0	63	0.0
-3294.0	72	0.0
-3293.0	55	0.0
-3292.0	52	0.0
-3291.0	59	0.0
-3290.0	55	0.0
-3289.0	65	0.0
-3288.0	69	0.0
-3287.0	55	0.0
-3286.0	72	0.0
-3285.0	55	0.0
-3284.0	67	0.0
-3283.0	61	0.0
-3282.0	53	0.0
-3281.0	51	0.0
-3280.0	53	0.0
-3279.0	53	0.0
-3278.0	50	0.0
-3277.0	73	0.0
-3276.0	55	0.0
-3275.0	55	0.0
-3274.0	59	0.0
-3273.0	49	0.0
-3272.0	63	0.0
-3271.0	55	0.0
-3270.0	79	0.0
-3269.0	54	0.0
-3268.0	58	0.0
-3267.0	47	0.0
-3266.0	63	0.0
-3265.0	50	0.0
-3264.0	50	0.0
-3263.0	56	0.0
-3262.0	69	0.0
-3261.0	54	0.0
-3260.0	62	0.0
-3259.0	73	0.0
-3258.0	62	0.0
-3257.0	54	0.0
-3256.0	51	0.0
-3255.0	61	0.0
-3254.0	58	0.0
-3253.0	56	0.0
-3252.0	62	0.0
-3251.0	55	0.0
-3250.0	68	0.0
-3249.0	52	0.0
-3248.0	65	0.0
-3247.0	61	0.0
-3246.0	64	0.0
-3245.0	48	0.0
-3244.0	53	0.0
-3243.0	64	0.0
-3242.0	67	0.0
-3241.0	69	0.0
-3240.0	58	0.0
-3239.0	48	0.0
-3238.0	58	0.0
-3237.0	65	0.0
-3236.0	56	0.0
-3235.0	66	0.0
-3234.0	57	0.0
-3233.0	54	0.0
-3232.0	60	0.0
-3231.0	61	0.0
-3230.0	50	0.0
-3229.0	47	0.0
-3228.0	50	0.0
-3227.0	50	0.0
-3226.0	65	0.0
-3225.0	54	0.0
-3224.0	53	0.0
-3223.0	61	0.0
-3222.0	49	0.0
-3221.0	55	0.0
-3220.0	43	0.0
-3219.0	51	0.0
-3218.0	59	0.0
-3217.0	69	0.0
-3216.0	51	0.0
-3215.0	60	0.0
-3214.0	63	0.0
-3213.0	56	0.0
-3212.0	61	0.0
-3211.0	49	0.0
-3210.0	61	0.0
-3209.0	59	0.0
-3208.0	58	0.0
-3207.0	74	0.0
-3206.0	60	0.0
-3205.0	51	0.0
-3204.0	57	0.0
-3203.0	53	0.0
-3202.0	57	0.0
-3201.0	61	0.0
-3200.0	50	0.0
-3199.0	50	0.0
-3198.0	56	0.0
-3197.0	58	0.0
-3196.0	65	0.0
-3195.0	59	0.0
-3194.0	51	0.0
-3193.0	56	0.0
-3192.0	56	0.0
-3191.0	52	0.0
-3190.0	56	0.0
-3189.0	53	0.0
-3188.0	55	0.0
-3187.0	55	0.0
-3186.0	65	0.0
-3185.0	58	0.0
-3184.0	55	0.0
-3183.0	53	0.0
-3182.0	56	0.0
-3181.0	55	0.0
-3180.0	55	0.0
-3179.0	51	0.0
-3178.0	72	0.0
-3177.0	49	0.0
-3176.0	47	0.0
-3175.0	55	0.0
-3174.0	46	0.0
-3173.0	66	0.0
-3172.0	64	0.0
-3171.0	61	0.0
-3170.0	60	0.0
-3169.0	55	0.0
-3168.0	81	0.0
-3167.0	52	0.0
-3166.0	44	0.0
-3165.0	77	0.0
-3164.0	68	0.0
-3163.0	58	0.0
-3162.0	72	0.0
-3161.0	58	0.0
-3160.0	55	0.0
-3159.0	71	0.0
-3158.0	57	0.0
-3157.0	53	0.0
-3156.0	57	0.0
-3155.0	48	0.0
-3154.0	47	0.0
-3153.0	62	0.0
-3152.0	48	0.0
-3151.0	69	0.0
-3150.0	62	0.0
-3149.0	60	0.0
-3148.0	58	0.0
-3147.0	59	0.0
-3146.0	71	0.0
-3145.0	52	0.0
-3144.0	62	0.0
-3143.0	68	0.0
-3142.0	60	0.0
-3141.0	73	0.0
-3140.0	62	0.0
-3139.0	51	0.0
-3138.0	55	0.0
-3137.0	50	0.0
-3136.0	63	0.0
-3135.0	67	0.0
-3134.0	49	0.0
-3133.0	70	0.0
-3132.0	61	0.0
-3131.0	58	0.0
-3130.0	60	0.0
-3129.0	61	0.0
-3128.0	50	0.0
-3127.0	65	0.0
-3126.0	60	0.0
-3125.0	58	0.0
-3124.0	65	0.0
-3123.0	65	0.0
-3122.0	64	0.0
-3121.0	49	0.0
-3120.0	56	0.0
-3119.0	62	0.0
-3118.0	48	0.0
-3117.0	61	0.0
-3116.0	55	0.0
-3115.0	66	0.0
-3114.0	58	0.0
-3113.0	69	0.0
-3112.0	77	0.0
-3111.0	57	0.0
-3110.0	54	0.0
-3109.0	56	0.0
-3108.0	65	0.0
-3107.0	52	0.0
-3106.0	72	0.0
-3105.0	65	0.0
-3104.0	67	0.0
-3103.0	58	0.0
-3102.0	52	0.0
-3101.0	49	0.0
-3100.0	62	0.0
-3099.0	60	0.0
-3098.0	48	0.0
-3097.0	59	0.0
-3096.0	49	0.0
-3095.0	63	0.0
-3094.0	55	0.0
-3093.0	57	0.0
-3092.0	56	0.0
-3091.0	57	0.0
-3090.0	62	0.0
-3089.0	46	0.0
-3088.0	45	0.0
-3087.0	47	0.0
-3086.0	73	0.0
-3085.0	52	0.0
-3084.0	50	0.0
-3083.0	46	0.0
-3082.0	60	0.0
-3081.0	44	0.0
-3080.0	54	0.0
-3079.0	67	0.0
-3078.0	50	0.0
-3077.0	62	0.0
-3076.0	52	0.0
-3075.0	67	0.0
-3074.0	59	0.0
-3073.0	50	0.0
-3072.0	42	0.0
-3071.0	47	0.0
-3070.0	49	0.0
-3069.0	62	0.0
-3068.0	59	0.0
-3067.0	58	0.0
-3066.0	55	0.0
-3065.0	53	0.0
-3064.0	68	0.0
-3063.0	69	0.0
-3062.0	60	0.0
-3061.0	53	0.0
-3060.0	62	0.0
-3059.0	47	0.0
-3058.0	58	0.0
-3057.0	56	0.0
-3056.0	62	0.0
-3055.0	63	0.0
-3054.0	51	0.0
-3053.0	50	0.0
-3052.0	45	0.0
-3051.0	54	0.0
-3050.0	57	0.0
-3049.0	60	0.0
-3048.0	53	0.0
-3047.0	57	0.0
-3046.0	70	0.0
-3045.0	50	0.0
-3044.0	58	0.0
-3043.0	68	0.0
-3042.0	54	0.0
-3041.0	68	0.0
-3040.0	58	0.0
-3039.0	55	0.0
-3038.0	41	0.0
-3037.0	62	0.0
-3036.0	64	0.0
-3035.0	56	0.0
-3034.0	68	0.0
-3033.0	45	0.0
-3032.0	53	0.0
-3031.0	55	0.0
-3030.0	59	0.0
-3029.0	60	0.0
-3028.0	53	0.0
-3027.0	51	0.0
-3026.0	43	0.0
-3025.0	61	0.0
-3024.0	66	0.0
-3023.0	59	0.0
-3022.0	53	0.0
-3021.0	65	0.0
-3020.0	67	0.0
-3019.0	59	0.0
-3018.0	50	0.0
-3017.0	59	0.0
-3016.0	71	0.0
-3015.0	56	0.0
-3014.0	47	0.0
-3013.0	59	0.0
-3012.0	58	0.0
-3011.0	57	0.0
-3010.0	62	0.0
-3009.0	51	0.0
-3008.0	59	0.0
-3007.0	68	0.0
-3006.0	58	0.0
-3005.0	50	0.0
-3004.0	54	0.0
-3003.0	56	0.0
-3002.0	58	0.0
-3001.0	51	0.0
-3000.0	48	0.0
-2999.0	60	0.0
-2998.0	53	0.0
-2997.0	60	0.0
-2996.0	78	0.0
-2995.0	65	0.0
-2994.0	47	0.0
-2993.0	58	0.0
-2992.0	53	0.0
-2991.0	47	0.0
-2990.0	63	0.0
-2989.0	60	0.0
-2988.0	51	0.0
-2987.0	64	0.0
-2986.0	56	0.0
-2985.0	47	0.0
-2984.0	40	0.0
-2983.0	58	0.0
-2982.0	58	0.0
-2981.0	59	0.0
-2980.0	53	0.0
-2979.0	48	0.0
-2978.0	60	0.0
-2977.0	51	0.0
-2976.0	72	0.0
-2975.0	53	0.0
-2974.0	60	0.0
-2973.0	48	0.0
-2972.0	65	0.0
-2971.0	77	0.0
-2970.0	55	0.0
-2969.0	72	0.0
-2968.0	53	0.0
-2967.0	50	0.0
-2966.0	61	0.0
-2965.0	72	0.0
-2964.0	58	0.0
-2963.0	59	0.0
-2962.0	54	0.0
-2961.0	61	0.0
-2960.0	51	0.0
-2959.0	65	0.0
-2958.0	67	0.0
-2957.0	64	0.0
-2956.0	57	0.0
-2955.0	61	0.0
-2954.0	56	0.0
-2953.0	59	0.0
-2952.0	48	0.0
-2951.0	59	0.0
-2950.0	68	0.0
-2949.0	47	0.0
-2948.0	53	0.0
-2947.0	63	0.0
-2946.0	56	0.0
-2945.0	57	0.0
-2944.0	56	0.0
-2943.0	64	0.0
-2942.0	46	0.0
-2941.0	68	0.0
-2940.0	49	0.0
-2939.0	65	0.0
-2938.0	58	0.0
-2937.0	66	0.0
-2936.0	60	0.0
-2935.0	55	0.0
-2934.0	53	0.0
-2933.0	68	0.0
-2932.0	53	0.0
-2931.0	70	0.0
-2930.0	58	0.0
-2929.0	55	0.0
-2928.0	64	0.0
-2927.0	57	0.0
-2926.0	67	0.0
-2925.0	67	0.0
-2924.0	59	0.0
-2923.0	55	0.0
-2922.0	52	0.0
-2921.0	73	0.0
-2920.0	57	0.0
-2919.0	55	0.0
-2918.0	64	0.0
-2917.0	68	0.0
-2916.0	60	0.0
-2915.0	64	0.0
-2914.0	56	0.0
-2913.0	58	0.0
-2912.0	52	0.0
-2911.0	54	0.0
-2910.0	63	0.0
-2909.0	56	0.0
-2908.0	53	0.0
-2907.0	50	0.0
-2906.0	47	0.0
-2905.0	61	0.0
-2904.0	57	0.0
-2903.0	60	0.0
-2902.0	47	0.0
-2901.0	60	0.0
-2900.0	53	0.0
-2899.0	59	0.0
-2898.0	47	0.0
-2897.0	60	0.0
-2896.0	55	0.0
-2895.0	59	0.0
-2894.0	50	0.0
-2893.0	58	0.0
-2892.0	57	0.0
-2891.0	79	0.0
-2890.0	70	0.0
-2889.0	59	0.0
-2888.0	63	0.0
-2887.0	66	0.0
-2886.0	66	0.0
-2885.0	59	0.0
-2884.0	61	0.0
-2883.0	46	0.0
-2882.0	61	0.0
-2881.0	55	0.0
-2880.0	56	0.0
-2879.0	50	0.0
-2878.0	60	0.0
-2877.0	54	0.0
-2876.0	70	0.0
-2875.0	79	0.0
-2874.0	62	0.0
-2873.0	66	0.0
-2872.0	44	0.0
-2871.0	59	0.0
-2870.0	69	0.0
-2869.0	43	0.0
-2868.0	60	0.0
-2867.0	64	0.0
-2866.0	71	0.0
-2865.0	67	0.0
-2864.0	49	0.0
-2863.0	58	0.0
-2862.0	61	0.0
-2861.0	50	0.0
-2860.0	68	0.0
-2859.0	53	0.0
-2858.0	59	0.0
-2857.0	62	0.0
-2856.0	62	0.0
-2855.0	65	0.0
-2854.0	52	0.0
-2853.0	50	0.0
-2852.0	53	0.0
-2851.0	55	0.0
-2850.0	61	0.0
-2849.0	43	0.0
-2848.0	74	0.0
-2847.0	60	0.0
-2846.0	65	0.0
-2845.0	63	0.0
-2844.0	55	0.0
-2843.0	45	0.0
-2842.0	49	0.0
-2841.0	61	0.0
-2840.0	54	0.0
-2839.0	49	0.0
-2838.0	66	0.0
-2837.0	57	0.0
-2836.0	60	0.0
-2835.0	77	0.0
-2834.0	62	0.0
-2833.0	49	0.0
-2832.0	66	0.0
-2831.0	57	0.0
-2830.0	61	0.0
-2829.0	51	0.0
-2828.0	55	0.0
-2827.0	60	0.0
-2826.0	63	0.0
-2825.0	51	0.0
-2824.0	60	0.0
-2823.0	48	0.0
-2822.0	74	0.0
-2821.0	46	0.0
-2820.0	58	0.0
-2819.0	61	0.0
-2818.0	54	0.0
-2817.0	60	0.0
-2816.0	58	0.0
-2815.0	53	0.0
-2814.0	60	0.0
-2813.0	55	0.0
-2812.0	52	0.0
-2811.0	58	0.0
-2810.0	58	0.0
-2809.0	65	0.0
-2808.0	63	0.0
-2807.0	67	0.0
-2806.0	46	0.0
-2805.0	63	0.0
-2804.0	56	0.0
-2803.0	56	0.0
-2802.0	54	0.0
-2801.0	60	0.0
-2800.0	56	0.0
-2799.0	61	0.0
-2798.0	55	0.0
-2797.0	70	0.0
-2796.0	66	0.0
-2795.0	44	0.0
-2794.0	54	0.0
-2793.0	46	0.0
-2792.0	53	0.0
-2791.0	64	0.0
-2790.0	69	0.0
-2789.0	72	0.0
-2788.0	70	0.0
-2787.0	53	0.0
-2786.0	68	0.0
-2785.0	60	0.0
-2784.0	69	0.0
-2783.0	64	0.0
-2782.0	64	0.0
-2781.0	58	0.0
-2780.0	57	0.0
-2779.0	68	0.0
-2778.0	55	0.0
-2777.0	70	0.0
-2776.0	46	0.0
-2775.0	52	0.0
-2774.0	53	0.0
-2773.0	67	0.0
-2772.0	65	0.0
-2771.0	80	0.0
-2770.0	56	0.0
-2769.0	54	0.0
-2768.0	51	0.0
-2767.0	67	0.0
-2766.0	56	0.0
-2765.0	76	0.0
-2764.0	53	0.0
-2763.0	49	0.0
-2762.0	54	0.0
-2761.0	49	0.0
-2760.0	46	0.0
-2759.0	46	0.0
-2758.0	50	0.0
-2757.0	48	0.0
-2756.0	37	0.0
-2755.0	57	0.0
-2754.0	65	0.0
-2753.0	49	0.0
-2752.0	49	0.0
-2751.0	54	0.0
-2750.0	70	0.0
-2749.0	62	0.0
-2748.0	53	0.0
-2747.0	63	0.0
-2746.0	64	0.0
-2745.0	68	0.0
-2744.0	72	0.0
-2743.0	50	0.0
-2742.0	54	0.0
-2741.0	68	0.0
-2740.0	51	0.0
-2739.0	66	0.0
-2738.0	66	0.0
-2737.0	57	0.0
-2736.0	53	0.0
-2735.0	58	0.0
-2734.0	67	0.0
-2733.0	58	0.0
-2732.0	59	0.0
-2731.0	47	0.0
-2730.0	70	0.0
-2729.0	56	0.0
-2728.0	64	0.0
-2727.0	63	0.0
-2726.0	63	0.0
-2725.0	52	0.0
-2724.0	58	0.0
-2723.0	52	0.0
-2722.0	52	0.0
-2721.0	51	0.0
-2720.0	69	0.0
-2719.0	71	0.0
-2718.0	46	0.0
-2717.0	60	0.0
-2716.0	67	0.0
-2715.0	54	0.0
-2714.0	55	0.0
-2713.0	54	0.0
-2712.0	58	0.0
-2711.0	50	0.0
-2710.0	59	0.0
-2709.0	69	0.0
-2708.0	77	0.0
-2707.0	59	0.0
-2706.0	58	0.0
-2705.0	55	0.0
-2704.0	52	0.0
-2703.0	70	0.0
-2702.0	59	0.0
-2701.0	50	0.0
-2700.0	52	0.0
-2699.0	58	0.0
-2698.0	60	0.0
-2697.0	66	0.0
-2696.0	51	0.0
-2695.0	67	0.0
-2694.0	59	0.0
-2693.0	65	0.0
-2692.0	54	0.0
-2691.0	56	0.0
-2690.0	50	0.0
-2689.0	43	0.0
-2688.0	67	0.0
-2687.0	66	0.0
-2686.0	67	0.0
-2685.0	53	0.0
-2684.0	49	0.0
-2683.0	57	0.0
-2682.0	56	0.0
-2681.0	71	0.0
-2680.0	56	0.0
-2679.0	51	0.0
-2678.0	54	0.0
-2677.0	44	0.0
-2676.0	57	0.0
-2675.0	51	0.0
-2674.0	47	0.0
-2673.0	59	0.0
-2672.0	63	0.0
-2671.0	49	0.0
-2670.0	66	0.0
-2669.0	54	0.0
-2668.0	68	0.0
-2667.0	67	0.0
-2666.0	72	0.0
-2665.0	63	0.0
-2664.0	65	0.0
-2663.0	40	0.0
-2662.0	50	0.0
-2661.0	66	0.0
-2660.0	64	0.0
-2659.0	71	0.0
-2658.0	60	0.0
-2657.0	65	0.0
-2656.0	57	0.0
-2655.0	50	0.0
-2654.0	54	0.0
-2653.0	65	0.0
-2652.0	58	0.0
-2651.0	57	0.0
-2650.0	57	0.0
-2649.0	58	0.0
-2648.0	66	0.0
-2647.0	62	0.0
-2646.0	64	0.0
-2645.0	66	0.0
-2644.0	58	0.0
-2643.0	55	0.0
-2642.0	66	0.0
-2641.0	55	0.0
-2640.0	64	0.0
-2639.0	63	0.0
-2638.0	70	0.0
-2637.0	58	0.0
-2636.0	59	0.0
-2635.0	60	0.0
-2634.0	52	0.0
-2633.0	63	0.0
-2632.0	58	0.0
-2631.0	59	0.0
-2630.0	61	0.0
-2629.0	57	0.0
-2628.0	45	0.0
-2627.0	51	0.0
-2626.0	53	0.0
-2625.0	62	0.0
-2624.0	55	0.0
-2623.0	46	0.0
-2622.0	67	0.0
-2621.0	57	0.0
-2620.0	65	0.0
-2619.0	74	0.0
-2618.0	53	0.0
-2617.0	49	0.0
-2616.0	51	0.0
-2615.0	51	0.0
-2614.0	69	0.0
-2613.0	66	0.0
-2612.0	72	0.0
-2611.0	47	0.0
-2610.0	54	0.0
-2609.0	60	0.0
-2608.0	61	0.0
-2607.0	53	0.0
-2606.0	44	0.0
-2605.0	61	0.0
-2604.0	66	0.0
-2603.0	49	0.0
-2602.0	56	0.0
-2601.0	54	0.0
-2600.0	49	0.0
-2599.0	62	0.0
-2598.0	60	0.0
-2597.0	55	0.0
-2596.0	60	0.0
-2595.0	49	0.0
-2594.0	53	0.0
-2593.0	47	0.0
-2592.0	58	0.0
-2591.0	79	0.0
-2590.0	57	0.0
-2589.0	57	0.0
-2588.0	41	0.0
-2587.0	51	0.0
-2586.0	66	0.0
-2585.0	62	0.0
-2584.0	46	0.0
-2583.0	55	0.0
-2582.0	57	0.0
-2581.0	51	0.0
-2580.0	54	0.0
-2579.0	59	0.0
-2578.0	56	0.0
-2577.0	49	0.0
-2576.0	66	0.0
-2575.0	62	0.0
-2574.0	53	0.0
-2573.0	49	0.0
-2572.0	57	0.0
-2571.0	71	0.0
-2570.0	59	0.0
-2569.0	79	0.0
-2568.0	57	0.0
-2567.0	65	0.0
-2566.0	56	0.0
-2565.0	62	0.0
-2564.0	46	0.0
-2563.0	52	0.0
-2562.0	54	0.0
-2561.0	68	0.0
-2560.0	69	0.0
-2559.0	51	0.0
-2558.0	64	0.0
-2557.0	63	0.0
-2556.0	63	0.0
-2555.0	47	0.0
-2554.0	62	0.0
-2553.0	52	0.0
-2552.0	60	0.0
-2551.0	61	0.0
-2550.0	68	0.0
-2549.0	54	0.0
-2548.0	61	0.0
-2547.0	57	0.0
-2546.0	68	0.0
-2545.0	68	0.0
-2544.0	55	0.0
-2543.0	61	0.0
-2542.0	66	0.0
-2541.0	66	0.0
-2540.0	44	0.0
-2539.0	47	0.0
-2538.0	71	0.0
-2537.0	52	0.0
-2536.0	59	0.0
-2535.0	51	0.0
-2534.0	60	0.0
-2533.0	53	0.0
-2532.0	70	0.0
-2531.0	54	0.0
-2530.0	47	0.0
-2529.0	64	0.0
-2528.0	51	0.0
-2527.0	64	0.0
-2526.0	58	0.0
-2525.0	59	0.0
-2524.0	47	0.0
-2523.0	69	0.0
-2522.0	53	0.0
-2521.0	69	0.0
-2520.0	49	0.0
-2519.0	64	0.0
-2518.0	57	0.0
-2517.0	54	0.0
-2516.0	58	0.0
-2515.0	55	0.0
-2514.0	61	0.0
-2513.0	62	0.0
-2512.0	53	0.0
-2511.0	49	0.0
-2510.0	58	0.0
-2509.0	61	0.0
-2508.0	60	0.0
-2507.0	62	0.0
-2506.0	58	0.0
-2505.0	55	0.0
-2504.0	66	0.0
-2503.0	55	0.0
-2502.0	44	0.0
-2501.0	49	0.0
-2500.0	65	0.0
-2499.0	50	0.0
-2498.0	52	0.0
-2497.0	43	0.0
-2496.0	51	0.0
-2495.0	38	0.0
-2494.0	53	0.0
-2493.0	52	0.0
-2492.0	61	0.0
-2491.0	56	0.0
-2490.0	63	0.0
-2489.0	45	0.0
-2488.0	45	0.0
-2487.0	60	0.0
-2486.0	58	0.0
-2485.0	44	0.0
-2484.0	55	0.0
-2483.0	55	0.0
-2482.0	65	0.0
-2481.0	63	0.0
-2480.0	60	0.0
-2479.0	59	0.0
-2478.0	43	0.0
-2477.0	61	0.0
-2476.0	59	0.0
-2475.0	50	0.0
-2474.0	53	0.0
-2473.0	57	0.0
-2472.0	52	0.0
-2471.0	48	0.0
-2470.0	60	0.0
-2469.0	69	0.0
-2468.0	46	0.0
-2467.0	59	0.0
-2466.0	53	0.0
-2465.0	45	0.0
-2464.0	61	0.0
-2463.0	52	0.0
-2462.0	60	0.0
-2461.0	59	0.0
-2460.0	46	0.0
-2459.0	56	0.0
-2458.0	53	0.0
-2457.0	60	0.0
-2456.0	60	0.0
-2455.0	57	0.0
-2454.0	58	0.0
-2453.0	64	0.0
-2452.0	59	0.0
-2451.0	47	0.0
-2450.0	57	0.0
-2449.0	76	0.0
-2448.0	60	0.0
-2447.0	48	0.0
-2446.0	73	0.0
-2445.0	56	0.0
-2444.0	57	0.0
-2443.0	70	0.0
-2442.0	66	0.0
-2441.0	57	0.0
-2440.0	57	0.0
-2439.0	69	0.0
-2438.0	67	0.0
-2437.0	55	0.0
-2436.0	74	0.0
-2435.0	60	0.0
-2434.0	48	0.0
-2433.0	50	0.0
-2432.0	51	0.0
-2431.0	58	0.0
-2430.0	62	0.0
-2429.0	54	0.0
-2428.0	60	0.0
-2427.0	56	0.0
-2426.0	56	0.0
-2425.0	61	0.0
-2424.0	47	0.0
-2423.0	64	0.0
-2422.0	57	0.0
-2421.0	54	0.0
-2420.0	52	0.0
-2419.0	49	0.0
-2418.0	73	0.0
-2417.0	67	0.0
-2416.0	56	0.0
-2415.0	45	0.0
-2414.0	63	0.0
-2413.0	64	0.0
-2412.0	48	0.0
-2411.0	68	0.0
-2410.0	63	0.0
-2409.0	63	0.0
-2408.0	63	0.0
-2407.0	73	0.0
-2406.0	74	0.0
-2405.0	52	0.0
-2404.0	58	0.0
-2403.0	66	0.0
-2402.0	60	0.0
-2401.0	62	0.0
-2400.0	57	0.0
-2399.0	62	0.0
-2398.0	51	0.0
-2397.0	52	0.0
-2396.0	52	0.0
-2395.0	50	0.0
-2394.0	54	0.0
-2393.0	69	0.0
-2392.0	64	0.0
-2391.0	48	0.0
-2390.0	50	0.0
-2389.0	67	0.0
-2388.0	53	0.0
-2387.0	52	0.0
-2386.0	54	0.0
-2385.0	54	0.0
-2384.0	67	0.0
-2383.0	58	0.0
-2382.0	58	0.0
-2381.0	63	0.0
-2380.0	58	0.0
-2379.0	51	0.0
-2378.0	46	0.0
-2377.0	66	0.0
-2376.0	54	0.0
-2375.0	60	0.0
-2374.0	49	0.0
-2373.0	60	0.0
-2372.0	44	0.0
-2371.0	60	0.0
-2370.0	54	0.0
-2369.0	65	0.0
-2368.0	66	0.0
-2367.0	72	0.0
-2366.0	63	0.0
-2365.0	70	0.0
-2364.0	52	0.0
-2363.0	61	0.0
-2362.0	73	0.0
-2361.0	54	0.0
-2360.0	66	0.0
-2359.0	54	0.0
-2358.0	60	0.0
-2357.0	54	0.0
-2356.0	67	0.0
-2355.0	51	0.0
-2354.0	53	0.0
-2353.0	51	0.0
-2352.0	52	0.0
-2351.0	65	0.0
-2350.0	48	0.0
-2349.0	58	0.0
-2348.0	62	0.0
-2347.0	53	0.0
-2346.0	57	0.0
-2345.0	58	0.0
-2344.0	56	0.0
-2343.0	61	0.0
-2342.0	51	0.0
-2341.0	46	0.0
-2340.0	53	0.0
-2339.0	51	0.0
-2338.0	53	0.0
-2337.0	49	0.0
-2336.0	53	0.0
-2335.0	53	0.0
-2334.0	61	0.0
-2333.0	53	0.0
-2332.0	52	0.0
-2331.0	61	0.0
-2330.0	50	0.0
-2329.0	54	0.0
-2328.0	53	0.0
-2327.0	62	0.0
-2326.0	50	0.0
-2325.0	45	0.0
-2324.0	65	0.0
-2323.0	65	0.0
-2322.0	53	0.0
-2321.0	64	0.0
-2320.0	66	0.0
-2319.0	63	0.0
-2318.0	63	0.0
-2317.0	59	0.0
-2316.0	70	0.0
-2315.0	65	0.0
-2314.0	52	0.0
-2313.0	66	0.0
-2312.0	61	0.0
-2311.0	61	0.0
-2310.0	52	0.0
-2309.0	68	0.0
-2308.0	61	0.0
-2307.0	57	0.0
-2306.0	56	0.0
-2305.0	50	0.0
-2304.0	47	0.0
-2303.0	56	0.0
-2302.0	65	0.0
-2301.0	71	0.0
-2300.0	63	0.0
-2299.0	62	0.0
-2298.0	45	0.0
-2297.0	57	0.0
-2296.0	66	0.0
-2295.0	54	0.0
-2294.0	57	0.0
-2293.0	64	0.0
-2292.0	62	0.0
-2291.0	62	0.0
-2290.0	55	0.0
-2289.0	53	0.0
-2288.0	52	0.0
-2287.0	59	0.0
-2286.0	54	0.0
-2285.0	57	0.0
-2284.0	53	0.0
-2283.0	48	0.0
-2282.0	54	0.0
-2281.0	62	0.0
-2280.0	59	0.0
-2279.0	60	0.0
-2278.0	61	0.0
-2277.0	56	0.0
-2276.0	60	0.0
-2275.0	64	0.0
-2274.0	53	0.0
-2273.0	59	0.0
-2272.0	64	0.0
-2271.0	75	0.0
-2270.0	54	0.0
-2269.0	62	0.0
-2268.0	65	0.0
-2267.0	64	0.0
-2266.0	51	0.0
-2265.0	65	0.0
-2264.0	60	0.0
-2263.0	49	0.0
-2262.0	65	0.0
-2261.0	61	0.0
-2260.0	52	0.0
-2259.0	48	0.0
-2258.0	55	0.0
-2257.0	52	0.0
-2256.0	48	0.0
-2255.0	53	0.0
-2254.0	64	0.0
-2253.0	56	0.0
-2252.0	65	0.0
-2251.0	63	0.0
-2250.0	50	0.0
-2249.0	51	0.0
-2248.0	50	0.0
-2247.0	65	0.0
-2246.0	58	0.0
-2245.0	53	0.0
-2244.0	71	0.0
-2243.0	53	0.0
-2242.0	61	0.0
-2241.0	66	0.0
-2240.0	60	0.0
-2239.0	52	0.0
-2238.0	56	0.0
-2237.0	63	0.0
-2236.0	57	0.0
-2235.0	49	0.0
-2234.0	65	0.0
-2233.0	62	0.0
-2232.0	56	0.0
-2231.0	78	0.0
-2230.0	63	0.0
-2229.0	55	0.0
-2228.0	43	0.0
-2227.0	60	0.0
-2226.0	60	0.0
-2225.0	61	0.0
-2224.0	47	0.0
-2223.0	67	0.0
-2222.0	55	0.0
-2221.0	50	0.0
-2220.0	57	0.0
-2219.0	66	0.0
-2218.0	63	0.0
-2217.0	50	0.0
-2216.0	58	0.0
-2215.0	61	0.0
-2214.0	68	0.0
-2213.0	60	0.0
-2212.0	58	0.0
-2211.0	62	0.0
-2210.0	61	0.0
-2209.0	66	0.0
-2208.0	64	0.0
-2207.0	63	0.0
-2206.0	53	0.0
-2205.0	50	0.0
-2204.0	70	0.0
-2203.0	45	0.0
-2202.0	60	0.0
-2201.0	65	0.0
-2200.0	66	0.0
-2199.0	58	0.0
-2198.0	61	0.0
-2197.0	70	0.0
-2196.0	56	0.0
-2195.0	63	0.0
-2194.0	62	0.0
-2193.0	61	0.0
-2192.0	54	0.0
-2191.0	54	0.0
-2190.0	46	0.0
-2189.0	80	0.0
-2188.0	66	0.0
-2187.0	47	0.0
-2186.0	51	0.0
-2185.0	64	0.0
-2184.0	59	0.0
-2183.0	46	0.0
-2182.0	61	0.0
-2181.0	56	0.0
-2180.0	68	0.0
-2179.0	55	0.0
-2178.0	54	0.0
-2177.0	50	0.0
-2176.0	59	0.0
-2175.0	56	0.0
-2174.0	69	0.0
-2173.0	44	0.0
-2172.0	52	0.0
-2171.0	45	0.0
-2170.0	62	0.0
-2169.0	54	0.0
-2168.0	59	0.0
-2167.0	56	0.0
-2166.0	51	0.0
-2165.0	45	0.0
-2164.0	75	0.0
-2163.0	67	0.0
-2162.0	49	0.0
-2161.0	56	0.0
-2160.0	59	0.0
-2159.0	37	0.0
-2158.0	54	0.0
-2157.0	46	0.0
-2156.0	60	0.0
-2155.0	59	0.0
-2154.0	54	0.0
-2153.0	69	0.0
-2152.0	55	0.0
-2151.0	57	0.0
-2150.0	46	0.0
-2149.0	50	0.0
-2148.0	66	0.0
-2147.0	54	0.0
-2146.0	63	0.0
-2145.0	58	0.0
-2144.0	73	0.0
-2143.0	53	0.0
-2142.0	52	0.0
-2141.0	63	0.0
-2140.0	57	0.0
-2139.0	57	0.0
-2138.0	47	0.0
-2137.0	49	0.0
-2136.0	58	0.0
-2135.0	60	0.0
-2134.0	47	0.0
-2133.0	49	0.0
-2132.0	45	0.0
-2131.0	55	0.0
-2130.0	43	0.0
-2129.0	42	0.0
-2128.0	58	0.0
-2127.0	57	0.0
-2126.0	61	0.0
-2125.0	60	0.0
-2124.0	65	0.0
-2123.0	61	0.0
-2122.0	52	0.0
-2121.0	48	0.0
-2120.0	75	0.0
-2119.0	65	0.0
-2118.0	58	0.0
-2117.0	64	0.0
-2116.0	65	0.0
-2115.0	53	0.0
-2114.0	53	0.0
-2113.0	51	0.0
-2112.0	68	0.0
-2111.0	47	0.0
-2110.0	63	0.0
-2109.0	54	0.0
-2108.0	50	0.0
-2107.0	57	0.0
-2106.0	51	0.0
-2105.0	54	0.0
-2104.0	66	0.0
-2103.0	46	0.0
-2102.0	62	0.0
-2101.0	62	0.0
-2100.0	53	0.0
-2099.0	56	0.0
-2098.0	76	0.0
-2097.0	55	0.0
-2096.0	53	0.0
-2095.0	54	0.0
-2094.0	71	0.0
-2093.0	67	0.0
-2092.0	64	0.0
-2091.0	52	0.0
-2090.0	59	0.0
-2089.0	62	0.0
-2088.0	56	0.0
-2087.0	68	0.0
-2086.0	60	0.0
-2085.0	65	0.0
-2084.0	58	0.0
-2083.0	69	0.0
-2082.0	62	0.0
-2081.0	44	0.0
-2080.0	70	0.0
-2079.0	64	0.0
-2078.0	58	0.0
-2077.0	53	0.0
-2076.0	65	0.0
-2075.0	64	0.0
-2074.0	61	0.0
-2073.0	47	0.0
-2072.0	55	0.0
-2071.0	61	0.0
-2070.0	45	0.0
-2069.0	58	0.0
-2068.0	57	0.0
-2067.0	51	0.0
-2066.0	55	0.0
-2065.0	67	0.0
-2064.0	47	0.0
-2063.0	57	0.0
-2062.0	62	0.0
-2061.0	57	0.0
-2060.0	51	0.0
-2059.0	61	0.0
-2058.0	67	0.0
-2057.0	69	0.0
-2056.0	49	0.0
-2055.0	55	0.0
-2054.0	63	0.0
-2053.0	53	0.0
-2052.0	50	0.0
-2051.0	75	0.0
-2050.0	42	0.0
-2049.0	54	0.0
-2048.0	52	0.0
-2047.0	42	0.0
-2046.0	59	0.0
-2045.0	50	0.0
-2044.0	62	0.0
-2043.0	71	0.0
-2042.0	72	0.0
-2041.0	38	0.0
-2040.0	51	0.0
-2039.0	73	0.0
-2038.0	50	0.0
-2037.0	63	0.0
-2036.0	42	0.0
-2035.0	62	0.0
-2034.0	56	0.0
-2033.0	50	0.0
-2032.0	66	0.0
-2031.0	76	0.0
-2030.0	58	0.0
-2029.0	55	0.0
-2028.0	57	0.0
-2027.0	50	0.0
-2026.0	60	0.0
-2025.0	63	0.0
-2024.0	68	0.0
-2023.0	52	0.0
-2022.0	57	0.0
-2021.0	52	0.0
-2020.0	70	0.0
-2019.0	43	0.0
-2018.0	53	0.0
-2017.0	67	0.0
-2016.0	52	0.0
-2015.0	66	0.0
-2014.0	65	0.0
-2013.0	55	0.0
-2012.0	62	0.0
-2011.0	49	0.0
-2010.0	62	0.0
-2009.0	56	0.0
-2008.0	65	0.0
-2007.0	59	0.0
-2006.0	60	0.0
-2005.0	61	0.0
-2004.0	56	0.0
-2003.0	58	0.0
-2002.0	50	0.0
-2001.0	58	0.0
-2000.0	69	0.0
-1999.0	48	0.0
-1998.0	54	0.0
-1997.0	55	0.0
-1996.0	51	0.0
-1995.0	78	0.0
-1994.0	49	0.0
-1993.0	63	0.0
-1992.0	56	0.0
-1991.0	66	0.0
-1990.0	77	0.0
-1989.0	56	0.0
-1988.0	58	0.0
-1987.0	56	0.0
-1986.0	52	0.0
-1985.0	53	0.0
-1984.0	67	0.0
-1983.0	59	0.0
-1982.0	69	0.0
-1981.0	35	0.0
-1980.0	51	0.0
-1979.0	60	0.0
-1978.0	64	0.0
-1977.0	63	0.0
-1976.0	57	0.0
-1975.0	51	0.0
-1974.0	48	0.0
-1973.0	68	0.0
-1972.0	37	0.0
-1971.0	52	0.0
-1970.0	58	0.0
-1969.0	64	0.0
-1968.0	51	0.0
-1967.0	62	0.0
-1966.0	68	0.0
-1965.0	57	0.0
-1964.0	51	0.0
-1963.0	68	0.0
-1962.0	49	0.0
-1961.0	48	0.0
-1960.0	53	0.0
-1959.0	60	0.0
-1958.0	63	0.0
-1957.0	62	0.0
-1956.0	71	0.0
-1955.0	60	0.0
-1954.0	75	0.0
-1953.0	57	0.0
-1952.0	56	0.0
-1951.0	61	0.0
-1950.0	59	0.0
-1949.0	57	0.0
-1948.0	50	0.0
-1947.0	48	0.0
-1946.0	56	0.0
-1945.0	73	0.0
-1944.0	70	0.0
-1943.0	53	0.0
-1942.0	59	0.0
-1941.0	52	0.0
-1940.0	56	0.0
-1939.0	77	0.0
-1938.0	64	0.0
-1937.0	60	0.0
-1936.0	65	0.0
-1935.0	43	0.0
-1934.0	52	0.0
-1933.0	66	0.0
-1932.0	55	0.0
-1931.0	66	0.0
-1930.0	50	0.0
-1929.0	53	0.0
-1928.0	44	0.0
-1927.0	49	0.0
-1926.0	60	0.0
-1925.0	66	0.0
-1924.0	70	0.0
-1923.0	57	0.0
-1922.0	44	0.0
-1921.0	52	0.0
-1920.0	57	0.0
-1919.0	55	0.0
-1918.0	50	0.0
-1917.0	56	0.0
-1916.0	57	0.0
-1915.0	61	0.0
-1914.0	49	0.0
-1913.0	52	0.0
-1912.0	55	0.0
-1911.0	47	0.0
-1910.0	52	0.0
-1909.0	62	0.0
-1908.0	51	0.0
-1907.0	63	0.0
-1906.0	52	0.0
-1905.0	57	0.0
-1904.0	51	0.0
-1903.0	63	0.0
-1902.0	55	0.0
-1901.0	40	0.0
-1900.0	52	0.0
-1899.0	62	0.0
-1898.0	53	0.0
-1897.0	58	0.0
-1896.0	61	0.0
-1895.0	45	0.0
-1894.0	67	0.0
-1893.0	55	0.0
-1892.0	54	0.0
-1891.0	61	0.0
-1890.0	55	0.0
-1889.0	49	0.0
-1888.0	56	0.0
-1887.0	69	0.0
-1886.0	56	0.0
-1885.0	71	0.0
-1884.0	48	0.0
-1883.0	59	0.0
-1882.0	52	0.0
-1881.0	69	0.0
-1880.0	60	0.0
-1879.0	59	0.0
-1878.0	57	0.0
-1877.0	62	0.0
-1876.0	50	0.0
-1875.0	53	0.0
-1874.0	61	0.0
-1873.0	59	0.0
-1872.0	55	0.0
-1871.0	56	0.0
-1870.0	57	0.0
-1869.0	59	0.0
-1868.0	74	0.0
-1867.0	57	0.0
-1866.0	63	0.0
-1865.0	48	0.0
-1864.0	59	0.0
-1863.0	56	0.0
-1862.0	54	0.0
-1861.0	67	0.0
-1860.0	48	0.0
-1859.0	58	0.0
-1858.0	51	0.0
-1857.0	48	0.0
-1856.0	46	0.0
-1855.0	38	0.0
-1854.0	46	0.0
-1853.0	58	0.0
-1852.0	69	0.0
-1851.0	67	0.0
-1850.0	60	0.0
-1849.0	61	0.0
-1848.0	64	0.0
-1847.0	57	0.0
-1846.0	66	0.0
-1845.0	74	0.0
-1844.0	64	0.0
-1843.0	58	0.0
-1842.0	40	0.0
-1841.0	54	0.0
-1840.0	62	0.0
-1839.0	57	0.0
-1838.0	58	0.0
-1837.0	54	0.0
-1836.0	63	0.0
-1835.0	55	0.0
-1834.0	54	0.0
-1833.0	51	0.0
-1832.0	64	0.0
-1831.0	48	0.0
-1830.0	57	0.0
-1829.0	56	0.0
-1828.0	64	0.0
-1827.0	55	0.0
-1826.0	52	0.0
-1825.0	54	0.0
-1824.0	74	0.0
-1823.0	71	0.0
-1822.0	76	0.0
-1821.0	58	0.0
-1820.0	57	0.0
-1819.0	56	0.0
-1818.0	60	0.0
-1817.0	50	0.0
-1816.0	69	0.0
-1815.0	67	0.0
-1814.0	53	0.0
-1813.0	65	0.0
-1812.0	72	0.0
-1811.0	57	0.0
-1810.0	59	0.0
-1809.0	52	0.0
-1808.0	58	0.0
-1807.0	51	0.0
-1806.0	45	0.0
-1805.0	56	0.0
-1804.0	65	0.0
-1803.0	64	0.0
-1802.0	56	0.0
-1801.0	54	0.0
-1800.0	53	0.0
-1799.0	51	0.0
-1798.0	57	0.0
-1797.0	48	0.0
-1796.0	56	0.0
-1795.0	62	0.0
-1794.0	62	0.0
-1793.0	58	0.0
-1792.0	52	0.0
-1791.0	66	0.0
-1790.0	54	0.0
-1789.0	54	0.0
-1788.0	71	0.0
-1787.0	66	0.0
-1786.0	67	0.0
-1785.0	56	0.0
-1784.0	63	0.0
-1783.0	46	0.0
-1782.0	70	0.0
-1781.0	63	0.0
-1780.0	45	0.0
-1779.0	53	0.0
-1778.0	48	0.0
-1777.0	61	0.0
-1776.0	50	0.0
-1775.0	64	0.0
-1774.0	50	0.0
-1773.0	64	0.0
-1772.0	65	0.0
-1771.0	58	0.0
-1770.0	68	0.0
-1769.0	60	0.0
-1768.0	63	0.0
-1767.0	53	0.0
-1766.0	57	0.0
-1765.0	45	0.0
-1764.0	60	0.0
-1763.0	60	0.0
-1762.0	68	0.0
-1761.0	70	0.0
-1760.0	61	0.0
-1759.0	65	0.0
-1758.0	59	0.0
-1757.0	65	0.0
-1756.0	73	0.0
-1755.0	62	0.0
-1754.0	48	0.0
-1753.0	68	0.0
-1752.0	57	0.0
-1751.0	46	0.0
-1750.0	46	0.0
-1749.0	55	0.0
-1748.0	52	0.0
-1747.0	63	0.0
-1746.0	57	0.0
-1745.0	55	0.0
-1744.0	70	0.0
-1743.0	54	0.0
-1742.0	68	0.0
-1741.0	80	0.0
-1740.0	59	0.0
-1739.0	62	0.0
-1738.0	64	0.0
-1737.0	57	0.0
-1736.0	55	0.0
-1735.0	63	0.0
-1734.0	56	0.0
-1733.0	65	0.0
-1732.0	61	0.0
-1731.0	62	0.0
-1730.0	67	0.0
-1729.0	70	0.0
-1728.0	47	0.0
-1727.0	59	0.0
-1726.0	54	0.0
-1725.0	61	0.0
-1724.0	55	0.0
-1723.0	48	0.0
-1722.0	49	0.0
-1721.0	71	0.0
-1720.0	57	0.0
-1719.0	59	0.0
-1718.0	61	0.0
-1717.0	67	0.0
-1716.0	61	0.0
-1715.0	61	0.0
-1714.0	67	0.0
-1713.0	57	0.0
-1712.0	53	0.0
-1711.0	78	0.0
-1710.0	61	0.0
-1709.0	72	0.0
-1708.0	71	0.0
-1707.0	49	0.0
-1706.0	82	0.0
-1705.0	56	0.0
-1704.0	65	0.0
-1703.0	63	0.0
-1702.0	60	0.0
-1701.0	61	0.0
-1700.0	69	0.0
-1699.0	61	0.0
-1698.0	62	0.0
-1697.0	53	0.0
-1696.0	64	0.0
-1695.0	60	0.0
-1694.0	54	0.0
-1693.0	62	0.0
-1692.0	48	0.0
-1691.0	56	0.0
-1690.0	49	0.0
-1689.0	68	0.0
-1688.0	69	0.0
-1687.0	47	0.0
-1686.0	63	0.0
-1685.0	63	0.0
-1684.0	58	0.0
-1683.0	54	0.0
-1682.0	49	0.0
-1681.0	68	0.0
-1680.0	58	0.0
-1679.0	72	0.0
-1678.0	58	0.0
-1677.0	48	0.0
-1676.0	59	0.0
-1675.0	68	0.0
-1674.0	53	0.0
-1673.0	70	0.0
-1672.0	52	0.0
-1671.0	46	0.0
-1670.0	54	0.0
-1669.0	57	0.0
-1668.0	60	0.0
-1667.0	56	0.0
-1666.0	59	0.0
-1665.0	56	0.0
-1664.0	62	0.0
-1663.0	58	0.0
-1662.0	49	0.0
-1661.0	57	0.0
-1660.0	54	0.0
-1659.0	49	0.0
-1658.0	60	0.0
-1657.0	44	0.0
-1656.0	54	0.0
-1655.0	74	0.0
-1654.0	45	0.0
-1653.0	52	0.0
-1652.0	64	0.0
-1651.0	54	0.0
-1650.0	61	0.0
-1649.0	56	0.0
-1648.0	50	0.0
-1647.0	51	0.0
-1646.0	56	0.0
-1645.0	60	0.0
-1644.0	57	0.0
-1643.0	45	0.0
-1642.0	57	0.0
-1641.0	54	0.0
-1640.0	52	0.0
-1639.0	53	0.0
-1638.0	47	0.0
-1637.0	58	0.0
-1636.0	55	0.0
-1635.0	58	0.0
-1634.0	61	0.0
-1633.0	53	0.0
-1632.0	61	0.0
-1631.0	67	0.0
-1630.0	58	0.0
-1629.0	59	0.0
-1628.0	63	0.0
-1627.0	41	0.0
-1626.0	50	0.0
-1625.0	51	0.0
-1624.0	75	0.0
-1623.0	58	0.0
-1622.0	58	0.0
-1621.0	58	0.0
-1620.0	56	0.0
-1619.0	63	0.0
-1618.0	51	0.0
-1617.0	56	0.0
-1616.0	60	0.0
-1615.0	49	0.0
-1614.0	51	0.0
-1613.0	67	0.0
-1612.0	58	0.0
-1611.0	69	0.0
-1610.0	66	0.0
-1609.0	60	0.0
-1608.0	58	0.0
-1607.0	50	0.0
-1606.0	60	0.0
-1605.0	50	0.0
-1604.0	59	0.0
-1603.0	45	0.0
-1602.0	48	0.0
-1601.0	53	0.0
-1600.0	42	0.0
-1599.0	58	0.0
-1598.0	53	0.0
-1597.0	57	0.0
-1596.0	55	0.0
-1595.0	57	0.0
-1594.0	55	0.0
-1593.0	62	0.0
-1592.0	50	0.0
-1591.0	68	0.0
-1590.0	61	0.0
-1589.0	64	0.0
-1588.0	66	0.0
-1587.0	53	0.0
-1586.0	64	0.0
-1585.0	61	0.0
-1584.0	49	0.0
-1583.0	60	0.0
-1582.0	55	0.0
-1581.0	49	0.0
-1580.0	57	0.0
-1579.0	60	0.0
-1578.0	60	0.0
-1577.0	61	0.0
-1576.0	49	0.0
-1575.0	51	0.0
-1574.0	72	0.0
-1573.0	66	0.0
-1572.0	65	0.0
-1571.0	62	0.0
-1570.0	58	0.0
-1569.0	52	0.0
-1568.0	74	0.0
-1567.0	61	0.0
-1566.0	64	0.0
-1565.0	67	0.0
-1564.0	49	0.0
-1563.0	74	0.0
-1562.0	67	0.0
-1561.0	56	0.0
-1560.0	65	0.0
-1559.0	51	0.0
-1558.0	60	0.0
-1557.0	51	0.0
-1556.0	58	0.0
-1555.0	64	0.0
-1554.0	49	0.0
-1553.0	67	0.0
-1552.0	54	0.0
-1551.0	55	0.0
-1550.0	66	0.0
-1549.0	75	0.0
-1548.0	51	0.0
-1547.0	57	0.0
-1546.0	56	0.0
-1545.0	63	0.0
-1544.0	44	0.0
-1543.0	59	0.0
-1542.0	44	0.0
-1541.0	65	0.0
-1540.0	67	0.0
-1539.0	62	0.0
-1538.0	57	0.0
-1537.0	61	0.0
-1536.0	54	0.0
-1535.0	59	0.0
-1534.0	60	0.0
-1533.0	52	0.0
-1532.0	59	0.0
-1531.0	61	0.0
-1530.0	64	0.0
-1529.0	62	0.0
-1528.0	62	0.0
-1527.0	68	0.0
-1526.0	53	0.0
-1525.0	57	0.0
-1524.0	47	0.0
-1523.0	51	0.0
-1522.0	69	0.0
-1521.0	57	0.0
-1520.0	54	0.0
-1519.0	54	0.0
-1518.0	43	0.0
-1517.0	63	0.0
-1516.0	57	0.0
-1515.0	46	0.0
-1514.0	72	0.0
-1513.0	60	0.0
-1512.0	61	0.0
-1511.0	44	0.0
-1510.0	65	0.0
-1509.0	55	0.0
-1508.0	61	0.0
-1507.0	58	0.0
-1506.0	48	0.0
-1505.0	62	0.0
-1504.0	52	0.0
-1503.0	45	0.0
-1502.0	60	0.0
-1501.0	49	0.0
-1500.0	49	0.0
-1499.0	56	0.0
-1498.0	61	0.0
-1497.0	48	0.0
-1496.0	54	0.0
-1495.0	51	0.0
-1494.0	55	0.0
-1493.0	54	0.0
-1492.0	55	0.0
-1491.0	66	0.0
-1490.0	47	0.0
-1489.0	61	0.0
-1488.0	51	0.0
-1487.0	57	0.0
-1486.0	67	0.0
-1485.0	49	0.0
-1484.0	55	0.0
-1483.0	55	0.0
-1482.0	71	0.0
-1481.0	53	0.0
-1480.0	58	0.0
-1479.0	57	0.0
-1478.0	71	0.0
-1477.0	61	0.0
-1476.0	56	0.0
-1475.0	54	0.0
-1474.0	50	0.0
-1473.0	60	0.0
-1472.0	57	0.0
-1471.0	58	0.0
-1470.0	53	0.0
-1469.0	61	0.0
-1468.0	41	0.0
-1467.0	56	0.0
-1466.0	58	0.0
-1465.0	52	0.0
-1464.0	53	0.0
-1463.0	50	0.0
-1462.0	48	0.0
-1461.0	59	0.0
-1460.0	67	0.0
-1459.0	42	0.0
-1458.0	55	0.0
-1457.0	49	0.0
-1456.0	54	0.0
-1455.0	45	0.0
-1454.0	54	0.0
-1453.0	51	0.0
-1452.0	50	0.0
-1451.0	56	0.0
-1450.0	71	0.0
-1449.0	73	0.0
-1448.0	61	0.0
-1447.0	56	0.0
-1446.0	63	0.0
-1445.0	67	0.0
-1444.0	60	0.0
-1443.0	54	0.0
-1442.0	63	0.0
-1441.0	57	0.0
-1440.0	51	0.0
-1439.0	44	0.0
-1438.0	55	0.0
-1437.0	55	0.0
-1436.0	79	0.0
-1435.0	62	0.0
-1434.0	45	0.0
-1433.0	69	0.0
-1432.0	57	0.0
-1431.0	69	0.0
-1430.0	48	0.0
-1429.0	55	0.0
-1428.0	52	0.0
-1427.0	59	0.0
-1426.0	44	0.0
-1425.0	65	0.0
-1424.0	57	0.0
-1423.0	61	0.0
-1422.0	54	0.0
-1421.0	57	0.0
-1420.0	57	0.0
-1419.0	52	0.0
-1418.0	64	0.0
-1417.0	54	0.0
-1416.0	44	0.0
-1415.0	61	0.0
-1414.0	57	0.0
-1413.0	55	0.0
-1412.0	51	0.0
-1411.0	49	0.0
-1410.0	51	0.0
-1409.0	56	0.0
-1408.0	59	0.0
-1407.0	67	0.0
-1406.0	51	0.0
-1405.0	63	0.0
-1404.0	57	0.0
-1403.0	53	0.0
-1402.0	59	0.0
-1401.0	65	0.0
-1400.0	52	0.0
-1399.0	44	0.0
-1398.0	47	0.0
-1397.0	65	0.0
-1396.0	60	0.0
-1395.0	51	0.0
-1394.0	68	0.0
-1393.0	49	0.0
-1392.0	57	0.0
-1391.0	61	0.0
-1390.0	55	0.0
-1389.0	71	0.0
-1388.0	54	0.0
-1387.0	59	0.0
-1386.0	57	0.0
-1385.0	62	0.0
-1384.0	43	0.0
-1383.0	57	0.0
-1382.0	66	0.0
-1381.0	54	0.0
-1380.0	47	0.0
-1379.0	47	0.0
-1378.0	79	0.0
-1377.0	53	0.0
-1376.0	65	0.0
-1375.0	44	0.0
-1374.0	63	0.0
-1373.0	56	0.0
-1372.0	58	0.0
-1371.0	54	0.0
-1370.0	48	0.0
-1369.0	52	0.0
-1368.0	75	0.0
-1367.0	43	0.0
-1366.0	66	0.0
-1365.0	65	0.0
-1364.0	54	0.0
-1363.0	50	0.0
-1362.0	53	0.0
-1361.0	75	0.0
-1360.0	51	0.0
-1359.0	60	0.0
-1358.0	75	0.0
-1357.0	55	0.0
-1356.0	54	0.0
-1355.0	63	0.0
-1354.0	54	0.0
-1353.0	68	0.0
-1352.0	74	0.0
-1351.0	62	0.0
-1350.0	55	0.0
-1349.0	46	0.0
-1348.0	69	0.0
-1347.0	68	0.0
-1346.0	46	0.0
-1345.0	60	0.0
-1344.0	63	0.0
-1343.0	48	0.0
-1342.0	56	0.0
-1341.0	65	0.0
-1340.0	50	0.0
-1339.0	61	0.0
-1338.0	52	0.0
-1337.0	57	0.0
-1336.0	62	0.0
-1335.0	62	0.0
-1334.0	59	0.0
-1333.0	58	0.0
-1332.0	62	0.0
-1331.0	56	0.0
-1330.0	44	0.0
-1329.0	66	0.0
-1328.0	57	0.0
-1327.0	53	0.0
-1326.0	63	0.0
-1325.0	57	0.0
-1324.0	58	0.0
-1323.0	70	0.0
-1322.0	76	0.0
-1321.0	49	0.0
-1320.0	63	0.0
-1319.0	50	0.0
-1318.0	69	0.0
-1317.0	52	0.0
-1316.0	58	0.0
-1315.0	73	0.0
-1314.0	58	0.0
-1313.0	61	0.0
-1312.0	41	0.0
-1311.0	44	0.0
-1310.0	57	0.0
-1309.0	52	0.0
-1308.0	58	0.0
-1307.0	38	0.0
-1306.0	54	0.0
-1305.0	56	0.0
-1304.0	61	0.0
-1303.0	50	0.0
-1302.0	78	0.0
-1301.0	46	0.0
-1300.0	56	0.0
-1299.0	52	0.0
-1298.0	44	0.0
-1297.0	69	0.0
-1296.0	70	0.0
-1295.0	77	0.0
-1294.0	52	0.0
-1293.0	63	0.0
-1292.0	74	0.0
-1291.0	56	0.0
-1290.0	46	0.0
-1289.0	57	0.0
-1288.0	43	0.0
-1287.0	58	0.0
-1286.0	60	0.0
-1285.0	62	0.0
-1284.0	74	0.0
-1283.0	51	0.0
-1282.0	47	0.0
-1281.0	68	0.0
-1280.0	51	0.0
-1279.0	58	0.0
-1278.0	65	0.0
-1277.0	48	0.0
-1276.0	53	0.0
-1275.0	54	0.0
-1274.0	72	0.0
-1273.0	56	0.0
-1272.0	63	0.0
-1271.0	76	0.0
-1270.0	67	0.0
-1269.0	49	0.0
-1268.0	75	0.0
-1267.0	59	0.0
-1266.0	57	0.0
-1265.0	51	0.0
-1264.0	59	0.0
-1263.0	62	0.0
-1262.0	63	0.0
-1261.0	46	0.0
-1260.0	59	0.0
-1259.0	45	0.0
-1258.0	44	0.0
-1257.0	58	0.0
-1256.0	72	0.0
-1255.0	50	0.0
-1254.0	73	0.0
-1253.0	51	0.0
-1252.0	54	0.0
-1251.0	65	0.0
-1250.0	57	0.0
-1249.0	58	0.0
-1248.0	48	0.0
-1247.0	55	0.0
-1246.0	56	0.0
-1245.0	75	0.0
-1244.0	62	0.0
-1243.0	47	0.0
-1242.0	49	0.0
-1241.0	46	0.0
-1240.0	73	0.0
-1239.0	47	0.0
-1238.0	45	0.0
-1237.0	49	0.0
-1236.0	59	0.0
-1235.0	72	0.0
-1234.0	68	0.0
-1233.0	72	0.0
-1232.0	66	0.0
-1231.0	43	0.0
-1230.0	53	0.0
-1229.0	61	0.0
-1228.0	65	0.0
-1227.0	52	0.0
-1226.0	56	0.0
-1225.0	47	0.0
-1224.0	59	0.0
-1223.0	53	0.0
-1222.0	62	0.0
-1221.0	48	0.0
-1220.0	52	0.0
-1219.0	48	0.0
-1218.0	41	0.0
-1217.0	50	0.0
-1216.0	52	0.0
-1215.0	67	0.0
-1214.0	46	0.0
-1213.0	59	0.0
-1212.0	57	0.0
-1211.0	55	0.0
-1210.0	55	0.0
-1209.0	58	0.0
-1208.0	67	0.0
-1207.0	52	0.0
-1206.0	52	0.0
-1205.0	67	0.0
-1204.0	60	0.0
-1203.0	57	0.0
-1202.0	53	0.0
-1201.0	58	0.0
-1200.0	64	0.0
-1199.0	61	0.0
-1198.0	64	0.0
-1197.0	64	0.0
-1196.0	41	0.0
-1195.0	60	0.0
-1194.0	62	0.0
-1193.0	49	0.0
-1192.0	62	0.0
-1191.0	55	0.0
-1190.0	67	0.0
-1189.0	75	0.0
-1188.0	58	0.0
-1187.0	65	0.0
-1186.0	61	0.0
-1185.0	65	0.0
-1184.0	51	0.0
-1183.0	53	0.0
-1182.0	69	0.0
-1181.0	61	0.0
-1180.0	40	0.0
-1179.0	58	0.0
-1178.0	59	0.0
-1177.0	75	0.0
-1176.0	53	0.0
-1175.0	63	0.0
-1174.0	77	0.0
-1173.0	58	0.0
-1172.0	66	0.0
-1171.0	54	0.0
-1170.0	60	0.0
-1169.0	70	0.0
-1168.0	50	0.0
-1167.0	67	0.0
-1166.0	66	0.0
-1165.0	68	0.0
-1164.0	56	0.0
-1163.0	70	0.0
-1162.0	56	0.0
-1161.0	74	0.0
-1160.0	61	0.0
-1159.0	54	0.0
-1158.0	69	0.0
-1157.0	60	0.0
-1156.0	69	0.0
-1155.0	42	0.0
-1154.0	66	0.0
-1153.0	56	0.0
-1152.0	54	0.0
-1151.0	61	0.0
-1150.0	52	0.0
-1149.0	49	0.0
-1148.0	57	0.0
-1147.0	64	0.0
-1146.0	65	0.0
-1145.0	56	0.0
-1144.0	66	0.0
-1143.0	57	0.0
-1142.0	55	0.0
-1141.0	53	0.0
-1140.0	53	0.0
-1139.0	56	0.0
-1138.0	63	0.0
-1137.0	53	0.0
-1136.0	68	0.0
-1135.0	78	0.0
-1134.0	63	0.0
-1133.0	61	0.0
-1132.0	47	0.0
-1131.0	57	0.0
-1130.0	60	0.0
-1129.0	48	0.0
-1128.0	58	0.0
-1127.0	50	0.0
-1126.0	62	0.0
-1125.0	50	0.0
-1124.0	58	0.0
-1123.0	71	0.0
-1122.0	49	0.0
-1121.0	61	0.0
-1120.0	57	0.0
-1119.0	55	0.0
-1118.0	59	0.0
-1117.0	54	0.0
-1116.0	62	0.0
-1115.0	42	0.0
-1114.0	43	0.0
-1113.0	51	0.0
-1112.0	56	0.0
-1111.0	47	0.0
-1110.0	67	0.0
-1109.0	55	0.0
-1108.0	61	0.0
-1107.0	59	0.0
-1106.0	53	0.0
-1105.0	61	0.0
-1104.0	59	0.0
-1103.0	65	0.0
-1102.0	50	0.0
-1101.0	36	0.0
-1100.0	45	0.0
-1099.0	64	0.0
-1098.0	51	0.0
-1097.0	42	0.0
-1096.0	69	0.0
-1095.0	63	0.0
-1094.0	53	0.0
-1093.0	55	0.0
-1092.0	58	0.0
-1091.0	65	0.0
-1090.0	48	0.0
-1089.0	47	0.0
-1088.0	62	0.0
-1087.0	53	0.0
-1086.0	53	0.0
-1085.0	65	0.0
-1084.0	59	0.0
-1083.0	56	0.0
-1082.0	65	0.0
-1081.0	60	0.0
-1080.0	65	0.0
-1079.0	59	0.0
-1078.0	60	0.0
-1077.0	49	0.0
-1076.0	46	0.0
-1075.0	55	0.0
-1074.0	63	0.0
-1073.0	61	0.0
-1072.0	69	0.0
-1071.0	48	0.0
-1070.0	61	0.0
-1069.0	65	0.0
-1068.0	61	0.0
-1067.0	59	0.0
-1066.0	55	0.0
-1065.0	56	0.0
-1064.0	60	0.0
-1063.0	58	0.0
-1062.0	57	0.0
-1061.0	66	0.0
-1060.0	60	0.0
-1059.0	60	0.0
-1058.0	63	0.0
-1057.0	52	0.0
-1056.0	54	0.0
-1055.0	52	0.0
-1054.0	46	0.0
-1053.0	54	0.0
-1052.0	59	0.0
-1051.0	72	0.0
-1050.0	69	0.0
-1049.0	43	0.0
-1048.0	46	0.0
-1047.0	59	0.0
-1046.0	49	0.0
-1045.0	50	0.0
-1044.0	62	0.0
-1043.0	65	0.0
-1042.0	62	0.0
-1041.0	58	0.0
-1040.0	64	0.0
-1039.0	58	0.0
-1038.0	54	0.0
-1037.0	48	0.0
-1036.0	67	0.0
-1035.0	55	0.0
-1034.0	62	0.0
-1033.0	59	0.0
-1032.0	58	0.0
-1031.0	49	0.0
-1030.0	60	0.0
-1029.0	79	0.0
-1028.0	65	0.0
-1027.0	61	0.0
-1026.0	51	0.0
-1025.0	46	0.0
-1024.0	55	0.0
-1023.0	49	0.0
-1022.0	51	0.0
-1021.0	55	0.0
-1020.0	62	0.0
-1019.0	63	0.0
-1018.0	57	0.0
-1017.0	75	0.0
-1016.0	65	0.0
-1015.0	61	0.0
-1014.0	64	0.0
-1013.0	65	0.0
-1012.0	55	0.0
-1011.0	58	0.0
-1010.0	68	0.0
-1009.0	73	0.0
-1008.0	52	0.0
-1007.0	50	0.0
-1006.0	66	0.0
-1005.0	60	0.0
-1004.0	54	0.0
-1003.0	53	0.0
-1002.0	59	0.0
-1001.0	67	0.0
-1000.0	79	0.0
-999.0	65	0.0
-998.0	50	0.0
-997.0	54	0.0
-996.0	56	0.0
-995.0	69	0.0
-994.0	70	0.0
-993.0	53	0.0
-992.0	70	0.0
-991.0	55	0.0
-990.0	50	0.0
-989.0	56	0.0
-988.0	65	0.0
-987.0	57	0.0
-986.0	59	0.0
-985.0	48	0.0
-984.0	56	0.0
-983.0	50	0.0
-982.0	57	0.0
-981.0	54	0.0
-980.0	62	0.0
-979.0	63	0.0
-978.0	73	0.0
-977.0	65	0.0
-976.0	62	0.0
-975.0	67	0.0
-974.0	63	0.0
-973.0	63	0.0
-972.0	46	0.0
-971.0	52	0.0
-970.0	55	0.0
-969.0	71	0.0
-968.0	50	0.0
-967.0	55	0.0
-966.0	59	0.0
-965.0	54	0.0
-964.0	44	0.0
-963.0	49	0.0
-962.0	53	0.0
-961.0	57	0.0
-960.0	51	0.0
-959.0	44	0.0
-958.0	63	0.0
-957.0	62	0.0
-956.0	57	0.0
-955.0	64	0.0
-954.0	54	0.0
-953.0	52	0.0
-952.0	60	0.0
-951.0	72	0.0
-950.0	56	0.0
-949.0	54	0.0
-948.0	61	0.0
-947.0	56	0.0
-946.0	66	0.0
-945.0	55	0.0
-944.0	59	0.0
-943.0	56	0.0
-942.0	57	0.0
-941.0	55	0.0
-940.0	72	0.0
-939.0	45	0.0
-938.0	47	0.0
-937.0	66	0.0
-936.0	67	0.0
-935.0	46	0.0
-934.0	63	0.0
-933.0	73	0.0
-932.0	70	0.0
-931.0	72	0.0
-930.0	60	0.0
-929.0	60	0.0
-928.0	51	0.0
-927.0	62	0.0
-926.0	60	0.0
-925.0	58	0.0
-924.0	62	0.0
-923.0	49	0.0
-922.0	62	0.0
-921.0	49	0.0
-920.0	53	0.0
-919.0	78	0.0
-918.0	76	0.0
-917.0	49	0.0
-916.0	62	0.0
-915.0	55	0.0
-914.0	53	0.0
-913.0	57	0.0
-912.0	41	0.0
-911.0	60	0.0
-910.0	54	0.0
-909.0	49	0.0
-908.0	65	0.0
-907.0	65	0.0
-906.0	55	0.0
-905.0	59	0.0
-904.0	59	0.0
-903.0	69	0.0
-902.0	58	0.0
-901.0	53	0.0
-900.0	55	0.0
-899.0	63	0.0
-898.0	47	0.0
-897.0	52	0.0
-896.0	44	0.0
-895.0	65	0.0
-894.0	48	0.0
-893.0	63	0.0
-892.0	51	0.0
-891.0	56	0.0
-890.0	42	0.0
-889.0	58	0.0
-888.0	44	0.0
-887.0	56	0.0
-886.0	58	0.0
-885.0	63	0.0
-884.0	55	0.0
-883.0	63	0.0
-882.0	67	0.0
-881.0	55	0.0
-880.0	72	0.0
-879.0	62	0.0
-878.0	56	0.0
-877.0	56	0.0
-876.0	63	0.0
-875.0	51	0.0
-874.0	60	0.0
-873.0	61	0.0
-872.0	62	0.0
-871.0	55	0.0
-870.0	46	0.0
-869.0	57	0.0
-868.0	61	0.0
-867.0	55	0.0
-866.0	52	0.0
-865.0	55	0.0
-864.0	51	0.0
-863.0	59	0.0
-862.0	54	0.0
-861.0	69	0.0
-860.0	59	0.0
-859.0	46	0.0
-858.0	42	0.0
-857.0	67	0.0
-856.0	61	0.0
-855.0	65	0.0
-854.0	56	0.0
-853.0	66	0.0
-852.0	55	0.0
-851.0	57	0.0
-850.0	60	0.0
-849.0	64	0.0
-848.0	48	0.0
-847.0	66	0.0
-846.0	51	0.0
-845.0	69	0.0
-844.0	58	0.0
-843.0	48	0.0
-842.0	57	0.0
-841.0	48	0.0
-840.0	49	0.0
-839.0	61	0.0
-838.0	47	0.0
-837.0	68	0.0
-836.0	52	0.0
-835.0	57	0.0
-834.0	55	0.0
-833.0	63	0.0
-832.0	62	0.0
-831.0	59	0.0
-830.0	50	0.0
-829.0	55	0.0
-828.0	59	0.0
-827.0	67	0.0
-826.0	46	0.0
-825.0	43	0.0
-824.0	61	0.0
-823.0	51	0.0
-822.0	51	0.0
-821.0	72	0.0
-820.0	64	0.0
-819.0	52	0.0
-818.0	52	0.0
-817.0	54	0.0
-816.0	56	0.0
-815.0	47	0.0
-814.0	61	0.0
-813.0	51	0.0
-812.0	72	0.0
-811.0	76	0.0
-810.0	57	0.0
-809.0	52	0.0
-808.0	67	0.0
-807.0	64	0.0
-806.0	57	0.0
-805.0	62	0.0
-804.0	57	0.0
-803.0	54	0.0
-802.0	59	0.0
-801.0	61	0.0
-800.0	59	0.0
-799.0	58	0.0
-798.0	70	0.0
-797.0	65	0.0
-796.0	56	0.0
-795.0	58	0.0
-794.0	69	0.0
-793.0	47	0.0
-792.0	51	0.0
-791.0	54	0.0
-790.0	47	0.0
-789.0	47	0.0
-788.0	72	0.0
-787.0	52	0.0
-786.0	52	0.0
-785.0	54	0.0
-784.0	53	0.0
-783.0	59	0.0
-782.0	47	0.0
-781.0	70	0.0
-780.0	54	0.0
-779.0	55	0.0
-778.0	56	0.0
-777.0	47	0.0
-776.0	52	0.0
-775.0	55	0.0
-774.0	64	0.0
-773.0	62	0.0
-772.0	62	0.0
-771.0	62	0.0
-770.0	67	0.0
-769.0	58	0.0
-768.0	65	0.0
-767.0	69	0.0
-766.0	55	0.0
-765.0	52	0.0
-764.0	56	0.0
-763.0	57	0.0
-762.0	60	0.0
-761.0	56	0.0
-760.0	60	0.0
-759.0	59	0.0
-758.0	62	0.0
-757.0	48	0.0
-756.0	49	0.0
-755.0	68	0.0
-754.0	69	0.0
-753.0	48	0.0
-752.0	77	0.0
-751.0	60	0.0
-750.0	49	0.0
-749.0	50	0.0
-748.0	50	0.0
-747.0	63	0.0
-746.0	59	0.0
-745.0	72	0.0
-744.0	45	0.0
-743.0	58	0.0
-742.0	59	0.0
-741.0	56	0.0
-740.0	52	0.0
-739.0	53	0.0
-738.0	58	0.0
-737.0	44	0.0
-736.0	48	0.0
-735.0	56	0.0
-734.0	57	0.0
-733.0	44	0.0
-732.0	49	0.0
-731.0	48	0.0
-730.0	70	0.0
-729.0	55	0.0
-728.0	69	0.0
-727.0	63	0.0
-726.0	53	0.0
-725.0	45	0.0
-724.0	57	0.0
-723.0	64	0.0
-722.0	57	0.0
-721.0	53	0.0
-720.0	44	0.0
-719.0	56	0.0
-718.0	61	0.0
-717.0	66	0.0
-716.0	77	0.0
-715.0	59	0.0
-714.0	58	0.0
-713.0	56	0.0
-712.0	58	0.0
-711.0	55	0.0
-710.0	47	0.0
-709.0	64	0.0
-708.0	65	0.0
-707.0	51	0.0
-706.0	60	0.0
-705.0	65	0.0
-704.0	57	0.0
-703.0	53	0.0
-702.0	49	0.0
-701.0	45	0.0
-700.0	64	0.0
-699.0	48	0.0
-698.0	49	0.0
-697.0	58	0.0
-696.0	60	0.0
-695.0	64	0.0
-694.0	52	0.0
-693.0	61	0.0
-692.0	43	0.0
-691.0	62	0.0
-690.0	71	0.0
-689.0	68	0.0
-688.0	62	0.0
-687.0	56	0.0
-686.0	55	0.0
-685.0	66	0.0
-684.0	54	0.0
-683.0	59	0.0
-682.0	52	0.0
-681.0	70	0.0
-680.0	65	0.0
-679.0	56	0.0
-678.0	52	0.0
-677.0	55	0.0
-676.0	59	0.0
-675.0	53	0.0
-674.0	57	0.0
-673.0	74	0.0
-672.0	57	0.0
-671.0	48	0.0
-670.0	50	0.0
-669.0	66	0.0
-668.0	56	0.0
-667.0	48	0.0
-666.0	57	0.0
-665.0	64	0.0
-664.0	50	0.0
-663.0	64	0.0
-662.0	47	0.0
-661.0	53	0.0
-660.0	48	0.0
-659.0	75	0.0
-658.0	55	0.0
-657.0	60	0.0
-656.0	52	0.0
-655.0	48	0.0
-654.0	61	0.0
-653.0	54	0.0
-652.0	55	0.0
-651.0	54	0.0
-650.0	66	0.0
-649.0	43	0.0
-648.0	70	0.0
-647.0	69	0.0
-646.0	54	0.0
-645.0	61	0.0
-644.0	79	0.0
-643.0	62	0.0
-642.0	43	0.0
-641.0	61	0.0
-640.0	48	0.0
-639.0	64	0.0
-638.0	51	0.0
-637.0	67	0.0
-636.0	52	0.0
-635.0	60	0.0
-634.0	56	0.0
-633.0	65	0.0
-632.0	53	0.0
-631.0	58	0.0
-630.0	59	0.0
-629.0	46	0.0
-628.0	58	0.0
-627.0	61	0.0
-626.0	39	0.0
-625.0	55	0.0
-624.0	72	0.0
-623.0	48	0.0
-622.0	60	0.0
-621.0	70	0.0
-620.0	57	0.0
-619.0	49	0.0
-618.0	53	0.0
-617.0	65	0.0
-616.0	59	0.0
-615.0	59	0.0
-614.0	60	0.0
-613.0	55	0.0
-612.0	66	0.0
-611.0	70	0.0
-610.0	58	0.0
-609.0	67	0.0
-608.0	66	0.0
-607.0	41	0.0
-606.0	57	0.0
-605.0	55	0.0
-604.0	42	0.0
-603.0	48	0.0
-602.0	63	0.0
-601.0	71	0.0
-600.0	40	0.0
-599.0	57	0.0
-598.0	57	0.0
-597.0	49	0.0
-596.0	58	0.0
-595.0	58	0.0
-594.0	67	0.0
-593.0	58	0.0
-592.0	66	0.0
-591.0	62	0.0
-590.0	60	0.0
-589.0	58	0.0
-588.0	53	0.0
-587.0	46	0.0
-586.0	47	0.0
-585.0	65	0.0
-584.0	50	0.0
-583.0	60	0.0
-582.0	58	0.0
-581.0	75	0.0
-580.0	57	0.0
-579.0	59	0.0
-578.0	57	0.0
-577.0	64	0.0
-576.0	65	0.0
-575.0	61	0.0
-574.0	62	0.0
-573.0	61	0.0
-572.0	48	0.0
-571.0	57	0.0
-570.0	61	0.0
-569.0	45	0.0
-568.0	63	0.0
-567.0	77	0.0
-566.0	65	0.0
-565.0	55	0.0
-564.0	48	0.0
-563.0	60	0.0
-562.0	59	0.0
-561.0	64	0.0
-560.0	60	0.0
-559.0	53	0.0
-558.0	62	0.0
-557.0	70	0.0
-556.0	55	0.0
-555.0	46	0.0
-554.0	43	0.0
-553.0	68	0.0
-552.0	66	0.0
-551.0	50	0.0
-550.0	67	0.0
-549.0	49	0.0
-548.0	59	0.0
-547.0	66	0.0
-546.0	73	0.0
-545.0	82	0.0
-544.0	63	0.0
-543.0	77	0.0
-542.0	54	0.0
-541.0	62	0.0
-540.0	58	0.0
-539.0	51	0.0
-538.0	47	0.0
-537.0	73	0.0
-536.0	58	0.0
-535.0	62	0.0
-534.0	55	0.0
-533.0	58	0.0
-532.0	63	0.0
-531.0	77	0.0
-530.0	55	0.0
-529.0	51	0.0
-528.0	52	0.0
-527.0	56	0.0
-526.0	49	0.0
-525.0	60	0.0
-524.0	52	0.0
-523.0	33	0.0
-522.0	70	0.0
-521.0	58	0.0
-520.0	64	0.0
-519.0	61	0.0
-518.0	58	0.0
-517.0	64	0.0
-516.0	58	0.0
-515.0	63	0.0
-514.0	54	0.0
-513.0	55	0.0
-512.0	53	0.0
-511.0	59	0.0
-510.0	57	0.0
-509.0	55	0.0
-508.0	53	0.0
-507.0	61	0.0
-506.0	44	0.0
-505.0	62	0.0
-504.0	61	0.0
-503.0	52	0.0
-502.0	63	0.0
-501.0	62	0.0
-500.0	60	0.0
-499.0	45	0.0
-498.0	59	0.0
-497.0	63	0.0
-496.0	60	0.0
-495.0	55	0.0
-494.0	50	0.0
-493.0	63	0.0
-492.0	64	0.0
-491.0	51	0.0
-490.0	64	0.0
-489.0	57	0.0
-488.0	63	0.0
-487.0	65	0.0
-486.0	56	0.0
-485.0	47	0.0
-484.0	59	0.0
-483.0	67	0.0
-482.0	51	0.0
-481.0	51	0.0
-480.0	68	0.0
-479.0	48	0.0
-478.0	52	0.0
-477.0	60	0.0
-476.0	62	0.0
-475.0	56	0.0
-474.0	55	0.0
-473.0	57	0.0
-472.0	57	0.0
-471.0	55	0.0
-470.0	66	0.0
-469.0	38	0.0
-468.0	57	0.0
-467.0	50	0.0
-466.0	48	0.0
-465.0	47	0.0
-464.0	67	0.0
-463.0	63	0.0
-462.0	61	0.0
-461.0	57	0.0
-460.0	55	0.0
-459.0	63	0.0
-458.0	67	0.0
-457.0	51	0.0
-456.0	63	0.0
-455.0	44	0.0
-454.0	71	0.0
-453.0	60	0.0
-452.0	64	0.0
-451.0	60	0.0
-450.0	52	0.0
-449.0	46	0.0
-448.0	73	0.0
-447.0	63	0.0
-446.0	57	0.0
-445.0	40	0.0
-444.0	56	0.0
-443.0	57	0.0
-442.0	63	0.0
-441.0	60	0.0
-440.0	54	0.0
-439.0	64	0.0
-438.0	50	0.0
-437.0	43	0.0
-436.0	63	0.0
-435.0	58	0.0
-434.0	61	0.0
-433.0	55	0.0
-432.0	63	0.0
-431.0	53	0.0
-430.0	54	0.0
-429.0	60	0.0
-428.0	43	0.0
-427.0	63	0.0
-426.0	61	0.0
-425.0	64	0.0
-424.0	57	0.0
-423.0	58	0.0
-422.0	62	0.0
-421.0	60	0.0
-420.0	70	0.0
-419.0	56	0.0
-418.0	52	0.0
-417.0	57	0.0
-416.0	63	0.0
-415.0	46	0.0
-414.0	60	0.0
-413.0	59	0.0
-412.0	65	0.0
-411.0	58	0.0
-410.0	52	0.0
-409.0	57	0.0
-408.0	59	0.0
-407.0	55	0.0
-406.0	59	0.0
-405.0	51	0.0
-404.0	65	0.0
-403.0	55	0.0
-402.0	57	0.0
-401.0	62	0.0
-400.0	57	0.0
-399.0	53	0.0
-398.0	56	0.0
-397.0	53	0.0
-396.0	54	0.0
-395.0	66	0.0
-394.0	50	0.0
-393.0	71	0.0
-392.0	67	0.0
-391.0	53	0.0
-390.0	59	0.0
-389.0	57	0.0
-388.0	59	0.0
-387.0	54	0.0
-386.0	74	0.0
-385.0	55	0.0
-384.0	42	0.0
-383.0	58	0.0
-382.0	60	0.0
-381.0	58	0.0
-380.0	56	0.0
-379.0	50	0.0
-378.0	47	0.0
-377.0	72	0.0
-376.0	55	0.0
-375.0	63	0.0
-374.0	64	0.0
-373.0	59	0.0
-372.0	57	0.0
-371.0	45	0.0
-370.0	58	0.0
-369.0	77	0.0
-368.0	66	0.0
-367.0	57	0.0
-366.0	51	0.0
-365.0	59	0.0
-364.0	59	0.0
-363.0	59	0.0
-362.0	62	0.0
-361.0	57	0.0
-360.0	47	0.0
-359.0	65	0.0
-358.0	56	0.0
-357.0	53	0.0
-356.0	65	0.0
-355.0	60	0.0
-354.0	62	0.0
-353.0	61	0.0
-352.0	59	0.0
-351.0	57	0.0
-350.0	50	0.0
-349.0	68	0.0
-348.0	67	0.0
-347.0	59	0.0
-346.0	59	0.0
-345.0	59	0.0
-344.0	66	0.0
-343.0	47	0.0
-342.0	46	0.0
-341.0	51	0.0
-340.0	55	0.0
-339.0	61	0.0
-338.0	60	0.0
-337.0	56	0.0
-336.0	59	0.0
-335.0	65	0.0
-334.0	58	0.0
-333.0	57	0.0
-332.0	57	0.0
-331.0	57	0.0
-330.0	60	0.0
-329.0	55	0.0
-328.0	48	0.0
-327.0	54	0.0
-326.0	52	0.0
-325.0	53	0.0
-324.0	48	0.0
-323.0	57	0.0
-322.0	45	0.0
-321.0	56	0.0
-320.0	56	0.0
-319.0	56	0.0
-318.0	51	0.0
-317.0	71	0.0
-316.0	54	0.0
-315.0	69	0.0
-314.0	54	0.0
-313.0	55	0.0
-312.0	51	0.0
-311.0	44	0.0
-310.0	51	0.0
-309.0	57	0.0
-308.0	64	0.0
-307.0	54	0.0
-306.0	62	0.0
-305.0	57	0.0
-304.0	61	0.0
-303.0	56	0.0
-302.0	61	0.0
-301.0	69	0.0
-300.0	65	0.0
-299.0	66	0.0
-298.0	60	0.0
-297.0	71	0.0
-296.0	62	0.0
-295.0	61	0.0
-294.0	74	0.0
-293.0	55	0.0
-292.0	60	0.0
-291.0	81	0.0
-290.0	53	0.0
-289.0	59	0.0
-288.0	58	0.0
-287.0	73	0.0
-286.0	52	0.0
-285.0	62	0.0
-284.0	47	0.0
-283.0	35	0.0
-282.0	61	0.0
-281.0	56	0.0
-280.0	72	0.0
-279.0	75	0.0
-278.0	59	0.0
-277.0	72	0.0
-276.0	52	0.0
-275.0	65	0.0
-274.0	65	0.0
-273.0	65	0.0
-272.0	55	0.0
-271.0	61	0.0
-270.0	49	0.0
-269.0	63	0.0
-268.0	53	0.0
-267.0	56	0.0
-266.0	57	0.0
-265.0	58	0.0
-264.0	67	0.0
-263.0	51	0.0
-262.0	38	0.0
-261.0	57	0.0
-260.0	57	0.0
-259.0	56	0.0
-258.0	76	0.0
-257.0	63	0.0
-256.0	57	0.0
-255.0	63	0.0
-254.0	74	0.0
-253.0	55	0.0
-252.0	54	0.0
-251.0	73	0.0
-250.0	57	0.0
-249.0	65	0.0
-248.0	60	0.0
-247.0	67	0.0
-246.0	66	0.0
-245.0	65	0.0
-244.0	57	0.0
-243.0	63	0.0
-242.0	64	0.0
-241.0	55	0.0
-240.0	56	0.0
-239.0	47	0.0
-238.0	75	0.0
-237.0	49	0.0
-236.0	48	0.0
-235.0	61	0.0
-234.0	52	0.0
-233.0	47	0.0
-232.0	55	0.0
-231.0	60	0.0
-230.0	60	0.0
-229.0	52	0.0
-228.0	49	0.0
-227.0	69	0.0
-226.0	57	0.0
-225.0	53	0.0
-224.0	66	0.0
-223.0	60	0.0
-222.0	55	0.0
-221.0	62	0.0
-220.0	59	0.0
-219.0	58	0.0
-218.0	69	0.0
-217.0	59	0.0
-216.0	47	0.0
-215.0	52	0.0
-214.0	67	0.0
-213.0	55	0.0
-212.0	46	0.0
-211.0	60	0.0
-210.0	63	0.0
-209.0	41	0.0
-208.0	54	0.0
-207.0	48	0.0
-206.0	64	0.0
-205.0	62	0.0
-204.0	56	0.0
-203.0	61	0.0
-202.0	56	0.0
-201.0	55	0.0
-200.0	68	0.0
-199.0	52	0.0
-198.0	55	0.0
-197.0	66	0.0
-196.0	64	0.0
-195.0	44	0.0
-194.0	60	0.0
-193.0	61	0.0
-192.0	42	0.0
-191.0	72	0.0
-190.0	66	0.0
-189.0	53	0.0
-188.0	51	0.0
-187.0	61	0.0
-186.0	58	0.0
-185.0	62	0.0
-184.0	59	0.0
-183.0	59	0.0
-182.0	67	0.0
-181.0	45	0.0
-180.0	50	0.0
-179.0	54	0.0
-178.0	57	0.0
-177.0	65	0.0
-176.0	54	0.0
-175.0	66	0.0
-174.0	65	0.0
-173.0	50	0.0
-172.0	61	0.0
-171.0	49	0.0
-170.0	49	0.0
-169.0	60	0.0
-168.0	51	0.0
-167.0	54	0.0
-166.0	52	0.0
-165.0	70	0.0
-164.0	53	0.0
-163.0	62	0.0
-162.0	57	0.0
-161.0	55	0.0
-160.0	65	0.0
-159.0	58	0.0
-158.0	88	0.0
-157.0	63	0.0
-156.0	65	0.0
-155.0	59	0.0
-154.0	62	0.0
-153.0	50	0.0
-152.0	61	0.0
-151.0	59	0.0
-150.0	70	0.0
-149.0	57	0.0
-148.0	65	0.0
-147.0	58	0.0
-146.0	59	0.0
-145.0	68	0.0
-144.0	72	0.0
-143.0	58	0.0
-142.0	51	0.0
-141.0	63	0.0
-140.0	54	0.0
-139.0	50	0.0
-138.0	50	0.0
-137.0	63	0.0
-136.0	54	0.0
-135.0	39	0.0
-134.0	55	0.0
-133.0	54	0.0
-132.0	53	0.0
-131.0	52	0.0
-130.0	64	0.0
-129.0	67	0.0
-128.0	60	0.0
-127.0	55	0.0
-126.0	64	0.0
-125.0	52	0.0
-124.0	56	0.0
-123.0	60	0.0
-122.0	60	0.0
-121.0	51	0.0
-120.0	50	0.0
-119.0	61	0.0
-118.0	56	0.0
-117.0	49	0.0
-116.0	76	0.0
-115.0	54	0.0
-114.0	60	0.0
-113.0	57	0.0
-112.0	61	0.0
-111.0	45	0.0
-110.0	52	0.0
-109.0	59	0.0
-108.0	60	0.0
-107.0	48	0.0
-106.0	46	0.0
-105.0	71	0.0
-104.0	54	0.0
-103.0	52	0.0
-102.0	55	0.0
-101.0	65	0.0
-100.0	46	0.0
-99.0	44	0.0
-98.0	64	0.0
-97.0	61	0.0
-96.0	67	0.0
-95.0	63	0.0
-94.0	48	0.0
-93.0	58	0.0
-92.0	77	0.0
-91.0	55	0.0
-90.0	53	0.0
-89.0	60	0.0
-88.0	68	0.0
-87.0	59	0.0
-86.0	65	0.0
-85.0	48	0.0
-84.0	67	0.0
-83.0	69	0.0
-82.0	61	0.0
-81.0	70	0.0
-80.0	51	0.0
-79.0	66	0.0
-78.0	68	0.0
-77.0	61	0.0
-76.0	55	0.0
-75.0	77	0.0
-74.0	63	0.0
-73.0	50	0.0
-72.0	59	0.0
-71.0	62	0.0
-70.0	73	0.0
-69.0	57	0.0
-68.0	63	0.0
-67.0	47	0.0
-66.0	52	0.0
-65.0	57	0.0
-64.0	61	0.0
-63.0	54	0.0
-62.0	59	0.0
-61.0	72	0.0
-60.0	73	0.0
-59.0	65	0.0
-58.0	63	0.0
-57.0	56	0.0
-56.0	50	0.0
-55.0	59	0.0
-54.0	65	0.0
-53.0	52	0.0
-52.0	55	0.0
-51.0	69	0.0
-50.0	61	0.0
-49.0	64	0.0
-48.0	51	0.0
-47.0	55	0.0
-46.0	50	0.0
-45.0	59	0.0
-44.0	52	0.0
-43.0	66	0.0
-42.0	57	0.0
-41.0	54	0.0
-40.0	65	0.0
-39.0	67	0.0
-38.0	47	0.0
-37.0	57	0.0
-36.0	49	0.0
-35.0	59	0.0
-34.0	69	0.0
-33.0	56	0.0
-32.0	56	0.0
-31.0	65	0.0
-30.0	59	0.0
-29.0	65	0.0
-28.0	54	0.0
-27.0	61	0.0
-26.0	62	0.0
-25.0	60	0.0
-24.0	73	0.0
-23.0	61	0.0
-22.0	66	0.0
-21.0	50	0.0
-20.0	62	0.0
-19.0	59	0.0
-18.0	64	0.0
-17.0	55	0.0
-16.0	69	0.0
-15.0	69	0.0
-14.0	58	0.0
-13.0	48	0.0
-12.0	54	0.0
-11.0	56	0.0
-10.0	65	0.0
-9.0	68	0.0
-8.0	73	0.0
-7.0	56	0.0
-6.0	65	0.0
-5.0	56	0.0
-4.0	59	0.0
-3.0	64	0.0
-2.0	64	0.0
-1.0	51	0.0
0.0	51	0.0
1.0	60	0.0
2.0	54	0.0
3.0	49	0.0
4.0	59	0.0
5.0	47	0.0
6.0	66	0.0
7.0	55	0.0
8.0	48	0.0
9.0	55	0.0
10.0	58	0.0
11.0	45	0.0
12.0	59	0.0
13.0	55	0.0
14.0	69	0.0
15.0	64	0.0
16.0	61	0.0
17.0	62	0.0
18.0	70	0.0
19.0	60	1940.5060532984833
20.0	62	3717.5521605989243
21.0	62	5342.152124427642
22.0	55	6824.652339257695
23.0	68	8174.769757891057
24.0	64	9401.62778764193
25.0	67	10513.790225810359
26.0	59	11519.293338276277
27.0	67	12425.676179672795
28.0	78	13240.009248499666
29.0	84	13968.921565698403
30.0	78	14618.626260616715
31.0	115	15194.944743932016
32.0	96	15703.32954296554
33.0	105	16148.885870893453
34.0	87	16536.391997634302
35.0	94	16870.318486658038
36.0	104	17154.846358606377
37.0	87	17393.884239431576
38.0	85	17591.084547740043
39.0	109	17749.858773162996
40.0	88	17873.391894857323
41.0	91	17964.65598666115
42.0	101	18026.423052982835
43.0	90	18061.27713718202
44.0	102	18071.625741999214
45.0	83	18059.71059950484
46.0	106	18027.617826057394
47.0	81	17977.28749588351
48.0	97	17910.522665112534
49.0	88	17828.99787640856
50.0	81	17734.26717274435
51.0	88	17627.77164734042
52.0	87	17510.846555356402
53.0	86	17384.728011555813
54.0	96	17250.55929687164
55.0	87	17109.396795575398
56.0	81	16962.21558358862
57.0	90	16809.91468737547
58.0	99	16653.322031809585
59.0	81	16493.199094420397
60.0	82	16330.24528248528
61.0	89	16165.102048546007
62.0	109	15998.356759085606
63.0	90	15830.546330304292
64.0	86	15662.160644177551
65.0	91	15493.645757262824
66.0	83	15325.406914043682
67.0	79	15157.811375957921
68.0	82	14991.191076646797
69.0	82	14825.84511338728
70.0	88	14662.042084123019
71.0	68	14500.022278992727
72.0	83	14339.999734765697
73.0	78	14182.164160131028
74.0	75	14026.682739347445
75.0	83	13873.701821347171
76.0	76	13723.348500992319
77.0	86	13575.732098811763
78.0	83	13430.945545193434
79.0	81	13289.06667467425
80.0	74	13150.159435654436
81.0	88	13014.275020564592
82.0	81	12881.452921231783
83.0	79	12751.721913923786
84.0	84	12625.100978298075
85.0	71	12501.600154243224
86.0	73	12381.221340374585
87.0	74	12263.959037732135
88.0	83	12149.801042026707
89.0	80	12038.729087589645
90.0	72	11930.719446000148
91.0	79	11825.743482194273
92.0	72	11723.768170697847
93.0	69	11624.756574473238
94.0	62	11528.668288725805
95.0	76	11435.459851879708
96.0	92	11345.085125803955
97.0	86	11257.495647248441
98.0	92	11172.64095233452
99.0	72	11090.468875836501
100.0	77	11010.925826888017
101.0	60	10933.957042650738
102.0	76	10859.506821391227
103.0	75	10787.518736326187
104.0	82	10717.935831514571
105.0	84	10650.700800998533
106.0	80	10585.756152322881
107.0	87	10523.044355494141
108.0	84	10462.507978376176
109.0	86	10404.089809458565
110.0	81	10347.732968876284
111.0	78	10293.381008505794
112.0	70	10240.9780019111
113.0	88	10190.468624865962
114.0	56	10141.798227132593
115.0	57	10094.912896135167
116.0	90	10049.759513125755
117.0	80	10006.28580240292
118.0	87	9964.440374107335
119.0	71	9924.172761085392
120.0	60	9885.433450280154
121.0	79	9848.173909079223
122.0	87	9812.346607021384
123.0	84	9777.905033237295
124.0	74	9744.803709974945
125.0	81	9712.998202537327
126.0	96	9682.445125937827
127.0	80	9653.102148558428
128.0	72	9624.927993076266
129.0	78	9597.882434906256
130.0	69	9571.926298390263
131.0	69	9547.021450947246
132.0	80	9523.130795384008
133.0	72	9500.21826055193
134.0	74	9478.248790521795
135.0	76	9457.188332436728
136.0	77	9437.003823191131
137.0	68	9417.663175073141
138.0	96	9399.135260497638
139.0	76	9381.389895947274
140.0	70	9364.397825230044
141.0	71	9348.130702153887
142.0	80	9332.56107271026
143.0	61	9317.662356852092
144.0	79	9303.408829944148
145.0	81	9289.775603957578
146.0	76	9276.738608474541
147.0	87	9264.274571563152
148.0	86	9252.361000577712
149.0	73	9240.976162934516
150.0	85	9230.099066908795
151.0	69	9219.709442494379
152.0	63	9209.787722363497
153.0	64	9200.315022960669
154.0	78	9191.273125761189
155.0	84	9182.64445872152
156.0	76	9174.412077946097
157.0	74	9166.55964959212
158.0	82	9159.071432031704
159.0	79	9151.932258288181
160.0	90	9145.127518761217
161.0	67	9138.64314425363
162.0	72	9132.465589310681
163.0	71	9126.58181588107
164.0	69	9120.979277307344
165.0	81	9115.645902651815
166.0	66	9110.570081362996
167.0	62	9105.740648286137
168.0	82	9101.14686902053
169.0	96	9096.778425625018
170.0	70	9092.625402672498
171.0	70	9088.678273653068
172.0	71	9084.927887724969
173.0	77	9081.365456811574
174.0	73	9077.982543042202
175.0	93	9074.771046533866
176.0	74	9071.723193510563
177.0	67	9068.831524756471
178.0	70	9066.088884398545
179.0	88	9063.488409014273
180.0	64	9061.023517059439
181.0	64	9058.68789861087
182.0	80	9056.475505418792
183.0	64	9054.380541263074
184.0	77	9052.397452607695
185.0	67	9050.520919547485
186.0	84	9048.7458470411
187.0	87	9047.067356424011
188.0	80	9045.480777195484
189.0	82	9043.981639073163
190.0	66	9042.56566430896
191.0	95	9041.228760260014
192.0	63	9039.967012208386
193.0	66	9038.776676423191
194.0	90	9037.654173458886
195.0	67	9036.596081683543
196.0	65	9035.599131030844
197.0	75	9034.660196969773
198.0	68	9033.77629468585
199.0	65	9032.944573468018
200.0	78	9032.162311295211
201.0	79	9031.426909616832
202.0	85	9030.735888321398
203.0	77	9030.086880887719
204.0	71	9029.477629713138
205.0	81	9028.905981613278
206.0	73	9028.369883488182
207.0	77	9027.86737814939
208.0	74	9027.396600303073
209.0	71	9026.955772684103
210.0	77	9026.543202336243
211.0	56	9026.157277033593
212.0	69	9025.796461838858
213.0	61	9025.45929579363
214.0	80	9025.14438873647
215.0	69	9024.850418244367
216.0	73	9024.576126693428
217.0	68	9024.32031843471
218.0	65	9024.081857081163
219.0	82	9023.859662901912
220.0	76	9023.652710320028
221.0	71	9023.46002551019
222.0	79	9023.280684092686
223.0	78	9023.113808920323
224.0	65	9022.958567954793
225.0	84	9022.814172229506
226.0	90	9022.679873895433
227.0	80	9022.554964347184
228.0	64	9022.438772426207
229.0	79	9022.330662698287
230.0	81	9022.23003380265
231.0	79	9022.136316869874
232.0	89	9022.048974006135
233.0	77	9021.967496841147
234.0	79	9021.891405137514
235.0	64	9021.820245459076
236.0	87	9021.753589895916
237.0	76	9021.691034844009
238.0	68	9021.632199837208
239.0	75	9021.576726429705
240.0	73	9021.524277126824
241.0	93	9021.474534362378
242.0	81	9021.427199520653
243.0	76	9021.381992001341
244.0	65	9021.338648325616
245.0	62	9021.296921281779
246.0	82	9021.256579108822
247.0	68	9021.217404716486
248.0	69	9021.17919494014
249.0	77	9021.141759829301
250.0	87	9021.104921968186
251.0	57	9021.068515827226
252.0	84	9021.032387143989
253.0	65	9020.99639233257
254.0	90	9020.960397920044
255.0	85	9020.924280008941
256.0	86	9020.887923764796
257.0	67	9020.851222927333
258.0	62	9020.814079344767
259.0	71	9020.776402529858
260.0	82	9020.738109236985
261.0	59	9020.69912305931
262.0	69	9020.659374045128
263.0	78	9020.618798332616
264.0	70	9020.577337802173
265.0	81	9020.534939745588
266.0	72	9020.49155655129
267.0	81	9020.447145404989
268.0	70	9020.40166800508
269.0	63	9020.355090291985
270.0	85	9020.3073821911
271.0	75	9020.258517368446
272.0	68	9020.208472998662
273.0	81	9020.157229544717
274.0	66	9020.104770548754
275.0	84	9020.051082433716
276.0	72	9019.99615431508
277.0	84	9019.939977822372
278.0	78	9019.88254692999
279.0	89	9019.823857796831
280.0	74	9019.763908614459
281.0	74	9019.702699463243
282.0	59	9019.640232176236
283.0	77	9019.576510210387
284.0	76	9019.511538524705
285.0	68	9019.44532346512
286.0	65	9019.377872655594
287.0	67	9019.309194895444
288.0	70	9019.239300062196
289.0	74	9019.168199020069
290.0	63	9019.095903533625
291.0	76	9019.022426186342
292.0	82	9018.94778030395
293.0	78	9018.871979882219
294.0	77	9018.795039519036
295.0	81	9018.716974350482
296.0	59	9018.637799990825
297.0	84	9018.557532476154
298.0	78	9018.476188211425
299.0	59	9018.39378392092
300.0	79	9018.310336601717
301.0	74	9018.225863480218
302.0	76	9018.140381971474
303.0	68	9018.053909641134
304.0	90	9017.966464169995
305.0	78	9017.878063320928
306.0	84	9017.788724908045
307.0	78	9017.698466768092
308.0	92	9017.607306733798
309.0	54	9017.515262609206
310.0	75	9017.422352146847
311.0	89	9017.328593026532
312.0	78	9017.23400283595
313.0	70	9017.138599052618
314.0	85	9017.042399027414
315.0	79	9016.945419969461
316.0	65	9016.847678932225
317.0	72	9016.749192800968
318.0	81	9016.649978281226
319.0	76	9016.550051888431
320.0	72	9016.449429938566
321.0	55	9016.348128539732
322.0	87	9016.246163584665
323.0	70	9016.143550744044
324.0	62	9016.040305460647
325.0	69	9015.936442944225
326.0	79	9015.831978167082
327.0	69	9015.72692586033
328.0	69	9015.621300510671
329.0	87	9015.515116357892
330.0	61	9015.408387392781
331.0	66	9015.30112735554
332.0	52	9015.193349734795
333.0	65	9015.085067766864
334.0	70	9014.976294435532
335.0	93	9014.867042472195
336.0	61	9014.757324356291
337.0	74	9014.647152316153
338.0	69	9014.53653833001
339.0	73	9014.425494127428
340.0	75	9014.314031190888
341.0	73	9014.202160757599
342.0	70	9014.08989382161
343.0	66	9013.977241136015
344.0	76	9013.864213215391
345.0	78	9013.750820338359
346.0	50	9013.637072550344
347.0	66	9013.522979666426
348.0	89	9013.408551274275
349.0	82	9013.29379673728
350.0	73	9013.178725197684
351.0	78	9013.063345579842
352.0	63	9012.94766659355
353.0	86	9012.831696737432
354.0	63	9012.71544430234
355.0	68	9012.598917374868
356.0	85	9012.482123840842
357.0	68	9012.365071388871
358.0	86	9012.247767513876
359.0	72	9012.1302195207
360.0	63	9012.01243452768
361.0	69	9011.894419470182
362.0	80	9011.776181104264
363.0	79	9011.657726010153
364.0	84	9011.5390605959
365.0	76	9011.420191100824
366.0	75	9011.301123599114
367.0	74	9011.181864003294
368.0	81	9011.062418067675
369.0	95	9010.942791391846
370.0	71	9010.822989424025
371.0	74	9010.703017464464
372.0	69	9010.582880668793
373.0	64	9010.46258405131
374.0	75	9010.3421324882
375.0	80	9010.22153072081
376.0	61	9010.10078335877
377.0	80	9009.979894883134
378.0	81	9009.858869649468
379.0	68	9009.73771189084
380.0	75	9009.616425720847
381.0	81	9009.49501513654
382.0	73	9009.373484021266
383.0	86	9009.251836147534
384.0	64	9009.130075179823
385.0	59	9009.00820467724
386.0	65	9008.886228096271
387.0	70	9008.76414879337
388.0	75	9008.641970027556
389.0	70	9008.519694962948
390.0	83	9008.397326671198
391.0	93	9008.274868133985
392.0	71	9008.152322245329
393.0	76	9008.029691813976
394.0	75	9007.90697956561
395.0	83	9007.78418814515
396.0	72	9007.66132011887
397.0	79	9007.53837797658
398.0	70	9007.415364133643
399.0	67	9007.2922809331
400.0	75	9007.169130647571
401.0	88	9007.045915481283
402.0	75	9006.92263757189
403.0	51	9006.799298992355
404.0	80	9006.675901752797
405.0	75	9006.552447802203
406.0	81	9006.42893903017
407.0	79	9006.305377268593
408.0	74	9006.181764293286
409.0	74	9006.058101825607
410.0	75	9005.934391534009
411.0	74	9005.81063503552
412.0	55	9005.68683389728
413.0	73	9005.562989637961
414.0	81	9005.439103729163
415.0	65	9005.31517759679
416.0	79	9005.191212622389
417.0	56	9005.067210144442
418.0	79	9004.94317145963
419.0	72	9004.81909782408
420.0	80	9004.69499045454
421.0	73	9004.570850529566
422.0	83	9004.446679190623
423.0	72	9004.322477543246
424.0	65	9004.198246658048
425.0	72	9004.073987571819
426.0	66	9003.94970128851
427.0	85	9003.825388780242
428.0	60	9003.701050988244
429.0	75	9003.576688823803
430.0	85	9003.452303169175
431.0	83	9003.327894878446
432.0	72	9003.203464778404
433.0	63	9003.079013669392
434.0	67	9002.954542326077
435.0	80	9002.830051498267
436.0	77	9002.705541911664
437.0	77	9002.5810142686
438.0	74	9002.456469248791
439.0	73	9002.331907509964
440.0	66	9002.207329688626
441.0	87	9002.082736400678
442.0	69	9001.958128242037
443.0	72	9001.8335057893
444.0	72	9001.708869600327
445.0	75	9001.584220214812
446.0	80	9001.459558154891
447.0	66	9001.334883925663
448.0	75	9001.210198015722
449.0	77	9001.085500897709
450.0	65	9000.96079302878
451.0	74	9000.83607485111
452.0	74	9000.711346792375
453.0	71	9000.586609266205
454.0	88	9000.461862672606
455.0	54	9000.337107398464
456.0	67	9000.212343817868
457.0	83	9000.0875722926
458.0	62	8999.962793172457
459.0	71	8999.838006795722
460.0	74	8999.71321348944
461.0	73	8999.588413569836
462.0	78	8999.463607342655
463.0	68	8999.338795103495
464.0	58	8999.213977138112
465.0	81	8999.08915372277
466.0	60	8998.964325124547
467.0	82	8998.839491601606
468.0	68	8998.714653403496
469.0	74	8998.589810771444
470.0	76	8998.464963938597
471.0	71	8998.340113130344
472.0	64	8998.215258564487
473.0	67	8998.090400451547
474.0	67	8997.965538994975
475.0	78	8997.840674391407
476.0	77	8997.715806830858
477.0	67	8997.59093649696
478.0	76	8997.46606356716
479.0	74	8997.34118821294
480.0	72	8997.21631059999
481.0	85	8997.09143088841
482.0	80	8996.966549232886
483.0	61	8996.841665782908
484.0	70	8996.716780682864
485.0	75	8996.591894072295
486.0	69	8996.46700608599
487.0	71	8996.342116854174
488.0	87	8996.217226502664
489.0	89	8996.092335152998
490.0	81	8995.967442922572
491.0	69	8995.842549924819
492.0	97	8995.717656269271
493.0	80	8995.592762061766
494.0	70	8995.467867404528
495.0	65	8995.342972396282
496.0	68	8995.218077132375
497.0	64	8995.093181704942
498.0	69	8994.968286202919
499.0	69	8994.843390712227
500.0	73	8994.718495315834
501.0	63	8994.593600093876
502.0	69	8994.468705123747
503.0	77	8994.34381048017
504.0	72	8994.218916235315
505.0	74	8994.094022458867
506.0	69	8993.969129218129
507.0	89	8993.844236578081
508.0	64	8993.719344601459
509.0	85	8993.594453348845
510.0	71	8993.469562878758
511.0	71	8993.34467324765
512.0	68	8993.219784510067
513.0	59	8993.094896718672
514.0	91	8992.970009924271
515.0	78	8992.84512417595
516.0	68	8992.720239521082
517.0	65	8992.595356005422
518.0	81	8992.470473673102
519.0	73	8992.345592566759
520.0	68	8992.220712727532
521.0	53	8992.095834195152
522.0	84	8991.970957007961
523.0	84	8991.846081202959
524.0	70	8991.721206815866
525.0	77	8991.596333881178
526.0	75	8991.471462432166
527.0	72	8991.346592500964
528.0	71	8991.221724118568
529.0	73	8991.096857314911
530.0	85	8990.971992118868
531.0	68	8990.847128558307
532.0	56	8990.722266660134
533.0	84	8990.597406450319
534.0	75	8990.472547953903
535.0	79	8990.34769119506
536.0	70	8990.222836197143
537.0	77	8990.097982982646
538.0	65	8989.973131573308
539.0	80	8989.848281990078
540.0	98	8989.723434253208
541.0	75	8989.598588382203
542.0	80	8989.473744395891
543.0	73	8989.34890231246
544.0	77	8989.22406214944
545.0	84	8989.099223923746
546.0	79	8988.9743876517
547.0	66	8988.849553349059
548.0	63	8988.724721030996
549.0	75	8988.599890712192
550.0	78	8988.475062406773
551.0	85	8988.350236128379
552.0	78	8988.225411890184
553.0	55	8988.100589704874
554.0	78	8987.975769584695
555.0	60	8987.850951541459
556.0	73	8987.726135586568
557.0	75	8987.601321731
558.0	72	8987.476509985378
559.0	59	8987.351700359919
560.0	81	8987.22689286448
561.0	72	8987.10208750858
562.0	58	8986.977284301398
563.0	53	8986.852483251776
564.0	68	8986.727684368261
565.0	64	8986.602887659064
566.0	72	8986.478093132147
567.0	94	8986.353300795152
568.0	99	8986.228510655461
569.0	66	8986.103722720194
570.0	70	8985.978936996218
571.0	73	8985.854153490156
572.0	79	8985.729372208389
573.0	64	8985.60459315706
574.0	63	8985.479816342126
575.0	66	8985.355041769286
576.0	79	8985.23026944407
577.0	70	8985.105499371793
578.0	72	8984.980731557589
579.0	73	8984.855966006386
580.0	75	8984.731202722967
581.0	60	8984.606441711912
582.0	84	8984.481682977666
583.0	76	8984.356926524484
584.0	85	8984.23217235648
585.0	72	8984.107420477634
586.0	67	8983.982670891759
587.0	78	8983.857923602542
588.0	82	8983.733178613535
589.0	84	8983.608435928165
590.0	89	8983.483695549718
591.0	79	8983.358957481385
592.0	69	8983.234221726228
593.0	67	8983.109488287186
594.0	70	8982.984757167123
595.0	69	8982.860028368765
596.0	64	8982.735301894762
597.0	59	8982.610577747651
598.0	73	8982.485855929888
599.0	63	8982.36113644383
600.0	78	8982.236419291745
601.0	64	8982.11170447584
602.0	68	8981.98699199822
603.0	73	8981.86228186092
604.0	66	8981.73757406589
605.0	62	8981.612868615011
606.0	75	8981.488165510116
607.0	73	8981.363464752934
608.0	94	8981.238766345172
609.0	68	8981.114070288435
610.0	77	8980.989376584286
611.0	72	8980.864685234226
612.0	67	8980.739996239703
613.0	74	8980.615309602117
614.0	70	8980.490625322807
615.0	58	8980.36594340305
616.0	55	8980.241263844093
617.0	76	8980.116586647142
618.0	64	8979.991911813335
619.0	77	8979.867239343772
620.0	77	8979.742569239537
621.0	61	8979.617901501633
622.0	61	8979.493236131057
623.0	84	8979.368573128757
624.0	80	8979.243912495635
625.0	57	8979.119254232568
626.0	80	8978.994598340403
627.0	71	8978.869944819944
628.0	76	8978.745293671967
629.0	91	8978.620644897233
630.0	62	8978.495998496446
631.0	76	8978.371354470299
632.0	63	8978.24671281946
633.0	79	8978.12207354456
634.0	73	8977.997436646217
635.0	52	8977.872802125017
636.0	72	8977.748169981516
637.0	67	8977.623540216273
638.0	54	8977.498912829786
639.0	85	8977.37428782257
640.0	71	8977.24966519509
641.0	66	8977.12504494782
642.0	58	8977.000427081191
643.0	70	8976.87581159562
644.0	74	8976.751198491524
645.0	80	8976.62658776928
646.0	85	8976.501979429264
647.0	64	8976.37737347183
648.0	84	8976.25276989732
649.0	79	8976.128168706055
650.0	67	8976.00356989836
651.0	60	8975.878973474515
652.0	73	8975.754379434817
653.0	89	8975.62978777953
654.0	70	8975.505198508923
655.0	75	8975.380611623244
656.0	82	8975.25602712273
657.0	71	8975.131445007595
658.0	85	8975.00686527808
659.0	92	8974.88228793436
660.0	77	8974.757712976654
661.0	83	8974.633140405145
662.0	79	8974.508570220009
663.0	75	8974.384002421413
664.0	100	8974.259437009516
665.0	75	8974.134873984474
666.0	61	8974.01031334643
667.0	52	8973.885755095524
668.0	64	8973.76119923189
669.0	65	8973.636645755641
670.0	75	8973.512094666894
671.0	75	8973.387545965767
672.0	65	8973.262999652356
673.0	66	8973.138455726761
674.0	73	8973.013914189081
675.0	64	8972.889375039385
676.0	69	8972.76483827777
677.0	84	8972.640303904303
678.0	64	8972.51577191905
679.0	82	8972.391242322094
680.0	70	8972.266715113477
681.0	81	8972.14219029326
682.0	78	8972.017667861506
683.0	70	8971.893147818246
684.0	92	8971.768630163535
685.0	79	8971.644114897406
686.0	77	8971.519602019906
687.0	75	8971.395091531056
688.0	69	8971.270583430894
689.0	74	8971.146077719435
690.0	76	8971.021574396718
691.0	96	8970.897073462747
692.0	88	8970.772574917546
693.0	76	8970.648078761125
694.0	48	8970.52358499349
695.0	74	8970.399093614664
696.0	81	8970.274604624641
697.0	82	8970.150118023428
698.0	72	8970.025633811023
699.0	63	8969.901151987422
700.0	72	8969.776672552627
701.0	55	8969.652195506631
702.0	63	8969.52772084942
703.0	61	8969.403248580986
704.0	74	8969.278778701331
705.0	61	8969.154311210423
706.0	72	8969.029846108251
707.0	67	8968.905383394796
708.0	69	8968.780923070039
709.0	76	8968.656465133967
710.0	61	8968.532009586557
711.0	71	8968.407556427774
712.0	73	8968.283105657603
713.0	87	8968.158657276013
714.0	91	8968.034211282979
715.0	77	8967.90976767847
716.0	85	8967.785326462452
717.0	96	8967.6608876349
718.0	74	8967.536451195783
719.0	76	8967.412017145065
720.0	79	8967.287585482694
721.0	75	8967.163156208662
722.0	74	8967.03872932291
723.0	61	8966.91430482542
724.0	72	8966.789882716133
725.0	77	8966.665462995023
726.0	73	8966.54104566204
727.0	72	8966.416630717149
728.0	81	8966.292218160312
729.0	77	8966.167807991478
730.0	69	8966.043400210616
731.0	75	8965.918994817657
732.0	78	8965.79459181258
733.0	73	8965.67019119533
734.0	56	8965.545792965864
735.0	84	8965.421397124128
736.0	76	8965.29700367008
737.0	75	8965.172612603665
738.0	70	8965.048223924854
739.0	85	8964.923837633574
740.0	75	8964.79945372979
741.0	61	8964.675072213453
742.0	85	8964.550693084499
743.0	72	8964.426316342893
744.0	66	8964.30194198857
745.0	70	8964.177570021488
746.0	88	8964.053200441589
747.0	80	8963.928833248814
748.0	72	8963.804468443132
749.0	78	8963.680106024474
750.0	89	8963.555745992779
751.0	78	8963.431388348017
752.0	70	8963.307033090108
753.0	74	8963.182680219017
754.0	92	8963.058329734671
755.0	86	8962.933981637027
756.0	80	8962.809635926023
757.0	86	8962.685292601613
758.0	81	8962.560951663734
759.0	70	8962.436613112328
760.0	71	8962.312276947343
761.0	80	8962.187943168716
762.0	87	8962.063611776397
763.0	87	8961.939282770327
764.0	85	8961.814956150452
765.0	98	8961.6906319167
766.0	72	8961.566310069029
767.0	83	8961.441990607382
768.0	79	8961.317673531683
769.0	88	8961.193358841885
770.0	59	8961.069046537928
771.0	59	8960.944736619766
772.0	71	8960.820429087324
773.0	66	8960.696123940545
774.0	80	8960.571821179374
775.0	75	8960.447520803747
776.0	69	8960.323222813611
777.0	72	8960.198927208912
778.0	62	8960.074633989576
779.0	67	8959.950343155551
780.0	70	8959.826054706768
781.0	65	8959.70176864319
782.0	67	8959.577484964726
783.0	65	8959.453203671337
784.0	64	8959.328924762958
785.0	68	8959.20464823953
786.0	78	8959.080374100997
787.0	74	8958.956102347285
788.0	82	8958.831832978334
789.0	76	8958.707565994098
790.0	73	8958.583301394512
791.0	82	8958.459039179505
792.0	71	8958.334779349025
793.0	96	8958.21052190301
794.0	85	8958.086266841392
795.0	82	8957.962014164128
796.0	75	8957.837763871134
797.0	73	8957.713515962363
798.0	76	8957.589270437747
799.0	63	8957.46502729723
800.0	64	8957.340786540748
801.0	75	8957.21654816824
802.0	74	8957.092312179655
803.0	83	8956.968078574902
804.0	71	8956.843847353959
805.0	76	8956.719618516734
806.0	86	8956.595392063175
807.0	86	8956.471167993215
808.0	66	8956.346946306807
809.0	64	8956.222727003884
810.0	76	8956.098510084372
811.0	68	8955.97429554822
812.0	76	8955.850083395368
813.0	69	8955.725873625746
814.0	75	8955.6016662393
815.0	79	8955.477461235958
816.0	69	8955.35325861567
817.0	74	8955.229058378365
818.0	77	8955.104860523987
819.0	68	8954.980665052475
820.0	66	8954.856471963763
821.0	66	8954.732281257782
822.0	64	8954.608092934483
823.0	73	8954.483906993793
824.0	68	8954.359723435658
825.0	69	8954.235542260018
826.0	79	8954.111363466796
827.0	72	8953.98718705595
828.0	67	8953.863013027401
829.0	73	8953.738841381095
830.0	77	8953.614672116972
831.0	70	8953.490505234957
832.0	66	8953.366340734998
833.0	88	8953.242178617038
834.0	54	8953.118018881007
835.0	81	8952.993861526831
836.0	70	8952.869706554475
837.0	71	8952.745553963858
838.0	68	8952.62140375492
839.0	84	8952.497255927601
840.0	77	8952.373110481833
841.0	78	8952.248967417567
842.0	69	8952.124826734731
843.0	86	8952.000688433254
844.0	63	8951.876552513098
845.0	75	8951.752418974178
846.0	64	8951.628287816438
847.0	72	8951.50415903982
848.0	58	8951.38003264426
849.0	69	8951.255908629686
850.0	85	8951.131786996057
851.0	75	8951.007667743288
852.0	72	8950.883550871333
853.0	57	8950.75943638012
854.0	76	8950.63532426959
855.0	76	8950.511214539674
856.0	73	8950.38710719032
857.0	69	8950.263002221462
858.0	85	8950.138899633035
859.0	69	8950.014799424976
860.0	71	8949.890701597225
861.0	77	8949.766606149718
862.0	76	8949.642513082397
863.0	79	8949.518422395198
864.0	76	8949.394334088049
865.0	72	8949.2702481609
866.0	72	8949.146164613685
867.0	77	8949.022083446336
868.0	85	8948.898004658797
869.0	75	8948.773928250996
870.0	58	8948.649854222893
871.0	64	8948.525782574396
872.0	70	8948.401713305464
873.0	66	8948.277646416018
874.0	76	8948.153581906015
875.0	67	8948.029519775375
876.0	74	8947.905460024049
877.0	69	8947.78140265196
878.0	81	8947.657347659064
879.0	95	8947.53329504528
880.0	61	8947.409244810553
881.0	57	8947.285196954825
882.0	77	8947.161151478027
883.0	66	8947.0371083801
884.0	63	8946.913067660977
885.0	77	8946.789029320607
886.0	79	8946.664993358912
887.0	55	8946.540959775839
888.0	84	8946.416928571327
889.0	85	8946.292899745305
890.0	83	8946.168873297715
891.0	73	8946.044849228498
892.0	73	8945.920827537593
893.0	58	8945.796808224924
894.0	81	8945.672791290443
895.0	62	8945.548776734076
896.0	66	8945.424764555773
897.0	62	8945.300754755457
898.0	64	8945.17674733308
899.0	62	8945.052742288575
900.0	72	8944.928739621862
901.0	62	8944.80473933291
902.0	64	8944.680741421636
903.0	67	8944.556745887983
904.0	61	8944.432752731886
905.0	64	8944.308761953285
906.0	71	8944.184773552111
907.0	71	8944.060787528311
908.0	77	8943.93680388182
909.0	78	8943.812822612566
910.0	76	8943.688843720502
911.0	74	8943.564867205554
912.0	72	8943.44089306767
913.0	76	8943.316921306772
914.0	65	8943.192951922818
915.0	72	8943.068984915722
916.0	73	8942.945020285442
917.0	61	8942.821058031901
918.0	77	8942.697098155048
919.0	68	8942.573140654808
920.0	83	8942.44918553113
921.0	77	8942.325232783942
922.0	82	8942.20128241319
923.0	71	8942.077334418816
924.0	78	8941.953388800739
925.0	80	8941.829445558908
926.0	72	8941.705504693262
927.0	74	8941.58156620374
928.0	58	8941.457630090266
929.0	91	8941.333696352796
930.0	63	8941.209764991254
931.0	72	8941.08583600559
932.0	73	8940.961909395728
933.0	73	8940.837985161612
934.0	61	8940.71406330318
935.0	50	8940.590143820362
936.0	79	8940.466226713106
937.0	76	8940.342311981352
938.0	85	8940.218399625026
939.0	80	8940.094489644069
940.0	84	8939.970582038424
941.0	78	8939.846676808029
942.0	72	8939.72277395281
943.0	85	8939.598873472707
944.0	76	8939.47497536768
945.0	73	8939.35107963763
946.0	82	8939.227186282524
947.0	83	8939.103295302291
948.0	66	8938.979406696864
949.0	69	8938.855520466186
950.0	59	8938.731636610186
951.0	84	8938.60775512881
952.0	71	8938.483876021997
953.0	75	8938.359999289674
954.0	85	8938.23612493179
955.0	68	8938.112252948275
956.0	68	8937.988383339076
957.0	77	8937.864516104122
958.0	79	8937.740651243348
959.0	76	8937.616788756699
960.0	70	8937.492928644111
961.0	61	8937.369070905519
962.0	68	8937.24521554086
963.0	83	8937.121362550075
964.0	84	8936.997511933101
965.0	74	8936.873663689878
966.0	68	8936.749817820335
967.0	73	8936.62597432442
968.0	63	8936.502133202059
969.0	72	8936.378294453201
970.0	82	8936.254458077776
971.0	84	8936.130624075733
972.0	63	8936.006792446999
973.0	86	8935.88296319151
974.0	77	8935.759136309205
975.0	77	8935.635311800026
976.0	74	8935.51148966391
977.0	76	8935.387669900794
978.0	67	8935.263852510612
979.0	87	8935.140037493307
980.0	83	8935.016224848816
981.0	66	8934.892414577069
982.0	64	8934.768606678019
983.0	75	8934.64480115159
984.0	82	8934.520997997715
985.0	77	8934.397197216353
986.0	85	8934.273398807425
987.0	82	8934.149602770873
988.0	78	8934.02580910663
989.0	77	8933.90201781465
990.0	70	8933.778228894844
991.0	65	8933.654442347171
992.0	75	8933.530658171561
993.0	89	8933.406876367946
994.0	75	8933.283096936291
995.0	68	8933.159319876499
996.0	88	8933.035545188517
997.0	71	8932.911772872294
998.0	72	8932.78800292776
999.0	58	8932.664235354856
1000.0	75	8932.540470153515
1001.0	68	8932.416707323679
1002.0	65	8932.292946865286
1003.0	70	8932.169188778262
1004.0	82	8932.045433062562
1005.0	82	8931.921679718113
1006.0	71	8931.797928744862
1007.0	92	8931.674180142734
1008.0	91	8931.550433911672
1009.0	63	8931.426690051618
1010.0	60	8931.302948562501
1011.0	78	8931.17920944427
1012.0	67	8931.055472696853
1013.0	79	8930.931738320194
1014.0	79	8930.808006314226
1015.0	55	8930.684276678898
1016.0	80	8930.560549414127
1017.0	79	8930.436824519873
1018.0	71	8930.313101996058
1019.0	68	8930.18938184262
1020.0	77	8930.065664059508
1021.0	69	8929.941948646649
1022.0	84	8929.818235603985
1023.0	85	8929.694524931449
1024.0	73	8929.570816628993
1025.0	73	8929.447110696543
1026.0	72	8929.323407134036
1027.0	71	8929.199705941417
1028.0	79	8929.076007118614
1029.0	73	8928.952310665578
1030.0	89	8928.828616582226
1031.0	64	8928.704924868522
1032.0	78	8928.581235524378
1033.0	77	8928.457548549759
1034.0	76	8928.333863944577
1035.0	80	8928.210181708784
1036.0	77	8928.086501842312
1037.0	70	8927.962824345104
1038.0	69	8927.839149217094
1039.0	89	8927.71547645822
1040.0	70	8927.59180606842
1041.0	74	8927.468138047634
1042.0	82	8927.344472395795
1043.0	76	8927.220809112845
1044.0	80	8927.097148198722
1045.0	75	8926.973489653357
1046.0	81	8926.849833476703
1047.0	77	8926.726179668683
1048.0	78	8926.602528229236
1049.0	64	8926.478879158305
1050.0	74	8926.355232455828
1051.0	55	8926.231588121744
1052.0	77	8926.107946155982
1053.0	77	8925.98430655849
1054.0	70	8925.860669329195
1055.0	64	8925.737034468046
1056.0	75	8925.613401974975
1057.0	68	8925.489771849929
1058.0	66	8925.366144092826
1059.0	80	8925.242518703613
1060.0	78	8925.11889568224
1061.0	76	8924.995275028627
1062.0	82	8924.871656742722
1063.0	59	8924.748040824465
1064.0	62	8924.624427273786
1065.0	72	8924.500816090629
1066.0	90	8924.377207274929
1067.0	63	8924.253600826618
1068.0	64	8924.129996745645
1069.0	86	8924.006395031945
1070.0	85	8923.882795685444
1071.0	62	8923.7591987061
1072.0	60	8923.635604093837
1073.0	64	8923.512011848587
1074.0	78	8923.388421970309
1075.0	72	8923.26483445892
1076.0	81	8923.141249314367
1077.0	70	8923.017666536593
1078.0	73	8922.894086125532
1079.0	72	8922.77050808111
1080.0	76	8922.646932403282
1081.0	92	8922.523359091978
1082.0	74	8922.399788147131
1083.0	75	8922.276219568686
1084.0	61	8922.152653356585
1085.0	72	8922.029089510754
1086.0	71	8921.90552803114
1087.0	72	8921.781968917676
1088.0	80	8921.658412170302
1089.0	72	8921.534857788953
1090.0	69	8921.411305773581
1091.0	74	8921.2877561241
1092.0	81	8921.164208840462
1093.0	62	8921.040663922611
1094.0	80	8920.917121370469
1095.0	70	8920.793581183978
1096.0	68	8920.670043363085
1097.0	70	8920.546507907728
1098.0	73	8920.422974817835
1099.0	74	8920.299444093347
1100.0	69	8920.1759157342
1101.0	64	8920.052389740342
1102.0	66	8919.928866111708
1103.0	84	8919.805344848222
1104.0	77	8919.681825949836
1105.0	64	8919.558309416478
1106.0	80	8919.434795248095
1107.0	70	8919.311283444626
1108.0	62	8919.187774005997
1109.0	69	8919.064266932164
1110.0	69	8918.940762223045
1111.0	64	8918.817259878595
1112.0	61	8918.693759898737
1113.0	77	8918.570262283414
1114.0	78	8918.446767032578
1115.0	78	8918.323274146145
1116.0	75	8918.199783624063
1117.0	65	8918.076295466277
1118.0	73	8917.952809672706
1119.0	67	8917.829326243313
1120.0	69	8917.705845178016
1121.0	92	8917.582366476758
1122.0	77	8917.45889013948
1123.0	72	8917.335416166117
1124.0	69	8917.211944556606
1125.0	65	8917.088475310893
1126.0	72	8916.96500842891
1127.0	85	8916.84154391059
1128.0	82	8916.718081755882
1129.0	76	8916.594621964712
1130.0	72	8916.471164537024
1131.0	86	8916.347709472764
1132.0	72	8916.224256771857
1133.0	72	8916.10080643425
1134.0	64	8915.977358459872
1135.0	88	8915.853912848663
1136.0	79	8915.730469600574
1137.0	73	8915.607028715525
1138.0	76	8915.483590193458
1139.0	60	8915.360154034326
1140.0	70	8915.236720238048
1141.0	90	8915.113288804578
1142.0	81	8914.98985973383
1143.0	75	8914.866433025772
1144.0	66	8914.743008680325
1145.0	80	8914.619586697423
1146.0	64	8914.496167077015
1147.0	74	8914.372749819033
1148.0	68	8914.249334923426
1149.0	70	8914.125922390109
1150.0	70	8914.00251221904
1151.0	76	8913.87910441015
1152.0	90	8913.75569896338
1153.0	72	8913.632295878666
1154.0	71	8913.508895155943
1155.0	87	8913.385496795145
1156.0	64	8913.262100796224
1157.0	73	8913.138707159113
1158.0	77	8913.015315883744
1159.0	82	8912.891926970062
1160.0	79	8912.768540417997
1161.0	68	8912.645156227496
1162.0	72	8912.521774398494
1163.0	79	8912.398394930926
1164.0	76	8912.275017824732
1165.0	61	8912.151643079842
1166.0	70	8912.028270696206
1167.0	77	8911.904900673766
1168.0	58	8911.781533012447
1169.0	70	8911.658167712196
1170.0	74	8911.534804772937
1171.0	61	8911.41144419463
1172.0	84	8911.288085977192
1173.0	75	8911.16473012057
1174.0	69	8911.041376624702
1175.0	68	8910.918025489535
1176.0	68	8910.79467671499
1177.0	72	8910.671330301016
1178.0	66	8910.547986247553
1179.0	75	8910.424644554529
1180.0	70	8910.30130522189
1181.0	71	8910.17796824957
1182.0	72	8910.05463363751
1183.0	65	8909.931301385648
1184.0	73	8909.807971493918
1185.0	94	8909.684643962259
1186.0	54	8909.561318790618
1187.0	67	8909.437995978924
1188.0	87	8909.314675527115
1189.0	86	8909.191357435131
1190.0	58	8909.068041702913
1191.0	77	8908.944728330394
1192.0	84	8908.821417317517
1193.0	66	8908.698108664215
1194.0	93	8908.574802370433
1195.0	87	8908.451498436105
1196.0	72	8908.328196861159
1197.0	70	8908.204897645548
1198.0	79	8908.08160078921
1199.0	87	8907.958306292072
1200.0	66	8907.83501415409
1201.0	71	8907.711724375175
1202.0	67	8907.588436955295
1203.0	86	8907.465151894363
1204.0	74	8907.341869192327
1205.0	78	8907.218588849133
1206.0	63	8907.095310864714
1207.0	87	8906.972035238994
1208.0	75	8906.848761971929
1209.0	72	8906.725491063457
1210.0	77	8906.602222513508
1211.0	65	8906.478956322024
1212.0	69	8906.355692488936
1213.0	66	8906.232431014192
1214.0	61	8906.10917189772
1215.0	72	8905.985915139474
1216.0	59	8905.862660739373
1217.0	71	8905.739408697373
1218.0	74	8905.616159013394
1219.0	74	8905.492911687392
1220.0	85	8905.36966671929
1221.0	74	8905.246424109042
1222.0	69	8905.123183856569
1223.0	64	8904.999945961827
1224.0	68	8904.876710424738
1225.0	89	8904.753477245249
1226.0	61	8904.630246423294
1227.0	79	8904.50701795881
1228.0	79	8904.383791851738
1229.0	90	8904.26056810202
1230.0	89	8904.137346709591
1231.0	82	8904.014127674393
1232.0	81	8903.890910996348
1233.0	72	8903.767696675415
1234.0	78	8903.64448471152
1235.0	66	8903.521275104607
1236.0	77	8903.398067854612
1237.0	81	8903.274862961463
1238.0	74	8903.151660425123
1239.0	81	8903.02846024551
1240.0	79	8902.905262422562
1241.0	72	8902.782066956226
1242.0	77	8902.658873846434
1243.0	72	8902.535683093132
1244.0	65	8902.412494696255
1245.0	83	8902.289308655727
1246.0	79	8902.166124971507
1247.0	86	8902.042943643535
1248.0	85	8901.919764671724
1249.0	64	8901.796588056033
1250.0	80	8901.67341379639
1251.0	77	8901.550241892739
1252.0	66	8901.427072345023
1253.0	92	8901.30390515317
1254.0	82	8901.180740317122
1255.0	78	8901.05757783681
1256.0	86	8900.934417712193
1257.0	82	8900.811259943182
1258.0	75	8900.688104529741
1259.0	74	8900.56495147179
1260.0	83	8900.441800769277
1261.0	74	8900.31865242214
1262.0	65	8900.195506430306
1263.0	65	8900.07236279373
1264.0	60	8899.949221512337
1265.0	69	8899.826082586067
1266.0	70	8899.702946014862
1267.0	71	8899.57981179866
1268.0	72	8899.456679937402
1269.0	84	8899.333550431022
1270.0	69	8899.21042327946
1271.0	72	8899.08729848265
1272.0	61	8898.964176040532
1273.0	90	8898.841055953046
1274.0	69	8898.717938220134
1275.0	80	8898.594822841733
1276.0	67	8898.47170981777
1277.0	82	8898.348599148201
1278.0	73	8898.225490832945
1279.0	69	8898.102384871963
1280.0	62	8897.979281265169
1281.0	62	8897.856180012514
1282.0	81	8897.733081113944
1283.0	60	8897.609984569383
1284.0	96	8897.486890378777
1285.0	69	8897.363798542063
1286.0	53	8897.240709059175
1287.0	69	8897.117621930054
1288.0	86	8896.994537154642
1289.0	70	8896.871454732875
1290.0	68	8896.748374664685
1291.0	70	8896.625296950024
1292.0	67	8896.50222158882
1293.0	87	8896.379148581003
1294.0	75	8896.256077926535
1295.0	64	8896.133009625335
1296.0	80	8896.00994367735
1297.0	75	8895.886880082513
1298.0	93	8895.763818840773
1299.0	72	8895.640759952052
1300.0	65	8895.517703416297
1301.0	78	8895.39464923345
1302.0	70	8895.271597403444
1303.0	73	8895.148547926221
1304.0	59	8895.025500801712
1305.0	75	8894.902456029868
1306.0	82	8894.77941361061
1307.0	76	8894.656373543887
1308.0	63	8894.533335829645
1309.0	100	8894.410300467807
1310.0	66	8894.28726745832
1311.0	65	8894.164236801118
1312.0	68	8894.041208496137
1313.0	92	8893.918182543333
1314.0	77	8893.795158942625
1315.0	74	8893.672137693957
1316.0	80	8893.549118797264
1317.0	66	8893.426102252495
1318.0	73	8893.303088059587
1319.0	73	8893.180076218461
1320.0	70	8893.057066729074
1321.0	65	8892.934059591355
1322.0	88	8892.81105480525
1323.0	60	8892.688052370688
1324.0	82	8892.565052287615
1325.0	74	8892.442054555968
1326.0	80	8892.319059175677
1327.0	64	8892.196066146691
1328.0	67	8892.073075468941
1329.0	75	8891.950087142377
1330.0	82	8891.827101166926
1331.0	63	8891.704117542522
1332.0	94	8891.58113626912
1333.0	80	8891.458157346651
1334.0	88	8891.335180775044
1335.0	76	8891.21220655425
1336.0	67	8891.0892346842
1337.0	82	8890.966265164836
1338.0	87	8890.843297996096
1339.0	67	8890.720333177916
1340.0	61	8890.597370710238
1341.0	79	8890.474410593
1342.0	73	8890.35145282614
1343.0	72	8890.228497409591
1344.0	70	8890.105544343294
1345.0	89	8889.982593627194
1346.0	80	8889.859645261226
1347.0	74	8889.736699245323
1348.0	75	8889.613755579425
1349.0	75	8889.49081426348
1350.0	57	8889.367875297412
1351.0	72	8889.24493868117
1352.0	63	8889.122004414696
1353.0	95	8888.999072497914
1354.0	76	8888.876142930774
1355.0	82	8888.753215713206
1356.0	70	8888.63029084516
1357.0	75	8888.507368326564
1358.0	83	8888.38444815735
1359.0	76	8888.261530337479
1360.0	81	8888.13861486687
1361.0	54	8888.015701745473
1362.0	76	8887.892790973221
1363.0	61	8887.76988255005
1364.0	77	8887.6469764759
1365.0	77	8887.524072750713
1366.0	69	8887.401171374431
1367.0	105	8887.278272346983
1368.0	89	8887.155375668304
1369.0	75	8887.032481338356
1370.0	59	8886.909589357048
1371.0	68	8886.786699724333
1372.0	73	8886.66381244015
1373.0	58	8886.540927504433
1374.0	79	8886.418044917133
1375.0	89	8886.295164678175
1376.0	65	8886.172286787492
1377.0	81	8886.049411245036
1378.0	74	8885.926538050746
1379.0	84	8885.803667204555
1380.0	68	8885.680798706393
1381.0	87	8885.557932556218
1382.0	66	8885.435068753948
1383.0	58	8885.312207299543
1384.0	75	8885.189348192926
1385.0	59	8885.066491434036
1386.0	81	8884.94363702282
1387.0	81	8884.820784959209
1388.0	101	8884.69793524314
1389.0	80	8884.575087874564
1390.0	82	8884.4522428534
1391.0	92	8884.329400179611
1392.0	66	8884.206559853108
1393.0	75	8884.083721873858
1394.0	75	8883.960886241774
1395.0	71	8883.838052956808
1396.0	71	8883.715222018896
1397.0	79	8883.59239342798
1398.0	69	8883.469567184
1399.0	85	8883.346743286878
1400.0	85	8883.22392173657
1401.0	75	8883.101102533008
1402.0	86	8882.978285676129
1403.0	87	8882.855471165878
1404.0	73	8882.732659002188
1405.0	73	8882.609849184999
1406.0	70	8882.487041714248
1407.0	84	8882.364236589881
1408.0	71	8882.241433811827
1409.0	76	8882.118633380023
1410.0	73	8881.995835294412
1411.0	70	8881.873039554941
1412.0	82	8881.750246161535
1413.0	78	8881.62745511414
1414.0	72	8881.504666412697
1415.0	72	8881.381880057139
1416.0	66	8881.259096047403
1417.0	79	8881.136314383433
1418.0	69	8881.013535065164
1419.0	83	8880.890758092533
1420.0	71	8880.767983465483
1421.0	60	8880.64521118395
1422.0	70	8880.522441247882
1423.0	94	8880.399673657197
1424.0	67	8880.276908411859
1425.0	64	8880.154145511779
1426.0	72	8880.031384956921
1427.0	70	8879.908626747203
1428.0	77	8879.785870882577
1429.0	74	8879.663117362981
1430.0	63	8879.540366188347
1431.0	76	8879.417617358617
1432.0	78	8879.294870873731
1433.0	89	8879.172126733618
1434.0	71	8879.049384938231
1435.0	84	8878.926645487503
1436.0	64	8878.803908381367
1437.0	83	8878.681173619767
1438.0	73	8878.55844120265
1439.0	91	8878.43571112994
1440.0	62	8878.31298340158
1441.0	85	8878.190258017508
1442.0	96	8878.067534977665
1443.0	83	8877.944814281993
1444.0	86	8877.82209593042
1445.0	55	8877.6993799229
1446.0	74	8877.576666259358
1447.0	66	8877.45395493974
1448.0	62	8877.331245963984
1449.0	76	8877.208539332021
1450.0	82	8877.085835043794
1451.0	59	8876.963133099249
1452.0	76	8876.840433498315
1453.0	70	8876.717736240933
1454.0	77	8876.595041327051
1455.0	68	8876.472348756593
1456.0	77	8876.349658529503
1457.0	74	8876.22697064572
1458.0	77	8876.10428510519
1459.0	83	8875.981601907839
1460.0	71	8875.858921053623
1461.0	65	8875.736242542456
1462.0	59	8875.613566374297
1463.0	82	8875.490892549082
1464.0	78	8875.368221066738
1465.0	70	8875.245551927213
1466.0	69	8875.122885130446
1467.0	79	8875.00022067637
1468.0	68	8874.877558564933
1469.0	65	8874.754898796058
1470.0	80	8874.6322413697
1471.0	77	8874.509586285794
1472.0	93	8874.38693354427
1473.0	82	8874.264283145078
1474.0	83	8874.141635088148
1475.0	67	8874.01898937342
1476.0	72	8873.896346000838
1477.0	74	8873.773704970343
1478.0	82	8873.651066281856
1479.0	75	8873.528429935332
1480.0	69	8873.405795930712
1481.0	77	8873.283164267925
1482.0	77	8873.160534946906
1483.0	76	8873.03790796761
1484.0	90	8872.915283329961
1485.0	77	8872.79266103391
1486.0	84	8872.670041079384
1487.0	64	8872.547423466325
1488.0	64	8872.424808194666
1489.0	65	8872.302195264361
1490.0	80	8872.179584675338
1491.0	68	8872.056976427544
1492.0	68	8871.934370520908
1493.0	53	8871.81176695537
1494.0	79	8871.689165730875
1495.0	80	8871.566566847358
1496.0	60	8871.443970304761
1497.0	94	8871.32137610301
1498.0	62	8871.198784242066
1499.0	85	8871.076194721847
1500.0	106	8870.953607542302
1501.0	69	8870.831022703367
1502.0	80	8870.708440204977
1503.0	74	8870.585860047086
1504.0	75	8870.463282229615
1505.0	73	8870.34070675251
1506.0	80	8870.218133615708
1507.0	80	8870.095562819151
1508.0	88	8869.972994362772
1509.0	76	8869.850428246518
1510.0	76	8869.727864470324
1511.0	89	8869.605303034134
1512.0	73	8869.482743937862
1513.0	81	8869.360187181483
1514.0	72	8869.237632764909
1515.0	68	8869.115080688096
1516.0	82	8868.992530950973
1517.0	62	8868.869983553477
1518.0	79	8868.747438495555
1519.0	86	8868.624895777133
1520.0	67	8868.502355398163
1521.0	83	8868.379817358576
1522.0	81	8868.257281658323
1523.0	85	8868.134748297329
1524.0	75	8868.012217275533
1525.0	75	8867.88968859288
1526.0	74	8867.767162249313
1527.0	77	8867.644638244758
1528.0	76	8867.522116579159
1529.0	65	8867.399597252459
1530.0	68	8867.277080264603
1531.0	84	8867.154565615507
1532.0	73	8867.032053305133
1533.0	80	8866.909543333402
1534.0	95	8866.787035700267
1535.0	68	8866.664530405662
1536.0	71	8866.542027449519
1537.0	86	8866.419526831785
1538.0	75	8866.297028552402
1539.0	62	8866.1745326113
1540.0	74	8866.052039008418
1541.0	70	8865.9295477437
1542.0	81	8865.807058817085
1543.0	75	8865.684572228503
1544.0	74	8865.562087977913
1545.0	71	8865.439606065229
1546.0	51	8865.317126490401
1547.0	68	8865.194649253377
1548.0	88	8865.072174354078
1549.0	64	8864.949701792457
1550.0	62	8864.827231568443
1551.0	88	8864.704763681983
1552.0	78	8864.582298133007
1553.0	79	8864.459834921468
1554.0	70	8864.337374047287
1555.0	78	8864.214915510416
1556.0	76	8864.092459310788
1557.0	85	8863.970005448347
1558.0	80	8863.847553923028
1559.0	62	8863.72510473477
1560.0	77	8863.602657883508
1561.0	81	8863.480213369186
1562.0	79	8863.35777119175
1563.0	77	8863.235331351118
1564.0	77	8863.112893847258
1565.0	78	8862.990458680075
1566.0	79	8862.868025849537
1567.0	88	8862.74559535557
1568.0	56	8862.623167198108
1569.0	76	8862.500741377102
1570.0	84	8862.378317892482
1571.0	69	8862.255896744186
1572.0	75	8862.133477932159
1573.0	87	8862.011061456345
1574.0	82	8861.888647316668
1575.0	71	8861.766235513081
1576.0	81	8861.643826045507
1577.0	55	8861.521418913895
1578.0	87	8861.399014118195
1579.0	73	8861.276611658317
1580.0	68	8861.154211534225
1581.0	59	8861.031813745856
1582.0	98	8860.909418293135
1583.0	81	8860.78702517601
1584.0	64	8860.66463439442
1585.0	69	8860.5422459483
1586.0	72	8860.419859837593
1587.0	87	8860.297476062236
1588.0	73	8860.175094622171
1589.0	72	8860.052715517331
1590.0	77	8859.930338747656
1591.0	77	8859.807964313091
1592.0	69	8859.685592213575
1593.0	74	8859.563222449033
1594.0	78	8859.440855019413
1595.0	64	8859.318489924666
1596.0	70	8859.196127164714
1597.0	82	8859.073766739499
1598.0	75	8858.951408648967
1599.0	76	8858.829052893052
1600.0	81	8858.706699471692
1601.0	73	8858.584348384828
1602.0	68	8858.461999632395
1603.0	66	8858.339653214338
1604.0	73	8858.217309130592
1605.0	96	8858.094967381106
1606.0	66	8857.972627965799
1607.0	74	8857.850290884624
1608.0	74	8857.727956137524
1609.0	76	8857.605623724421
1610.0	76	8857.483293645266
1611.0	65	8857.360965900001
1612.0	68	8857.238640488562
1613.0	57	8857.11631741088
1614.0	74	8856.993996666903
1615.0	67	8856.87167825657
1616.0	74	8856.749362179806
1617.0	61	8856.62704843657
1618.0	89	8856.504737026784
1619.0	87	8856.382427950404
1620.0	86	8856.260121207357
1621.0	92	8856.137816797587
1622.0	78	8856.01551472103
1623.0	83	8855.893214977617
1624.0	83	8855.770917567304
1625.0	73	8855.648622490016
1626.0	63	8855.526329745711
1627.0	66	8855.404039334302
1628.0	83	8855.28175125575
1629.0	63	8855.15946550998
1630.0	67	8855.037182096932
1631.0	84	8854.914901016557
1632.0	78	8854.792622268782
1633.0	85	8854.670345853554
1634.0	67	8854.5480717708
1635.0	65	8854.425800020474
1636.0	91	8854.303530602507
1637.0	68	8854.181263516837
1638.0	69	8854.058998763405
1639.0	58	8853.93673634215
1640.0	80	8853.814476253016
1641.0	71	8853.692218495928
1642.0	72	8853.569963070837
1643.0	80	8853.447709977689
1644.0	99	8853.325459216401
1645.0	69	8853.203210786927
1646.0	67	8853.080964689214
1647.0	70	8852.958720923181
1648.0	59	8852.836479488777
1649.0	90	8852.714240385934
1650.0	56	8852.59200361461
1651.0	74	8852.46976917473
1652.0	75	8852.347537066227
1653.0	83	8852.225307289054
1654.0	78	8852.103079843144
1655.0	83	8851.980854728432
1656.0	77	8851.858631944862
1657.0	84	8851.736411492371
1658.0	79	8851.614193370908
1659.0	74	8851.491977580394
1660.0	73	8851.36976412078
1661.0	86	8851.247552992003
1662.0	75	8851.125344193999
1663.0	70	8851.003137726713
1664.0	86	8850.880933590079
1665.0	76	8850.758731784032
1666.0	83	8850.636532308527
1667.0	74	8850.514335163494
1668.0	85	8850.392140348858
1669.0	82	8850.269947864579
1670.0	72	8850.147757710585
1671.0	80	8850.02556988682
1672.0	76	8849.903384393223
1673.0	80	8849.781201229733
1674.0	85	8849.659020396286
1675.0	67	8849.53684189282
1676.0	60	8849.414665719276
1677.0	69	8849.292491875593
1678.0	69	8849.17032036172
1679.0	87	8849.048151177576
1680.0	75	8848.925984323123
1681.0	57	8848.803819798279
1682.0	73	8848.681657602998
1683.0	82	8848.559497737206
1684.0	86	8848.437340200853
1685.0	79	8848.31518499388
1686.0	70	8848.193032116214
1687.0	75	8848.07088156781
1688.0	72	8847.948733348585
1689.0	69	8847.826587458503
1690.0	84	8847.704443897488
1691.0	69	8847.582302665482
1692.0	96	8847.460163762424
1693.0	71	8847.338027188256
1694.0	77	8847.21589294291
1695.0	79	8847.093761026339
1696.0	83	8846.97163143847
1697.0	69	8846.849504179243
1698.0	99	8846.7273792486
1699.0	68	8846.605256646477
1700.0	55	8846.483136372824
1701.0	89	8846.361018427566
1702.0	73	8846.23890281065
1703.0	77	8846.116789522013
1704.0	74	8845.994678561598
1705.0	67	8845.872569929337
1706.0	67	8845.75046362517
1707.0	78	8845.628359649043
1708.0	82	8845.506258000894
1709.0	86	8845.384158680654
1710.0	83	8845.262061688272
1711.0	88	8845.139967023682
1712.0	76	8845.017874686824
1713.0	49	8844.895784677632
1714.0	75	8844.773696996059
1715.0	80	8844.651611642032
1716.0	81	8844.52952861549
1717.0	84	8844.407447916385
1718.0	75	8844.285369544636
1719.0	68	8844.163293500198
1720.0	85	8844.041219783014
1721.0	78	8843.919148393003
1722.0	76	8843.797079330121
1723.0	69	8843.675012594302
1724.0	78	8843.552948185483
1725.0	93	8843.43088610361
1726.0	91	8843.30882634862
1727.0	82	8843.186768920445
1728.0	60	8843.064713819029
1729.0	67	8842.942661044308
1730.0	71	8842.820610596227
1731.0	79	8842.69856247473
1732.0	80	8842.576516679743
1733.0	79	8842.45447321121
1734.0	66	8842.332432069077
1735.0	67	8842.21039325327
1736.0	54	8842.088356763743
1737.0	72	8841.966322600429
1738.0	68	8841.844290763262
1739.0	76	8841.722261252193
1740.0	77	8841.600234067148
1741.0	82	8841.478209208064
1742.0	78	8841.356186674899
1743.0	70	8841.234166467582
1744.0	92	8841.112148586053
1745.0	74	8840.990133030242
1746.0	68	8840.868119800101
1747.0	73	8840.746108895572
1748.0	87	8840.62410031658
1749.0	76	8840.502094063073
1750.0	82	8840.380090134982
1751.0	67	8840.258088532259
1752.0	75	8840.136089254836
1753.0	65	8840.014092302654
1754.0	63	8839.892097675654
1755.0	65	8839.770105373775
1756.0	61	8839.648115396943
1757.0	74	8839.526127745115
1758.0	74	8839.404142418223
1759.0	72	8839.282159416212
1760.0	66	8839.160178739014
1761.0	76	8839.038200386562
1762.0	78	8838.916224358814
1763.0	63	8838.794250655697
1764.0	54	8838.672279277149
1765.0	73	8838.550310223112
1766.0	77	8838.428343493531
1767.0	71	8838.30637908834
1768.0	71	8838.184417007475
1769.0	97	8838.062457250877
1770.0	83	8837.940499818491
1771.0	72	8837.818544710251
1772.0	75	8837.696591926104
1773.0	73	8837.574641465973
1774.0	71	8837.452693329817
1775.0	67	8837.330747517564
1776.0	73	8837.20880402915
1777.0	66	8837.086862864522
1778.0	65	8836.964924023614
1779.0	77	8836.842987506368
1780.0	77	8836.72105331273
1781.0	84	8836.599121442629
1782.0	79	8836.477191896005
1783.0	68	8836.355264672804
1784.0	77	8836.233339772967
1785.0	73	8836.111417196416
1786.0	74	8835.98949694311
1787.0	76	8835.86757901298
1788.0	90	8835.745663405965
1789.0	87	8835.623750122002
1790.0	71	8835.501839161041
1791.0	73	8835.379930523008
1792.0	72	8835.258024207855
1793.0	66	8835.13612021551
1794.0	68	8835.014218545915
1795.0	96	8834.892319199014
1796.0	78	8834.770422174746
1797.0	81	8834.648527473048
1798.0	84	8834.526635093856
1799.0	83	8834.40474503712
1800.0	89	8834.282857302764
1801.0	70	8834.16097189074
1802.0	64	8834.03908880098
1803.0	88	8833.917208033432
1804.0	80	8833.795329588022
1805.0	61	8833.673453464702
1806.0	73	8833.551579663408
1807.0	65	8833.42970818407
1808.0	67	8833.307839026644
1809.0	77	8833.185972191057
1810.0	82	8833.064107677255
1811.0	74	8832.942245485166
1812.0	70	8832.820385614743
1813.0	75	8832.698528065934
1814.0	76	8832.576672838642
1815.0	77	8832.45481993284
1816.0	65	8832.332969348456
1817.0	78	8832.211121085431
1818.0	68	8832.089275143702
1819.0	84	8831.967431523208
1820.0	78	8831.845590223893
1821.0	67	8831.72375124569
1822.0	75	8831.601914588544
1823.0	77	8831.480080252391
1824.0	71	8831.358248237173
1825.0	73	8831.236418542829
1826.0	83	8831.114591169297
1827.0	78	8830.992766116515
1828.0	86	8830.870943384421
1829.0	70	8830.749122972971
1830.0	69	8830.627304882075
1831.0	66	8830.505489111703
1832.0	72	8830.383675661771
1833.0	74	8830.261864532225
1834.0	68	8830.140055723017
1835.0	78	8830.018249234066
1836.0	75	8829.896445065331
1837.0	68	8829.774643216739
1838.0	77	8829.65284368823
1839.0	86	8829.53104647975
1840.0	70	8829.40925159123
1841.0	85	8829.28745902262
1842.0	73	8829.165668773854
1843.0	73	8829.043880844865
1844.0	72	8828.922095235603
1845.0	69	8828.800311946003
1846.0	77	8828.678530976003
1847.0	68	8828.556752325541
1848.0	78	8828.434975994558
1849.0	65	8828.313201983
1850.0	78	8828.1914302908
1851.0	82	8828.0696609179
1852.0	62	8827.947893864239
1853.0	88	8827.82612912975
1854.0	77	8827.70436671438
1855.0	82	8827.582606618065
1856.0	83	8827.460848840754
1857.0	77	8827.339093382368
1858.0	67	8827.217340242863
1859.0	83	8827.095589422177
1860.0	81	8826.97384092024
1861.0	89	8826.852094736996
1862.0	69	8826.730350872389
1863.0	90	8826.608609326348
1864.0	98	8826.486870098819
1865.0	76	8826.365133189747
1866.0	81	8826.243398599068
1867.0	77	8826.121666326715
1868.0	73	8825.999936372631
1869.0	72	8825.878208736754
1870.0	80	8825.75648341903
1871.0	73	8825.634760419394
1872.0	69	8825.513039737789
1873.0	70	8825.391321374153
1874.0	68	8825.269605328418
1875.0	79	8825.147891600534
1876.0	82	8825.026180190434
1877.0	68	8824.904471098058
1878.0	75	8824.78276432335
1879.0	73	8824.661059866246
1880.0	81	8824.539357726691
1881.0	77	8824.417657904616
1882.0	69	8824.295960399962
1883.0	77	8824.17426521267
1884.0	71	8824.052572342682
1885.0	61	8823.930881789935
1886.0	75	8823.809193554374
1887.0	80	8823.687507635932
1888.0	80	8823.56582403455
1889.0	86	8823.444142750164
1890.0	60	8823.322463782728
1891.0	75	8823.200787132166
1892.0	73	8823.079112798418
1893.0	77	8822.957440781433
1894.0	79	8822.835771081142
1895.0	67	8822.714103697495
1896.0	79	8822.592438630421
1897.0	65	8822.470775879867
1898.0	70	8822.349115445762
1899.0	81	8822.227457328067
1900.0	72	8822.105801526686
1901.0	63	8821.984148041598
1902.0	66	8821.862496872716
1903.0	68	8821.740848019994
1904.0	90	8821.619201483358
1905.0	69	8821.497557262765
1906.0	76	8821.375915358129
1907.0	71	8821.254275769417
1908.0	74	8821.132638496558
1909.0	63	8821.01100353949
1910.0	78	8820.889370898149
1911.0	86	8820.767740572486
1912.0	57	8820.646112562423
1913.0	68	8820.524486867918
1914.0	79	8820.402863488895
1915.0	59	8820.281242425313
1916.0	78	8820.159623677086
1917.0	80	8820.038007244173
1918.0	73	8819.916393126518
1919.0	91	8819.794781324037
1920.0	85	8819.67317183669
1921.0	65	8819.551564664407
1922.0	84	8819.429959807128
1923.0	83	8819.3083572648
1924.0	77	8819.186757037358
1925.0	68	8819.065159124742
1926.0	82	8818.943563526884
1927.0	91	8818.821970243733
1928.0	75	8818.70037927523
1929.0	74	8818.578790621314
1930.0	82	8818.457204281915
1931.0	82	8818.33562025698
1932.0	71	8818.214038546444
1933.0	89	8818.092459150259
1934.0	81	8817.97088206835
1935.0	80	8817.849307300668
1936.0	73	8817.727734847149
1937.0	70	8817.606164707719
1938.0	80	8817.484596882332
1939.0	57	8817.36303137093
1940.0	73	8817.241468173452
1941.0	74	8817.11990728983
1942.0	65	8816.998348720006
1943.0	67	8816.876792463925
1944.0	78	8816.75523852152
1945.0	69	8816.633686892728
1946.0	55	8816.512137577492
1947.0	69	8816.39059057577
1948.0	73	8816.269045887471
1949.0	72	8816.147503512555
1950.0	87	8816.025963450953
1951.0	63	8815.904425702605
1952.0	78	8815.782890267456
1953.0	67	8815.661357145442
1954.0	79	8815.53982633651
1955.0	67	8815.418297840584
1956.0	90	8815.296771657615
1957.0	57	8815.175247787538
1958.0	58	8815.053726230308
1959.0	79	8814.932206985837
1960.0	81	8814.810690054082
1961.0	69	8814.68917543498
1962.0	72	8814.567663128473
1963.0	81	8814.446153134504
1964.0	87	8814.324645453004
1965.0	80	8814.20314008391
1966.0	62	8814.08163702717
1967.0	77	8813.96013628273
1968.0	93	8813.838637850515
1969.0	83	8813.717141730467
1970.0	60	8813.595647922533
1971.0	70	8813.474156426648
1972.0	73	8813.352667242754
1973.0	82	8813.231180370789
1974.0	81	8813.109695810697
1975.0	85	8812.98821356241
1976.0	76	8812.866733625875
1977.0	71	8812.745256001028
1978.0	70	8812.623780687809
1979.0	90	8812.50230768615
1980.0	95	8812.380836996012
1981.0	84	8812.259368617315
1982.0	76	8812.137902550003
1983.0	78	8812.016438794024
1984.0	77	8811.894977349311
1985.0	76	8811.7735182158
1986.0	88	8811.652061393435
1987.0	82	8811.530606882163
1988.0	77	8811.40915468191
1989.0	75	8811.287704792632
1990.0	93	8811.166257214252
1991.0	70	8811.044811946715
1992.0	72	8810.923368989968
1993.0	83	8810.80192834394
1994.0	69	8810.680490008584
1995.0	65	8810.559053983823
1996.0	82	8810.437620269613
1997.0	76	8810.316188865885
1998.0	86	8810.194759772578
1999.0	72	8810.073332989637
2000.0	65	8809.951908516998
2001.0	72	8809.8304863546
2002.0	77	8809.709066502393
2003.0	79	8809.587648960292
2004.0	82	8809.466233728266
2005.0	83	8809.34482080624
2006.0	68	8809.223410194154
2007.0	59	8809.102001891953
2008.0	64	8808.980595899568
2009.0	79	8808.85919221695
2010.0	66	8808.73779084403
2011.0	72	8808.616391780746
2012.0	85	8808.49499502705
2013.0	99	8808.37360058287
2014.0	87	8808.252208448152
2015.0	62	8808.130818622834
2016.0	83	8808.009431106853
2017.0	78	8807.888045900156
2018.0	77	8807.766663002676
2019.0	68	8807.645282414353
2020.0	88	8807.52390413513
2021.0	77	8807.40252816495
2022.0	79	8807.28115450375
2023.0	68	8807.159783151463
2024.0	75	8807.038414108027
2025.0	87	8806.917047373403
2026.0	74	8806.79568294751
2027.0	78	8806.674320830294
2028.0	71	8806.552961021704
2029.0	77	8806.431603521665
2030.0	67	8806.310248330123
2031.0	76	8806.188895447014
2032.0	65	8806.067544872292
2033.0	83	8805.946196605883
2034.0	90	8805.824850647725
2035.0	65	8805.70350699777
2036.0	70	8805.582165655946
2037.0	71	8805.460826622206
2038.0	67	8805.339489896478
2039.0	72	8805.218155478706
2040.0	72	8805.096823368825
2041.0	69	8804.975493566792
2042.0	86	8804.854166072528
2043.0	67	8804.732840885976
2044.0	66	8804.611518007081
2045.0	70	8804.490197435784
2046.0	74	8804.368879172016
2047.0	63	8804.24756321573
2048.0	84	8804.126249566856
2049.0	76	8804.004938225336
2050.0	82	8803.883629191112
2051.0	80	8803.762322464127
2052.0	64	8803.641018044309
2053.0	77	8803.519715931601
2054.0	89	8803.398416125956
2055.0	73	8803.277118627304
2056.0	70	8803.155823435578
2057.0	72	8803.034530550733
2058.0	78	8802.9132399727
2059.0	76	8802.791951701427
2060.0	68	8802.67066573684
2061.0	73	8802.549382078883
2062.0	81	8802.428100727511
2063.0	67	8802.306821682638
2064.0	81	8802.185544944232
2065.0	82	8802.064270512214
2066.0	74	8801.942998386528
2067.0	68	8801.821728567114
2068.0	83	8801.700461053915
2069.0	71	8801.579195846864
2070.0	59	8801.457932945908
2071.0	70	8801.336672350984
2072.0	63	8801.215414062039
2073.0	76	8801.094158078999
2074.0	94	8800.97290440181
2075.0	74	8800.851653030417
2076.0	82	8800.730403964759
2077.0	65	8800.609157204766
2078.0	79	8800.48791275039
2079.0	75	8800.366670601567
2080.0	82	8800.245430758236
2081.0	68	8800.124193220332
2082.0	65	8800.002957987805
2083.0	80	8799.881725060588
2084.0	76	8799.76049443862
2085.0	73	8799.639266121842
2086.0	62	8799.518040110202
2087.0	68	8799.396816403632
2088.0	109	8799.275595002075
2089.0	69	8799.154375905466
2090.0	78	8799.033159113753
2091.0	106	8798.911944626865
2092.0	64	8798.79073244475
2093.0	97	8798.66952256735
2094.0	76	8798.548314994596
2095.0	74	8798.427109726443
2096.0	77	8798.305906762816
2097.0	74	8798.184706103657
2098.0	84	8798.063507748915
2099.0	77	8797.942311698514
2100.0	94	8797.821117952415
2101.0	77	8797.69992651054
2102.0	69	8797.578737372842
2103.0	70	8797.457550539255
2104.0	63	8797.336366009715
2105.0	61	8797.215183784168
2106.0	82	8797.094003862556
2107.0	75	8796.972826244808
2108.0	71	8796.851650930876
2109.0	82	8796.730477920697
2110.0	74	8796.609307214205
2111.0	76	8796.488138811343
2112.0	69	8796.366972712052
2113.0	88	8796.245808916277
2114.0	72	8796.124647423954
2115.0	86	8796.003488235016
2116.0	87	8795.882331349416
2117.0	77	8795.761176767084
2118.0	88	8795.640024487964
2119.0	69	8795.518874511989
2120.0	78	8795.397726839117
2121.0	88	8795.276581469267
2122.0	72	8795.155438402397
2123.0	73	8795.034297638427
2124.0	83	8794.913159177315
2125.0	80	8794.79202301899
2126.0	84	8794.670889163406
2127.0	69	8794.549757610486
2128.0	81	8794.428628360181
2129.0	87	8794.307501412422
2130.0	79	8794.186376767162
2131.0	87	8794.065254424331
2132.0	65	8793.94413438387
2133.0	62	8793.823016645725
2134.0	80	8793.701901209834
2135.0	78	8793.580788076128
2136.0	76	8793.459677244553
2137.0	76	8793.338568715055
2138.0	57	8793.217462487564
2139.0	79	8793.096358562032
2140.0	75	8792.975256938387
2141.0	79	8792.854157616579
2142.0	75	8792.733060596536
2143.0	73	8792.611965878214
2144.0	73	8792.490873461538
2145.0	88	8792.369783346458
2146.0	72	8792.248695532913
2147.0	80	8792.127610020836
2148.0	80	8792.00652681017
2149.0	80	8791.885445900863
2150.0	80	8791.76436729284
2151.0	70	8791.643290986063
2152.0	88	8791.522216980451
2153.0	59	8791.401145275957
2154.0	73	8791.280075872515
2155.0	85	8791.159008770064
2156.0	80	8791.03794396855
2157.0	79	8790.916881467907
2158.0	78	8790.795821268075
2159.0	65	8790.674763369001
2160.0	70	8790.553707770618
2161.0	58	8790.432654472874
2162.0	79	8790.311603475699
2163.0	73	8790.190554779041
2164.0	69	8790.06950838284
2165.0	84	8789.94846428703
2166.0	83	8789.827422491557
2167.0	76	8789.706382996354
2168.0	76	8789.585345801372
2169.0	59	8789.464310906538
2170.0	75	8789.343278311804
2171.0	81	8789.22224801711
2172.0	84	8789.101220022381
2173.0	78	8788.980194327574
2174.0	76	8788.859170932625
2175.0	82	8788.738149837463
2176.0	75	8788.617131042041
2177.0	60	8788.4961145463
2178.0	54	8788.375100350166
2179.0	79	8788.254088453597
2180.0	80	8788.133078856523
2181.0	78	8788.012071558886
2182.0	82	8787.891066560622
2183.0	69	8787.770063861683
2184.0	86	8787.649063461988
2185.0	78	8787.528065361497
2186.0	85	8787.407069560148
2187.0	67	8787.286076057866
2188.0	65	8787.165084854609
2189.0	85	8787.044095950312
2190.0	83	8786.923109344914
2191.0	72	8786.802125038344
2192.0	82	8786.681143030559
2193.0	90	8786.5601633215
2194.0	81	8786.439185911093
2195.0	77	8786.318210799282
2196.0	67	8786.197237986014
2197.0	94	8786.07626747122
2198.0	77	8785.955299254852
2199.0	75	8785.834333336841
2200.0	87	8785.713369717132
2201.0	68	8785.592408395662
2202.0	73	8785.471449372375
2203.0	74	8785.350492647203
2204.0	84	8785.22953822009
2205.0	82	8785.10858609099
2206.0	82	8784.987636259819
2207.0	60	8784.866688726534
2208.0	59	8784.74574349107
2209.0	81	8784.624800553365
2210.0	91	8784.503859913366
2211.0	85	8784.38292157101
2212.0	88	8784.261985526231
2213.0	72	8784.141051778979
2214.0	93	8784.020120329184
2215.0	77	8783.899191176797
2216.0	64	8783.778264321754
2217.0	70	8783.657339763993
2218.0	75	8783.536417503457
2219.0	61	8783.415497540082
2220.0	86	8783.294579873811
2221.0	77	8783.17366450459
2222.0	65	8783.052751432348
2223.0	64	8782.931840657033
2224.0	76	8782.81093217858
2225.0	73	8782.690025996939
2226.0	89	8782.569122112034
2227.0	79	8782.448220523818
2228.0	61	8782.327321232235
2229.0	82	8782.206424237209
2230.0	80	8782.085529538695
2231.0	82	8781.964637136627
2232.0	71	8781.843747030944
2233.0	68	8781.722859221587
2234.0	74	8781.601973708503
2235.0	80	8781.481090491625
2236.0	78	8781.360209570897
2237.0	75	8781.239330946253
2238.0	88	8781.118454617634
2239.0	68	8780.997580584994
2240.0	82	8780.876708848255
2241.0	81	8780.75583940737
2242.0	84	8780.634972262274
2243.0	71	8780.514107412902
2244.0	79	8780.393244859208
2245.0	64	8780.272384601121
2246.0	65	8780.151526638583
2247.0	54	8780.030670971537
2248.0	79	8779.909817599924
2249.0	75	8779.788966523683
2250.0	71	8779.668117742753
2251.0	68	8779.547271257077
2252.0	71	8779.426427066594
2253.0	91	8779.305585171238
2254.0	76	8779.184745570961
2255.0	69	8779.063908265694
2256.0	73	8778.943073255381
2257.0	69	8778.822240539965
2258.0	87	8778.70141011938
2259.0	79	8778.580581993567
2260.0	63	8778.459756162474
2261.0	66	8778.338932626035
2262.0	71	8778.21811138419
2263.0	82	8778.097292436882
2264.0	64	8777.976475784051
2265.0	78	8777.85566142564
2266.0	62	8777.734849361575
2267.0	78	8777.614039591816
2268.0	94	8777.493232116289
2269.0	76	8777.37242693495
2270.0	86	8777.251624047718
2271.0	80	8777.130823454552
2272.0	71	8777.010025155378
2273.0	77	8776.889229150145
2274.0	73	8776.768435438793
2275.0	92	8776.647644021261
2276.0	72	8776.526854897493
2277.0	84	8776.40606806742
2278.0	96	8776.285283530986
2279.0	84	8776.164501288138
2280.0	67	8776.043721338812
2281.0	86	8775.922943682948
2282.0	74	8775.80216832048
2283.0	76	8775.68139525136
2284.0	69	8775.560624475518
2285.0	76	8775.439855992907
2286.0	69	8775.319089803452
2287.0	76	8775.19832590711
2288.0	75	8775.077564303805
2289.0	73	8774.95680499349
2290.0	58	8774.836047976096
2291.0	54	8774.715293251566
2292.0	67	8774.594540819842
2293.0	82	8774.473790680868
2294.0	83	8774.35304283458
2295.0	79	8774.232297280918
2296.0	75	8774.111554019826
2297.0	78	8773.990813051243
2298.0	72	8773.870074375098
2299.0	75	8773.74933799135
2300.0	78	8773.628603899928
2301.0	73	8773.507872100778
2302.0	77	8773.387142593834
2303.0	66	8773.266415379048
2304.0	85	8773.145690456346
2305.0	79	8773.024967825675
2306.0	63	8772.904247486978
2307.0	77	8772.783529440198
2308.0	75	8772.662813685256
2309.0	79	8772.542100222117
2310.0	87	8772.42138905071
2311.0	89	8772.30068017097
2312.0	83	8772.179973582855
2313.0	89	8772.059269286281
2314.0	86	8771.938567281208
2315.0	65	8771.817867567575
2316.0	83	8771.697170145315
2317.0	73	8771.576475014368
2318.0	91	8771.455782174675
2319.0	62	8771.335091626182
2320.0	80	8771.214403368822
2321.0	87	8771.093717402548
2322.0	82	8770.973033727283
2323.0	61	8770.852352342989
2324.0	71	8770.731673249587
2325.0	82	8770.610996447022
2326.0	75	8770.490321935233
2327.0	78	8770.369649714174
2328.0	80	8770.248979783772
2329.0	76	8770.128312143968
2330.0	70	8770.00764679471
2331.0	88	8769.886983735936
2332.0	82	8769.766322967582
2333.0	66	8769.645664489584
2334.0	74	8769.525008301898
2335.0	71	8769.404354404456
2336.0	79	8769.283702797195
2337.0	66	8769.163053480062
2338.0	64	8769.04240645299
2339.0	79	8768.92176171593
2340.0	66	8768.801119268806
2341.0	83	8768.680479111577
2342.0	62	8768.55984124418
2343.0	69	8768.439205666538
2344.0	52	8768.318572378612
2345.0	78	8768.197941380331
2346.0	72	8768.077312671643
2347.0	65	8767.956686252484
2348.0	72	8767.836062122795
2349.0	77	8767.715440282518
2350.0	85	8767.594820731581
2351.0	66	8767.474203469945
2352.0	65	8767.35358849754
2353.0	72	8767.232975814313
2354.0	78	8767.112365420193
2355.0	65	8766.991757315123
2356.0	88	8766.871151499054
2357.0	71	8766.750547971918
2358.0	74	8766.629946733661
2359.0	81	8766.50934778421
2360.0	70	8766.388751123519
2361.0	76	8766.268156751532
2362.0	75	8766.147564668172
2363.0	68	8766.026974873397
2364.0	82	8765.90638736714
2365.0	75	8765.78580214934
2366.0	76	8765.66521921994
2367.0	92	8765.544638578867
2368.0	69	8765.42406022609
2369.0	87	8765.303484161528
2370.0	79	8765.182910385125
2371.0	78	8765.062338896836
2372.0	71	8764.941769696577
2373.0	84	8764.821202784307
2374.0	84	8764.700638159959
2375.0	67	8764.58007582347
2376.0	91	8764.459515774794
2377.0	87	8764.338958013856
2378.0	76	8764.218402540613
2379.0	70	8764.097849354986
2380.0	77	8763.977298456934
2381.0	86	8763.856749846382
2382.0	82	8763.736203523284
2383.0	92	8763.61565948757
2384.0	66	8763.495117739183
2385.0	66	8763.374578278072
2386.0	70	8763.254041104166
2387.0	75	8763.13350621742
2388.0	70	8763.012973617759
2389.0	68	8762.892443305125
2390.0	57	8762.771915279474
2391.0	73	8762.651389540728
2392.0	70	8762.53086608884
2393.0	86	8762.410344923741
2394.0	66	8762.289826045382
2395.0	68	8762.169309453691
2396.0	80	8762.048795148623
2397.0	75	8761.928283130112
2398.0	78	8761.807773398094
2399.0	71	8761.687265952516
2400.0	84	8761.566760793317
2401.0	87	8761.446257920436
2402.0	77	8761.325757333814
2403.0	68	8761.20525903339
2404.0	73	8761.084763019115
2405.0	81	8760.964269290913
2406.0	78	8760.843777848733
2407.0	58	8760.723288692521
2408.0	72	8760.60280182221
2409.0	63	8760.482317237744
2410.0	78	8760.361834939056
2411.0	78	8760.241354926095
2412.0	62	8760.120877198806
2413.0	82	8760.000401757121
2414.0	87	8759.879928600976
2415.0	80	8759.759457730326
2416.0	72	8759.638989145096
2417.0	72	8759.518522845241
2418.0	75	8759.398058830699
2419.0	86	8759.277597101402
2420.0	63	8759.1571376573
2421.0	85	8759.036680498319
2422.0	75	8758.916225624418
2423.0	54	8758.795773035528
2424.0	65	8758.67532273159
2425.0	84	8758.554874712552
2426.0	82	8758.434428978337
2427.0	85	8758.313985528905
2428.0	76	8758.193544364185
2429.0	65	8758.073105484125
2430.0	88	8757.952668888664
2431.0	61	8757.832234577738
2432.0	82	8757.711802551285
2433.0	68	8757.591372809256
2434.0	68	8757.470945351588
2435.0	82	8757.35052017822
2436.0	67	8757.230097289086
2437.0	78	8757.109676684138
2438.0	80	8756.989258363321
2439.0	95	8756.86884232656
2440.0	77	8756.748428573806
2441.0	99	8756.628017104986
2442.0	71	8756.50760792006
2443.0	75	8756.387201018959
2444.0	70	8756.26679640162
2445.0	84	8756.146394067988
2446.0	79	8756.02599401801
2447.0	83	8755.905596251621
2448.0	99	8755.785200768758
2449.0	81	8755.664807569365
2450.0	76	8755.54441665338
2451.0	78	8755.424028020747
2452.0	82	8755.303641671411
2453.0	80	8755.183257605302
2454.0	72	8755.062875822368
2455.0	61	8754.942496322552
2456.0	93	8754.822119105782
2457.0	71	8754.701744172018
2458.0	69	8754.581371521186
2459.0	73	8754.46100115323
2460.0	62	8754.340633068086
2461.0	81	8754.220267265702
2462.0	77	8754.099903746028
2463.0	60	8753.97954250898
2464.0	66	8753.859183554521
2465.0	68	8753.738826882583
2466.0	64	8753.618472493104
2467.0	73	8753.498120386032
2468.0	82	8753.3777705613
2469.0	81	8753.25742301885
2470.0	62	8753.137077758633
2471.0	71	8753.016734780575
2472.0	82	8752.896394084626
2473.0	69	8752.77605567072
2474.0	92	8752.655719538807
2475.0	68	8752.535385688812
2476.0	74	8752.415054120698
2477.0	74	8752.294724834393
2478.0	70	8752.174397829835
2479.0	58	8752.05407310697
2480.0	62	8751.933750665736
2481.0	95	8751.813430506074
2482.0	76	8751.693112627927
2483.0	86	8751.572797031242
2484.0	68	8751.452483715942
2485.0	79	8751.332172681989
2486.0	86	8751.211863929302
2487.0	72	8751.091557457841
2488.0	82	8750.97125326753
2489.0	68	8750.850951358325
2490.0	77	8750.730651730157
2491.0	72	8750.610354382967
2492.0	72	8750.490059316704
2493.0	78	8750.369766531301
2494.0	72	8750.249476026704
2495.0	76	8750.129187802848
2496.0	72	8750.008901859675
2497.0	77	8749.888618197132
2498.0	95	8749.768336815145
2499.0	69	8749.64805771367
2500.0	89	8749.527780892655
2501.0	79	8749.407506352018
2502.0	78	8749.28723409171
2503.0	66	8749.166964111673
2504.0	83	8749.046696411846
2505.0	75	8748.926430992178
2506.0	72	8748.806167852597
2507.0	76	8748.685906993049
2508.0	87	8748.56564841347
2509.0	88	8748.445392113814
2510.0	77	8748.325138094016
2511.0	75	8748.204886354008
2512.0	72	8748.084636893745
2513.0	68	8747.964389713155
2514.0	66	8747.844144812188
2515.0	86	8747.723902190777
2516.0	88	8747.603661848865
2517.0	64	8747.483423786394
2518.0	69	8747.363188003314
2519.0	76	8747.242954499552
2520.0	61	8747.122723275055
2521.0	83	8747.002494329763
2522.0	77	8746.882267663612
2523.0	69	8746.76204327656
2524.0	83	8746.641821168525
2525.0	78	8746.52160133946
2526.0	78	8746.401383789309
2527.0	70	8746.281168518002
2528.0	69	8746.160955525487
2529.0	64	8746.040744811713
2530.0	85	8745.920536376601
2531.0	71	8745.800330220105
2532.0	78	8745.68012634216
2533.0	76	8745.559924742714
2534.0	77	8745.439725421706
2535.0	67	8745.319528379077
2536.0	89	8745.199333614753
2537.0	90	8745.0791411287
2538.0	78	8744.95895092084
2539.0	80	8744.838762991127
2540.0	69	8744.718577339492
2541.0	86	8744.59839396588
2542.0	65	8744.478212870232
2543.0	85	8744.35803405248
2544.0	72	8744.23785751258
2545.0	77	8744.117683250468
2546.0	82	8743.997511266085
2547.0	82	8743.877341559355
2548.0	73	8743.757174130249
2549.0	80	8743.637008978683
2550.0	82	8743.51684610461
2551.0	76	8743.396685507967
2552.0	75	8743.276527188696
2553.0	65	8743.156371146737
2554.0	63	8743.036217382032
2555.0	65	8742.916065894524
2556.0	84	8742.795916684156
2557.0	62	8742.675769750855
2558.0	87	8742.555625094576
2559.0	67	8742.435482715253
2560.0	70	8742.315342612834
2561.0	64	8742.195204787251
2562.0	71	8742.075069238452
2563.0	74	8741.954935966378
2564.0	83	8741.834804970958
2565.0	82	8741.714676252144
2566.0	77	8741.594549809883
2567.0	60	8741.474425644095
2568.0	62	8741.354303754746
2569.0	66	8741.234184141753
2570.0	67	8741.114066805076
2571.0	84	8740.993951744647
2572.0	63	8740.873838960411
2573.0	82	8740.753728452302
2574.0	87	8740.633620220267
2575.0	70	8740.513514264247
2576.0	78	8740.393410584176
2577.0	72	8740.273309180004
2578.0	71	8740.153210051665
2579.0	75	8740.03311319911
2580.0	70	8739.913018622266
2581.0	95	8739.79292632108
2582.0	77	8739.672836295498
2583.0	82	8739.552748545462
2584.0	52	8739.432663070902
2585.0	82	8739.312579871763
2586.0	75	8739.192498947987
2587.0	70	8739.07242029952
2588.0	98	8738.9523439263
2589.0	66	8738.832269828263
2590.0	72	8738.71219800535
2591.0	72	8738.592128457516
2592.0	71	8738.47206118468
2593.0	75	8738.3519961868
2594.0	74	8738.231933463814
2595.0	66	8738.111873015658
2596.0	77	8737.991814842277
2597.0	76	8737.871758943607
2598.0	88	8737.751705319595
2599.0	84	8737.63165397018
2600.0	88	8737.5116048953
2601.0	68	8737.391558094901
2602.0	78	8737.271513568921
2603.0	75	8737.151471317298
2604.0	71	8737.031431339981
2605.0	67	8736.911393636912
2606.0	86	8736.791358208016
2607.0	60	8736.671325053248
2608.0	71	8736.551294172548
2609.0	73	8736.431265565849
2610.0	79	8736.311239233102
2611.0	80	8736.191215174249
2612.0	79	8736.071193389216
2613.0	67	8735.951173877958
2614.0	72	8735.83115664041
2615.0	60	8735.711141676513
2616.0	64	8735.591128986212
2617.0	91	8735.471118569447
2618.0	67	8735.351110426152
2619.0	74	8735.231104556286
2620.0	86	8735.111100959766
2621.0	79	8734.991099636554
2622.0	78	8734.871100586572
2623.0	75	8734.751103809784
2624.0	55	8734.631109306101
2625.0	67	8734.511117075497
2626.0	66	8734.391127117888
2627.0	77	8734.271139433222
2628.0	64	8734.15115402145
2629.0	68	8734.031170882505
2630.0	74	8733.911190016323
2631.0	70	8733.791211422858
2632.0	80	8733.671235102032
2633.0	83	8733.551261053804
2634.0	72	8733.431289278113
2635.0	79	8733.311319774886
2636.0	73	8733.19135254408
2637.0	75	8733.071387585625
2638.0	92	8732.951424899476
2639.0	83	8732.831464485555
2640.0	79	8732.711506343816
2641.0	82	8732.591550474202
2642.0	87	8732.471596876643
2643.0	67	8732.351645551087
2644.0	78	8732.231696497476
2645.0	62	8732.111749715748
2646.0	65	8731.991805205847
2647.0	79	8731.871862967713
2648.0	66	8731.751923001288
2649.0	73	8731.63198530651
2650.0	78	8731.512049883326
2651.0	69	8731.39211673166
2652.0	59	8731.272185851481
2653.0	84	8731.152257242704
2654.0	96	8731.03233090529
2655.0	73	8730.912406839163
2656.0	73	8730.792485044278
2657.0	78	8730.672565520572
2658.0	70	8730.552648267983
2659.0	95	8730.432733286452
2660.0	70	8730.312820575926
2661.0	85	8730.192910136338
2662.0	80	8730.07300196763
2663.0	65	8729.95309606975
2664.0	65	8729.833192442642
2665.0	85	8729.71329108623
2666.0	69	8729.593392000466
2667.0	71	8729.4734951853
2668.0	74	8729.35360064066
2669.0	70	8729.233708366486
2670.0	64	8729.11381836273
2671.0	83	8728.993930629327
2672.0	63	8728.874045166218
2673.0	61	8728.754161973338
2674.0	69	8728.634281050645
2675.0	95	8728.51440239806
2676.0	81	8728.394526015538
2677.0	75	8728.274651903024
2678.0	78	8728.154780060442
2679.0	81	8728.034910487744
2680.0	89	8727.915043184876
2681.0	72	8727.795178151768
2682.0	68	8727.675315388362
2683.0	70	8727.555454894613
2684.0	95	8727.43559667044
2685.0	68	8727.315740715801
2686.0	73	8727.195887030635
2687.0	64	8727.076035614888
2688.0	80	8726.95618646848
2689.0	77	8726.836339591375
2690.0	89	8726.716494983497
2691.0	87	8726.596652644806
2692.0	87	8726.476812575227
2693.0	74	8726.356974774706
2694.0	63	8726.237139243187
2695.0	85	8726.11730598061
2696.0	67	8725.997474986916
2697.0	79	8725.877646262039
2698.0	67	8725.75781980594
2699.0	69	8725.637995618534
2700.0	86	8725.518173699784
2701.0	70	8725.398354049617
2702.0	74	8725.278536667982
2703.0	90	8725.158721554813
2704.0	86	8725.038908710058
2705.0	93	8724.919098133658
2706.0	71	8724.799289825556
2707.0	77	8724.679483785685
2708.0	56	8724.559680013994
2709.0	65	8724.439878510415
2710.0	71	8724.320079274907
2711.0	87	8724.200282307385
2712.0	72	8724.080487607813
2713.0	87	8723.960695176123
2714.0	71	8723.840905012257
2715.0	62	8723.721117116162
2716.0	71	8723.601331487765
2717.0	68	8723.481548127014
2718.0	77	8723.361767033857
2719.0	81	8723.24198820823
2720.0	79	8723.122211650078
2721.0	69	8723.002437359331
2722.0	67	8722.882665335943
2723.0	73	8722.762895579848
2724.0	84	8722.643128090993
2725.0	92	8722.523362869317
2726.0	86	8722.403599914758
2727.0	81	8722.283839227255
2728.0	65	8722.164080806759
2729.0	66	8722.0443246532
2730.0	65	8721.924570766527
2731.0	85	8721.804819146684
2732.0	64	8721.6850697936
2733.0	84	8721.565322707229
2734.0	74	8721.445577887507
2735.0	87	8721.325835334375
2736.0	70	8721.206095047773
2737.0	79	8721.086357027643
2738.0	71	8720.966621273928
2739.0	81	8720.846887786569
2740.0	73	8720.727156565506
2741.0	73	8720.607427610685
2742.0	57	8720.487700922042
2743.0	85	8720.367976499516
2744.0	62	8720.248254343049
2745.0	68	8720.128534452593
2746.0	94	8720.008816828078
2747.0	90	8719.889101469445
2748.0	82	8719.769388376648
2749.0	67	8719.649677549609
2750.0	82	8719.529968988283
2751.0	63	8719.410262692609
2752.0	77	8719.29055866253
2753.0	78	8719.170856897983
2754.0	63	8719.051157398908
2755.0	66	8718.93146016525
2756.0	76	8718.81176519695
2757.0	74	8718.692072493943
2758.0	61	8718.572382056183
2759.0	77	8718.452693883608
2760.0	91	8718.333007976145
2761.0	79	8718.213324333756
2762.0	76	8718.093642956364
2763.0	83	8717.97396384392
2764.0	76	8717.85428699636
2765.0	77	8717.734612413637
2766.0	86	8717.614940095682
2767.0	69	8717.49527004244
2768.0	77	8717.375602253855
2769.0	82	8717.255936729856
2770.0	81	8717.136273470398
2771.0	59	8717.016612475414
2772.0	78	8716.896953744854
2773.0	80	8716.777297278648
2774.0	73	8716.657643076747
2775.0	83	8716.537991139086
2776.0	79	8716.418341465609
2777.0	70	8716.298694056262
2778.0	74	8716.179048910974
2779.0	73	8716.059406029699
2780.0	82	8715.939765412375
2781.0	68	8715.82012705894
2782.0	76	8715.700490969333
2783.0	75	8715.5808571435
2784.0	66	8715.461225581388
2785.0	64	8715.34159628293
2786.0	80	8715.221969248067
2787.0	64	8715.102344476742
2788.0	67	8714.9827219689
2789.0	76	8714.86310172448
2790.0	74	8714.74348374342
2791.0	49	8714.623868025665
2792.0	79	8714.504254571157
2793.0	80	8714.384643379832
2794.0	80	8714.265034451639
2795.0	74	8714.145427786521
2796.0	79	8714.025823384407
2797.0	71	8713.906221245246
2798.0	79	8713.786621368981
2799.0	86	8713.667023755555
2800.0	74	8713.547428404901
2801.0	85	8713.427835316965
2802.0	98	8713.308244491693
2803.0	77	8713.188655929018
2804.0	65	8713.069069628886
2805.0	78	8712.949485591234
2806.0	89	8712.82990381602
2807.0	74	8712.71032430316
2808.0	87	8712.590747052609
2809.0	79	8712.471172064315
2810.0	90	8712.351599338208
2811.0	65	8712.232028874236
2812.0	58	8712.112460672333
2813.0	46	8711.992894732446
2814.0	65	8711.873331054514
2815.0	75	8711.753769638484
2816.0	79	8711.634210484293
2817.0	73	8711.514653591885
2818.0	84	8711.395098961195
2819.0	82	8711.275546592167
2820.0	78	8711.155996484747
2821.0	91	8711.03644863887
2822.0	80	8710.916903054484
2823.0	71	8710.797359731532
2824.0	74	8710.677818669948
2825.0	74	8710.558279869672
2826.0	70	8710.438743330653
2827.0	61	8710.319209052837
2828.0	68	8710.199677036144
2829.0	79	8710.08014728054
2830.0	79	8709.960619785945
2831.0	84	8709.841094552325
2832.0	82	8709.721571579597
2833.0	90	8709.60205086771
2834.0	82	8709.482532416616
2835.0	74	8709.363016226247
2836.0	71	8709.24350229655
2837.0	66	8709.12399062746
2838.0	71	8709.004481218915
2839.0	85	8708.88497407087
2840.0	72	8708.765469183254
2841.0	82	8708.645966556018
2842.0	76	8708.526466189096
2843.0	71	8708.406968082441
2844.0	83	8708.287472235974
2845.0	73	8708.167978649664
2846.0	80	8708.048487323425
2847.0	80	8707.92899825721
2848.0	79	8707.809511450965
2849.0	87	8707.690026904627
2850.0	75	8707.570544618138
2851.0	79	8707.45106459144
2852.0	77	8707.331586824475
2853.0	70	8707.212111317183
2854.0	76	8707.09263806951
2855.0	87	8706.973167081384
2856.0	81	8706.853698352763
2857.0	88	8706.734231883582
2858.0	67	8706.614767673782
2859.0	66	8706.495305723303
2860.0	99	8706.375846032088
2861.0	100	8706.256388600077
2862.0	73	8706.136933427215
2863.0	75	8706.01748051344
2864.0	82	8705.8980298587
2865.0	77	8705.778581462924
2866.0	72	8705.65913532607
2867.0	73	8705.539691448072
2868.0	81	8705.420249828858
2869.0	83	8705.300810468392
2870.0	71	8705.1813733666
2871.0	74	8705.061938523435
2872.0	70	8704.942505938829
2873.0	62	8704.823075612725
2874.0	88	8704.703647545068
2875.0	80	8704.584221735799
2876.0	69	8704.464798184854
2877.0	74	8704.345376892192
2878.0	71	8704.225957857729
2879.0	67	8704.106541081426
2880.0	85	8703.98712656321
2881.0	90	8703.867714303035
2882.0	72	8703.748304300838
2883.0	67	8703.628896556565
2884.0	61	8703.509491070145
2885.0	65	8703.390087841533
2886.0	74	8703.270686870666
2887.0	74	8703.151288157485
2888.0	71	8703.031891701929
2889.0	78	8702.912497503936
2890.0	65	8702.793105563467
2891.0	76	8702.673715880444
2892.0	67	8702.554328454813
2893.0	89	8702.43494328651
2894.0	81	8702.315560375493
2895.0	69	8702.196179721694
2896.0	64	8702.076801325053
2897.0	81	8701.957425185512
2898.0	71	8701.838051303024
2899.0	77	8701.718679677513
2900.0	87	8701.59931030893
2901.0	70	8701.479943197213
2902.0	59	8701.360578342303
2903.0	67	8701.241215744152
2904.0	84	8701.121855402684
2905.0	79	8701.002497317853
2906.0	84	8700.883141489603
2907.0	69	8700.763787917867
2908.0	66	8700.644436602593
2909.0	63	8700.525087543712
2910.0	97	8700.405740741184
2911.0	73	8700.286396194933
2912.0	76	8700.167053904912
2913.0	83	8700.047713871052
2914.0	78	8699.92837609331
2915.0	88	8699.809040571607
2916.0	60	8699.689707305906
2917.0	60	8699.570376296133
2918.0	91	8699.451047542236
2919.0	81	8699.331721044156
2920.0	73	8699.212396801839
2921.0	72	8699.093074815222
2922.0	71	8698.97375508424
2923.0	69	8698.854437608845
2924.0	76	8698.735122388976
2925.0	64	8698.615809424578
2926.0	84	8698.49649871558
2927.0	76	8698.37719026194
2928.0	59	8698.257884063585
2929.0	90	8698.138580120463
2930.0	62	8698.019278432523
2931.0	80	8697.899978999694
2932.0	78	8697.780681821923
2933.0	76	8697.661386899157
2934.0	77	8697.542094231329
2935.0	89	8697.422803818385
2936.0	86	8697.303515660267
2937.0	66	8697.184229756916
2938.0	81	8697.06494610827
2939.0	86	8696.945664714274
2940.0	84	8696.826385574877
2941.0	73	8696.707108690009
2942.0	80	8696.587834059612
2943.0	72	8696.468561683638
2944.0	71	8696.349291562017
2945.0	89	8696.230023694701
2946.0	79	8696.110758081624
2947.0	63	8695.991494722724
2948.0	68	8695.872233617962
2949.0	67	8695.752974767256
2950.0	65	8695.633718170566
2951.0	78	8695.514463827825
2952.0	74	8695.395211738976
2953.0	97	8695.275961903957
2954.0	77	8695.156714322715
2955.0	56	8695.037468995188
2956.0	70	8694.918225921327
2957.0	85	8694.798985101057
2958.0	66	8694.67974653433
2959.0	77	8694.56051022109
2960.0	81	8694.44127616128
2961.0	60	8694.322044354833
2962.0	53	8694.202814801694
2963.0	56	8694.083587501807
2964.0	72	8693.96436245511
2965.0	66	8693.845139661546
2966.0	73	8693.725919121067
2967.0	75	8693.606700833596
2968.0	77	8693.48748479909
2969.0	80	8693.368271017478
2970.0	66	8693.249059488717
2971.0	66	8693.129850212737
2972.0	66	8693.010643189484
2973.0	68	8692.891438418897
2974.0	76	8692.77223590092
2975.0	58	8692.653035635503
2976.0	70	8692.533837622563
2977.0	79	8692.41464186207
2978.0	73	8692.295448353947
2979.0	63	8692.17625709815
2980.0	86	8692.057068094613
2981.0	92	8691.937881343265
2982.0	74	8691.818696844075
2983.0	76	8691.699514596965
2984.0	88	8691.580334601877
2985.0	68	8691.461156858768
2986.0	61	8691.341981367565
2987.0	67	8691.222808128205
2988.0	81	8691.10363714065
2989.0	72	8690.984468404835
2990.0	77	8690.86530192069
2991.0	61	8690.746137688173
2992.0	74	8690.626975707206
2993.0	88	8690.507815977744
2994.0	77	8690.388658499736
2995.0	57	8690.269503273103
2996.0	61	8690.150350297808
2997.0	86	8690.031199573776
2998.0	89	8689.912051100962
2999.0	69	8689.7929048793
3000.0	72	8689.673760908734
3001.0	62	8689.554619189203
3002.0	52	8689.43547972065
3003.0	83	8689.31634250302
3004.0	71	8689.197207536252
3005.0	65	8689.078074820289
3006.0	87	8688.958944355078
3007.0	69	8688.839816140553
3008.0	63	8688.720690176657
3009.0	58	8688.60156646333
3010.0	76	8688.482445000514
3011.0	78	8688.36332578816
3012.0	92	8688.244208826207
3013.0	76	8688.12509411458
3014.0	91	8688.005981653243
3015.0	65	8687.886871442128
3016.0	84	8687.767763481175
3017.0	67	8687.648657770325
3018.0	76	8687.529554309527
3019.0	65	8687.41045309872
3020.0	74	8687.291354137851
3021.0	62	8687.172257426844
3022.0	68	8687.05316296566
3023.0	73	8686.934070754227
3024.0	61	8686.814980792504
3025.0	75	8686.695893080414
3026.0	78	8686.576807617907
3027.0	71	8686.457724404921
3028.0	64	8686.338643441408
3029.0	75	8686.219564727306
3030.0	71	8686.100488262546
3031.0	76	8685.981414047083
3032.0	72	8685.862342080847
3033.0	74	8685.743272363798
3034.0	76	8685.624204895857
3035.0	77	8685.505139676981
3036.0	83	8685.386076707104
3037.0	86	8685.267015986172
3038.0	78	8685.14795751413
3039.0	69	8685.028901290902
3040.0	83	8684.909847316452
3041.0	73	8684.790795590709
3042.0	75	8684.671746113623
3043.0	79	8684.55269888513
3044.0	85	8684.433653905173
3045.0	83	8684.314611173688
3046.0	72	8684.195570690632
3047.0	87	8684.07653245593
3048.0	76	8683.957496469537
3049.0	84	8683.83846273139
3050.0	66	8683.719431241429
3051.0	62	8683.600401999603
3052.0	68	8683.48137500584
3053.0	77	8683.362350260099
3054.0	78	8683.243327762308
3055.0	68	8683.12430751241
3056.0	83	8683.005289510356
3057.0	73	8682.88627375608
3058.0	53	8682.767260249535
3059.0	76	8682.648248990648
3060.0	68	8682.52923997937
3061.0	60	8682.410233215634
3062.0	97	8682.291228699396
3063.0	69	8682.17222643059
3064.0	70	8682.053226409154
3065.0	70	8681.934228635037
3066.0	77	8681.81523310818
3067.0	70	8681.696239828514
3068.0	82	8681.577248795998
3069.0	72	8681.458260010566
3070.0	63	8681.33927347216
3071.0	65	8681.220289180714
3072.0	78	8681.101307136192
3073.0	74	8680.982327338506
3074.0	72	8680.863349787627
3075.0	72	8680.744374483475
3076.0	70	8680.625401425998
3077.0	75	8680.506430615149
3078.0	79	8680.38746205086
3079.0	58	8680.268495733066
3080.0	75	8680.149531661724
3081.0	67	8680.030569836768
3082.0	66	8679.911610258141
3083.0	74	8679.792652925786
3084.0	81	8679.673697839648
3085.0	74	8679.55474499966
3086.0	91	8679.435794405763
3087.0	71	8679.316846057915
3088.0	88	8679.19789995604
3089.0	67	8679.078956100095
3090.0	84	8678.960014490012
3091.0	88	8678.841075125738
3092.0	74	8678.72213800721
3093.0	68	8678.603203134371
3094.0	73	8678.484270507164
3095.0	102	8678.365340125534
3096.0	79	8678.246411989425
3097.0	79	8678.127486098769
3098.0	66	8678.008562453511
3099.0	75	8677.889641053604
3100.0	72	8677.770721898976
3101.0	71	8677.651804989575
3102.0	69	8677.532890325341
3103.0	68	8677.413977906222
3104.0	78	8677.295067732153
3105.0	80	8677.176159803083
3106.0	71	8677.057254118941
3107.0	59	8676.938350679682
3108.0	74	8676.819449485241
3109.0	71	8676.700550535566
3110.0	79	8676.581653830599
3111.0	76	8676.46275937027
3112.0	84	8676.34386715454
3113.0	74	8676.224977183332
3114.0	82	8676.1060894566
3115.0	66	8675.987203974284
3116.0	70	8675.868320736317
3117.0	82	8675.749439742656
3118.0	73	8675.630560993235
3119.0	51	8675.51168448799
3120.0	89	8675.392810226884
3121.0	80	8675.273938209835
3122.0	68	8675.155068436788
3123.0	70	8675.036200907705
3124.0	83	8674.91733562251
3125.0	87	8674.798472581151
3126.0	68	8674.679611783562
3127.0	71	8674.560753229698
3128.0	80	8674.441896919492
3129.0	72	8674.323042852895
3130.0	95	8674.204191029836
3131.0	86	8674.085341450269
3132.0	70	8673.96649411413
3133.0	74	8673.84764902136
3134.0	70	8673.72880617191
3135.0	69	8673.609965565707
3136.0	72	8673.491127202708
3137.0	77	8673.372291082842
3138.0	84	8673.253457206061
3139.0	55	8673.134625572302
3140.0	78	8673.015796181511
3141.0	57	8672.896969033629
3142.0	79	8672.77814412859
3143.0	79	8672.659321466354
3144.0	91	8672.540501046844
3145.0	74	8672.421682870016
3146.0	81	8672.302866935801
3147.0	74	8672.184053244142
3148.0	67	8672.06524179499
3149.0	84	8671.946432588284
3150.0	83	8671.827625623966
3151.0	75	8671.708820901966
3152.0	53	8671.590018422245
3153.0	71	8671.471218184735
3154.0	95	8671.352420189382
3155.0	92	8671.233624436127
3156.0	76	8671.114830924907
3157.0	71	8670.996039655667
3158.0	86	8670.877250628351
3159.0	80	8670.758463842902
3160.0	86	8670.639679299262
3161.0	76	8670.520896997374
3162.0	69	8670.402116937168
3163.0	67	8670.283339118605
3164.0	59	8670.164563541617
3165.0	81	8670.045790206135
3166.0	67	8669.927019112123
3167.0	65	8669.808250259515
3168.0	89	8669.689483648248
3169.0	67	8669.57071927827
3170.0	79	8669.45195714952
3171.0	77	8669.33319726193
3172.0	79	8669.214439615467
3173.0	73	8669.095684210059
3174.0	75	8668.97693104564
3175.0	82	8668.858180122159
3176.0	86	8668.739431439566
3177.0	80	8668.620684997795
3178.0	77	8668.501940796783
3179.0	72	8668.38319883649
3180.0	70	8668.26445911684
3181.0	85	8668.145721637782
3182.0	67	8668.026986399254
3183.0	75	8667.908253401209
3184.0	76	8667.789522643587
3185.0	65	8667.670794126316
3186.0	77	8667.552067849354
3187.0	88	8667.433343812632
3188.0	85	8667.314622016096
3189.0	65	8667.19590245969
3190.0	71	8667.077185143356
3191.0	76	8666.958470067037
3192.0	93	8666.839757230679
3193.0	77	8666.721046634215
3194.0	71	8666.602338277591
3195.0	92	8666.483632160745
3196.0	77	8666.364928283629
3197.0	80	8666.24622664618
3198.0	69	8666.127527248334
3199.0	79	8666.008830090046
3200.0	80	8665.89013517124
3201.0	66	8665.77144249188
3202.0	69	8665.652752051898
3203.0	84	8665.534063851228
3204.0	73	8665.415377889824
3205.0	55	8665.29669416763
3206.0	72	8665.178012684573
3207.0	82	8665.059333440611
3208.0	83	8664.940656435674
3209.0	65	8664.821981669711
3210.0	74	8664.70330914267
3211.0	87	8664.584638854474
3212.0	80	8664.465970805091
3213.0	70	8664.347304994442
3214.0	83	8664.228641422478
3215.0	76	8664.109980089137
3216.0	83	8663.991320994372
3217.0	81	8663.872664138109
3218.0	72	8663.754009520306
3219.0	82	8663.635357140893
3220.0	67	8663.51670699982
3221.0	80	8663.398059097022
3222.0	74	8663.279413432454
3223.0	55	8663.160770006045
3224.0	85	8663.042128817739
3225.0	88	8662.923489867486
3226.0	66	8662.80485315522
3227.0	63	8662.68621868089
3228.0	62	8662.567586444433
3229.0	71	8662.448956445798
3230.0	76	8662.33032868492
3231.0	67	8662.211703161738
3232.0	75	8662.09307987621
3233.0	65	8661.974458828261
3234.0	85	8661.855840017848
3235.0	71	8661.737223444898
3236.0	71	8661.618609109362
3237.0	75	8661.499997011182
3238.0	64	8661.381387150299
3239.0	74	8661.262779526662
3240.0	92	8661.144174140194
3241.0	96	8661.025570990863
3242.0	74	8660.906970078597
3243.0	82	8660.788371403334
3244.0	87	8660.669774965023
3245.0	67	8660.551180763614
3246.0	65	8660.432588799029
3247.0	71	8660.31399907123
3248.0	89	8660.195411580142
3249.0	79	8660.076826325721
3250.0	81	8659.958243307912
3251.0	86	8659.839662526641
3252.0	77	8659.721083981865
3253.0	70	8659.602507673519
3254.0	70	8659.483933601543
3255.0	83	8659.365361765895
3256.0	83	8659.246792166497
3257.0	70	8659.128224803297
3258.0	80	8659.009659676249
3259.0	66	8658.891096785275
3260.0	68	8658.772536130338
3261.0	66	8658.653977711365
3262.0	69	8658.535421528304
3263.0	88	8658.416867581103
3264.0	80	8658.298315869693
3265.0	67	8658.179766394027
3266.0	78	8658.061219154044
3267.0	71	8657.942674149683
3268.0	84	8657.824131380885
3269.0	64	8657.705590847594
3270.0	74	8657.587052549761
3271.0	70	8657.46851648731
3272.0	82	8657.349982660207
3273.0	80	8657.231451068377
3274.0	78	8657.112921711767
3275.0	83	8656.99439459032
3276.0	79	8656.875869703976
3277.0	70	8656.757347052679
3278.0	64	8656.638826636374
3279.0	66	8656.520308454998
3280.0	79	8656.401792508497
3281.0	83	8656.283278796811
3282.0	74	8656.164767319886
3283.0	65	8656.046258077662
3284.0	74	8655.92775107008
3285.0	71	8655.809246297082
3286.0	88	8655.690743758616
3287.0	59	8655.572243454617
3288.0	67	8655.453745385039
3289.0	81	8655.335249549804
3290.0	69	8655.216755948879
3291.0	95	8655.098264582184
3292.0	76	8654.979775449676
3293.0	70	8654.86128855129
3294.0	87	8654.742803886973
3295.0	92	8654.624321456673
3296.0	87	8654.505841260314
3297.0	66	8654.38736329785
3298.0	80	8654.268887569227
3299.0	76	8654.150414074382
3300.0	79	8654.031942813252
3301.0	62	8653.913473785797
3302.0	66	8653.79500699194
3303.0	62	8653.67654243163
3304.0	70	8653.558080104815
3305.0	75	8653.439620011428
3306.0	79	8653.321162151424
3307.0	65	8653.202706524731
3308.0	62	8653.084253131303
3309.0	79	8652.96580197108
3310.0	65	8652.847353044004
3311.0	70	8652.728906350008
3312.0	81	8652.610461889037
3313.0	74	8652.492019661053
3314.0	79	8652.373579665977
3315.0	75	8652.255141903757
3316.0	73	8652.136706374333
3317.0	76	8652.018273077661
3318.0	62	8651.899842013661
3319.0	77	8651.781413182296
3320.0	79	8651.6629865835
3321.0	68	8651.544562217216
3322.0	96	8651.426140083386
3323.0	85	8651.30772018195
3324.0	85	8651.189302512852
3325.0	68	8651.070887076039
3326.0	69	8650.95247387145
3327.0	77	8650.83406289902
3328.0	80	8650.715654158701
3329.0	76	8650.597247650438
3330.0	68	8650.478843374169
3331.0	79	8650.36044132983
3332.0	93	8650.242041517376
3333.0	55	8650.12364393674
3334.0	92	8650.005248587864
3335.0	70	8649.886855470699
3336.0	72	8649.768464585179
3337.0	80	8649.65007593125
3338.0	61	8649.53168950886
3339.0	66	8649.413305317938
3340.0	66	8649.294923358435
3341.0	79	8649.176543630292
3342.0	94	8649.058166133455
3343.0	57	8648.939790867862
3344.0	76	8648.82141783345
3345.0	76	8648.703047030174
3346.0	62	8648.584678457977
3347.0	62	8648.466312116789
3348.0	81	8648.347948006556
3349.0	78	8648.229586127229
3350.0	64	8648.111226478739
3351.0	78	8647.99286906104
3352.0	79	8647.874513874063
3353.0	92	8647.756160917763
3354.0	79	8647.637810192069
3355.0	75	8647.519461696933
3356.0	62	8647.40111543229
3357.0	82	8647.282771398091
3358.0	73	8647.164429594275
3359.0	82	8647.046090020784
3360.0	76	8646.92775267756
3361.0	63	8646.809417564547
3362.0	93	8646.69108468168
3363.0	79	8646.572754028915
3364.0	82	8646.45442560619
3365.0	81	8646.336099413444
3366.0	65	8646.217775450616
3367.0	89	8646.099453717652
3368.0	79	8645.981134214495
3369.0	86	8645.862816941088
3370.0	78	8645.744501897378
3371.0	70	8645.626189083307
3372.0	74	8645.507878498802
3373.0	77	8645.389570143825
3374.0	91	8645.271264018309
3375.0	69	8645.1529601222
3376.0	92	8645.034658455434
3377.0	61	8644.916359017961
3378.0	79	8644.79806180972
3379.0	69	8644.679766830659
3380.0	52	8644.561474080709
3381.0	80	8644.44318355982
3382.0	61	8644.32489526793
3383.0	73	8644.206609204995
3384.0	60	8644.088325370949
3385.0	93	8643.970043765721
3386.0	69	8643.851764389274
3387.0	70	8643.733487241545
3388.0	78	8643.615212322471
3389.0	63	8643.49693963199
3390.0	71	8643.37866917006
3391.0	91	8643.260400936615
3392.0	86	8643.142134931604
3393.0	84	8643.023871154963
3394.0	85	8642.905609606625
3395.0	59	8642.78735028655
3396.0	68	8642.669093194669
3397.0	75	8642.550838330935
3398.0	60	8642.43258569528
3399.0	70	8642.314335287652
3400.0	74	8642.196087108005
3401.0	81	8642.077841156255
3402.0	80	8641.959597432366
3403.0	67	8641.841355936263
3404.0	66	8641.723116667908
3405.0	79	8641.60487962723
3406.0	82	8641.486644814186
3407.0	86	8641.368412228696
3408.0	90	8641.250181870722
3409.0	66	8641.131953740201
3410.0	71	8641.013727837075
3411.0	66	8640.895504161284
3412.0	76	8640.77728271278
3413.0	59	8640.65906349149
3414.0	73	8640.540846497368
3415.0	72	8640.422631730351
3416.0	78	8640.304419190383
3417.0	82	8640.18620887741
3418.0	85	8640.06800079138
3419.0	106	8639.949794932218
3420.0	75	8639.831591299877
3421.0	91	8639.713389894307
3422.0	66	8639.595190715436
3423.0	75	8639.47699376322
3424.0	84	8639.358799037585
3425.0	76	8639.240606538488
3426.0	83	8639.122416265873
3427.0	66	8639.004228219674
3428.0	85	8638.88604239984
3429.0	76	8638.767858806303
3430.0	70	8638.649677439014
3431.0	85	8638.531498297916
3432.0	79	8638.413321382952
3433.0	60	8638.295146694056
3434.0	65	8638.176974231184
3435.0	56	8638.058803994276
3436.0	89	8637.940635983265
3437.0	81	8637.822470198094
3438.0	79	8637.70430663872
3439.0	68	8637.586145305073
3440.0	75	8637.467986197104
3441.0	76	8637.349829314742
3442.0	90	8637.231674657942
3443.0	78	8637.113522226648
3444.0	69	8636.995372020794
3445.0	74	8636.877224040329
3446.0	68	8636.759078285191
3447.0	61	8636.640934755322
3448.0	83	8636.52279345067
3449.0	66	8636.40465437118
3450.0	69	8636.286517516786
3451.0	69	8636.168382887427
3452.0	61	8636.05025048307
3453.0	74	8635.932120303623
3454.0	78	8635.813992349054
3455.0	72	8635.695866619304
3456.0	75	8635.5777431143
3457.0	61	8635.459621834007
3458.0	85	8635.341502778343
3459.0	72	8635.22338594727
3460.0	71	8635.10527134072
3461.0	79	8634.98715895864
3462.0	69	8634.869048800974
3463.0	71	8634.750940867663
3464.0	69	8634.63283515865
3465.0	86	8634.514731673873
3466.0	92	8634.396630413281
3467.0	61	8634.278531376818
3468.0	79	8634.160434564414
3469.0	75	8634.042339976028
3470.0	75	8633.924247611598
3471.0	72	8633.80615747106
3472.0	72	8633.688069554362
3473.0	72	8633.569983861444
3474.0	64	8633.451900392256
3475.0	78	8633.333819146732
3476.0	66	8633.215740124815
3477.0	88	8633.097663326453
3478.0	70	8632.979588751588
3479.0	77	8632.861516400159
3480.0	58	8632.743446272116
3481.0	78	8632.625378367387
3482.0	57	8632.507312685928
3483.0	64	8632.389249227677
3484.0	65	8632.271187992585
3485.0	65	8632.153128980583
3486.0	80	8632.035072191617
3487.0	75	8631.91701762563
3488.0	88	8631.798965282567
3489.0	61	8631.680915162371
3490.0	60	8631.562867264978
3491.0	67	8631.444821590341
3492.0	66	8631.3267781384
3493.0	77	8631.208736909091
3494.0	63	8631.090697902362
3495.0	58	8630.972661118161
3496.0	63	8630.854626556416
3497.0	71	8630.73659421708
3498.0	75	8630.618564100098
3499.0	83	8630.500536205407
3500.0	67	8630.382510532949
3501.0	79	8630.26448708267
3502.0	78	8630.146465854516
3503.0	74	8630.028446848422
3504.0	57	8629.910430064341
3505.0	56	8629.792415502203
3506.0	69	8629.674403161958
3507.0	65	8629.556393043553
3508.0	69	8629.438385146927
3509.0	75	8629.320379472018
3510.0	80	8629.202376018775
3511.0	68	8629.084374787133
3512.0	74	8628.966375777036
3513.0	72	8628.848378988441
3514.0	77	8628.730384421277
3515.0	67	8628.612392075494
3516.0	85	8628.494401951031
3517.0	63	8628.376414047825
3518.0	58	8628.258428365833
3519.0	72	8628.14044490498
3520.0	66	8628.022463665218
3521.0	79	8627.904484646502
3522.0	70	8627.786507848756
3523.0	84	8627.66853327193
3524.0	68	8627.550560915965
3525.0	81	8627.43259078081
3526.0	65	8627.314622866399
3527.0	64	8627.196657172683
3528.0	79	8627.078693699601
3529.0	63	8626.960732447087
3530.0	55	8626.842773415103
3531.0	82	8626.724816603582
3532.0	74	8626.606862012457
3533.0	91	8626.488909641685
3534.0	74	8626.370959491207
3535.0	74	8626.25301156096
3536.0	64	8626.135065850885
3537.0	65	8626.017122360938
3538.0	72	8625.899181091054
3539.0	80	8625.781242041166
3540.0	78	8625.663305211232
3541.0	51	8625.545370601189
3542.0	86	8625.42743821097
3543.0	81	8625.30950804054
3544.0	67	8625.19158008982
3545.0	61	8625.073654358772
3546.0	73	8624.955730847321
3547.0	64	8624.83780955542
3548.0	81	8624.71989048301
3549.0	83	8624.601973630037
3550.0	69	8624.484058996433
3551.0	76	8624.366146582157
3552.0	75	8624.248236387133
3553.0	73	8624.130328411322
3554.0	81	8624.012422654661
3555.0	76	8623.894519117086
3556.0	82	8623.77661779854
3557.0	78	8623.658718698976
3558.0	80	8623.54082181833
3559.0	67	8623.422927156545
3560.0	82	8623.30503471357
3561.0	86	8623.187144489346
3562.0	77	8623.069256483808
3563.0	67	8622.951370696901
3564.0	80	8622.833487128579
3565.0	68	8622.715605778765
3566.0	62	8622.597726647416
3567.0	74	8622.479849734478
3568.0	66	8622.361975039885
3569.0	76	8622.244102563587
3570.0	60	8622.126232305523
3571.0	87	8622.008364265626
3572.0	61	8621.89049844386
3573.0	80	8621.772634840152
3574.0	72	8621.654773454453
3575.0	73	8621.5369142867
3576.0	70	8621.41905733684
3577.0	62	8621.301202604813
3578.0	67	8621.183350090558
3579.0	63	8621.065499794033
3580.0	62	8620.947651715169
3581.0	76	8620.829805853906
3582.0	100	8620.711962210193
3583.0	74	8620.594120783979
3584.0	66	8620.476281575195
3585.0	68	8620.358444583784
3586.0	72	8620.240609809707
3587.0	62	8620.122777252882
3588.0	79	8620.004946913261
3589.0	75	8619.887118790799
3590.0	57	8619.769292885423
3591.0	68	8619.651469197086
3592.0	75	8619.533647725728
3593.0	70	8619.415828471288
3594.0	66	8619.29801143372
3595.0	61	8619.180196612948
3596.0	64	8619.062384008936
3597.0	87	8618.944573621611
3598.0	85	8618.82676545092
3599.0	72	8618.708959496815
3600.0	67	8618.591155759228
3601.0	78	8618.47335423811
3602.0	74	8618.355554933392
3603.0	66	8618.237757845034
3604.0	65	8618.11996297296
3605.0	59	8618.00217031713
3606.0	81	8617.884379877476
3607.0	83	8617.766591653948
3608.0	70	8617.648805646486
3609.0	75	8617.531021855028
3610.0	71	8617.413240279528
3611.0	73	8617.295460919917
3612.0	75	8617.177683776144
3613.0	80	8617.059908848154
3614.0	73	8616.942136135889
3615.0	64	8616.824365639286
3616.0	70	8616.706597358298
3617.0	65	8616.588831292858
3618.0	74	8616.471067442912
3619.0	70	8616.353305808409
3620.0	65	8616.235546389284
3621.0	75	8616.117789185491
3622.0	92	8616.000034196953
3623.0	72	8615.882281423641
3624.0	79	8615.764530865472
3625.0	72	8615.6467825224
3626.0	72	8615.52903639437
3627.0	78	8615.41129248132
3628.0	84	8615.293550783197
3629.0	71	8615.175811299949
3630.0	81	8615.058074031507
3631.0	73	8614.940338977816
3632.0	74	8614.822606138827
3633.0	77	8614.704875514475
3634.0	78	8614.587147104708
3635.0	77	8614.469420909469
3636.0	73	8614.351696928697
3637.0	71	8614.23397516234
3638.0	65	8614.116255610339
3639.0	86	8613.998538272635
3640.0	64	8613.880823149177
3641.0	73	8613.763110239906
3642.0	80	8613.64539954475
3643.0	73	8613.527691063675
3644.0	96	8613.409984796615
3645.0	74	8613.292280743515
3646.0	84	8613.174578904302
3647.0	72	8613.05687927894
3648.0	94	8612.939181867363
3649.0	87	8612.821486669516
3650.0	76	8612.703793685345
3651.0	78	8612.586102914782
3652.0	76	8612.468414357783
3653.0	67	8612.350728014286
3654.0	75	8612.233043884231
3655.0	74	8612.11536196756
3656.0	57	8611.997682264226
3657.0	62	8611.88000477416
3658.0	75	8611.762329497316
3659.0	63	8611.644656433633
3660.0	64	8611.526985583045
3661.0	61	8611.40931694551
3662.0	82	8611.291650520958
3663.0	58	8611.173986309343
3664.0	67	8611.056324310606
3665.0	65	8610.93866452468
3666.0	71	8610.82100695152
3667.0	53	8610.703351591059
3668.0	76	8610.58569844325
3669.0	81	8610.468047508031
3670.0	78	8610.350398785346
3671.0	71	8610.232752275135
3672.0	91	8610.115107977352
3673.0	73	8609.997465891925
3674.0	71	8609.879826018807
3675.0	80	8609.762188357932
3676.0	60	8609.644552909253
3677.0	71	8609.52691967272
3678.0	60	8609.409288648258
3679.0	82	8609.291659835813
3680.0	71	8609.174033235331
3681.0	65	8609.056408846767
3682.0	69	8608.938786670044
3683.0	68	8608.821166705122
3684.0	65	8608.703548951937
3685.0	81	8608.585933410432
3686.0	79	8608.468320080545
3687.0	83	8608.350708962227
3688.0	77	8608.233100055426
3689.0	81	8608.115493360068
3690.0	69	8607.997888876114
3691.0	67	8607.880286603491
3692.0	78	8607.762686542153
3693.0	75	8607.645088692045
3694.0	75	8607.527493053103
3695.0	66	8607.40989962527
3696.0	97	8607.2923084085
3697.0	83	8607.174719402721
3698.0	69	8607.057132607884
3699.0	72	8606.93954802393
3700.0	81	8606.821965650806
3701.0	67	8606.704385488445
3702.0	81	8606.586807536803
3703.0	78	8606.469231795822
3704.0	67	8606.351658265432
3705.0	85	8606.234086945591
3706.0	72	8606.116517836243
3707.0	51	8605.998950937314
3708.0	64	8605.881386248762
3709.0	78	8605.763823770523
3710.0	54	8605.646263502547
3711.0	74	8605.528705444774
3712.0	74	8605.411149597145
3713.0	58	8605.2935959596
3714.0	79	8605.176044532089
3715.0	78	8605.058495314554
3716.0	87	8604.940948306932
3717.0	82	8604.823403509175
3718.0	69	8604.705860921227
3719.0	81	8604.588320543025
3720.0	67	8604.470782374505
3721.0	84	8604.35324641563
3722.0	85	8604.235712666328
3723.0	69	8604.118181126549
3724.0	75	8604.000651796228
3725.0	71	8603.883124675314
3726.0	62	8603.765599763752
3727.0	65	8603.648077061482
3728.0	73	8603.530556568452
3729.0	62	8603.413038284598
3730.0	80	8603.29552220987
3731.0	66	8603.1780083442
3732.0	57	8603.060496687549
3733.0	67	8602.942987239849
3734.0	75	8602.82548000104
3735.0	56	8602.707974971074
3736.0	89	8602.590472149885
3737.0	73	8602.472971537425
3738.0	70	8602.355473133633
3739.0	81	8602.237976938452
3740.0	77	8602.120482951825
3741.0	79	8602.002991173697
3742.0	70	8601.885501604007
3743.0	82	8601.768014242707
3744.0	57	8601.650529089737
3745.0	60	8601.53304614503
3746.0	77	8601.41556540854
3747.0	62	8601.298086880213
3748.0	68	8601.180610559983
3749.0	68	8601.063136447796
3750.0	73	8600.945664543597
3751.0	85	8600.828194847329
3752.0	77	8600.71072735893
3753.0	80	8600.593262078353
3754.0	69	8600.475799005531
3755.0	75	8600.358338140422
3756.0	67	8600.240879482959
3757.0	81	8600.12342303308
3758.0	65	8600.005968790736
3759.0	69	8599.888516755866
3760.0	80	8599.77106692842
3761.0	63	8599.653619308332
3762.0	72	8599.536173895553
3763.0	81	8599.418730690028
3764.0	75	8599.301289691688
3765.0	74	8599.183850900492
3766.0	70	8599.066414316372
3767.0	74	8598.948979939272
3768.0	71	8598.831547769141
3769.0	65	8598.71411780592
3770.0	82	8598.596690049551
3771.0	83	8598.479264499978
3772.0	74	8598.36184115715
3773.0	76	8598.244420020994
3774.0	77	8598.127001091469
3775.0	78	8598.009584368509
3776.0	82	8597.892169852066
3777.0	64	8597.774757542076
3778.0	74	8597.657347438486
3779.0	81	8597.539939541231
3780.0	76	8597.422533850271
3781.0	86	8597.30513036554
3782.0	84	8597.187729086976
3783.0	74	8597.070330014534
3784.0	82	8596.952933148146
3785.0	71	8596.83553848776
3786.0	73	8596.71814603332
3787.0	56	8596.600755784766
3788.0	77	8596.483367742043
3789.0	80	8596.3659819051
3790.0	62	8596.248598273873
3791.0	71	8596.131216848315
3792.0	76	8596.013837628352
3793.0	77	8595.896460613943
3794.0	71	8595.77908580502
3795.0	91	8595.661713201534
3796.0	59	8595.544342803436
3797.0	67	8595.426974610647
3798.0	63	8595.309608623134
3799.0	80	8595.192244840826
3800.0	75	8595.074883263667
3801.0	63	8594.957523891606
3802.0	77	8594.840166724583
3803.0	66	8594.722811762545
3804.0	73	8594.605459005434
3805.0	87	8594.48810845318
3806.0	87	8594.370760105747
3807.0	82	8594.25341396306
3808.0	78	8594.136070025086
3809.0	68	8594.018728291747
3810.0	79	8593.901388762994
3811.0	62	8593.784051438772
3812.0	62	8593.66671631902
3813.0	84	8593.549383403675
3814.0	70	8593.432052692697
3815.0	67	8593.314724186022
3816.0	64	8593.197397883594
3817.0	81	8593.080073785353
3818.0	81	8592.96275189125
3819.0	71	8592.84543220121
3820.0	77	8592.728114715195
3821.0	65	8592.61079943315
3822.0	76	8592.493486355004
3823.0	81	8592.376175480702
3824.0	62	8592.258866810202
3825.0	67	8592.141560343436
3826.0	76	8592.024256080345
3827.0	78	8591.906954020878
3828.0	75	8591.78965416498
3829.0	81	8591.672356512589
3830.0	69	8591.555061063656
3831.0	78	8591.437767818117
3832.0	65	8591.320476775914
3833.0	79	8591.203187936995
3834.0	67	8591.085901301301
3835.0	74	8590.968616868782
3836.0	67	8590.851334639377
3837.0	61	8590.73405461303
3838.0	70	8590.616776789677
3839.0	53	8590.499501169274
3840.0	65	8590.382227751754
3841.0	74	8590.264956537065
3842.0	66	8590.147687525154
3843.0	68	8590.03042071595
3844.0	74	8589.913156109415
3845.0	73	8589.795893705481
3846.0	62	8589.678633504094
3847.0	67	8589.561375505207
3848.0	72	8589.444119708744
3849.0	70	8589.326866114663
3850.0	78	8589.209614722899
3851.0	86	8589.092365533408
3852.0	72	8588.97511854612
3853.0	84	8588.857873760982
3854.0	71	8588.740631177947
3855.0	75	8588.623390796936
3856.0	61	8588.50615261792
3857.0	84	8588.388916640824
3858.0	82	8588.271682865598
3859.0	88	8588.154451292183
3860.0	65	8588.037221920531
3861.0	68	8587.919994750573
3862.0	67	8587.802769782256
3863.0	80	8587.685547015524
3864.0	63	8587.56832645033
3865.0	74	8587.451108086603
3866.0	69	8587.333891924289
3867.0	75	8587.216677963339
3868.0	73	8587.099466203694
3869.0	74	8586.982256645293
3870.0	78	8586.865049288082
3871.0	69	8586.747844132009
3872.0	64	8586.630641177015
3873.0	73	8586.51344042303
3874.0	84	8586.39624187002
3875.0	73	8586.27904551792
3876.0	71	8586.161851366658
3877.0	66	8586.044659416204
3878.0	86	8585.927469666482
3879.0	90	8585.810282117445
3880.0	71	8585.69309676903
3881.0	76	8585.57591362119
3882.0	86	8585.458732673855
3883.0	69	8585.341553926975
3884.0	79	8585.224377380502
3885.0	88	8585.107203034366
3886.0	79	8584.990030888519
3887.0	67	8584.872860942902
3888.0	76	8584.75569319745
3889.0	79	8584.638527652125
3890.0	69	8584.52136430686
3891.0	68	8584.404203161592
3892.0	71	8584.287044216277
3893.0	69	8584.169887470853
3894.0	63	8584.052732925256
3895.0	66	8583.93558057944
3896.0	82	8583.81843043335
3897.0	77	8583.70128248692
3898.0	83	8583.584136740106
3899.0	64	8583.466993192837
3900.0	68	8583.34985184507
3901.0	68	8583.232712696727
3902.0	63	8583.11557574778
3903.0	76	8582.998440998155
3904.0	88	8582.8813084478
3905.0	73	8582.764178096657
3906.0	83	8582.64704994468
3907.0	74	8582.529923991799
3908.0	85	8582.412800237955
3909.0	73	8582.295678683102
3910.0	83	8582.178559327182
3911.0	79	8582.061442170132
3912.0	73	8581.944327211904
3913.0	73	8581.82721445243
3914.0	75	8581.710103891668
3915.0	69	8581.592995529558
3916.0	77	8581.47588936603
3917.0	63	8581.358785401046
3918.0	78	8581.24168363454
3919.0	83	8581.124584066454
3920.0	68	8581.007486696737
3921.0	73	8580.890391525327
3922.0	75	8580.77329855218
3923.0	78	8580.656207777221
3924.0	67	8580.539119200408
3925.0	82	8580.422032821676
3926.0	72	8580.304948640969
3927.0	79	8580.187866658236
3928.0	63	8580.070786873419
3929.0	69	8579.953709286468
3930.0	67	8579.836633897314
3931.0	74	8579.719560705897
3932.0	68	8579.60248971218
3933.0	71	8579.48542091609
3934.0	58	8579.368354317578
3935.0	61	8579.251289916589
3936.0	84	8579.134227713059
3937.0	75	8579.017167706943
3938.0	67	8578.900109898177
3939.0	64	8578.783054286701
3940.0	70	8578.66600087247
3941.0	75	8578.548949655411
3942.0	96	8578.431900635482
3943.0	63	8578.31485381262
3944.0	85	8578.197809186779
3945.0	56	8578.080766757888
3946.0	74	8577.963726525899
3947.0	94	8577.846688490752
3948.0	75	8577.729652652391
3949.0	61	8577.612619010766
3950.0	72	8577.49558756581
3951.0	83	8577.378558317478
3952.0	88	8577.261531265698
3953.0	74	8577.144506410432
3954.0	55	8577.027483751615
3955.0	79	8576.910463289185
3956.0	77	8576.793445023095
3957.0	73	8576.67642895328
3958.0	64	8576.55941507969
3959.0	78	8576.442403402276
3960.0	71	8576.325393920963
3961.0	58	8576.20838663571
3962.0	72	8576.091381546446
3963.0	80	8575.974378653134
3964.0	54	8575.857377955703
3965.0	80	8575.740379454104
3966.0	77	8575.623383148275
3967.0	80	8575.506389038159
3968.0	78	8575.389397123708
3969.0	52	8575.272407404856
3970.0	83	8575.155419881561
3971.0	82	8575.038434553746
3972.0	72	8574.921451421373
3973.0	83	8574.804470484376
3974.0	70	8574.687491742698
3975.0	82	8574.570515196287
3976.0	60	8574.453540845088
3977.0	69	8574.33656868904
3978.0	72	8574.219598728088
3979.0	85	8574.102630962174
3980.0	72	8573.985665391254
3981.0	75	8573.868702015254
3982.0	71	8573.751740834123
3983.0	69	8573.634781847813
3984.0	89	8573.517825056257
3985.0	71	8573.400870459405
3986.0	67	8573.283918057205
3987.0	77	8573.166967849587
3988.0	73	8573.050019836506
3989.0	58	8572.933074017894
3990.0	69	8572.816130393712
3991.0	67	8572.6991889639
3992.0	92	8572.582249728388
3993.0	73	8572.465312687127
3994.0	55	8572.348377840066
3995.0	86	8572.231445187139
3996.0	68	8572.114514728306
3997.0	54	8571.99758646349
3998.0	77	8571.880660392646
3999.0	71	8571.76373651572
4000.0	81	8571.64681483265
4001.0	74	8571.529895343381
4002.0	87	8571.412978047852
4003.0	70	8571.296062946023
4004.0	79	8571.179150037824
4005.0	80	8571.062239323199
4006.0	74	8570.945330802091
4007.0	79	8570.828424474457
4008.0	59	8570.71152034022
4009.0	79	8570.594618399346
4010.0	68	8570.477718651755
4011.0	68	8570.360821097413
4012.0	65	8570.243925736253
4013.0	77	8570.127032568216
4014.0	75	8570.010141593246
4015.0	73	8569.893252811302
4016.0	88	8569.776366222302
4017.0	78	8569.659481826217
4018.0	58	8569.542599622966
4019.0	93	8569.425719612505
4020.0	58	8569.308841794782
4021.0	78	8569.191966169737
4022.0	67	8569.075092737308
4023.0	74	8568.95822149744
4024.0	85	8568.841352450087
4025.0	66	8568.724485595185
4026.0	83	8568.607620932673
4027.0	83	8568.490758462502
4028.0	68	8568.373898184613
4029.0	75	8568.257040098952
4030.0	69	8568.140184205464
4031.0	81	8568.02333050409
4032.0	79	8567.906478994772
4033.0	85	8567.789629677454
4034.0	85	8567.672782552083
4035.0	76	8567.555937618605
4036.0	67	8567.439094876961
4037.0	77	8567.322254327086
4038.0	62	8567.205415968938
4039.0	63	8567.088579802456
4040.0	62	8566.971745827575
4041.0	66	8566.854914044256
4042.0	68	8566.738084452421
4043.0	77	8566.621257052037
4044.0	77	8566.50443184303
4045.0	64	8566.387608825351
4046.0	72	8566.270787998947
4047.0	76	8566.153969363757
4048.0	68	8566.037152919724
4049.0	57	8565.920338666785
4050.0	76	8565.803526604905
4051.0	60	8565.68671673401
4052.0	78	8565.569909054058
4053.0	77	8565.453103564969
4054.0	82	8565.336300266714
4055.0	67	8565.219499159217
4056.0	77	8565.10270024243
4057.0	85	8564.985903516295
4058.0	70	8564.869108980765
4059.0	77	8564.75231663577
4060.0	60	8564.635526481256
4061.0	71	8564.51873851718
4062.0	78	8564.401952743467
4063.0	76	8564.285169160075
4064.0	58	8564.168387766947
4065.0	79	8564.051608564012
4066.0	58	8563.934831551236
4067.0	64	8563.818056728547
4068.0	65	8563.701284095896
4069.0	64	8563.584513653212
4070.0	78	8563.467745400463
4071.0	74	8563.350979337578
4072.0	71	8563.234215464505
4073.0	56	8563.117453781186
4074.0	88	8563.000694287566
4075.0	80	8562.883936983584
4076.0	73	8562.767181869194
4077.0	70	8562.65042894433
4078.0	61	8562.53367820894
4079.0	74	8562.416929662975
4080.0	61	8562.300183306364
4081.0	70	8562.183439139057
4082.0	84	8562.066697161014
4083.0	73	8561.94995737215
4084.0	72	8561.833219772421
4085.0	105	8561.716484361783
4086.0	83	8561.599751140164
4087.0	61	8561.483020107516
4088.0	77	8561.36629126378
4089.0	95	8561.249564608905
4090.0	83	8561.132840142822
4091.0	73	8561.01611786549
4092.0	72	8560.899397776839
4093.0	71	8560.782679876826
4094.0	62	8560.665964165386
4095.0	76	8560.549250642469
4096.0	68	8560.432539308016
4097.0	75	8560.315830161971
4098.0	71	8560.199123204282
4099.0	73	8560.08241843488
4100.0	79	8559.96571585372
4101.0	78	8559.84901546074
4102.0	61	8559.732317255892
4103.0	51	8559.615621239116
4104.0	86	8559.498927410354
4105.0	81	8559.382235769552
4106.0	75	8559.265546316652
4107.0	76	8559.148859051598
4108.0	75	8559.032173974334
4109.0	58	8558.915491084805
4110.0	73	8558.798810382958
4111.0	73	8558.682131868727
4112.0	66	8558.565455542077
4113.0	78	8558.448781402916
4114.0	67	8558.332109451227
4115.0	86	8558.21543968693
4116.0	76	8558.098772109974
4117.0	68	8557.982106720303
4118.0	70	8557.865443517865
4119.0	72	8557.748782502604
4120.0	72	8557.632123674457
4121.0	55	8557.515467033378
4122.0	61	8557.398812579298
4123.0	62	8557.282160312165
4124.0	81	8557.165510231936
4125.0	69	8557.048862338537
4126.0	73	8556.932216631916
4127.0	69	8556.815573112035
4128.0	77	8556.698931778812
4129.0	88	8556.582292632207
4130.0	77	8556.465655672158
4131.0	64	8556.349020898615
4132.0	68	8556.23238831151
4133.0	80	8556.1157579108
4134.0	62	8555.999129696422
4135.0	65	8555.882503668314
4136.0	72	8555.765879826438
4137.0	88	8555.64925817073
4138.0	76	8555.53263870112
4139.0	76	8555.416021417563
4140.0	79	8555.299406320013
4141.0	60	8555.182793408401
4142.0	59	8555.06618268267
4143.0	81	8554.949574142776
4144.0	75	8554.832967788654
4145.0	85	8554.71636362024
4146.0	82	8554.599761637499
4147.0	80	8554.483161840351
4148.0	72	8554.366564228763
4149.0	59	8554.249968802667
4150.0	64	8554.133375562002
4151.0	72	8554.016784506723
4152.0	82	8553.900195636767
4153.0	65	8553.78360895208
4154.0	65	8553.667024452612
4155.0	84	8553.550442138292
4156.0	75	8553.43386200908
4157.0	77	8553.317284064915
4158.0	88	8553.20070830573
4159.0	81	8553.084134731487
4160.0	68	8552.967563342116
4161.0	78	8552.85099413757
4162.0	78	8552.73442711779
4163.0	78	8552.61786228272
4164.0	81	8552.501299632298
4165.0	61	8552.384739166477
4166.0	67	8552.268180885196
4167.0	69	8552.151624788405
4168.0	68	8552.035070876043
4169.0	68	8551.918519148054
4170.0	78	8551.801969604378
4171.0	69	8551.685422244966
4172.0	78	8551.568877069765
4173.0	76	8551.452334078705
4174.0	59	8551.335793271744
4175.0	58	8551.219254648822
4176.0	71	8551.102718209877
4177.0	67	8550.986183954861
4178.0	69	8550.869651883711
4179.0	77	8550.753121996382
4180.0	66	8550.636594292811
4181.0	76	8550.520068772945
4182.0	71	8550.403545436717
4183.0	76	8550.287024284082
4184.0	70	8550.170505314978
4185.0	70	8550.053988529362
4186.0	70	8549.937473927155
4187.0	66	8549.820961508325
4188.0	83	8549.704451272803
4189.0	90	8549.587943220537
4190.0	88	8549.471437351473
4191.0	78	8549.354933665545
4192.0	65	8549.238432162709
4193.0	71	8549.121932842898
4194.0	72	8549.005435706064
4195.0	76	8548.888940752153
4196.0	74	8548.7724479811
4197.0	80	8548.655957392863
4198.0	65	8548.539468987368
4199.0	77	8548.422982764578
4200.0	77	8548.306498724422
4201.0	56	8548.19001686685
4202.0	69	8548.073537191805
4203.0	70	8547.95705969923
4204.0	78	8547.840584389085
4205.0	69	8547.724111261283
4206.0	68	8547.607640315793
4207.0	73	8547.491171552554
4208.0	62	8547.374704971502
4209.0	54	8547.258240572588
4210.0	63	8547.14177835576
4211.0	63	8547.025318320952
4212.0	65	8546.908860468113
4213.0	63	8546.792404797185
4214.0	78	8546.675951308118
4215.0	72	8546.559500000856
4216.0	70	8546.443050875334
4217.0	76	8546.3266039315
4218.0	56	8546.210159169303
4219.0	71	8546.093716588688
4220.0	64	8545.977276189584
4221.0	89	8545.860837971954
4222.0	71	8545.74440193573
4223.0	53	8545.627968080871
4224.0	69	8545.511536407295
4225.0	67	8545.39510691497
4226.0	53	8545.278679603833
4227.0	62	8545.162254473824
4228.0	69	8545.045831524892
4229.0	75	8544.92941075698
4230.0	75	8544.812992170033
4231.0	78	8544.69657576399
4232.0	77	8544.580161538795
4233.0	70	8544.463749494404
4234.0	75	8544.347339630749
4235.0	68	8544.23093194778
4236.0	66	8544.114526445443
4237.0	76	8543.998123123674
4238.0	75	8543.881721982418
4239.0	66	8543.765323021627
4240.0	72	8543.648926241236
4241.0	70	8543.532531641204
4242.0	92	8543.416139221456
4243.0	75	8543.299748981952
4244.0	81	8543.183360922625
4245.0	71	8543.06697504343
4246.0	72	8542.950591344299
4247.0	77	8542.834209825187
4248.0	82	8542.717830486032
4249.0	57	8542.601453326773
4250.0	67	8542.485078347372
4251.0	76	8542.368705547757
4252.0	82	8542.252334927874
4253.0	64	8542.13596648768
4254.0	81	8542.019600227095
4255.0	66	8541.903236146089
4256.0	84	8541.786874244593
4257.0	72	8541.670514522553
4258.0	57	8541.554156979913
4259.0	86	8541.437801616616
4260.0	71	8541.321448432613
4261.0	77	8541.205097427845
4262.0	84	8541.088748602242
4263.0	78	8540.972401955767
4264.0	73	8540.856057488358
4265.0	73	8540.739715199961
4266.0	86	8540.62337509052
4267.0	67	8540.507037159972
4268.0	65	8540.390701408265
4269.0	72	8540.274367835349
4270.0	73	8540.158036441162
4271.0	57	8540.04170722565
4272.0	56	8539.925380188755
4273.0	87	8539.809055330437
4274.0	82	8539.692732650616
4275.0	77	8539.576412149243
4276.0	84	8539.460093826277
4277.0	62	8539.343777681643
4278.0	70	8539.227463715304
4279.0	80	8539.111151927182
4280.0	78	8538.994842317239
4281.0	69	8538.87853488541
4282.0	62	8538.762229631653
4283.0	81	8538.645926555895
4284.0	66	8538.52962565809
4285.0	91	8538.413326938175
4286.0	67	8538.297030396101
4287.0	87	8538.180736031813
4288.0	83	8538.06444384525
4289.0	79	8537.94815383636
4290.0	69	8537.831866005086
4291.0	64	8537.715580351372
4292.0	65	8537.599296875154
4293.0	74	8537.483015576396
4294.0	86	8537.36673645503
4295.0	65	8537.250459511
4296.0	69	8537.134184744249
4297.0	87	8537.017912154724
4298.0	66	8536.90164174237
4299.0	83	8536.785373507135
4300.0	62	8536.669107448948
4301.0	59	8536.552843567777
4302.0	68	8536.436581863543
4303.0	65	8536.320322336207
4304.0	68	8536.204064985706
4305.0	79	8536.087809811981
4306.0	87	8535.97155681498
4307.0	69	8535.85530599465
4308.0	68	8535.739057350933
4309.0	60	8535.622810883779
4310.0	81	8535.506566593118
4311.0	77	8535.390324478905
4312.0	71	8535.274084541094
4313.0	86	8535.157846779597
4314.0	65	8535.041611194392
4315.0	73	8534.925377785406
4316.0	75	8534.809146552585
4317.0	61	8534.692917495882
4318.0	66	8534.576690615237
4319.0	76	8534.460465910588
4320.0	85	8534.344243381882
4321.0	78	8534.228023029069
4322.0	72	8534.111804852084
4323.0	63	8533.995588850878
4324.0	75	8533.879375025399
4325.0	75	8533.76316337558
4326.0	87	8533.646953901378
4327.0	69	8533.530746602732
4328.0	75	8533.414541479573
4329.0	70	8533.298338531864
4330.0	70	8533.182137759544
4331.0	65	8533.065939162565
4332.0	67	8532.94974274085
4333.0	78	8532.833548494358
4334.0	64	8532.717356423038
4335.0	70	8532.601166526827
4336.0	74	8532.484978805662
4337.0	50	8532.368793259504
4338.0	69	8532.25260988828
4339.0	77	8532.13642869195
4340.0	83	8532.020249670455
4341.0	70	8531.904072823729
4342.0	78	8531.787898151728
4343.0	69	8531.671725654385
4344.0	67	8531.555555331657
4345.0	68	8531.439387183482
4346.0	79	8531.323221209796
4347.0	68	8531.207057410558
4348.0	67	8531.090895785714
4349.0	77	8530.974736335194
4350.0	71	8530.858579058944
4351.0	58	8530.742423956925
4352.0	79	8530.626271029058
4353.0	75	8530.510120275307
4354.0	50	8530.393971695607
4355.0	77	8530.2778252899
4356.0	60	8530.161681058144
4357.0	65	8530.045539000266
4358.0	75	8529.929399116221
4359.0	63	8529.813261405945
4360.0	77	8529.697125869397
4361.0	71	8529.580992506508
4362.0	65	8529.464861317225
4363.0	77	8529.348732301492
4364.0	58	8529.232605459269
4365.0	73	8529.11648079047
4366.0	84	8529.000358295072
4367.0	66	8528.884237972989
4368.0	74	8528.76811982419
4369.0	81	8528.652003848612
4370.0	86	8528.53589004619
4371.0	60	8528.41977841688
4372.0	84	8528.303668960614
4373.0	71	8528.187561677354
4374.0	72	8528.071456567028
4375.0	81	8527.955353629592
4376.0	83	8527.839252864982
4377.0	89	8527.72315427315
4378.0	77	8527.607057854033
4379.0	78	8527.490963607577
4380.0	68	8527.374871533731
4381.0	73	8527.258781632441
4382.0	83	8527.14269390364
4383.0	69	8527.026608347282
4384.0	73	8526.91052496331
4385.0	58	8526.794443751667
4386.0	75	8526.678364712301
4387.0	69	8526.562287845145
4388.0	72	8526.446213150159
4389.0	66	8526.330140627284
4390.0	77	8526.21407027645
4391.0	74	8526.098002097613
4392.0	67	8525.981936090728
4393.0	63	8525.865872255716
4394.0	73	8525.749810592539
4395.0	72	8525.633751101142
4396.0	57	8525.517693781454
4397.0	83	8525.401638633432
4398.0	87	8525.285585657019
4399.0	67	8525.169534852153
4400.0	66	8525.053486218789
4401.0	82	8524.937439756859
4402.0	70	8524.821395466317
4403.0	82	8524.705353347112
4404.0	73	8524.58931339917
4405.0	76	8524.473275622455
4406.0	72	8524.357240016898
4407.0	68	8524.241206582456
4408.0	80	8524.125175319057
4409.0	79	8524.009146226657
4410.0	69	8523.8931193052
4411.0	80	8523.777094554633
4412.0	77	8523.661071974891
4413.0	95	8523.545051565927
4414.0	86	8523.429033327677
4415.0	72	8523.313017260085
4416.0	81	8523.197003363111
4417.0	76	8523.080991636689
4418.0	84	8522.964982080759
4419.0	68	8522.848974695276
4420.0	80	8522.732969480174
4421.0	72	8522.61696643541
4422.0	76	8522.500965560916
4423.0	81	8522.384966856636
4424.0	63	8522.268970322533
4425.0	71	8522.15297595853
4426.0	72	8522.036983764583
4427.0	75	8521.920993740632
4428.0	68	8521.805005886627
4429.0	67	8521.689020202502
4430.0	61	8521.573036688207
4431.0	75	8521.457055343693
4432.0	69	8521.341076168905
4433.0	55	8521.225099163768
4434.0	70	8521.109124328255
4435.0	65	8520.99315166229
4436.0	71	8520.87718116582
4437.0	63	8520.761212838794
4438.0	89	8520.645246681153
4439.0	66	8520.529282692847
4440.0	57	8520.41332087382
4441.0	66	8520.297361224017
4442.0	72	8520.181403743369
4443.0	78	8520.065448431838
4444.0	67	8519.949495289362
4445.0	54	8519.833544315878
4446.0	59	8519.717595511349
4447.0	90	8519.601648875703
4448.0	64	8519.48570440889
4449.0	74	8519.369762110851
4450.0	74	8519.253821981543
4451.0	65	8519.137884020894
4452.0	89	8519.02194822886
4453.0	67	8518.906014605376
4454.0	71	8518.7900831504
4455.0	85	8518.674153863865
4456.0	76	8518.558226745721
4457.0	70	8518.44230179591
4458.0	69	8518.326379014383
4459.0	77	8518.210458401076
4460.0	77	8518.09453995593
4461.0	74	8517.978623678897
4462.0	70	8517.862709569928
4463.0	68	8517.746797628957
4464.0	87	8517.630887855932
4465.0	67	8517.514980250802
4466.0	75	8517.399074813506
4467.0	75	8517.283171543988
4468.0	61	8517.167270442194
4469.0	80	8517.051371508069
4470.0	78	8516.935474741562
4471.0	64	8516.8195801426
4472.0	77	8516.703687711155
4473.0	73	8516.587797447157
4474.0	56	8516.471909350543
4475.0	77	8516.356023421265
4476.0	71	8516.240139659281
4477.0	63	8516.12425806451
4478.0	72	8516.008378636916
4479.0	61	8515.892501376442
4480.0	67	8515.77662628302
4481.0	66	8515.660753356597
4482.0	58	8515.544882597133
4483.0	77	8515.429014004558
4484.0	79	8515.313147578825
4485.0	82	8515.197283319876
4486.0	70	8515.081421227647
4487.0	64	8514.965561302099
4488.0	74	8514.849703543161
4489.0	81	8514.733847950789
4490.0	69	8514.61799452492
4491.0	72	8514.502143265501
4492.0	72	8514.386294172476
4493.0	78	8514.270447245794
4494.0	64	8514.1546024854
4495.0	85	8514.038759891228
4496.0	80	8513.92291946323
4497.0	79	8513.807081201356
4498.0	72	8513.691245105543
4499.0	81	8513.575411175743
4500.0	70	8513.459579411887
4501.0	72	8513.343749813934
4502.0	56	8513.22792238182
4503.0	70	8513.11209711549
4504.0	78	8512.996274014895
4505.0	66	8512.880453079973
4506.0	71	8512.764634310674
4507.0	63	8512.648817706937
4508.0	81	8512.533003268716
4509.0	80	8512.417190995946
4510.0	69	8512.301380888572
4511.0	68	8512.185572946548
4512.0	71	8512.069767169805
4513.0	59	8511.9539635583
4514.0	88	8511.838162111973
4515.0	64	8511.722362830764
4516.0	81	8511.606565714634
4517.0	85	8511.490770763507
4518.0	70	8511.37497797733
4519.0	71	8511.259187356067
4520.0	82	8511.143398899645
4521.0	67	8511.027612608008
4522.0	64	8510.911828481114
4523.0	54	8510.796046518899
4524.0	69	8510.680266721307
4525.0	71	8510.564489088287
4526.0	65	8510.448713619777
4527.0	63	8510.332940315724
4528.0	62	8510.217169176078
4529.0	70	8510.101400200785
4530.0	77	8509.98563338978
4531.0	54	8509.869868743013
4532.0	73	8509.754106260425
4533.0	69	8509.638345941969
4534.0	75	8509.522587787586
4535.0	66	8509.406831797218
4536.0	73	8509.291077970807
4537.0	61	8509.175326308306
4538.0	69	8509.059576809655
4539.0	83	8508.943829474798
4540.0	42	8508.828084303686
4541.0	62	8508.712341296256
4542.0	80	8508.596600452449
4543.0	57	8508.480861772225
4544.0	60	8508.365125255521
4545.0	64	8508.249390902272
4546.0	66	8508.133658712437
4547.0	84	8508.017928685957
4548.0	79	8507.902200822773
4549.0	82	8507.786475122834
4550.0	75	8507.670751586078
4551.0	78	8507.555030212454
4552.0	61	8507.439311001915
4553.0	74	8507.32359395439
4554.0	81	8507.207879069836
4555.0	70	8507.092166348188
4556.0	71	8506.976455789403
4557.0	82	8506.860747393419
4558.0	67	8506.74504116017
4559.0	70	8506.629337089618
4560.0	71	8506.513635181707
4561.0	68	8506.397935436364
4562.0	70	8506.282237853553
4563.0	72	8506.166542433213
4564.0	64	8506.050849175283
4565.0	85	8505.935158079712
4566.0	59	8505.819469146447
4567.0	80	8505.703782375425
4568.0	73	8505.588097766606
4569.0	86	8505.47241531992
4570.0	68	8505.356735035319
4571.0	65	8505.241056912739
4572.0	65	8505.12538095214
4573.0	74	8505.009707153455
4574.0	56	8504.89403551663
4575.0	72	8504.77836604161
4576.0	82	8504.662698728342
4577.0	64	8504.547033576773
4578.0	69	8504.431370586844
4579.0	74	8504.315709758499
4580.0	77	8504.200051091691
4581.0	84	8504.084394586356
4582.0	73	8503.968740242442
4583.0	85	8503.853088059896
4584.0	67	8503.737438038652
4585.0	79	8503.621790178668
4586.0	79	8503.506144479881
4587.0	76	8503.390500942236
4588.0	61	8503.274859565685
4589.0	75	8503.159220350164
4590.0	77	8503.043583295626
4591.0	77	8502.927948402006
4592.0	83	8502.812315669262
4593.0	66	8502.69668509733
4594.0	74	8502.581056686156
4595.0	54	8502.465430435686
4596.0	68	8502.349806345861
4597.0	76	8502.23418441663
4598.0	67	8502.118564647935
4599.0	73	8502.002947039718
4600.0	64	8501.88733159194
4601.0	70	8501.771718304519
4602.0	79	8501.656107177423
4603.0	60	8501.540498210596
4604.0	83	8501.424891403962
4605.0	75	8501.309286757487
4606.0	64	8501.19368427111
4607.0	61	8501.078083944773
4608.0	61	8500.962485778418
4609.0	70	8500.846889771998
4610.0	68	8500.731295925449
4611.0	78	8500.61570423872
4612.0	68	8500.500114711758
4613.0	77	8500.384527344508
4614.0	86	8500.268942136912
4615.0	50	8500.153359088916
4616.0	71	8500.037778200467
4617.0	63	8499.92219947151
4618.0	84	8499.806622901984
4619.0	88	8499.691048491832
4620.0	63	8499.575476241014
4621.0	76	8499.459906149455
4622.0	66	8499.344338217123
4623.0	65	8499.22877244394
4624.0	81	8499.113208829862
4625.0	67	8498.997647374834
4626.0	72	8498.882088078803
4627.0	76	8498.766530941704
4628.0	80	8498.650975963496
4629.0	66	8498.535423144112
4630.0	58	8498.419872483495
4631.0	71	8498.304323981607
4632.0	52	8498.188777638374
4633.0	78	8498.073233453755
4634.0	83	8497.957691427688
4635.0	58	8497.842151560113
4636.0	80	8497.726613850988
4637.0	71	8497.611078300246
4638.0	63	8497.495544907833
4639.0	76	8497.380013673706
4640.0	69	8497.2644845978
4641.0	63	8497.148957680052
4642.0	74	8497.033432920423
4643.0	81	8496.917910318854
4644.0	63	8496.80238987528
4645.0	62	8496.686871589656
4646.0	72	8496.571355461925
4647.0	63	8496.455841492027
4648.0	74	8496.340329679908
4649.0	91	8496.224820025529
4650.0	74	8496.109312528806
4651.0	70	8495.993807189712
4652.0	66	8495.878304008167
4653.0	77	8495.762802984136
4654.0	78	8495.647304117558
4655.0	60	8495.531807408368
4656.0	77	8495.416312856529
4657.0	67	8495.300820461965
4658.0	70	8495.185330224644
4659.0	63	8495.06984214449
4660.0	73	8494.954356221457
4661.0	73	8494.838872455492
4662.0	73	8494.72339084654
4663.0	79	8494.607911394538
4664.0	75	8494.492434099446
4665.0	74	8494.376958961195
4666.0	68	8494.261485979727
4667.0	71	8494.146015155004
4668.0	70	8494.030546486954
4669.0	65	8493.915079975535
4670.0	65	8493.799615620686
4671.0	64	8493.684153422359
4672.0	73	8493.568693380483
4673.0	72	8493.453235495012
4674.0	83	8493.337779765896
4675.0	67	8493.22232619307
4676.0	71	8493.10687477649
4677.0	82	8492.991425516086
4678.0	57	8492.875978411821
4679.0	71	8492.760533463634
4680.0	87	8492.645090671458
4681.0	58	8492.529650035252
4682.0	76	8492.414211554955
4683.0	66	8492.29877523052
4684.0	73	8492.183341061875
4685.0	80	8492.067909048978
4686.0	74	8491.952479191774
4687.0	67	8491.837051490204
4688.0	74	8491.721625944212
4689.0	57	8491.60620255375
4690.0	65	8491.490781318747
4691.0	63	8491.37536223917
4692.0	76	8491.259945314956
4693.0	72	8491.144530546033
4694.0	76	8491.029117932369
4695.0	73	8490.913707473906
4696.0	57	8490.798299170572
4697.0	64	8490.682893022335
4698.0	59	8490.567489029114
4699.0	69	8490.45208719088
4700.0	74	8490.336687507557
4701.0	69	8490.221289979107
4702.0	67	8490.105894605465
4703.0	66	8489.99050138658
4704.0	83	8489.87511032239
4705.0	71	8489.759721412851
4706.0	78	8489.644334657896
4707.0	84	8489.52895005748
4708.0	72	8489.41356761155
4709.0	79	8489.29818732004
4710.0	87	8489.1828091829
4711.0	65	8489.067433200074
4712.0	81	8488.952059371515
4713.0	69	8488.836687697158
4714.0	69	8488.721318176953
4715.0	82	8488.605950810845
4716.0	74	8488.49058559877
4717.0	67	8488.37522254069
4718.0	55	8488.259861636536
4719.0	73	8488.144502886264
4720.0	62	8488.029146289804
4721.0	89	8487.91379184712
4722.0	66	8487.798439558144
4723.0	71	8487.68308942282
4724.0	66	8487.567741441102
4725.0	78	8487.452395612929
4726.0	88	8487.337051938246
4727.0	78	8487.221710417003
4728.0	73	8487.106371049134
4729.0	72	8486.991033834598
4730.0	80	8486.875698773336
4731.0	57	8486.760365865284
4732.0	68	8486.645035110403
4733.0	85	8486.529706508622
4734.0	81	8486.414380059894
4735.0	70	8486.299055764157
4736.0	70	8486.18373362137
4737.0	67	8486.068413631472
4738.0	61	8485.953095794404
4739.0	73	8485.837780110112
4740.0	82	8485.722466578549
4741.0	73	8485.607155199648
4742.0	68	8485.491845973364
4743.0	78	8485.376538899633
4744.0	59	8485.261233978408
4745.0	79	8485.145931209627
4746.0	62	8485.03063059324
4747.0	63	8484.915332129198
4748.0	72	8484.800035817434
4749.0	67	8484.6847416579
4750.0	80	8484.569449650538
4751.0	76	8484.454159795298
4752.0	74	8484.338872092123
4753.0	75	8484.223586540953
4754.0	75	8484.108303141742
4755.0	80	8483.993021894428
4756.0	68	8483.877742798953
4757.0	80	8483.762465855276
4758.0	70	8483.647191063326
4759.0	60	8483.531918423056
4760.0	68	8483.416647934419
4761.0	50	8483.301379597347
4762.0	72	8483.18611341179
4763.0	65	8483.070849377702
4764.0	68	8482.955587495006
4765.0	67	8482.84032776366
4766.0	72	8482.72507018362
4767.0	79	8482.609814754818
4768.0	80	8482.4945614772
4769.0	74	8482.379310350718
4770.0	55	8482.264061375306
4771.0	59	8482.148814550923
4772.0	62	8482.033569877496
4773.0	84	8481.918327354995
4774.0	68	8481.803086983338
4775.0	79	8481.687848762484
4776.0	70	8481.572612692382
4777.0	65	8481.457378772977
4778.0	59	8481.342147004207
4779.0	59	8481.226917386011
4780.0	63	8481.111689918347
4781.0	79	8480.99646460116
4782.0	82	8480.881241434392
4783.0	62	8480.766020417987
4784.0	75	8480.650801551885
4785.0	76	8480.535584836043
4786.0	71	8480.420370270394
4787.0	60	8480.305157854897
4788.0	81	8480.189947589484
4789.0	69	8480.074739474101
4790.0	63	8479.959533508705
4791.0	60	8479.844329693238
4792.0	65	8479.729128027635
4793.0	79	8479.613928511848
4794.0	71	8479.498731145826
4795.0	69	8479.383535929497
4796.0	69	8479.26834286283
4797.0	79	8479.153151945757
4798.0	53	8479.037963178227
4799.0	69	8478.922776560175
4800.0	78	8478.807592091558
4801.0	76	8478.692409772333
4802.0	76	8478.577229602415
4803.0	62	8478.462051581766
4804.0	83	8478.346875710327
4805.0	82	8478.231701988048
4806.0	84	8478.116530414874
4807.0	66	8478.001360990755
4808.0	81	8477.886193715622
4809.0	65	8477.77102858942
4810.0	84	8477.655865612118
4811.0	70	8477.54070478363
4812.0	70	8477.425546103928
4813.0	66	8477.31038957294
4814.0	74	8477.195235190615
4815.0	68	8477.080082956907
4816.0	84	8476.964932871748
4817.0	66	8476.849784935095
4818.0	61	8476.734639146882
4819.0	88	8476.619495507064
4820.0	71	8476.504354015582
4821.0	94	8476.389214672377
4822.0	73	8476.274077477401
4823.0	74	8476.158942430597
4824.0	69	8476.043809531911
4825.0	87	8475.928678781287
4826.0	78	8475.813550178675
4827.0	77	8475.698423724012
4828.0	80	8475.58329941724
4829.0	59	8475.46817725832
4830.0	71	8475.353057247186
4831.0	76	8475.23793938379
4832.0	71	8475.122823668067
4833.0	72	8475.007710099975
4834.0	81	8474.892598679453
4835.0	72	8474.777489406442
4836.0	79	8474.66238228089
4837.0	73	8474.547277302743
4838.0	60	8474.432174471951
4839.0	68	8474.317073788452
4840.0	76	8474.2019752522
4841.0	53	8474.086878863129
4842.0	77	8473.971784621193
4843.0	69	8473.856692526331
4844.0	65	8473.741602578497
4845.0	61	8473.626514777623
4846.0	82	8473.51142912367
4847.0	73	8473.396345616573
4848.0	69	8473.281264256277
4849.0	88	8473.166185042734
4850.0	73	8473.051107975882
4851.0	72	8472.936033055668
4852.0	71	8472.820960282044
4853.0	71	8472.705889654946
4854.0	74	8472.590821174326
4855.0	72	8472.47575484013
4856.0	86	8472.360690652293
4857.0	77	8472.245628610768
4858.0	75	8472.130568715509
4859.0	90	8472.015510966445
4860.0	76	8471.900455363526
4861.0	82	8471.785401906709
4862.0	80	8471.67035059592
4863.0	62	8471.555301431119
4864.0	79	8471.44025441224
4865.0	70	8471.325209539244
4866.0	62	8471.21016681206
4867.0	62	8471.095126230646
4868.0	73	8470.98008779494
4869.0	78	8470.865051504894
4870.0	65	8470.75001736044
4871.0	76	8470.634985361536
4872.0	58	8470.519955508129
4873.0	69	8470.40492780015
4874.0	76	8470.289902237557
4875.0	60	8470.174878820288
4876.0	61	8470.059857548295
4877.0	65	8469.94483842152
4878.0	66	8469.829821439911
4879.0	55	8469.714806603404
4880.0	63	8469.599793911957
4881.0	73	8469.484783365508
4882.0	89	8469.369774963996
4883.0	62	8469.254768707384
4884.0	74	8469.139764595608
4885.0	78	8469.024762628602
4886.0	79	8468.909762806325
4887.0	84	8468.794765128729
4888.0	75	8468.679769595745
4889.0	75	8468.56477620732
4890.0	57	8468.449784963406
4891.0	88	8468.334795863946
4892.0	72	8468.219808908883
4893.0	75	8468.104824098164
4894.0	68	8467.98984143173
4895.0	69	8467.874860909533
4896.0	74	8467.759882531518
4897.0	72	8467.644906297632
4898.0	74	8467.529932207806
4899.0	77	8467.414960262005
4900.0	68	8467.299990460162
4901.0	59	8467.185022802227
4902.0	59	8467.070057288149
4903.0	71	8466.95509391786
4904.0	68	8466.840132691314
4905.0	93	8466.725173608462
4906.0	63	8466.610216669244
4907.0	75	8466.495261873599
4908.0	80	8466.380309221478
4909.0	52	8466.26535871284
4910.0	64	8466.150410347609
4911.0	60	8466.035464125735
4912.0	70	8465.920520047172
4913.0	68	8465.805578111858
4914.0	66	8465.690638319742
4915.0	76	8465.575700670764
4916.0	84	8465.460765164882
4917.0	71	8465.345831802035
4918.0	64	8465.23090058216
4919.0	60	8465.115971505209
4920.0	76	8465.00104457113
4921.0	72	8464.886119779865
4922.0	71	8464.771197131364
4923.0	62	8464.656276625565
4924.0	74	8464.541358262419
4925.0	69	8464.42644204186
4926.0	68	8464.311527963857
4927.0	68	8464.196616028334
4928.0	70	8464.08170623525
4929.0	65	8463.966798584544
4930.0	63	8463.851893076153
4931.0	65	8463.736989710042
4932.0	71	8463.622088486138
4933.0	86	8463.507189404396
4934.0	78	8463.392292464761
4935.0	68	8463.27739766718
4936.0	74	8463.162505011587
4937.0	78	8463.047614497948
4938.0	77	8462.93272612619
4939.0	61	8462.817839896266
4940.0	62	8462.70295580812
4941.0	53	8462.588073861694
4942.0	67	8462.473194056938
4943.0	75	8462.358316393798
4944.0	72	8462.24344087222
4945.0	61	8462.128567492153
4946.0	76	8462.01369625353
4947.0	76	8461.898827156308
4948.0	63	8461.783960200424
4949.0	64	8461.669095385829
4950.0	80	8461.55423271247
4951.0	85	8461.439372180283
4952.0	70	8461.324513789228
4953.0	72	8461.20965753924
4954.0	71	8461.094803430267
4955.0	66	8460.979951462252
4956.0	77	8460.865101635141
4957.0	58	8460.750253948883
4958.0	64	8460.635408403428
4959.0	71	8460.520564998706
4960.0	67	8460.405723734679
4961.0	74	8460.290884611286
4962.0	62	8460.176047628476
4963.0	67	8460.061212786177
4964.0	76	8459.94638008436
4965.0	72	8459.831549522949
4966.0	77	8459.716721101908
4967.0	86	8459.601894821164
4968.0	73	8459.487070680685
4969.0	60	8459.372248680389
4970.0	70	8459.257428820249
4971.0	65	8459.142611100191
4972.0	78	8459.027795520171
4973.0	64	8458.912982080123
4974.0	68	8458.798170780003
4975.0	68	8458.683361619758
4976.0	62	8458.568554599326
4977.0	63	8458.453749718656
4978.0	69	8458.338946977698
4979.0	81	8458.224146376388
4980.0	63	8458.109347914675
4981.0	68	8457.994551592503
4982.0	67	8457.879757409826
4983.0	63	8457.76496536658
4984.0	93	8457.650175462722
4985.0	64	8457.535387698186
4986.0	64	8457.420602072922
4987.0	73	8457.305818586869
4988.0	64	8457.191037239985
4989.0	68	8457.076258032208
4990.0	80	8456.961480963484
4991.0	92	8456.846706033759
4992.0	67	8456.73193324298
4993.0	58	8456.61716259109
4994.0	66	8456.50239407804
4995.0	72	8456.387627703767
4996.0	83	8456.272863468223
4997.0	78	8456.158101371351
4998.0	81	8456.043341413093
4999.0	62	8455.928583593408
5000.0	78	8455.813827912225
5001.0	74	8455.6990743695
5002.0	80	8455.584322965175
5003.0	86	8455.469573699196
5004.0	69	8455.354826571504
5005.0	63	8455.24008158206
5006.0	70	8455.12533873079
5007.0	83	8455.01059801765
5008.0	61	8454.89585944259
5009.0	76	8454.781123005545
5010.0	72	8454.666388706459
5011.0	71	8454.551656545289
5012.0	73	8454.43692652198
5013.0	63	8454.32219863646
5014.0	79	8454.207472888702
5015.0	81	8454.092749278632
5016.0	76	8453.978027806195
5017.0	73	8453.86330847135
5018.0	64	8453.748591274032
5019.0	68	8453.633876214186
5020.0	67	8453.519163291765
5021.0	72	8453.404452506715
5022.0	83	8453.28974385897
5023.0	64	8453.175037348487
5024.0	72	8453.060332975207
5025.0	62	8452.945630739072
5026.0	57	8452.830930640037
5027.0	65	8452.716232678034
5028.0	76	8452.60153685303
5029.0	65	8452.48684316495
5030.0	69	8452.372151613747
5031.0	42	8452.25746219937
5032.0	72	8452.142774921762
5033.0	77	8452.02808978086
5034.0	90	8451.91340677662
5035.0	61	8451.798725908991
5036.0	79	8451.684047177916
5037.0	68	8451.569370583335
5038.0	74	8451.454696125189
5039.0	75	8451.34002380344
5040.0	72	8451.225353618016
5041.0	58	8451.110685568876
5042.0	84	8450.996019655959
5043.0	70	8450.881355879217
5044.0	55	8450.76669423859
5045.0	73	8450.652034734017
5046.0	78	8450.537377365461
5047.0	70	8450.422722132855
5048.0	75	8450.308069036146
5049.0	69	8450.193418075283
5050.0	62	8450.078769250207
5051.0	64	8449.96412256087
5052.0	63	8449.84947800722
5053.0	72	8449.734835589183
5054.0	71	8449.620195306732
5055.0	70	8449.505557159797
5056.0	57	8449.390921148319
5057.0	51	8449.276287272256
5058.0	84	8449.161655531545
5059.0	50	8449.047025926135
5060.0	83	8448.93239845598
5061.0	73	8448.817773121009
5062.0	69	8448.703149921179
5063.0	62	8448.588528856433
5064.0	56	8448.473909926714
5065.0	65	8448.359293131973
5066.0	69	8448.244678472154
5067.0	65	8448.130065947202
5068.0	72	8448.015455557053
5069.0	66	8447.900847301682
5070.0	79	8447.786241180997
5071.0	69	8447.671637194964
5072.0	70	8447.55703534353
5073.0	56	8447.442435626628
5074.0	71	8447.327838044228
5075.0	72	8447.213242596246
5076.0	87	8447.098649282652
5077.0	74	8446.984058103375
5078.0	66	8446.86946905837
5079.0	61	8446.75488214758
5080.0	79	8446.64029737095
5081.0	67	8446.525714728426
5082.0	79	8446.41113421995
5083.0	66	8446.296555845483
5084.0	69	8446.181979604955
5085.0	97	8446.067405498314
5086.0	58	8445.952833525507
5087.0	71	8445.83826368648
5088.0	65	8445.723695981183
5089.0	72	8445.609130409553
5090.0	79	8445.494566971545
5091.0	74	8445.3800056671
5092.0	69	8445.265446496172
5093.0	76	8445.15088945869
5094.0	68	8445.03633455461
5095.0	73	8444.921781783874
5096.0	62	8444.807231146433
5097.0	70	8444.692682642235
5098.0	60	8444.578136271215
5099.0	74	8444.463592033326
5100.0	59	8444.349049928518
5101.0	71	8444.234509956721
5102.0	60	8444.119972117895
5103.0	68	8444.005436411986
5104.0	78	8443.890902838928
5105.0	84	8443.77637139868
5106.0	66	8443.66184209118
5107.0	68	8443.547314916375
5108.0	67	8443.43278987421
5109.0	80	8443.318266964636
5110.0	82	8443.203746187597
5111.0	69	8443.089227543034
5112.0	66	8442.97471103089
5113.0	90	8442.860196651121
5114.0	73	8442.745684403664
5115.0	74	8442.631174288475
5116.0	76	8442.51666630549
5117.0	68	8442.40216045466
5118.0	85	8442.28765673593
5119.0	72	8442.173155149243
5120.0	56	8442.058655694549
5121.0	77	8441.94415837179
5122.0	75	8441.829663180913
5123.0	60	8441.715170121865
5124.0	65	8441.600679194587
5125.0	53	8441.48619039903
5126.0	70	8441.37170373514
5127.0	76	8441.257219202867
5128.0	54	8441.142736802143
5129.0	73	8441.028256532922
5130.0	68	8440.913778395154
5131.0	74	8440.799302388781
5132.0	61	8440.684828513742
5133.0	52	8440.57035676999
5134.0	76	8440.455887157477
5135.0	89	8440.34141967614
5136.0	78	8440.226954325924
5137.0	64	8440.112491106778
5138.0	71	8439.998030018643
5139.0	71	8439.883571061475
5140.0	84	8439.769114235212
5141.0	65	8439.654659539796
5142.0	75	8439.540206975184
5143.0	86	8439.425756541319
5144.0	65	8439.31130823814
5145.0	87	8439.196862065599
5146.0	66	8439.08241802364
5147.0	74	8438.967976112206
5148.0	76	8438.853536331248
5149.0	65	8438.739098680711
5150.0	62	8438.624663160537
5151.0	93	8438.51022977067
5152.0	65	8438.395798511063
5153.0	89	8438.281369381655
5154.0	79	8438.166942382406
5155.0	76	8438.052517513246
5156.0	71	8437.938094774116
5157.0	74	8437.823674164983
5158.0	73	8437.709255685782
5159.0	68	8437.594839336462
5160.0	73	8437.480425116957
5161.0	74	8437.36601302722
5162.0	81	8437.251603067209
5163.0	68	8437.137195236846
5164.0	63	8437.022789536104
5165.0	55	8436.908385964907
5166.0	67	8436.793984523205
5167.0	85	8436.679585210959
5168.0	77	8436.565188028098
5169.0	64	8436.450792974572
5170.0	66	8436.336400050326
5171.0	72	8436.222009255316
5172.0	68	8436.107620589473
5173.0	60	8435.993234052747
5174.0	70	8435.878849645098
5175.0	82	8435.76446736645
5176.0	65	8435.650087216769
5177.0	63	8435.535709195987
5178.0	69	8435.421333304052
5179.0	76	8435.306959540912
5180.0	64	8435.192587906518
5181.0	59	8435.07821840081
5182.0	76	8434.963851023735
5183.0	71	8434.849485775236
5184.0	67	8434.735122655266
5185.0	65	8434.620761663766
5186.0	60	8434.50640280068
5187.0	77	8434.392046065956
5188.0	64	8434.277691459543
5189.0	78	8434.163338981381
5190.0	81	8434.048988631419
5191.0	89	8433.934640409603
5192.0	65	8433.820294315889
5193.0	65	8433.705950350197
5194.0	59	8433.591608512497
5195.0	60	8433.47726880273
5196.0	61	8433.362931220836
5197.0	59	8433.248595766761
5198.0	78	8433.134262440459
5199.0	66	8433.019931241866
5200.0	78	8432.90560217093
5201.0	60	8432.791275227608
5202.0	77	8432.67695041183
5203.0	80	8432.562627723551
5204.0	65	8432.448307162716
5205.0	86	8432.333988729271
5206.0	68	8432.219672423162
5207.0	66	8432.105358244327
5208.0	73	8431.991046192727
5209.0	71	8431.876736268292
5210.0	78	8431.762428470982
5211.0	74	8431.648122800734
5212.0	58	8431.533819257496
5213.0	85	8431.419517841223
5214.0	76	8431.305218551845
5215.0	55	8431.190921389312
5216.0	80	8431.076626353582
5217.0	72	8430.962333444584
5218.0	63	8430.84804266228
5219.0	71	8430.733754006606
5220.0	76	8430.619467477505
5221.0	69	8430.505183074942
5222.0	73	8430.390900798831
5223.0	61	8430.276620649147
5224.0	68	8430.162342625828
5225.0	88	8430.048066728812
5226.0	76	8429.93379295805
5227.0	65	8429.819521313493
5228.0	80	8429.705251795076
5229.0	77	8429.59098440276
5230.0	78	8429.47671913647
5231.0	80	8429.36245599617
5232.0	69	8429.248194981801
5233.0	69	8429.133936093305
5234.0	66	8429.019679330635
5235.0	76	8428.905424693734
5236.0	73	8428.791172182548
5237.0	79	8428.676921797016
5238.0	78	8428.562673537092
5239.0	65	8428.448427402722
5240.0	76	8428.334183393845
5241.0	71	8428.219941510419
5242.0	63	8428.105701752382
5243.0	57	8427.99146411968
5244.0	89	8427.877228612253
5245.0	74	8427.762995230067
5246.0	83	8427.648763973046
5247.0	73	8427.534534841145
5248.0	63	8427.420307834316
5249.0	75	8427.306082952495
5250.0	64	8427.191860195628
5251.0	79	8427.077639563679
5252.0	78	8426.963421056565
5253.0	84	8426.849204674258
5254.0	74	8426.734990416686
5255.0	56	8426.620778283806
5256.0	73	8426.506568275567
5257.0	60	8426.392360391896
5258.0	79	8426.278154632753
5259.0	84	8426.163950998092
5260.0	66	8426.049749487838
5261.0	69	8425.935550101956
5262.0	79	8425.821352840385
5263.0	63	8425.707157703066
5264.0	80	8425.592964689951
5265.0	80	8425.478773800987
5266.0	57	8425.364585036112
5267.0	63	8425.250398395287
5268.0	75	8425.13621387844
5269.0	61	8425.022031485532
5270.0	64	8424.907851216503
5271.0	67	8424.793673071299
5272.0	73	8424.679497049863
5273.0	60	8424.565323152145
5274.0	72	8424.451151378082
5275.0	66	8424.336981727638
5276.0	65	8424.222814200746
5277.0	77	8424.10864879736
5278.0	71	8423.994485517422
5279.0	60	8423.880324360875
5280.0	79	8423.766165327663
5281.0	73	8423.652008417735
5282.0	58	8423.537853631056
5283.0	59	8423.42370096754
5284.0	72	8423.309550427146
5285.0	85	8423.195402009831
5286.0	79	8423.081255715524
5287.0	65	8422.967111544183
5288.0	63	8422.852969495754
5289.0	65	8422.738829570175
5290.0	82	8422.624691767396
5291.0	65	8422.510556087364
5292.0	80	8422.396422530022
5293.0	76	8422.282291095324
5294.0	60	8422.168161783213
5295.0	69	8422.05403459362
5296.0	72	8421.939909526516
5297.0	61	8421.825786581832
5298.0	68	8421.711665759516
5299.0	68	8421.59754705952
5300.0	53	8421.483430481781
5301.0	66	8421.369316026254
5302.0	69	8421.25520369287
5303.0	75	8421.141093481594
5304.0	87	8421.026985392366
5305.0	67	8420.912879425125
5306.0	66	8420.798775579824
5307.0	55	8420.684673856404
5308.0	71	8420.57057425482
5309.0	66	8420.456476775013
5310.0	72	8420.34238141692
5311.0	69	8420.228288180502
5312.0	76	8420.114197065697
5313.0	66	8420.000108072454
5314.0	68	8419.886021200724
5315.0	86	8419.771936450437
5316.0	57	8419.657853821553
5317.0	80	8419.543773314013
5318.0	68	8419.42969492777
5319.0	80	8419.315618662762
5320.0	68	8419.201544518939
5321.0	76	8419.087472496243
5322.0	62	8418.973402594624
5323.0	71	8418.859334814035
5324.0	74	8418.745269154406
5325.0	69	8418.631205615697
5326.0	55	8418.517144197844
5327.0	79	8418.4030849008
5328.0	66	8418.289027724508
5329.0	86	8418.17497266892
5330.0	74	8418.06091973397
5331.0	80	8417.946868919618
5332.0	61	8417.832820225802
5333.0	68	8417.71877365247
5334.0	77	8417.60472919957
5335.0	78	8417.490686867037
5336.0	67	8417.376646654839
5337.0	70	8417.262608562907
5338.0	82	8417.148572591183
5339.0	80	8417.034538739623
5340.0	70	8416.920507008173
5341.0	79	8416.80647739678
5342.0	67	8416.692449905378
5343.0	71	8416.578424533924
5344.0	66	8416.464401282365
5345.0	64	8416.350380150641
5346.0	70	8416.236361138706
5347.0	75	8416.122344246502
5348.0	56	8416.008329473972
5349.0	70	8415.894316821059
5350.0	61	8415.780306287725
5351.0	66	8415.6662978739
5352.0	63	8415.552291579543
5353.0	83	8415.438287404591
5354.0	68	8415.324285348981
5355.0	64	8415.210285412688
5356.0	86	8415.096287595636
5357.0	89	8414.982291897777
5358.0	79	8414.868298319056
5359.0	75	8414.754306859417
5360.0	67	8414.640317518812
5361.0	55	8414.526330297187
5362.0	68	8414.412345194474
5363.0	72	8414.298362210642
5364.0	61	8414.184381345625
5365.0	67	8414.070402599373
5366.0	79	8413.956425971823
5367.0	71	8413.842451462935
5368.0	63	8413.728479072644
5369.0	74	8413.614508800894
5370.0	68	8413.500540647645
5371.0	68	8413.386574612834
5372.0	58	8413.272610696411
5373.0	67	8413.158648898321
5374.0	70	8413.044689218506
5375.0	72	8412.93073165692
5376.0	73	8412.816776213493
5377.0	55	8412.702822888192
5378.0	61	8412.588871680953
5379.0	64	8412.474922591726
5380.0	79	8412.360975620453
5381.0	77	8412.247030767083
5382.0	54	8412.133088031564
5383.0	79	8412.019147413837
5384.0	73	8411.905208913848
5385.0	64	8411.791272531551
5386.0	59	8411.677338266883
5387.0	71	8411.563406119798
5388.0	84	8411.449476090236
5389.0	84	8411.335548178151
5390.0	73	8411.221622383486
5391.0	72	8411.107698706182
5392.0	64	8410.993777146188
5393.0	66	8410.87985770345
5394.0	67	8410.765940377923
5395.0	69	8410.65202516954
5396.0	71	8410.538112078251
5397.0	78	8410.424201104013
5398.0	64	8410.310292246757
5399.0	70	8410.196385506433
5400.0	67	8410.082480883
5401.0	71	8409.968578376387
5402.0	57	8409.854677986552
5403.0	69	8409.740779713435
5404.0	72	8409.626883556988
5405.0	64	8409.512989517147
5406.0	73	8409.399097593872
5407.0	73	8409.285207787098
5408.0	73	8409.171320096777
5409.0	70	8409.057434522856
5410.0	77	8408.943551065282
5411.0	65	8408.829669723988
5412.0	72	8408.715790498945
5413.0	86	8408.601913390072
5414.0	79	8408.488038397334
5415.0	65	8408.374165520674
5416.0	59	8408.260294760032
5417.0	66	8408.14642611536
5418.0	77	8408.032559586602
5419.0	65	8407.91869517371
5420.0	59	8407.804832876616
5421.0	63	8407.69097269529
5422.0	62	8407.577114629656
5423.0	56	8407.463258679663
5424.0	56	8407.349404845274
5425.0	68	8407.235553126417
5426.0	71	8407.12170352305
5427.0	73	8407.00785603511
5428.0	78	8406.894010662545
5429.0	76	8406.780167405312
5430.0	88	8406.666326263348
5431.0	73	8406.552487236597
5432.0	60	8406.438650325013
5433.0	59	8406.324815528542
5434.0	62	8406.210982847117
5435.0	67	8406.0971522807
5436.0	73	8405.983323829234
5437.0	91	8405.869497492666
5438.0	70	8405.755673270938
5439.0	82	8405.64185116399
5440.0	75	8405.528031171789
5441.0	64	8405.414213294256
5442.0	65	8405.300397531355
5443.0	63	8405.186583883036
5444.0	71	8405.072772349231
5445.0	73	8404.958962929888
5446.0	69	8404.845155624955
5447.0	78	8404.731350434386
5448.0	70	8404.617547358128
5449.0	68	8404.503746396109
5450.0	64	8404.389947548292
5451.0	63	8404.276150814625
5452.0	81	8404.162356195046
5453.0	85	8404.048563689505
5454.0	60	8403.934773297942
5455.0	67	8403.820985020315
5456.0	59	8403.707198856557
5457.0	69	8403.593414806635
5458.0	65	8403.479632870472
5459.0	88	8403.36585304802
5460.0	65	8403.25207533924
5461.0	64	8403.138299744063
5462.0	81	8403.024526262443
5463.0	72	8402.910754894327
5464.0	71	8402.796985639656
5465.0	63	8402.683218498378
5466.0	77	8402.569453470438
5467.0	69	8402.455690555782
5468.0	69	8402.341929754368
5469.0	67	8402.228171066128
5470.0	58	8402.114414491012
5471.0	75	8402.000660028969
5472.0	70	8401.886907679951
5473.0	85	8401.7731574439
5474.0	85	8401.659409320748
5475.0	83	8401.545663310464
5476.0	76	8401.431919412982
5477.0	78	8401.31817762825
5478.0	71	8401.204437956208
5479.0	83	8401.090700396817
5480.0	68	8400.97696495002
5481.0	79	8400.863231615758
5482.0	54	8400.749500393971
5483.0	66	8400.635771284626
5484.0	74	8400.522044287645
5485.0	70	8400.408319402995
5486.0	79	8400.294596630602
5487.0	66	8400.180875970436
5488.0	69	8400.067157422429
5489.0	67	8399.953440986528
5490.0	83	8399.839726662682
5491.0	56	8399.726014450835
5492.0	76	8399.612304350932
5493.0	73	8399.498596362937
5494.0	83	8399.384890486768
5495.0	78	8399.271186722397
5496.0	81	8399.157485069747
5497.0	70	8399.04378552879
5498.0	77	8398.930088099447
5499.0	65	8398.816392781686
5500.0	79	8398.702699575439
5501.0	76	8398.589008480656
5502.0	71	8398.475319497295
5503.0	58	8398.361632625283
5504.0	74	8398.247947864571
5505.0	64	8398.134265215123
5506.0	73	8398.02058467687
5507.0	87	8397.906906249758
5508.0	90	8397.793229933739
5509.0	54	8397.67955572875
5510.0	69	8397.565883634756
5511.0	88	8397.452213651684
5512.0	70	8397.33854577949
5513.0	78	8397.224880018126
5514.0	68	8397.11121636752
5515.0	67	8396.997554827643
5516.0	75	8396.883895398421
5517.0	67	8396.770238079813
5518.0	71	8396.656582871758
5519.0	75	8396.542929774203
5520.0	69	8396.429278787096
5521.0	65	8396.315629910394
5522.0	62	8396.20198314402
5523.0	68	8396.088338487945
5524.0	75	8395.974695942103
5525.0	64	8395.861055506439
5526.0	73	8395.747417180904
5527.0	76	8395.633780965445
5528.0	70	8395.52014686
5529.0	89	8395.406514864526
5530.0	90	8395.292884978971
5531.0	75	8395.179257203275
5532.0	54	8395.065631537384
5533.0	81	8394.95200798125
5534.0	75	8394.83838653481
5535.0	79	8394.724767198019
5536.0	56	8394.611149970819
5537.0	70	8394.497534853163
5538.0	66	8394.383921844992
5539.0	86	8394.270310946247
5540.0	56	8394.156702156884
5541.0	63	8394.04309547685
5542.0	69	8393.929490906088
5543.0	70	8393.815888444551
5544.0	65	8393.702288092165
5545.0	70	8393.588689848897
5546.0	88	8393.475093714687
5547.0	94	8393.361499689485
5548.0	63	8393.247907773233
5549.0	69	8393.13431796588
5550.0	81	8393.020730267368
5551.0	62	8392.907144677652
5552.0	76	8392.793561196673
5553.0	75	8392.679979824374
5554.0	65	8392.566400560709
5555.0	88	8392.452823405618
5556.0	83	8392.339248359054
5557.0	78	8392.225675420967
5558.0	61	8392.112104591284
5559.0	59	8391.998535869976
5560.0	71	8391.884969256973
5561.0	65	8391.771404752228
5562.0	79	8391.657842355677
5563.0	82	8391.54428206729
5564.0	64	8391.430723886991
5565.0	70	8391.317167814745
5566.0	76	8391.203613850474
5567.0	67	8391.090061994146
5568.0	68	8390.976512245703
5569.0	66	8390.862964605089
5570.0	78	8390.749419072252
5571.0	69	8390.635875647133
5572.0	65	8390.522334329691
5573.0	79	8390.40879511986
5574.0	70	8390.295258017592
5575.0	70	8390.181723022832
5576.0	79	8390.068190135531
5577.0	72	8389.954659355626
5578.0	70	8389.841130683075
5579.0	69	8389.72760411782
5580.0	74	8389.614079659805
5581.0	58	8389.500557308978
5582.0	79	8389.387037065282
5583.0	65	8389.273518928678
5584.0	58	8389.160002899092
5585.0	64	8389.046488976486
5586.0	63	8388.9329771608
5587.0	64	8388.819467451985
5588.0	57	8388.705959849987
5589.0	73	8388.592454354744
5590.0	68	8388.478950966215
5591.0	80	8388.36544968434
5592.0	74	8388.251950509062
5593.0	79	8388.138453440342
5594.0	71	8388.024958478105
5595.0	66	8387.911465622317
5596.0	67	8387.797974872916
5597.0	87	8387.684486229848
5598.0	72	8387.57099969306
5599.0	61	8387.4575152625
5600.0	73	8387.344032938116
5601.0	69	8387.230552719857
5602.0	85	8387.11707460766
5603.0	74	8387.00359860148
5604.0	61	8386.890124701256
5605.0	63	8386.77665290695
5606.0	77	8386.66318321849
5607.0	62	8386.549715635829
5608.0	67	8386.436250158928
5609.0	77	8386.32278678771
5610.0	70	8386.209325522143
5611.0	81	8386.095866362153
5612.0	67	8385.9824093077
5613.0	69	8385.868954358732
5614.0	65	8385.755501515188
5615.0	76	8385.642050777022
5616.0	67	8385.528602144175
5617.0	68	8385.415155616602
5618.0	68	8385.301711194234
5619.0	78	8385.18826887703
5620.0	67	8385.074828664936
5621.0	83	8384.961390557888
5622.0	71	8384.84795455585
5623.0	86	8384.734520658758
5624.0	62	8384.621088866563
5625.0	69	8384.507659179202
5626.0	81	8384.394231596636
5627.0	69	8384.280806118804
5628.0	70	8384.167382745647
5629.0	71	8384.05396147713
5630.0	76	8383.940542313178
5631.0	54	8383.827125253745
5632.0	72	8383.713710298784
5633.0	66	8383.600297448244
5634.0	62	8383.486886702054
5635.0	81	8383.373478060183
5636.0	76	8383.260071522556
5637.0	58	8383.146667089137
5638.0	62	8383.033264759863
5639.0	58	8382.91986453469
5640.0	69	8382.806466413555
5641.0	71	8382.693070396403
5642.0	73	8382.579676483196
5643.0	65	8382.46628467387
5644.0	61	8382.352894968362
5645.0	86	8382.239507366638
5646.0	65	8382.126121868638
5647.0	71	8382.012738474301
5648.0	75	8381.899357183576
5649.0	75	8381.78597799642
5650.0	66	8381.67260091277
5651.0	65	8381.559225932582
5652.0	56	8381.445853055786
5653.0	79	8381.332482282349
5654.0	63	8381.2191136122
5655.0	76	8381.105747045298
5656.0	72	8380.992382581586
5657.0	80	8380.879020221011
5658.0	61	8380.765659963517
5659.0	63	8380.652301809052
5660.0	73	8380.538945757564
5661.0	85	8380.425591808993
5662.0	65	8380.3122399633
5663.0	71	8380.198890220416
5664.0	67	8380.085542580306
5665.0	75	8379.972197042896
5666.0	55	8379.858853608144
5667.0	67	8379.745512276008
5668.0	75	8379.632173046408
5669.0	79	8379.51883591931
5670.0	68	8379.405500894658
5671.0	61	8379.292167972395
5672.0	49	8379.17883715247
5673.0	62	8379.065508434827
5674.0	96	8378.952181819415
5675.0	80	8378.838857306178
5676.0	70	8378.725534895073
5677.0	75	8378.612214586034
5678.0	89	8378.498896379013
5679.0	59	8378.38558027396
5680.0	75	8378.272266270818
5681.0	71	8378.158954369537
5682.0	65	8378.045644570057
5683.0	80	8377.932336872329
5684.0	62	8377.819031276304
5685.0	74	8377.705727781917
5686.0	71	8377.592426389132
5687.0	66	8377.479127097879
5688.0	62	8377.365829908118
5689.0	67	8377.25253481978
5690.0	65	8377.139241832832
5691.0	78	8377.025950947203
5692.0	72	8376.912662162853
5693.0	73	8376.799375479719
5694.0	59	8376.686090897752
5695.0	68	8376.572808416897
5696.0	54	8376.459528037103
5697.0	60	8376.346249758322
5698.0	71	8376.232973580494
5699.0	66	8376.11969950356
5700.0	73	8376.006427527476
5701.0	63	8375.89315765219
5702.0	72	8375.779889877644
5703.0	76	8375.66662420379
5704.0	61	8375.553360630567
5705.0	66	8375.440099157924
5706.0	65	8375.326839785814
5707.0	69	8375.21358251417
5708.0	74	8375.10032734296
5709.0	69	8374.987074272114
5710.0	71	8374.873823301585
5711.0	73	8374.760574431319
5712.0	75	8374.647327661256
5713.0	52	8374.53408299136
5714.0	61	8374.420840421562
5715.0	59	8374.307599951815
5716.0	81	8374.19436158206
5717.0	60	8374.081125312254
5718.0	54	8373.967891142345
5719.0	77	8373.854659072267
5720.0	68	8373.741429101972
5721.0	61	8373.628201231413
5722.0	73	8373.514975460525
5723.0	64	8373.40175178926
5724.0	81	8373.288530217575
5725.0	67	8373.175310745406
5726.0	66	8373.062093372704
5727.0	77	8372.948878099418
5728.0	65	8372.835664925484
5729.0	65	8372.722453850862
5730.0	68	8372.609244875486
5731.0	84	8372.496037999317
5732.0	84	8372.382833222295
5733.0	68	8372.269630544357
5734.0	76	8372.156429965467
5735.0	77	8372.043231485568
5736.0	61	8371.930035104597
5737.0	67	8371.816840822508
5738.0	75	8371.703648639252
5739.0	77	8371.590458554765
5740.0	74	8371.477270569005
5741.0	80	8371.364084681907
5742.0	69	8371.250900893434
5743.0	72	8371.137719203512
5744.0	63	8371.024539612112
5745.0	71	8370.91136211916
5746.0	73	8370.798186724614
5747.0	80	8370.685013428414
5748.0	66	8370.57184223052
5749.0	58	8370.45867313086
5750.0	67	8370.345506129399
5751.0	65	8370.232341226072
5752.0	70	8370.11917842083
5753.0	80	8370.006017713618
5754.0	81	8369.892859104382
5755.0	75	8369.77970259308
5756.0	71	8369.666548179643
5757.0	64	8369.553395864024
5758.0	68	8369.440245646178
5759.0	79	8369.32709752604
5760.0	73	8369.213951503569
5761.0	74	8369.100807578703
5762.0	74	8368.987665751383
5763.0	71	8368.87452602157
5764.0	72	8368.761388389203
5765.0	67	8368.648252854236
5766.0	57	8368.535119416605
5767.0	69	8368.421988076265
5768.0	65	8368.308858833156
5769.0	74	8368.195731687236
5770.0	79	8368.082606638436
5771.0	78	8367.969483686722
5772.0	65	8367.85636283203
5773.0	64	8367.743244074301
5774.0	66	8367.630127413497
5775.0	67	8367.51701284955
5776.0	71	8367.403900382418
5777.0	89	8367.290790012048
5778.0	69	8367.177681738382
5779.0	77	8367.064575561359
5780.0	72	8366.951471480941
5781.0	74	8366.838369497073
5782.0	73	8366.725269609691
5783.0	64	8366.612171818753
5784.0	57	8366.4990761242
5785.0	68	8366.38598252598
5786.0	58	8366.272891024044
5787.0	78	8366.159801618329
5788.0	68	8366.046714308795
5789.0	64	8365.933629095383
5790.0	63	8365.820545978035
5791.0	67	8365.707464956702
5792.0	77	8365.594386031333
5793.0	63	8365.481309201874
5794.0	68	8365.368234468275
5795.0	65	8365.255161830477
5796.0	81	8365.142091288426
5797.0	61	8365.029022842078
5798.0	61	8364.91595649137
5799.0	68	8364.802892236254
5800.0	69	8364.689830076677
5801.0	66	8364.576770012593
5802.0	86	8364.463712043927
5803.0	67	8364.35065617065
5804.0	68	8364.237602392703
5805.0	87	8364.124550710018
5806.0	68	8364.011501122564
5807.0	73	8363.89845363027
5808.0	79	8363.785408233092
5809.0	59	8363.672364930977
5810.0	71	8363.55932372387
5811.0	67	8363.44628461172
5812.0	65	8363.333247594474
5813.0	73	8363.220212672073
5814.0	67	8363.10717984447
5815.0	62	8362.994149111608
5816.0	61	8362.881120473443
5817.0	70	8362.76809392991
5818.0	75	8362.655069480963
5819.0	61	8362.542047126548
5820.0	79	8362.429026866614
5821.0	78	8362.316008701104
5822.0	82	8362.202992629966
5823.0	60	8362.089978653144
5824.0	79	8361.976966770599
5825.0	73	8361.863956982263
5826.0	54	8361.750949288087
5827.0	71	8361.637943688016
5828.0	73	8361.524940182002
5829.0	74	8361.411938769988
5830.0	47	8361.298939451928
5831.0	67	8361.185942227761
5832.0	59	8361.07294709744
5833.0	71	8360.95995406091
5834.0	76	8360.846963118116
5835.0	77	8360.733974269002
5836.0	72	8360.620987513528
5837.0	72	8360.50800285162
5838.0	73	8360.395020283242
5839.0	72	8360.282039808348
5840.0	66	8360.169061426861
5841.0	67	8360.056085138744
5842.0	74	8359.943110943941
5843.0	71	8359.830138842399
5844.0	72	8359.717168834068
5845.0	50	8359.604200918888
5846.0	70	8359.491235096813
5847.0	79	8359.378271367781
5848.0	74	8359.265309731752
5849.0	62	8359.152350188668
5850.0	61	8359.039392738467
5851.0	76	8358.926437381104
5852.0	72	8358.813484116532
5853.0	76	8358.700532944686
5854.0	54	8358.587583865521
5855.0	78	8358.474636878982
5856.0	60	8358.36169198501
5857.0	56	8358.248749183564
5858.0	63	8358.135808474583
5859.0	68	8358.022869858018
5860.0	71	8357.909933333816
5861.0	74	8357.796998901918
5862.0	64	8357.684066562284
5863.0	71	8357.57113631484
5864.0	68	8357.458208159554
5865.0	84	8357.345282096367
5866.0	78	8357.232358125217
