time	whole_blood_radioactivity	plasma_radioactivity
-6135.0	47	0.0
-6134.0	55	0.0
-6133.0	65	0.0
-6132.0	54	0.0
-6131.0	47	0.0
-6130.0	54	0.0
-6129.0	50	0.0
-6128.0	62	0.0
-6127.0	67	0.0
-6126.0	59	0.0
-6125.0	69	0.0
-6124.0	49	0.0
-6123.0	69	0.0
-6122.0	50	0.0
-6121.0	53	0.0
-6120.0	64	0.0
-6119.0	54	0.0
-6118.0	57	0.0
-6117.0	56	0.0
-6116.0	51	0.0
-6115.0	73	0.0
-6114.0	58	0.0
-6113.0	72	0.0
-6112.0	54	0.0
-6111.0	47	0.0
-6110.0	49	0.0
-6109.0	42	0.0
-6108.0	67	0.0
-6107.0	51	0.0
-6106.0	73	0.0
-6105.0	50	0.0
-6104.0	44	0.0
-6103.0	56	0.0
-6102.0	66	0.0
-6101.0	56	0.0
-6100.0	47	0.0
-6099.0	65	0.0
-6098.0	52	0.0
-6097.0	70	0.0
-6096.0	53	0.0
-6095.0	41	0.0
-6094.0	60	0.0
-6093.0	59	0.0
-6092.0	59	0.0
-6091.0	66	0.0
-6090.0	54	0.0
-6089.0	56	0.0
-6088.0	51	0.0
-6087.0	58	0.0
-6086.0	41	0.0
-6085.0	45	0.0
-6084.0	58	0.0
-6083.0	42	0.0
-6082.0	47	0.0
-6081.0	57	0.0
-6080.0	56	0.0
-6079.0	55	0.0
-6078.0	59	0.0
-6077.0	60	0.0
-6076.0	58	0.0
-6075.0	51	0.0
-6074.0	65	0.0
-6073.0	57	0.0
-6072.0	63	0.0
-6071.0	49	0.0
-6070.0	70	0.0
-6069.0	64	0.0
-6068.0	66	0.0
-6067.0	51	0.0
-6066.0	72	0.0
-6065.0	47	0.0
-6064.0	54	0.0
-6063.0	74	0.0
-6062.0	66	0.0
-6061.0	54	0.0
-6060.0	66	0.0
-6059.0	57	0.0
-6058.0	61	0.0
-6057.0	50	0.0
-6056.0	42	0.0
-6055.0	60	0.0
-6054.0	58	0.0
-6053.0	68	0.0
-6052.0	64	0.0
-6051.0	51	0.0
-6050.0	59	0.0
-6049.0	59	0.0
-6048.0	68	0.0
-6047.0	34	0.0
-6046.0	69	0.0
-6045.0	71	0.0
-6044.0	71	0.0
-6043.0	63	0.0
-6042.0	66	0.0
-6041.0	69	0.0
-6040.0	55	0.0
-6039.0	52	0.0
-6038.0	57	0.0
-6037.0	38	0.0
-6036.0	52	0.0
-6035.0	57	0.0
-6034.0	57	0.0
-6033.0	56	0.0
-6032.0	56	0.0
-6031.0	60	0.0
-6030.0	81	0.0
-6029.0	67	0.0
-6028.0	66	0.0
-6027.0	64	0.0
-6026.0	50	0.0
-6025.0	55	0.0
-6024.0	64	0.0
-6023.0	45	0.0
-6022.0	49	0.0
-6021.0	49	0.0
-6020.0	50	0.0
-6019.0	62	0.0
-6018.0	56	0.0
-6017.0	39	0.0
-6016.0	54	0.0
-6015.0	67	0.0
-6014.0	51	0.0
-6013.0	60	0.0
-6012.0	54	0.0
-6011.0	49	0.0
-6010.0	58	0.0
-6009.0	49	0.0
-6008.0	61	0.0
-6007.0	49	0.0
-6006.0	57	0.0
-6005.0	47	0.0
-6004.0	61	0.0
-6003.0	50	0.0
-6002.0	67	0.0
-6001.0	66	0.0
-6000.0	55	0.0
-5999.0	42	0.0
-5998.0	64	0.0
-5997.0	56	0.0
-5996.0	62	0.0
-5995.0	48	0.0
-5994.0	53	0.0
-5993.0	61	0.0
-5992.0	56	0.0
-5991.0	65	0.0
-5990.0	53	0.0
-5989.0	53	0.0
-5988.0	50	0.0
-5987.0	74	0.0
-5986.0	72	0.0
-5985.0	74	0.0
-5984.0	70	0.0
-5983.0	58	0.0
-5982.0	64	0.0
-5981.0	70	0.0
-5980.0	48	0.0
-5979.0	52	0.0
-5978.0	49	0.0
-5977.0	61	0.0
-5976.0	56	0.0
-5975.0	55	0.0
-5974.0	60	0.0
-5973.0	65	0.0
-5972.0	48	0.0
-5971.0	76	0.0
-5970.0	57	0.0
-5969.0	77	0.0
-5968.0	59	0.0
-5967.0	65	0.0
-5966.0	61	0.0
-5965.0	59	0.0
-5964.0	62	0.0
-5963.0	53	0.0
-5962.0	63	0.0
-5961.0	41	0.0
-5960.0	61	0.0
-5959.0	61	0.0
-5958.0	65	0.0
-5957.0	47	0.0
-5956.0	65	0.0
-5955.0	56	0.0
-5954.0	46	0.0
-5953.0	49	0.0
-5952.0	64	0.0
-5951.0	58	0.0
-5950.0	70	0.0
-5949.0	51	0.0
-5948.0	71	0.0
-5947.0	66	0.0
-5946.0	60	0.0
-5945.0	60	0.0
-5944.0	59	0.0
-5943.0	60	0.0
-5942.0	55	0.0
-5941.0	61	0.0
-5940.0	57	0.0
-5939.0	64	0.0
-5938.0	74	0.0
-5937.0	52	0.0
-5936.0	53	0.0
-5935.0	61	0.0
-5934.0	61	0.0
-5933.0	55	0.0
-5932.0	59	0.0
-5931.0	59	0.0
-5930.0	51	0.0
-5929.0	58	0.0
-5928.0	60	0.0
-5927.0	56	0.0
-5926.0	64	0.0
-5925.0	52	0.0
-5924.0	62	0.0
-5923.0	51	0.0
-5922.0	60	0.0
-5921.0	66	0.0
-5920.0	53	0.0
-5919.0	64	0.0
-5918.0	63	0.0
-5917.0	58	0.0
-5916.0	58	0.0
-5915.0	56	0.0
-5914.0	48	0.0
-5913.0	65	0.0
-5912.0	53	0.0
-5911.0	68	0.0
-5910.0	66	0.0
-5909.0	66	0.0
-5908.0	59	0.0
-5907.0	62	0.0
-5906.0	52	0.0
-5905.0	50	0.0
-5904.0	63	0.0
-5903.0	59	0.0
-5902.0	54	0.0
-5901.0	69	0.0
-5900.0	46	0.0
-5899.0	53	0.0
-5898.0	52	0.0
-5897.0	46	0.0
-5896.0	53	0.0
-5895.0	55	0.0
-5894.0	46	0.0
-5893.0	58	0.0
-5892.0	74	0.0
-5891.0	48	0.0
-5890.0	67	0.0
-5889.0	64	0.0
-5888.0	59	0.0
-5887.0	54	0.0
-5886.0	66	0.0
-5885.0	50	0.0
-5884.0	60	0.0
-5883.0	51	0.0
-5882.0	65	0.0
-5881.0	53	0.0
-5880.0	63	0.0
-5879.0	56	0.0
-5878.0	63	0.0
-5877.0	57	0.0
-5876.0	56	0.0
-5875.0	46	0.0
-5874.0	76	0.0
-5873.0	74	0.0
-5872.0	68	0.0
-5871.0	53	0.0
-5870.0	63	0.0
-5869.0	60	0.0
-5868.0	59	0.0
-5867.0	57	0.0
-5866.0	62	0.0
-5865.0	65	0.0
-5864.0	60	0.0
-5863.0	56	0.0
-5862.0	54	0.0
-5861.0	52	0.0
-5860.0	76	0.0
-5859.0	63	0.0
-5858.0	57	0.0
-5857.0	53	0.0
-5856.0	62	0.0
-5855.0	58	0.0
-5854.0	61	0.0
-5853.0	66	0.0
-5852.0	59	0.0
-5851.0	50	0.0
-5850.0	52	0.0
-5849.0	59	0.0
-5848.0	62	0.0
-5847.0	64	0.0
-5846.0	57	0.0
-5845.0	40	0.0
-5844.0	51	0.0
-5843.0	67	0.0
-5842.0	67	0.0
-5841.0	61	0.0
-5840.0	52	0.0
-5839.0	64	0.0
-5838.0	54	0.0
-5837.0	64	0.0
-5836.0	62	0.0
-5835.0	52	0.0
-5834.0	51	0.0
-5833.0	46	0.0
-5832.0	58	0.0
-5831.0	51	0.0
-5830.0	49	0.0
-5829.0	55	0.0
-5828.0	57	0.0
-5827.0	78	0.0
-5826.0	62	0.0
-5825.0	64	0.0
-5824.0	51	0.0
-5823.0	55	0.0
-5822.0	79	0.0
-5821.0	56	0.0
-5820.0	60	0.0
-5819.0	55	0.0
-5818.0	54	0.0
-5817.0	57	0.0
-5816.0	79	0.0
-5815.0	62	0.0
-5814.0	62	0.0
-5813.0	65	0.0
-5812.0	65	0.0
-5811.0	50	0.0
-5810.0	56	0.0
-5809.0	61	0.0
-5808.0	70	0.0
-5807.0	69	0.0
-5806.0	65	0.0
-5805.0	68	0.0
-5804.0	61	0.0
-5803.0	67	0.0
-5802.0	52	0.0
-5801.0	63	0.0
-5800.0	55	0.0
-5799.0	73	0.0
-5798.0	61	0.0
-5797.0	54	0.0
-5796.0	63	0.0
-5795.0	77	0.0
-5794.0	50	0.0
-5793.0	56	0.0
-5792.0	54	0.0
-5791.0	53	0.0
-5790.0	68	0.0
-5789.0	74	0.0
-5788.0	74	0.0
-5787.0	49	0.0
-5786.0	48	0.0
-5785.0	56	0.0
-5784.0	67	0.0
-5783.0	56	0.0
-5782.0	66	0.0
-5781.0	53	0.0
-5780.0	43	0.0
-5779.0	59	0.0
-5778.0	57	0.0
-5777.0	63	0.0
-5776.0	66	0.0
-5775.0	62	0.0
-5774.0	68	0.0
-5773.0	76	0.0
-5772.0	53	0.0
-5771.0	60	0.0
-5770.0	65	0.0
-5769.0	53	0.0
-5768.0	65	0.0
-5767.0	60	0.0
-5766.0	52	0.0
-5765.0	57	0.0
-5764.0	60	0.0
-5763.0	53	0.0
-5762.0	53	0.0
-5761.0	43	0.0
-5760.0	64	0.0
-5759.0	56	0.0
-5758.0	66	0.0
-5757.0	70	0.0
-5756.0	57	0.0
-5755.0	56	0.0
-5754.0	60	0.0
-5753.0	60	0.0
-5752.0	60	0.0
-5751.0	52	0.0
-5750.0	49	0.0
-5749.0	59	0.0
-5748.0	54	0.0
-5747.0	68	0.0
-5746.0	75	0.0
-5745.0	53	0.0
-5744.0	69	0.0
-5743.0	81	0.0
-5742.0	68	0.0
-5741.0	61	0.0
-5740.0	57	0.0
-5739.0	65	0.0
-5738.0	52	0.0
-5737.0	60	0.0
-5736.0	74	0.0
-5735.0	50	0.0
-5734.0	47	0.0
-5733.0	58	0.0
-5732.0	58	0.0
-5731.0	67	0.0
-5730.0	57	0.0
-5729.0	57	0.0
-5728.0	41	0.0
-5727.0	64	0.0
-5726.0	47	0.0
-5725.0	56	0.0
-5724.0	64	0.0
-5723.0	74	0.0
-5722.0	57	0.0
-5721.0	62	0.0
-5720.0	49	0.0
-5719.0	62	0.0
-5718.0	58	0.0
-5717.0	64	0.0
-5716.0	57	0.0
-5715.0	52	0.0
-5714.0	50	0.0
-5713.0	63	0.0
-5712.0	76	0.0
-5711.0	65	0.0
-5710.0	56	0.0
-5709.0	62	0.0
-5708.0	53	0.0
-5707.0	62	0.0
-5706.0	57	0.0
-5705.0	48	0.0
-5704.0	53	0.0
-5703.0	55	0.0
-5702.0	49	0.0
-5701.0	66	0.0
-5700.0	65	0.0
-5699.0	68	0.0
-5698.0	69	0.0
-5697.0	55	0.0
-5696.0	60	0.0
-5695.0	50	0.0
-5694.0	61	0.0
-5693.0	61	0.0
-5692.0	66	0.0
-5691.0	63	0.0
-5690.0	61	0.0
-5689.0	61	0.0
-5688.0	59	0.0
-5687.0	71	0.0
-5686.0	79	0.0
-5685.0	62	0.0
-5684.0	52	0.0
-5683.0	60	0.0
-5682.0	63	0.0
-5681.0	65	0.0
-5680.0	69	0.0
-5679.0	52	0.0
-5678.0	67	0.0
-5677.0	49	0.0
-5676.0	53	0.0
-5675.0	51	0.0
-5674.0	67	0.0
-5673.0	40	0.0
-5672.0	57	0.0
-5671.0	64	0.0
-5670.0	65	0.0
-5669.0	49	0.0
-5668.0	57	0.0
-5667.0	49	0.0
-5666.0	66	0.0
-5665.0	57	0.0
-5664.0	70	0.0
-5663.0	63	0.0
-5662.0	59	0.0
-5661.0	59	0.0
-5660.0	53	0.0
-5659.0	53	0.0
-5658.0	52	0.0
-5657.0	66	0.0
-5656.0	60	0.0
-5655.0	61	0.0
-5654.0	54	0.0
-5653.0	46	0.0
-5652.0	64	0.0
-5651.0	53	0.0
-5650.0	73	0.0
-5649.0	61	0.0
-5648.0	61	0.0
-5647.0	67	0.0
-5646.0	64	0.0
-5645.0	60	0.0
-5644.0	68	0.0
-5643.0	69	0.0
-5642.0	46	0.0
-5641.0	54	0.0
-5640.0	47	0.0
-5639.0	68	0.0
-5638.0	72	0.0
-5637.0	49	0.0
-5636.0	63	0.0
-5635.0	62	0.0
-5634.0	68	0.0
-5633.0	64	0.0
-5632.0	44	0.0
-5631.0	57	0.0
-5630.0	52	0.0
-5629.0	59	0.0
-5628.0	54	0.0
-5627.0	62	0.0
-5626.0	69	0.0
-5625.0	68	0.0
-5624.0	55	0.0
-5623.0	75	0.0
-5622.0	57	0.0
-5621.0	65	0.0
-5620.0	50	0.0
-5619.0	43	0.0
-5618.0	57	0.0
-5617.0	53	0.0
-5616.0	59	0.0
-5615.0	60	0.0
-5614.0	58	0.0
-5613.0	64	0.0
-5612.0	48	0.0
-5611.0	72	0.0
-5610.0	62	0.0
-5609.0	68	0.0
-5608.0	67	0.0
-5607.0	50	0.0
-5606.0	60	0.0
-5605.0	62	0.0
-5604.0	52	0.0
-5603.0	49	0.0
-5602.0	72	0.0
-5601.0	49	0.0
-5600.0	59	0.0
-5599.0	56	0.0
-5598.0	50	0.0
-5597.0	56	0.0
-5596.0	55	0.0
-5595.0	67	0.0
-5594.0	61	0.0
-5593.0	54	0.0
-5592.0	53	0.0
-5591.0	54	0.0
-5590.0	64	0.0
-5589.0	70	0.0
-5588.0	61	0.0
-5587.0	55	0.0
-5586.0	63	0.0
-5585.0	61	0.0
-5584.0	43	0.0
-5583.0	53	0.0
-5582.0	56	0.0
-5581.0	52	0.0
-5580.0	68	0.0
-5579.0	57	0.0
-5578.0	78	0.0
-5577.0	68	0.0
-5576.0	64	0.0
-5575.0	52	0.0
-5574.0	61	0.0
-5573.0	62	0.0
-5572.0	59	0.0
-5571.0	47	0.0
-5570.0	74	0.0
-5569.0	57	0.0
-5568.0	58	0.0
-5567.0	44	0.0
-5566.0	51	0.0
-5565.0	62	0.0
-5564.0	56	0.0
-5563.0	61	0.0
-5562.0	44	0.0
-5561.0	46	0.0
-5560.0	55	0.0
-5559.0	67	0.0
-5558.0	67	0.0
-5557.0	54	0.0
-5556.0	58	0.0
-5555.0	49	0.0
-5554.0	55	0.0
-5553.0	55	0.0
-5552.0	55	0.0
-5551.0	55	0.0
-5550.0	62	0.0
-5549.0	48	0.0
-5548.0	66	0.0
-5547.0	66	0.0
-5546.0	56	0.0
-5545.0	73	0.0
-5544.0	63	0.0
-5543.0	53	0.0
-5542.0	58	0.0
-5541.0	58	0.0
-5540.0	65	0.0
-5539.0	63	0.0
-5538.0	69	0.0
-5537.0	79	0.0
-5536.0	54	0.0
-5535.0	63	0.0
-5534.0	59	0.0
-5533.0	58	0.0
-5532.0	63	0.0
-5531.0	61	0.0
-5530.0	63	0.0
-5529.0	50	0.0
-5528.0	54	0.0
-5527.0	52	0.0
-5526.0	55	0.0
-5525.0	56	0.0
-5524.0	53	0.0
-5523.0	60	0.0
-5522.0	57	0.0
-5521.0	66	0.0
-5520.0	54	0.0
-5519.0	59	0.0
-5518.0	55	0.0
-5517.0	49	0.0
-5516.0	65	0.0
-5515.0	50	0.0
-5514.0	49	0.0
-5513.0	63	0.0
-5512.0	49	0.0
-5511.0	63	0.0
-5510.0	67	0.0
-5509.0	59	0.0
-5508.0	55	0.0
-5507.0	56	0.0
-5506.0	45	0.0
-5505.0	59	0.0
-5504.0	69	0.0
-5503.0	64	0.0
-5502.0	56	0.0
-5501.0	61	0.0
-5500.0	67	0.0
-5499.0	49	0.0
-5498.0	77	0.0
-5497.0	62	0.0
-5496.0	64	0.0
-5495.0	56	0.0
-5494.0	69	0.0
-5493.0	61	0.0
-5492.0	60	0.0
-5491.0	59	0.0
-5490.0	51	0.0
-5489.0	53	0.0
-5488.0	56	0.0
-5487.0	71	0.0
-5486.0	57	0.0
-5485.0	57	0.0
-5484.0	56	0.0
-5483.0	72	0.0
-5482.0	64	0.0
-5481.0	68	0.0
-5480.0	61	0.0
-5479.0	62	0.0
-5478.0	58	0.0
-5477.0	63	0.0
-5476.0	46	0.0
-5475.0	66	0.0
-5474.0	59	0.0
-5473.0	49	0.0
-5472.0	65	0.0
-5471.0	51	0.0
-5470.0	68	0.0
-5469.0	65	0.0
-5468.0	59	0.0
-5467.0	60	0.0
-5466.0	58	0.0
-5465.0	61	0.0
-5464.0	65	0.0
-5463.0	55	0.0
-5462.0	55	0.0
-5461.0	52	0.0
-5460.0	69	0.0
-5459.0	58	0.0
-5458.0	63	0.0
-5457.0	64	0.0
-5456.0	57	0.0
-5455.0	56	0.0
-5454.0	55	0.0
-5453.0	58	0.0
-5452.0	86	0.0
-5451.0	60	0.0
-5450.0	51	0.0
-5449.0	63	0.0
-5448.0	63	0.0
-5447.0	52	0.0
-5446.0	67	0.0
-5445.0	60	0.0
-5444.0	57	0.0
-5443.0	62	0.0
-5442.0	67	0.0
-5441.0	54	0.0
-5440.0	69	0.0
-5439.0	58	0.0
-5438.0	57	0.0
-5437.0	51	0.0
-5436.0	69	0.0
-5435.0	55	0.0
-5434.0	63	0.0
-5433.0	63	0.0
-5432.0	58	0.0
-5431.0	61	0.0
-5430.0	51	0.0
-5429.0	62	0.0
-5428.0	60	0.0
-5427.0	45	0.0
-5426.0	60	0.0
-5425.0	58	0.0
-5424.0	61	0.0
-5423.0	62	0.0
-5422.0	66	0.0
-5421.0	51	0.0
-5420.0	66	0.0
-5419.0	57	0.0
-5418.0	60	0.0
-5417.0	59	0.0
-5416.0	70	0.0
-5415.0	66	0.0
-5414.0	48	0.0
-5413.0	43	0.0
-5412.0	55	0.0
-5411.0	47	0.0
-5410.0	58	0.0
-5409.0	46	0.0
-5408.0	65	0.0
-5407.0	57	0.0
-5406.0	65	0.0
-5405.0	56	0.0
-5404.0	62	0.0
-5403.0	75	0.0
-5402.0	57	0.0
-5401.0	58	0.0
-5400.0	58	0.0
-5399.0	61	0.0
-5398.0	60	0.0
-5397.0	58	0.0
-5396.0	70	0.0
-5395.0	63	0.0
-5394.0	45	0.0
-5393.0	45	0.0
-5392.0	61	0.0
-5391.0	56	0.0
-5390.0	61	0.0
-5389.0	50	0.0
-5388.0	61	0.0
-5387.0	52	0.0
-5386.0	42	0.0
-5385.0	54	0.0
-5384.0	59	0.0
-5383.0	62	0.0
-5382.0	57	0.0
-5381.0	70	0.0
-5380.0	53	0.0
-5379.0	69	0.0
-5378.0	51	0.0
-5377.0	77	0.0
-5376.0	59	0.0
-5375.0	84	0.0
-5374.0	64	0.0
-5373.0	62	0.0
-5372.0	64	0.0
-5371.0	66	0.0
-5370.0	67	0.0
-5369.0	47	0.0
-5368.0	57	0.0
-5367.0	58	0.0
-5366.0	65	0.0
-5365.0	64	0.0
-5364.0	61	0.0
-5363.0	56	0.0
-5362.0	62	0.0
-5361.0	60	0.0
-5360.0	60	0.0
-5359.0	61	0.0
-5358.0	62	0.0
-5357.0	55	0.0
-5356.0	76	0.0
-5355.0	58	0.0
-5354.0	53	0.0
-5353.0	54	0.0
-5352.0	62	0.0
-5351.0	66	0.0
-5350.0	62	0.0
-5349.0	60	0.0
-5348.0	67	0.0
-5347.0	63	0.0
-5346.0	58	0.0
-5345.0	61	0.0
-5344.0	68	0.0
-5343.0	67	0.0
-5342.0	55	0.0
-5341.0	58	0.0
-5340.0	61	0.0
-5339.0	50	0.0
-5338.0	51	0.0
-5337.0	59	0.0
-5336.0	50	0.0
-5335.0	60	0.0
-5334.0	60	0.0
-5333.0	56	0.0
-5332.0	62	0.0
-5331.0	63	0.0
-5330.0	64	0.0
-5329.0	59	0.0
-5328.0	49	0.0
-5327.0	49	0.0
-5326.0	50	0.0
-5325.0	59	0.0
-5324.0	69	0.0
-5323.0	49	0.0
-5322.0	41	0.0
-5321.0	59	0.0
-5320.0	59	0.0
-5319.0	57	0.0
-5318.0	67	0.0
-5317.0	55	0.0
-5316.0	56	0.0
-5315.0	52	0.0
-5314.0	61	0.0
-5313.0	58	0.0
-5312.0	64	0.0
-5311.0	60	0.0
-5310.0	54	0.0
-5309.0	64	0.0
-5308.0	62	0.0
-5307.0	53	0.0
-5306.0	68	0.0
-5305.0	67	0.0
-5304.0	63	0.0
-5303.0	50	0.0
-5302.0	70	0.0
-5301.0	52	0.0
-5300.0	67	0.0
-5299.0	66	0.0
-5298.0	60	0.0
-5297.0	55	0.0
-5296.0	55	0.0
-5295.0	66	0.0
-5294.0	66	0.0
-5293.0	57	0.0
-5292.0	55	0.0
-5291.0	68	0.0
-5290.0	61	0.0
-5289.0	54	0.0
-5288.0	61	0.0
-5287.0	59	0.0
-5286.0	46	0.0
-5285.0	58	0.0
-5284.0	66	0.0
-5283.0	66	0.0
-5282.0	58	0.0
-5281.0	68	0.0
-5280.0	68	0.0
-5279.0	44	0.0
-5278.0	58	0.0
-5277.0	68	0.0
-5276.0	50	0.0
-5275.0	66	0.0
-5274.0	56	0.0
-5273.0	69	0.0
-5272.0	45	0.0
-5271.0	70	0.0
-5270.0	61	0.0
-5269.0	59	0.0
-5268.0	63	0.0
-5267.0	69	0.0
-5266.0	74	0.0
-5265.0	59	0.0
-5264.0	67	0.0
-5263.0	60	0.0
-5262.0	70	0.0
-5261.0	72	0.0
-5260.0	61	0.0
-5259.0	69	0.0
-5258.0	54	0.0
-5257.0	60	0.0
-5256.0	65	0.0
-5255.0	45	0.0
-5254.0	61	0.0
-5253.0	53	0.0
-5252.0	60	0.0
-5251.0	62	0.0
-5250.0	64	0.0
-5249.0	60	0.0
-5248.0	66	0.0
-5247.0	63	0.0
-5246.0	70	0.0
-5245.0	52	0.0
-5244.0	61	0.0
-5243.0	58	0.0
-5242.0	48	0.0
-5241.0	58	0.0
-5240.0	59	0.0
-5239.0	62	0.0
-5238.0	58	0.0
-5237.0	49	0.0
-5236.0	56	0.0
-5235.0	56	0.0
-5234.0	65	0.0
-5233.0	56	0.0
-5232.0	65	0.0
-5231.0	65	0.0
-5230.0	63	0.0
-5229.0	71	0.0
-5228.0	66	0.0
-5227.0	59	0.0
-5226.0	62	0.0
-5225.0	66	0.0
-5224.0	66	0.0
-5223.0	59	0.0
-5222.0	43	0.0
-5221.0	55	0.0
-5220.0	44	0.0
-5219.0	62	0.0
-5218.0	73	0.0
-5217.0	51	0.0
-5216.0	57	0.0
-5215.0	55	0.0
-5214.0	54	0.0
-5213.0	55	0.0
-5212.0	48	0.0
-5211.0	60	0.0
-5210.0	63	0.0
-5209.0	52	0.0
-5208.0	49	0.0
-5207.0	59	0.0
-5206.0	49	0.0
-5205.0	54	0.0
-5204.0	69	0.0
-5203.0	61	0.0
-5202.0	57	0.0
-5201.0	51	0.0
-5200.0	67	0.0
-5199.0	71	0.0
-5198.0	53	0.0
-5197.0	50	0.0
-5196.0	59	0.0
-5195.0	47	0.0
-5194.0	54	0.0
-5193.0	58	0.0
-5192.0	75	0.0
-5191.0	69	0.0
-5190.0	58	0.0
-5189.0	53	0.0
-5188.0	58	0.0
-5187.0	62	0.0
-5186.0	49	0.0
-5185.0	64	0.0
-5184.0	60	0.0
-5183.0	58	0.0
-5182.0	53	0.0
-5181.0	52	0.0
-5180.0	61	0.0
-5179.0	52	0.0
-5178.0	51	0.0
-5177.0	68	0.0
-5176.0	59	0.0
-5175.0	54	0.0
-5174.0	74	0.0
-5173.0	52	0.0
-5172.0	65	0.0
-5171.0	59	0.0
-5170.0	75	0.0
-5169.0	55	0.0
-5168.0	56	0.0
-5167.0	48	0.0
-5166.0	52	0.0
-5165.0	70	0.0
-5164.0	66	0.0
-5163.0	62	0.0
-5162.0	52	0.0
-5161.0	56	0.0
-5160.0	79	0.0
-5159.0	50	0.0
-5158.0	63	0.0
-5157.0	55	0.0
-5156.0	73	0.0
-5155.0	53	0.0
-5154.0	56	0.0
-5153.0	60	0.0
-5152.0	66	0.0
-5151.0	48	0.0
-5150.0	57	0.0
-5149.0	64	0.0
-5148.0	65	0.0
-5147.0	61	0.0
-5146.0	51	0.0
-5145.0	58	0.0
-5144.0	57	0.0
-5143.0	60	0.0
-5142.0	51	0.0
-5141.0	59	0.0
-5140.0	52	0.0
-5139.0	60	0.0
-5138.0	65	0.0
-5137.0	64	0.0
-5136.0	63	0.0
-5135.0	48	0.0
-5134.0	74	0.0
-5133.0	70	0.0
-5132.0	50	0.0
-5131.0	55	0.0
-5130.0	58	0.0
-5129.0	52	0.0
-5128.0	57	0.0
-5127.0	52	0.0
-5126.0	35	0.0
-5125.0	49	0.0
-5124.0	59	0.0
-5123.0	66	0.0
-5122.0	47	0.0
-5121.0	74	0.0
-5120.0	63	0.0
-5119.0	46	0.0
-5118.0	50	0.0
-5117.0	46	0.0
-5116.0	57	0.0
-5115.0	56	0.0
-5114.0	54	0.0
-5113.0	64	0.0
-5112.0	68	0.0
-5111.0	50	0.0
-5110.0	61	0.0
-5109.0	58	0.0
-5108.0	72	0.0
-5107.0	60	0.0
-5106.0	50	0.0
-5105.0	72	0.0
-5104.0	65	0.0
-5103.0	68	0.0
-5102.0	57	0.0
-5101.0	67	0.0
-5100.0	55	0.0
-5099.0	65	0.0
-5098.0	62	0.0
-5097.0	58	0.0
-5096.0	68	0.0
-5095.0	47	0.0
-5094.0	52	0.0
-5093.0	56	0.0
-5092.0	58	0.0
-5091.0	51	0.0
-5090.0	64	0.0
-5089.0	51	0.0
-5088.0	57	0.0
-5087.0	52	0.0
-5086.0	50	0.0
-5085.0	73	0.0
-5084.0	66	0.0
-5083.0	60	0.0
-5082.0	54	0.0
-5081.0	51	0.0
-5080.0	52	0.0
-5079.0	60	0.0
-5078.0	60	0.0
-5077.0	64	0.0
-5076.0	54	0.0
-5075.0	66	0.0
-5074.0	64	0.0
-5073.0	58	0.0
-5072.0	76	0.0
-5071.0	66	0.0
-5070.0	67	0.0
-5069.0	66	0.0
-5068.0	56	0.0
-5067.0	78	0.0
-5066.0	66	0.0
-5065.0	45	0.0
-5064.0	61	0.0
-5063.0	71	0.0
-5062.0	51	0.0
-5061.0	65	0.0
-5060.0	47	0.0
-5059.0	64	0.0
-5058.0	50	0.0
-5057.0	50	0.0
-5056.0	63	0.0
-5055.0	66	0.0
-5054.0	68	0.0
-5053.0	61	0.0
-5052.0	73	0.0
-5051.0	51	0.0
-5050.0	44	0.0
-5049.0	59	0.0
-5048.0	51	0.0
-5047.0	54	0.0
-5046.0	64	0.0
-5045.0	68	0.0
-5044.0	65	0.0
-5043.0	51	0.0
-5042.0	54	0.0
-5041.0	60	0.0
-5040.0	56	0.0
-5039.0	48	0.0
-5038.0	65	0.0
-5037.0	53	0.0
-5036.0	43	0.0
-5035.0	69	0.0
-5034.0	72	0.0
-5033.0	55	0.0
-5032.0	65	0.0
-5031.0	60	0.0
-5030.0	69	0.0
-5029.0	56	0.0
-5028.0	56	0.0
-5027.0	55	0.0
-5026.0	54	0.0
-5025.0	56	0.0
-5024.0	55	0.0
-5023.0	51	0.0
-5022.0	54	0.0
-5021.0	55	0.0
-5020.0	65	0.0
-5019.0	57	0.0
-5018.0	63	0.0
-5017.0	60	0.0
-5016.0	51	0.0
-5015.0	62	0.0
-5014.0	51	0.0
-5013.0	61	0.0
-5012.0	67	0.0
-5011.0	64	0.0
-5010.0	69	0.0
-5009.0	71	0.0
-5008.0	56	0.0
-5007.0	66	0.0
-5006.0	65	0.0
-5005.0	56	0.0
-5004.0	66	0.0
-5003.0	57	0.0
-5002.0	57	0.0
-5001.0	66	0.0
-5000.0	68	0.0
-4999.0	67	0.0
-4998.0	49	0.0
-4997.0	52	0.0
-4996.0	53	0.0
-4995.0	62	0.0
-4994.0	46	0.0
-4993.0	47	0.0
-4992.0	64	0.0
-4991.0	43	0.0
-4990.0	65	0.0
-4989.0	62	0.0
-4988.0	65	0.0
-4987.0	53	0.0
-4986.0	63	0.0
-4985.0	65	0.0
-4984.0	67	0.0
-4983.0	70	0.0
-4982.0	54	0.0
-4981.0	57	0.0
-4980.0	49	0.0
-4979.0	62	0.0
-4978.0	63	0.0
-4977.0	68	0.0
-4976.0	58	0.0
-4975.0	52	0.0
-4974.0	61	0.0
-4973.0	55	0.0
-4972.0	57	0.0
-4971.0	45	0.0
-4970.0	61	0.0
-4969.0	50	0.0
-4968.0	57	0.0
-4967.0	58	0.0
-4966.0	43	0.0
-4965.0	65	0.0
-4964.0	58	0.0
-4963.0	69	0.0
-4962.0	56	0.0
-4961.0	62	0.0
-4960.0	78	0.0
-4959.0	64	0.0
-4958.0	65	0.0
-4957.0	60	0.0
-4956.0	53	0.0
-4955.0	55	0.0
-4954.0	60	0.0
-4953.0	61	0.0
-4952.0	71	0.0
-4951.0	58	0.0
-4950.0	48	0.0
-4949.0	57	0.0
-4948.0	61	0.0
-4947.0	60	0.0
-4946.0	60	0.0
-4945.0	50	0.0
-4944.0	64	0.0
-4943.0	72	0.0
-4942.0	49	0.0
-4941.0	54	0.0
-4940.0	54	0.0
-4939.0	71	0.0
-4938.0	51	0.0
-4937.0	56	0.0
-4936.0	58	0.0
-4935.0	65	0.0
-4934.0	64	0.0
-4933.0	53	0.0
-4932.0	60	0.0
-4931.0	59	0.0
-4930.0	59	0.0
-4929.0	60	0.0
-4928.0	63	0.0
-4927.0	59	0.0
-4926.0	51	0.0
-4925.0	64	0.0
-4924.0	48	0.0
-4923.0	57	0.0
-4922.0	72	0.0
-4921.0	56	0.0
-4920.0	66	0.0
-4919.0	68	0.0
-4918.0	45	0.0
-4917.0	52	0.0
-4916.0	49	0.0
-4915.0	59	0.0
-4914.0	57	0.0
-4913.0	56	0.0
-4912.0	63	0.0
-4911.0	73	0.0
-4910.0	60	0.0
-4909.0	61	0.0
-4908.0	65	0.0
-4907.0	75	0.0
-4906.0	63	0.0
-4905.0	58	0.0
-4904.0	86	0.0
-4903.0	60	0.0
-4902.0	62	0.0
-4901.0	56	0.0
-4900.0	67	0.0
-4899.0	77	0.0
-4898.0	67	0.0
-4897.0	62	0.0
-4896.0	51	0.0
-4895.0	52	0.0
-4894.0	57	0.0
-4893.0	52	0.0
-4892.0	70	0.0
-4891.0	61	0.0
-4890.0	71	0.0
-4889.0	53	0.0
-4888.0	54	0.0
-4887.0	65	0.0
-4886.0	67	0.0
-4885.0	52	0.0
-4884.0	51	0.0
-4883.0	48	0.0
-4882.0	58	0.0
-4881.0	69	0.0
-4880.0	58	0.0
-4879.0	63	0.0
-4878.0	56	0.0
-4877.0	54	0.0
-4876.0	50	0.0
-4875.0	54	0.0
-4874.0	56	0.0
-4873.0	68	0.0
-4872.0	60	0.0
-4871.0	59	0.0
-4870.0	61	0.0
-4869.0	55	0.0
-4868.0	60	0.0
-4867.0	55	0.0
-4866.0	68	0.0
-4865.0	70	0.0
-4864.0	65	0.0
-4863.0	53	0.0
-4862.0	56	0.0
-4861.0	50	0.0
-4860.0	58	0.0
-4859.0	52	0.0
-4858.0	53	0.0
-4857.0	51	0.0
-4856.0	52	0.0
-4855.0	40	0.0
-4854.0	69	0.0
-4853.0	57	0.0
-4852.0	52	0.0
-4851.0	54	0.0
-4850.0	58	0.0
-4849.0	49	0.0
-4848.0	69	0.0
-4847.0	58	0.0
-4846.0	70	0.0
-4845.0	60	0.0
-4844.0	64	0.0
-4843.0	55	0.0
-4842.0	48	0.0
-4841.0	64	0.0
-4840.0	51	0.0
-4839.0	55	0.0
-4838.0	45	0.0
-4837.0	56	0.0
-4836.0	57	0.0
-4835.0	48	0.0
-4834.0	55	0.0
-4833.0	53	0.0
-4832.0	67	0.0
-4831.0	52	0.0
-4830.0	47	0.0
-4829.0	63	0.0
-4828.0	66	0.0
-4827.0	62	0.0
-4826.0	48	0.0
-4825.0	67	0.0
-4824.0	58	0.0
-4823.0	69	0.0
-4822.0	67	0.0
-4821.0	47	0.0
-4820.0	55	0.0
-4819.0	62	0.0
-4818.0	59	0.0
-4817.0	67	0.0
-4816.0	62	0.0
-4815.0	53	0.0
-4814.0	62	0.0
-4813.0	53	0.0
-4812.0	63	0.0
-4811.0	61	0.0
-4810.0	74	0.0
-4809.0	50	0.0
-4808.0	60	0.0
-4807.0	57	0.0
-4806.0	58	0.0
-4805.0	54	0.0
-4804.0	57	0.0
-4803.0	55	0.0
-4802.0	58	0.0
-4801.0	57	0.0
-4800.0	79	0.0
-4799.0	56	0.0
-4798.0	56	0.0
-4797.0	53	0.0
-4796.0	64	0.0
-4795.0	66	0.0
-4794.0	71	0.0
-4793.0	67	0.0
-4792.0	86	0.0
-4791.0	63	0.0
-4790.0	59	0.0
-4789.0	54	0.0
-4788.0	72	0.0
-4787.0	63	0.0
-4786.0	50	0.0
-4785.0	61	0.0
-4784.0	57	0.0
-4783.0	70	0.0
-4782.0	54	0.0
-4781.0	65	0.0
-4780.0	66	0.0
-4779.0	67	0.0
-4778.0	58	0.0
-4777.0	59	0.0
-4776.0	57	0.0
-4775.0	51	0.0
-4774.0	64	0.0
-4773.0	71	0.0
-4772.0	56	0.0
-4771.0	46	0.0
-4770.0	67	0.0
-4769.0	53	0.0
-4768.0	63	0.0
-4767.0	72	0.0
-4766.0	54	0.0
-4765.0	46	0.0
-4764.0	59	0.0
-4763.0	77	0.0
-4762.0	59	0.0
-4761.0	61	0.0
-4760.0	73	0.0
-4759.0	55	0.0
-4758.0	59	0.0
-4757.0	61	0.0
-4756.0	64	0.0
-4755.0	58	0.0
-4754.0	59	0.0
-4753.0	61	0.0
-4752.0	69	0.0
-4751.0	50	0.0
-4750.0	65	0.0
-4749.0	59	0.0
-4748.0	57	0.0
-4747.0	48	0.0
-4746.0	58	0.0
-4745.0	71	0.0
-4744.0	59	0.0
-4743.0	69	0.0
-4742.0	65	0.0
-4741.0	51	0.0
-4740.0	63	0.0
-4739.0	64	0.0
-4738.0	49	0.0
-4737.0	46	0.0
-4736.0	49	0.0
-4735.0	58	0.0
-4734.0	46	0.0
-4733.0	61	0.0
-4732.0	54	0.0
-4731.0	62	0.0
-4730.0	47	0.0
-4729.0	73	0.0
-4728.0	64	0.0
-4727.0	63	0.0
-4726.0	59	0.0
-4725.0	46	0.0
-4724.0	59	0.0
-4723.0	55	0.0
-4722.0	53	0.0
-4721.0	53	0.0
-4720.0	69	0.0
-4719.0	59	0.0
-4718.0	52	0.0
-4717.0	65	0.0
-4716.0	69	0.0
-4715.0	58	0.0
-4714.0	65	0.0
-4713.0	54	0.0
-4712.0	58	0.0
-4711.0	62	0.0
-4710.0	59	0.0
-4709.0	66	0.0
-4708.0	54	0.0
-4707.0	54	0.0
-4706.0	74	0.0
-4705.0	53	0.0
-4704.0	71	0.0
-4703.0	55	0.0
-4702.0	53	0.0
-4701.0	54	0.0
-4700.0	42	0.0
-4699.0	68	0.0
-4698.0	61	0.0
-4697.0	47	0.0
-4696.0	58	0.0
-4695.0	62	0.0
-4694.0	63	0.0
-4693.0	63	0.0
-4692.0	72	0.0
-4691.0	56	0.0
-4690.0	62	0.0
-4689.0	69	0.0
-4688.0	42	0.0
-4687.0	48	0.0
-4686.0	53	0.0
-4685.0	65	0.0
-4684.0	62	0.0
-4683.0	60	0.0
-4682.0	50	0.0
-4681.0	50	0.0
-4680.0	52	0.0
-4679.0	61	0.0
-4678.0	57	0.0
-4677.0	52	0.0
-4676.0	50	0.0
-4675.0	54	0.0
-4674.0	58	0.0
-4673.0	58	0.0
-4672.0	52	0.0
-4671.0	53	0.0
-4670.0	54	0.0
-4669.0	65	0.0
-4668.0	56	0.0
-4667.0	62	0.0
-4666.0	54	0.0
-4665.0	63	0.0
-4664.0	58	0.0
-4663.0	50	0.0
-4662.0	51	0.0
-4661.0	68	0.0
-4660.0	70	0.0
-4659.0	66	0.0
-4658.0	62	0.0
-4657.0	53	0.0
-4656.0	55	0.0
-4655.0	65	0.0
-4654.0	63	0.0
-4653.0	57	0.0
-4652.0	50	0.0
-4651.0	52	0.0
-4650.0	61	0.0
-4649.0	66	0.0
-4648.0	56	0.0
-4647.0	56	0.0
-4646.0	54	0.0
-4645.0	51	0.0
-4644.0	57	0.0
-4643.0	58	0.0
-4642.0	61	0.0
-4641.0	47	0.0
-4640.0	48	0.0
-4639.0	50	0.0
-4638.0	74	0.0
-4637.0	57	0.0
-4636.0	57	0.0
-4635.0	63	0.0
-4634.0	57	0.0
-4633.0	65	0.0
-4632.0	67	0.0
-4631.0	78	0.0
-4630.0	60	0.0
-4629.0	63	0.0
-4628.0	48	0.0
-4627.0	60	0.0
-4626.0	69	0.0
-4625.0	59	0.0
-4624.0	60	0.0
-4623.0	71	0.0
-4622.0	57	0.0
-4621.0	57	0.0
-4620.0	56	0.0
-4619.0	72	0.0
-4618.0	53	0.0
-4617.0	62	0.0
-4616.0	65	0.0
-4615.0	59	0.0
-4614.0	62	0.0
-4613.0	51	0.0
-4612.0	65	0.0
-4611.0	54	0.0
-4610.0	49	0.0
-4609.0	71	0.0
-4608.0	65	0.0
-4607.0	57	0.0
-4606.0	59	0.0
-4605.0	58	0.0
-4604.0	63	0.0
-4603.0	65	0.0
-4602.0	54	0.0
-4601.0	66	0.0
-4600.0	65	0.0
-4599.0	58	0.0
-4598.0	71	0.0
-4597.0	71	0.0
-4596.0	69	0.0
-4595.0	60	0.0
-4594.0	50	0.0
-4593.0	54	0.0
-4592.0	55	0.0
-4591.0	55	0.0
-4590.0	61	0.0
-4589.0	57	0.0
-4588.0	60	0.0
-4587.0	52	0.0
-4586.0	57	0.0
-4585.0	59	0.0
-4584.0	67	0.0
-4583.0	60	0.0
-4582.0	61	0.0
-4581.0	57	0.0
-4580.0	55	0.0
-4579.0	73	0.0
-4578.0	67	0.0
-4577.0	60	0.0
-4576.0	61	0.0
-4575.0	60	0.0
-4574.0	69	0.0
-4573.0	53	0.0
-4572.0	65	0.0
-4571.0	73	0.0
-4570.0	69	0.0
-4569.0	47	0.0
-4568.0	61	0.0
-4567.0	62	0.0
-4566.0	63	0.0
-4565.0	59	0.0
-4564.0	54	0.0
-4563.0	76	0.0
-4562.0	51	0.0
-4561.0	55	0.0
-4560.0	64	0.0
-4559.0	52	0.0
-4558.0	69	0.0
-4557.0	60	0.0
-4556.0	70	0.0
-4555.0	50	0.0
-4554.0	61	0.0
-4553.0	54	0.0
-4552.0	63	0.0
-4551.0	48	0.0
-4550.0	36	0.0
-4549.0	64	0.0
-4548.0	59	0.0
-4547.0	61	0.0
-4546.0	56	0.0
-4545.0	61	0.0
-4544.0	67	0.0
-4543.0	57	0.0
-4542.0	62	0.0
-4541.0	68	0.0
-4540.0	52	0.0
-4539.0	68	0.0
-4538.0	60	0.0
-4537.0	57	0.0
-4536.0	60	0.0
-4535.0	67	0.0
-4534.0	46	0.0
-4533.0	58	0.0
-4532.0	76	0.0
-4531.0	51	0.0
-4530.0	55	0.0
-4529.0	65	0.0
-4528.0	82	0.0
-4527.0	60	0.0
-4526.0	69	0.0
-4525.0	50	0.0
-4524.0	61	0.0
-4523.0	54	0.0
-4522.0	76	0.0
-4521.0	69	0.0
-4520.0	54	0.0
-4519.0	47	0.0
-4518.0	52	0.0
-4517.0	50	0.0
-4516.0	64	0.0
-4515.0	51	0.0
-4514.0	62	0.0
-4513.0	53	0.0
-4512.0	52	0.0
-4511.0	65	0.0
-4510.0	64	0.0
-4509.0	59	0.0
-4508.0	62	0.0
-4507.0	59	0.0
-4506.0	64	0.0
-4505.0	64	0.0
-4504.0	52	0.0
-4503.0	75	0.0
-4502.0	50	0.0
-4501.0	43	0.0
-4500.0	52	0.0
-4499.0	63	0.0
-4498.0	68	0.0
-4497.0	67	0.0
-4496.0	59	0.0
-4495.0	58	0.0
-4494.0	54	0.0
-4493.0	66	0.0
-4492.0	53	0.0
-4491.0	68	0.0
-4490.0	63	0.0
-4489.0	53	0.0
-4488.0	57	0.0
-4487.0	47	0.0
-4486.0	80	0.0
-4485.0	59	0.0
-4484.0	68	0.0
-4483.0	66	0.0
-4482.0	60	0.0
-4481.0	61	0.0
-4480.0	55	0.0
-4479.0	72	0.0
-4478.0	49	0.0
-4477.0	52	0.0
-4476.0	62	0.0
-4475.0	52	0.0
-4474.0	57	0.0
-4473.0	78	0.0
-4472.0	67	0.0
-4471.0	61	0.0
-4470.0	68	0.0
-4469.0	61	0.0
-4468.0	56	0.0
-4467.0	43	0.0
-4466.0	60	0.0
-4465.0	60	0.0
-4464.0	56	0.0
-4463.0	52	0.0
-4462.0	53	0.0
-4461.0	73	0.0
-4460.0	64	0.0
-4459.0	72	0.0
-4458.0	67	0.0
-4457.0	72	0.0
-4456.0	55	0.0
-4455.0	53	0.0
-4454.0	59	0.0
-4453.0	53	0.0
-4452.0	63	0.0
-4451.0	66	0.0
-4450.0	56	0.0
-4449.0	54	0.0
-4448.0	75	0.0
-4447.0	58	0.0
-4446.0	64	0.0
-4445.0	50	0.0
-4444.0	67	0.0
-4443.0	63	0.0
-4442.0	55	0.0
-4441.0	60	0.0
-4440.0	65	0.0
-4439.0	56	0.0
-4438.0	60	0.0
-4437.0	49	0.0
-4436.0	54	0.0
-4435.0	75	0.0
-4434.0	77	0.0
-4433.0	61	0.0
-4432.0	68	0.0
-4431.0	55	0.0
-4430.0	57	0.0
-4429.0	54	0.0
-4428.0	55	0.0
-4427.0	64	0.0
-4426.0	64	0.0
-4425.0	64	0.0
-4424.0	58	0.0
-4423.0	57	0.0
-4422.0	57	0.0
-4421.0	71	0.0
-4420.0	52	0.0
-4419.0	74	0.0
-4418.0	64	0.0
-4417.0	65	0.0
-4416.0	59	0.0
-4415.0	73	0.0
-4414.0	62	0.0
-4413.0	65	0.0
-4412.0	55	0.0
-4411.0	64	0.0
-4410.0	52	0.0
-4409.0	59	0.0
-4408.0	54	0.0
-4407.0	63	0.0
-4406.0	65	0.0
-4405.0	48	0.0
-4404.0	64	0.0
-4403.0	77	0.0
-4402.0	54	0.0
-4401.0	48	0.0
-4400.0	61	0.0
-4399.0	61	0.0
-4398.0	54	0.0
-4397.0	67	0.0
-4396.0	56	0.0
-4395.0	59	0.0
-4394.0	70	0.0
-4393.0	64	0.0
-4392.0	63	0.0
-4391.0	54	0.0
-4390.0	65	0.0
-4389.0	60	0.0
-4388.0	55	0.0
-4387.0	52	0.0
-4386.0	68	0.0
-4385.0	51	0.0
-4384.0	63	0.0
-4383.0	64	0.0
-4382.0	57	0.0
-4381.0	55	0.0
-4380.0	55	0.0
-4379.0	59	0.0
-4378.0	64	0.0
-4377.0	50	0.0
-4376.0	51	0.0
-4375.0	67	0.0
-4374.0	63	0.0
-4373.0	51	0.0
-4372.0	60	0.0
-4371.0	60	0.0
-4370.0	46	0.0
-4369.0	62	0.0
-4368.0	58	0.0
-4367.0	61	0.0
-4366.0	70	0.0
-4365.0	54	0.0
-4364.0	60	0.0
-4363.0	71	0.0
-4362.0	67	0.0
-4361.0	55	0.0
-4360.0	62	0.0
-4359.0	58	0.0
-4358.0	66	0.0
-4357.0	62	0.0
-4356.0	58	0.0
-4355.0	67	0.0
-4354.0	66	0.0
-4353.0	56	0.0
-4352.0	42	0.0
-4351.0	54	0.0
-4350.0	60	0.0
-4349.0	64	0.0
-4348.0	70	0.0
-4347.0	64	0.0
-4346.0	76	0.0
-4345.0	69	0.0
-4344.0	57	0.0
-4343.0	52	0.0
-4342.0	52	0.0
-4341.0	55	0.0
-4340.0	51	0.0
-4339.0	63	0.0
-4338.0	71	0.0
-4337.0	49	0.0
-4336.0	59	0.0
-4335.0	49	0.0
-4334.0	48	0.0
-4333.0	58	0.0
-4332.0	50	0.0
-4331.0	57	0.0
-4330.0	61	0.0
-4329.0	63	0.0
-4328.0	59	0.0
-4327.0	70	0.0
-4326.0	61	0.0
-4325.0	65	0.0
-4324.0	67	0.0
-4323.0	54	0.0
-4322.0	81	0.0
-4321.0	59	0.0
-4320.0	53	0.0
-4319.0	58	0.0
-4318.0	57	0.0
-4317.0	73	0.0
-4316.0	53	0.0
-4315.0	58	0.0
-4314.0	59	0.0
-4313.0	59	0.0
-4312.0	71	0.0
-4311.0	53	0.0
-4310.0	50	0.0
-4309.0	62	0.0
-4308.0	68	0.0
-4307.0	52	0.0
-4306.0	53	0.0
-4305.0	77	0.0
-4304.0	54	0.0
-4303.0	57	0.0
-4302.0	59	0.0
-4301.0	55	0.0
-4300.0	53	0.0
-4299.0	76	0.0
-4298.0	57	0.0
-4297.0	59	0.0
-4296.0	52	0.0
-4295.0	60	0.0
-4294.0	38	0.0
-4293.0	65	0.0
-4292.0	60	0.0
-4291.0	60	0.0
-4290.0	56	0.0
-4289.0	62	0.0
-4288.0	73	0.0
-4287.0	61	0.0
-4286.0	64	0.0
-4285.0	57	0.0
-4284.0	56	0.0
-4283.0	55	0.0
-4282.0	57	0.0
-4281.0	72	0.0
-4280.0	51	0.0
-4279.0	52	0.0
-4278.0	53	0.0
-4277.0	65	0.0
-4276.0	64	0.0
-4275.0	51	0.0
-4274.0	55	0.0
-4273.0	69	0.0
-4272.0	61	0.0
-4271.0	66	0.0
-4270.0	42	0.0
-4269.0	51	0.0
-4268.0	49	0.0
-4267.0	65	0.0
-4266.0	64	0.0
-4265.0	44	0.0
-4264.0	44	0.0
-4263.0	65	0.0
-4262.0	57	0.0
-4261.0	56	0.0
-4260.0	51	0.0
-4259.0	67	0.0
-4258.0	50	0.0
-4257.0	55	0.0
-4256.0	68	0.0
-4255.0	50	0.0
-4254.0	59	0.0
-4253.0	57	0.0
-4252.0	57	0.0
-4251.0	63	0.0
-4250.0	50	0.0
-4249.0	57	0.0
-4248.0	49	0.0
-4247.0	57	0.0
-4246.0	49	0.0
-4245.0	70	0.0
-4244.0	55	0.0
-4243.0	63	0.0
-4242.0	56	0.0
-4241.0	68	0.0
-4240.0	57	0.0
-4239.0	62	0.0
-4238.0	77	0.0
-4237.0	58	0.0
-4236.0	65	0.0
-4235.0	50	0.0
-4234.0	63	0.0
-4233.0	75	0.0
-4232.0	64	0.0
-4231.0	57	0.0
-4230.0	54	0.0
-4229.0	56	0.0
-4228.0	66	0.0
-4227.0	52	0.0
-4226.0	52	0.0
-4225.0	64	0.0
-4224.0	56	0.0
-4223.0	53	0.0
-4222.0	53	0.0
-4221.0	69	0.0
-4220.0	62	0.0
-4219.0	69	0.0
-4218.0	55	0.0
-4217.0	57	0.0
-4216.0	58	0.0
-4215.0	61	0.0
-4214.0	59	0.0
-4213.0	50	0.0
-4212.0	61	0.0
-4211.0	73	0.0
-4210.0	64	0.0
-4209.0	61	0.0
-4208.0	70	0.0
-4207.0	59	0.0
-4206.0	53	0.0
-4205.0	54	0.0
-4204.0	59	0.0
-4203.0	56	0.0
-4202.0	59	0.0
-4201.0	60	0.0
-4200.0	62	0.0
-4199.0	54	0.0
-4198.0	77	0.0
-4197.0	50	0.0
-4196.0	81	0.0
-4195.0	53	0.0
-4194.0	64	0.0
-4193.0	53	0.0
-4192.0	58	0.0
-4191.0	69	0.0
-4190.0	63	0.0
-4189.0	52	0.0
-4188.0	53	0.0
-4187.0	52	0.0
-4186.0	55	0.0
-4185.0	59	0.0
-4184.0	64	0.0
-4183.0	53	0.0
-4182.0	54	0.0
-4181.0	62	0.0
-4180.0	54	0.0
-4179.0	54	0.0
-4178.0	60	0.0
-4177.0	53	0.0
-4176.0	56	0.0
-4175.0	65	0.0
-4174.0	61	0.0
-4173.0	55	0.0
-4172.0	52	0.0
-4171.0	64	0.0
-4170.0	58	0.0
-4169.0	53	0.0
-4168.0	57	0.0
-4167.0	60	0.0
-4166.0	64	0.0
-4165.0	58	0.0
-4164.0	56	0.0
-4163.0	52	0.0
-4162.0	68	0.0
-4161.0	65	0.0
-4160.0	68	0.0
-4159.0	65	0.0
-4158.0	65	0.0
-4157.0	47	0.0
-4156.0	73	0.0
-4155.0	56	0.0
-4154.0	56	0.0
-4153.0	53	0.0
-4152.0	64	0.0
-4151.0	58	0.0
-4150.0	54	0.0
-4149.0	53	0.0
-4148.0	62	0.0
-4147.0	53	0.0
-4146.0	66	0.0
-4145.0	46	0.0
-4144.0	71	0.0
-4143.0	53	0.0
-4142.0	74	0.0
-4141.0	50	0.0
-4140.0	74	0.0
-4139.0	57	0.0
-4138.0	71	0.0
-4137.0	59	0.0
-4136.0	52	0.0
-4135.0	55	0.0
-4134.0	47	0.0
-4133.0	63	0.0
-4132.0	56	0.0
-4131.0	50	0.0
-4130.0	48	0.0
-4129.0	58	0.0
-4128.0	64	0.0
-4127.0	66	0.0
-4126.0	61	0.0
-4125.0	63	0.0
-4124.0	51	0.0
-4123.0	74	0.0
-4122.0	62	0.0
-4121.0	62	0.0
-4120.0	41	0.0
-4119.0	58	0.0
-4118.0	54	0.0
-4117.0	44	0.0
-4116.0	54	0.0
-4115.0	63	0.0
-4114.0	71	0.0
-4113.0	59	0.0
-4112.0	76	0.0
-4111.0	46	0.0
-4110.0	56	0.0
-4109.0	58	0.0
-4108.0	55	0.0
-4107.0	60	0.0
-4106.0	64	0.0
-4105.0	69	0.0
-4104.0	61	0.0
-4103.0	59	0.0
-4102.0	72	0.0
-4101.0	46	0.0
-4100.0	56	0.0
-4099.0	65	0.0
-4098.0	63	0.0
-4097.0	54	0.0
-4096.0	53	0.0
-4095.0	64	0.0
-4094.0	47	0.0
-4093.0	54	0.0
-4092.0	54	0.0
-4091.0	72	0.0
-4090.0	70	0.0
-4089.0	57	0.0
-4088.0	53	0.0
-4087.0	62	0.0
-4086.0	58	0.0
-4085.0	67	0.0
-4084.0	66	0.0
-4083.0	57	0.0
-4082.0	52	0.0
-4081.0	62	0.0
-4080.0	55	0.0
-4079.0	76	0.0
-4078.0	75	0.0
-4077.0	56	0.0
-4076.0	56	0.0
-4075.0	40	0.0
-4074.0	55	0.0
-4073.0	67	0.0
-4072.0	56	0.0
-4071.0	64	0.0
-4070.0	46	0.0
-4069.0	54	0.0
-4068.0	65	0.0
-4067.0	59	0.0
-4066.0	59	0.0
-4065.0	40	0.0
-4064.0	53	0.0
-4063.0	72	0.0
-4062.0	57	0.0
-4061.0	58	0.0
-4060.0	53	0.0
-4059.0	59	0.0
-4058.0	57	0.0
-4057.0	50	0.0
-4056.0	63	0.0
-4055.0	54	0.0
-4054.0	53	0.0
-4053.0	54	0.0
-4052.0	56	0.0
-4051.0	72	0.0
-4050.0	61	0.0
-4049.0	69	0.0
-4048.0	55	0.0
-4047.0	64	0.0
-4046.0	55	0.0
-4045.0	56	0.0
-4044.0	64	0.0
-4043.0	74	0.0
-4042.0	72	0.0
-4041.0	68	0.0
-4040.0	71	0.0
-4039.0	54	0.0
-4038.0	48	0.0
-4037.0	59	0.0
-4036.0	72	0.0
-4035.0	74	0.0
-4034.0	63	0.0
-4033.0	63	0.0
-4032.0	40	0.0
-4031.0	57	0.0
-4030.0	57	0.0
-4029.0	63	0.0
-4028.0	57	0.0
-4027.0	56	0.0
-4026.0	70	0.0
-4025.0	51	0.0
-4024.0	44	0.0
-4023.0	60	0.0
-4022.0	60	0.0
-4021.0	55	0.0
-4020.0	73	0.0
-4019.0	55	0.0
-4018.0	57	0.0
-4017.0	64	0.0
-4016.0	59	0.0
-4015.0	79	0.0
-4014.0	60	0.0
-4013.0	60	0.0
-4012.0	46	0.0
-4011.0	74	0.0
-4010.0	48	0.0
-4009.0	56	0.0
-4008.0	80	0.0
-4007.0	56	0.0
-4006.0	65	0.0
-4005.0	67	0.0
-4004.0	68	0.0
-4003.0	57	0.0
-4002.0	45	0.0
-4001.0	44	0.0
-4000.0	50	0.0
-3999.0	60	0.0
-3998.0	64	0.0
-3997.0	64	0.0
-3996.0	53	0.0
-3995.0	57	0.0
-3994.0	59	0.0
-3993.0	67	0.0
-3992.0	55	0.0
-3991.0	51	0.0
-3990.0	62	0.0
-3989.0	53	0.0
-3988.0	64	0.0
-3987.0	53	0.0
-3986.0	45	0.0
-3985.0	68	0.0
-3984.0	57	0.0
-3983.0	54	0.0
-3982.0	55	0.0
-3981.0	70	0.0
-3980.0	51	0.0
-3979.0	49	0.0
-3978.0	61	0.0
-3977.0	58	0.0
-3976.0	51	0.0
-3975.0	65	0.0
-3974.0	72	0.0
-3973.0	59	0.0
-3972.0	69	0.0
-3971.0	65	0.0
-3970.0	67	0.0
-3969.0	55	0.0
-3968.0	59	0.0
-3967.0	64	0.0
-3966.0	61	0.0
-3965.0	63	0.0
-3964.0	62	0.0
-3963.0	68	0.0
-3962.0	64	0.0
-3961.0	62	0.0
-3960.0	51	0.0
-3959.0	44	0.0
-3958.0	59	0.0
-3957.0	57	0.0
-3956.0	46	0.0
-3955.0	48	0.0
-3954.0	54	0.0
-3953.0	57	0.0
-3952.0	57	0.0
-3951.0	65	0.0
-3950.0	44	0.0
-3949.0	56	0.0
-3948.0	48	0.0
-3947.0	52	0.0
-3946.0	66	0.0
-3945.0	64	0.0
-3944.0	64	0.0
-3943.0	71	0.0
-3942.0	47	0.0
-3941.0	70	0.0
-3940.0	76	0.0
-3939.0	68	0.0
-3938.0	62	0.0
-3937.0	58	0.0
-3936.0	52	0.0
-3935.0	61	0.0
-3934.0	65	0.0
-3933.0	61	0.0
-3932.0	57	0.0
-3931.0	60	0.0
-3930.0	51	0.0
-3929.0	54	0.0
-3928.0	56	0.0
-3927.0	75	0.0
-3926.0	38	0.0
-3925.0	48	0.0
-3924.0	66	0.0
-3923.0	52	0.0
-3922.0	63	0.0
-3921.0	52	0.0
-3920.0	63	0.0
-3919.0	59	0.0
-3918.0	52	0.0
-3917.0	51	0.0
-3916.0	63	0.0
-3915.0	72	0.0
-3914.0	62	0.0
-3913.0	60	0.0
-3912.0	69	0.0
-3911.0	63	0.0
-3910.0	68	0.0
-3909.0	52	0.0
-3908.0	60	0.0
-3907.0	68	0.0
-3906.0	63	0.0
-3905.0	66	0.0
-3904.0	53	0.0
-3903.0	59	0.0
-3902.0	64	0.0
-3901.0	60	0.0
-3900.0	57	0.0
-3899.0	69	0.0
-3898.0	47	0.0
-3897.0	52	0.0
-3896.0	59	0.0
-3895.0	66	0.0
-3894.0	64	0.0
-3893.0	55	0.0
-3892.0	57	0.0
-3891.0	59	0.0
-3890.0	59	0.0
-3889.0	57	0.0
-3888.0	59	0.0
-3887.0	64	0.0
-3886.0	59	0.0
-3885.0	55	0.0
-3884.0	65	0.0
-3883.0	52	0.0
-3882.0	57	0.0
-3881.0	66	0.0
-3880.0	51	0.0
-3879.0	69	0.0
-3878.0	52	0.0
-3877.0	65	0.0
-3876.0	75	0.0
-3875.0	54	0.0
-3874.0	61	0.0
-3873.0	61	0.0
-3872.0	55	0.0
-3871.0	57	0.0
-3870.0	69	0.0
-3869.0	59	0.0
-3868.0	57	0.0
-3867.0	62	0.0
-3866.0	57	0.0
-3865.0	49	0.0
-3864.0	56	0.0
-3863.0	59	0.0
-3862.0	48	0.0
-3861.0	71	0.0
-3860.0	53	0.0
-3859.0	54	0.0
-3858.0	53	0.0
-3857.0	65	0.0
-3856.0	65	0.0
-3855.0	69	0.0
-3854.0	61	0.0
-3853.0	67	0.0
-3852.0	50	0.0
-3851.0	63	0.0
-3850.0	57	0.0
-3849.0	60	0.0
-3848.0	63	0.0
-3847.0	59	0.0
-3846.0	65	0.0
-3845.0	71	0.0
-3844.0	56	0.0
-3843.0	50	0.0
-3842.0	51	0.0
-3841.0	57	0.0
-3840.0	52	0.0
-3839.0	57	0.0
-3838.0	69	0.0
-3837.0	45	0.0
-3836.0	53	0.0
-3835.0	47	0.0
-3834.0	63	0.0
-3833.0	63	0.0
-3832.0	64	0.0
-3831.0	52	0.0
-3830.0	44	0.0
-3829.0	67	0.0
-3828.0	63	0.0
-3827.0	63	0.0
-3826.0	56	0.0
-3825.0	70	0.0
-3824.0	57	0.0
-3823.0	62	0.0
-3822.0	66	0.0
-3821.0	55	0.0
-3820.0	60	0.0
-3819.0	62	0.0
-3818.0	61	0.0
-3817.0	57	0.0
-3816.0	49	0.0
-3815.0	57	0.0
-3814.0	50	0.0
-3813.0	72	0.0
-3812.0	57	0.0
-3811.0	49	0.0
-3810.0	54	0.0
-3809.0	64	0.0
-3808.0	71	0.0
-3807.0	81	0.0
-3806.0	49	0.0
-3805.0	69	0.0
-3804.0	78	0.0
-3803.0	50	0.0
-3802.0	43	0.0
-3801.0	47	0.0
-3800.0	60	0.0
-3799.0	50	0.0
-3798.0	56	0.0
-3797.0	54	0.0
-3796.0	65	0.0
-3795.0	63	0.0
-3794.0	54	0.0
-3793.0	60	0.0
-3792.0	60	0.0
-3791.0	59	0.0
-3790.0	48	0.0
-3789.0	65	0.0
-3788.0	59	0.0
-3787.0	71	0.0
-3786.0	53	0.0
-3785.0	46	0.0
-3784.0	63	0.0
-3783.0	66	0.0
-3782.0	52	0.0
-3781.0	48	0.0
-3780.0	54	0.0
-3779.0	71	0.0
-3778.0	46	0.0
-3777.0	50	0.0
-3776.0	52	0.0
-3775.0	49	0.0
-3774.0	63	0.0
-3773.0	60	0.0
-3772.0	63	0.0
-3771.0	71	0.0
-3770.0	56	0.0
-3769.0	62	0.0
-3768.0	61	0.0
-3767.0	63	0.0
-3766.0	50	0.0
-3765.0	65	0.0
-3764.0	41	0.0
-3763.0	68	0.0
-3762.0	61	0.0
-3761.0	59	0.0
-3760.0	54	0.0
-3759.0	51	0.0
-3758.0	55	0.0
-3757.0	49	0.0
-3756.0	46	0.0
-3755.0	64	0.0
-3754.0	63	0.0
-3753.0	66	0.0
-3752.0	50	0.0
-3751.0	51	0.0
-3750.0	41	0.0
-3749.0	55	0.0
-3748.0	56	0.0
-3747.0	56	0.0
-3746.0	58	0.0
-3745.0	63	0.0
-3744.0	68	0.0
-3743.0	59	0.0
-3742.0	47	0.0
-3741.0	55	0.0
-3740.0	53	0.0
-3739.0	62	0.0
-3738.0	68	0.0
-3737.0	70	0.0
-3736.0	60	0.0
-3735.0	48	0.0
-3734.0	63	0.0
-3733.0	54	0.0
-3732.0	58	0.0
-3731.0	52	0.0
-3730.0	67	0.0
-3729.0	51	0.0
-3728.0	63	0.0
-3727.0	60	0.0
-3726.0	72	0.0
-3725.0	67	0.0
-3724.0	58	0.0
-3723.0	51	0.0
-3722.0	66	0.0
-3721.0	71	0.0
-3720.0	37	0.0
-3719.0	52	0.0
-3718.0	62	0.0
-3717.0	55	0.0
-3716.0	43	0.0
-3715.0	68	0.0
-3714.0	54	0.0
-3713.0	59	0.0
-3712.0	71	0.0
-3711.0	62	0.0
-3710.0	44	0.0
-3709.0	64	0.0
-3708.0	63	0.0
-3707.0	58	0.0
-3706.0	57	0.0
-3705.0	64	0.0
-3704.0	74	0.0
-3703.0	56	0.0
-3702.0	72	0.0
-3701.0	73	0.0
-3700.0	73	0.0
-3699.0	56	0.0
-3698.0	77	0.0
-3697.0	55	0.0
-3696.0	52	0.0
-3695.0	52	0.0
-3694.0	54	0.0
-3693.0	73	0.0
-3692.0	57	0.0
-3691.0	57	0.0
-3690.0	57	0.0
-3689.0	44	0.0
-3688.0	71	0.0
-3687.0	65	0.0
-3686.0	56	0.0
-3685.0	49	0.0
-3684.0	62	0.0
-3683.0	54	0.0
-3682.0	67	0.0
-3681.0	43	0.0
-3680.0	55	0.0
-3679.0	57	0.0
-3678.0	62	0.0
-3677.0	56	0.0
-3676.0	63	0.0
-3675.0	58	0.0
-3674.0	48	0.0
-3673.0	71	0.0
-3672.0	79	0.0
-3671.0	68	0.0
-3670.0	66	0.0
-3669.0	63	0.0
-3668.0	53	0.0
-3667.0	75	0.0
-3666.0	63	0.0
-3665.0	67	0.0
-3664.0	56	0.0
-3663.0	57	0.0
-3662.0	71	0.0
-3661.0	56	0.0
-3660.0	53	0.0
-3659.0	67	0.0
-3658.0	65	0.0
-3657.0	53	0.0
-3656.0	62	0.0
-3655.0	49	0.0
-3654.0	50	0.0
-3653.0	75	0.0
-3652.0	70	0.0
-3651.0	58	0.0
-3650.0	52	0.0
-3649.0	59	0.0
-3648.0	56	0.0
-3647.0	57	0.0
-3646.0	66	0.0
-3645.0	57	0.0
-3644.0	53	0.0
-3643.0	70	0.0
-3642.0	53	0.0
-3641.0	56	0.0
-3640.0	53	0.0
-3639.0	51	0.0
-3638.0	63	0.0
-3637.0	53	0.0
-3636.0	56	0.0
-3635.0	56	0.0
-3634.0	56	0.0
-3633.0	60	0.0
-3632.0	63	0.0
-3631.0	64	0.0
-3630.0	63	0.0
-3629.0	54	0.0
-3628.0	60	0.0
-3627.0	71	0.0
-3626.0	57	0.0
-3625.0	51	0.0
-3624.0	71	0.0
-3623.0	64	0.0
-3622.0	40	0.0
-3621.0	65	0.0
-3620.0	50	0.0
-3619.0	59	0.0
-3618.0	60	0.0
-3617.0	62	0.0
-3616.0	58	0.0
-3615.0	49	0.0
-3614.0	64	0.0
-3613.0	66	0.0
-3612.0	55	0.0
-3611.0	68	0.0
-3610.0	50	0.0
-3609.0	71	0.0
-3608.0	59	0.0
-3607.0	62	0.0
-3606.0	52	0.0
-3605.0	48	0.0
-3604.0	66	0.0
-3603.0	48	0.0
-3602.0	55	0.0
-3601.0	57	0.0
-3600.0	58	0.0
-3599.0	54	0.0
-3598.0	59	0.0
-3597.0	65	0.0
-3596.0	68	0.0
-3595.0	70	0.0
-3594.0	63	0.0
-3593.0	53	0.0
-3592.0	63	0.0
-3591.0	54	0.0
-3590.0	35	0.0
-3589.0	62	0.0
-3588.0	64	0.0
-3587.0	74	0.0
-3586.0	64	0.0
-3585.0	64	0.0
-3584.0	47	0.0
-3583.0	67	0.0
-3582.0	63	0.0
-3581.0	51	0.0
-3580.0	60	0.0
-3579.0	54	0.0
-3578.0	55	0.0
-3577.0	54	0.0
-3576.0	61	0.0
-3575.0	58	0.0
-3574.0	70	0.0
-3573.0	54	0.0
-3572.0	65	0.0
-3571.0	42	0.0
-3570.0	52	0.0
-3569.0	69	0.0
-3568.0	55	0.0
-3567.0	40	0.0
-3566.0	49	0.0
-3565.0	58	0.0
-3564.0	65	0.0
-3563.0	61	0.0
-3562.0	50	0.0
-3561.0	67	0.0
-3560.0	54	0.0
-3559.0	61	0.0
-3558.0	53	0.0
-3557.0	56	0.0
-3556.0	47	0.0
-3555.0	68	0.0
-3554.0	65	0.0
-3553.0	53	0.0
-3552.0	67	0.0
-3551.0	60	0.0
-3550.0	70	0.0
-3549.0	58	0.0
-3548.0	55	0.0
-3547.0	50	0.0
-3546.0	65	0.0
-3545.0	58	0.0
-3544.0	56	0.0
-3543.0	48	0.0
-3542.0	71	0.0
-3541.0	53	0.0
-3540.0	57	0.0
-3539.0	68	0.0
-3538.0	66	0.0
-3537.0	53	0.0
-3536.0	63	0.0
-3535.0	61	0.0
-3534.0	62	0.0
-3533.0	67	0.0
-3532.0	46	0.0
-3531.0	55	0.0
-3530.0	65	0.0
-3529.0	51	0.0
-3528.0	49	0.0
-3527.0	63	0.0
-3526.0	67	0.0
-3525.0	65	0.0
-3524.0	53	0.0
-3523.0	60	0.0
-3522.0	66	0.0
-3521.0	49	0.0
-3520.0	72	0.0
-3519.0	74	0.0
-3518.0	42	0.0
-3517.0	58	0.0
-3516.0	66	0.0
-3515.0	61	0.0
-3514.0	61	0.0
-3513.0	67	0.0
-3512.0	40	0.0
-3511.0	60	0.0
-3510.0	66	0.0
-3509.0	61	0.0
-3508.0	63	0.0
-3507.0	61	0.0
-3506.0	63	0.0
-3505.0	74	0.0
-3504.0	48	0.0
-3503.0	56	0.0
-3502.0	58	0.0
-3501.0	54	0.0
-3500.0	68	0.0
-3499.0	42	0.0
-3498.0	80	0.0
-3497.0	55	0.0
-3496.0	56	0.0
-3495.0	57	0.0
-3494.0	60	0.0
-3493.0	65	0.0
-3492.0	64	0.0
-3491.0	53	0.0
-3490.0	57	0.0
-3489.0	70	0.0
-3488.0	64	0.0
-3487.0	61	0.0
-3486.0	50	0.0
-3485.0	65	0.0
-3484.0	60	0.0
-3483.0	44	0.0
-3482.0	51	0.0
-3481.0	53	0.0
-3480.0	49	0.0
-3479.0	63	0.0
-3478.0	44	0.0
-3477.0	61	0.0
-3476.0	41	0.0
-3475.0	61	0.0
-3474.0	54	0.0
-3473.0	46	0.0
-3472.0	77	0.0
-3471.0	47	0.0
-3470.0	43	0.0
-3469.0	55	0.0
-3468.0	53	0.0
-3467.0	60	0.0
-3466.0	56	0.0
-3465.0	54	0.0
-3464.0	54	0.0
-3463.0	61	0.0
-3462.0	53	0.0
-3461.0	64	0.0
-3460.0	66	0.0
-3459.0	59	0.0
-3458.0	59	0.0
-3457.0	59	0.0
-3456.0	64	0.0
-3455.0	66	0.0
-3454.0	58	0.0
-3453.0	71	0.0
-3452.0	50	0.0
-3451.0	51	0.0
-3450.0	66	0.0
-3449.0	56	0.0
-3448.0	59	0.0
-3447.0	66	0.0
-3446.0	69	0.0
-3445.0	60	0.0
-3444.0	58	0.0
-3443.0	52	0.0
-3442.0	71	0.0
-3441.0	68	0.0
-3440.0	43	0.0
-3439.0	67	0.0
-3438.0	63	0.0
-3437.0	62	0.0
-3436.0	65	0.0
-3435.0	68	0.0
-3434.0	60	0.0
-3433.0	56	0.0
-3432.0	64	0.0
-3431.0	60	0.0
-3430.0	41	0.0
-3429.0	59	0.0
-3428.0	54	0.0
-3427.0	59	0.0
-3426.0	41	0.0
-3425.0	55	0.0
-3424.0	50	0.0
-3423.0	58	0.0
-3422.0	58	0.0
-3421.0	43	0.0
-3420.0	53	0.0
-3419.0	68	0.0
-3418.0	56	0.0
-3417.0	54	0.0
-3416.0	58	0.0
-3415.0	58	0.0
-3414.0	43	0.0
-3413.0	52	0.0
-3412.0	62	0.0
-3411.0	63	0.0
-3410.0	58	0.0
-3409.0	71	0.0
-3408.0	60	0.0
-3407.0	58	0.0
-3406.0	56	0.0
-3405.0	61	0.0
-3404.0	61	0.0
-3403.0	52	0.0
-3402.0	65	0.0
-3401.0	61	0.0
-3400.0	52	0.0
-3399.0	63	0.0
-3398.0	63	0.0
-3397.0	64	0.0
-3396.0	47	0.0
-3395.0	49	0.0
-3394.0	61	0.0
-3393.0	70	0.0
-3392.0	57	0.0
-3391.0	51	0.0
-3390.0	59	0.0
-3389.0	58	0.0
-3388.0	66	0.0
-3387.0	71	0.0
-3386.0	57	0.0
-3385.0	57	0.0
-3384.0	74	0.0
-3383.0	61	0.0
-3382.0	62	0.0
-3381.0	53	0.0
-3380.0	50	0.0
-3379.0	67	0.0
-3378.0	70	0.0
-3377.0	48	0.0
-3376.0	57	0.0
-3375.0	58	0.0
-3374.0	50	0.0
-3373.0	53	0.0
-3372.0	46	0.0
-3371.0	77	0.0
-3370.0	57	0.0
-3369.0	81	0.0
-3368.0	66	0.0
-3367.0	44	0.0
-3366.0	68	0.0
-3365.0	55	0.0
-3364.0	67	0.0
-3363.0	70	0.0
-3362.0	57	0.0
-3361.0	65	0.0
-3360.0	56	0.0
-3359.0	59	0.0
-3358.0	53	0.0
-3357.0	55	0.0
-3356.0	63	0.0
-3355.0	46	0.0
-3354.0	64	0.0
-3353.0	52	0.0
-3352.0	61	0.0
-3351.0	58	0.0
-3350.0	64	0.0
-3349.0	37	0.0
-3348.0	60	0.0
-3347.0	55	0.0
-3346.0	76	0.0
-3345.0	57	0.0
-3344.0	76	0.0
-3343.0	54	0.0
-3342.0	67	0.0
-3341.0	61	0.0
-3340.0	58	0.0
-3339.0	68	0.0
-3338.0	61	0.0
-3337.0	50	0.0
-3336.0	59	0.0
-3335.0	76	0.0
-3334.0	57	0.0
-3333.0	63	0.0
-3332.0	60	0.0
-3331.0	60	0.0
-3330.0	60	0.0
-3329.0	53	0.0
-3328.0	60	0.0
-3327.0	56	0.0
-3326.0	50	0.0
-3325.0	56	0.0
-3324.0	59	0.0
-3323.0	79	0.0
-3322.0	73	0.0
-3321.0	56	0.0
-3320.0	62	0.0
-3319.0	48	0.0
-3318.0	53	0.0
-3317.0	63	0.0
-3316.0	77	0.0
-3315.0	56	0.0
-3314.0	63	0.0
-3313.0	59	0.0
-3312.0	48	0.0
-3311.0	77	0.0
-3310.0	51	0.0
-3309.0	51	0.0
-3308.0	61	0.0
-3307.0	71	0.0
-3306.0	49	0.0
-3305.0	60	0.0
-3304.0	44	0.0
-3303.0	72	0.0
-3302.0	65	0.0
-3301.0	59	0.0
-3300.0	54	0.0
-3299.0	60	0.0
-3298.0	47	0.0
-3297.0	65	0.0
-3296.0	53	0.0
-3295.0	65	0.0
-3294.0	64	0.0
-3293.0	57	0.0
-3292.0	59	0.0
-3291.0	58	0.0
-3290.0	61	0.0
-3289.0	48	0.0
-3288.0	70	0.0
-3287.0	56	0.0
-3286.0	66	0.0
-3285.0	60	0.0
-3284.0	50	0.0
-3283.0	52	0.0
-3282.0	65	0.0
-3281.0	68	0.0
-3280.0	59	0.0
-3279.0	60	0.0
-3278.0	56	0.0
-3277.0	60	0.0
-3276.0	47	0.0
-3275.0	63	0.0
-3274.0	59	0.0
-3273.0	50	0.0
-3272.0	68	0.0
-3271.0	60	0.0
-3270.0	62	0.0
-3269.0	50	0.0
-3268.0	71	0.0
-3267.0	52	0.0
-3266.0	51	0.0
-3265.0	57	0.0
-3264.0	46	0.0
-3263.0	73	0.0
-3262.0	67	0.0
-3261.0	49	0.0
-3260.0	66	0.0
-3259.0	53	0.0
-3258.0	63	0.0
-3257.0	56	0.0
-3256.0	54	0.0
-3255.0	48	0.0
-3254.0	61	0.0
-3253.0	70	0.0
-3252.0	54	0.0
-3251.0	57	0.0
-3250.0	57	0.0
-3249.0	57	0.0
-3248.0	72	0.0
-3247.0	60	0.0
-3246.0	69	0.0
-3245.0	55	0.0
-3244.0	70	0.0
-3243.0	50	0.0
-3242.0	54	0.0
-3241.0	56	0.0
-3240.0	55	0.0
-3239.0	58	0.0
-3238.0	56	0.0
-3237.0	51	0.0
-3236.0	53	0.0
-3235.0	53	0.0
-3234.0	68	0.0
-3233.0	67	0.0
-3232.0	51	0.0
-3231.0	59	0.0
-3230.0	54	0.0
-3229.0	46	0.0
-3228.0	68	0.0
-3227.0	68	0.0
-3226.0	62	0.0
-3225.0	57	0.0
-3224.0	67	0.0
-3223.0	54	0.0
-3222.0	52	0.0
-3221.0	62	0.0
-3220.0	67	0.0
-3219.0	74	0.0
-3218.0	54	0.0
-3217.0	69	0.0
-3216.0	62	0.0
-3215.0	65	0.0
-3214.0	64	0.0
-3213.0	53	0.0
-3212.0	61	0.0
-3211.0	47	0.0
-3210.0	63	0.0
-3209.0	63	0.0
-3208.0	63	0.0
-3207.0	50	0.0
-3206.0	62	0.0
-3205.0	48	0.0
-3204.0	56	0.0
-3203.0	50	0.0
-3202.0	65	0.0
-3201.0	61	0.0
-3200.0	60	0.0
-3199.0	65	0.0
-3198.0	56	0.0
-3197.0	54	0.0
-3196.0	61	0.0
-3195.0	52	0.0
-3194.0	61	0.0
-3193.0	53	0.0
-3192.0	69	0.0
-3191.0	50	0.0
-3190.0	46	0.0
-3189.0	59	0.0
-3188.0	63	0.0
-3187.0	56	0.0
-3186.0	59	0.0
-3185.0	52	0.0
-3184.0	59	0.0
-3183.0	48	0.0
-3182.0	58	0.0
-3181.0	57	0.0
-3180.0	66	0.0
-3179.0	61	0.0
-3178.0	50	0.0
-3177.0	64	0.0
-3176.0	47	0.0
-3175.0	57	0.0
-3174.0	59	0.0
-3173.0	54	0.0
-3172.0	60	0.0
-3171.0	59	0.0
-3170.0	64	0.0
-3169.0	76	0.0
-3168.0	53	0.0
-3167.0	71	0.0
-3166.0	56	0.0
-3165.0	60	0.0
-3164.0	56	0.0
-3163.0	63	0.0
-3162.0	57	0.0
-3161.0	50	0.0
-3160.0	52	0.0
-3159.0	58	0.0
-3158.0	57	0.0
-3157.0	55	0.0
-3156.0	63	0.0
-3155.0	64	0.0
-3154.0	62	0.0
-3153.0	51	0.0
-3152.0	69	0.0
-3151.0	53	0.0
-3150.0	51	0.0
-3149.0	58	0.0
-3148.0	64	0.0
-3147.0	61	0.0
-3146.0	55	0.0
-3145.0	57	0.0
-3144.0	56	0.0
-3143.0	63	0.0
-3142.0	64	0.0
-3141.0	53	0.0
-3140.0	41	0.0
-3139.0	65	0.0
-3138.0	58	0.0
-3137.0	46	0.0
-3136.0	48	0.0
-3135.0	63	0.0
-3134.0	53	0.0
-3133.0	64	0.0
-3132.0	66	0.0
-3131.0	58	0.0
-3130.0	56	0.0
-3129.0	70	0.0
-3128.0	59	0.0
-3127.0	53	0.0
-3126.0	56	0.0
-3125.0	61	0.0
-3124.0	58	0.0
-3123.0	67	0.0
-3122.0	65	0.0
-3121.0	77	0.0
-3120.0	51	0.0
-3119.0	46	0.0
-3118.0	61	0.0
-3117.0	70	0.0
-3116.0	70	0.0
-3115.0	59	0.0
-3114.0	51	0.0
-3113.0	46	0.0
-3112.0	60	0.0
-3111.0	66	0.0
-3110.0	61	0.0
-3109.0	49	0.0
-3108.0	49	0.0
-3107.0	52	0.0
-3106.0	64	0.0
-3105.0	61	0.0
-3104.0	57	0.0
-3103.0	76	0.0
-3102.0	53	0.0
-3101.0	52	0.0
-3100.0	69	0.0
-3099.0	50	0.0
-3098.0	70	0.0
-3097.0	70	0.0
-3096.0	48	0.0
-3095.0	52	0.0
-3094.0	53	0.0
-3093.0	78	0.0
-3092.0	59	0.0
-3091.0	75	0.0
-3090.0	42	0.0
-3089.0	56	0.0
-3088.0	64	0.0
-3087.0	77	0.0
-3086.0	57	0.0
-3085.0	52	0.0
-3084.0	60	0.0
-3083.0	63	0.0
-3082.0	67	0.0
-3081.0	69	0.0
-3080.0	66	0.0
-3079.0	51	0.0
-3078.0	51	0.0
-3077.0	60	0.0
-3076.0	50	0.0
-3075.0	58	0.0
-3074.0	65	0.0
-3073.0	79	0.0
-3072.0	69	0.0
-3071.0	47	0.0
-3070.0	49	0.0
-3069.0	53	0.0
-3068.0	59	0.0
-3067.0	55	0.0
-3066.0	61	0.0
-3065.0	54	0.0
-3064.0	58	0.0
-3063.0	59	0.0
-3062.0	62	0.0
-3061.0	59	0.0
-3060.0	60	0.0
-3059.0	57	0.0
-3058.0	48	0.0
-3057.0	63	0.0
-3056.0	63	0.0
-3055.0	60	0.0
-3054.0	43	0.0
-3053.0	63	0.0
-3052.0	63	0.0
-3051.0	58	0.0
-3050.0	47	0.0
-3049.0	69	0.0
-3048.0	64	0.0
-3047.0	50	0.0
-3046.0	56	0.0
-3045.0	62	0.0
-3044.0	47	0.0
-3043.0	60	0.0
-3042.0	63	0.0
-3041.0	69	0.0
-3040.0	56	0.0
-3039.0	54	0.0
-3038.0	64	0.0
-3037.0	57	0.0
-3036.0	53	0.0
-3035.0	58	0.0
-3034.0	57	0.0
-3033.0	75	0.0
-3032.0	58	0.0
-3031.0	60	0.0
-3030.0	59	0.0
-3029.0	56	0.0
-3028.0	70	0.0
-3027.0	46	0.0
-3026.0	78	0.0
-3025.0	69	0.0
-3024.0	59	0.0
-3023.0	55	0.0
-3022.0	64	0.0
-3021.0	61	0.0
-3020.0	60	0.0
-3019.0	64	0.0
-3018.0	51	0.0
-3017.0	64	0.0
-3016.0	51	0.0
-3015.0	65	0.0
-3014.0	59	0.0
-3013.0	52	0.0
-3012.0	64	0.0
-3011.0	60	0.0
-3010.0	67	0.0
-3009.0	56	0.0
-3008.0	55	0.0
-3007.0	56	0.0
-3006.0	62	0.0
-3005.0	57	0.0
-3004.0	67	0.0
-3003.0	57	0.0
-3002.0	59	0.0
-3001.0	55	0.0
-3000.0	61	0.0
-2999.0	59	0.0
-2998.0	50	0.0
-2997.0	60	0.0
-2996.0	71	0.0
-2995.0	62	0.0
-2994.0	50	0.0
-2993.0	67	0.0
-2992.0	55	0.0
-2991.0	61	0.0
-2990.0	50	0.0
-2989.0	57	0.0
-2988.0	71	0.0
-2987.0	67	0.0
-2986.0	64	0.0
-2985.0	63	0.0
-2984.0	67	0.0
-2983.0	47	0.0
-2982.0	58	0.0
-2981.0	62	0.0
-2980.0	66	0.0
-2979.0	59	0.0
-2978.0	52	0.0
-2977.0	55	0.0
-2976.0	58	0.0
-2975.0	56	0.0
-2974.0	69	0.0
-2973.0	58	0.0
-2972.0	64	0.0
-2971.0	45	0.0
-2970.0	59	0.0
-2969.0	66	0.0
-2968.0	55	0.0
-2967.0	69	0.0
-2966.0	39	0.0
-2965.0	65	0.0
-2964.0	63	0.0
-2963.0	58	0.0
-2962.0	41	0.0
-2961.0	57	0.0
-2960.0	53	0.0
-2959.0	55	0.0
-2958.0	51	0.0
-2957.0	62	0.0
-2956.0	75	0.0
-2955.0	62	0.0
-2954.0	60	0.0
-2953.0	62	0.0
-2952.0	59	0.0
-2951.0	82	0.0
-2950.0	63	0.0
-2949.0	67	0.0
-2948.0	66	0.0
-2947.0	58	0.0
-2946.0	57	0.0
-2945.0	51	0.0
-2944.0	64	0.0
-2943.0	73	0.0
-2942.0	61	0.0
-2941.0	55	0.0
-2940.0	56	0.0
-2939.0	72	0.0
-2938.0	65	0.0
-2937.0	65	0.0
-2936.0	57	0.0
-2935.0	59	0.0
-2934.0	74	0.0
-2933.0	54	0.0
-2932.0	58	0.0
-2931.0	72	0.0
-2930.0	63	0.0
-2929.0	57	0.0
-2928.0	64	0.0
-2927.0	62	0.0
-2926.0	59	0.0
-2925.0	63	0.0
-2924.0	56	0.0
-2923.0	67	0.0
-2922.0	63	0.0
-2921.0	56	0.0
-2920.0	61	0.0
-2919.0	65	0.0
-2918.0	51	0.0
-2917.0	59	0.0
-2916.0	66	0.0
-2915.0	68	0.0
-2914.0	73	0.0
-2913.0	71	0.0
-2912.0	57	0.0
-2911.0	67	0.0
-2910.0	52	0.0
-2909.0	66	0.0
-2908.0	55	0.0
-2907.0	56	0.0
-2906.0	67	0.0
-2905.0	62	0.0
-2904.0	53	0.0
-2903.0	63	0.0
-2902.0	63	0.0
-2901.0	66	0.0
-2900.0	75	0.0
-2899.0	65	0.0
-2898.0	73	0.0
-2897.0	60	0.0
-2896.0	67	0.0
-2895.0	56	0.0
-2894.0	50	0.0
-2893.0	47	0.0
-2892.0	59	0.0
-2891.0	67	0.0
-2890.0	49	0.0
-2889.0	50	0.0
-2888.0	56	0.0
-2887.0	53	0.0
-2886.0	58	0.0
-2885.0	50	0.0
-2884.0	55	0.0
-2883.0	58	0.0
-2882.0	68	0.0
-2881.0	65	0.0
-2880.0	62	0.0
-2879.0	51	0.0
-2878.0	67	0.0
-2877.0	73	0.0
-2876.0	42	0.0
-2875.0	52	0.0
-2874.0	60	0.0
-2873.0	43	0.0
-2872.0	60	0.0
-2871.0	60	0.0
-2870.0	60	0.0
-2869.0	60	0.0
-2868.0	60	0.0
-2867.0	56	0.0
-2866.0	58	0.0
-2865.0	62	0.0
-2864.0	53	0.0
-2863.0	68	0.0
-2862.0	48	0.0
-2861.0	55	0.0
-2860.0	69	0.0
-2859.0	62	0.0
-2858.0	54	0.0
-2857.0	63	0.0
-2856.0	52	0.0
-2855.0	63	0.0
-2854.0	62	0.0
-2853.0	76	0.0
-2852.0	56	0.0
-2851.0	51	0.0
-2850.0	62	0.0
-2849.0	57	0.0
-2848.0	57	0.0
-2847.0	60	0.0
-2846.0	57	0.0
-2845.0	57	0.0
-2844.0	49	0.0
-2843.0	54	0.0
-2842.0	73	0.0
-2841.0	56	0.0
-2840.0	57	0.0
-2839.0	68	0.0
-2838.0	48	0.0
-2837.0	55	0.0
-2836.0	61	0.0
-2835.0	68	0.0
-2834.0	61	0.0
-2833.0	49	0.0
-2832.0	74	0.0
-2831.0	74	0.0
-2830.0	57	0.0
-2829.0	58	0.0
-2828.0	63	0.0
-2827.0	48	0.0
-2826.0	57	0.0
-2825.0	49	0.0
-2824.0	56	0.0
-2823.0	58	0.0
-2822.0	55	0.0
-2821.0	71	0.0
-2820.0	58	0.0
-2819.0	60	0.0
-2818.0	62	0.0
-2817.0	53	0.0
-2816.0	67	0.0
-2815.0	54	0.0
-2814.0	52	0.0
-2813.0	56	0.0
-2812.0	50	0.0
-2811.0	61	0.0
-2810.0	52	0.0
-2809.0	65	0.0
-2808.0	49	0.0
-2807.0	67	0.0
-2806.0	70	0.0
-2805.0	67	0.0
-2804.0	54	0.0
-2803.0	57	0.0
-2802.0	46	0.0
-2801.0	57	0.0
-2800.0	70	0.0
-2799.0	59	0.0
-2798.0	63	0.0
-2797.0	62	0.0
-2796.0	62	0.0
-2795.0	58	0.0
-2794.0	52	0.0
-2793.0	55	0.0
-2792.0	75	0.0
-2791.0	47	0.0
-2790.0	59	0.0
-2789.0	60	0.0
-2788.0	57	0.0
-2787.0	62	0.0
-2786.0	60	0.0
-2785.0	74	0.0
-2784.0	53	0.0
-2783.0	48	0.0
-2782.0	50	0.0
-2781.0	68	0.0
-2780.0	63	0.0
-2779.0	58	0.0
-2778.0	53	0.0
-2777.0	51	0.0
-2776.0	59	0.0
-2775.0	64	0.0
-2774.0	42	0.0
-2773.0	74	0.0
-2772.0	57	0.0
-2771.0	48	0.0
-2770.0	75	0.0
-2769.0	57	0.0
-2768.0	57	0.0
-2767.0	65	0.0
-2766.0	49	0.0
-2765.0	40	0.0
-2764.0	60	0.0
-2763.0	57	0.0
-2762.0	57	0.0
-2761.0	50	0.0
-2760.0	45	0.0
-2759.0	58	0.0
-2758.0	58	0.0
-2757.0	60	0.0
-2756.0	45	0.0
-2755.0	46	0.0
-2754.0	47	0.0
-2753.0	62	0.0
-2752.0	64	0.0
-2751.0	51	0.0
-2750.0	60	0.0
-2749.0	67	0.0
-2748.0	35	0.0
-2747.0	60	0.0
-2746.0	58	0.0
-2745.0	63	0.0
-2744.0	57	0.0
-2743.0	63	0.0
-2742.0	63	0.0
-2741.0	69	0.0
-2740.0	59	0.0
-2739.0	56	0.0
-2738.0	48	0.0
-2737.0	49	0.0
-2736.0	52	0.0
-2735.0	72	0.0
-2734.0	55	0.0
-2733.0	57	0.0
-2732.0	53	0.0
-2731.0	49	0.0
-2730.0	59	0.0
-2729.0	57	0.0
-2728.0	61	0.0
-2727.0	56	0.0
-2726.0	50	0.0
-2725.0	56	0.0
-2724.0	58	0.0
-2723.0	66	0.0
-2722.0	55	0.0
-2721.0	53	0.0
-2720.0	65	0.0
-2719.0	71	0.0
-2718.0	51	0.0
-2717.0	77	0.0
-2716.0	74	0.0
-2715.0	49	0.0
-2714.0	52	0.0
-2713.0	62	0.0
-2712.0	58	0.0
-2711.0	45	0.0
-2710.0	66	0.0
-2709.0	52	0.0
-2708.0	58	0.0
-2707.0	58	0.0
-2706.0	44	0.0
-2705.0	63	0.0
-2704.0	61	0.0
-2703.0	52	0.0
-2702.0	49	0.0
-2701.0	66	0.0
-2700.0	69	0.0
-2699.0	59	0.0
-2698.0	48	0.0
-2697.0	57	0.0
-2696.0	57	0.0
-2695.0	63	0.0
-2694.0	47	0.0
-2693.0	56	0.0
-2692.0	58	0.0
-2691.0	62	0.0
-2690.0	48	0.0
-2689.0	61	0.0
-2688.0	59	0.0
-2687.0	61	0.0
-2686.0	56	0.0
-2685.0	70	0.0
-2684.0	46	0.0
-2683.0	57	0.0
-2682.0	57	0.0
-2681.0	50	0.0
-2680.0	64	0.0
-2679.0	57	0.0
-2678.0	50	0.0
-2677.0	72	0.0
-2676.0	53	0.0
-2675.0	62	0.0
-2674.0	62	0.0
-2673.0	60	0.0
-2672.0	70	0.0
-2671.0	58	0.0
-2670.0	61	0.0
-2669.0	60	0.0
-2668.0	58	0.0
-2667.0	57	0.0
-2666.0	61	0.0
-2665.0	59	0.0
-2664.0	48	0.0
-2663.0	66	0.0
-2662.0	71	0.0
-2661.0	58	0.0
-2660.0	63	0.0
-2659.0	59	0.0
-2658.0	59	0.0
-2657.0	70	0.0
-2656.0	45	0.0
-2655.0	55	0.0
-2654.0	43	0.0
-2653.0	58	0.0
-2652.0	54	0.0
-2651.0	57	0.0
-2650.0	70	0.0
-2649.0	50	0.0
-2648.0	65	0.0
-2647.0	48	0.0
-2646.0	59	0.0
-2645.0	57	0.0
-2644.0	60	0.0
-2643.0	55	0.0
-2642.0	70	0.0
-2641.0	80	0.0
-2640.0	61	0.0
-2639.0	47	0.0
-2638.0	68	0.0
-2637.0	54	0.0
-2636.0	56	0.0
-2635.0	59	0.0
-2634.0	57	0.0
-2633.0	51	0.0
-2632.0	54	0.0
-2631.0	62	0.0
-2630.0	53	0.0
-2629.0	54	0.0
-2628.0	49	0.0
-2627.0	52	0.0
-2626.0	59	0.0
-2625.0	53	0.0
-2624.0	61	0.0
-2623.0	49	0.0
-2622.0	64	0.0
-2621.0	58	0.0
-2620.0	48	0.0
-2619.0	61	0.0
-2618.0	59	0.0
-2617.0	72	0.0
-2616.0	60	0.0
-2615.0	62	0.0
-2614.0	57	0.0
-2613.0	57	0.0
-2612.0	74	0.0
-2611.0	58	0.0
-2610.0	54	0.0
-2609.0	50	0.0
-2608.0	51	0.0
-2607.0	49	0.0
-2606.0	62	0.0
-2605.0	57	0.0
-2604.0	57	0.0
-2603.0	70	0.0
-2602.0	64	0.0
-2601.0	55	0.0
-2600.0	56	0.0
-2599.0	48	0.0
-2598.0	49	0.0
-2597.0	54	0.0
-2596.0	57	0.0
-2595.0	56	0.0
-2594.0	74	0.0
-2593.0	63	0.0
-2592.0	65	0.0
-2591.0	60	0.0
-2590.0	66	0.0
-2589.0	61	0.0
-2588.0	62	0.0
-2587.0	73	0.0
-2586.0	73	0.0
-2585.0	52	0.0
-2584.0	54	0.0
-2583.0	63	0.0
-2582.0	65	0.0
-2581.0	60	0.0
-2580.0	63	0.0
-2579.0	60	0.0
-2578.0	53	0.0
-2577.0	48	0.0
-2576.0	48	0.0
-2575.0	48	0.0
-2574.0	53	0.0
-2573.0	57	0.0
-2572.0	63	0.0
-2571.0	53	0.0
-2570.0	64	0.0
-2569.0	57	0.0
-2568.0	62	0.0
-2567.0	47	0.0
-2566.0	60	0.0
-2565.0	73	0.0
-2564.0	55	0.0
-2563.0	55	0.0
-2562.0	53	0.0
-2561.0	60	0.0
-2560.0	64	0.0
-2559.0	57	0.0
-2558.0	63	0.0
-2557.0	56	0.0
-2556.0	53	0.0
-2555.0	51	0.0
-2554.0	55	0.0
-2553.0	61	0.0
-2552.0	57	0.0
-2551.0	52	0.0
-2550.0	73	0.0
-2549.0	59	0.0
-2548.0	69	0.0
-2547.0	61	0.0
-2546.0	60	0.0
-2545.0	60	0.0
-2544.0	72	0.0
-2543.0	55	0.0
-2542.0	63	0.0
-2541.0	52	0.0
-2540.0	57	0.0
-2539.0	57	0.0
-2538.0	56	0.0
-2537.0	55	0.0
-2536.0	55	0.0
-2535.0	68	0.0
-2534.0	75	0.0
-2533.0	68	0.0
-2532.0	56	0.0
-2531.0	63	0.0
-2530.0	60	0.0
-2529.0	54	0.0
-2528.0	75	0.0
-2527.0	63	0.0
-2526.0	65	0.0
-2525.0	53	0.0
-2524.0	62	0.0
-2523.0	65	0.0
-2522.0	68	0.0
-2521.0	60	0.0
-2520.0	62	0.0
-2519.0	66	0.0
-2518.0	62	0.0
-2517.0	55	0.0
-2516.0	60	0.0
-2515.0	69	0.0
-2514.0	56	0.0
-2513.0	75	0.0
-2512.0	68	0.0
-2511.0	60	0.0
-2510.0	56	0.0
-2509.0	59	0.0
-2508.0	67	0.0
-2507.0	69	0.0
-2506.0	64	0.0
-2505.0	46	0.0
-2504.0	50	0.0
-2503.0	54	0.0
-2502.0	52	0.0
-2501.0	63	0.0
-2500.0	53	0.0
-2499.0	64	0.0
-2498.0	74	0.0
-2497.0	51	0.0
-2496.0	65	0.0
-2495.0	59	0.0
-2494.0	58	0.0
-2493.0	59	0.0
-2492.0	48	0.0
-2491.0	61	0.0
-2490.0	59	0.0
-2489.0	60	0.0
-2488.0	56	0.0
-2487.0	57	0.0
-2486.0	66	0.0
-2485.0	69	0.0
-2484.0	52	0.0
-2483.0	62	0.0
-2482.0	62	0.0
-2481.0	66	0.0
-2480.0	59	0.0
-2479.0	66	0.0
-2478.0	67	0.0
-2477.0	55	0.0
-2476.0	54	0.0
-2475.0	65	0.0
-2474.0	62	0.0
-2473.0	52	0.0
-2472.0	53	0.0
-2471.0	73	0.0
-2470.0	71	0.0
-2469.0	51	0.0
-2468.0	54	0.0
-2467.0	65	0.0
-2466.0	70	0.0
-2465.0	53	0.0
-2464.0	41	0.0
-2463.0	72	0.0
-2462.0	65	0.0
-2461.0	58	0.0
-2460.0	60	0.0
-2459.0	58	0.0
-2458.0	59	0.0
-2457.0	53	0.0
-2456.0	75	0.0
-2455.0	57	0.0
-2454.0	68	0.0
-2453.0	56	0.0
-2452.0	69	0.0
-2451.0	59	0.0
-2450.0	63	0.0
-2449.0	56	0.0
-2448.0	52	0.0
-2447.0	52	0.0
-2446.0	54	0.0
-2445.0	70	0.0
-2444.0	65	0.0
-2443.0	57	0.0
-2442.0	68	0.0
-2441.0	69	0.0
-2440.0	58	0.0
-2439.0	59	0.0
-2438.0	59	0.0
-2437.0	50	0.0
-2436.0	57	0.0
-2435.0	74	0.0
-2434.0	66	0.0
-2433.0	64	0.0
-2432.0	67	0.0
-2431.0	79	0.0
-2430.0	68	0.0
-2429.0	62	0.0
-2428.0	62	0.0
-2427.0	49	0.0
-2426.0	59	0.0
-2425.0	67	0.0
-2424.0	56	0.0
-2423.0	55	0.0
-2422.0	68	0.0
-2421.0	57	0.0
-2420.0	49	0.0
-2419.0	47	0.0
-2418.0	52	0.0
-2417.0	60	0.0
-2416.0	63	0.0
-2415.0	78	0.0
-2414.0	62	0.0
-2413.0	77	0.0
-2412.0	55	0.0
-2411.0	54	0.0
-2410.0	73	0.0
-2409.0	71	0.0
-2408.0	52	0.0
-2407.0	62	0.0
-2406.0	54	0.0
-2405.0	65	0.0
-2404.0	60	0.0
-2403.0	60	0.0
-2402.0	65	0.0
-2401.0	53	0.0
-2400.0	63	0.0
-2399.0	55	0.0
-2398.0	68	0.0
-2397.0	59	0.0
-2396.0	62	0.0
-2395.0	50	0.0
-2394.0	61	0.0
-2393.0	62	0.0
-2392.0	67	0.0
-2391.0	66	0.0
-2390.0	59	0.0
-2389.0	64	0.0
-2388.0	51	0.0
-2387.0	63	0.0
-2386.0	59	0.0
-2385.0	51	0.0
-2384.0	53	0.0
-2383.0	63	0.0
-2382.0	60	0.0
-2381.0	57	0.0
-2380.0	73	0.0
-2379.0	53	0.0
-2378.0	54	0.0
-2377.0	65	0.0
-2376.0	51	0.0
-2375.0	59	0.0
-2374.0	59	0.0
-2373.0	61	0.0
-2372.0	50	0.0
-2371.0	59	0.0
-2370.0	59	0.0
-2369.0	51	0.0
-2368.0	63	0.0
-2367.0	63	0.0
-2366.0	68	0.0
-2365.0	45	0.0
-2364.0	60	0.0
-2363.0	50	0.0
-2362.0	65	0.0
-2361.0	70	0.0
-2360.0	57	0.0
-2359.0	52	0.0
-2358.0	75	0.0
-2357.0	65	0.0
-2356.0	63	0.0
-2355.0	60	0.0
-2354.0	59	0.0
-2353.0	55	0.0
-2352.0	56	0.0
-2351.0	45	0.0
-2350.0	59	0.0
-2349.0	55	0.0
-2348.0	43	0.0
-2347.0	71	0.0
-2346.0	64	0.0
-2345.0	56	0.0
-2344.0	45	0.0
-2343.0	59	0.0
-2342.0	65	0.0
-2341.0	67	0.0
-2340.0	61	0.0
-2339.0	72	0.0
-2338.0	55	0.0
-2337.0	61	0.0
-2336.0	61	0.0
-2335.0	60	0.0
-2334.0	57	0.0
-2333.0	59	0.0
-2332.0	63	0.0
-2331.0	65	0.0
-2330.0	60	0.0
-2329.0	60	0.0
-2328.0	53	0.0
-2327.0	40	0.0
-2326.0	74	0.0
-2325.0	58	0.0
-2324.0	65	0.0
-2323.0	61	0.0
-2322.0	56	0.0
-2321.0	59	0.0
-2320.0	61	0.0
-2319.0	60	0.0
-2318.0	48	0.0
-2317.0	40	0.0
-2316.0	65	0.0
-2315.0	61	0.0
-2314.0	54	0.0
-2313.0	71	0.0
-2312.0	56	0.0
-2311.0	65	0.0
-2310.0	72	0.0
-2309.0	54	0.0
-2308.0	60	0.0
-2307.0	43	0.0
-2306.0	52	0.0
-2305.0	70	0.0
-2304.0	73	0.0
-2303.0	65	0.0
-2302.0	65	0.0
-2301.0	60	0.0
-2300.0	45	0.0
-2299.0	51	0.0
-2298.0	66	0.0
-2297.0	59	0.0
-2296.0	52	0.0
-2295.0	62	0.0
-2294.0	64	0.0
-2293.0	60	0.0
-2292.0	61	0.0
-2291.0	50	0.0
-2290.0	67	0.0
-2289.0	45	0.0
-2288.0	58	0.0
-2287.0	56	0.0
-2286.0	60	0.0
-2285.0	56	0.0
-2284.0	64	0.0
-2283.0	65	0.0
-2282.0	53	0.0
-2281.0	54	0.0
-2280.0	56	0.0
-2279.0	64	0.0
-2278.0	48	0.0
-2277.0	56	0.0
-2276.0	50	0.0
-2275.0	58	0.0
-2274.0	66	0.0
-2273.0	69	0.0
-2272.0	63	0.0
-2271.0	62	0.0
-2270.0	48	0.0
-2269.0	69	0.0
-2268.0	62	0.0
-2267.0	54	0.0
-2266.0	56	0.0
-2265.0	61	0.0
-2264.0	73	0.0
-2263.0	57	0.0
-2262.0	64	0.0
-2261.0	58	0.0
-2260.0	56	0.0
-2259.0	62	0.0
-2258.0	63	0.0
-2257.0	71	0.0
-2256.0	72	0.0
-2255.0	50	0.0
-2254.0	43	0.0
-2253.0	43	0.0
-2252.0	66	0.0
-2251.0	59	0.0
-2250.0	53	0.0
-2249.0	59	0.0
-2248.0	66	0.0
-2247.0	65	0.0
-2246.0	38	0.0
-2245.0	57	0.0
-2244.0	76	0.0
-2243.0	55	0.0
-2242.0	48	0.0
-2241.0	55	0.0
-2240.0	66	0.0
-2239.0	51	0.0
-2238.0	60	0.0
-2237.0	59	0.0
-2236.0	45	0.0
-2235.0	51	0.0
-2234.0	67	0.0
-2233.0	70	0.0
-2232.0	51	0.0
-2231.0	57	0.0
-2230.0	55	0.0
-2229.0	59	0.0
-2228.0	77	0.0
-2227.0	62	0.0
-2226.0	54	0.0
-2225.0	56	0.0
-2224.0	54	0.0
-2223.0	60	0.0
-2222.0	53	0.0
-2221.0	63	0.0
-2220.0	58	0.0
-2219.0	50	0.0
-2218.0	53	0.0
-2217.0	41	0.0
-2216.0	56	0.0
-2215.0	68	0.0
-2214.0	63	0.0
-2213.0	47	0.0
-2212.0	52	0.0
-2211.0	54	0.0
-2210.0	56	0.0
-2209.0	56	0.0
-2208.0	60	0.0
-2207.0	62	0.0
-2206.0	75	0.0
-2205.0	49	0.0
-2204.0	63	0.0
-2203.0	62	0.0
-2202.0	70	0.0
-2201.0	42	0.0
-2200.0	61	0.0
-2199.0	50	0.0
-2198.0	62	0.0
-2197.0	72	0.0
-2196.0	65	0.0
-2195.0	62	0.0
-2194.0	65	0.0
-2193.0	69	0.0
-2192.0	57	0.0
-2191.0	68	0.0
-2190.0	81	0.0
-2189.0	62	0.0
-2188.0	64	0.0
-2187.0	36	0.0
-2186.0	53	0.0
-2185.0	49	0.0
-2184.0	67	0.0
-2183.0	66	0.0
-2182.0	52	0.0
-2181.0	59	0.0
-2180.0	56	0.0
-2179.0	58	0.0
-2178.0	55	0.0
-2177.0	81	0.0
-2176.0	67	0.0
-2175.0	75	0.0
-2174.0	59	0.0
-2173.0	70	0.0
-2172.0	52	0.0
-2171.0	65	0.0
-2170.0	63	0.0
-2169.0	44	0.0
-2168.0	70	0.0
-2167.0	49	0.0
-2166.0	67	0.0
-2165.0	67	0.0
-2164.0	58	0.0
-2163.0	62	0.0
-2162.0	62	0.0
-2161.0	62	0.0
-2160.0	66	0.0
-2159.0	53	0.0
-2158.0	62	0.0
-2157.0	51	0.0
-2156.0	54	0.0
-2155.0	68	0.0
-2154.0	79	0.0
-2153.0	62	0.0
-2152.0	71	0.0
-2151.0	58	0.0
-2150.0	56	0.0
-2149.0	60	0.0
-2148.0	50	0.0
-2147.0	62	0.0
-2146.0	59	0.0
-2145.0	59	0.0
-2144.0	52	0.0
-2143.0	60	0.0
-2142.0	63	0.0
-2141.0	57	0.0
-2140.0	48	0.0
-2139.0	78	0.0
-2138.0	54	0.0
-2137.0	61	0.0
-2136.0	58	0.0
-2135.0	53	0.0
-2134.0	67	0.0
-2133.0	54	0.0
-2132.0	65	0.0
-2131.0	65	0.0
-2130.0	62	0.0
-2129.0	44	0.0
-2128.0	49	0.0
-2127.0	71	0.0
-2126.0	59	0.0
-2125.0	54	0.0
-2124.0	63	0.0
-2123.0	68	0.0
-2122.0	64	0.0
-2121.0	52	0.0
-2120.0	65	0.0
-2119.0	60	0.0
-2118.0	67	0.0
-2117.0	65	0.0
-2116.0	49	0.0
-2115.0	52	0.0
-2114.0	52	0.0
-2113.0	56	0.0
-2112.0	49	0.0
-2111.0	48	0.0
-2110.0	57	0.0
-2109.0	67	0.0
-2108.0	59	0.0
-2107.0	61	0.0
-2106.0	73	0.0
-2105.0	61	0.0
-2104.0	51	0.0
-2103.0	53	0.0
-2102.0	64	0.0
-2101.0	56	0.0
-2100.0	59	0.0
-2099.0	66	0.0
-2098.0	59	0.0
-2097.0	63	0.0
-2096.0	49	0.0
-2095.0	53	0.0
-2094.0	61	0.0
-2093.0	60	0.0
-2092.0	72	0.0
-2091.0	51	0.0
-2090.0	58	0.0
-2089.0	62	0.0
-2088.0	51	0.0
-2087.0	54	0.0
-2086.0	58	0.0
-2085.0	57	0.0
-2084.0	57	0.0
-2083.0	74	0.0
-2082.0	69	0.0
-2081.0	56	0.0
-2080.0	74	0.0
-2079.0	68	0.0
-2078.0	72	0.0
-2077.0	65	0.0
-2076.0	63	0.0
-2075.0	64	0.0
-2074.0	57	0.0
-2073.0	50	0.0
-2072.0	57	0.0
-2071.0	59	0.0
-2070.0	66	0.0
-2069.0	64	0.0
-2068.0	68	0.0
-2067.0	67	0.0
-2066.0	80	0.0
-2065.0	63	0.0
-2064.0	42	0.0
-2063.0	63	0.0
-2062.0	70	0.0
-2061.0	54	0.0
-2060.0	59	0.0
-2059.0	49	0.0
-2058.0	63	0.0
-2057.0	69	0.0
-2056.0	60	0.0
-2055.0	62	0.0
-2054.0	74	0.0
-2053.0	61	0.0
-2052.0	58	0.0
-2051.0	45	0.0
-2050.0	61	0.0
-2049.0	61	0.0
-2048.0	69	0.0
-2047.0	67	0.0
-2046.0	71	0.0
-2045.0	51	0.0
-2044.0	47	0.0
-2043.0	60	0.0
-2042.0	61	0.0
-2041.0	59	0.0
-2040.0	59	0.0
-2039.0	54	0.0
-2038.0	61	0.0
-2037.0	52	0.0
-2036.0	71	0.0
-2035.0	65	0.0
-2034.0	66	0.0
-2033.0	67	0.0
-2032.0	68	0.0
-2031.0	64	0.0
-2030.0	64	0.0
-2029.0	66	0.0
-2028.0	66	0.0
-2027.0	59	0.0
-2026.0	62	0.0
-2025.0	67	0.0
-2024.0	50	0.0
-2023.0	56	0.0
-2022.0	60	0.0
-2021.0	61	0.0
-2020.0	68	0.0
-2019.0	69	0.0
-2018.0	62	0.0
-2017.0	55	0.0
-2016.0	70	0.0
-2015.0	58	0.0
-2014.0	65	0.0
-2013.0	54	0.0
-2012.0	62	0.0
-2011.0	46	0.0
-2010.0	57	0.0
-2009.0	51	0.0
-2008.0	64	0.0
-2007.0	66	0.0
-2006.0	60	0.0
-2005.0	53	0.0
-2004.0	62	0.0
-2003.0	55	0.0
-2002.0	62	0.0
-2001.0	60	0.0
-2000.0	72	0.0
-1999.0	53	0.0
-1998.0	64	0.0
-1997.0	48	0.0
-1996.0	60	0.0
-1995.0	49	0.0
-1994.0	61	0.0
-1993.0	68	0.0
-1992.0	58	0.0
-1991.0	77	0.0
-1990.0	59	0.0
-1989.0	44	0.0
-1988.0	51	0.0
-1987.0	58	0.0
-1986.0	43	0.0
-1985.0	56	0.0
-1984.0	55	0.0
-1983.0	58	0.0
-1982.0	56	0.0
-1981.0	83	0.0
-1980.0	59	0.0
-1979.0	64	0.0
-1978.0	62	0.0
-1977.0	58	0.0
-1976.0	53	0.0
-1975.0	47	0.0
-1974.0	51	0.0
-1973.0	53	0.0
-1972.0	60	0.0
-1971.0	68	0.0
-1970.0	53	0.0
-1969.0	66	0.0
-1968.0	61	0.0
-1967.0	65	0.0
-1966.0	47	0.0
-1965.0	57	0.0
-1964.0	50	0.0
-1963.0	60	0.0
-1962.0	52	0.0
-1961.0	56	0.0
-1960.0	65	0.0
-1959.0	66	0.0
-1958.0	76	0.0
-1957.0	50	0.0
-1956.0	59	0.0
-1955.0	69	0.0
-1954.0	58	0.0
-1953.0	52	0.0
-1952.0	63	0.0
-1951.0	66	0.0
-1950.0	58	0.0
-1949.0	51	0.0
-1948.0	60	0.0
-1947.0	60	0.0
-1946.0	62	0.0
-1945.0	53	0.0
-1944.0	51	0.0
-1943.0	51	0.0
-1942.0	60	0.0
-1941.0	55	0.0
-1940.0	42	0.0
-1939.0	75	0.0
-1938.0	57	0.0
-1937.0	61	0.0
-1936.0	63	0.0
-1935.0	48	0.0
-1934.0	50	0.0
-1933.0	59	0.0
-1932.0	52	0.0
-1931.0	58	0.0
-1930.0	46	0.0
-1929.0	71	0.0
-1928.0	52	0.0
-1927.0	50	0.0
-1926.0	56	0.0
-1925.0	48	0.0
-1924.0	63	0.0
-1923.0	53	0.0
-1922.0	75	0.0
-1921.0	56	0.0
-1920.0	62	0.0
-1919.0	64	0.0
-1918.0	58	0.0
-1917.0	61	0.0
-1916.0	60	0.0
-1915.0	46	0.0
-1914.0	60	0.0
-1913.0	74	0.0
-1912.0	66	0.0
-1911.0	60	0.0
-1910.0	65	0.0
-1909.0	60	0.0
-1908.0	48	0.0
-1907.0	66	0.0
-1906.0	74	0.0
-1905.0	57	0.0
-1904.0	58	0.0
-1903.0	58	0.0
-1902.0	69	0.0
-1901.0	43	0.0
-1900.0	56	0.0
-1899.0	66	0.0
-1898.0	56	0.0
-1897.0	62	0.0
-1896.0	48	0.0
-1895.0	54	0.0
-1894.0	59	0.0
-1893.0	49	0.0
-1892.0	60	0.0
-1891.0	51	0.0
-1890.0	68	0.0
-1889.0	51	0.0
-1888.0	49	0.0
-1887.0	58	0.0
-1886.0	61	0.0
-1885.0	55	0.0
-1884.0	48	0.0
-1883.0	67	0.0
-1882.0	64	0.0
-1881.0	76	0.0
-1880.0	60	0.0
-1879.0	71	0.0
-1878.0	56	0.0
-1877.0	53	0.0
-1876.0	63	0.0
-1875.0	61	0.0
-1874.0	50	0.0
-1873.0	65	0.0
-1872.0	65	0.0
-1871.0	56	0.0
-1870.0	60	0.0
-1869.0	59	0.0
-1868.0	70	0.0
-1867.0	54	0.0
-1866.0	55	0.0
-1865.0	62	0.0
-1864.0	53	0.0
-1863.0	73	0.0
-1862.0	67	0.0
-1861.0	55	0.0
-1860.0	69	0.0
-1859.0	51	0.0
-1858.0	55	0.0
-1857.0	43	0.0
-1856.0	53	0.0
-1855.0	60	0.0
-1854.0	64	0.0
-1853.0	47	0.0
-1852.0	55	0.0
-1851.0	56	0.0
-1850.0	66	0.0
-1849.0	75	0.0
-1848.0	58	0.0
-1847.0	62	0.0
-1846.0	48	0.0
-1845.0	72	0.0
-1844.0	68	0.0
-1843.0	59	0.0
-1842.0	59	0.0
-1841.0	50	0.0
-1840.0	58	0.0
-1839.0	62	0.0
-1838.0	50	0.0
-1837.0	49	0.0
-1836.0	63	0.0
-1835.0	62	0.0
-1834.0	57	0.0
-1833.0	61	0.0
-1832.0	62	0.0
-1831.0	74	0.0
-1830.0	71	0.0
-1829.0	55	0.0
-1828.0	44	0.0
-1827.0	54	0.0
-1826.0	52	0.0
-1825.0	69	0.0
-1824.0	58	0.0
-1823.0	79	0.0
-1822.0	66	0.0
-1821.0	35	0.0
-1820.0	53	0.0
-1819.0	49	0.0
-1818.0	49	0.0
-1817.0	68	0.0
-1816.0	54	0.0
-1815.0	57	0.0
-1814.0	60	0.0
-1813.0	60	0.0
-1812.0	62	0.0
-1811.0	58	0.0
-1810.0	51	0.0
-1809.0	60	0.0
-1808.0	56	0.0
-1807.0	69	0.0
-1806.0	64	0.0
-1805.0	51	0.0
-1804.0	60	0.0
-1803.0	59	0.0
-1802.0	56	0.0
-1801.0	47	0.0
-1800.0	56	0.0
-1799.0	65	0.0
-1798.0	64	0.0
-1797.0	59	0.0
-1796.0	71	0.0
-1795.0	56	0.0
-1794.0	49	0.0
-1793.0	62	0.0
-1792.0	61	0.0
-1791.0	59	0.0
-1790.0	58	0.0
-1789.0	73	0.0
-1788.0	61	0.0
-1787.0	62	0.0
-1786.0	57	0.0
-1785.0	48	0.0
-1784.0	66	0.0
-1783.0	59	0.0
-1782.0	43	0.0
-1781.0	60	0.0
-1780.0	75	0.0
-1779.0	71	0.0
-1778.0	57	0.0
-1777.0	61	0.0
-1776.0	48	0.0
-1775.0	64	0.0
-1774.0	60	0.0
-1773.0	62	0.0
-1772.0	49	0.0
-1771.0	59	0.0
-1770.0	62	0.0
-1769.0	58	0.0
-1768.0	55	0.0
-1767.0	49	0.0
-1766.0	62	0.0
-1765.0	61	0.0
-1764.0	56	0.0
-1763.0	55	0.0
-1762.0	51	0.0
-1761.0	65	0.0
-1760.0	61	0.0
-1759.0	75	0.0
-1758.0	51	0.0
-1757.0	57	0.0
-1756.0	66	0.0
-1755.0	60	0.0
-1754.0	60	0.0
-1753.0	49	0.0
-1752.0	56	0.0
-1751.0	64	0.0
-1750.0	51	0.0
-1749.0	57	0.0
-1748.0	66	0.0
-1747.0	59	0.0
-1746.0	56	0.0
-1745.0	59	0.0
-1744.0	68	0.0
-1743.0	57	0.0
-1742.0	61	0.0
-1741.0	51	0.0
-1740.0	61	0.0
-1739.0	59	0.0
-1738.0	58	0.0
-1737.0	53	0.0
-1736.0	66	0.0
-1735.0	66	0.0
-1734.0	73	0.0
-1733.0	67	0.0
-1732.0	46	0.0
-1731.0	56	0.0
-1730.0	61	0.0
-1729.0	61	0.0
-1728.0	57	0.0
-1727.0	55	0.0
-1726.0	49	0.0
-1725.0	52	0.0
-1724.0	50	0.0
-1723.0	47	0.0
-1722.0	61	0.0
-1721.0	68	0.0
-1720.0	71	0.0
-1719.0	64	0.0
-1718.0	64	0.0
-1717.0	63	0.0
-1716.0	57	0.0
-1715.0	61	0.0
-1714.0	64	0.0
-1713.0	63	0.0
-1712.0	63	0.0
-1711.0	64	0.0
-1710.0	58	0.0
-1709.0	55	0.0
-1708.0	55	0.0
-1707.0	46	0.0
-1706.0	61	0.0
-1705.0	46	0.0
-1704.0	71	0.0
-1703.0	55	0.0
-1702.0	60	0.0
-1701.0	51	0.0
-1700.0	76	0.0
-1699.0	65	0.0
-1698.0	73	0.0
-1697.0	53	0.0
-1696.0	64	0.0
-1695.0	63	0.0
-1694.0	54	0.0
-1693.0	57	0.0
-1692.0	54	0.0
-1691.0	60	0.0
-1690.0	62	0.0
-1689.0	54	0.0
-1688.0	62	0.0
-1687.0	73	0.0
-1686.0	57	0.0
-1685.0	49	0.0
-1684.0	64	0.0
-1683.0	47	0.0
-1682.0	79	0.0
-1681.0	82	0.0
-1680.0	58	0.0
-1679.0	66	0.0
-1678.0	66	0.0
-1677.0	47	0.0
-1676.0	54	0.0
-1675.0	59	0.0
-1674.0	59	0.0
-1673.0	56	0.0
-1672.0	70	0.0
-1671.0	57	0.0
-1670.0	59	0.0
-1669.0	66	0.0
-1668.0	57	0.0
-1667.0	51	0.0
-1666.0	49	0.0
-1665.0	74	0.0
-1664.0	73	0.0
-1663.0	69	0.0
-1662.0	54	0.0
-1661.0	59	0.0
-1660.0	58	0.0
-1659.0	61	0.0
-1658.0	56	0.0
-1657.0	79	0.0
-1656.0	71	0.0
-1655.0	77	0.0
-1654.0	44	0.0
-1653.0	67	0.0
-1652.0	53	0.0
-1651.0	61	0.0
-1650.0	60	0.0
-1649.0	55	0.0
-1648.0	54	0.0
-1647.0	70	0.0
-1646.0	49	0.0
-1645.0	51	0.0
-1644.0	58	0.0
-1643.0	60	0.0
-1642.0	57	0.0
-1641.0	71	0.0
-1640.0	45	0.0
-1639.0	67	0.0
-1638.0	61	0.0
-1637.0	61	0.0
-1636.0	67	0.0
-1635.0	63	0.0
-1634.0	52	0.0
-1633.0	55	0.0
-1632.0	60	0.0
-1631.0	54	0.0
-1630.0	55	0.0
-1629.0	53	0.0
-1628.0	62	0.0
-1627.0	59	0.0
-1626.0	74	0.0
-1625.0	68	0.0
-1624.0	47	0.0
-1623.0	58	0.0
-1622.0	58	0.0
-1621.0	56	0.0
-1620.0	45	0.0
-1619.0	53	0.0
-1618.0	55	0.0
-1617.0	57	0.0
-1616.0	61	0.0
-1615.0	65	0.0
-1614.0	57	0.0
-1613.0	49	0.0
-1612.0	74	0.0
-1611.0	51	0.0
-1610.0	54	0.0
-1609.0	56	0.0
-1608.0	72	0.0
-1607.0	56	0.0
-1606.0	44	0.0
-1605.0	68	0.0
-1604.0	79	0.0
-1603.0	55	0.0
-1602.0	65	0.0
-1601.0	63	0.0
-1600.0	72	0.0
-1599.0	52	0.0
-1598.0	56	0.0
-1597.0	58	0.0
-1596.0	61	0.0
-1595.0	67	0.0
-1594.0	75	0.0
-1593.0	54	0.0
-1592.0	55	0.0
-1591.0	47	0.0
-1590.0	42	0.0
-1589.0	59	0.0
-1588.0	52	0.0
-1587.0	52	0.0
-1586.0	60	0.0
-1585.0	57	0.0
-1584.0	74	0.0
-1583.0	64	0.0
-1582.0	57	0.0
-1581.0	62	0.0
-1580.0	66	0.0
-1579.0	51	0.0
-1578.0	46	0.0
-1577.0	53	0.0
-1576.0	54	0.0
-1575.0	60	0.0
-1574.0	68	0.0
-1573.0	59	0.0
-1572.0	52	0.0
-1571.0	49	0.0
-1570.0	57	0.0
-1569.0	44	0.0
-1568.0	67	0.0
-1567.0	52	0.0
-1566.0	74	0.0
-1565.0	56	0.0
-1564.0	61	0.0
-1563.0	65	0.0
-1562.0	40	0.0
-1561.0	63	0.0
-1560.0	61	0.0
-1559.0	52	0.0
-1558.0	60	0.0
-1557.0	65	0.0
-1556.0	55	0.0
-1555.0	53	0.0
-1554.0	67	0.0
-1553.0	58	0.0
-1552.0	50	0.0
-1551.0	58	0.0
-1550.0	62	0.0
-1549.0	74	0.0
-1548.0	69	0.0
-1547.0	53	0.0
-1546.0	62	0.0
-1545.0	66	0.0
-1544.0	66	0.0
-1543.0	71	0.0
-1542.0	54	0.0
-1541.0	55	0.0
-1540.0	71	0.0
-1539.0	66	0.0
-1538.0	68	0.0
-1537.0	77	0.0
-1536.0	62	0.0
-1535.0	64	0.0
-1534.0	63	0.0
-1533.0	69	0.0
-1532.0	55	0.0
-1531.0	65	0.0
-1530.0	55	0.0
-1529.0	54	0.0
-1528.0	41	0.0
-1527.0	61	0.0
-1526.0	62	0.0
-1525.0	51	0.0
-1524.0	58	0.0
-1523.0	57	0.0
-1522.0	43	0.0
-1521.0	63	0.0
-1520.0	69	0.0
-1519.0	55	0.0
-1518.0	60	0.0
-1517.0	47	0.0
-1516.0	66	0.0
-1515.0	58	0.0
-1514.0	63	0.0
-1513.0	59	0.0
-1512.0	53	0.0
-1511.0	57	0.0
-1510.0	63	0.0
-1509.0	49	0.0
-1508.0	53	0.0
-1507.0	65	0.0
-1506.0	64	0.0
-1505.0	52	0.0
-1504.0	55	0.0
-1503.0	64	0.0
-1502.0	46	0.0
-1501.0	62	0.0
-1500.0	63	0.0
-1499.0	58	0.0
-1498.0	61	0.0
-1497.0	50	0.0
-1496.0	56	0.0
-1495.0	66	0.0
-1494.0	62	0.0
-1493.0	55	0.0
-1492.0	49	0.0
-1491.0	61	0.0
-1490.0	60	0.0
-1489.0	62	0.0
-1488.0	51	0.0
-1487.0	67	0.0
-1486.0	59	0.0
-1485.0	69	0.0
-1484.0	56	0.0
-1483.0	59	0.0
-1482.0	71	0.0
-1481.0	67	0.0
-1480.0	53	0.0
-1479.0	63	0.0
-1478.0	60	0.0
-1477.0	49	0.0
-1476.0	72	0.0
-1475.0	54	0.0
-1474.0	61	0.0
-1473.0	75	0.0
-1472.0	47	0.0
-1471.0	53	0.0
-1470.0	45	0.0
-1469.0	56	0.0
-1468.0	60	0.0
-1467.0	70	0.0
-1466.0	68	0.0
-1465.0	60	0.0
-1464.0	48	0.0
-1463.0	48	0.0
-1462.0	54	0.0
-1461.0	54	0.0
-1460.0	60	0.0
-1459.0	50	0.0
-1458.0	59	0.0
-1457.0	63	0.0
-1456.0	79	0.0
-1455.0	54	0.0
-1454.0	56	0.0
-1453.0	44	0.0
-1452.0	63	0.0
-1451.0	67	0.0
-1450.0	53	0.0
-1449.0	69	0.0
-1448.0	66	0.0
-1447.0	63	0.0
-1446.0	59	0.0
-1445.0	61	0.0
-1444.0	57	0.0
-1443.0	57	0.0
-1442.0	52	0.0
-1441.0	51	0.0
-1440.0	45	0.0
-1439.0	59	0.0
-1438.0	58	0.0
-1437.0	67	0.0
-1436.0	75	0.0
-1435.0	60	0.0
-1434.0	57	0.0
-1433.0	53	0.0
-1432.0	42	0.0
-1431.0	72	0.0
-1430.0	49	0.0
-1429.0	56	0.0
-1428.0	49	0.0
-1427.0	69	0.0
-1426.0	61	0.0
-1425.0	58	0.0
-1424.0	56	0.0
-1423.0	50	0.0
-1422.0	71	0.0
-1421.0	69	0.0
-1420.0	55	0.0
-1419.0	63	0.0
-1418.0	76	0.0
-1417.0	49	0.0
-1416.0	43	0.0
-1415.0	58	0.0
-1414.0	56	0.0
-1413.0	68	0.0
-1412.0	78	0.0
-1411.0	47	0.0
-1410.0	57	0.0
-1409.0	56	0.0
-1408.0	50	0.0
-1407.0	45	0.0
-1406.0	55	0.0
-1405.0	47	0.0
-1404.0	60	0.0
-1403.0	42	0.0
-1402.0	54	0.0
-1401.0	67	0.0
-1400.0	61	0.0
-1399.0	61	0.0
-1398.0	68	0.0
-1397.0	58	0.0
-1396.0	56	0.0
-1395.0	58	0.0
-1394.0	58	0.0
-1393.0	63	0.0
-1392.0	62	0.0
-1391.0	57	0.0
-1390.0	68	0.0
-1389.0	53	0.0
-1388.0	60	0.0
-1387.0	49	0.0
-1386.0	57	0.0
-1385.0	51	0.0
-1384.0	54	0.0
-1383.0	55	0.0
-1382.0	66	0.0
-1381.0	44	0.0
-1380.0	51	0.0
-1379.0	68	0.0
-1378.0	59	0.0
-1377.0	53	0.0
-1376.0	63	0.0
-1375.0	62	0.0
-1374.0	60	0.0
-1373.0	56	0.0
-1372.0	57	0.0
-1371.0	61	0.0
-1370.0	66	0.0
-1369.0	69	0.0
-1368.0	54	0.0
-1367.0	62	0.0
-1366.0	58	0.0
-1365.0	70	0.0
-1364.0	45	0.0
-1363.0	65	0.0
-1362.0	49	0.0
-1361.0	60	0.0
-1360.0	61	0.0
-1359.0	54	0.0
-1358.0	61	0.0
-1357.0	41	0.0
-1356.0	45	0.0
-1355.0	50	0.0
-1354.0	57	0.0
-1353.0	50	0.0
-1352.0	43	0.0
-1351.0	51	0.0
-1350.0	52	0.0
-1349.0	68	0.0
-1348.0	50	0.0
-1347.0	63	0.0
-1346.0	73	0.0
-1345.0	53	0.0
-1344.0	65	0.0
-1343.0	68	0.0
-1342.0	56	0.0
-1341.0	76	0.0
-1340.0	55	0.0
-1339.0	60	0.0
-1338.0	51	0.0
-1337.0	54	0.0
-1336.0	40	0.0
-1335.0	62	0.0
-1334.0	50	0.0
-1333.0	60	0.0
-1332.0	56	0.0
-1331.0	59	0.0
-1330.0	47	0.0
-1329.0	66	0.0
-1328.0	51	0.0
-1327.0	45	0.0
-1326.0	70	0.0
-1325.0	61	0.0
-1324.0	60	0.0
-1323.0	64	0.0
-1322.0	55	0.0
-1321.0	54	0.0
-1320.0	55	0.0
-1319.0	54	0.0
-1318.0	77	0.0
-1317.0	67	0.0
-1316.0	59	0.0
-1315.0	48	0.0
-1314.0	54	0.0
-1313.0	65	0.0
-1312.0	65	0.0
-1311.0	59	0.0
-1310.0	71	0.0
-1309.0	60	0.0
-1308.0	61	0.0
-1307.0	55	0.0
-1306.0	65	0.0
-1305.0	40	0.0
-1304.0	54	0.0
-1303.0	70	0.0
-1302.0	61	0.0
-1301.0	43	0.0
-1300.0	65	0.0
-1299.0	68	0.0
-1298.0	59	0.0
-1297.0	56	0.0
-1296.0	53	0.0
-1295.0	64	0.0
-1294.0	49	0.0
-1293.0	70	0.0
-1292.0	60	0.0
-1291.0	64	0.0
-1290.0	67	0.0
-1289.0	61	0.0
-1288.0	57	0.0
-1287.0	53	0.0
-1286.0	78	0.0
-1285.0	44	0.0
-1284.0	80	0.0
-1283.0	49	0.0
-1282.0	60	0.0
-1281.0	53	0.0
-1280.0	69	0.0
-1279.0	54	0.0
-1278.0	64	0.0
-1277.0	47	0.0
-1276.0	42	0.0
-1275.0	51	0.0
-1274.0	63	0.0
-1273.0	45	0.0
-1272.0	47	0.0
-1271.0	50	0.0
-1270.0	70	0.0
-1269.0	60	0.0
-1268.0	65	0.0
-1267.0	49	0.0
-1266.0	69	0.0
-1265.0	59	0.0
-1264.0	49	0.0
-1263.0	68	0.0
-1262.0	62	0.0
-1261.0	41	0.0
-1260.0	60	0.0
-1259.0	55	0.0
-1258.0	60	0.0
-1257.0	52	0.0
-1256.0	61	0.0
-1255.0	59	0.0
-1254.0	56	0.0
-1253.0	58	0.0
-1252.0	57	0.0
-1251.0	61	0.0
-1250.0	62	0.0
-1249.0	65	0.0
-1248.0	64	0.0
-1247.0	58	0.0
-1246.0	58	0.0
-1245.0	54	0.0
-1244.0	61	0.0
-1243.0	55	0.0
-1242.0	64	0.0
-1241.0	54	0.0
-1240.0	47	0.0
-1239.0	51	0.0
-1238.0	64	0.0
-1237.0	59	0.0
-1236.0	66	0.0
-1235.0	64	0.0
-1234.0	63	0.0
-1233.0	46	0.0
-1232.0	66	0.0
-1231.0	70	0.0
-1230.0	47	0.0
-1229.0	53	0.0
-1228.0	55	0.0
-1227.0	56	0.0
-1226.0	56	0.0
-1225.0	63	0.0
-1224.0	61	0.0
-1223.0	54	0.0
-1222.0	70	0.0
-1221.0	60	0.0
-1220.0	56	0.0
-1219.0	51	0.0
-1218.0	56	0.0
-1217.0	59	0.0
-1216.0	77	0.0
-1215.0	61	0.0
-1214.0	50	0.0
-1213.0	74	0.0
-1212.0	50	0.0
-1211.0	52	0.0
-1210.0	65	0.0
-1209.0	43	0.0
-1208.0	66	0.0
-1207.0	56	0.0
-1206.0	53	0.0
-1205.0	66	0.0
-1204.0	53	0.0
-1203.0	69	0.0
-1202.0	49	0.0
-1201.0	51	0.0
-1200.0	49	0.0
-1199.0	64	0.0
-1198.0	67	0.0
-1197.0	64	0.0
-1196.0	66	0.0
-1195.0	65	0.0
-1194.0	55	0.0
-1193.0	62	0.0
-1192.0	69	0.0
-1191.0	58	0.0
-1190.0	59	0.0
-1189.0	66	0.0
-1188.0	61	0.0
-1187.0	61	0.0
-1186.0	71	0.0
-1185.0	48	0.0
-1184.0	46	0.0
-1183.0	72	0.0
-1182.0	62	0.0
-1181.0	74	0.0
-1180.0	47	0.0
-1179.0	62	0.0
-1178.0	50	0.0
-1177.0	46	0.0
-1176.0	55	0.0
-1175.0	53	0.0
-1174.0	56	0.0
-1173.0	74	0.0
-1172.0	56	0.0
-1171.0	61	0.0
-1170.0	51	0.0
-1169.0	65	0.0
-1168.0	44	0.0
-1167.0	63	0.0
-1166.0	67	0.0
-1165.0	66	0.0
-1164.0	45	0.0
-1163.0	67	0.0
-1162.0	63	0.0
-1161.0	59	0.0
-1160.0	54	0.0
-1159.0	73	0.0
-1158.0	59	0.0
-1157.0	53	0.0
-1156.0	71	0.0
-1155.0	62	0.0
-1154.0	57	0.0
-1153.0	51	0.0
-1152.0	57	0.0
-1151.0	57	0.0
-1150.0	61	0.0
-1149.0	56	0.0
-1148.0	49	0.0
-1147.0	56	0.0
-1146.0	56	0.0
-1145.0	54	0.0
-1144.0	60	0.0
-1143.0	54	0.0
-1142.0	59	0.0
-1141.0	73	0.0
-1140.0	49	0.0
-1139.0	53	0.0
-1138.0	59	0.0
-1137.0	56	0.0
-1136.0	37	0.0
-1135.0	64	0.0
-1134.0	65	0.0
-1133.0	54	0.0
-1132.0	58	0.0
-1131.0	53	0.0
-1130.0	70	0.0
-1129.0	59	0.0
-1128.0	56	0.0
-1127.0	50	0.0
-1126.0	58	0.0
-1125.0	66	0.0
-1124.0	60	0.0
-1123.0	60	0.0
-1122.0	58	0.0
-1121.0	41	0.0
-1120.0	56	0.0
-1119.0	54	0.0
-1118.0	66	0.0
-1117.0	48	0.0
-1116.0	44	0.0
-1115.0	57	0.0
-1114.0	55	0.0
-1113.0	60	0.0
-1112.0	60	0.0
-1111.0	59	0.0
-1110.0	71	0.0
-1109.0	64	0.0
-1108.0	62	0.0
-1107.0	57	0.0
-1106.0	62	0.0
-1105.0	72	0.0
-1104.0	59	0.0
-1103.0	59	0.0
-1102.0	64	0.0
-1101.0	56	0.0
-1100.0	54	0.0
-1099.0	48	0.0
-1098.0	66	0.0
-1097.0	55	0.0
-1096.0	54	0.0
-1095.0	70	0.0
-1094.0	67	0.0
-1093.0	75	0.0
-1092.0	57	0.0
-1091.0	66	0.0
-1090.0	59	0.0
-1089.0	80	0.0
-1088.0	49	0.0
-1087.0	49	0.0
-1086.0	61	0.0
-1085.0	67	0.0
-1084.0	60	0.0
-1083.0	63	0.0
-1082.0	72	0.0
-1081.0	66	0.0
-1080.0	59	0.0
-1079.0	46	0.0
-1078.0	55	0.0
-1077.0	66	0.0
-1076.0	47	0.0
-1075.0	57	0.0
-1074.0	52	0.0
-1073.0	51	0.0
-1072.0	53	0.0
-1071.0	41	0.0
-1070.0	59	0.0
-1069.0	55	0.0
-1068.0	53	0.0
-1067.0	62	0.0
-1066.0	52	0.0
-1065.0	58	0.0
-1064.0	61	0.0
-1063.0	67	0.0
-1062.0	45	0.0
-1061.0	53	0.0
-1060.0	59	0.0
-1059.0	63	0.0
-1058.0	50	0.0
-1057.0	49	0.0
-1056.0	68	0.0
-1055.0	44	0.0
-1054.0	59	0.0
-1053.0	65	0.0
-1052.0	65	0.0
-1051.0	56	0.0
-1050.0	51	0.0
-1049.0	70	0.0
-1048.0	58	0.0
-1047.0	53	0.0
-1046.0	61	0.0
-1045.0	56	0.0
-1044.0	59	0.0
-1043.0	54	0.0
-1042.0	62	0.0
-1041.0	60	0.0
-1040.0	49	0.0
-1039.0	52	0.0
-1038.0	64	0.0
-1037.0	68	0.0
-1036.0	56	0.0
-1035.0	47	0.0
-1034.0	52	0.0
-1033.0	52	0.0
-1032.0	51	0.0
-1031.0	38	0.0
-1030.0	57	0.0
-1029.0	59	0.0
-1028.0	53	0.0
-1027.0	55	0.0
-1026.0	56	0.0
-1025.0	50	0.0
-1024.0	62	0.0
-1023.0	58	0.0
-1022.0	51	0.0
-1021.0	65	0.0
-1020.0	63	0.0
-1019.0	48	0.0
-1018.0	59	0.0
-1017.0	70	0.0
-1016.0	52	0.0
-1015.0	69	0.0
-1014.0	46	0.0
-1013.0	62	0.0
-1012.0	59	0.0
-1011.0	60	0.0
-1010.0	66	0.0
-1009.0	51	0.0
-1008.0	62	0.0
-1007.0	57	0.0
-1006.0	57	0.0
-1005.0	61	0.0
-1004.0	61	0.0
-1003.0	37	0.0
-1002.0	55	0.0
-1001.0	69	0.0
-1000.0	56	0.0
-999.0	73	0.0
-998.0	60	0.0
-997.0	44	0.0
-996.0	63	0.0
-995.0	55	0.0
-994.0	65	0.0
-993.0	67	0.0
-992.0	66	0.0
-991.0	62	0.0
-990.0	52	0.0
-989.0	64	0.0
-988.0	54	0.0
-987.0	56	0.0
-986.0	60	0.0
-985.0	60	0.0
-984.0	46	0.0
-983.0	68	0.0
-982.0	57	0.0
-981.0	65	0.0
-980.0	67	0.0
-979.0	51	0.0
-978.0	71	0.0
-977.0	89	0.0
-976.0	62	0.0
-975.0	49	0.0
-974.0	60	0.0
-973.0	56	0.0
-972.0	72	0.0
-971.0	42	0.0
-970.0	55	0.0
-969.0	68	0.0
-968.0	61	0.0
-967.0	57	0.0
-966.0	50	0.0
-965.0	58	0.0
-964.0	55	0.0
-963.0	55	0.0
-962.0	59	0.0
-961.0	62	0.0
-960.0	68	0.0
-959.0	65	0.0
-958.0	58	0.0
-957.0	57	0.0
-956.0	68	0.0
-955.0	55	0.0
-954.0	43	0.0
-953.0	70	0.0
-952.0	54	0.0
-951.0	58	0.0
-950.0	50	0.0
-949.0	51	0.0
-948.0	54	0.0
-947.0	54	0.0
-946.0	56	0.0
-945.0	55	0.0
-944.0	65	0.0
-943.0	45	0.0
-942.0	60	0.0
-941.0	54	0.0
-940.0	47	0.0
-939.0	54	0.0
-938.0	59	0.0
-937.0	65	0.0
-936.0	65	0.0
-935.0	64	0.0
-934.0	62	0.0
-933.0	47	0.0
-932.0	71	0.0
-931.0	79	0.0
-930.0	62	0.0
-929.0	63	0.0
-928.0	64	0.0
-927.0	59	0.0
-926.0	60	0.0
-925.0	63	0.0
-924.0	57	0.0
-923.0	45	0.0
-922.0	65	0.0
-921.0	73	0.0
-920.0	58	0.0
-919.0	60	0.0
-918.0	41	0.0
-917.0	56	0.0
-916.0	62	0.0
-915.0	64	0.0
-914.0	59	0.0
-913.0	54	0.0
-912.0	48	0.0
-911.0	65	0.0
-910.0	64	0.0
-909.0	48	0.0
-908.0	66	0.0
-907.0	62	0.0
-906.0	49	0.0
-905.0	58	0.0
-904.0	64	0.0
-903.0	83	0.0
-902.0	63	0.0
-901.0	52	0.0
-900.0	45	0.0
-899.0	68	0.0
-898.0	50	0.0
-897.0	59	0.0
-896.0	53	0.0
-895.0	57	0.0
-894.0	48	0.0
-893.0	45	0.0
-892.0	63	0.0
-891.0	65	0.0
-890.0	69	0.0
-889.0	70	0.0
-888.0	64	0.0
-887.0	50	0.0
-886.0	69	0.0
-885.0	58	0.0
-884.0	44	0.0
-883.0	57	0.0
-882.0	54	0.0
-881.0	57	0.0
-880.0	60	0.0
-879.0	64	0.0
-878.0	59	0.0
-877.0	65	0.0
-876.0	62	0.0
-875.0	57	0.0
-874.0	68	0.0
-873.0	61	0.0
-872.0	53	0.0
-871.0	67	0.0
-870.0	62	0.0
-869.0	49	0.0
-868.0	45	0.0
-867.0	76	0.0
-866.0	47	0.0
-865.0	55	0.0
-864.0	55	0.0
-863.0	60	0.0
-862.0	43	0.0
-861.0	54	0.0
-860.0	55	0.0
-859.0	54	0.0
-858.0	58	0.0
-857.0	58	0.0
-856.0	52	0.0
-855.0	67	0.0
-854.0	59	0.0
-853.0	61	0.0
-852.0	60	0.0
-851.0	67	0.0
-850.0	58	0.0
-849.0	63	0.0
-848.0	50	0.0
-847.0	46	0.0
-846.0	71	0.0
-845.0	55	0.0
-844.0	57	0.0
-843.0	68	0.0
-842.0	61	0.0
-841.0	54	0.0
-840.0	55	0.0
-839.0	45	0.0
-838.0	52	0.0
-837.0	49	0.0
-836.0	55	0.0
-835.0	58	0.0
-834.0	54	0.0
-833.0	60	0.0
-832.0	67	0.0
-831.0	54	0.0
-830.0	81	0.0
-829.0	58	0.0
-828.0	71	0.0
-827.0	45	0.0
-826.0	67	0.0
-825.0	52	0.0
-824.0	51	0.0
-823.0	65	0.0
-822.0	58	0.0
-821.0	59	0.0
-820.0	51	0.0
-819.0	58	0.0
-818.0	55	0.0
-817.0	59	0.0
-816.0	47	0.0
-815.0	54	0.0
-814.0	45	0.0
-813.0	56	0.0
-812.0	58	0.0
-811.0	56	0.0
-810.0	69	0.0
-809.0	52	0.0
-808.0	51	0.0
-807.0	66	0.0
-806.0	65	0.0
-805.0	53	0.0
-804.0	58	0.0
-803.0	60	0.0
-802.0	62	0.0
-801.0	75	0.0
-800.0	63	0.0
-799.0	63	0.0
-798.0	59	0.0
-797.0	69	0.0
-796.0	48	0.0
-795.0	56	0.0
-794.0	57	0.0
-793.0	62	0.0
-792.0	58	0.0
-791.0	44	0.0
-790.0	47	0.0
-789.0	69	0.0
-788.0	61	0.0
-787.0	45	0.0
-786.0	64	0.0
-785.0	73	0.0
-784.0	59	0.0
-783.0	64	0.0
-782.0	66	0.0
-781.0	62	0.0
-780.0	64	0.0
-779.0	57	0.0
-778.0	69	0.0
-777.0	65	0.0
-776.0	45	0.0
-775.0	74	0.0
-774.0	56	0.0
-773.0	69	0.0
-772.0	63	0.0
-771.0	66	0.0
-770.0	70	0.0
-769.0	66	0.0
-768.0	67	0.0
-767.0	73	0.0
-766.0	57	0.0
-765.0	59	0.0
-764.0	65	0.0
-763.0	54	0.0
-762.0	64	0.0
-761.0	55	0.0
-760.0	65	0.0
-759.0	50	0.0
-758.0	47	0.0
-757.0	59	0.0
-756.0	50	0.0
-755.0	58	0.0
-754.0	50	0.0
-753.0	47	0.0
-752.0	60	0.0
-751.0	55	0.0
-750.0	53	0.0
-749.0	64	0.0
-748.0	47	0.0
-747.0	47	0.0
-746.0	62	0.0
-745.0	55	0.0
-744.0	65	0.0
-743.0	51	0.0
-742.0	48	0.0
-741.0	47	0.0
-740.0	59	0.0
-739.0	48	0.0
-738.0	49	0.0
-737.0	62	0.0
-736.0	53	0.0
-735.0	45	0.0
-734.0	60	0.0
-733.0	70	0.0
-732.0	51	0.0
-731.0	52	0.0
-730.0	58	0.0
-729.0	52	0.0
-728.0	70	0.0
-727.0	59	0.0
-726.0	59	0.0
-725.0	57	0.0
-724.0	61	0.0
-723.0	52	0.0
-722.0	56	0.0
-721.0	55	0.0
-720.0	75	0.0
-719.0	59	0.0
-718.0	60	0.0
-717.0	57	0.0
-716.0	57	0.0
-715.0	59	0.0
-714.0	59	0.0
-713.0	62	0.0
-712.0	56	0.0
-711.0	72	0.0
-710.0	47	0.0
-709.0	58	0.0
-708.0	66	0.0
-707.0	59	0.0
-706.0	51	0.0
-705.0	54	0.0
-704.0	72	0.0
-703.0	60	0.0
-702.0	71	0.0
-701.0	76	0.0
-700.0	67	0.0
-699.0	61	0.0
-698.0	60	0.0
-697.0	66	0.0
-696.0	47	0.0
-695.0	70	0.0
-694.0	66	0.0
-693.0	59	0.0
-692.0	47	0.0
-691.0	58	0.0
-690.0	45	0.0
-689.0	72	0.0
-688.0	58	0.0
-687.0	53	0.0
-686.0	60	0.0
-685.0	64	0.0
-684.0	59	0.0
-683.0	59	0.0
-682.0	69	0.0
-681.0	64	0.0
-680.0	54	0.0
-679.0	61	0.0
-678.0	54	0.0
-677.0	47	0.0
-676.0	47	0.0
-675.0	58	0.0
-674.0	65	0.0
-673.0	57	0.0
-672.0	71	0.0
-671.0	63	0.0
-670.0	57	0.0
-669.0	60	0.0
-668.0	46	0.0
-667.0	62	0.0
-666.0	58	0.0
-665.0	62	0.0
-664.0	64	0.0
-663.0	63	0.0
-662.0	62	0.0
-661.0	53	0.0
-660.0	61	0.0
-659.0	50	0.0
-658.0	47	0.0
-657.0	73	0.0
-656.0	52	0.0
-655.0	69	0.0
-654.0	60	0.0
-653.0	65	0.0
-652.0	79	0.0
-651.0	54	0.0
-650.0	63	0.0
-649.0	70	0.0
-648.0	61	0.0
-647.0	66	0.0
-646.0	63	0.0
-645.0	65	0.0
-644.0	62	0.0
-643.0	62	0.0
-642.0	37	0.0
-641.0	53	0.0
-640.0	51	0.0
-639.0	44	0.0
-638.0	72	0.0
-637.0	58	0.0
-636.0	54	0.0
-635.0	72	0.0
-634.0	65	0.0
-633.0	67	0.0
-632.0	49	0.0
-631.0	67	0.0
-630.0	71	0.0
-629.0	57	0.0
-628.0	48	0.0
-627.0	63	0.0
-626.0	65	0.0
-625.0	51	0.0
-624.0	59	0.0
-623.0	57	0.0
-622.0	64	0.0
-621.0	69	0.0
-620.0	52	0.0
-619.0	51	0.0
-618.0	69	0.0
-617.0	69	0.0
-616.0	63	0.0
-615.0	59	0.0
-614.0	53	0.0
-613.0	69	0.0
-612.0	49	0.0
-611.0	54	0.0
-610.0	77	0.0
-609.0	51	0.0
-608.0	62	0.0
-607.0	52	0.0
-606.0	55	0.0
-605.0	60	0.0
-604.0	59	0.0
-603.0	61	0.0
-602.0	67	0.0
-601.0	44	0.0
-600.0	66	0.0
-599.0	49	0.0
-598.0	63	0.0
-597.0	68	0.0
-596.0	46	0.0
-595.0	49	0.0
-594.0	72	0.0
-593.0	59	0.0
-592.0	57	0.0
-591.0	73	0.0
-590.0	71	0.0
-589.0	68	0.0
-588.0	44	0.0
-587.0	65	0.0
-586.0	61	0.0
-585.0	69	0.0
-584.0	56	0.0
-583.0	49	0.0
-582.0	58	0.0
-581.0	67	0.0
-580.0	49	0.0
-579.0	67	0.0
-578.0	55	0.0
-577.0	70	0.0
-576.0	67	0.0
-575.0	45	0.0
-574.0	46	0.0
-573.0	59	0.0
-572.0	69	0.0
-571.0	60	0.0
-570.0	67	0.0
-569.0	50	0.0
-568.0	60	0.0
-567.0	61	0.0
-566.0	78	0.0
-565.0	64	0.0
-564.0	58	0.0
-563.0	65	0.0
-562.0	70	0.0
-561.0	67	0.0
-560.0	59	0.0
-559.0	66	0.0
-558.0	50	0.0
-557.0	60	0.0
-556.0	50	0.0
-555.0	63	0.0
-554.0	51	0.0
-553.0	52	0.0
-552.0	59	0.0
-551.0	77	0.0
-550.0	39	0.0
-549.0	44	0.0
-548.0	56	0.0
-547.0	55	0.0
-546.0	59	0.0
-545.0	67	0.0
-544.0	71	0.0
-543.0	54	0.0
-542.0	70	0.0
-541.0	67	0.0
-540.0	55	0.0
-539.0	54	0.0
-538.0	63	0.0
-537.0	57	0.0
-536.0	58	0.0
-535.0	58	0.0
-534.0	65	0.0
-533.0	58	0.0
-532.0	48	0.0
-531.0	59	0.0
-530.0	65	0.0
-529.0	74	0.0
-528.0	46	0.0
-527.0	67	0.0
-526.0	76	0.0
-525.0	67	0.0
-524.0	53	0.0
-523.0	59	0.0
-522.0	58	0.0
-521.0	60	0.0
-520.0	74	0.0
-519.0	59	0.0
-518.0	55	0.0
-517.0	73	0.0
-516.0	65	0.0
-515.0	51	0.0
-514.0	52	0.0
-513.0	70	0.0
-512.0	65	0.0
-511.0	68	0.0
-510.0	58	0.0
-509.0	61	0.0
-508.0	63	0.0
-507.0	59	0.0
-506.0	65	0.0
-505.0	65	0.0
-504.0	60	0.0
-503.0	59	0.0
-502.0	51	0.0
-501.0	56	0.0
-500.0	69	0.0
-499.0	66	0.0
-498.0	50	0.0
-497.0	50	0.0
-496.0	52	0.0
-495.0	63	0.0
-494.0	51	0.0
-493.0	51	0.0
-492.0	63	0.0
-491.0	57	0.0
-490.0	53	0.0
-489.0	74	0.0
-488.0	59	0.0
-487.0	52	0.0
-486.0	66	0.0
-485.0	49	0.0
-484.0	65	0.0
-483.0	63	0.0
-482.0	61	0.0
-481.0	68	0.0
-480.0	58	0.0
-479.0	57	0.0
-478.0	52	0.0
-477.0	60	0.0
-476.0	71	0.0
-475.0	69	0.0
-474.0	53	0.0
-473.0	53	0.0
-472.0	65	0.0
-471.0	61	0.0
-470.0	50	0.0
-469.0	52	0.0
-468.0	68	0.0
-467.0	68	0.0
-466.0	65	0.0
-465.0	60	0.0
-464.0	69	0.0
-463.0	67	0.0
-462.0	62	0.0
-461.0	54	0.0
-460.0	80	0.0
-459.0	68	0.0
-458.0	55	0.0
-457.0	57	0.0
-456.0	55	0.0
-455.0	77	0.0
-454.0	77	0.0
-453.0	64	0.0
-452.0	57	0.0
-451.0	55	0.0
-450.0	42	0.0
-449.0	64	0.0
-448.0	54	0.0
-447.0	55	0.0
-446.0	45	0.0
-445.0	70	0.0
-444.0	78	0.0
-443.0	53	0.0
-442.0	60	0.0
-441.0	48	0.0
-440.0	45	0.0
-439.0	66	0.0
-438.0	62	0.0
-437.0	58	0.0
-436.0	66	0.0
-435.0	56	0.0
-434.0	65	0.0
-433.0	46	0.0
-432.0	46	0.0
-431.0	49	0.0
-430.0	61	0.0
-429.0	65	0.0
-428.0	67	0.0
-427.0	52	0.0
-426.0	53	0.0
-425.0	62	0.0
-424.0	55	0.0
-423.0	62	0.0
-422.0	61	0.0
-421.0	53	0.0
-420.0	51	0.0
-419.0	58	0.0
-418.0	64	0.0
-417.0	58	0.0
-416.0	62	0.0
-415.0	68	0.0
-414.0	55	0.0
-413.0	73	0.0
-412.0	58	0.0
-411.0	48	0.0
-410.0	52	0.0
-409.0	58	0.0
-408.0	53	0.0
-407.0	69	0.0
-406.0	60	0.0
-405.0	71	0.0
-404.0	49	0.0
-403.0	66	0.0
-402.0	61	0.0
-401.0	48	0.0
-400.0	66	0.0
-399.0	56	0.0
-398.0	61	0.0
-397.0	53	0.0
-396.0	49	0.0
-395.0	64	0.0
-394.0	58	0.0
-393.0	59	0.0
-392.0	53	0.0
-391.0	45	0.0
-390.0	57	0.0
-389.0	71	0.0
-388.0	58	0.0
-387.0	54	0.0
-386.0	61	0.0
-385.0	47	0.0
-384.0	71	0.0
-383.0	50	0.0
-382.0	54	0.0
-381.0	58	0.0
-380.0	47	0.0
-379.0	35	0.0
-378.0	57	0.0
-377.0	66	0.0
-376.0	56	0.0
-375.0	63	0.0
-374.0	64	0.0
-373.0	53	0.0
-372.0	53	0.0
-371.0	58	0.0
-370.0	52	0.0
-369.0	68	0.0
-368.0	58	0.0
-367.0	59	0.0
-366.0	64	0.0
-365.0	58	0.0
-364.0	66	0.0
-363.0	56	0.0
-362.0	53	0.0
-361.0	56	0.0
-360.0	61	0.0
-359.0	62	0.0
-358.0	59	0.0
-357.0	67	0.0
-356.0	58	0.0
-355.0	65	0.0
-354.0	52	0.0
-353.0	62	0.0
-352.0	60	0.0
-351.0	66	0.0
-350.0	50	0.0
-349.0	70	0.0
-348.0	59	0.0
-347.0	57	0.0
-346.0	61	0.0
-345.0	54	0.0
-344.0	50	0.0
-343.0	61	0.0
-342.0	81	0.0
-341.0	58	0.0
-340.0	62	0.0
-339.0	60	0.0
-338.0	64	0.0
-337.0	60	0.0
-336.0	62	0.0
-335.0	57	0.0
-334.0	40	0.0
-333.0	54	0.0
-332.0	57	0.0
-331.0	60	0.0
-330.0	77	0.0
-329.0	70	0.0
-328.0	55	0.0
-327.0	65	0.0
-326.0	63	0.0
-325.0	49	0.0
-324.0	44	0.0
-323.0	56	0.0
-322.0	46	0.0
-321.0	62	0.0
-320.0	69	0.0
-319.0	62	0.0
-318.0	57	0.0
-317.0	82	0.0
-316.0	63	0.0
-315.0	56	0.0
-314.0	42	0.0
-313.0	59	0.0
-312.0	46	0.0
-311.0	64	0.0
-310.0	61	0.0
-309.0	58	0.0
-308.0	51	0.0
-307.0	76	0.0
-306.0	50	0.0
-305.0	54	0.0
-304.0	43	0.0
-303.0	52	0.0
-302.0	57	0.0
-301.0	67	0.0
-300.0	67	0.0
-299.0	66	0.0
-298.0	50	0.0
-297.0	71	0.0
-296.0	60	0.0
-295.0	62	0.0
-294.0	64	0.0
-293.0	67	0.0
-292.0	69	0.0
-291.0	69	0.0
-290.0	69	0.0
-289.0	73	0.0
-288.0	62	0.0
-287.0	53	0.0
-286.0	66	0.0
-285.0	76	0.0
-284.0	43	0.0
-283.0	50	0.0
-282.0	55	0.0
-281.0	57	0.0
-280.0	58	0.0
-279.0	56	0.0
-278.0	61	0.0
-277.0	64	0.0
-276.0	69	0.0
-275.0	57	0.0
-274.0	52	0.0
-273.0	55	0.0
-272.0	63	0.0
-271.0	67	0.0
-270.0	50	0.0
-269.0	63	0.0
-268.0	60	0.0
-267.0	62	0.0
-266.0	56	0.0
-265.0	69	0.0
-264.0	65	0.0
-263.0	50	0.0
-262.0	60	0.0
-261.0	68	0.0
-260.0	64	0.0
-259.0	58	0.0
-258.0	59	0.0
-257.0	60	0.0
-256.0	61	0.0
-255.0	60	0.0
-254.0	51	0.0
-253.0	60	0.0
-252.0	63	0.0
-251.0	58	0.0
-250.0	59	0.0
-249.0	66	0.0
-248.0	62	0.0
-247.0	67	0.0
-246.0	61	0.0
-245.0	49	0.0
-244.0	68	0.0
-243.0	55	0.0
-242.0	51	0.0
-241.0	62	0.0
-240.0	44	0.0
-239.0	59	0.0
-238.0	55	0.0
-237.0	68	0.0
-236.0	56	0.0
-235.0	68	0.0
-234.0	52	0.0
-233.0	53	0.0
-232.0	69	0.0
-231.0	57	0.0
-230.0	75	0.0
-229.0	46	0.0
-228.0	68	0.0
-227.0	58	0.0
-226.0	56	0.0
-225.0	57	0.0
-224.0	51	0.0
-223.0	55	0.0
-222.0	60	0.0
-221.0	51	0.0
-220.0	71	0.0
-219.0	56	0.0
-218.0	63	0.0
-217.0	66	0.0
-216.0	72	0.0
-215.0	63	0.0
-214.0	46	0.0
-213.0	68	0.0
-212.0	55	0.0
-211.0	55	0.0
-210.0	56	0.0
-209.0	54	0.0
-208.0	49	0.0
-207.0	64	0.0
-206.0	45	0.0
-205.0	49	0.0
-204.0	47	0.0
-203.0	58	0.0
-202.0	57	0.0
-201.0	63	0.0
-200.0	57	0.0
-199.0	62	0.0
-198.0	46	0.0
-197.0	67	0.0
-196.0	59	0.0
-195.0	49	0.0
-194.0	65	0.0
-193.0	44	0.0
-192.0	68	0.0
-191.0	58	0.0
-190.0	57	0.0
-189.0	61	0.0
-188.0	61	0.0
-187.0	45	0.0
-186.0	50	0.0
-185.0	45	0.0
-184.0	79	0.0
-183.0	59	0.0
-182.0	54	0.0
-181.0	51	0.0
-180.0	53	0.0
-179.0	71	0.0
-178.0	61	0.0
-177.0	64	0.0
-176.0	57	0.0
-175.0	52	0.0
-174.0	61	0.0
-173.0	58	0.0
-172.0	73	0.0
-171.0	58	0.0
-170.0	51	0.0
-169.0	69	0.0
-168.0	66	0.0
-167.0	54	0.0
-166.0	55	0.0
-165.0	62	0.0
-164.0	53	0.0
-163.0	62	0.0
-162.0	50	0.0
-161.0	64	0.0
-160.0	54	0.0
-159.0	54	0.0
-158.0	77	0.0
-157.0	60	0.0
-156.0	59	0.0
-155.0	58	0.0
-154.0	59	0.0
-153.0	60	0.0
-152.0	72	0.0
-151.0	49	0.0
-150.0	58	0.0
-149.0	51	0.0
-148.0	49	0.0
-147.0	57	0.0
-146.0	42	0.0
-145.0	63	0.0
-144.0	76	0.0
-143.0	63	0.0
-142.0	70	0.0
-141.0	56	0.0
-140.0	63	0.0
-139.0	49	0.0
-138.0	68	0.0
-137.0	72	0.0
-136.0	50	0.0
-135.0	61	0.0
-134.0	76	0.0
-133.0	68	0.0
-132.0	56	0.0
-131.0	65	0.0
-130.0	60	0.0
-129.0	47	0.0
-128.0	71	0.0
-127.0	53	0.0
-126.0	48	0.0
-125.0	56	0.0
-124.0	58	0.0
-123.0	74	0.0
-122.0	59	0.0
-121.0	69	0.0
-120.0	51	0.0
-119.0	63	0.0
-118.0	75	0.0
-117.0	52	0.0
-116.0	68	0.0
-115.0	65	0.0
-114.0	59	0.0
-113.0	67	0.0
-112.0	72	0.0
-111.0	70	0.0
-110.0	60	0.0
-109.0	66	0.0
-108.0	52	0.0
-107.0	52	0.0
-106.0	64	0.0
-105.0	60	0.0
-104.0	63	0.0
-103.0	57	0.0
-102.0	70	0.0
-101.0	63	0.0
-100.0	76	0.0
-99.0	52	0.0
-98.0	59	0.0
-97.0	54	0.0
-96.0	70	0.0
-95.0	43	0.0
-94.0	52	0.0
-93.0	47	0.0
-92.0	59	0.0
-91.0	77	0.0
-90.0	76	0.0
-89.0	77	0.0
-88.0	47	0.0
-87.0	52	0.0
-86.0	58	0.0
-85.0	54	0.0
-84.0	65	0.0
-83.0	65	0.0
-82.0	72	0.0
-81.0	63	0.0
-80.0	44	0.0
-79.0	69	0.0
-78.0	53	0.0
-77.0	58	0.0
-76.0	46	0.0
-75.0	56	0.0
-74.0	80	0.0
-73.0	69	0.0
-72.0	40	0.0
-71.0	75	0.0
-70.0	59	0.0
-69.0	51	0.0
-68.0	69	0.0
-67.0	41	0.0
-66.0	45	0.0
-65.0	57	0.0
-64.0	69	0.0
-63.0	57	0.0
-62.0	57	0.0
-61.0	61	0.0
-60.0	82	0.0
-59.0	79	0.0
-58.0	57	0.0
-57.0	69	0.0
-56.0	69	0.0
-55.0	68	0.0
-54.0	56	0.0
-53.0	55	0.0
-52.0	59	0.0
-51.0	60	0.0
-50.0	55	0.0
-49.0	67	0.0
-48.0	62	0.0
-47.0	47	0.0
-46.0	68	0.0
-45.0	56	0.0
-44.0	63	0.0
-43.0	56	0.0
-42.0	53	0.0
-41.0	72	0.0
-40.0	64	0.0
-39.0	65	0.0
-38.0	62	0.0
-37.0	61	0.0
-36.0	63	0.0
-35.0	73	0.0
-34.0	52	0.0
-33.0	69	0.0
-32.0	60	0.0
-31.0	55	0.0
-30.0	60	0.0
-29.0	67	0.0
-28.0	51	0.0
-27.0	58	0.0
-26.0	57	0.0
-25.0	59	0.0
-24.0	74	0.0
-23.0	54	0.0
-22.0	64	0.0
-21.0	59	0.0
-20.0	55	0.0
-19.0	52	0.0
-18.0	59	0.0
-17.0	55	0.0
-16.0	58	0.0
-15.0	58	0.0
-14.0	57	0.0
-13.0	53	0.0
-12.0	63	0.0
-11.0	54	0.0
-10.0	53	0.0
-9.0	50	0.0
-8.0	62	0.0
-7.0	55	0.0
-6.0	65	0.0
-5.0	60	0.0
-4.0	58	0.0
-3.0	50	0.0
-2.0	62	0.0
-1.0	56	0.0
0.0	47	0.0
1.0	55	0.0
2.0	62	0.0
3.0	54	0.0
4.0	47	0.0
5.0	54	0.0
6.0	59	0.0
7.0	62	0.0
8.0	54	0.0
9.0	63	0.0
10.0	51	0.0
11.0	60	0.0
12.0	69	0.0
13.0	65	0.0
14.0	63	0.0
15.0	50	0.0
16.0	56	0.0
17.0	64	0.0
18.0	57	0.0
19.0	53	0.0
20.0	64	0.0
21.0	49	0.0
22.0	73	0.0
23.0	47	0.0
24.0	68	0.0
25.0	67	0.0
26.0	53	0.0
27.0	65	0.0
28.0	48	0.0
29.0	58	0.0
30.0	64	0.0
31.0	63	0.0
32.0	64	0.0
33.0	63	0.0
34.0	57	0.0
35.0	59	0.0
36.0	71	0.0
37.0	54	1704.3347041376023
38.0	67	3263.3913592563617
39.0	69	4687.066140092213
40.0	72	5984.6459696503125
41.0	76	7164.843924666474
42.0	62	8235.832658959172
43.0	64	9205.275952772123
44.0	66	10080.358490424467
45.0	64	10867.813963108178
46.0	76	11573.951588483085
47.0	70	12204.681133805123
48.0	92	12765.536524667707
49.0	99	13261.698117026444
50.0	79	13698.013706001611
51.0	94	14079.018340996594
52.0	79	14408.953012925524
53.0	84	14691.782275794974
54.0	123	14931.210861526028
55.0	100	15130.699343721513
56.0	86	15293.478903071275
57.0	97	15422.565244236112
58.0	91	15520.771711351084
59.0	87	15590.721646731565
60.0	104	15634.86003494569
61.0	89	15655.464472124917
62.0	102	15654.655498215423
63.0	89	15634.406327819761
64.0	84	15596.552013334427
65.0	96	15542.798072249423
66.0	81	15474.728608734562
67.0	89	15393.813957989483
68.0	92	15301.417880274521
69.0	77	15198.804330063922
70.0	76	15087.143824366061
71.0	77	14967.519432934028
72.0	92	14840.932411839016
73.0	97	14708.307500696616
74.0	82	14570.497902715804
75.0	83	14428.289965682592
76.0	93	14282.407580987436
77.0	77	14133.516316858746
78.0	94	13982.227301068298
79.0	75	13829.100867526158
80.0	81	13674.649980381639
81.0	86	13519.34344848792
82.0	83	13363.6089423711
83.0	74	13207.83582516659
84.0	82	13052.377808344032
85.0	82	12897.555442436242
86.0	78	12743.658452414349
87.0	71	12590.947926809178
88.0	90	12439.658369167339
89.0	83	12289.999619945522
90.0	71	12142.158656489753
91.0	92	11996.301278313073
92.0	86	11852.573684476713
93.0	78	11711.103949493776
94.0	74	11572.003403808982
95.0	92	11435.367924563445
96.0	73	11301.279142027677
97.0	74	11169.80556677808
98.0	86	11041.003642401474
99.0	69	10914.918728237477
100.0	77	10791.586016409465
101.0	83	10671.031387149404
102.0	85	10553.27220619085
103.0	72	10438.31806778584
104.0	87	10326.171486695219
105.0	68	10216.828542307096
106.0	86	10110.279477854447
107.0	84	10006.5092575293
108.0	84	9905.498084127317
109.0	82	9807.221879701725
110.0	86	9711.652731560045
111.0	82	9618.759305799473
112.0	58	9528.507230446387
113.0	83	9440.859450143915
114.0	76	9355.776554215086
115.0	74	9273.217079820588
116.0	75	9193.13779182745
117.0	76	9115.493940907661
118.0	87	9040.23950129504
119.0	63	8967.327389541706
120.0	74	8896.709665535129
121.0	75	8828.337716959719
122.0	66	8762.162428314936
123.0	74	8698.134335533949
124.0	68	8636.203767182982
125.0	77	8576.32097316092
126.0	59	8518.436241762141
127.0	78	8462.500005912127
128.0	98	8408.462939334606
129.0	69	8356.27604336221
130.0	91	8305.890725057254
131.0	78	8257.258867267925
132.0	99	8210.332891205027
133.0	64	8165.065812087663
134.0	73	8121.4112883709295
135.0	66	8079.323665035945
136.0	70	8038.758011391583
137.0	82	7999.670153807932
138.0	73	7962.016703774501
139.0	80	7925.755081650136
140.0	70	7890.84353644762
141.0	83	7857.2411619731165
142.0	64	7824.907909619445
143.0	63	7793.804598091841
144.0	72	7763.892920326376
145.0	75	7735.1354478433705
146.0	75	7707.495632761355
147.0	70	7680.937807682237
148.0	71	7655.427183642789
149.0	68	7630.9298463149125
150.0	86	7607.412750623353
151.0	68	7584.843713938241
152.0	83	7563.191407988215
153.0	90	7542.425349629287
154.0	72	7522.515890595027
155.0	72	7503.434206343929
156.0	81	7485.152284111738
157.0	67	7467.6429102677685
158.0	72	7450.87965706719
159.0	87	7434.836868883946
160.0	71	7419.489648002262
161.0	71	7404.813840038744
162.0	88	7390.786019061029
163.0	88	7377.383472463834
164.0	78	7364.584185657908
165.0	74	7352.366826622947
166.0	80	7340.710730371094
167.0	81	7329.595883363384
168.0	79	7319.002907918073
169.0	66	7308.913046645788
170.0	63	7299.30814694363
171.0	76	7290.170645576805
172.0	77	7281.483553374088
173.0	79	7273.230440060141
174.0	74	7265.395419245923
175.0	70	7257.963133595547
176.0	77	7250.918740186371
177.0	80	7244.24789607674
178.0	60	7237.936744094344
179.0	56	7231.971898856144
180.0	60	7226.340433029611
181.0	73	7221.029863843488
182.0	67	7216.028139854826
183.0	74	7211.323627978118
184.0	74	7206.90510078105
185.0	64	7202.761724050458
186.0	75	7198.883044631182
187.0	70	7195.258978539611
188.0	74	7191.879799352888
189.0	74	7188.7361268742425
190.0	75	7185.818916074017
191.0	73	7183.119446305547
192.0	69	7180.629310794538
193.0	52	7178.340406399888
194.0	60	7176.244923643892
195.0	87	7174.335337008908
196.0	61	7172.604395497504
197.0	85	7171.045113452866
198.0	76	7169.650761635717
199.0	60	7168.414858553873
200.0	71	7167.331162040688
201.0	59	7166.393661077689
202.0	71	7165.5965678574385
203.0	64	7164.934310081902
204.0	67	7164.401523491781
205.0	80	7163.993044622077
206.0	73	7163.703903779139
207.0	70	7163.52931823434
208.0	68	7163.464685629662
209.0	69	7163.505577590095
210.0	68	7163.647733538112
211.0	65	7163.887054705355
212.0	78	7164.219598336501
213.0	74	7164.641572080688
214.0	84	7165.149328565457
215.0	70	7165.739360148626
216.0	86	7166.40829384316
217.0	69	7167.152886410579
218.0	74	7167.970019618124
219.0	65	7168.856695655122
220.0	76	7169.810032704206
221.0	72	7170.827260662743
222.0	85	7171.905717010358
223.0	76	7173.042842818038
224.0	77	7174.236178894886
225.0	70	7175.483362068127
226.0	85	7176.782121592674
227.0	78	7178.130275685892
228.0	74	7179.525728184141
229.0	73	7180.9664653170075
230.0	71	7182.4505525956365
231.0	75	7183.9761318115825
232.0	70	7185.541418142721
233.0	73	7187.144697362592
234.0	75	7188.7843231500665
235.0	72	7190.458714495932
236.0	78	7192.166353203301
237.0	75	7193.905781478647
238.0	50	7195.6755996106285
239.0	68	7197.474463733647
240.0	70	7199.301083673316
241.0	77	7201.154220871126
242.0	76	7203.032686385633
243.0	71	7204.935338967417
244.0	83	7206.861083205536
245.0	63	7208.808867742749
246.0	80	7210.777683557329
247.0	72	7212.7665623090925
248.0	77	7214.774574747273
249.0	71	7216.800829178366
250.0	81	7218.844469991535
251.0	72	7220.904676239663
252.0	83	7222.980660274164
253.0	64	7225.071666431551
254.0	63	7227.17696976976
255.0	84	7229.29587485284
256.0	78	7231.427714581858
257.0	86	7233.571849070583
258.0	74	7235.727664564243
259.0	66	7237.894572399857
260.0	68	7240.072008006463
261.0	88	7242.25942994406
262.0	78	7244.456318979523
263.0	72	7246.662177198382
264.0	93	7248.876527151007
265.0	82	7251.098911031956
266.0	82	7253.328889891281
267.0	66	7255.5660428765395
268.0	71	7257.809966504464
269.0	62	7260.0602739610595
270.0	77	7262.316594429175
271.0	79	7264.578572442433
272.0	73	7266.845867264538
273.0	64	7269.118152293065
274.0	74	7271.3951144867515
275.0	82	7273.676453815305
276.0	68	7275.961882731145
277.0	82	7278.251125661917
278.0	80	7280.543918523176
279.0	82	7282.840008250446
280.0	73	7285.139152349894
281.0	85	7287.441118466867
282.0	67	7289.745683971619
283.0	72	7292.052635561667
284.0	72	7294.36176887996
285.0	65	7296.672888148339
286.0	77	7298.985805815785
287.0	63	7301.300342220628
288.0	82	7303.616325266492
289.0	62	7305.93359011113
290.0	66	7308.251978867947
291.0	70	7310.57134031939
292.0	72	7312.891529642044
293.0	71	7315.212408142797
294.0	80	7317.533843005633
295.0	75	7319.855707048741
296.0	72	7322.177878491483
297.0	57	7324.5002407307375
298.0	56	7326.822682126443
299.0	81	7329.145095795767
300.0	80	7331.467379415719
301.0	78	7333.789435033784
302.0	70	7336.111168886283
303.0	71	7338.4324912241855
304.0	63	7340.75331614597
305.0	92	7343.073561437392
306.0	71	7345.3931484177865
307.0	87	7347.712001792686
308.0	66	7350.030049512461
309.0	75	7352.34722263678
310.0	66	7354.663455204658
311.0	69	7356.978684109824
312.0	78	7359.292848981223
313.0	75	7361.605892068487
314.0	74	7363.91775813205
315.0	70	7366.228394337877
316.0	65	7368.537750156517
317.0	58	7370.845777266259
318.0	66	7373.152429460465
319.0	93	7375.457662558544
320.0	75	7377.76143432076
321.0	62	7380.063704366511
322.0	75	7382.364434095984
323.0	71	7384.663586615139
324.0	65	7386.961126663746
325.0	67	7389.257020546392
326.0	78	7391.5512360665
327.0	61	7393.843742462899
328.0	70	7396.134510349194
329.0	68	7398.423511655634
330.0	82	7400.710719573318
331.0	77	7402.996108500854
332.0	67	7405.279653993163
333.0	69	7407.561332712514
334.0	76	7409.84112238145
335.0	80	7412.119001737881
336.0	73	7414.394950491912
337.0	75	7416.668949284564
338.0	63	7418.940979648168
339.0	60	7421.2110239685
340.0	74	7423.479065448399
341.0	81	7425.745088073047
342.0	74	7428.009076576571
343.0	77	7430.271016410171
344.0	87	7432.530893711518
345.0	70	7434.788695275466
346.0	62	7437.044408525992
347.0	73	7439.29802148933
348.0	59	7441.54952276823
349.0	81	7443.798901517324
350.0	84	7446.046147419509
351.0	63	7448.291250663305
352.0	84	7450.534201921269
353.0	81	7452.774992329202
354.0	76	7455.013613466322
355.0	73	7457.250057336237
356.0	59	7459.484316348745
357.0	95	7461.716383302391
358.0	84	7463.946251367761
359.0	87	7466.17391407152
360.0	70	7468.399365281069
361.0	70	7470.622599189935
362.0	65	7472.843610303703
363.0	71	7475.062393426583
364.0	68	7477.278943648548
365.0	51	7479.493256333032
366.0	72	7481.705327105129
367.0	93	7483.915151840294
368.0	74	7486.12272665355
369.0	80	7488.328047889134
370.0	59	7490.531112110602
371.0	70	7492.731916091355
372.0	69	7494.930456805518
373.0	76	7497.126731419328
374.0	69	7499.320737282738
375.0	67	7501.512471921516
376.0	75	7503.701933029594
377.0	96	7505.889118461803
378.0	75	7508.074026226854
379.0	73	7510.256654480661
380.0	65	7512.4370015200275
381.0	70	7514.615065776371
382.0	77	7516.790845810043
383.0	78	7518.964340304564
384.0	59	7521.135548061368
385.0	77	7523.304467994609
386.0	78	7525.471099126283
387.0	75	7527.635440581489
388.0	71	7529.7974915839495
389.0	75	7531.957251451726
390.0	84	7534.1147195930325
391.0	68	7536.269895502359
392.0	78	7538.422778756672
393.0	77	7540.57336901178
394.0	74	7542.721665998936
395.0	70	7544.867669521441
396.0	76	7547.011379451577
397.0	91	7549.1527957275275
398.0	85	7551.291918350485
399.0	68	7553.428747381867
400.0	83	7555.563282940706
401.0	86	7557.69552520109
402.0	83	7559.825474389705
403.0	80	7561.953130783569
404.0	67	7564.078494707756
405.0	85	7566.201566533321
406.0	79	7568.322346675232
407.0	67	7570.440835590425
408.0	82	7572.557033775961
409.0	68	7574.670941767228
410.0	71	7576.782560136251
411.0	70	7578.89188949007
412.0	77	7580.99893046913
413.0	77	7583.1036837458705
414.0	73	7585.206150023231
415.0	75	7587.30633003332
416.0	85	7589.404224536096
417.0	70	7591.499834318147
418.0	79	7593.593160191443
419.0	79	7595.684202992254
420.0	66	7597.772963579994
421.0	73	7599.859442836246
422.0	68	7601.9436416637
423.0	79	7604.025560985251
424.0	64	7606.105201743036
425.0	66	7608.182564897584
426.0	73	7610.257651426982
427.0	63	7612.330462326059
428.0	76	7614.400998605662
429.0	81	7616.4692612918525
430.0	86	7618.535251425265
431.0	76	7620.598970060437
432.0	74	7622.660418265125
433.0	75	7624.719597119735
434.0	67	7626.776507716728
435.0	69	7628.831151160036
436.0	67	7630.883528564568
437.0	64	7632.933641055647
438.0	85	7634.981489768572
439.0	68	7637.02707584812
440.0	88	7639.070400448107
441.0	73	7641.111464730954
442.0	70	7643.150269867267
443.0	69	7645.1868170354865
444.0	82	7647.22110742147
445.0	87	7649.253142218168
446.0	68	7651.282922625238
447.0	78	7653.31044984876
448.0	66	7655.335725100924
449.0	72	7657.358749599684
450.0	75	7659.379524568511
451.0	70	7661.398051236137
452.0	71	7663.414330836233
453.0	94	7665.428364607209
454.0	84	7667.440153791981
455.0	67	7669.4496996376765
456.0	71	7671.4570033955015
457.0	70	7673.462066320476
458.0	69	7675.464889671246
459.0	92	7677.465474709913
460.0	81	7679.463822701811
461.0	78	7681.459934915374
462.0	76	7683.453812621956
463.0	72	7685.445457095644
464.0	63	7687.434869613155
465.0	76	7689.422051453656
466.0	68	7691.407003898612
467.0	74	7693.38972823172
468.0	70	7695.370225738691
469.0	60	7697.348497707184
470.0	78	7699.324545426701
471.0	68	7701.298370188438
472.0	67	7703.269973285188
473.0	74	7705.239356011252
474.0	71	7707.206519662348
475.0	80	7709.171465535494
476.0	79	7711.134194928931
477.0	64	7713.094709142046
478.0	72	7715.05300947529
479.0	89	7717.009097230079
480.0	83	7718.962973708738
481.0	71	7720.914640214442
482.0	70	7722.864098051136
483.0	74	7724.811348523456
484.0	62	7726.75639293668
485.0	69	7728.699232596673
486.0	76	7730.639868809849
487.0	82	7732.578302883056
488.0	77	7734.514536123598
489.0	97	7736.44856983915
490.0	60	7738.380405337691
491.0	63	7740.310043927489
492.0	54	7742.237486917072
493.0	79	7744.16273561514
494.0	86	7746.085791330561
495.0	68	7748.006655372324
496.0	62	7749.925329049509
497.0	83	7751.841813671249
498.0	69	7753.756110546683
499.0	56	7755.668220984934
500.0	58	7757.578146295115
501.0	62	7759.485887786236
502.0	71	7761.391446767219
503.0	75	7763.294824546864
504.0	77	7765.1960224338345
505.0	73	7767.0950417366
506.0	86	7768.991883763447
507.0	65	7770.886549822462
508.0	71	7772.779041221463
509.0	60	7774.6693592680285
510.0	79	7776.557505269463
511.0	58	7778.443480532795
512.0	84	7780.327286364703
513.0	71	7782.208924071567
514.0	58	7784.088394959422
515.0	82	7785.965700333944
516.0	74	7787.8408415004415
517.0	77	7789.713819763828
518.0	74	7791.584636428632
519.0	74	7793.453292798962
520.0	71	7795.319790178512
521.0	75	7797.184129870537
522.0	64	7799.046313177861
523.0	90	7800.906341402836
524.0	82	7802.764215847365
525.0	63	7804.619937812863
526.0	86	7806.473508600293
527.0	73	7808.324929510094
528.0	87	7810.174201842211
529.0	64	7812.021326896114
530.0	65	7813.866305970707
531.0	97	7815.70914036443
532.0	79	7817.549831375161
533.0	86	7819.388380300247
534.0	85	7821.224788436508
535.0	73	7823.059057080203
536.0	90	7824.891187527061
537.0	82	7826.721181072226
538.0	59	7828.5490390103
539.0	74	7830.3747626353215
540.0	63	7832.198353240756
541.0	68	7834.01981211948
542.0	95	7835.839140563805
543.0	75	7837.6563398654525
544.0	72	7839.471411315565
545.0	65	7841.28435620468
546.0	76	7843.095175822764
547.0	75	7844.903871459162
548.0	70	7846.710444402638
549.0	77	7848.514895941337
550.0	67	7850.3172273628215
551.0	74	7852.117439954009
552.0	66	7853.915535001241
553.0	68	7855.711513790244
554.0	95	7857.505377606096
555.0	78	7859.2971277332945
556.0	71	7861.086765455685
557.0	64	7862.874292056526
558.0	78	7864.659708818432
559.0	71	7866.443017023398
560.0	66	7868.224217952778
561.0	76	7870.003312887321
562.0	72	7871.780303107126
563.0	72	7873.55518989168
564.0	67	7875.327974519819
565.0	75	7877.0986582697615
566.0	71	7878.867242419083
567.0	76	7880.633728244717
568.0	62	7882.3981170229645
569.0	69	7884.160410029504
570.0	81	7885.920608539359
571.0	79	7887.67871382692
572.0	72	7889.434727165921
573.0	70	7891.188649829467
574.0	72	7892.940483090039
575.0	73	7894.690228219446
576.0	75	7896.437886488878
577.0	68	7898.183459168842
578.0	50	7899.926947529262
579.0	78	7901.668352839361
580.0	78	7903.407676367739
581.0	96	7905.14491938236
582.0	62	7906.880083150526
583.0	89	7908.61316893891
584.0	84	7910.344178013508
585.0	77	7912.073111639701
586.0	71	7913.799971082211
587.0	71	7915.524757605096
588.0	76	7917.247472471801
589.0	70	7918.968116945087
590.0	75	7920.686692287093
591.0	81	7922.403199759292
592.0	70	7924.117640622532
593.0	91	7925.830016136979
594.0	85	7927.540327562171
595.0	67	7929.248576157003
596.0	90	7930.954763179716
597.0	74	7932.658889887888
598.0	87	7934.3609575384535
599.0	91	7936.060967387724
600.0	74	7937.758920691329
601.0	67	7939.454818704257
602.0	72	7941.148662680863
603.0	82	7942.840453874843
604.0	71	7944.530193539247
605.0	80	7946.217882926467
606.0	87	7947.903523288249
607.0	73	7949.587115875697
608.0	88	7951.2686619392825
609.0	95	7952.948162728797
610.0	66	7954.6256194933985
611.0	62	7956.3010334816
612.0	64	7957.974405941258
613.0	65	7959.645738119591
614.0	70	7961.31503126316
615.0	79	7962.982286617903
616.0	83	7964.64750542907
617.0	70	7966.310688941295
618.0	85	7967.971838398558
619.0	62	7969.630955044191
620.0	82	7971.288040120876
621.0	74	7972.94309487066
622.0	68	7974.59612053493
623.0	81	7976.247118354435
624.0	62	7977.896089569281
625.0	68	7979.5430354189175
626.0	70	7981.187957142159
627.0	90	7982.830855977169
628.0	75	7984.471733161471
629.0	84	7986.110589931951
630.0	73	7987.747427524835
631.0	82	7989.382247175717
632.0	68	7991.015050119534
633.0	69	7992.645837590597
634.0	90	7994.274610822551
635.0	84	7995.901371048431
636.0	70	7997.526119500607
637.0	74	7999.1488574107925
638.0	75	8000.769586010097
639.0	75	8002.388306528951
640.0	79	8004.005020197165
641.0	64	8005.619728243909
642.0	81	8007.232431897704
643.0	70	8008.843132386422
644.0	86	8010.451830937316
645.0	73	8012.058528776977
646.0	63	8013.663227131378
647.0	83	8015.265927225832
648.0	65	8016.866630285012
649.0	88	8018.46533753298
650.0	67	8020.062050193128
651.0	61	8021.656769488224
652.0	71	8023.249496640387
653.0	73	8024.840232871118
654.0	76	8026.428979401257
655.0	71	8028.015737451035
656.0	70	8029.600508240007
657.0	63	8031.18329298712
658.0	79	8032.764092910685
659.0	68	8034.3429092283595
660.0	52	8035.91974315718
661.0	94	8037.494595913531
662.0	79	8039.067468713183
663.0	64	8040.638362771252
664.0	82	8042.207279302243
665.0	72	8043.774219519984
666.0	73	8045.339184637727
667.0	85	8046.902175868034
668.0	92	8048.463194422871
669.0	68	8050.022241513555
670.0	86	8051.579318350769
671.0	63	8053.134426144585
672.0	65	8054.687566104399
673.0	76	8056.238739439006
674.0	74	8057.787947356585
675.0	65	8059.335191064642
676.0	88	8060.880471770078
677.0	68	8062.423790679151
678.0	71	8063.965148997507
679.0	80	8065.504547930141
680.0	78	8067.041988681425
681.0	78	8068.577472455105
682.0	71	8070.111000454296
683.0	84	8071.64257388148
684.0	66	8073.172193938521
685.0	78	8074.699861826637
686.0	89	8076.225578746423
687.0	83	8077.749345897872
688.0	88	8079.271164480307
689.0	72	8080.7910356924585
690.0	71	8082.308960732405
691.0	77	8083.824940797612
692.0	87	8085.338977084919
693.0	77	8086.851070790534
694.0	74	8088.361223110052
695.0	66	8089.869435238424
696.0	79	8091.375708369972
697.0	78	8092.880043698429
698.0	65	8094.382442416861
699.0	82	8095.882905717737
700.0	74	8097.381434792889
701.0	84	8098.878030833536
702.0	69	8100.372695030269
703.0	86	8101.865428573047
704.0	68	8103.356232651214
705.0	68	8104.845108453499
706.0	75	8106.332057167985
707.0	82	8107.817079982171
708.0	78	8109.300178082903
709.0	69	8110.781352656409
710.0	76	8112.260604888316
711.0	61	8113.737935963598
712.0	68	8115.213347066645
713.0	63	8116.68683938121
714.0	70	8118.158414090412
715.0	62	8119.62807237678
716.0	83	8121.0958154222035
717.0	82	8122.561644407955
718.0	65	8124.025560514696
719.0	77	8125.487564922462
720.0	61	8126.94765881067
721.0	79	8128.405843358139
722.0	87	8129.862119743052
723.0	81	8131.31648914296
724.0	73	8132.768952734839
725.0	66	8134.219511695011
726.0	92	8135.668167199204
727.0	69	8137.11492042251
728.0	63	8138.559772539439
729.0	72	8140.002724723854
730.0	76	8141.443778149018
731.0	76	8142.882933987557
732.0	76	8144.320193411532
733.0	84	8145.755557592342
734.0	75	8147.189027700783
735.0	70	8148.620604907059
736.0	93	8150.050290380747
737.0	68	8151.478085290809
738.0	77	8152.903990805578
739.0	84	8154.328008092817
740.0	58	8155.750138319649
741.0	78	8157.170382652583
742.0	67	8158.588742257518
743.0	62	8160.0052182997615
744.0	79	8161.419811943989
745.0	72	8162.832524354278
746.0	69	8164.243356694084
747.0	83	8165.652310126264
748.0	83	8167.059385813063
749.0	85	8168.464584916117
750.0	78	8169.8679085964395
751.0	73	8171.269358014471
752.0	94	8172.668934329995
753.0	66	8174.066638702222
754.0	81	8175.462472289756
755.0	57	8176.856436250562
756.0	91	8178.248531742045
757.0	93	8179.638759920943
758.0	71	8181.0271219434535
759.0	64	8182.413618965124
760.0	84	8183.7982521409085
761.0	79	8185.181022625153
762.0	85	8186.561931571594
763.0	70	8187.940980133384
764.0	77	8189.318169463046
765.0	75	8190.6935007125185
766.0	67	8192.066975033122
767.0	93	8193.438593575569
768.0	75	8194.80835748998
769.0	65	8196.17626792588
770.0	75	8197.542326032175
771.0	76	8198.906532957177
772.0	63	8200.26888984858
773.0	82	8201.629397853501
774.0	72	8202.988058118448
775.0	80	8204.34487178931
776.0	67	8205.699840011384
777.0	84	8207.05296392938
778.0	88	8208.404244687403
779.0	81	8209.753683428948
780.0	78	8211.101281296904
781.0	76	8212.447039433577
782.0	83	8213.79095898067
783.0	78	8215.133041079278
784.0	69	8216.473286869908
785.0	68	8217.811697492465
786.0	74	8219.14827408626
787.0	87	8220.483017789986
788.0	76	8221.815929741768
789.0	77	8223.147011079105
790.0	67	8224.476262938933
791.0	75	8225.803686457559
792.0	84	8227.129282770702
793.0	84	8228.453053013502
794.0	81	8229.774998320478
795.0	68	8231.095119825577
796.0	76	8232.413418662132
797.0	76	8233.729895962897
798.0	55	8235.044552860012
799.0	62	8236.357390485042
800.0	82	8237.668409968937
801.0	88	8238.977612442097
802.0	85	8240.284999034266
803.0	70	8241.590570874641
804.0	83	8242.894329091805
805.0	75	8244.196274813763
806.0	76	8245.496409167921
807.0	91	8246.794733281085
808.0	74	8248.091248279468
809.0	88	8249.385955288717
810.0	76	8250.678855433867
811.0	63	8251.969949839362
812.0	83	8253.259239629064
813.0	85	8254.546725926224
814.0	86	8255.832409853545
815.0	64	8257.116292533088
816.0	72	8258.398375086377
817.0	85	8259.678658634302
818.0	95	8260.957144297192
819.0	84	8262.233833194774
820.0	76	8263.5087264462
821.0	75	8264.781825170017
822.0	79	8266.053130484197
823.0	85	8267.32264350612
824.0	84	8268.590365352587
825.0	81	8269.856297139791
826.0	65	8271.12043998336
827.0	72	8272.382794998324
828.0	70	8273.643363299152
829.0	65	8274.902145999678
830.0	56	8276.159144213192
831.0	68	8277.414359052385
832.0	82	8278.667791629374
833.0	82	8279.919443055676
834.0	71	8281.16931444222
835.0	77	8282.417406899376
836.0	84	8283.663721536912
837.0	72	8284.908259464008
838.0	82	8286.151021789288
839.0	75	8287.392009620755
840.0	81	8288.631224065859
841.0	78	8289.868666231465
842.0	88	8291.104337223827
843.0	80	8292.338238148664
844.0	78	8293.570370111082
845.0	79	8294.800734215605
846.0	85	8296.029331566195
847.0	61	8297.256163266216
848.0	96	8298.481230418463
849.0	71	8299.70453412516
850.0	73	8300.926075487914
851.0	80	8302.145855607796
852.0	64	8303.363875585259
853.0	72	8304.580136520231
854.0	75	8305.794639511996
855.0	82	8307.007385659323
856.0	74	8308.218376060338
857.0	67	8309.427611812645
858.0	74	8310.635094013252
859.0	78	8311.840823758568
860.0	74	8313.04480214448
861.0	82	8314.247030266228
862.0	75	8315.447509218528
863.0	63	8316.646240095504
864.0	71	8317.8432239907
865.0	73	8319.038461997086
866.0	78	8320.231955207068
867.0	67	8321.42370471246
868.0	101	8322.613711604516
869.0	82	8323.80197697391
870.0	69	8324.988501910735
871.0	76	8326.173287504529
872.0	60	8327.356334844237
873.0	80	8328.53764501825
874.0	64	8329.717219114367
875.0	76	8330.895058219825
876.0	67	8332.071163421273
877.0	81	8333.245535804837
878.0	74	8334.418176456005
879.0	78	8335.589086459737
880.0	83	8336.758266900411
881.0	88	8337.92571886183
882.0	86	8339.091443427234
883.0	74	8340.255441679288
884.0	80	8341.417714700081
885.0	52	8342.578263571148
886.0	70	8343.737089373439
887.0	79	8344.894193187352
888.0	77	8346.049576092688
889.0	88	8347.203239168715
890.0	76	8348.355183494115
891.0	80	8349.505410146985
892.0	57	8350.653920204879
893.0	69	8351.800714744792
894.0	77	8352.945794843115
895.0	63	8354.089161575708
896.0	55	8355.23081601783
897.0	67	8356.370759244212
898.0	67	8357.508992328998
899.0	74	8358.645516345769
900.0	65	8359.78033236754
901.0	76	8360.913441466742
902.0	77	8362.044844715283
903.0	75	8363.174543184474
904.0	90	8364.30253794508
905.0	74	8365.428830067269
906.0	61	8366.553420620705
907.0	72	8367.676310674426
908.0	71	8368.79750129694
909.0	79	8369.916993556199
910.0	74	8371.034788519557
911.0	81	8372.150887253836
912.0	91	8373.2652908253
913.0	72	8374.378000299626
914.0	81	8375.489016741938
915.0	68	8376.598341216812
916.0	80	8377.705974788258
917.0	72	8378.811918519712
918.0	74	8379.91617347406
919.0	81	8381.018740713618
920.0	66	8382.119621300175
921.0	66	8383.218816294915
922.0	89	8384.316326758491
923.0	73	8385.412153751002
924.0	67	8386.506298331946
925.0	83	8387.598761560312
926.0	79	8388.689544494511
927.0	84	8389.77864819239
928.0	67	8390.866073711255
929.0	73	8391.951822107834
930.0	73	8393.035894438313
931.0	87	8394.11829175831
932.0	71	8395.199015122893
933.0	82	8396.278065586588
934.0	81	8397.355444203335
935.0	62	8398.431152026542
936.0	75	8399.505190109034
937.0	75	8400.577559503126
938.0	67	8401.648261260532
939.0	88	8402.717296432455
940.0	74	8403.784666069489
941.0	84	8404.85037122172
942.0	80	8405.91441293866
943.0	83	8406.976792269286
944.0	70	8408.037510261995
945.0	79	8409.09656796465
946.0	65	8410.153966424548
947.0	77	8411.20970668845
948.0	82	8412.263789802546
949.0	75	8413.316216812482
950.0	72	8414.366988763368
951.0	85	8415.416106699744
952.0	80	8416.463571665588
953.0	65	8417.509384704363
954.0	63	8418.553546858946
955.0	65	8419.596059171688
956.0	59	8420.636922684369
957.0	67	8421.67613843825
958.0	95	8422.713707474013
959.0	81	8423.749630831793
960.0	85	8424.783909551197
961.0	62	8425.81654467126
962.0	69	8426.847537230484
963.0	81	8427.876888266823
964.0	60	8428.904598817684
965.0	76	8429.930669919897
966.0	69	8430.955102609782
967.0	84	8431.977897923098
968.0	81	8432.999056895054
969.0	78	8434.018580560325
970.0	73	8435.036469953026
971.0	77	8436.05272610673
972.0	66	8437.067350054458
973.0	81	8438.080342828709
974.0	74	8439.09170546141
975.0	73	8440.101438983953
976.0	70	8441.109544427176
977.0	52	8442.116022821401
978.0	83	8443.120875196386
979.0	66	8444.12410258134
980.0	91	8445.12570600494
981.0	78	8446.1256864953
982.0	77	8447.124045080016
983.0	76	8448.120782786147
984.0	65	8449.115900640169
985.0	90	8450.109399668052
986.0	72	8451.101280895205
987.0	71	8452.091545346517
988.0	65	8453.080194046312
989.0	78	8454.06722801838
990.0	59	8455.052648285982
991.0	85	8456.036455871821
992.0	75	8457.01865179806
993.0	71	8457.999237086344
994.0	73	8458.978212757771
995.0	83	8459.955579832871
996.0	61	8460.931339331655
997.0	73	8461.90549227362
998.0	61	8462.878039677671
999.0	67	8463.848982562236
1000.0	70	8464.818321945144
1001.0	84	8465.786058843722
1002.0	81	8466.752194274763
1003.0	64	8467.716729254502
1004.0	68	8468.679664798643
1005.0	86	8469.641001922366
1006.0	84	8470.600741640299
1007.0	77	8471.558884966538
1008.0	84	8472.515432914659
1009.0	70	8473.470386497664
1010.0	87	8474.423746728062
1011.0	82	8475.375514617794
1012.0	79	8476.325691178294
1013.0	70	8477.274277420434
1014.0	79	8478.221274354579
1015.0	88	8479.166682990519
1016.0	84	8480.110504337568
1017.0	94	8481.052739404453
1018.0	86	8481.9933891994
1019.0	61	8482.932454730095
1020.0	91	8483.869937003672
1021.0	84	8484.805837026755
1022.0	76	8485.740155805433
1023.0	64	8486.672894345253
1024.0	74	8487.604053651237
1025.0	67	8488.533634727868
1026.0	95	8489.461638579109
1027.0	81	8490.388066208383
1028.0	71	8491.312918618594
1029.0	70	8492.23619681209
1030.0	74	8493.15790179072
1031.0	77	8494.078034555794
1032.0	74	8494.996596108063
1033.0	76	8495.913587447796
1034.0	96	8496.829009574689
1035.0	67	8497.742863487947
1036.0	73	8498.655150186223
1037.0	64	8499.56587066764
1038.0	73	8500.475025929802
1039.0	82	8501.382616969793
1040.0	61	8502.288644784148
1041.0	67	8503.193110368888
1042.0	63	8504.096014719504
1043.0	73	8504.997358830968
1044.0	69	8505.89714369771
1045.0	83	8506.795370313639
1046.0	74	8507.692039672154
1047.0	79	8508.587152766113
1048.0	80	8509.480710587832
1049.0	68	8510.37271412914
1050.0	66	8511.263164381304
1051.0	81	8512.1520623351
1052.0	70	8513.03940898075
1053.0	73	8513.925205307973
1054.0	82	8514.80945230595
1055.0	79	8515.692150963348
1056.0	76	8516.573302268305
1057.0	57	8517.452907208428
1058.0	88	8518.330966770824
1059.0	71	8519.207481942043
1060.0	78	8520.08245370815
1061.0	69	8520.955883054665
1062.0	89	8521.827770966598
1063.0	84	8522.698118428416
1064.0	67	8523.566926424086
1065.0	79	8524.434195937056
1066.0	81	8525.299927950236
1067.0	84	8526.16412344602
1068.0	83	8527.026783406283
1069.0	83	8527.887908812392
1070.0	86	8528.747500645193
1071.0	74	8529.605559884973
1072.0	75	8530.46208751156
1073.0	88	8531.31708450421
1074.0	96	8532.170551841704
1075.0	75	8533.02249050227
1076.0	68	8533.87290146363
1077.0	60	8534.721785702988
1078.0	74	8535.569144197036
1079.0	76	8536.41497792195
1080.0	68	8537.259287853372
1081.0	62	8538.102074966451
1082.0	59	8538.943340235786
1083.0	71	8539.783084635486
1084.0	87	8540.62130913914
1085.0	93	8541.458014719821
1086.0	70	8542.293202350078
1087.0	60	8543.12687300195
1088.0	81	8543.95902764695
1089.0	66	8544.789667256104
1090.0	77	8545.618792799882
1091.0	85	8546.44640524829
1092.0	77	8547.272505570767
1093.0	73	8548.097094736278
1094.0	73	8548.920173713264
1095.0	88	8549.741743469627
1096.0	77	8550.561804972795
1097.0	79	8551.380359189669
1098.0	76	8552.197407086604
1099.0	73	8553.01294962951
1100.0	85	8553.826987783708
1101.0	82	8554.639522514082
1102.0	78	8555.450554784946
1103.0	78	8556.260085560118
1104.0	61	8557.068115802926
1105.0	67	8557.874646476164
1106.0	71	8558.679678542128
1107.0	60	8559.483212962608
1108.0	75	8560.285250698851
1109.0	85	8561.085792711636
1110.0	71	8561.884839961207
1111.0	61	8562.6823934073
1112.0	79	8563.478454009155
1113.0	79	8564.273022725502
1114.0	82	8565.066100514532
1115.0	80	8565.85768833398
1116.0	68	8566.64778714103
1117.0	69	8567.436397892365
1118.0	86	8568.223521544185
1119.0	67	8569.009159052152
1120.0	100	8569.793311371432
1121.0	87	8570.575979456693
1122.0	68	8571.35716426208
1123.0	61	8572.136866741253
1124.0	73	8572.915087847341
1125.0	85	8573.691828532998
1126.0	69	8574.467089750337
1127.0	72	8575.240872450984
1128.0	88	8576.013177586057
1129.0	88	8576.784006106187
1130.0	77	8577.55335896146
1131.0	85	8578.321237101507
1132.0	84	8579.087641475397
1133.0	95	8579.852573031758
1134.0	93	8580.616032718663
1135.0	83	8581.378021483713
1136.0	79	8582.138540273989
1137.0	81	8582.897590036077
1138.0	75	8583.655171716056
1139.0	78	8584.411286259514
1140.0	75	8585.165934611516
1141.0	69	8585.919117716638
1142.0	76	8586.670836518962
1143.0	82	8587.421091962042
1144.0	87	8588.169884988969
1145.0	75	8588.917216542304
1146.0	68	8589.66308756411
1147.0	77	8590.407498995959
1148.0	74	8591.15045177892
1149.0	86	8591.891946853562
1150.0	76	8592.631985159951
1151.0	90	8593.37056763766
1152.0	79	8594.107695225744
1153.0	66	8594.843368862797
1154.0	77	8595.577589486878
1155.0	73	8596.310358035556
1156.0	65	8597.041675445913
1157.0	82	8597.771542654531
1158.0	83	8598.499960597479
1159.0	79	8599.226930210338
1160.0	69	8599.952452428204
1161.0	79	8600.676528185662
1162.0	63	8601.399158416794
1163.0	86	8602.12034405521
1164.0	68	8602.840086033988
1165.0	91	8603.558385285754
1166.0	76	8604.275242742591
1167.0	82	8604.990659336123
1168.0	89	8605.704635997467
1169.0	65	8606.417173657243
1170.0	78	8607.12827324557
1171.0	72	8607.837935692087
1172.0	79	8608.54616192593
1173.0	57	8609.252952875728
1174.0	64	8609.958309469655
1175.0	76	8610.662232635346
1176.0	71	8611.364723299983
1177.0	82	8612.065782390207
1178.0	78	8612.76541083222
1179.0	79	8613.463609551703
1180.0	86	8614.160379473835
1181.0	89	8614.855721523325
1182.0	80	8615.549636624379
1183.0	82	8616.242125700704
1184.0	70	8616.933189675545
1185.0	75	8617.622829471617
1186.0	69	8618.311046011166
1187.0	81	8618.997840215954
1188.0	79	8619.683213007227
1189.0	84	8620.367165305774
1190.0	76	8621.049698031868
1191.0	71	8621.730812105296
1192.0	76	8622.410508445366
1193.0	73	8623.088787970897
1194.0	75	8623.765651600199
1195.0	71	8624.441100251115
1196.0	60	8625.115134840997
1197.0	80	8625.787756286698
1198.0	82	8626.458965504597
1199.0	88	8627.128763410565
1200.0	96	8627.797150920007
1201.0	66	8628.464128947835
1202.0	73	8629.129698408464
1203.0	75	8629.793860215821
1204.0	68	8630.45661528337
1205.0	74	8631.117964524068
1206.0	59	8631.777908850385
1207.0	72	8632.436449174318
1208.0	71	8633.09358640737
1209.0	82	8633.749321460567
1210.0	61	8634.40365524443
1211.0	79	8635.056588669016
1212.0	85	8635.708122643884
1213.0	68	8636.358258078122
1214.0	77	8637.00699588033
1215.0	74	8637.654336958609
1216.0	82	8638.300282220593
1217.0	83	8638.944832573427
1218.0	83	8639.587988923784
1219.0	64	8640.229752177831
1220.0	61	8640.870123241266
1221.0	58	8641.509103019307
1222.0	81	8642.146692416676
1223.0	75	8642.782892337646
1224.0	75	8643.41770368597
1225.0	83	8644.051127364932
1226.0	83	8644.683164277341
1227.0	69	8645.313815325526
1228.0	60	8645.943081411331
1229.0	79	8646.57096343611
1230.0	84	8647.197462300766
1231.0	71	8647.822578905681
1232.0	92	8648.44631415078
1233.0	71	8649.068668935533
1234.0	61	8649.689644158872
1235.0	81	8650.309240719302
1236.0	65	8650.927459514816
1237.0	68	8651.544301442955
1238.0	73	8652.159767400764
1239.0	71	8652.773858284807
1240.0	81	8653.386574991195
1241.0	62	8653.997918415525
1242.0	67	8654.607889452938
1243.0	86	8655.216488998114
1244.0	66	8655.823717945215
1245.0	73	8656.42957718796
1246.0	87	8657.034067619577
1247.0	63	8657.637190132822
1248.0	67	8658.238945619973
1249.0	69	8658.839334972829
1250.0	64	8659.438359082722
1251.0	73	8660.036018840503
1252.0	72	8660.632315136558
1253.0	60	8661.227248860774
1254.0	74	8661.820820902582
1255.0	69	8662.413032150942
1256.0	74	8663.003883494333
1257.0	90	8663.593375820754
1258.0	76	8664.181510017726
1259.0	64	8664.768286972343
1260.0	84	8665.353707571156
1261.0	75	8665.937772700292
1262.0	78	8666.520483245384
1263.0	86	8667.1018400916
1264.0	79	8667.681844123646
1265.0	74	8668.260496225723
1266.0	82	8668.83779728159
1267.0	65	8669.413748174546
1268.0	67	8669.988349787372
1269.0	76	8670.561603002407
1270.0	55	8671.133508701536
1271.0	78	8671.704067766139
1272.0	77	8672.273281077147
1273.0	73	8672.841149515012
1274.0	65	8673.407673959722
1275.0	67	8673.97285529079
1276.0	67	8674.536694387258
1277.0	74	8675.099192127705
1278.0	85	8675.660349390246
1279.0	84	8676.220167052506
1280.0	64	8676.778645991668
1281.0	75	8677.335787084437
1282.0	70	8677.891591207022
1283.0	85	8678.446059235212
1284.0	75	8678.999192044294
1285.0	74	8679.55099050911
1286.0	83	8680.101455504022
1287.0	57	8680.650587902921
1288.0	87	8681.198388579232
1289.0	59	8681.744858405935
1290.0	74	8682.28999825552
1291.0	74	8682.833809000014
1292.0	85	8683.37629151098
1293.0	85	8683.917446659543
1294.0	76	8684.457275316312
1295.0	79	8684.99577835147
1296.0	67	8685.532956634717
1297.0	80	8686.068811035297
1298.0	70	8686.603342421982
1299.0	79	8687.136551663089
1300.0	92	8687.668439626465
1301.0	89	8688.199007179504
1302.0	60	8688.728255189113
1303.0	81	8689.256184521759
1304.0	76	8689.782796043428
1305.0	74	8690.308090619661
1306.0	71	8690.83206911553
1307.0	78	8691.35473239563
1308.0	59	8691.876081324128
1309.0	77	8692.396116764687
1310.0	58	8692.914839580537
1311.0	79	8693.432250634438
1312.0	97	8693.94835078869
1313.0	79	8694.463140905142
1314.0	78	8694.976621845157
1315.0	67	8695.488794469657
1316.0	72	8695.999659639105
1317.0	74	8696.50921821349
1318.0	73	8697.017471052357
1319.0	69	8697.524419014784
1320.0	70	8698.030062959378
1321.0	75	8698.534403744317
1322.0	72	8699.037442227293
1323.0	78	8699.539179265546
1324.0	82	8700.039615715874
1325.0	69	8700.538752434577
1326.0	75	8701.036590277543
1327.0	69	8701.533130100172
1328.0	70	8702.028372757426
1329.0	59	8702.522319103782
1330.0	95	8703.01496999331
1331.0	79	8703.506326279568
1332.0	65	8703.99638881568
1333.0	58	8704.485158454318
1334.0	67	8704.972636047707
1335.0	77	8705.458822447586
1336.0	79	8705.943718505265
1337.0	80	8706.427325071594
1338.0	83	8706.909642996945
1339.0	79	8707.390673131278
1340.0	83	8707.870416324056
1341.0	78	8708.348873424313
1342.0	75	8708.826045280613
1343.0	70	8709.301932741075
1344.0	68	8709.776536653371
1345.0	64	8710.249857864706
1346.0	57	8710.721897221832
1347.0	74	8711.192655571056
1348.0	83	8711.662133758226
1349.0	81	8712.130332628754
1350.0	66	8712.597253027561
1351.0	66	8713.062895799165
1352.0	87	8713.527261787585
1353.0	94	8713.990351836426
1354.0	66	8714.452166788813
1355.0	93	8714.912707487443
1356.0	85	8715.371974774545
1357.0	77	8715.829969491899
1358.0	80	8716.286692480842
1359.0	85	8716.742144582267
1360.0	85	8717.19632663659
1361.0	73	8717.649239483799
1362.0	61	8718.100883963425
1363.0	66	8718.551260914553
1364.0	72	8719.00037117583
1365.0	87	8719.448215585406
1366.0	63	8719.894794981054
1367.0	84	8720.340110200039
1368.0	89	8720.784162079206
1369.0	70	8721.22695145494
1370.0	69	8721.66847916319
1371.0	85	8722.108746039436
1372.0	73	8722.547752918746
1373.0	81	8722.985500635708
1374.0	72	8723.421990024473
1375.0	77	8723.857221918737
1376.0	70	8724.291197151784
1377.0	87	8724.723916556404
1378.0	68	8725.155380964963
1379.0	71	8725.585591209392
1380.0	74	8726.014548121166
1381.0	59	8726.442252531298
1382.0	93	8726.868705270379
1383.0	80	8727.293907168543
1384.0	62	8727.717859055492
1385.0	80	8728.140561760467
1386.0	64	8728.562016112275
1387.0	69	8728.982222939272
1388.0	77	8729.401183069374
1389.0	67	8729.818897330051
1390.0	64	8730.235366548337
1391.0	76	8730.650591550802
1392.0	69	8731.064573163609
1393.0	88	8731.477312212428
1394.0	70	8731.888809522541
1395.0	79	8732.299065918758
1396.0	92	8732.708082225432
1397.0	92	8733.1158592665
1398.0	54	8733.52239786545
1399.0	70	8733.927698845331
1400.0	88	8734.331763028747
1401.0	64	8734.734591237848
1402.0	88	8735.136184294362
1403.0	75	8735.536543019583
1404.0	90	8735.935668234335
1405.0	76	8736.333560759029
1406.0	60	8736.730221413602
1407.0	82	8737.125651017604
1408.0	83	8737.519850390108
1409.0	82	8737.91282034974
1410.0	72	8738.304561714713
1411.0	74	8738.695075302783
1412.0	75	8739.084361931287
1413.0	73	8739.4724224171
1414.0	76	8739.85925757667
1415.0	88	8740.244868226006
1416.0	61	8740.629255180676
1417.0	85	8741.01241925582
1418.0	65	8741.39436126614
1419.0	91	8741.775082025877
1420.0	74	8742.15458234886
1421.0	60	8742.532863048473
1422.0	66	8742.909924937663
1423.0	62	8743.285768828951
1424.0	80	8743.660395534404
1425.0	62	8744.033805865656
1426.0	77	8744.406000633922
1427.0	67	8744.776980649971
1428.0	74	8745.146746724127
1429.0	69	8745.5152996663
1430.0	84	8745.882640285929
1431.0	95	8746.248769392067
1432.0	77	8746.613687793297
1433.0	81	8746.977396297782
1434.0	69	8747.339895713247
1435.0	76	8747.70118684698
1436.0	66	8748.061270505847
1437.0	74	8748.420147496265
1438.0	91	8748.777818624234
1439.0	77	8749.134284695303
1440.0	73	8749.489546514598
1441.0	65	8749.84360488683
1442.0	88	8750.196460616242
1443.0	77	8750.548114506664
1444.0	86	8750.898567361508
1445.0	79	8751.247819983733
1446.0	72	8751.595873175867
1447.0	69	8751.942727740014
1448.0	79	8752.288384477848
1449.0	85	8752.632844190615
1450.0	81	8752.976107679118
1451.0	96	8753.318175743749
1452.0	74	8753.659049184453
1453.0	91	8753.998728800743
1454.0	67	8754.337215391712
1455.0	72	8754.674509756034
1456.0	61	8755.010612691927
1457.0	73	8755.345524997196
1458.0	92	8755.679247469216
1459.0	80	8756.011780904935
1460.0	82	8756.343126100872
1461.0	77	8756.67328385311
1462.0	77	8757.00225495731
1463.0	81	8757.330040208713
1464.0	84	8757.656640402112
1465.0	87	8757.982056331894
1466.0	77	8758.306288791999
1467.0	89	8758.629338575965
1468.0	64	8758.951206476884
1469.0	73	8759.27189328742
1470.0	70	8759.591399799825
1471.0	97	8759.90972680592
1472.0	87	8760.226875097087
1473.0	64	8760.542845464297
1474.0	78	8760.857638698095
1475.0	70	8761.17125558859
1476.0	77	8761.483696925481
1477.0	70	8761.794963498021
1478.0	97	8762.105056095072
1479.0	85	8762.41397550503
1480.0	80	8762.721722515906
1481.0	92	8763.028297915258
1482.0	84	8763.333702490228
1483.0	64	8763.637937027554
1484.0	73	8763.941002313506
1485.0	72	8764.242899133993
1486.0	88	8764.543628274443
1487.0	73	8764.8431905199
1488.0	54	8765.141586654958
1489.0	84	8765.438817463806
1490.0	72	8765.734883730214
1491.0	82	8766.02978623752
1492.0	81	8766.323525768637
1493.0	75	8766.616103106056
1494.0	89	8766.907519031878
1495.0	65	8767.197774327746
1496.0	83	8767.486869774883
1497.0	70	8767.774806154126
1498.0	81	8768.06158424584
1499.0	76	8768.347204830017
1500.0	72	8768.631668686214
1501.0	73	8768.914976593556
1502.0	70	8769.197129330752
1503.0	75	8769.47812767611
1504.0	91	8769.757972407495
1505.0	83	8770.036664302368
1506.0	79	8770.314204137758
1507.0	67	8770.590592690307
1508.0	83	8770.865830736195
1509.0	73	8771.139919051213
1510.0	66	8771.412858410722
1511.0	80	8771.68464958968
1512.0	76	8771.955293362602
1513.0	76	8772.224790503615
1514.0	76	8772.4931417864
1515.0	83	8772.760347984244
1516.0	75	8773.026409870004
1517.0	66	8773.291328216133
1518.0	72	8773.555103794653
1519.0	75	8773.81773737719
1520.0	78	8774.079229734925
1521.0	74	8774.339581638655
1522.0	75	8774.598793858728
1523.0	98	8774.856867165112
1524.0	82	8775.113802327345
1525.0	82	8775.369600114533
1526.0	81	8775.624261295388
1527.0	82	8775.87778663821
1528.0	72	8776.130176910878
1529.0	88	8776.381432880844
1530.0	62	8776.63155531516
1531.0	69	8776.88054498048
1532.0	75	8777.128402643013
1533.0	82	8777.375129068569
1534.0	86	8777.620725022558
1535.0	85	8777.86519126995
1536.0	70	8778.108528575327
1537.0	71	8778.350737702855
1538.0	67	8778.591819416264
1539.0	62	8778.831774478904
1540.0	69	8779.070603653689
1541.0	67	8779.308307703144
1542.0	81	8779.544887389367
1543.0	92	8779.780343474044
1544.0	76	8780.01467671846
1545.0	84	8780.247887883474
1546.0	68	8780.479977729558
1547.0	75	8780.710947016752
1548.0	71	8780.940796504696
1549.0	79	8781.169526952623
1550.0	74	8781.397139119343
1551.0	69	8781.62363376327
1552.0	69	8781.849011642407
1553.0	73	8782.073273514343
1554.0	73	8782.296420136254
1555.0	78	8782.518452264918
1556.0	77	8782.739370656707
1557.0	84	8782.959176067563
1558.0	73	8783.177869253055
1559.0	62	8783.3954509683
1560.0	81	8783.611921968053
1561.0	77	8783.827283006629
1562.0	73	8784.041534837943
1563.0	70	8784.254678215526
1564.0	68	8784.466713892458
1565.0	73	8784.677642621451
1566.0	59	8784.887465154794
1567.0	85	8785.096182244379
1568.0	69	8785.303794641672
1569.0	64	8785.510303097759
1570.0	62	8785.715708363316
1571.0	71	8785.920011188586
1572.0	80	8786.123212323435
1573.0	72	8786.325312517314
1574.0	80	8786.526312519281
1575.0	93	8786.726213077973
1576.0	75	8786.925014941622
1577.0	64	8787.122718858081
1578.0	71	8787.319325574761
1579.0	72	8787.514835838694
1580.0	91	8787.70925039652
1581.0	80	8787.90256999444
1582.0	83	8788.09479537828
1583.0	62	8788.285927293455
1584.0	76	8788.475966484957
1585.0	89	8788.664913697437
1586.0	85	8788.85276967506
1587.0	78	8789.039535161653
1588.0	62	8789.225210900608
1589.0	80	8789.40979763493
1590.0	86	8789.59329610722
1591.0	76	8789.775707059673
1592.0	79	8789.957031234084
1593.0	70	8790.137269371848
1594.0	89	8790.316422213966
1595.0	79	8790.494490501025
1596.0	65	8790.671474973222
1597.0	85	8790.84737637036
1598.0	94	8791.022195431811
1599.0	67	8791.195932896584
1600.0	65	8791.368589503274
1601.0	89	8791.540165990074
1602.0	90	8791.710663094778
1603.0	79	8791.880081554784
1604.0	79	8792.048422107086
1605.0	88	8792.215685488287
1606.0	61	8792.381872434597
1607.0	82	8792.546983681808
1608.0	81	8792.71101996532
1609.0	72	8792.873982020148
1610.0	86	8793.035870580914
1611.0	93	8793.196686381809
1612.0	67	8793.356430156658
1613.0	73	8793.515102638888
1614.0	77	8793.672704561497
1615.0	67	8793.829236657128
1616.0	82	8793.984699658007
1617.0	52	8794.139094295966
1618.0	83	8794.292421302434
1619.0	75	8794.444681408457
1620.0	65	8794.595875344676
1621.0	60	8794.746003841352
1622.0	88	8794.895067628326
1623.0	61	8795.043067435072
1624.0	74	8795.190003990632
1625.0	81	8795.335878023696
1626.0	74	8795.480690262533
1627.0	92	8795.624441435026
1628.0	69	8795.767132268656
1629.0	84	8795.908763490512
1630.0	86	8796.04933582731
1631.0	63	8796.188850005346
1632.0	70	8796.32730675053
1633.0	65	8796.464706788398
1634.0	81	8796.601050844061
1635.0	86	8796.736339642253
1636.0	78	8796.870573907328
1637.0	94	8797.003754363226
1638.0	69	8797.135881733504
1639.0	80	8797.266956741338
1640.0	96	8797.3969801095
1641.0	73	8797.525952560358
1642.0	105	8797.653874815924
1643.0	81	8797.780747597779
1644.0	77	8797.906571627147
1645.0	62	8798.03134762485
1646.0	85	8798.155076311294
1647.0	54	8798.277758406546
1648.0	66	8798.399394630229
1649.0	75	8798.519985701605
1650.0	72	8798.639532339563
1651.0	84	8798.758035262563
1652.0	90	8798.875495188695
1653.0	66	8798.991912835661
1654.0	65	8799.107288920775
1655.0	66	8799.22162416096
1656.0	67	8799.334919272747
1657.0	77	8799.447174972292
1658.0	71	8799.558391975334
1659.0	70	8799.668570997257
1660.0	65	8799.777712753044
1661.0	67	8799.885817957265
1662.0	78	8799.992887324159
1663.0	80	8800.098921567534
1664.0	70	8800.203921400818
1665.0	77	8800.307887537052
1666.0	89	8800.410820688907
1667.0	81	8800.512721568659
1668.0	103	8800.613590888175
1669.0	75	8800.71342935897
1670.0	75	8800.812237692158
1671.0	69	8800.91001659846
1672.0	66	8801.006766788227
1673.0	79	8801.102488971419
1674.0	74	8801.197183857606
1675.0	67	8801.290852155973
1676.0	61	8801.383494575324
1677.0	64	8801.475111824082
1678.0	90	8801.565704610288
1679.0	77	8801.655273641574
1680.0	76	8801.743819625224
1681.0	85	8801.831343268108
1682.0	81	8801.917845276745
1683.0	66	8802.00332635723
1684.0	74	8802.087787215301
1685.0	75	8802.171228556314
1686.0	58	8802.253651085231
1687.0	90	8802.335055506646
1688.0	98	8802.41544252475
1689.0	74	8802.494812843366
1690.0	104	8802.573167165941
1691.0	83	8802.650506195512
1692.0	73	8802.726830634772
1693.0	70	8802.802141186006
1694.0	79	8802.876438551126
1695.0	79	8802.949723431668
1696.0	76	8803.021996528774
1697.0	78	8803.093258543224
1698.0	75	8803.163510175396
1699.0	74	8803.232752125301
1700.0	79	8803.300985092574
1701.0	80	8803.368209776452
1702.0	73	8803.43442687582
1703.0	83	8803.499637089151
1704.0	83	8803.563841114563
1705.0	81	8803.627039649786
1706.0	78	8803.689233392173
1707.0	79	8803.750423038697
1708.0	75	8803.810609285942
1709.0	74	8803.869792830137
1710.0	69	8803.927974367123
1711.0	96	8803.98515459234
1712.0	62	8804.041334200885
1713.0	80	8804.096513887474
1714.0	79	8804.150694346401
1715.0	68	8804.203876271642
1716.0	84	8804.256060356758
1717.0	71	8804.307247294948
1718.0	80	8804.357437779036
1719.0	82	8804.40663250146
1720.0	67	8804.45483215428
1721.0	64	8804.502037429185
1722.0	76	8804.548249017507
1723.0	76	8804.593467610172
1724.0	69	8804.637693897734
1725.0	72	8804.680928570402
1726.0	58	8804.723172317965
1727.0	93	8804.764425829873
1728.0	82	8804.804689795183
1729.0	59	8804.843964902591
1730.0	75	8804.882251840401
1731.0	71	8804.919551296558
1732.0	81	8804.955863958621
1733.0	73	8804.991190513781
1734.0	71	8805.025531648866
1735.0	67	8805.058888050306
1736.0	80	8805.091260404177
1737.0	87	8805.122649396179
1738.0	66	8805.153055711635
1739.0	73	8805.18248003549
1740.0	80	8805.210923052327
1741.0	82	8805.238385446362
1742.0	76	8805.264867901415
1743.0	67	8805.290371100957
1744.0	86	8805.314895728066
1745.0	68	8805.338442465485
1746.0	62	8805.361011995543
1747.0	85	8805.382605000217
1748.0	79	8805.40322216111
1749.0	62	8805.422864159471
1750.0	78	8805.44153167614
1751.0	70	8805.45922539163
1752.0	76	8805.47594598606
1753.0	79	8805.491694139173
1754.0	79	8805.506470530367
1755.0	77	8805.520275838635
1756.0	78	8805.533110742635
1757.0	86	8805.544975920631
1758.0	63	8805.555872050525
1759.0	78	8805.565799809867
1760.0	87	8805.574759875813
1761.0	90	8805.582752925155
1762.0	62	8805.589779634343
1763.0	74	8805.595840679409
1764.0	50	8805.600936736064
1765.0	96	8805.605068479641
1766.0	93	8805.608236585074
1767.0	77	8805.610441726969
1768.0	85	8805.611684579539
1769.0	79	8805.611965816639
1770.0	77	8805.61128611176
1771.0	69	8805.609646138031
1772.0	82	8805.607046568195
1773.0	72	8805.60348807463
1774.0	84	8805.598971329382
1775.0	78	8805.593497004089
1776.0	68	8805.587065770054
1777.0	74	8805.579678298182
1778.0	77	8805.571335259045
1779.0	81	8805.562037322832
1780.0	79	8805.551785159367
1781.0	88	8805.540579438113
1782.0	80	8805.52842082818
1783.0	91	8805.515309998282
1784.0	81	8805.5012476168
1785.0	65	8805.486234351734
1786.0	68	8805.470270870723
1787.0	71	8805.453357841046
1788.0	79	8805.435495929612
1789.0	80	8805.416685802982
1790.0	90	8805.396928127322
1791.0	79	8805.376223568459
1792.0	90	8805.354572791866
1793.0	68	8805.331976462623
1794.0	84	8805.308435245483
1795.0	77	8805.283949804798
1796.0	64	8805.258520804582
1797.0	62	8805.232148908484
1798.0	70	8805.20483477979
1799.0	85	8805.17657908142
1800.0	74	8805.147382475941
1801.0	77	8805.117245625555
1802.0	91	8805.086169192093
1803.0	77	8805.054153837036
1804.0	70	8805.021200221501
1805.0	74	8804.987309006248
1806.0	103	8804.952480851663
1807.0	78	8804.916716417796
1808.0	76	8804.880016364314
1809.0	76	8804.842381350534
1810.0	99	8804.803812035412
1811.0	79	8804.764309077545
1812.0	76	8804.723873135172
1813.0	66	8804.682504866165
1814.0	70	8804.640204928048
1815.0	78	8804.596973977981
1816.0	72	8804.55281267275
1817.0	71	8804.50772166883
1818.0	91	8804.461701622276
1819.0	89	8804.414753188834
1820.0	74	8804.36687702385
1821.0	84	8804.31807378235
1822.0	96	8804.268344118986
1823.0	77	8804.217688688057
1824.0	68	8804.166108143492
1825.0	59	8804.113603138872
1826.0	74	8804.060174327431
1827.0	79	8804.005822362025
1828.0	77	8803.950547895176
1829.0	72	8803.894351579022
1830.0	77	8803.837234065382
1831.0	87	8803.779196005695
1832.0	78	8803.720238051035
1833.0	77	8803.660360852144
1834.0	79	8803.599565059394
1835.0	78	8803.537851322795
1836.0	94	8803.475220292032
1837.0	84	8803.411672616403
1838.0	83	8803.347208944866
1839.0	76	8803.281829926022
1840.0	69	8803.21553620812
1841.0	82	8803.148328439047
1842.0	79	8803.08020726634
1843.0	82	8803.011173337192
1844.0	93	8802.941227298428
1845.0	82	8802.870369796532
1846.0	82	8802.798601477618
1847.0	75	8802.725922987456
1848.0	74	8802.652334971473
1849.0	63	8802.577838074734
1850.0	80	8802.502432941947
1851.0	59	8802.426120217468
1852.0	61	8802.348900545308
1853.0	80	8802.270774569137
1854.0	82	8802.191742932226
1855.0	80	8802.111806277557
1856.0	69	8802.030965247717
1857.0	85	8801.949220484952
1858.0	84	8801.866572631176
1859.0	79	8801.783022327912
1860.0	76	8801.698570216378
1861.0	88	8801.613216937401
1862.0	79	8801.526963131491
1863.0	85	8801.439809438782
1864.0	59	8801.351756499078
1865.0	81	8801.262804951806
1866.0	81	8801.172955436083
1867.0	67	8801.082208590637
1868.0	74	8800.990565053866
1869.0	79	8800.89802546382
1870.0	83	8800.804590458189
1871.0	77	8800.71026067434
1872.0	65	8800.615036749248
1873.0	79	8800.518919319575
1874.0	80	8800.42190902162
1875.0	73	8800.324006491343
1876.0	72	8800.22521236434
1877.0	69	8800.125527275877
1878.0	67	8800.024951860867
1879.0	61	8799.923486753869
1880.0	64	8799.821132589097
1881.0	70	8799.717890000415
1882.0	80	8799.613759621358
1883.0	78	8799.508742085078
1884.0	77	8799.402838024429
1885.0	86	8799.29604807187
1886.0	75	8799.188372859542
1887.0	91	8799.079813019249
1888.0	79	8798.970369182416
1889.0	78	8798.860041980142
1890.0	72	8798.74883204318
1891.0	78	8798.636740001944
1892.0	80	8798.523766486493
1893.0	82	8798.409912126539
1894.0	64	8798.295177551441
1895.0	64	8798.179563390244
1896.0	87	8798.063070271615
1897.0	72	8797.945698823902
1898.0	78	8797.82744967509
1899.0	81	8797.70832345283
1900.0	74	8797.588320784434
1901.0	80	8797.467442296853
1902.0	85	8797.345688616697
1903.0	71	8797.223060370256
1904.0	67	8797.099558183452
1905.0	73	8796.975182681883
1906.0	81	8796.84993449078
1907.0	79	8796.72381423505
1908.0	81	8796.596822539263
1909.0	81	8796.46896002762
1910.0	76	8796.340227324008
1911.0	92	8796.210625051956
1912.0	83	8796.08015383465
1913.0	86	8795.94881429495
1914.0	73	8795.816607055354
1915.0	67	8795.683532738036
1916.0	87	8795.54959196482
1917.0	68	8795.414785357198
1918.0	73	8795.279113536302
1919.0	76	8795.142577122935
1920.0	84	8795.00517673757
1921.0	62	8794.866913000322
1922.0	77	8794.727786530973
1923.0	77	8794.587797948974
1924.0	60	8794.44694787342
1925.0	82	8794.30523692307
1926.0	67	8794.162665716358
1927.0	63	8794.01923487137
1928.0	75	8793.874945005839
1929.0	83	8793.729796737185
1930.0	81	8793.583790682456
1931.0	75	8793.436927458395
1932.0	68	8793.289207681393
1933.0	81	8793.1406319675
1934.0	78	8792.991200932438
1935.0	73	8792.840915191573
1936.0	56	8792.689775359937
1937.0	77	8792.537782052246
1938.0	83	8792.38493588286
1939.0	87	8792.2312374658
1940.0	79	8792.076687414763
1941.0	70	8791.921286343093
1942.0	94	8791.765034863814
1943.0	69	8791.607933589594
1944.0	89	8791.449983132788
1945.0	85	8791.291184105394
1946.0	76	8791.131537119092
1947.0	74	8790.971042785204
1948.0	58	8790.809701714737
1949.0	73	8790.647514518354
1950.0	57	8790.484481806388
1951.0	72	8790.320604188822
1952.0	71	8790.155882275316
1953.0	80	8789.990316675192
1954.0	81	8789.82390799745
1955.0	77	8789.656656850717
1956.0	85	8789.48856384334
1957.0	83	8789.319629583299
1958.0	82	8789.149854678226
1959.0	84	8788.979239735458
1960.0	77	8788.807785361972
1961.0	85	8788.635492164416
1962.0	85	8788.462360749114
1963.0	70	8788.28839172204
1964.0	68	8788.113585688852
1965.0	83	8787.937943254863
1966.0	77	8787.761465025054
1967.0	82	8787.584151604093
1968.0	79	8787.406003596278
1969.0	73	8787.2270216056
1970.0	77	8787.04720623574
1971.0	59	8786.866558089998
1972.0	71	8786.685077771372
1973.0	91	8786.502765882524
1974.0	73	8786.319623025784
1975.0	78	8786.13564980315
1976.0	72	8785.950846816282
1977.0	72	8785.765214666524
1978.0	82	8785.57875395488
1979.0	78	8785.391465282028
1980.0	62	8785.203349248304
1981.0	87	8785.014406453734
1982.0	67	8784.824637497986
1983.0	74	8784.634042980426
1984.0	59	8784.442623500083
1985.0	89	8784.25037965564
1986.0	67	8784.057312045476
1987.0	82	8783.86342126762
1988.0	92	8783.668707919769
1989.0	66	8783.473172599326
1990.0	68	8783.276815903326
1991.0	62	8783.07963842849
1992.0	64	8782.881640771218
1993.0	65	8782.682823527572
1994.0	78	8782.48318729329
1995.0	57	8782.28273266378
1996.0	87	8782.081460234114
1997.0	86	8781.879370599063
1998.0	81	8781.676464353037
1999.0	85	8781.472742090149
2000.0	71	8781.268204404169
2001.0	74	8781.062851888533
2002.0	79	8780.856685136365
2003.0	73	8780.649704740455
2004.0	82	8780.441911293277
2005.0	85	8780.23330538696
2006.0	88	8780.023887613312
2007.0	90	8779.81365856384
2008.0	86	8779.602618829691
2009.0	76	8779.39076900171
2010.0	88	8779.178109670398
2011.0	73	8778.964641425939
2012.0	82	8778.75036485821
2013.0	69	8778.53528055672
2014.0	79	8778.319389110704
2015.0	83	8778.102691109038
2016.0	73	8777.885187140282
2017.0	80	8777.666877792679
2018.0	62	8777.447763654134
2019.0	71	8777.227845312242
2020.0	84	8777.00712335427
2021.0	80	8776.785598367145
2022.0	61	8776.563270937499
2023.0	74	8776.34014165163
2024.0	72	8776.116211095497
2025.0	81	8775.891479854758
2026.0	93	8775.66594851474
2027.0	75	8775.439617660448
2028.0	72	8775.212487876546
2029.0	84	8774.984559747418
2030.0	80	8774.755833857074
2031.0	68	8774.526310789246
2032.0	87	8774.295991127321
2033.0	88	8774.064875454373
2034.0	60	8773.832964353142
2035.0	69	8773.600258406068
2036.0	88	8773.366758195254
2037.0	85	8773.132464302487
2038.0	68	8772.897377309218
2039.0	82	8772.66149779661
2040.0	61	8772.424826345476
2041.0	85	8772.187363536324
2042.0	79	8771.949109949337
2043.0	104	8771.710066164369
2044.0	93	8771.470232760974
2045.0	81	8771.229610318374
2046.0	83	8770.988199415471
2047.0	68	8770.746000630843
2048.0	83	8770.50301454276
2049.0	77	8770.259241729173
2050.0	78	8770.014682767696
2051.0	71	8769.76933823565
2052.0	71	8769.523208710018
2053.0	87	8769.276294767471
2054.0	70	8769.028596984372
2055.0	80	8768.780115936735
2056.0	98	8768.530852200303
2057.0	80	8768.280806350458
2058.0	65	8768.029978962273
2059.0	85	8767.778370610526
2060.0	68	8767.525981869661
2061.0	77	8767.272813313806
2062.0	74	8767.018865516775
2063.0	70	8766.764139052057
2064.0	65	8766.508634492839
2065.0	94	8766.252352411975
2066.0	84	8765.995293382026
2067.0	79	8765.737457975198
2068.0	71	8765.478846763423
2069.0	78	8765.219460318283
2070.0	67	8764.959299211077
2071.0	72	8764.698364012762
2072.0	65	8764.436655293974
2073.0	64	8764.17417362508
2074.0	76	8763.910919576076
2075.0	84	8763.646893716681
2076.0	82	8763.382096616282
2077.0	81	8763.116528843942
2078.0	71	8762.850190968435
2079.0	75	8762.583083558206
2080.0	70	8762.315207181393
2081.0	70	8762.046562405807
2082.0	65	8761.777149798962
2083.0	84	8761.506969928034
2084.0	87	8761.2360233599
2085.0	80	8760.964310661155
2086.0	82	8760.691832398023
2087.0	71	8760.418589136438
2088.0	66	8760.144581442044
2089.0	76	8759.86980988015
2090.0	70	8759.594275015745
2091.0	87	8759.317977413528
2092.0	62	8759.040917637862
2093.0	66	8758.763096252827
2094.0	80	8758.484513822154
2095.0	89	8758.205170909301
2096.0	71	8757.92506807738
2097.0	65	8757.644205889217
2098.0	76	8757.36258490732
2099.0	92	8757.080205693868
2100.0	65	8756.797068810754
2101.0	80	8756.513174819556
2102.0	88	8756.228524281521
2103.0	85	8755.943117757612
2104.0	87	8755.656955808463
2105.0	78	8755.370038994397
2106.0	71	8755.082367875446
2107.0	75	8754.793943011317
2108.0	84	8754.504764961408
2109.0	87	8754.21483428481
2110.0	78	8753.924151540306
2111.0	80	8753.632717286357
2112.0	83	8753.340532081142
2113.0	63	8753.047596482511
2114.0	81	8752.753911047992
2115.0	81	8752.459476334845
2116.0	62	8752.164292899985
2117.0	73	8751.868361300028
2118.0	66	8751.571682091297
2119.0	79	8751.274255829789
2120.0	79	8750.976083071182
2121.0	77	8750.677164370898
2122.0	73	8750.377500283987
2123.0	82	8750.077091365243
2124.0	71	8749.775938169118
2125.0	62	8749.474041249763
2126.0	82	8749.171401161046
2127.0	60	8748.868018456504
2128.0	94	8748.563893689365
2129.0	74	8748.25902741258
2130.0	81	8747.953420178752
2131.0	73	8747.64707254022
2132.0	72	8747.339985048986
2133.0	80	8747.03215825675
2134.0	75	8746.723592714916
2135.0	78	8746.41428897459
2136.0	84	8746.104247586556
2137.0	87	8745.793469101294
2138.0	76	8745.481954068977
2139.0	80	8745.169703039495
2140.0	76	8744.856716562414
2141.0	69	8744.542995186996
2142.0	77	8744.228539462189
2143.0	66	8743.91334993667
2144.0	83	8743.597427158778
2145.0	64	8743.280771676573
2146.0	78	8742.963384037781
2147.0	80	8742.645264789851
2148.0	71	8742.32641447992
2149.0	83	8742.006833654825
2150.0	91	8741.686522861082
2151.0	73	8741.36548264494
2152.0	71	8741.043713552299
2153.0	78	8740.721216128788
2154.0	81	8740.397990919731
2155.0	93	8740.07403847014
2156.0	59	8739.749359324733
2157.0	76	8739.423954027916
2158.0	70	8739.097823123793
2159.0	80	8738.770967156188
2160.0	73	8738.443386668576
2161.0	71	8738.115082204193
2162.0	75	8737.786054305927
2163.0	77	8737.45630351638
2164.0	61	8737.125830377843
2165.0	80	8736.794635432325
2166.0	78	8736.462719221527
2167.0	66	8736.130082286845
2168.0	92	8735.796725169364
2169.0	83	8735.46264840989
2170.0	71	8735.127852548923
2171.0	90	8734.79233812665
2172.0	81	8734.456105682968
2173.0	70	8734.119155757478
2174.0	75	8733.781488889474
2175.0	68	8733.443105617953
2176.0	74	8733.104006481602
2177.0	58	8732.764192018849
2178.0	68	8732.423662767764
2179.0	79	8732.082419266166
2180.0	93	8731.740462051544
2181.0	82	8731.397791661106
2182.0	70	8731.054408631768
2183.0	80	8730.710313500118
2184.0	96	8730.365506802475
2185.0	86	8730.01998907485
2186.0	81	8729.673760852955
2187.0	74	8729.3268226722
2188.0	76	8728.979175067701
2189.0	70	8728.6308185743
2190.0	82	8728.28175372649
2191.0	77	8727.931981058511
2192.0	60	8727.581501104289
2193.0	82	8727.230314397457
2194.0	86	8726.878421471354
2195.0	62	8726.52582285902
2196.0	67	8726.172519093197
2197.0	88	8725.81851070632
2198.0	65	8725.463798230545
2199.0	71	8725.108382197735
2200.0	59	8724.752263139446
2201.0	68	8724.395441586934
2202.0	103	8724.037918071168
2203.0	75	8723.679693122824
2204.0	84	8723.320767272286
2205.0	86	8722.961141049625
2206.0	70	8722.600814984633
2207.0	74	8722.239789606803
2208.0	78	8721.87806544533
2209.0	72	8721.515643029126
2210.0	82	8721.152522886789
2211.0	81	8720.788705546647
2212.0	78	8720.424191536718
2213.0	68	8720.058981384722
2214.0	73	8719.693075618105
2215.0	71	8719.326474763988
2216.0	87	8718.95917934924
2217.0	78	8718.591189900408
2218.0	76	8718.222506943754
2219.0	86	8717.853131005233
2220.0	81	8717.483062610545
2221.0	59	8717.112302285042
2222.0	85	8716.74085055385
2223.0	82	8716.36870794173
2224.0	96	8715.995874973212
2225.0	79	8715.622352172506
2226.0	72	8715.248140063532
2227.0	69	8714.873239169916
2228.0	83	8714.497650014991
2229.0	72	8714.121373121823
2230.0	81	8713.744409013161
2231.0	86	8713.366758211456
2232.0	74	8712.988421238902
2233.0	98	8712.609398617371
2234.0	70	8712.229690868442
2235.0	67	8711.849298513442
2236.0	79	8711.46822207337
2237.0	83	8711.086462068943
2238.0	60	8710.7040190206
2239.0	82	8710.32089344847
2240.0	70	8709.937085872423
2241.0	76	8709.552596811995
2242.0	63	8709.167426786475
2243.0	88	8708.781576314852
2244.0	80	8708.395045915799
2245.0	66	8708.007836107727
2246.0	84	8707.619947408768
2247.0	81	8707.231380336723
2248.0	72	8706.842135409137
2249.0	77	8706.452213143266
2250.0	81	8706.06161405607
2251.0	65	8705.67033866422
2252.0	73	8705.278387484095
2253.0	76	8704.885761031801
2254.0	84	8704.492459823141
2255.0	94	8704.098484373631
2256.0	67	8703.703835198517
2257.0	75	8703.308512812728
2258.0	87	8702.912517730943
2259.0	78	8702.515850467522
2260.0	69	8702.118511536544
2261.0	79	8701.720501451817
2262.0	79	8701.321820726858
2263.0	86	8700.922469874884
2264.0	69	8700.522449408829
2265.0	76	8700.12175984136
2266.0	77	8699.720401684834
2267.0	53	8699.31837545133
2268.0	65	8698.915681652637
2269.0	77	8698.512320800288
2270.0	75	8698.108293405483
2271.0	70	8697.703599979168
2272.0	68	8697.298241032
2273.0	73	8696.89221707435
2274.0	82	8696.485528616282
2275.0	75	8696.078176167619
2276.0	81	8695.670160237865
2277.0	77	8695.261481336258
2278.0	85	8694.852139971721
2279.0	78	8694.442136652937
2280.0	73	8694.031471888278
2281.0	66	8693.620146185824
2282.0	82	8693.208160053398
2283.0	67	8692.79551399852
2284.0	66	8692.382208528448
2285.0	79	8691.968244150112
2286.0	85	8691.553621370209
2287.0	76	8691.138340695128
2288.0	79	8690.722402630985
2289.0	85	8690.305807683586
2290.0	68	8689.8885563585
2291.0	80	8689.470649160974
2292.0	76	8689.052086595999
2293.0	77	8688.632869168257
2294.0	71	8688.212997382176
2295.0	94	8687.792471741883
2296.0	76	8687.371292751242
2297.0	75	8686.949460913815
2298.0	74	8686.526976732886
2299.0	73	8686.103840711476
2300.0	76	8685.68005335229
2301.0	73	8685.2556151578
2302.0	75	8684.83052663015
2303.0	77	8684.404788271238
2304.0	77	8683.97840058265
2305.0	87	8683.551364065732
2306.0	73	8683.1236792215
2307.0	69	8682.695346550736
2308.0	73	8682.266366553918
2309.0	85	8681.83673973125
2310.0	78	8681.406466582644
2311.0	89	8680.97554760775
2312.0	78	8680.543983305939
2313.0	78	8680.111774176285
2314.0	72	8679.678920717592
2315.0	81	8679.245423428387
2316.0	72	8678.811282806922
2317.0	73	8678.376499351167
2318.0	79	8677.9410735588
2319.0	65	8677.505005927249
2320.0	67	8677.068296953621
2321.0	73	8676.630947134805
2322.0	72	8676.192956967347
2323.0	83	8675.754326947563
2324.0	85	8675.315057571463
2325.0	75	8674.8751493348
2326.0	74	8674.434602733036
2327.0	96	8673.993418261352
2328.0	76	8673.551596414674
2329.0	63	8673.109137687625
2330.0	77	8672.666042574558
2331.0	69	8672.222311569569
2332.0	76	8671.777945166446
2333.0	86	8671.33294385873
2334.0	74	8670.887308139656
2335.0	70	8670.441038502213
2336.0	82	8669.994135439081
2337.0	72	8669.54659944271
2338.0	72	8669.098431005214
2339.0	79	8668.649630618494
2340.0	85	8668.200198774126
2341.0	87	8667.750135963433
2342.0	65	8667.299442677468
2343.0	86	8666.84811940699
2344.0	72	8666.3961666425
2345.0	96	8665.943584874216
2346.0	69	8665.490374592082
2347.0	75	8665.036536285772
2348.0	80	8664.582070444687
2349.0	59	8664.126977557926
2350.0	81	8663.67125811435
2351.0	84	8663.214912602543
2352.0	84	8662.7579415108
2353.0	83	8662.300345327127
2354.0	81	8661.8421245393
2355.0	79	8661.3832796348
2356.0	67	8660.923811100809
2357.0	79	8660.46371942427
2358.0	89	8660.003005091854
2359.0	85	8659.541668589929
2360.0	91	8659.079710404627
2361.0	78	8658.61713102177
2362.0	69	8658.153930926943
2363.0	89	8657.690110605432
2364.0	71	8657.225670542266
2365.0	107	8656.76061122219
2366.0	77	8656.294933129695
2367.0	76	8655.828636748967
2368.0	75	8655.361722563974
2369.0	75	8654.894191058362
2370.0	69	8654.426042715522
2371.0	80	8653.957278018583
2372.0	81	8653.4878974504
2373.0	63	8653.017901493544
2374.0	68	8652.547290630324
2375.0	84	8652.076065342788
2376.0	76	8651.604226112691
2377.0	70	8651.13177342155
2378.0	78	8650.658707750572
2379.0	76	8650.185029580723
2380.0	75	8649.710739392687
2381.0	68	8649.235837666887
2382.0	90	8648.760324883464
2383.0	79	8648.284201522312
2384.0	76	8647.807468063005
2385.0	81	8647.330124984916
2386.0	75	8646.852172767092
2387.0	98	8646.373611888352
2388.0	60	8645.894442827224
2389.0	69	8645.414666061957
2390.0	89	8644.934282070557
2391.0	79	8644.453291330758
2392.0	80	8643.971694319991
2393.0	65	8643.489491515465
2394.0	82	8643.0066833941
2395.0	75	8642.523270432544
2396.0	71	8642.03925310719
2397.0	65	8641.554631894143
2398.0	71	8641.069407269266
2399.0	94	8640.583579708127
2400.0	68	8640.097149686051
2401.0	71	8639.610117678096
2402.0	73	8639.122484159025
2403.0	75	8638.634249603363
2404.0	73	8638.145414485345
2405.0	84	8637.655979278961
2406.0	66	8637.165944457925
2407.0	82	8636.675310495693
2408.0	79	8636.184077865424
2409.0	86	8635.69224704006
2410.0	70	8635.199818492236
2411.0	71	8634.70679269433
2412.0	70	8634.213170118468
2413.0	74	8633.718951236513
2414.0	72	8633.22413652003
2415.0	83	8632.728726440359
2416.0	85	8632.232721468554
2417.0	56	8631.736122075396
2418.0	82	8631.238928731422
2419.0	72	8630.741141906883
2420.0	69	8630.242762071799
2421.0	78	8629.743789695875
2422.0	65	8629.244225248607
2423.0	60	8628.744069199181
2424.0	69	8628.243322016535
2425.0	82	8627.741984169355
2426.0	72	8627.24005612605
2427.0	64	8626.737538354777
2428.0	86	8626.234431323408
2429.0	72	8625.730735499577
2430.0	81	8625.226451350634
2431.0	70	8624.721579343683
2432.0	78	8624.216119945548
2433.0	80	8623.710073622802
2434.0	94	8623.203440841755
2435.0	78	8622.69622206845
2436.0	85	8622.188417768672
2437.0	75	8621.680028407925
2438.0	86	8621.17105445149
2439.0	77	8620.661496364344
2440.0	64	8620.151354611227
2441.0	76	8619.64062965661
2442.0	70	8619.129321964707
2443.0	74	8618.617431999464
2444.0	69	8618.104960224562
2445.0	67	8617.59190710344
2446.0	79	8617.078273099245
2447.0	74	8616.564058674894
2448.0	81	8616.049264293024
2449.0	68	8615.53389041602
2450.0	70	8615.017937506005
2451.0	65	8614.501406024829
2452.0	91	8613.984296434102
2453.0	77	8613.466609195166
2454.0	76	8612.948344769095
2455.0	73	8612.429503616713
2456.0	63	8611.91008619858
2457.0	65	8611.390092974987
2458.0	67	8610.869524405998
2459.0	67	8610.348380951371
2460.0	71	8609.826663070646
2461.0	90	8609.30437122307
2462.0	76	8608.781505867657
2463.0	85	8608.258067463154
2464.0	79	8607.734056468049
2465.0	71	8607.209473340557
2466.0	89	8606.68431853866
2467.0	63	8606.158592520058
2468.0	90	8605.632295742225
2469.0	81	8605.105428662333
2470.0	78	8604.577991737327
2471.0	79	8604.049985423882
2472.0	60	8603.521410178426
2473.0	77	8602.992266457122
2474.0	69	8602.462554715874
2475.0	85	8601.93227541033
2476.0	86	8601.401428995878
2477.0	80	8600.870015927656
2478.0	86	8600.338036660543
2479.0	68	8599.80549164916
2480.0	74	8599.272381347871
2481.0	70	8598.738706210775
2482.0	77	8598.20446669174
2483.0	83	8597.669663244344
2484.0	70	8597.13429632194
2485.0	77	8596.598366377595
2486.0	72	8596.061873864142
2487.0	85	8595.524819234157
2488.0	62	8594.987202939956
2489.0	83	8594.449025433587
2490.0	66	8593.910287166871
2491.0	63	8593.370988591343
2492.0	75	8592.831130158296
2493.0	64	8592.290712318782
2494.0	68	8591.749735523585
2495.0	87	8591.208200223216
2496.0	88	8590.666106867968
2497.0	87	8590.123455907857
2498.0	72	8589.580247792637
2499.0	72	8589.036482971842
2500.0	72	8588.492161894712
2501.0	72	8587.947285010252
2502.0	82	8587.401852767223
2503.0	88	8586.855865614107
2504.0	86	8586.309323999158
2505.0	71	8585.76222837036
2506.0	74	8585.214579175457
2507.0	59	8584.666376861916
2508.0	68	8584.117621876976
2509.0	72	8583.56831466762
2510.0	69	8583.018455680558
2511.0	81	8582.468045362271
2512.0	71	8581.917084158973
2513.0	79	8581.365572516637
2514.0	74	8580.81351088097
2515.0	74	8580.26089969744
2516.0	91	8579.70773941124
2517.0	81	8579.15403046735
2518.0	69	8578.599773310467
2519.0	75	8578.044968385055
2520.0	75	8577.489616135292
2521.0	80	8576.933717005151
2522.0	77	8576.37727143832
2523.0	74	8575.820279878262
2524.0	71	8575.262742768171
2525.0	78	8574.704660550979
2526.0	76	8574.146033669402
2527.0	71	8573.586862565868
2528.0	68	8573.027147682598
2529.0	71	8572.466889461508
2530.0	80	8571.906088344313
2531.0	80	8571.344744772452
2532.0	83	8570.78285918712
2533.0	74	8570.22043202925
2534.0	67	8569.657463739557
2535.0	72	8569.093954758477
2536.0	72	8568.5299055262
2537.0	80	8567.965316482685
2538.0	75	8567.400188067626
2539.0	67	8566.834520720458
2540.0	55	8566.268314880392
2541.0	58	8565.701570986384
2542.0	78	8565.134289477126
2543.0	76	8564.566470791066
2544.0	80	8563.998115366421
2545.0	77	8563.42922364114
2546.0	69	8562.859796052933
2547.0	71	8562.289833039269
2548.0	74	8561.719335037345
2549.0	81	8561.148302484136
2550.0	60	8560.57673581635
2551.0	77	8560.004635470463
2552.0	71	8559.432001882697
2553.0	76	8558.85883548901
2554.0	94	8558.285136725151
2555.0	79	8557.710906026583
2556.0	83	8557.136143828553
2557.0	73	8556.560850566035
2558.0	73	8555.98502667378
2559.0	72	8555.408672586269
2560.0	74	8554.831788737756
2561.0	92	8554.25437556223
2562.0	74	8553.676433493454
2563.0	71	8553.097962964943
2564.0	85	8552.518964409937
2565.0	73	8551.939438261481
2566.0	70	8551.359384952311
2567.0	76	8550.778804914984
2568.0	77	8550.197698581751
2569.0	83	8549.616066384668
2570.0	83	8549.033908755511
2571.0	70	8548.451226125822
2572.0	90	8547.868018926913
2573.0	87	8547.28428758982
2574.0	81	8546.70003254536
2575.0	69	8546.115254224096
2576.0	72	8545.529953056363
2577.0	86	8544.944129472207
2578.0	67	8544.357783901482
2579.0	85	8543.770916773768
2580.0	72	8543.183528518413
2581.0	78	8542.595619564503
2582.0	70	8542.007190340908
2583.0	86	8541.418241276235
2584.0	86	8540.828772798845
2585.0	84	8540.238785336882
2586.0	63	8539.64827931821
2587.0	64	8539.057255170472
2588.0	84	8538.46571332107
2589.0	79	8537.873654197154
2590.0	85	8537.281078225627
2591.0	86	8536.687985833172
2592.0	76	8536.094377446203
2593.0	91	8535.500253490896
2594.0	82	8534.905614393208
2595.0	79	8534.31046057883
2596.0	72	8533.714792473222
2597.0	66	8533.118610501597
2598.0	91	8532.521915088922
2599.0	81	8531.924706659936
2600.0	80	8531.326985639127
2601.0	73	8530.728752450736
2602.0	66	8530.130007518786
2603.0	89	8529.530751267024
2604.0	67	8528.930984118984
2605.0	64	8528.330706497958
2606.0	74	8527.729918826984
2607.0	85	8527.128621528862
2608.0	74	8526.526815026149
2609.0	97	8525.924499741177
2610.0	89	8525.321676096013
2611.0	85	8524.718344512525
2612.0	73	8524.114505412295
2613.0	77	8523.510159216687
2614.0	94	8522.90530634681
2615.0	71	8522.29994722358
2616.0	70	8521.694082267612
2617.0	79	8521.087711899314
2618.0	74	8520.480836538849
2619.0	75	8519.873456606148
2620.0	73	8519.265572520897
2621.0	84	8518.657184702533
2622.0	73	8518.048293570273
2623.0	86	8517.438899543087
2624.0	77	8516.829003039697
2625.0	72	8516.218604478592
2626.0	61	8515.607704278047
2627.0	63	8514.996302856058
2628.0	72	8514.384400630403
2629.0	63	8513.771998018634
2630.0	76	8513.159095438048
2631.0	71	8512.5456933057
2632.0	84	8511.931792038418
2633.0	72	8511.317392052808
2634.0	69	8510.70249376521
2635.0	72	8510.08709759173
2636.0	99	8509.471203948251
2637.0	78	8508.854813250424
2638.0	80	8508.23792591364
2639.0	67	8507.620542353063
2640.0	73	8507.002662983643
2641.0	74	8506.384288220044
2642.0	65	8505.765418476749
2643.0	85	8505.146054167966
2644.0	68	8504.526195707682
2645.0	63	8503.905843509647
2646.0	78	8503.284997987368
2647.0	80	8502.663659554133
2648.0	61	8502.041828622976
2649.0	72	8501.419505606698
2650.0	72	8500.796690917874
2651.0	79	8500.173384968844
2652.0	83	8499.549588171702
2653.0	77	8498.925300938316
2654.0	84	8498.300523680306
2655.0	70	8497.675256809087
2656.0	74	8497.0495007358
2657.0	79	8496.42325587137
2658.0	62	8495.796522626508
2659.0	78	8495.169301411654
2660.0	85	8494.541592637035
2661.0	76	8493.913396712629
2662.0	70	8493.284714048214
2663.0	87	8492.65554505329
2664.0	75	8492.02589013715
2665.0	77	8491.395749708856
2666.0	56	8490.765124177222
2667.0	73	8490.13401395082
2668.0	71	8489.502419438022
2669.0	65	8488.870341046942
2670.0	66	8488.237779185465
2671.0	72	8487.604734261242
2672.0	77	8486.971206681694
2673.0	82	8486.337196854025
2674.0	75	8485.702705185171
2675.0	81	8485.067732081863
2676.0	66	8484.432277950591
2677.0	77	8483.796343197619
2678.0	73	8483.159928228968
2679.0	73	8482.523033450429
2680.0	80	8481.885659267573
2681.0	83	8481.247806085728
2682.0	83	8480.609474309998
2683.0	79	8479.970664345241
2684.0	65	8479.331376596105
2685.0	72	8478.691611466978
2686.0	68	8478.051369362054
2687.0	75	8477.410650685262
2688.0	69	8476.769455840335
2689.0	78	8476.127785230727
2690.0	89	8475.4856392597
2691.0	71	8474.843018330277
2692.0	75	8474.199922845244
2693.0	71	8473.556353207168
2694.0	72	8472.912309818374
2695.0	80	8472.267793080951
2696.0	77	8471.622803396782
2697.0	89	8470.977341167503
2698.0	69	8470.331406794518
2699.0	74	8469.68500067901
2700.0	61	8469.03812322193
2701.0	74	8468.390774824007
2702.0	80	8467.742955885715
2703.0	76	8467.094666807336
2704.0	65	8466.44590798888
2705.0	83	8465.796679830171
2706.0	68	8465.146982730783
2707.0	79	8464.496817090063
2708.0	68	8463.846183307116
2709.0	73	8463.195081780847
2710.0	76	8462.543512909913
2711.0	72	8461.89147709275
2712.0	66	8461.238974727552
2713.0	63	8460.586006212314
2714.0	75	8459.932571944773
2715.0	67	8459.278672322447
2716.0	88	8458.62430774265
2717.0	64	8457.969478602436
2718.0	83	8457.314185298634
2719.0	64	8456.658428227878
2720.0	86	8456.00220778653
2721.0	89	8455.345524370772
2722.0	70	8454.688378376513
2723.0	90	8454.03077019946
2724.0	65	8453.372700235108
2725.0	72	8452.714168878687
2726.0	73	8452.055176525237
2727.0	73	8451.395723569543
2728.0	91	8450.735810406175
2729.0	76	8450.0754374295
2730.0	78	8449.414605033617
2731.0	72	8448.75331361242
2732.0	76	8448.091563559583
2733.0	84	8447.429355268549
2734.0	79	8446.766689132532
2735.0	69	8446.10356554452
2736.0	73	8445.439984897286
2737.0	78	8444.77594758336
2738.0	76	8444.111453995061
2739.0	77	8443.44650452449
2740.0	87	8442.781099563499
2741.0	79	8442.115239503735
2742.0	68	8441.448924736615
2743.0	85	8440.782155653322
2744.0	79	8440.114932644838
2745.0	76	8439.447256101894
2746.0	81	8438.77912641501
2747.0	76	8438.110543974477
2748.0	72	8437.441509170374
2749.0	76	8436.772022392546
2750.0	66	8436.102084030614
2751.0	92	8435.43169447398
2752.0	73	8434.760854111817
2753.0	85	8434.089563333084
2754.0	94	8433.417822526497
2755.0	78	8432.745632080572
2756.0	102	8432.07299238359
2757.0	89	8431.399903823612
2758.0	49	8430.726366788476
2759.0	69	8430.052381665793
2760.0	73	8429.377948842954
2761.0	72	8428.703068707142
2762.0	69	8428.027741645288
2763.0	74	8427.351968044119
2764.0	82	8426.675748290145
2765.0	84	8425.999082769646
2766.0	71	8425.321971868672
2767.0	69	8424.644415973069
2768.0	71	8423.966415468454
2769.0	74	8423.287970740213
2770.0	77	8422.609082173523
2771.0	83	8421.92975015334
2772.0	81	8421.249975064378
2773.0	87	8420.569757291163
2774.0	64	8419.889097217972
2775.0	69	8419.207995228879
2776.0	59	8418.526451707725
2777.0	68	8417.844467038138
2778.0	65	8417.162041603515
2779.0	80	8416.479175787052
2780.0	89	8415.795869971715
2781.0	79	8415.11212454023
2782.0	79	8414.427939875135
2783.0	82	8413.743316358738
2784.0	66	8413.05825437311
2785.0	66	8412.372754300119
2786.0	55	8411.68681652141
2787.0	68	8411.000441418415
2788.0	87	8410.31362937233
2789.0	86	8409.62638076415
2790.0	78	8408.93869597463
2791.0	77	8408.25057538433
2792.0	71	8407.562019373572
2793.0	73	8406.873028322461
2794.0	80	8406.1836026109
2795.0	97	8405.493742618564
2796.0	81	8404.803448724891
2797.0	73	8404.112721309131
2798.0	83	8403.4215607503
2799.0	87	8402.72996742718
2800.0	72	8402.037941718376
2801.0	73	8401.345484002237
2802.0	84	8400.652594656913
2803.0	66	8399.959274060328
2804.0	81	8399.265522590204
2805.0	58	8398.571340624012
2806.0	76	8397.876728539046
2807.0	83	8397.181686712349
2808.0	65	8396.486215520776
2809.0	69	8395.79031534094
2810.0	88	8395.093986549253
2811.0	82	8394.397229521901
2812.0	80	8393.700044634857
2813.0	83	8393.002432263887
2814.0	71	8392.304392784506
2815.0	58	8391.605926572067
2816.0	74	8390.907034001655
2817.0	69	8390.207715448172
2818.0	67	8389.507971286288
2819.0	69	8388.807801890463
2820.0	71	8388.107207634932
2821.0	94	8387.406188893738
2822.0	60	8386.704746040692
2823.0	74	8386.002879449366
2824.0	78	8385.300589493163
2825.0	65	8384.597876545244
2826.0	61	8383.894740978549
2827.0	87	8383.19118316583
2828.0	77	8382.487203479584
2829.0	85	8381.782802292139
2830.0	77	8381.077979975575
2831.0	74	8380.372736901762
2832.0	76	8379.667073442371
2833.0	56	8378.960989968838
2834.0	82	8378.254486852404
2835.0	89	8377.547564464081
2836.0	75	8376.840223174686
2837.0	73	8376.132463354788
2838.0	73	8375.424285374776
2839.0	87	8374.715689604809
2840.0	71	8374.006676414843
2841.0	82	8373.297246174605
2842.0	63	8372.587399253609
2843.0	70	8371.877136021181
2844.0	77	8371.166456846404
2845.0	69	8370.45536209816
2846.0	69	8369.743852145131
2847.0	84	8369.031927355747
2848.0	61	8368.319588098277
2849.0	69	8367.60683474074
2850.0	84	8366.893667650953
2851.0	81	8366.180087196526
2852.0	83	8365.466093744848
2853.0	83	8364.751687663094
2854.0	89	8364.036869318252
2855.0	78	8363.321639077056
2856.0	87	8362.605997306064
2857.0	67	8361.88994437161
2858.0	75	8361.17348063981
2859.0	67	8360.456606476573
2860.0	66	8359.739322247595
2861.0	95	8359.021628318373
2862.0	88	8358.303525054169
2863.0	75	8357.58501282005
2864.0	74	8356.866091980879
2865.0	73	8356.14676290129
2866.0	77	8355.42702594572
2867.0	89	8354.706881478382
2868.0	77	8353.986329863288
2869.0	88	8353.265371464244
2870.0	69	8352.544006644828
2871.0	83	8351.822235768428
2872.0	66	8351.100059198212
2873.0	87	8350.377477297126
2874.0	79	8349.654490427938
2875.0	57	8348.931098953177
2876.0	67	8348.207303235164
2877.0	81	8347.483103636032
2878.0	91	8346.758500517679
2879.0	67	8346.03349424182
2880.0	80	8345.308085169927
2881.0	48	8344.582273663287
2882.0	82	8343.856060082982
2883.0	78	8343.129444789873
2884.0	68	8342.402428144607
2885.0	73	8341.675010507637
2886.0	90	8340.947192239186
2887.0	54	8340.218973699304
2888.0	69	8339.490355247803
2889.0	66	8338.76133724428
2890.0	88	8338.031920048152
2891.0	59	8337.302104018621
2892.0	66	8336.571889514657
2893.0	88	8335.841276895053
2894.0	62	8335.110266518366
2895.0	69	8334.378858742975
2896.0	72	8333.647053927029
2897.0	73	8332.91485242847
2898.0	85	8332.182254605044
2899.0	73	8331.449260814292
2900.0	64	8330.715871413535
2901.0	77	8329.98208675989
2902.0	82	8329.247907210263
2903.0	67	8328.513333121376
2904.0	85	8327.778364849722
2905.0	81	8327.043002751585
2906.0	83	8326.307247183053
2907.0	64	8325.57109850001
2908.0	74	8324.83455705812
2909.0	67	8324.097623212861
2910.0	65	8323.360297319487
2911.0	79	8322.62257973305
2912.0	76	8321.884470808405
2913.0	76	8321.145970900192
2914.0	74	8320.407080362838
2915.0	49	8319.667799550583
2916.0	63	8318.928128817457
2917.0	73	8318.188068517271
2918.0	85	8317.44761900365
2919.0	98	8316.706780629984
2920.0	64	8315.965553749502
2921.0	90	8315.223938715184
2922.0	77	8314.481935879838
2923.0	64	8313.739545596049
2924.0	94	8312.996768216195
2925.0	76	8312.25360409247
2926.0	60	8311.510053576834
2927.0	59	8310.76611702108
2928.0	71	8310.021794776761
2929.0	75	8309.277087195234
2930.0	78	8308.531994627681
2931.0	71	8307.786517425036
2932.0	73	8307.040655938064
2933.0	73	8306.294410517301
2934.0	72	8305.547781513103
2935.0	65	8304.800769275598
2936.0	63	8304.053374154735
2937.0	70	8303.305596500253
2938.0	70	8302.557436661664
2939.0	61	8301.808894988304
2940.0	80	8301.059971829302
2941.0	81	8300.310667533582
2942.0	84	8299.56098244985
2943.0	74	8298.810916926623
2944.0	75	8298.06047131224
2945.0	72	8297.309645954778
2946.0	77	8296.558441202167
2947.0	64	8295.80685740211
2948.0	78	8295.054894902107
2949.0	75	8294.302554049464
2950.0	73	8293.54983519128
2951.0	80	8292.796738674455
2952.0	79	8292.04326484568
2953.0	81	8291.289414051455
2954.0	83	8290.535186638075
2955.0	74	8289.780582951627
2956.0	79	8289.02560333801
2957.0	76	8288.270248142908
2958.0	73	8287.514517711812
2959.0	64	8286.758412390001
2960.0	84	8286.001932522573
2961.0	81	8285.245078454403
2962.0	74	8284.487850530186
2963.0	70	8283.730249094398
2964.0	74	8282.972274491334
2965.0	77	8282.213927065062
2966.0	67	8281.455207159474
2967.0	51	8280.696115118251
2968.0	94	8279.936651284874
2969.0	85	8279.176816002637
2970.0	80	8278.416609614602
2971.0	73	8277.656032463667
2972.0	67	8276.895084892512
2973.0	75	8276.133767243622
2974.0	75	8275.372079859279
2975.0	81	8274.61002308157
2976.0	83	8273.847597252381
2977.0	84	8273.084802713398
2978.0	76	8272.3216398061
2979.0	77	8271.558108871786
2980.0	94	8270.794210251537
2981.0	78	8270.029944286256
2982.0	82	8269.265311316618
2983.0	85	8268.50031168313
2984.0	80	8267.734945726093
2985.0	71	8266.969213785576
2986.0	72	8266.2031162015
2987.0	75	8265.436653313567
2988.0	79	8264.669825461262
2989.0	81	8263.902632983907
2990.0	81	8263.135076220588
2991.0	68	8262.367155510234
2992.0	82	8261.598871191547
2993.0	82	8260.830223603047
2994.0	93	8260.061213083034
2995.0	89	8259.291839969635
2996.0	71	8258.522104600777
2997.0	89	8257.752007314186
2998.0	73	8256.981548447373
2999.0	69	8256.210728337675
3000.0	81	8255.439547322236
3001.0	75	8254.668005737982
3002.0	78	8253.896103921648
3003.0	88	8253.123842209794
3004.0	80	8252.351220938755
3005.0	86	8251.578240444676
3006.0	73	8250.804901063537
3007.0	72	8250.031203131064
3008.0	59	8249.257146982838
3009.0	75	8248.482732954217
3010.0	82	8247.707961380382
3011.0	78	8246.932832596294
3012.0	80	8246.157346936741
3013.0	96	8245.381504736304
3014.0	100	8244.605306329371
3015.0	75	8243.828752050133
3016.0	69	8243.051842232599
3017.0	69	8242.27457721055
3018.0	77	8241.496957317615
3019.0	63	8240.718982887189
3020.0	78	8239.940654252494
3021.0	85	8239.161971746562
3022.0	84	8238.382935702213
3023.0	72	8237.603546452086
3024.0	81	8236.82380432861
3025.0	71	8236.043709664045
3026.0	73	8235.263262790422
3027.0	73	8234.482464039616
3028.0	72	8233.701313743282
3029.0	70	8232.91981223288
3030.0	66	8232.137959839703
3031.0	67	8231.355756894827
3032.0	70	8230.573203729118
3033.0	88	8229.790300673294
3034.0	69	8229.007048057852
3035.0	67	8228.22344621309
3036.0	72	8227.439495469122
3037.0	59	8226.655196155878
3038.0	71	8225.870548603087
3039.0	78	8225.08555314027
3040.0	89	8224.300210096777
3041.0	74	8223.514519801754
3042.0	80	8222.728482584162
3043.0	73	8221.942098772763
3044.0	57	8221.155368696118
3045.0	83	8220.368292682631
3046.0	69	8219.580871060469
3047.0	73	8218.793104157628
3048.0	73	8218.004992301914
3049.0	72	8217.216535820942
3050.0	71	8216.42773504213
3051.0	73	8215.638590292696
3052.0	68	8214.849101899681
3053.0	72	8214.05927018993
3054.0	83	8213.269095490097
3055.0	71	8212.478578126638
3056.0	77	8211.687718425828
3057.0	70	8210.896516713747
3058.0	74	8210.104973316273
3059.0	62	8209.313088559105
3060.0	69	8208.520862767764
3061.0	89	8207.728296267547
3062.0	85	8206.935389383581
3063.0	79	8206.14214244081
3064.0	75	8205.348555763963
3065.0	69	8204.554629677608
3066.0	69	8203.760364506092
3067.0	79	8202.965760573603
3068.0	55	8202.170818204113
3069.0	89	8201.375537721418
3070.0	65	8200.579919449125
3071.0	81	8199.783963710637
3072.0	87	8198.987670829178
3073.0	73	8198.191041127784
3074.0	65	8197.394074929307
3075.0	83	8196.59677255639
3076.0	82	8195.799134331512
3077.0	70	8195.00116057693
3078.0	82	8194.202851614744
3079.0	88	8193.40420776684
3080.0	82	8192.605229354942
3081.0	71	8191.805916700571
3082.0	73	8191.006270125041
3083.0	61	8190.206289949506
3084.0	86	8189.405976494926
3085.0	78	8188.605330082051
3086.0	80	8187.8043510314765
3087.0	71	8187.0030396635775
3088.0	67	8186.201396298555
3089.0	80	8185.399421256445
3090.0	73	8184.59711485704
3091.0	89	8183.794477420001
3092.0	83	8182.991509264765
3093.0	85	8182.188210710601
3094.0	90	8181.384582076573
3095.0	74	8180.5806236815815
3096.0	71	8179.776335844327
3097.0	83	8178.9717188833065
3098.0	84	8178.166773116858
3099.0	69	8177.361498863109
3100.0	76	8176.555896440023
3101.0	81	8175.749966165358
3102.0	73	8174.943708356688
3103.0	71	8174.137123331412
3104.0	70	8173.330211406721
3105.0	56	8172.5229728996455
3106.0	80	8171.715408127014
3107.0	75	8170.907517405474
3108.0	80	8170.099301051469
3109.0	72	8169.290759381287
3110.0	79	8168.481892711015
3111.0	78	8167.672701356539
3112.0	75	8166.863185633592
3113.0	69	8166.05334585769
3114.0	85	8165.243182344183
3115.0	67	8164.43269540823
3116.0	61	8163.621885364793
3117.0	75	8162.810752528675
3118.0	71	8161.999297214463
3119.0	82	8161.187519736584
3120.0	69	8160.375420409263
3121.0	82	8159.562999546551
3122.0	90	8158.750257462316
3123.0	58	8157.937194470213
3124.0	85	8157.123810883761
3125.0	51	8156.310107016248
3126.0	80	8155.496083180813
3127.0	60	8154.681739690385
3128.0	67	8153.86707685772
3129.0	74	8153.052094995388
3130.0	75	8152.23679441578
3131.0	60	8151.421175431088
3132.0	78	8150.605238353344
3133.0	70	8149.7889834943735
3134.0	74	8148.972411165828
3135.0	68	8148.155521679178
3136.0	61	8147.338315345708
3137.0	70	8146.520792476511
3138.0	82	8145.702953382504
3139.0	79	8144.884798374439
3140.0	77	8144.066327762838
3141.0	68	8143.247541858096
3142.0	62	8142.428440970373
3143.0	75	8141.609025409681
3144.0	62	8140.789295485848
3145.0	66	8139.969251508499
3146.0	84	8139.148893787084
3147.0	80	8138.328222630881
3148.0	70	8137.507238348978
3149.0	76	8136.685941250288
3150.0	71	8135.864331643524
3151.0	73	8135.042409837223
3152.0	76	8134.220176139763
3153.0	69	8133.397630859306
3154.0	63	8132.574774303851
3155.0	74	8131.751606781224
3156.0	61	8130.928128599039
3157.0	73	8130.104340064767
3158.0	73	8129.280241485655
3159.0	68	8128.455833168813
3160.0	77	8127.631115421134
3161.0	75	8126.8060885493505
3162.0	76	8125.98075286001
3163.0	69	8125.155108659463
3164.0	78	8124.329156253908
3165.0	73	8123.5028959493275
3166.0	74	8122.676328051562
3167.0	67	8121.849452866239
3168.0	67	8121.02227069883
3169.0	85	8120.194781854603
3170.0	74	8119.3669866386645
3171.0	83	8118.538885355935
3172.0	70	8117.710478311143
3173.0	78	8116.88176580886
3174.0	77	8116.052748153456
3175.0	62	8115.223425649127
3176.0	70	8114.393798599908
3177.0	65	8113.563867309616
3178.0	67	8112.733632081939
3179.0	83	8111.903093220323
3180.0	74	8111.072251028097
3181.0	57	8110.24110580837
3182.0	73	8109.4096578640865
3183.0	68	8108.577907498011
3184.0	86	8107.745855012724
3185.0	72	8106.9135007106315
3186.0	60	8106.080844893956
3187.0	68	8105.247887864754
3188.0	74	8104.414629924894
3189.0	86	8103.581071376059
3190.0	73	8102.747212519764
3191.0	85	8101.913053657338
3192.0	89	8101.078595089941
3193.0	72	8100.243837118553
3194.0	69	8099.4087800439665
3195.0	72	8098.573424166801
3196.0	70	8097.7377697875
3197.0	63	8096.901817206334
3198.0	71	8096.065566723386
3199.0	71	8095.229018638562
3200.0	70	8094.392173251598
3201.0	72	8093.555030862047
3202.0	76	8092.7175917692875
3203.0	83	8091.879856272521
3204.0	70	8091.041824670755
3205.0	65	8090.203497262853
3206.0	94	8089.364874347479
3207.0	74	8088.525956223116
3208.0	64	8087.686743188079
3209.0	83	8086.847235540521
3210.0	79	8086.007433578386
3211.0	93	8085.167337599472
3212.0	76	8084.326947901369
3213.0	69	8083.4862647815235
3214.0	79	8082.645288537187
3215.0	67	8081.804019465433
3216.0	77	8080.962457863173
3217.0	80	8080.12060402713
3218.0	74	8079.278458253854
3219.0	83	8078.4360208397175
3220.0	80	8077.593292080922
3221.0	92	8076.750272273499
3222.0	66	8075.906961713285
3223.0	87	8075.0633606959545
3224.0	57	8074.219469517015
3225.0	66	8073.375288471775
3226.0	92	8072.530817855388
3227.0	56	8071.686057962824
3228.0	74	8070.841009088881
3229.0	68	8069.995671528177
3230.0	72	8069.150045575167
3231.0	79	8068.304131524112
3232.0	79	8067.457929669114
3233.0	81	8066.611440304094
3234.0	82	8065.764663722809
3235.0	88	8064.917600218826
3236.0	90	8064.0702500855405
3237.0	77	8063.22261361618
3238.0	71	8062.374691103805
3239.0	67	8061.526482841282
3240.0	75	8060.677989121316
3241.0	72	8059.829210236442
3242.0	77	8058.980146479004
3243.0	77	8058.1307981411965
3244.0	49	8057.28116551502
3245.0	79	8056.431248892316
3246.0	73	8055.581048564734
3247.0	79	8054.730564823777
3248.0	83	8053.879797960746
3249.0	68	8053.028748266793
3250.0	67	8052.177416032886
3251.0	67	8051.325801549811
3252.0	64	8050.473905108201
3253.0	66	8049.6217269985045
3254.0	86	8048.769267510998
3255.0	73	8047.916526935781
3256.0	86	8047.063505562788
3257.0	81	8046.210203681778
3258.0	66	8045.35662158235
3259.0	82	8044.5027595539
3260.0	85	8043.648617885687
3261.0	79	8042.794196866772
3262.0	91	8041.939496786061
3263.0	80	8041.084517932278
3264.0	72	8040.229260593975
3265.0	89	8039.373725059547
3266.0	84	8038.517911617188
3267.0	62	8037.661820554956
3268.0	80	8036.805452160702
3269.0	60	8035.948806722145
3270.0	80	8035.091884526791
3271.0	73	8034.234685862008
3272.0	74	8033.377211014979
3273.0	74	8032.519460272712
3274.0	79	8031.661433922047
3275.0	78	8030.803132249666
3276.0	77	8029.944555542064
3277.0	70	8029.0857040855635
3278.0	80	8028.226578166338
3279.0	79	8027.367178070366
3280.0	78	8026.507504083463
3281.0	77	8025.647556491287
3282.0	69	8024.787335579316
3283.0	61	8023.926841632844
3284.0	78	8023.066074937033
3285.0	69	8022.205035776827
3286.0	72	8021.343724437037
3287.0	71	8020.482141202285
3288.0	74	8019.620286357033
3289.0	76	8018.75816018557
3290.0	92	8017.895762972011
3291.0	68	8017.033095000318
3292.0	85	8016.17015655426
3293.0	85	8015.306947917447
3294.0	77	8014.443469373331
3295.0	71	8013.57972120518
3296.0	76	8012.7157036960925
3297.0	81	8011.85141712902
3298.0	63	8010.98686178672
3299.0	77	8010.122037951778
3300.0	81	8009.25694590664
3301.0	72	8008.391585933563
3302.0	93	8007.525958314642
3303.0	85	8006.660063331784
3304.0	67	8005.793901266769
3305.0	71	8004.927472401167
3306.0	78	8004.0607770164
3307.0	84	8003.193815393721
3308.0	71	8002.326587814218
3309.0	73	8001.459094558801
3310.0	85	8000.59133590822
3311.0	63	7999.723312143053
3312.0	79	7998.855023543711
3313.0	67	7997.986470390446
3314.0	64	7997.117652963325
3315.0	78	7996.248571542271
3316.0	68	7995.379226407017
3317.0	63	7994.509617837133
3318.0	88	7993.639746112047
3319.0	69	7992.769611510991
3320.0	66	7991.89921431303
3321.0	58	7991.028554797084
3322.0	77	7990.1576332418945
3323.0	84	7989.2864499260295
3324.0	91	7988.415005127905
3325.0	78	7987.543299125755
3326.0	74	7986.671332197655
3327.0	74	7985.799104621517
3328.0	79	7984.9266166750895
3329.0	84	7984.053868635939
3330.0	82	7983.180860781481
3331.0	78	7982.3075933889595
3332.0	93	7981.434066735456
3333.0	66	7980.560281097878
3334.0	69	7979.686236752972
3335.0	80	7978.811933977329
3336.0	85	7977.937373047359
3337.0	83	7977.062554239318
3338.0	74	7976.1874778292795
3339.0	74	7975.312144093174
3340.0	90	7974.436553306749
3341.0	79	7973.5607057456045
3342.0	88	7972.684601685167
3343.0	74	7971.808241400677
3344.0	93	7970.931625167247
3345.0	69	7970.054753259801
3346.0	79	7969.177625953112
3347.0	71	7968.300243521772
3348.0	69	7967.422606240225
3349.0	74	7966.544714382734
3350.0	55	7965.66656822342
3351.0	73	7964.788168036206
3352.0	80	7963.909514094894
3353.0	69	7963.030606673096
3354.0	69	7962.151446044254
3355.0	69	7961.272032481652
3356.0	85	7960.392366258433
3357.0	65	7959.512447647542
3358.0	77	7958.6322769217795
3359.0	84	7957.751854353773
3360.0	81	7956.871180216002
3361.0	72	7955.990254780774
3362.0	89	7955.109078320217
3363.0	61	7954.227651106325
3364.0	74	7953.345973410903
3365.0	94	7952.464045505614
3366.0	68	7951.58186766194
3367.0	75	7950.699440151214
3368.0	66	7949.816763244607
3369.0	80	7948.933837213105
3370.0	63	7948.050662327564
3371.0	92	7947.167238858645
3372.0	82	7946.283567076875
3373.0	70	7945.3996472526005
3374.0	81	7944.515479656018
3375.0	80	7943.6310645571375
3376.0	74	7942.746402225854
3377.0	77	7941.861492931835
3378.0	59	7940.976336944651
3379.0	78	7940.090934533674
3380.0	81	7939.205285968107
3381.0	75	7938.319391517028
3382.0	63	7937.4332514493135
3383.0	83	7936.54686603371
3384.0	86	7935.660235538785
3385.0	73	7934.773360232941
3386.0	92	7933.886240384435
3387.0	73	7932.998876261355
3388.0	70	7932.111268131622
3389.0	79	7931.223416263003
3390.0	74	7930.335320923108
3391.0	69	7929.446982379379
3392.0	77	7928.558400899091
3393.0	63	7927.669576749381
3394.0	84	7926.7805101971935
3395.0	62	7925.891201509341
3396.0	88	7925.00165095246
3397.0	100	7924.111858793039
3398.0	62	7923.221825297382
3399.0	66	7922.331550731665
3400.0	75	7921.441035361872
3401.0	75	7920.550279453861
3402.0	92	7919.6592832733
3403.0	62	7918.7680470857085
3404.0	77	7917.8765711564465
3405.0	77	7916.984855750724
3406.0	72	7916.092901133567
3407.0	62	7915.200707569872
3408.0	80	7914.308275324351
3409.0	73	7913.415604661571
3410.0	75	7912.522695845926
3411.0	70	7911.629549141672
3412.0	80	7910.736164812893
3413.0	78	7909.842543123506
3414.0	71	7908.948684337282
3415.0	65	7908.0545887178305
3416.0	57	7907.160256528601
3417.0	98	7906.265688032884
3418.0	82	7905.370883493811
3419.0	66	7904.475843174354
3420.0	83	7903.580567337325
3421.0	60	7902.685056245385
3422.0	70	7901.789310161039
3423.0	67	7900.89332934661
3424.0	85	7899.997114064292
3425.0	63	7899.100664576112
3426.0	78	7898.203981143926
3427.0	91	7897.307064029446
3428.0	97	7896.40991349422
3429.0	67	7895.512529799646
3430.0	78	7894.614913206956
3431.0	93	7893.717063977222
3432.0	73	7892.818982371378
3433.0	76	7891.920668650169
3434.0	82	7891.0221230742145
3435.0	69	7890.123345903949
3436.0	67	7889.224337399675
3437.0	72	7888.325097821518
3438.0	78	7887.425627429466
3439.0	74	7886.525926483317
3440.0	79	7885.625995242762
3441.0	84	7884.72583396729
3442.0	64	7883.825442916255
3443.0	65	7882.924822348842
3444.0	74	7882.023972524105
3445.0	73	7881.122893700907
3446.0	76	7880.221586137982
3447.0	83	7879.320050093895
3448.0	60	7878.418285827054
3449.0	78	7877.51629359571
3450.0	65	7876.6140736579755
3451.0	67	7875.711626271786
3452.0	77	7874.808951694935
3453.0	75	7873.906050185046
3454.0	86	7873.0029219996
3455.0	62	7872.099567395916
3456.0	60	7871.195986631153
3457.0	75	7870.292179962334
3458.0	84	7869.388147646298
3459.0	70	7868.483889939762
3460.0	92	7867.579407099253
3461.0	66	7866.67469938117
3462.0	76	7865.769767041734
3463.0	94	7864.864610337036
3464.0	72	7863.959229523
3465.0	80	7863.053624855387
3466.0	78	7862.147796589814
3467.0	93	7861.241744981743
3468.0	61	7860.33547028648
3469.0	84	7859.428972759168
3470.0	66	7858.522252654803
3471.0	64	7857.6153102282415
3472.0	72	7856.70814573416
3473.0	67	7855.800759427091
3474.0	77	7854.893151561416
3475.0	80	7853.98532239136
3476.0	85	7853.077272170997
3477.0	72	7852.1690011542405
3478.0	69	7851.260509594859
3479.0	67	7850.351797746462
3480.0	90	7849.442865862505
3481.0	100	7848.533714196284
3482.0	88	7847.624343000961
3483.0	84	7846.714752529528
3484.0	77	7845.804943034821
3485.0	77	7844.894914769538
3486.0	76	7843.984667986222
3487.0	85	7843.07420293724
3488.0	86	7842.163519874831
3489.0	67	7841.252619051072
3490.0	69	7840.34150071789
3491.0	90	7839.430165127058
3492.0	88	7838.518612530198
3493.0	81	7837.606843178766
3494.0	62	7836.694857324091
3495.0	87	7835.782655217326
3496.0	71	7834.870237109481
3497.0	81	7833.957603251418
3498.0	88	7833.044753893838
3499.0	73	7832.131689287303
3500.0	66	7831.218409682211
3501.0	76	7830.304915328805
3502.0	92	7829.391206477192
3503.0	81	7828.477283377313
3504.0	74	7827.563146278962
3505.0	66	7826.648795431783
3506.0	77	7825.734231085273
3507.0	65	7824.819453488756
3508.0	71	7823.904462891441
3509.0	70	7822.98925954235
3510.0	76	7822.0738436903675
3511.0	81	7821.1582155842425
3512.0	71	7820.242375472545
3513.0	76	7819.326323603716
3514.0	64	7818.410060226037
3515.0	81	7817.493585587635
3516.0	64	7816.576899936497
3517.0	68	7815.660003520442
3518.0	74	7814.7428965871595
3519.0	65	7813.825579384169
3520.0	62	7812.908052158853
3521.0	72	7811.990315158443
3522.0	83	7811.07236863001
3523.0	72	7810.154212820491
3524.0	87	7809.235847976644
3525.0	81	7808.31727434512
3526.0	67	7807.398492172387
3527.0	80	7806.479501704767
3528.0	53	7805.56030318844
3529.0	73	7804.640896869431
3530.0	75	7803.721282993627
3531.0	84	7802.801461806752
3532.0	82	7801.881433554391
3533.0	69	7800.961198481958
3534.0	74	7800.040756834747
3535.0	60	7799.12010885789
3536.0	84	7798.199254796358
3537.0	78	7797.278194895
3538.0	84	7796.356929398479
3539.0	86	7795.435458551346
3540.0	73	7794.513782597988
3541.0	83	7793.591901782627
3542.0	77	7792.669816349376
3543.0	84	7791.747526542146
3544.0	77	7790.825032604746
3545.0	77	7789.902334780822
3546.0	71	7788.979433313853
3547.0	62	7788.056328447202
3548.0	74	7787.133020424061
3549.0	89	7786.2095094874685
3550.0	86	7785.285795880343
3551.0	73	7784.361879845435
3552.0	72	7783.437761625339
3553.0	82	7782.513441462525
3554.0	77	7781.588919599298
3555.0	88	7780.66419627782
3556.0	93	7779.739271740103
3557.0	56	7778.814146228022
3558.0	76	7777.888819983299
3559.0	72	7776.963293247494
3560.0	81	7776.037566262039
3561.0	58	7775.111639268211
3562.0	76	7774.18551250714
3563.0	71	7773.259186219813
3564.0	64	7772.332660647069
3565.0	65	7771.405936029584
3566.0	83	7770.4790126079115
3567.0	87	7769.551890622444
3568.0	63	7768.624570313433
3569.0	81	7767.697051920982
3570.0	61	7766.769335685041
3571.0	74	7765.841421845432
3572.0	70	7764.913310641807
3573.0	88	7763.985002313682
3574.0	78	7763.056497100438
3575.0	76	7762.127795241285
3576.0	63	7761.198896975319
3577.0	72	7760.269802541459
3578.0	73	7759.340512178495
3579.0	80	7758.411026125072
3580.0	82	7757.481344619678
3581.0	76	7756.551467900662
3582.0	86	7755.62139620623
3583.0	69	7754.691129774446
3584.0	62	7753.760668843211
3585.0	73	7752.830013650307
3586.0	90	7751.899164433332
3587.0	68	7750.968121429786
3588.0	79	7750.036884876991
3589.0	86	7749.105455012128
3590.0	76	7748.1738320722425
3591.0	74	7747.242016294233
3592.0	81	7746.310007914856
3593.0	80	7745.377807170703
3594.0	93	7744.445414298242
3595.0	57	7743.512829533794
3596.0	69	7742.580053113528
3597.0	62	7741.64708527347
3598.0	73	7740.713926249513
3599.0	82	7739.780576277384
3600.0	80	7738.847035592693
3601.0	78	7737.9133044308655
3602.0	80	7736.979383027233
3603.0	87	7736.04527161695
3604.0	72	7735.110970435031
3605.0	82	7734.176479716352
3606.0	75	7733.241799695645
3607.0	71	7732.3069306075095
3608.0	79	7731.3718726863635
3609.0	73	7730.436626166522
3610.0	73	7729.501191282146
3611.0	72	7728.565568267238
3612.0	75	7727.629757355664
3613.0	77	7726.6937587811635
3614.0	89	7725.757572777313
3615.0	83	7724.821199577555
3616.0	71	7723.884639415187
3617.0	81	7722.94789252335
3618.0	78	7722.010959135074
3619.0	87	7721.073839483212
3620.0	66	7720.136533800494
3621.0	77	7719.199042319507
3622.0	78	7718.261365272685
3623.0	75	7717.323502892333
3624.0	69	7716.38545541059
3625.0	85	7715.447223059482
3626.0	69	7714.5088060708795
3627.0	76	7713.570204676502
3628.0	78	7712.6314191079455
3629.0	76	7711.692449596642
3630.0	56	7710.753296373903
3631.0	72	7709.81395967088
3632.0	70	7708.874439718591
3633.0	77	7707.93473674793
3634.0	67	7706.994850989603
3635.0	92	7706.054782674223
3636.0	67	7705.114532032228
3637.0	88	7704.174099293939
3638.0	77	7703.233484689516
3639.0	79	7702.292688448989
3640.0	78	7701.351710802248
3641.0	72	7700.410551979023
3642.0	74	7699.469212208922
3643.0	79	7698.527691721417
3644.0	66	7697.585990745824
3645.0	68	7696.644109511318
3646.0	54	7695.70204824694
3647.0	69	7694.759807181584
3648.0	65	7693.817386544029
3649.0	78	7692.874786562865
3650.0	77	7691.932007466576
3651.0	71	7690.989049483508
3652.0	84	7690.045912841852
3653.0	78	7689.102597769654
3654.0	74	7688.159104494844
3655.0	80	7687.215433245182
3656.0	63	7686.271584248309
3657.0	77	7685.327557731729
3658.0	76	7684.383353922782
3659.0	76	7683.438973048692
3660.0	90	7682.494415336535
3661.0	74	7681.549681013228
3662.0	71	7680.604770305594
3663.0	80	7679.659683440268
3664.0	68	7678.714420643779
3665.0	60	7677.768982142494
3666.0	80	7676.8233681626625
3667.0	80	7675.877578930368
3668.0	59	7674.931614671583
3669.0	87	7673.985475612121
3670.0	92	7673.039161977664
3671.0	89	7672.092673993752
3672.0	67	7671.146011885792
3673.0	84	7670.199175879042
3674.0	77	7669.252166198626
3675.0	77	7668.304983069538
3676.0	72	7667.357626716626
3677.0	71	7666.410097364598
3678.0	81	7665.462395238019
3679.0	77	7664.514520561316
3680.0	81	7663.566473558799
3681.0	73	7662.618254454623
3682.0	61	7661.6698634727845
3683.0	68	7660.721300837187
3684.0	67	7659.772566771558
3685.0	78	7658.823661499508
3686.0	78	7657.874585244486
3687.0	78	7656.925338229844
3688.0	72	7655.975920678757
3689.0	76	7655.0263328142755
3690.0	82	7654.076574859318
3691.0	71	7653.126647036661
3692.0	69	7652.176549568945
3693.0	73	7651.226282678673
3694.0	66	7650.275846588204
3695.0	73	7649.3252415197585
3696.0	66	7648.374467695442
3697.0	73	7647.423525337204
3698.0	74	7646.472414666853
3699.0	78	7645.521135906074
3700.0	73	7644.569689276407
3701.0	89	7643.618074999255
3702.0	74	7642.666293295881
3703.0	66	7641.714344387429
3704.0	74	7640.762228494889
3705.0	67	7639.809945839115
3706.0	93	7638.857496640833
3707.0	78	7637.9048811206285
3708.0	69	7636.952099498942
3709.0	81	7635.999151996097
3710.0	62	7635.046038832268
3711.0	63	7634.092760227495
3712.0	82	7633.139316401676
3713.0	83	7632.185707574588
3714.0	68	7631.2319339658625
3715.0	68	7630.277995794984
3716.0	69	7629.3238932813365
3717.0	65	7628.369626644119
3718.0	68	7627.415196102436
3719.0	72	7626.46060187524
3720.0	75	7625.5058441813435
3721.0	84	7624.550923239439
3722.0	72	7623.595839268066
3723.0	81	7622.640592485636
3724.0	60	7621.6851831104395
3725.0	84	7620.7296113606035
3726.0	78	7619.773877454137
3727.0	74	7618.817981608921
3728.0	57	7617.8619240426815
3729.0	80	7616.9057049730245
3730.0	83	7615.949324617423
3731.0	53	7614.992783193204
3732.0	75	7614.036080917568
3733.0	80	7613.079218007575
3734.0	63	7612.122194680154
3735.0	86	7611.165011152103
3736.0	69	7610.207667640081
3737.0	65	7609.250164360612
3738.0	74	7608.292501530086
3739.0	71	7607.334679364768
3740.0	71	7606.376698080778
3741.0	83	7605.418557894096
3742.0	95	7604.460259020591
3743.0	80	7603.501801675982
3744.0	76	7602.543186075848
3745.0	85	7601.584412435648
3746.0	74	7600.6254809707125
3747.0	70	7599.666391896209
3748.0	73	7598.7071454272
3749.0	74	7597.747741778616
3750.0	73	7596.78818116523
3751.0	68	7595.8284638016885
3752.0	65	7594.868589902532
3753.0	85	7593.908559682132
3754.0	67	7592.948373354749
3755.0	60	7591.9880311345005
3756.0	71	7591.027533235375
3757.0	67	7590.066879871229
3758.0	76	7589.106071255783
3759.0	92	7588.145107602618
3760.0	58	7587.1839891252075
3761.0	68	7586.222716036855
3762.0	92	7585.261288550776
3763.0	75	7584.2997068800105
3764.0	85	7583.337971237487
3765.0	74	7582.376081836011
3766.0	72	7581.4140388882315
3767.0	76	7580.451842606688
3768.0	64	7579.489493203768
3769.0	75	7578.5269908917435
3770.0	72	7577.5643358827465
3771.0	66	7576.601528388782
3772.0	83	7575.63856862172
3773.0	83	7574.6754567932885
3774.0	74	7573.7121931151005
3775.0	69	7572.748777798638
3776.0	74	7571.785211055233
3777.0	69	7570.821493096105
3778.0	76	7569.857624132323
3779.0	63	7568.893604374848
3780.0	71	7567.929434034491
3781.0	78	7566.965113321937
3782.0	72	7566.000642447744
3783.0	80	7565.036021622335
3784.0	87	7564.07125105601
3785.0	79	7563.10633095892
3786.0	80	7562.141261541102
3787.0	73	7561.176043012448
3788.0	83	7560.210675582744
3789.0	71	7559.245159461613
3790.0	74	7558.279494858573
3791.0	86	7557.313681983002
3792.0	87	7556.347721044136
3793.0	77	7555.3816122511125
3794.0	69	7554.415355812894
3795.0	72	7553.448951938356
3796.0	79	7552.482400836209
3797.0	58	7551.515702715067
3798.0	72	7550.548857783377
3799.0	80	7549.581866249493
3800.0	85	7548.614728321604
3801.0	77	7547.6474442077915
3802.0	91	7546.680014116015
3803.0	72	7545.712438254074
3804.0	71	7544.744716829661
3805.0	81	7543.776850050336
3806.0	76	7542.808838123526
3807.0	77	7541.840681256526
3808.0	74	7540.872379656518
3809.0	67	7539.9039335305215
3810.0	84	7538.9353430854635
3811.0	52	7537.966608528122
3812.0	65	7536.997730065138
3813.0	85	7536.028707903041
3814.0	75	7535.059542248235
3815.0	83	7534.0902333069835
3816.0	81	7533.120781285407
3817.0	70	7532.151186389528
3818.0	51	7531.181448825225
3819.0	63	7530.211568798239
3820.0	62	7529.241546514203
3821.0	71	7528.271382178604
3822.0	67	7527.30107599681
3823.0	77	7526.330628174047
3824.0	58	7525.360038915443
3825.0	64	7524.38930842596
3826.0	69	7523.418436910462
3827.0	69	7522.4474245736665
3828.0	86	7521.476271620171
3829.0	71	7520.50497825444
3830.0	57	7519.533544680827
3831.0	69	7518.561971103525
3832.0	77	7517.590257726623
3833.0	79	7516.618404754096
3834.0	77	7515.646412389749
3835.0	71	7514.674280837299
3836.0	78	7513.702010300311
3837.0	82	7512.729600982233
3838.0	59	7511.7570530863895
3839.0	76	7510.784366815976
3840.0	69	7509.811542374048
3841.0	75	7508.838579963545
3842.0	67	7507.865479787272
3843.0	79	7506.892242047929
3844.0	80	7505.91886694806
3845.0	69	7504.945354690097
3846.0	73	7503.971705476348
3847.0	57	7502.997919508976
3848.0	64	7502.0239969900485
3849.0	76	7501.0499381214695
3850.0	69	7500.075743105058
3851.0	65	7499.101412142459
3852.0	87	7498.1269454352405
3853.0	69	7497.1523431847945
3854.0	68	7496.1776055924265
3855.0	73	7495.202732859305
3856.0	73	7494.22772518646
3857.0	58	7493.252582774804
3858.0	72	7492.277305825127
3859.0	74	7491.301894538086
3860.0	69	7490.326349114216
3861.0	78	7489.35066975393
3862.0	76	7488.374856657504
3863.0	67	7487.398910025105
3864.0	74	7486.422830056757
3865.0	90	7485.446616952365
3866.0	68	7484.470270911711
3867.0	79	7483.493792134455
3868.0	57	7482.517180820122
3869.0	68	7481.540437168121
3870.0	61	7480.563561377726
3871.0	91	7479.58655364809
3872.0	63	7478.609414178246
3873.0	80	7477.632143167104
3874.0	76	7476.654740813432
3875.0	80	7475.677207315884
3876.0	71	7474.699542873006
3877.0	58	7473.721747683182
3878.0	89	7472.743821944701
3879.0	69	7471.765765855716
3880.0	67	7470.787579614262
3881.0	70	7469.809263418245
3882.0	74	7468.830817465437
3883.0	69	7467.852241953511
3884.0	68	7466.873537079993
3885.0	71	7465.8947030422805
3886.0	51	7464.915740037674
3887.0	73	7463.9366482633295
3888.0	72	7462.957427916287
3889.0	90	7461.978079193447
3890.0	80	7460.99860229161
3891.0	72	7460.018997407432
3892.0	76	7459.039264737464
3893.0	62	7458.059404478108
3894.0	78	7457.079416825678
3895.0	74	7456.099301976331
3896.0	76	7455.1190601261205
3897.0	79	7454.138691470962
3898.0	86	7453.158196206656
3899.0	61	7452.177574528881
3900.0	53	7451.196826633192
3901.0	67	7450.215952715017
3902.0	65	7449.234952969666
3903.0	74	7448.253827592322
3904.0	77	7447.272576778037
3905.0	72	7446.291200721763
3906.0	70	7445.309699618308
3907.0	72	7444.328073662358
3908.0	92	7443.346323048492
3909.0	70	7442.36444797115
3910.0	67	7441.38244862466
3911.0	68	7440.400325203226
3912.0	68	7439.418077900924
3913.0	82	7438.435706911712
3914.0	89	7437.453212429422
3915.0	78	7436.4705946477625
3916.0	83	7435.4878537603345
3917.0	65	7434.504989960596
3918.0	64	7433.522003441893
3919.0	108	7432.538894397458
3920.0	78	7431.555663020377
3921.0	92	7430.572309503652
3922.0	69	7429.58883404012
3923.0	60	7428.605236822525
3924.0	75	7427.621518043487
3925.0	78	7426.637677895486
3926.0	82	7425.653716570902
3927.0	75	7424.669634261987
3928.0	70	7423.6854311608595
3929.0	65	7422.701107459544
3930.0	76	7421.716663349899
3931.0	76	7420.732099023712
3932.0	65	7419.747414672617
3933.0	87	7418.762610488137
3934.0	70	7417.777686661674
3935.0	80	7416.792643384504
3936.0	86	7415.807480847789
3937.0	65	7414.822199242567
3938.0	76	7413.836798759754
3939.0	69	7412.8512795901515
3940.0	81	7411.865641924426
3941.0	71	7410.879885953137
3942.0	74	7409.894011866723
3943.0	90	7408.908019855492
3944.0	76	7407.921910109641
3945.0	68	7406.935682819245
3946.0	64	7405.949338174249
3947.0	75	7404.962876364495
3948.0	76	7403.976297579698
3949.0	74	7402.989602009439
3950.0	70	7402.002789843202
3951.0	68	7401.015861270329
3952.0	68	7400.02881648006
3953.0	78	7399.041655661494
3954.0	74	7398.054379003652
3955.0	76	7397.066986695381
3956.0	80	7396.079478925441
3957.0	94	7395.091855882476
3958.0	75	7394.1041177549905
3959.0	81	7393.1162647313795
3960.0	70	7392.128296999917
3961.0	71	7391.1402147487715
3962.0	68	7390.152018165968
3963.0	67	7389.163707439425
3964.0	69	7388.175282756943
3965.0	68	7387.186744306211
3966.0	77	7386.198092274768
3967.0	75	7385.209326850072
3968.0	56	7384.220448219438
3969.0	82	7383.231456570078
3970.0	88	7382.242352089069
3971.0	75	7381.253134963374
3972.0	73	7380.263805379849
3973.0	77	7379.274363525225
3974.0	58	7378.284809586096
3975.0	87	7377.295143748974
3976.0	68	7376.305366200218
3977.0	77	7375.315477126091
3978.0	72	7374.325476712723
3979.0	62	7373.335365146135
3980.0	84	7372.34514261223
3981.0	82	7371.354809296789
3982.0	88	7370.3643653854815
3983.0	65	7369.373811063844
3984.0	69	7368.3831465173025
3985.0	60	7367.392371931181
3986.0	70	7366.401487490667
3987.0	75	7365.410493380835
3988.0	74	7364.419389786638
3989.0	62	7363.428176892921
3990.0	69	7362.4368548843995
3991.0	70	7361.44542394569
3992.0	62	7360.453884261268
3993.0	73	7359.462236015512
3994.0	81	7358.470479392673
3995.0	57	7357.478614576884
3996.0	77	7356.486641752159
3997.0	73	7355.494561102406
3998.0	59	7354.502372811409
3999.0	61	7353.510077062831
4000.0	68	7352.51767404023
4001.0	77	7351.525163927024
4002.0	78	7350.532546906549
4003.0	81	7349.539823162
4004.0	66	7348.54699287645
4005.0	70	7347.554056232869
4006.0	76	7346.561013414113
4007.0	77	7345.567864602909
4008.0	68	7344.57460998189
4009.0	78	7343.581249733532
4010.0	69	7342.587784040234
4011.0	83	7341.594213084268
4012.0	80	7340.600537047776
4013.0	82	7339.606756112792
4014.0	70	7338.612870461252
4015.0	69	7337.618880274948
4016.0	77	7336.6247857355675
4017.0	60	7335.630587024693
4018.0	83	7334.63628432377
4019.0	73	7333.641877814141
4020.0	71	7332.647367677034
4021.0	67	7331.652754093556
4022.0	62	7330.658037244702
4023.0	75	7329.6632173113485
4024.0	64	7328.668294474265
4025.0	79	7327.6732689140845
4026.0	65	7326.678140811359
4027.0	58	7325.682910346483
4028.0	94	7324.6875776997795
4029.0	70	7323.692143051413
4030.0	77	7322.696606581484
4031.0	65	7321.700968469922
4032.0	68	7320.705228896575
4033.0	65	7319.70938804118
4034.0	82	7318.713446083341
4035.0	87	7317.7174032025605
4036.0	80	7316.72125957821
4037.0	84	7315.725015389561
4038.0	78	7314.728670815776
4039.0	57	7313.732226035882
4040.0	67	7312.735681228811
4041.0	75	7311.739036573371
4042.0	67	7310.742292248252
4043.0	68	7309.7454484320415
4044.0	76	7308.748505303201
4045.0	69	7307.751463040089
4046.0	86	7306.754321820939
4047.0	67	7305.757081823871
4048.0	78	7304.759743226909
4049.0	62	7303.762306207944
4050.0	72	7302.764770944754
4051.0	75	7301.7671376150065
4052.0	60	7300.769406396272
4053.0	89	7299.771577465974
4054.0	91	7298.773651001454
4055.0	76	7297.775627179915
4056.0	89	7296.777506178463
4057.0	73	7295.779288174091
4058.0	81	7294.780973343659
4059.0	75	7293.782561863945
4060.0	78	7292.784053911587
4061.0	76	7291.7854496631135
4062.0	82	7290.786749294958
4063.0	80	7289.787952983423
4064.0	74	7288.789060904698
4065.0	76	7287.790073234874
4066.0	60	7286.790990149921
4067.0	62	7285.791811825683
4068.0	75	7284.792538437921
4069.0	77	7283.793170162244
4070.0	77	7282.793707174196
4071.0	77	7281.794149649166
4072.0	77	7280.794497762443
4073.0	63	7279.794751689223
4074.0	77	7278.79491160456
4075.0	68	7277.794977683424
4076.0	76	7276.794950100641
4077.0	78	7275.794829030958
4078.0	78	7274.794614648985
4079.0	77	7273.794307129235
4080.0	71	7272.793906646097
4081.0	52	7271.793413373857
4082.0	85	7270.792827486685
4083.0	84	7269.792149158646
4084.0	81	7268.791378563682
4085.0	82	7267.790515875623
4086.0	81	7266.789561268199
4087.0	83	7265.788514915022
4088.0	84	7264.787376989589
4089.0	74	7263.786147665298
4090.0	73	7262.784827115417
4091.0	59	7261.78341551311
4092.0	88	7260.781913031444
4093.0	57	7259.780319843357
4094.0	69	7258.778636121684
4095.0	71	7257.776862039129
4096.0	80	7256.774997768326
4097.0	67	7255.773043481755
4098.0	93	7254.770999351821
4099.0	75	7253.7688655507845
4100.0	71	7252.766642250826
4101.0	56	7251.764329623989
4102.0	74	7250.761927842228
4103.0	86	7249.759437077362
4104.0	79	7248.75685750113
4105.0	72	7247.754189285142
4106.0	66	7246.751432600889
4107.0	78	7245.748587619774
4108.0	76	7244.745654513076
4109.0	72	7243.742633451965
4110.0	72	7242.739524607496
4111.0	60	7241.73632815063
4112.0	83	7240.733044252196
4113.0	71	7239.72967308293
4114.0	86	7238.726214813452
4115.0	73	7237.722669614273
4116.0	87	7236.71903765579
4117.0	82	7235.715319108297
4118.0	59	7234.711514141968
4119.0	86	7233.707622926877
4120.0	68	7232.703645632991
4121.0	52	7231.699582430152
4122.0	72	7230.695433488099
4123.0	84	7229.691198976476
4124.0	96	7228.686879064806
4125.0	74	7227.682473922487
4126.0	69	7226.677983718833
4127.0	75	7225.673408623039
4128.0	64	7224.668748804191
4129.0	76	7223.664004431255
4130.0	73	7222.659175673117
4131.0	84	7221.654262698518
4132.0	71	7220.64926567611
4133.0	71	7219.644184774436
4134.0	71	7218.639020161934
4135.0	86	7217.63377200691
4136.0	64	7216.628440477592
4137.0	75	7215.623025742076
4138.0	83	7214.617527968362
4139.0	82	7213.611947324336
4140.0	84	7212.606283977779
4141.0	79	7211.600538096361
4142.0	83	7210.5947098476345
4143.0	89	7209.588799399072
4144.0	70	7208.582806918003
4145.0	72	7207.5767325716715
4146.0	65	7206.570576527209
4147.0	64	7205.564338951631
4148.0	60	7204.558020011848
4149.0	93	7203.5516198746645
4150.0	76	7202.545138706792
4151.0	67	7201.538576674793
4152.0	75	7200.531933945177
4153.0	72	7199.525210684298
4154.0	61	7198.518407058419
4155.0	70	7197.511523233713
4156.0	85	7196.504559376221
4157.0	70	7195.497515651892
4158.0	72	7194.490392226551
4159.0	71	7193.483189265922
4160.0	73	7192.475906935647
4161.0	69	7191.468545401214
4162.0	82	7190.461104828046
4163.0	65	7189.453585381429
4164.0	77	7188.44598722656
4165.0	76	7187.438310528531
4166.0	77	7186.430555452304
4167.0	82	7185.422722162753
4168.0	74	7184.414810824651
4169.0	71	7183.406821602637
4170.0	66	7182.3987546612725
4171.0	87	7181.390610165001
4172.0	54	7180.382388278155
4173.0	61	7179.374089164957
4174.0	74	7178.365712989541
4175.0	83	7177.357259915916
4176.0	67	7176.348730107992
4177.0	83	7175.340123729573
4178.0	74	7174.331440944362
4179.0	62	7173.322681915933
4180.0	93	7172.313846807785
4181.0	72	7171.304935783291
4182.0	79	7170.2959490057265
4183.0	90	7169.286886638244
4184.0	78	7168.277748843924
4185.0	74	7167.268535785702
4186.0	81	7166.259247626435
4187.0	61	7165.249884528851
4188.0	78	7164.2404466556145
4189.0	63	7163.230934169228
4190.0	76	7162.221347232133
4191.0	65	7161.211686006634
4192.0	77	7160.201950654959
4193.0	75	7159.192141339207
4194.0	80	7158.182258221382
4195.0	81	7157.172301463389
4196.0	74	7156.16227122701
4197.0	67	7155.152167673926
4198.0	77	7154.14199096573
4199.0	73	7153.131741263897
4200.0	75	7152.12141872979
4201.0	63	7151.111023524684
4202.0	69	7150.100555809733
4203.0	81	7149.090015745992
4204.0	79	7148.079403494422
4205.0	65	7147.068719215851
4206.0	73	7146.0579630710345
4207.0	76	7145.047135220607
4208.0	81	7144.036235825096
4209.0	80	7143.025265044928
4210.0	74	7142.014223040435
4211.0	70	7141.003109971822
4212.0	79	7139.991925999209
4213.0	55	7138.980671282601
4214.0	71	7137.969345981906
4215.0	71	7136.957950256936
4216.0	77	7135.946484267365
4217.0	59	7134.934948172803
4218.0	66	7133.923342132725
4219.0	79	7132.911666306527
4220.0	77	7131.899920853475
4221.0	82	7130.888105932753
4222.0	88	7129.876221703437
4223.0	86	7128.864268324488
4224.0	89	7127.852245954775
4225.0	78	7126.840154753048
4226.0	66	7125.827994877984
4227.0	78	7124.815766488116
4228.0	95	7123.803469741902
4229.0	73	7122.791104797694
4230.0	75	7121.778671813727
4231.0	73	7120.766170948136
4232.0	77	7119.753602358969
4233.0	80	7118.740966204147
4234.0	59	7117.72826264151
4235.0	76	7116.715491828775
4236.0	77	7115.702653923571
4237.0	88	7114.689749083414
4238.0	68	7113.67677746572
4239.0	88	7112.663739227813
4240.0	62	7111.650634526898
4241.0	71	7110.637463520074
4242.0	69	7109.624226364358
4243.0	69	7108.610923216654
4244.0	83	7107.59755423375
4245.0	78	7106.584119572354
4246.0	71	7105.570619389056
4247.0	69	7104.557053840347
4248.0	76	7103.543423082628
4249.0	61	7102.529727272169
4250.0	79	7101.5159665651645
4251.0	77	7100.502141117695
4252.0	66	7099.488251085741
4253.0	74	7098.4742966251815
4254.0	73	7097.460277891802
4255.0	76	7096.446195041252
4256.0	71	7095.432048229128
4257.0	69	7094.417837610885
4258.0	65	7093.403563341897
4259.0	73	7092.389225577435
4260.0	64	7091.3748244726485
4261.0	86	7090.360360182617
4262.0	71	7089.3458328622855
4263.0	83	7088.331242666526
4264.0	68	7087.316589750084
4265.0	84	7086.301874267627
4266.0	79	7085.287096373705
4267.0	72	7084.272256222771
4268.0	82	7083.25735396918
4269.0	72	7082.242389767166
4270.0	78	7081.227363770906
4271.0	73	7080.2122761344235
4272.0	66	7079.197127011679
4273.0	73	7078.181916556509
4274.0	61	7077.166644922665
4275.0	72	7076.151312263784
4276.0	62	7075.135918733417
4277.0	67	7074.120464484998
4278.0	81	7073.104949671871
4279.0	84	7072.089374447279
4280.0	68	7071.073738964357
4281.0	69	7070.058043376142
4282.0	57	7069.0422878355685
4283.0	82	7068.026472495492
4284.0	72	7067.010597508626
4285.0	74	7065.994663027625
4286.0	69	7064.978669205017
4287.0	74	7063.962616193234
4288.0	61	7062.946504144614
4289.0	69	7061.930333211401
4290.0	87	7060.91410354572
4291.0	77	7059.897815299605
4292.0	106	7058.881468624993
4293.0	95	7057.865063673727
4294.0	70	7056.848600597524
4295.0	61	7055.832079548036
4296.0	77	7054.815500676787
4297.0	73	7053.798864135214
4298.0	70	7052.7821700746545
4299.0	72	7051.76541864634
4300.0	69	7050.74861000141
4301.0	70	7049.731744290897
4302.0	78	7048.714821665743
4303.0	65	7047.697842276783
4304.0	65	7046.680806274756
4305.0	69	7045.663713810288
4306.0	95	7044.646565033932
4307.0	85	7043.629360096132
4308.0	71	7042.612099147209
4309.0	77	7041.594782337417
4310.0	77	7040.5774098168895
4311.0	76	7039.559981735689
4312.0	75	7038.542498243737
4313.0	83	7037.524959490892
4314.0	65	7036.50736562689
4315.0	68	7035.489716801388
4316.0	73	7034.472013163932
4317.0	62	7033.454254863967
4318.0	71	7032.436442050839
4319.0	74	7031.418574873812
4320.0	89	7030.40065348204
4321.0	85	7029.382678024571
4322.0	77	7028.364648650363
4323.0	83	7027.346565508273
4324.0	69	7026.328428747061
4325.0	76	7025.310238515388
4326.0	72	7024.2919949618245
4327.0	67	7023.273698234825
4328.0	78	7022.255348482766
4329.0	63	7021.236945853902
4330.0	71	7020.218490496416
4331.0	68	7019.199982558379
4332.0	80	7018.181422187762
4333.0	81	7017.162809532441
4334.0	65	7016.1441447402
4335.0	76	7015.125427958712
4336.0	84	7014.10665933556
4337.0	73	7013.087839018236
4338.0	75	7012.0689671541295
4339.0	65	7011.050043890522
4340.0	71	7010.031069374613
4341.0	78	7009.012043753486
4342.0	78	7007.992967174156
4343.0	73	7006.973839783506
4344.0	71	7005.954661728356
4345.0	74	7004.935433155396
4346.0	85	7003.916154211249
4347.0	68	7002.896825042412
4348.0	77	7001.877445795307
4349.0	86	7000.858016616238
4350.0	76	6999.838537651448
4351.0	57	6998.8190090470425
4352.0	87	6997.799430949051
4353.0	60	6996.779803503415
4354.0	69	6995.760126855938
4355.0	72	6994.740401152383
4356.0	81	6993.720626538378
4357.0	81	6992.700803159471
4358.0	87	6991.680931161095
4359.0	79	6990.661010688607
4360.0	60	6989.641041887259
4361.0	87	6988.621024902215
4362.0	75	6987.600959878515
4363.0	71	6986.580846961134
4364.0	86	6985.560686294946
4365.0	80	6984.540478024712
4366.0	74	6983.520222295098
4367.0	58	6982.499919250703
4368.0	93	6981.479569035993
4369.0	85	6980.45917179536
4370.0	86	6979.438727673096
4371.0	68	6978.41823681339
4372.0	65	6977.397699360345
4373.0	83	6976.377115457956
4374.0	86	6975.356485250137
4375.0	66	6974.335808880701
4376.0	63	6973.315086493351
4377.0	63	6972.294318231719
4378.0	72	6971.27350423933
4379.0	64	6970.252644659601
4380.0	69	6969.231739635866
4381.0	67	6968.21078931137
4382.0	66	6967.189793829259
4383.0	70	6966.168753332568
4384.0	80	6965.1476679642465
4385.0	72	6964.126537867166
4386.0	69	6963.105363184081
4387.0	69	6962.084144057649
4388.0	77	6961.062880630455
4389.0	93	6960.04157304496
4390.0	69	6959.020221443553
4391.0	68	6957.998825968526
4392.0	68	6956.977386762058
4393.0	88	6955.95590396625
4394.0	87	6954.934377723112
4395.0	87	6953.9128081745375
4396.0	74	6952.891195462342
4397.0	65	6951.869539728252
4398.0	74	6950.84784111388
4399.0	79	6949.826099760755
4400.0	74	6948.804315810316
4401.0	73	6947.7824894038995
4402.0	71	6946.760620682756
4403.0	78	6945.7387097880255
4404.0	69	6944.716756860776
4405.0	88	6943.6947620419705
4406.0	73	6942.672725472461
4407.0	67	6941.650647293035
4408.0	74	6940.628527644374
4409.0	88	6939.606366667056
4410.0	69	6938.584164501584
4411.0	76	6937.561921288347
4412.0	49	6936.539637167652
4413.0	72	6935.51731227971
4414.0	65	6934.494946764627
4415.0	77	6933.472540762449
4416.0	74	6932.450094413086
4417.0	76	6931.4276078563835
4418.0	66	6930.405081232078
4419.0	58	6929.382514679821
4420.0	75	6928.359908339169
4421.0	80	6927.337262349579
4422.0	76	6926.314576850436
4423.0	75	6925.29185198099
4424.0	69	6924.2690878804415
4425.0	88	6923.246284687868
4426.0	65	6922.223442542274
4427.0	92	6921.200561582555
4428.0	81	6920.177641947532
4429.0	85	6919.154683775901
4430.0	57	6918.131687206305
4431.0	63	6917.108652377267
4432.0	77	6916.085579427225
4433.0	79	6915.062468494529
4434.0	77	6914.039319717416
4435.0	81	6913.016133234065
4436.0	74	6911.992909182524
4437.0	61	6910.969647700783
4438.0	57	6909.94634892672
4439.0	70	6908.923012998124
4440.0	76	6907.899640052681
4441.0	73	6906.876230228012
4442.0	78	6905.852783661613
4443.0	73	6904.829300490915
4444.0	63	6903.80578085324
4445.0	83	6902.782224885831
4446.0	46	6901.758632725818
4447.0	84	6900.735004510263
4448.0	67	6899.711340376116
4449.0	87	6898.687640460257
4450.0	70	6897.663904899445
4451.0	72	6896.640133830378
4452.0	71	6895.616327389635
4453.0	78	6894.592485713722
4454.0	65	6893.568608939037
4455.0	79	6892.544697201915
4456.0	73	6891.520750638562
4457.0	72	6890.496769385121
4458.0	88	6889.472753577629
4459.0	72	6888.448703352038
4460.0	79	6887.424618844192
4461.0	78	6886.40050018988
4462.0	74	6885.376347524766
4463.0	51	6884.352160984437
4464.0	65	6883.327940704378
4465.0	80	6882.303686819997
4466.0	76	6881.279399466606
4467.0	79	6880.255078779415
4468.0	62	6879.230724893567
4469.0	60	6878.206337944086
4470.0	73	6877.181918065918
4471.0	78	6876.157465393932
4472.0	79	6875.132980062877
4473.0	70	6874.108462207432
4474.0	73	6873.083911962188
4475.0	79	6872.059329461621
4476.0	61	6871.034714840146
4477.0	77	6870.010068232065
4478.0	69	6868.985389771598
4479.0	78	6867.960679592887
4480.0	63	6866.935937829954
4481.0	81	6865.911164616752
4482.0	64	6864.886360087155
4483.0	78	6863.861524374911
4484.0	68	6862.836657613705
4485.0	56	6861.811759937126
4486.0	57	6860.786831478664
4487.0	64	6859.761872371736
4488.0	75	6858.736882749658
4489.0	88	6857.711862745655
4490.0	68	6856.686812492859
4491.0	77	6855.661732124319
4492.0	70	6854.636621772988
4493.0	67	6853.611481571749
4494.0	75	6852.586311653365
4495.0	63	6851.561112150527
4496.0	86	6850.535883195835
4497.0	69	6849.510624921792
4498.0	70	6848.485337460822
4499.0	70	6847.460020945255
4500.0	72	6846.434675507322
4501.0	76	6845.409301279185
4502.0	96	6844.383898392898
4503.0	83	6843.358466980427
4504.0	72	6842.333007173668
4505.0	95	6841.307519104404
4506.0	72	6840.282002904334
4507.0	69	6839.256458705081
4508.0	69	6838.23088663817
4509.0	72	6837.205286835037
4510.0	69	6836.179659427024
4511.0	75	6835.154004545395
4512.0	66	6834.128322321311
4513.0	77	6833.102612885864
4514.0	57	6832.076876370029
4515.0	65	6831.051112904727
4516.0	77	6830.0253226207615
4517.0	74	6828.999505648859
4518.0	62	6827.973662119652
4519.0	72	6826.947792163694
4520.0	71	6825.921895911454
4521.0	67	6824.895973493284
4522.0	79	6823.870025039471
4523.0	66	6822.84405068022
4524.0	65	6821.818050545627
4525.0	67	6820.792024765707
4526.0	75	6819.7659734704
4527.0	73	6818.73989678954
4528.0	71	6817.713794852875
4529.0	70	6816.687667790075
4530.0	63	6815.6615157307215
4531.0	78	6814.635338804294
4532.0	68	6813.6091371402035
4533.0	64	6812.582910867747
4534.0	48	6811.55666011616
4535.0	67	6810.530385014574
4536.0	88	6809.504085692051
4537.0	74	6808.477762277537
4538.0	91	6807.451414899903
4539.0	66	6806.425043687948
4540.0	68	6805.398648770366
4541.0	66	6804.372230275774
4542.0	69	6803.345788332682
4543.0	94	6802.31932306953
4544.0	87	6801.292834614667
4545.0	67	6800.26632309636
4546.0	71	6799.239788642772
4547.0	65	6798.213231381998
4548.0	75	6797.186651442038
4549.0	86	6796.160048950801
4550.0	74	6795.133424036108
4551.0	73	6794.106776825698
4552.0	71	6793.0801074472265
4553.0	81	6792.053416028256
4554.0	76	6791.0267026962565
4555.0	62	6789.99996757863
4556.0	68	6788.973210802673
4557.0	62	6787.946432495601
4558.0	65	6786.91963278454
4559.0	81	6785.8928117965415
4560.0	53	6784.865969658555
4561.0	70	6783.839106497454
4562.0	79	6782.812222440021
4563.0	76	6781.78531761295
4564.0	63	6780.75839214285
4565.0	61	6779.731446156246
4566.0	78	6778.704479779582
4567.0	68	6777.6774931392
4568.0	62	6776.650486361372
4569.0	65	6775.623459572268
4570.0	69	6774.5964128979795
4571.0	73	6773.569346464521
4572.0	80	6772.542260397808
4573.0	74	6771.515154823673
4574.0	53	6770.488029867868
4575.0	66	6769.460885656058
4576.0	75	6768.433722313807
4577.0	75	6767.40653996661
4578.0	72	6766.379338739875
4579.0	60	6765.352118758918
4580.0	83	6764.324880148972
4581.0	84	6763.297623035181
4582.0	74	6762.270347542617
4583.0	65	6761.2430537962355
4584.0	67	6760.2157419209525
4585.0	72	6759.188412041553
4586.0	57	6758.16106428276
4587.0	69	6757.133698769219
4588.0	73	6756.106315625465
4589.0	76	6755.078914975967
4590.0	69	6754.0514969451015
4591.0	81	6753.024061657167
4592.0	67	6751.99660923636
4593.0	58	6750.969139806819
4594.0	62	6749.941653492565
4595.0	62	6748.914150417558
4596.0	66	6747.886630705668
4597.0	60	6746.859094480667
4598.0	83	6745.831541866268
4599.0	100	6744.803972986067
4600.0	67	6743.77638796361
4601.0	81	6742.748786922325
4602.0	77	6741.721169985569
4603.0	91	6740.693537276636
4604.0	81	6739.665888918693
4605.0	80	6738.638225034851
4606.0	66	6737.610545748141
4607.0	76	6736.582851181486
4608.0	72	6735.555141457743
4609.0	88	6734.527416699675
4610.0	60	6733.49967702996
4611.0	77	6732.471922571211
4612.0	86	6731.444153445926
4613.0	78	6730.416369776543
4614.0	79	6729.388571685413
4615.0	82	6728.360759294786
4616.0	71	6727.332932726837
4617.0	66	6726.305092103673
4618.0	81	6725.277237547296
4619.0	66	6724.249369179633
4620.0	64	6723.221487122515
4621.0	71	6722.1935914977175
4622.0	56	6721.165682426896
4623.0	78	6720.13776003166
4624.0	66	6719.109824433501
4625.0	54	6718.081875753843
4626.0	81	6717.0539141140325
4627.0	61	6716.025939635311
4628.0	85	6714.997952438868
4629.0	61	6713.969952645781
4630.0	63	6712.941940377059
4631.0	74	6711.913915753626
4632.0	62	6710.8858788963125
4633.0	66	6709.857829925878
4634.0	76	6708.829768962992
4635.0	81	6707.801696128251
4636.0	74	6706.773611542146
4637.0	73	6705.745515325109
4638.0	93	6704.717407597484
4639.0	73	6703.689288479511
4640.0	66	6702.661158091372
4641.0	63	6701.633016553165
4642.0	75	6700.6048639848905
4643.0	59	6699.576700506468
4644.0	68	6698.548526237747
4645.0	69	6697.52034129848
4646.0	64	6696.492145808345
4647.0	88	6695.463939886937
4648.0	72	6694.435723653766
4649.0	66	6693.407497228257
4650.0	89	6692.379260729771
4651.0	58	6691.351014277547
4652.0	73	6690.322757990785
4653.0	64	6689.294491988574
4654.0	84	6688.26621638993
4655.0	82	6687.237931313794
4656.0	59	6686.209636879011
4657.0	72	6685.181333204346
4658.0	80	6684.1530204085
4659.0	63	6683.124698610069
4660.0	93	6682.096367927573
4661.0	69	6681.068028479455
4662.0	76	6680.039680384079
4663.0	63	6679.011323759715
4664.0	85	6677.982958724562
4665.0	62	6676.954585396732
4666.0	83	6675.92620389426
4667.0	69	6674.897814335084
4668.0	85	6673.869416837086
4669.0	71	6672.841011518035
4670.0	75	6671.812598495655
4671.0	74	6670.7841778875545
4672.0	68	6669.755749811279
4673.0	75	6668.727314384289
4674.0	65	6667.698871723963
4675.0	65	6666.670421947592
4676.0	59	6665.641965172403
4677.0	82	6664.613501515528
4678.0	87	6663.585031094004
4679.0	71	6662.5565540248135
4680.0	77	6661.528070424852
4681.0	71	6660.499580410929
4682.0	85	6659.4710840997595
4683.0	72	6658.442581608001
4684.0	77	6657.414073052213
4685.0	67	6656.385558548884
4686.0	67	6655.357038214421
4687.0	72	6654.328512165147
4688.0	71	6653.299980517289
4689.0	69	6652.271443387033
4690.0	72	6651.242900890449
4691.0	82	6650.214353143526
4692.0	83	6649.185800262202
4693.0	73	6648.157242362298
4694.0	77	6647.128679559589
4695.0	61	6646.100111969739
4696.0	71	6645.071539708347
4697.0	91	6644.042962890936
4698.0	78	6643.014381632949
4699.0	78	6641.985796049714
4700.0	103	6640.957206256537
4701.0	76	6639.928612368596
4702.0	73	6638.900014501017
4703.0	76	6637.871412768821
4704.0	67	6636.842807286972
4705.0	64	6635.814198170344
4706.0	79	6634.7855855337275
4707.0	65	6633.756969491836
4708.0	67	6632.728350159309
4709.0	69	6631.699727650707
4710.0	74	6630.671102080493
4711.0	62	6629.642473563061
4712.0	76	6628.613842212739
4713.0	81	6627.585208143747
4714.0	67	6626.55657147025
4715.0	69	6625.52793230632
4716.0	83	6624.499290765959
4717.0	73	6623.470646963068
4718.0	69	6622.4420010115045
4719.0	73	6621.413353025008
4720.0	73	6620.384703117278
4721.0	78	6619.356051401892
4722.0	73	6618.327397992378
4723.0	77	6617.298743002184
4724.0	75	6616.270086544659
4725.0	65	6615.241428733086
4726.0	75	6614.212769680668
4727.0	79	6613.1841095005375
4728.0	83	6612.1554483057225
4729.0	78	6611.126786209195
4730.0	55	6610.098123323849
4731.0	64	6609.069459762479
4732.0	78	6608.040795637825
4733.0	64	6607.012131062522
4734.0	64	6605.983466149152
4735.0	79	6604.9548010102
4736.0	59	6603.926135758085
4737.0	83	6602.897470505135
4738.0	74	6601.86880536361
4739.0	59	6600.840140445677
4740.0	68	6599.811475863452
4741.0	59	6598.782811728933
4742.0	95	6597.7541481540775
4743.0	74	6596.725485250741
4744.0	76	6595.696823130709
4745.0	69	6594.668161905687
4746.0	71	6593.639501687304
4747.0	66	6592.610842587107
4748.0	66	6591.582184716566
4749.0	65	6590.553528187075
4750.0	63	6589.524873109948
4751.0	79	6588.496219596422
4752.0	65	6587.467567757658
4753.0	72	6586.438917704728
4754.0	67	6585.4102695486445
4755.0	70	6584.381623400331
4756.0	77	6583.35297937062
4757.0	72	6582.324337570294
4758.0	66	6581.295698110041
4759.0	72	6580.267061100469
4760.0	70	6579.238426652118
4761.0	72	6578.209794875439
4762.0	66	6577.181165880821
4763.0	56	6576.152539778558
4764.0	80	6575.1239166788855
4765.0	72	6574.095296691937
4766.0	81	6573.06667992779
4767.0	69	6572.038066496436
4768.0	79	6571.00945650779
4769.0	58	6569.9808500716845
4770.0	75	6568.952247297887
4771.0	70	6567.923648296073
4772.0	84	6566.89505317585
4773.0	67	6565.866462046753
4774.0	83	6564.837875018226
4775.0	69	6563.809292199645
4776.0	63	6562.780713700306
4777.0	71	6561.752139629433
4778.0	72	6560.723570096158
4779.0	78	6559.695005209559
4780.0	75	6558.666445078624
4781.0	70	6557.637889812259
4782.0	68	6556.6093395193
4783.0	64	6555.580794308519
4784.0	70	6554.552254288576
4785.0	69	6553.523719568092
4786.0	81	6552.495190255591
4787.0	61	6551.466666459531
4788.0	84	6550.438148288275
4789.0	83	6549.40963585013
4790.0	73	6548.3811292533155
4791.0	87	6547.352628605985
4792.0	72	6546.324134016198
4793.0	82	6545.2956455919575
4794.0	71	6544.267163441174
4795.0	79	6543.23868767168
4796.0	67	6542.210218391259
4797.0	66	6541.181755707587
4798.0	72	6540.1532997282775
4799.0	75	6539.124850560874
4800.0	66	6538.096408312819
4801.0	65	6537.067973091515
4802.0	62	6536.039545004261
4803.0	71	6535.011124158287
4804.0	57	6533.982710660759
4805.0	73	6532.954304618753
4806.0	73	6531.925906139263
4807.0	75	6530.897515329229
4808.0	72	6529.869132295502
4809.0	65	6528.8407571448615
4810.0	74	6527.812389984002
4811.0	70	6526.784030919555
4812.0	65	6525.755680058065
4813.0	67	6524.72733750602
4814.0	74	6523.699003369802
4815.0	79	6522.670677755749
4816.0	76	6521.642360770099
4817.0	64	6520.61405251903
4818.0	76	6519.585753108647
4819.0	79	6518.557462644962
4820.0	71	6517.52918123393
4821.0	80	6516.500908981417
4822.0	77	6515.472645993219
4823.0	81	6514.444392375067
4824.0	74	6513.416148232594
4825.0	57	6512.387913671384
4826.0	70	6511.359688796939
4827.0	58	6510.331473714658
4828.0	69	6509.303268529909
4829.0	81	6508.275073347954
4830.0	96	6507.246888273996
4831.0	78	6506.218713413151
4832.0	53	6505.190548870474
4833.0	68	6504.162394750927
4834.0	88	6503.13425115943
4835.0	79	6502.1061182007825
4836.0	65	6501.077995979742
4837.0	94	6500.049884600991
4838.0	86	6499.021784169114
4839.0	79	6497.993694788657
4840.0	63	6496.965616564052
4841.0	73	6495.9375495996865
4842.0	86	6494.909493999866
4843.0	84	6493.881449868806
4844.0	84	6492.853417310677
4845.0	73	6491.825396429539
4846.0	78	6490.797387329415
4847.0	66	6489.769390114228
4848.0	70	6488.741404887835
4849.0	68	6487.71343175403
4850.0	63	6486.6854708165065
4851.0	87	6485.6575221789035
4852.0	71	6484.629585944796
4853.0	76	6483.601662217658
4854.0	80	6482.573751100903
4855.0	74	6481.545852697876
4856.0	77	6480.5179671118485
4857.0	69	6479.490094445995
4858.0	67	6478.462234803454
4859.0	79	6477.434388287255
4860.0	71	6476.4065550003825
4861.0	78	6475.378735045722
4862.0	61	6474.350928526113
4863.0	63	6473.32313554429
4864.0	54	6472.29535620294
4865.0	67	6471.267590604662
4866.0	80	6470.239838851993
4867.0	72	6469.212101047384
4868.0	76	6468.184377293223
4869.0	86	6467.156667691822
4870.0	78	6466.128972345416
4871.0	61	6465.10129135616
4872.0	70	6464.073624826165
4873.0	92	6463.045972857434
4874.0	78	6462.01833555192
4875.0	74	6460.99071301149
4876.0	58	6459.963105337942
4877.0	78	6458.935512633016
4878.0	70	6457.907934998343
4879.0	73	6456.880372535521
4880.0	81	6455.852825346049
4881.0	80	6454.825293531374
4882.0	79	6453.797777192842
4883.0	89	6452.770276431748
4884.0	60	6451.742791349311
4885.0	92	6450.715322046687
4886.0	75	6449.687868624922
4887.0	67	6448.660431185032
4888.0	73	6447.633009827943
4889.0	87	6446.605604654507
4890.0	71	6445.578215765509
4891.0	69	6444.550843261651
4892.0	82	6443.523487243571
4893.0	76	6442.496147811845
4894.0	75	6441.4688250669515
4895.0	64	6440.44151910932
4896.0	72	6439.414230039296
4897.0	75	6438.386957957158
4898.0	77	6437.35970296311
4899.0	77	6436.3324651572775
4900.0	56	6435.3052446397205
4901.0	73	6434.278041510434
4902.0	73	6433.250855869339
4903.0	81	6432.2236878162685
4904.0	65	6431.196537450999
4905.0	66	6430.169404873229
4906.0	69	6429.142290182582
4907.0	71	6428.115193478629
4908.0	76	6427.088114860842
4909.0	70	6426.061054428649
4910.0	69	6425.034012281379
4911.0	75	6424.00698851831
4912.0	75	6422.979983238641
4913.0	74	6421.952996541492
4914.0	59	6420.92602852592
4915.0	86	6419.899079290921
4916.0	68	6418.872148935393
4917.0	64	6417.8452375581855
4918.0	74	6416.818345258075
4919.0	80	6415.79147213375
4920.0	64	6414.76461828384
4921.0	86	6413.737783806909
4922.0	67	6412.710968801442
4923.0	69	6411.684173365846
4924.0	64	6410.657397598471
4925.0	66	6409.630641597578
4926.0	72	6408.603905461388
4927.0	65	6407.577189288024
4928.0	61	6406.550493175532
4929.0	66	6405.523817221916
4930.0	64	6404.497161525087
4931.0	72	6403.470526182904
4932.0	67	6402.443911293127
4933.0	62	6401.417316953469
4934.0	74	6400.39074326157
4935.0	79	6399.364190314982
4936.0	78	6398.33765821121
4937.0	58	6397.311147047677
4938.0	65	6396.284656921723
4939.0	73	6395.258187930648
4940.0	85	6394.231740171649
4941.0	60	6393.205313741873
4942.0	58	6392.1789087384
4943.0	76	6391.152525258212
4944.0	69	6390.126163398255
4945.0	70	6389.099823255384
4946.0	49	6388.073504926386
4947.0	71	6387.047208507982
4948.0	57	6386.020934096824
4949.0	72	6384.994681789487
4950.0	77	6383.9684516824855
4951.0	78	6382.942243872262
4952.0	72	6381.916058455179
4953.0	74	6380.889895527534
4954.0	83	6379.863755185561
4955.0	70	6378.837637525425
4956.0	79	6377.811542643205
4957.0	74	6376.785470634921
4958.0	68	6375.759421596536
4959.0	71	6374.7333956239245
4960.0	69	6373.707392812893
4961.0	78	6372.6814132591835
4962.0	68	6371.655457058481
4963.0	61	6370.629524306364
4964.0	82	6369.603615098383
4965.0	78	6368.577729529996
4966.0	69	6367.551867696599
4967.0	72	6366.526029693515
4968.0	53	6365.500215615996
4969.0	87	6364.474425559231
4970.0	67	6363.448659618337
4971.0	64	6362.422917888355
4972.0	56	6361.397200464269
4973.0	84	6360.371507440986
4974.0	74	6359.345838913343
4975.0	69	6358.32019497612
4976.0	65	6357.294575724004
4977.0	83	6356.268981251637
4978.0	56	6355.24341165358
4979.0	70	6354.217867024323
4980.0	90	6353.192347458306
4981.0	71	6352.166853049867
4982.0	70	6351.141383893306
4983.0	57	6350.115940082837
4984.0	76	6349.090521712615
4985.0	73	6348.0651288767185
4986.0	73	6347.03976166915
4987.0	91	6346.01442018387
4988.0	76	6344.989104514751
4989.0	77	6343.963814755594
4990.0	77	6342.938551000139
4991.0	86	6341.913313342056
4992.0	58	6340.888101874949
4993.0	61	6339.8629166923565
4994.0	70	6338.8377578877335
4995.0	74	6337.812625554475
4996.0	89	6336.787519785914
4997.0	66	6335.76244067531
4998.0	65	6334.737388315857
4999.0	59	6333.712362800676
5000.0	75	6332.68736422282
5001.0	70	6331.662392675282
5002.0	71	6330.637448250976
5003.0	71	6329.61253104275
5004.0	79	6328.587641143395
5005.0	71	6327.562778645623
5006.0	76	6326.53794364208
5007.0	67	6325.513136225343
5008.0	73	6324.488356487932
5009.0	65	6323.463604522278
5010.0	86	6322.438880420773
5011.0	70	6321.414184275705
5012.0	63	6320.389516179331
5013.0	75	6319.364876223811
5014.0	87	6318.340264501258
5015.0	84	6317.315681103713
5016.0	70	6316.291126123136
5017.0	66	6315.2665996514315
5018.0	67	6314.242101780442
5019.0	77	6313.217632601926
5020.0	90	6312.193192207594
5021.0	67	6311.1687806890595
5022.0	71	6310.144398137909
5023.0	69	6309.120044645626
5024.0	72	6308.095720303656
5025.0	64	6307.0714252033495
5026.0	75	6306.047159435999
5027.0	78	6305.022923092846
5028.0	88	6303.9987162650505
5029.0	88	6302.9745390437065
5030.0	72	6301.950391519834
5031.0	66	6300.926273784402
5032.0	83	6299.902185928306
5033.0	73	6298.878128042365
5034.0	73	6297.854100217351
5035.0	65	6296.8301025439505
5036.0	59	6295.806135112786
5037.0	80	6294.782198014425
5038.0	57	6293.758291339352
5039.0	72	6292.734415177999
5040.0	71	6291.7105696207245
5041.0	73	6290.686754757823
5042.0	80	6289.66297067952
5043.0	70	6288.639217475975
5044.0	63	6287.615495237287
5045.0	70	6286.591804053468
5046.0	79	6285.568144014491
5047.0	69	6284.5445152102475
5048.0	69	6283.520917730565
5049.0	70	6282.497351665201
5050.0	76	6281.473817103853
5051.0	64	6280.450314136162
5052.0	77	6279.426842851667
5053.0	63	6278.403403339874
5054.0	72	6277.379995690223
5055.0	80	6276.3566199920715
5056.0	64	6275.333276334711
5057.0	70	6274.309964807379
5058.0	91	6273.2866854992435
5059.0	58	6272.263438499402
5060.0	65	6271.240223896889
5061.0	63	6270.2170417806765
5062.0	80	6269.193892239658
5063.0	65	6268.170775362673
5064.0	75	6267.147691238497
5065.0	80	6266.124639955829
5066.0	70	6265.101621603311
5067.0	83	6264.078636269517
5068.0	63	6263.05568404296
5069.0	64	6262.032765012068
5070.0	68	6261.009879265227
5071.0	79	6259.987026890755
5072.0	76	6258.964207976885
5073.0	72	6257.9414226118
5074.0	73	6256.918670883613
5075.0	70	6255.895952880389
5076.0	66	6254.873268690095
5077.0	79	6253.85061840065
5078.0	76	6252.828002099922
5079.0	82	6251.805419875677
5080.0	55	6250.7828718156625
5081.0	79	6249.760358007518
5082.0	66	6248.737878538847
5083.0	68	6247.715433497169
5084.0	66	6246.69302296995
5085.0	81	6245.670647044594
5086.0	59	6244.6483058084195
5087.0	75	6243.625999348709
5088.0	82	6242.603727752654
5089.0	52	6241.581491107392
5090.0	65	6240.559289500007
5091.0	80	6239.537123017497
5092.0	62	6238.514991746808
5093.0	60	6237.492895774816
5094.0	60	6236.4708351883455
5095.0	62	6235.448810074126
5096.0	64	6234.426820518859
5097.0	94	6233.404866609168
5098.0	60	6232.382948431589
5099.0	75	6231.361066072629
5100.0	59	6230.339219618707
5101.0	90	6229.3174091561905
5102.0	82	6228.295634771376
5103.0	89	6227.273896550486
5104.0	90	6226.252194579705
5105.0	82	6225.2305289451215
5106.0	60	6224.20889973279
5107.0	58	6223.187307028678
5108.0	85	6222.1657509187
5109.0	63	6221.144231488701
5110.0	82	6220.122748824471
5111.0	71	6219.101303011727
5112.0	85	6218.079894136119
5113.0	73	6217.058522283246
5114.0	62	6216.037187538627
5115.0	78	6215.015889987729
5116.0	67	6213.994629715956
5117.0	84	6212.973406808633
5118.0	70	6211.952221351044
5119.0	73	6210.931073428387
5120.0	64	6209.9099631258105
5121.0	77	6208.8888905283975
5122.0	70	6207.867855721159
5123.0	67	6206.846858789047
5124.0	74	6205.825899816958
5125.0	65	6204.804978889713
5126.0	73	6203.784096092078
5127.0	79	6202.76325150874
5128.0	72	6201.742445224351
5129.0	58	6200.721677323471
5130.0	64	6199.700947890614
5131.0	65	6198.680257010223
5132.0	79	6197.6596047666735
5133.0	61	6196.638991244293
5134.0	76	6195.618416527331
5135.0	60	6194.597880699983
5136.0	63	6193.577383846374
5137.0	73	6192.556926050572
5138.0	84	6191.536507396578
5139.0	84	6190.516127968328
5140.0	81	6189.495787849698
5141.0	77	6188.475487124508
5142.0	59	6187.455225876504
5143.0	76	6186.435004189371
5144.0	61	6185.414822146729
5145.0	62	6184.394679832149
5146.0	81	6183.374577329125
5147.0	67	6182.354514721089
5148.0	69	6181.33449209142
5149.0	62	6180.31450952342
5150.0	69	6179.294567100341
5151.0	52	6178.274664905368
5152.0	83	6177.254803021625
5153.0	71	6176.234981532161
5154.0	60	6175.215200519982
5155.0	86	6174.195460068016
5156.0	76	6173.175760259149
5157.0	82	6172.156101176166
5158.0	80	6171.136482901834
5159.0	72	6170.116905518824
5160.0	66	6169.09736910977
5161.0	70	6168.077873757216
5162.0	90	6167.058419543672
5163.0	70	6166.039006551568
5164.0	71	6165.0196348632835
5165.0	90	6164.00030456111
5166.0	82	6162.981015727319
5167.0	66	6161.961768444085
5168.0	79	6160.94256279353
5169.0	81	6159.923398857716
5170.0	70	6158.904276718654
5171.0	78	6157.885196458265
5172.0	63	6156.866158158445
5173.0	79	6155.847161900984
5174.0	67	6154.828207767659
5175.0	81	6153.809295840137
5176.0	72	6152.790426200068
5177.0	72	6151.771598929003
5178.0	69	6150.752814108454
5179.0	60	6149.7340718198575
5180.0	84	6148.715372144608
5181.0	71	6147.696715164008
5182.0	62	6146.678100959334
5183.0	66	6145.659529611766
5184.0	71	6144.641001202447
5185.0	84	6143.622515812456
5186.0	75	6142.604073522803
5187.0	84	6141.58567441443
5188.0	67	6140.567318568228
5189.0	69	6139.549006065031
5190.0	65	6138.5307369856
5191.0	79	6137.512511410654
5192.0	54	6136.494329420811
5193.0	84	6135.476191096681
5194.0	71	6134.458096518765
5195.0	84	6133.440045767541
5196.0	64	6132.422038923392
5197.0	73	6131.404076066658
5198.0	62	6130.386157277626
5199.0	70	6129.3682826365075
5200.0	64	6128.350452223456
5201.0	71	6127.3326661185565
5202.0	101	6126.314924401866
5203.0	62	6125.297227153331
5204.0	58	6124.279574452882
5205.0	80	6123.261966380365
5206.0	60	6122.244403015557
5207.0	69	6121.2268844382
5208.0	75	6120.209410727958
5209.0	74	6119.19198196444
5210.0	74	6118.17459822719
5211.0	76	6117.157259595697
5212.0	84	6116.1399661493815
5213.0	65	6115.122717967611
5214.0	58	6114.105515129695
5215.0	77	6113.088357714875
5216.0	58	6112.071245802329
5217.0	77	6111.054179471184
5218.0	69	6110.03715880051
5219.0	61	6109.02018386929
5220.0	64	6108.00325475649
5221.0	79	6106.986371540977
5222.0	70	6105.969534301579
5223.0	71	6104.952743117045
5224.0	61	6103.935998066091
5225.0	62	6102.919299227345
5226.0	70	6101.902646679402
5227.0	83	6100.886040500769
5228.0	74	6099.869480769915
5229.0	67	6098.852967565236
5230.0	100	6097.836500965078
5231.0	74	6096.820081047721
5232.0	85	6095.803707891377
5233.0	89	6094.787381574213
5234.0	59	6093.77110217433
5235.0	69	6092.754869769771
5236.0	67	6091.7386844385155
5237.0	62	6090.72254625848
5238.0	75	6089.706455307532
5239.0	79	6088.6904116634805
5240.0	80	6087.674415404061
5241.0	56	6086.658466606945
5242.0	78	6085.64256534977
5243.0	69	6084.626711710102
5244.0	77	6083.610905765431
5245.0	74	6082.595147593219
5246.0	71	6081.579437270832
5247.0	79	6080.563774875615
5248.0	71	6079.548160484825
5249.0	75	6078.532594175667
5250.0	69	6077.5170760252895
5251.0	63	6076.5016061107835
5252.0	73	6075.486184509179
5253.0	72	6074.470811297451
5254.0	58	6073.455486552496
5255.0	63	6072.440210351178
5256.0	63	6071.42498277028
5257.0	61	6070.409803886549
5258.0	92	6069.394673776639
5259.0	61	6068.379592517183
5260.0	87	6067.364560184736
5261.0	86	6066.349576855785
5262.0	74	6065.334642606772
5263.0	68	6064.319757514085
5264.0	76	6063.304921654036
5265.0	75	6062.29013510289
5266.0	74	6061.27539793685
5267.0	68	6060.260710232057
5268.0	83	6059.246072064604
5269.0	75	6058.231483510508
5270.0	70	6057.2169446457465
5271.0	76	6056.202455546224
5272.0	56	6055.188016287786
5273.0	70	6054.173626946239
5274.0	71	6053.159287597302
5275.0	73	6052.144998316662
5276.0	77	6051.130759179931
5277.0	80	6050.116570262671
5278.0	65	6049.102431640371
5279.0	78	6048.088343388484
5280.0	67	6047.074305582393
5281.0	70	6046.060318297416
5282.0	81	6045.046381608825
5283.0	75	6044.032495591827
5284.0	63	6043.018660321571
5285.0	76	6042.004875873148
5286.0	62	6040.991142321596
5287.0	65	6039.977459741893
5288.0	66	6038.963828208956
5289.0	83	6037.950247797628
5290.0	66	6036.936718582734
5291.0	67	6035.923240639009
5292.0	69	6034.909814041136
5293.0	69	6033.896438863752
5294.0	73	6032.883115181409
5295.0	61	6031.869843068634
5296.0	78	6030.856622599883
5297.0	68	6029.843453849543
5298.0	74	6028.830336891956
5299.0	74	6027.817271801399
5300.0	72	6026.8042586521115
5301.0	82	6025.79129751824
5302.0	65	6024.778388473903
5303.0	85	6023.765531593149
5304.0	65	6022.752726949974
5305.0	67	6021.739974618304
5306.0	79	6020.72727467203
5307.0	73	6019.714627184961
5308.0	80	6018.702032230861
5309.0	73	6017.689489883448
5310.0	68	6016.677000216361
5311.0	78	6015.664563303185
5312.0	71	6014.652179217457
5313.0	71	6013.639848032668
5314.0	65	6012.627569822217
5315.0	67	6011.615344659478
5316.0	83	6010.603172617747
5317.0	83	6009.591053770282
5318.0	64	6008.578988190265
5319.0	88	6007.566975950839
5320.0	59	6006.555017125071
5321.0	75	6005.543111785985
5322.0	63	6004.531260006541
5323.0	55	6003.519461859641
5324.0	75	6002.5077174181415
5325.0	65	6001.496026754828
5326.0	75	6000.484389942442
5327.0	61	5999.472807053652
5328.0	68	5998.4612781610895
5329.0	78	5997.449803337314
5330.0	52	5996.4383826548265
5331.0	81	5995.4270161860895
5332.0	63	5994.415704003496
5333.0	68	5993.40444617937
5334.0	75	5992.393242786004
5335.0	60	5991.382093895627
5336.0	60	5990.370999580399
5337.0	68	5989.359959912433
5338.0	69	5988.348974963778
5339.0	80	5987.338044806449
5340.0	77	5986.327169512375
5341.0	66	5985.316349153448
5342.0	55	5984.305583801489
5343.0	68	5983.294873528272
5344.0	83	5982.284218405525
5345.0	65	5981.273618504904
5346.0	65	5980.263073898007
5347.0	73	5979.252584656386
5348.0	76	5978.242150851533
5349.0	61	5977.231772554881
5350.0	74	5976.221449837821
5351.0	77	5975.211182771663
5352.0	66	5974.200971427687
5353.0	92	5973.190815877097
5354.0	69	5972.1807161910465
5355.0	68	5971.170672440636
5356.0	76	5970.1606846969125
5357.0	96	5969.150753030869
5358.0	55	5968.140877513427
5359.0	68	5967.131058215468
5360.0	74	5966.121295207823
5361.0	66	5965.111588561233
5362.0	82	5964.101938346427
5363.0	85	5963.092344634053
5364.0	64	5962.082807494706
5365.0	58	5961.073326998928
5366.0	79	5960.063903217212
5367.0	78	5959.054536219983
5368.0	90	5958.045226077616
5369.0	53	5957.035972860436
5370.0	67	5956.026776638702
5371.0	58	5955.017637482629
5372.0	79	5954.008555462367
5373.0	82	5952.999530648008
5374.0	71	5951.990563109607
5375.0	69	5950.981652917147
5376.0	80	5949.97280014056
5377.0	74	5948.964004849718
5378.0	74	5947.955267114452
5379.0	72	5946.946587004521
5380.0	55	5945.937964589645
5381.0	64	5944.92939993947
5382.0	65	5943.920893123605
5383.0	78	5942.9124442115935
5384.0	61	5941.904053272934
5385.0	62	5940.895720377046
5386.0	57	5939.887445593326
5387.0	68	5938.879228991094
5388.0	70	5937.871070639623
5389.0	85	5936.862970608124
5390.0	74	5935.854928965765
5391.0	77	5934.846945781658
5392.0	78	5933.8390211248425
5393.0	85	5932.831155064332
5394.0	70	5931.82334766905
5395.0	68	5930.8155990078885
5396.0	73	5929.8079091496975
5397.0	70	5928.80027816324
5398.0	81	5927.792706117242
5399.0	52	5926.785193080377
5400.0	71	5925.777739121258
5401.0	86	5924.770344308445
5402.0	82	5923.763008710446
5403.0	69	5922.755732395707
5404.0	69	5921.748515432637
5405.0	74	5920.741357889559
5406.0	74	5919.734259834783
5407.0	61	5918.7272213365295
5408.0	75	5917.720242462977
5409.0	60	5916.713323282268
5410.0	79	5915.706463862453
5411.0	69	5914.699664271557
5412.0	67	5913.692924577549
5413.0	69	5912.686244848328
5414.0	66	5911.67962515175
5415.0	78	5910.673065555627
5416.0	91	5909.666566127689
5417.0	82	5908.660126935646
5418.0	78	5907.653748047116
5419.0	60	5906.6474295296985
5420.0	59	5905.641171450923
5421.0	84	5904.634973878261
5422.0	66	5903.628836879138
5423.0	81	5902.622760520919
5424.0	78	5901.6167448709275
5425.0	70	5900.610789996415
5426.0	76	5899.604895964604
5427.0	63	5898.599062842635
5428.0	52	5897.5932906976095
5429.0	68	5896.587579596571
5430.0	53	5895.581929606528
5431.0	72	5894.576340794405
5432.0	68	5893.570813227096
5433.0	62	5892.56534697143
5434.0	77	5891.559942094186
5435.0	70	5890.554598662093
5436.0	85	5889.549316741818
5437.0	76	5888.544096399975
5438.0	82	5887.538937703141
5439.0	68	5886.533840717818
5440.0	80	5885.528805510471
5441.0	73	5884.523832147499
5442.0	58	5883.518920695265
5443.0	80	5882.514071220048
5444.0	80	5881.509283788112
5445.0	55	5880.504558465645
5446.0	71	5879.4998953187815
5447.0	73	5878.495294413611
5448.0	58	5877.490755816165
5449.0	58	5876.486279592417
5450.0	56	5875.481865808311
5451.0	74	5874.4775145297035
5452.0	86	5873.473225822427
5453.0	73	5872.468999752241
5454.0	83	5871.464836384861
5455.0	70	5870.460735785963
5456.0	77	5869.456698021138
5457.0	85	5868.45272315595
5458.0	69	5867.448811255908
5459.0	66	5866.444962386454
5460.0	71	5865.441176612996
5461.0	71	5864.437454000875
5462.0	82	5863.433794615372
5463.0	69	5862.430198521752
5464.0	85	5861.426665785181
5465.0	62	5860.4231964708
5466.0	81	5859.419790643704
5467.0	81	5858.4164483689065
5468.0	67	5857.413169711389
5469.0	64	5856.409954736082
5470.0	69	5855.406803507857
5471.0	92	5854.403716091532
5472.0	64	5853.4006925518715
5473.0	57	5852.397732953603
5474.0	83	5851.394837361371
5475.0	76	5850.392005839806
5476.0	79	5849.3892384534565
5477.0	74	5848.3865352668345
5478.0	61	5847.383896344385
5479.0	82	5846.381321750516
5480.0	81	5845.378811549585
5481.0	74	5844.37636580588
5482.0	66	5843.373984583643
5483.0	74	5842.371667947076
5484.0	82	5841.3694159603265
5485.0	72	5840.367228687467
5486.0	78	5839.365106192548
5487.0	66	5838.363048539557
5488.0	82	5837.361055792426
5489.0	62	5836.359128015028
5490.0	68	5835.357265271204
5491.0	51	5834.35546762473
5492.0	73	5833.353735139333
5493.0	75	5832.352067878682
5494.0	67	5831.350465906413
5495.0	69	5830.348929286081
5496.0	78	5829.347458081224
5497.0	90	5828.346052355301
5498.0	60	5827.344712171727
5499.0	74	5826.343437593869
5500.0	72	5825.342228685038
5501.0	81	5824.3410855085
5502.0	71	5823.340008127467
5503.0	54	5822.338996605097
5504.0	74	5821.338051004501
5505.0	71	5820.337171388726
5506.0	83	5819.336357820782
5507.0	72	5818.335610363628
5508.0	78	5817.3349290801525
5509.0	72	5816.334314033221
5510.0	73	5815.333765285625
5511.0	69	5814.333282900126
5512.0	60	5813.3328669394
5513.0	59	5812.332517466109
5514.0	66	5811.332234542842
5515.0	65	5810.332018232144
5516.0	77	5809.331868596512
5517.0	61	5808.331785698375
5518.0	67	5807.331769600145
5519.0	78	5806.3318203641475
5520.0	84	5805.331938052671
5521.0	81	5804.332122727952
5522.0	80	5803.3323744521895
5523.0	65	5802.332693287511
5524.0	63	5801.333079296002
5525.0	91	5800.333532539703
5526.0	82	5799.334053080592
5527.0	80	5798.334640980597
5528.0	69	5797.335296301609
5529.0	87	5796.336019105459
5530.0	55	5795.336809453922
5531.0	79	5794.337667408729
5532.0	66	5793.338593031568
5533.0	74	5792.339586384066
5534.0	76	5791.340647527796
5535.0	69	5790.341776524277
5536.0	78	5789.342973435011
5537.0	89	5788.344238321405
5538.0	68	5787.34557124484
5539.0	66	5786.346972266645
5540.0	73	5785.348441448096
5541.0	67	5784.3499788504205
5542.0	91	5783.351584534788
5543.0	91	5782.353258562318
5544.0	70	5781.355000994099
5545.0	65	5780.356811891152
5546.0	85	5779.358691314436
5547.0	66	5778.3606393248965
5548.0	73	5777.362655983397
5549.0	59	5776.364741350757
5550.0	68	5775.366895487752
5551.0	72	5774.369118455106
5552.0	77	5773.371410313498
5553.0	72	5772.3737711235435
5554.0	68	5771.376200945821
5555.0	77	5770.378699840852
5556.0	69	5769.38126786911
5557.0	64	5768.38390509102
5558.0	67	5767.386611566948
5559.0	73	5766.389387357227
5560.0	76	5765.392232522136
5561.0	64	5764.395147121877
5562.0	62	5763.39813121665
5563.0	80	5762.401184866558
5564.0	83	5761.404308131693
5565.0	87	5760.407501072072
5566.0	76	5759.410763747662
5567.0	77	5758.414096218411
5568.0	83	5757.417498544186
5569.0	53	5756.420970784801
5570.0	71	5755.424513000047
5571.0	63	5754.428125249653
5572.0	79	5753.431807593292
5573.0	80	5752.435560090587
5574.0	66	5751.439382801125
5575.0	70	5750.443275784442
5576.0	59	5749.447239100011
5577.0	63	5748.451272807259
5578.0	68	5747.455376965579
5579.0	69	5746.459551634298
5580.0	62	5745.463796872696
5581.0	61	5744.468112740013
5582.0	67	5743.472499295435
5583.0	67	5742.476956598094
5584.0	80	5741.481484707077
5585.0	81	5740.48608368142
5586.0	61	5739.490753580123
5587.0	70	5738.495494462105
5588.0	60	5737.500306386278
5589.0	73	5736.505189411471
5590.0	64	5735.510143596477
5591.0	74	5734.515169000048
5592.0	66	5733.520265680872
5593.0	80	5732.525433697589
5594.0	65	5731.530673108808
5595.0	85	5730.535983973072
5596.0	61	5729.541366348881
5597.0	83	5728.546820294681
5598.0	62	5727.552345868878
5599.0	95	5726.557943129829
5600.0	66	5725.5636121358275
5601.0	59	5724.569352945139
5602.0	79	5723.575165615964
5603.0	68	5722.581050206468
5604.0	74	5721.587006774751
5605.0	71	5720.593035378884
5606.0	69	5719.599136076876
5607.0	73	5718.605308926686
5608.0	58	5717.611553986232
5609.0	67	5716.617871313391
5610.0	68	5715.624260965977
5611.0	70	5714.63072300175
5612.0	65	5713.637257478448
5613.0	67	5712.643864453731
5614.0	65	5711.650543985236
5615.0	75	5710.6572961305355
5616.0	77	5709.664120947152
5617.0	76	5708.671018492582
5618.0	62	5707.677988824236
5619.0	74	5706.685031999514
5620.0	74	5705.6921480757555
5621.0	67	5704.699337110235
5622.0	68	5703.706599160208
5623.0	67	5702.713934282846
5624.0	70	5701.721342535315
5625.0	70	5700.728823974691
5626.0	67	5699.736378658043
5627.0	61	5698.744006642351
5628.0	69	5697.75170798458
5629.0	74	5696.759482741632
5630.0	72	5695.767330970355
5631.0	62	5694.775252727569
5632.0	69	5693.783248070028
5633.0	69	5692.7913170544425
5634.0	65	5691.799459737485
5635.0	83	5690.807676175765
5636.0	82	5689.815966425856
5637.0	73	5688.824330544284
5638.0	78	5687.8327685875165
5639.0	73	5686.841280611988
5640.0	68	5685.849866674072
5641.0	81	5684.858526830094
5642.0	67	5683.8672611363545
5643.0	80	5682.87606964907
5644.0	63	5681.884952424446
5645.0	67	5680.893909518616
5646.0	67	5679.902940987677
5647.0	58	5678.912046887677
5648.0	83	5677.921227274605
5649.0	69	5676.930482204432
5650.0	77	5675.939811733044
5651.0	71	5674.949215916305
5652.0	64	5673.958694810025
5653.0	70	5672.968248469973
5654.0	55	5671.977876951858
5655.0	77	5670.987580311345
5656.0	63	5669.997358604062
5657.0	68	5669.007211885581
5658.0	65	5668.017140211429
5659.0	59	5667.027143637088
5660.0	66	5666.037222217982
5661.0	68	5665.0473760095065
5662.0	73	5664.057605066998
5663.0	84	5663.067909445746
5664.0	71	5662.078289201005
5665.0	69	5661.088744387955
5666.0	74	5660.099275061764
5667.0	64	5659.109881277521
5668.0	76	5658.120563090294
5669.0	68	5657.131320555092
5670.0	65	5656.14215372688
5671.0	81	5655.153062660569
5672.0	64	5654.164047411037
5673.0	69	5653.175108033101
5674.0	63	5652.186244581543
5675.0	83	5651.197457111086
5676.0	81	5650.2087456764275
5677.0	74	5649.220110332184
5678.0	63	5648.231551132959
5679.0	74	5647.243068133299
5680.0	74	5646.254661387698
5681.0	100	5645.266330950605
5682.0	75	5644.27807687642
5683.0	67	5643.289899219512
5684.0	81	5642.301798034184
5685.0	54	5641.313773374704
5686.0	51	5640.325825295286
5687.0	75	5639.337953850112
5688.0	73	5638.350159093306
5689.0	82	5637.362441078941
5690.0	75	5636.374799861051
5691.0	66	5635.387235493637
5692.0	67	5634.3997480306225
5693.0	67	5633.412337525909
5694.0	80	5632.425004033352
5695.0	65	5631.437747606747
5696.0	73	5630.450568299845
5697.0	57	5629.463466166371
5698.0	65	5628.476441259988
5699.0	81	5627.489493634299
5700.0	72	5626.502623342888
5701.0	72	5625.515830439281
5702.0	64	5624.529114976966
5703.0	67	5623.542477009355
5704.0	84	5622.555916589868
5705.0	57	5621.5694337718205
5706.0	66	5620.5830286085165
5707.0	65	5619.596701153215
5708.0	81	5618.6104514591225
5709.0	75	5617.624279579388
5710.0	70	5616.638185567131
5711.0	73	5615.652169475421
5712.0	85	5614.666231357282
5713.0	58	5613.680371265686
5714.0	61	5612.694589253571
5715.0	75	5611.708885373817
5716.0	71	5610.723259679267
5717.0	80	5609.737712222717
5718.0	67	5608.752243056913
5719.0	74	5607.766852234561
5720.0	70	5606.781539808316
5721.0	51	5605.7963058308
5722.0	84	5604.811150354565
5723.0	67	5603.826073432141
5724.0	65	5602.841075116007
5725.0	74	5601.856155458598
5726.0	80	5600.871314512287
5727.0	88	5599.886552329421
5728.0	67	5598.901868962299
5729.0	73	5597.917264463176
5730.0	78	5596.932738884239
5731.0	77	5595.948292277668
5732.0	78	5594.9639246955585
5733.0	61	5593.979636189996
5734.0	77	5592.995426812996
5735.0	71	5592.0112966165425
5736.0	87	5591.027245652561
5737.0	76	5590.043273972956
5738.0	82	5589.059381629555
5739.0	68	5588.075568674175
5740.0	63	5587.0918351585515
5741.0	67	5586.108181134411
5742.0	63	5585.124606653407
5743.0	75	5584.141111767162
5744.0	67	5583.157696527252
5745.0	81	5582.17436098521
5746.0	73	5581.191105192511
5747.0	69	5580.207929200614
5748.0	79	5579.224833060892
5749.0	64	5578.241816824707
5750.0	72	5577.25888054337
5751.0	72	5576.276024268141
5752.0	64	5575.29324805023
5753.0	65	5574.310551940808
5754.0	71	5573.327935991011
5755.0	75	5572.345400251927
5756.0	69	5571.362944774578
5757.0	65	5570.380569609971
5758.0	68	5569.398274809053
5759.0	69	5568.416060422732
5760.0	91	5567.433926501858
5761.0	66	5566.451873097264
5762.0	73	5565.46990025971
5763.0	68	5564.488008039918
5764.0	74	5563.506196488586
5765.0	70	5562.524465656353
5766.0	54	5561.542815593799
5767.0	81	5560.561246351485
5768.0	77	5559.579757979918
5769.0	80	5558.598350529555
5770.0	56	5557.61702405082
5771.0	63	5556.635778594078
5772.0	62	5555.65461420967
5773.0	69	5554.6735309478745
5774.0	69	5553.692528858932
5775.0	72	5552.711607993048
5776.0	77	5551.7307684003645
5777.0	63	5550.750010130995
5778.0	58	5549.76933323501
5779.0	70	5548.788737762424
5780.0	69	5547.808223763225
5781.0	64	5546.827791287329
5782.0	72	5545.847440384643
5783.0	69	5544.867171105008
5784.0	65	5543.886983498226
5785.0	74	5542.906877614046
5786.0	60	5541.926853502194
5787.0	74	5540.946911212335
5788.0	61	5539.96705079411
5789.0	59	5538.987272297073
5790.0	66	5538.007575770792
5791.0	61	5537.027961264749
5792.0	61	5536.0484288284015
5793.0	78	5535.068978511161
5794.0	69	5534.089610362379
5795.0	69	5533.110324431392
5796.0	68	5532.1311207674735
5797.0	73	5531.151999419861
5798.0	59	5530.172960437736
5799.0	50	5529.194003870253
5800.0	70	5528.215129766515
5801.0	67	5527.23633817559
5802.0	60	5526.2576291464875
5803.0	77	5525.279002728184
5804.0	69	5524.300458969613
5805.0	68	5523.321997919655
5806.0	64	5522.343619627158
5807.0	65	5521.365324140928
5808.0	75	5520.387111509715
5809.0	83	5519.408981782245
5810.0	61	5518.43093500718
5811.0	70	5517.4529712331505
5812.0	84	5516.47509050874
5813.0	52	5515.497292882494
5814.0	61	5514.519578402911
5815.0	74	5513.5419471184505
5816.0	71	5512.5643990775125
5817.0	68	5511.586934328488
5818.0	77	5510.609552919688
5819.0	64	5509.6322548993985
5820.0	76	5508.655040315869
5821.0	80	5507.677909217285
5822.0	72	5506.700861651811
5823.0	55	5505.723897667561
5824.0	60	5504.747017312601
5825.0	63	5503.770220634961
5826.0	67	5502.793507682621
5827.0	67	5501.81687850352
5828.0	63	5500.840333145567
5829.0	66	5499.8638716566065
5830.0	63	5498.887494084466
5831.0	70	5497.911200476905
5832.0	67	5496.934990881649
5833.0	68	5495.958865346396
5834.0	79	5494.982823918781
5835.0	68	5494.006866646401
5836.0	71	5493.030993576826
5837.0	71	5492.0552047575575
5838.0	64	5491.079500236077
5839.0	74	5490.10388005981
5840.0	60	5489.128344276149
5841.0	71	5488.152892932435
5842.0	63	5487.177526075982
5843.0	67	5486.202243754039
5844.0	74	5485.227046013829
5845.0	70	5484.251932902519
5846.0	63	5483.276904467267
5847.0	71	5482.301960755134
5848.0	69	5481.3271018131945
5849.0	83	5480.352327688443
5850.0	61	5479.37763842785
5851.0	79	5478.403034078336
5852.0	75	5477.428514686778
5853.0	78	5476.4540803000245
5854.0	87	5475.479730964864
5855.0	74	5474.50546672805
5856.0	63	5473.531287636302
5857.0	68	5472.557193736284
5858.0	65	5471.583185074633
5859.0	61	5470.609261697923
5860.0	60	5469.635423652708
5861.0	76	5468.661670985489
5862.0	70	5467.688003742724
5863.0	65	5466.714421970834
5864.0	80	5465.740925716202
5865.0	74	5464.767515025155
5866.0	78	5463.794189943988
5867.0	73	5462.820950518949
5868.0	66	5461.847796796255
5869.0	72	5460.874728822076
5870.0	71	5459.901746642534
5871.0	79	5458.928850303716
5872.0	79	5457.956039851652
5873.0	71	5456.98331533236
5874.0	72	5456.0106767918005
5875.0	78	5455.038124275884
5876.0	72	5454.0656578304925
5877.0	73	5453.093277501451
5878.0	66	5452.1209833345665
5879.0	66	5451.148775375586
5880.0	54	5450.176653670225
5881.0	57	5449.204618264139
5882.0	79	5448.232669202972
5883.0	80	5447.260806532302
5884.0	54	5446.289030297679
5885.0	59	5445.317340544601
5886.0	66	5444.345737318534
5887.0	71	5443.374220664901
5888.0	76	5442.402790629087
5889.0	58	5441.431447256412
5890.0	77	5440.4601905922
5891.0	69	5439.489020681684
5892.0	58	5438.517937570097
5893.0	77	5437.546941302597
5894.0	61	5436.576031924334
5895.0	73	5435.6052094803845
5896.0	66	5434.634474015809
5897.0	74	5433.663825575616
5898.0	77	5432.693264204771
5899.0	74	5431.7227899481995
5900.0	71	5430.752402850805
5901.0	71	5429.782102957413
5902.0	72	5428.8118903128325
5903.0	68	5427.841764961837
5904.0	72	5426.871726949146
5905.0	73	5425.9017763194415
5906.0	75	5424.9319131173625
5907.0	54	5423.962137387508
5908.0	76	5422.992449174436
5909.0	65	5422.022848522677
5910.0	84	5421.053335476699
5911.0	67	5420.083910080945
5912.0	74	5419.114572379817
5913.0	58	5418.145322417656
5914.0	70	5417.176160238793
5915.0	74	5416.207085887487
5916.0	63	5415.2380994079895
5917.0	67	5414.269200844486
5918.0	74	5413.300390241125
5919.0	70	5412.33166764203
5920.0	74	5411.363033091267
5921.0	58	5410.394486632868
5922.0	78	5409.426028310828
5923.0	74	5408.457658169098
5924.0	81	5407.489376251579
5925.0	77	5406.521182602152
5926.0	81	5405.553077264639
5927.0	62	5404.585060282836
5928.0	85	5403.617131700487
5929.0	71	5402.649291561308
5930.0	66	5401.681539908956
5931.0	63	5400.71387678707
5932.0	71	5399.746302239238
5933.0	77	5398.7788163089945
5934.0	78	5397.811419039864
5935.0	63	5396.844110475303
5936.0	77	5395.876890658741
5937.0	64	5394.909759633576
5938.0	74	5393.942717443138
5939.0	79	5392.975764130743
5940.0	67	5392.0088997396615
5941.0	71	5391.042124313114
5942.0	82	5390.075437894291
5943.0	61	5389.1088405263345
5944.0	74	5388.142332252365
5945.0	71	5387.175913115436
5946.0	82	5386.209583158582
5947.0	80	5385.243342424792
5948.0	67	5384.277190957005
5949.0	71	5383.311128798138
5950.0	73	5382.345155991054
5951.0	83	5381.379272578576
5952.0	80	5380.413478603515
5953.0	75	5379.447774108596
5954.0	65	5378.482159136533
5955.0	69	5377.516633730006
5956.0	84	5376.551197931631
5957.0	76	5375.5858517840115
5958.0	71	5374.620595329683
5959.0	64	5373.655428611174
5960.0	65	5372.690351670937
5961.0	63	5371.725364551423
5962.0	49	5370.760467295006
5963.0	70	5369.795659944051
5964.0	70	5368.830942540868
5965.0	74	5367.866315127735
5966.0	79	5366.901777746881
5967.0	70	5365.937330440496
5968.0	65	5364.972973250747
5969.0	49	5364.008706219749
5970.0	71	5363.044529389565
5971.0	71	5362.0804428022475
5972.0	68	5361.1164464997955
5973.0	69	5360.152540524158
5974.0	76	5359.188724917259
5975.0	61	5358.22499972098
5976.0	67	5357.261364977155
5977.0	68	5356.297820727604
5978.0	61	5355.334367014067
5979.0	79	5354.371003878294
5980.0	82	5353.407731361949
5981.0	67	5352.444549506679
5982.0	69	5351.481458354105
5983.0	64	5350.518457945783
5984.0	78	5349.555548323238
5985.0	67	5348.592729527979
5986.0	71	5347.630001601432
5987.0	67	5346.66736458503
5988.0	69	5345.704818520123
5989.0	67	5344.742363448066
5990.0	61	5343.779999410148
5991.0	65	5342.817726447613
5992.0	82	5341.855544601698
5993.0	62	5340.893453913569
5994.0	64	5339.9314544243625
5995.0	83	5338.9695461751935
5996.0	64	5338.007729207113
5997.0	69	5337.046003561141
5998.0	68	5336.084369278277
5999.0	73	5335.12282639945
6000.0	79	5334.161374965582
6001.0	68	5333.20001501753
6002.0	65	5332.238746596134
6003.0	66	5331.277569742182
6004.0	68	5330.316484496419
6005.0	70	5329.3554908995675
6006.0	75	5328.394588992311
6007.0	76	5327.433778815269
6008.0	68	5326.4730604090555
6009.0	62	5325.512433814218
6010.0	84	5324.551899071289
6011.0	65	5323.591456220756
6012.0	65	5322.631105303052
6013.0	62	5321.670846358582
6014.0	71	5320.710679427731
6015.0	73	5319.750604550814
6016.0	79	5318.790621768131
6017.0	75	5317.830731119937
6018.0	66	5316.870932646435
6019.0	70	5315.911226387818
6020.0	77	5314.951612384215
6021.0	58	5313.992090675733
6022.0	76	5313.032661302426
6023.0	71	5312.073324304323
6024.0	63	5311.114079721422
6025.0	64	5310.154927593649
6026.0	65	5309.19586796093
6027.0	73	5308.236900863135
6028.0	61	5307.278026340095
6029.0	70	5306.319244431601
6030.0	64	5305.3605551774235
6031.0	69	5304.4019586172735
6032.0	62	5303.4434547908395
6033.0	78	5302.485043737758
6034.0	74	5301.526725497645
6035.0	62	5300.56850011006
6036.0	77	5299.610367614542
6037.0	69	5298.652328050577
6038.0	76	5297.694381457623
6039.0	79	5296.736527875093
6040.0	58	5295.778767342376
6041.0	70	5294.821099898805
6042.0	72	5293.8635255836925
6043.0	63	5292.906044436296
6044.0	55	5291.948656495844
6045.0	69	5290.991361801539
6046.0	73	5290.03416039252
6047.0	75	5289.077052307917
6048.0	78	5288.120037586801
6049.0	64	5287.163116268211
6050.0	57	5286.206288391153
6051.0	76	5285.249553994587
6052.0	73	5284.292913117449
6053.0	75	5283.336365798625
6054.0	65	5282.37991207697
6055.0	72	5281.423551991301
6056.0	51	5280.467285580396
6057.0	69	5279.511112882995
6058.0	60	5278.555033937799
6059.0	78	5277.599048783479
6060.0	84	5276.643157458659
6061.0	89	5275.6873600019335
6062.0	76	5274.73165645186
6063.0	73	5273.776046846952
6064.0	65	5272.820531225684
6065.0	65	5271.865109626512
6066.0	67	5270.909782087827
6067.0	79	5269.954548648009
6068.0	64	5268.999409345386
6069.0	64	5268.044364218249
6070.0	70	5267.08941330486
6071.0	71	5266.134556643429
6072.0	79	5265.17979427215
6073.0	72	5264.225126229161
6074.0	79	5263.270552552573
6075.0	66	5262.316073280465
6076.0	68	5261.361688450857
6077.0	68	5260.407398101759
6078.0	67	5259.453202271135
6079.0	65	5258.499100996898
6080.0	67	5257.5450943169335
6081.0	72	5256.591182269108
6082.0	80	5255.637364891215
6083.0	56	5254.683642221047
6084.0	79	5253.730014296341
6085.0	62	5252.7764811547895
6086.0	56	5251.823042834074
6087.0	70	5250.8696993718095
6088.0	81	5249.916450805596
6089.0	79	5248.963297172991
6090.0	72	5248.010238511512
6091.0	78	5247.057274858651
6092.0	65	5246.104406251834
6093.0	74	5245.151632728482
6094.0	77	5244.198954325975
6095.0	74	5243.246371081642
6096.0	69	5242.293883032781
6097.0	59	5241.341490216657
6098.0	75	5240.389192670499
6099.0	58	5239.436990431497
6100.0	64	5238.484883536811
6101.0	61	5237.532872023545
6102.0	82	5236.58095592879
6103.0	71	5235.629135289591
6104.0	72	5234.677410142945
6105.0	81	5233.725780525834
6106.0	72	5232.774246475196
6107.0	55	5231.8228080279305
6108.0	76	5230.8714652208955
6109.0	70	5229.920218090914
6110.0	65	5228.969066674792
6111.0	54	5228.018011009267
6112.0	72	5227.06705113107
6113.0	65	5226.116187076868
6114.0	67	5225.16541888333
6115.0	71	5224.21474658704
6116.0	70	5223.264170224591
6117.0	69	5222.313689832518
6118.0	60	5221.363305447316
6119.0	54	5220.413017105445
6120.0	54	5219.462824843352
6121.0	62	5218.512728697413
6122.0	52	5217.562728704
6123.0	58	5216.612824899426
6124.0	74	5215.663017319976
6125.0	57	5214.713306001908
6126.0	58	5213.763690981427
6127.0	53	5212.814172294713
6128.0	57	5211.864749977911
6129.0	65	5210.915424067124
6130.0	53	5209.96619459842
6131.0	68	5209.017061607843
6132.0	54	5208.068025131384
6133.0	65	5207.119085205008
6134.0	57	5206.170241864652
6135.0	65	5205.22149514619
6136.0	63	5204.2728450854875
6137.0	62	5203.324291718358
6138.0	68	5202.375835080605
6139.0	50	5201.427475207955
6140.0	61	5200.4792121361315
6141.0	72	5199.5310459008115
6142.0	59	5198.582976537639
6143.0	68	5197.635004082227
6144.0	54	5196.687128570133
6145.0	45	5195.739350036896
6146.0	68	5194.791668518023
6147.0	61	5193.84408404897
6148.0	73	5192.896596665179
6149.0	67	5191.949206402031
6150.0	61	5191.001913294892
6151.0	53	5190.054717379089
6152.0	44	5189.107618689902
6153.0	58	5188.160617262578
6154.0	54	5187.213713132354
6155.0	60	5186.266906334393
6156.0	58	5185.320196903853
6157.0	61	5184.373584875832
6158.0	75	5183.427070285426
6159.0	53	5182.480653167658
6160.0	45	5181.534333557545
6161.0	65	5180.588111490057
6162.0	71	5179.641987000123
6163.0	53	5178.695960122642
6164.0	59	5177.750030892494
6165.0	45	5176.804199344496
6166.0	63	5175.8584655134455
6167.0	59	5174.912829434103
6168.0	60	5173.967291141198
6169.0	67	5173.021850669417
6170.0	53	5172.07650805341
6171.0	47	5171.131263327808
6172.0	44	5170.1861165271885
6173.0	62	5169.2410676861045
6174.0	72	5168.296116839073
6175.0	67	5167.351264020569
6176.0	60	5166.406509265047
6177.0	55	5165.461852606909
6178.0	82	5164.51729408054
6179.0	72	5163.572833720271
6180.0	67	5162.628471560418
6181.0	47	5161.684207635245
6182.0	54	5160.740041978997
6183.0	59	5159.795974625865
6184.0	54	5158.852005610031
6185.0	53	5157.908134965621
6186.0	58	5156.96436272673
6187.0	52	5156.020688927428
6188.0	58	5155.077113601734
6189.0	67	5154.133636783658
6190.0	59	5153.190258507149
6191.0	60	5152.2469788061335
6192.0	61	5151.303797714513
6193.0	57	5150.360715266124
6194.0	79	5149.417731494805
6195.0	47	5148.474846434338
6196.0	70	5147.532060118475
6197.0	36	5146.589372580933
6198.0	72	5145.646783855407
6199.0	66	5144.704293975529
6200.0	47	5143.761902974929
6201.0	66	5142.819610887185
6202.0	62	5141.87741774584
6203.0	61	5140.935323584411
6204.0	62	5139.993328436375
6205.0	59	5139.051432335175
6206.0	54	5138.1096353142175
6207.0	50	5137.167937406884
6208.0	52	5136.226338646513
6209.0	64	5135.284839066417
6210.0	65	5134.343438699855
6211.0	54	5133.402137580083
6212.0	56	5132.460935740297
6213.0	73	5131.519833213665
6214.0	72	5130.578830033327
6215.0	60	5129.63792623239
6216.0	60	5128.697121843921
6217.0	57	5127.756416900945
6218.0	55	5126.815811436477
6219.0	57	5125.875305483471
6220.0	62	5124.934899074864
6221.0	59	5123.994592243553
6222.0	57	5123.054385022412
6223.0	62	5122.11427744426
6224.0	51	5121.174269541905
6225.0	57	5120.234361348095
6226.0	47	5119.294552895576
6227.0	66	5118.354844217037
6228.0	62	5117.415235345134
6229.0	51	5116.475726312505
6230.0	47	5115.536317151737
6231.0	62	5114.597007895391
6232.0	70	5113.657798575989
6233.0	66	5112.718689226042
6234.0	46	5111.779679877986
6235.0	52	5110.8407705642685
6236.0	60	5109.901961317271
6237.0	62	5108.963252169344
6238.0	58	5108.0246431528285
6239.0	72	5107.086134300008
6240.0	56	5106.147725643139
6241.0	52	5105.209417214449
6242.0	54	5104.271209046128
6243.0	58	5103.333101170328
6244.0	65	5102.395093619183
6245.0	66	5101.457186424772
6246.0	58	5100.519379619165
6247.0	57	5099.58167323437
6248.0	62	5098.6440673023935
6249.0	70	5097.706561855181
6250.0	58	5096.769156924652
6251.0	61	5095.831852542707
6252.0	55	5094.8946487411995
6253.0	45	5093.957545551958
6254.0	65	5093.020543006763
6255.0	60	5092.083641137371
6256.0	61	5091.146839975515
6257.0	65	5090.210139552889
6258.0	54	5089.273539901131
6259.0	68	5088.337041051879
6260.0	61	5087.400643036721
6261.0	55	5086.464345887218
6262.0	49	5085.528149634895
6263.0	64	5084.5920543112325
6264.0	61	5083.656059947705
6265.0	56	5082.720166575725
6266.0	59	5081.784374226695
6267.0	52	5080.848682931963
6268.0	54	5079.9130927228625
6269.0	55	5078.977603630689
6270.0	64	5078.042215686707
6271.0	63	5077.106928922128
6272.0	51	5076.171743368163
6273.0	55	5075.236659055963
6274.0	70	5074.301676016662
6275.0	64	5073.366794281355
6276.0	64	5072.432013881112
6277.0	57	5071.49733484695
6278.0	52	5070.562757209876
6279.0	52	5069.628281000853
6280.0	58	5068.693906250807
6281.0	55	5067.759632990648
6282.0	53	5066.8254612512355
6283.0	71	5065.891391063409
6284.0	63	5064.957422457959
6285.0	45	5064.023555465668
6286.0	52	5063.0897901172575
6287.0	54	5062.156126443445
6288.0	51	5061.222564474889
6289.0	77	5060.289104242235
6290.0	56	5059.3557457760935
6291.0	68	5058.422489107025
6292.0	53	5057.489334265569
6293.0	54	5056.556281282249
6294.0	67	5055.623330187528
6295.0	61	5054.690481011852
6296.0	58	5053.757733785633
6297.0	75	5052.8250885392545
6298.0	56	5051.892545303042
6299.0	47	5050.960104107333
6300.0	64	5050.0277649824
6301.0	51	5049.095527958489
6302.0	61	5048.163393065807
6303.0	61	5047.231360334561
6304.0	52	5046.299429794884
6305.0	60	5045.367601476903
6306.0	53	5044.435875410703
6307.0	48	5043.504251626339
6308.0	55	5042.57273015383
6309.0	63	5041.64131102318
6310.0	48	5040.709994264332
6311.0	70	5039.778779907221
6312.0	51	5038.8476679817395
6313.0	70	5037.916658517745
6314.0	67	5036.985751545068
6315.0	41	5036.054947093515
6316.0	61	5035.124245192844
6317.0	70	5034.193645872785
6318.0	47	5033.263149163048
6319.0	59	5032.3327550933
6320.0	53	5031.402463693178
6321.0	62	5030.472274992292
6322.0	51	5029.542189020202
6323.0	75	5028.612205806463
6324.0	58	5027.682325380584
6325.0	67	5026.752547772041
6326.0	63	5025.822873010277
6327.0	49	5024.893301124714
6328.0	60	5023.963832144724
6329.0	60	5023.0344660996625
6330.0	54	5022.1052030188475
6331.0	54	5021.176042931566
6332.0	65	5020.246985867084
6333.0	62	5019.31803185461
6334.0	56	5018.38918092334
6335.0	62	5017.460433102433
6336.0	59	5016.531788421023
6337.0	71	5015.603246908205
6338.0	68	5014.67480859304
6339.0	63	5013.746473504569
6340.0	62	5012.81824167179
6341.0	35	5011.890113123671
6342.0	56	5010.962087889153
6343.0	61	5010.034165997144
6344.0	49	5009.106347476518
6345.0	65	5008.178632356115
6346.0	55	5007.251020664759
6347.0	66	5006.323512431225
6348.0	57	5005.3961076842625
6349.0	47	5004.468806452586
6350.0	65	5003.541608764897
6351.0	59	5002.614514649836
6352.0	52	5001.687524136029
6353.0	64	5000.760637252073
6354.0	52	4999.833854026532
6355.0	62	4998.907174487926
6356.0	62	4997.980598664766
6357.0	55	4997.054126585511
6358.0	59	4996.127758278604
6359.0	74	4995.20149377245
6360.0	52	4994.275333095415
6361.0	55	4993.349276275844
6362.0	64	4992.42332334205
6363.0	73	4991.497474322325
6364.0	50	4990.571729244897
6365.0	62	4989.646088137996
6366.0	62	4988.720551029811
6367.0	45	4987.795117948487
6368.0	68	4986.869788922163
6369.0	51	4985.944563978918
6370.0	51	4985.0194431468335
6371.0	75	4984.094426453921
6372.0	51	4983.169513928195
6373.0	58	4982.244705597616
6374.0	68	4981.3200014901295
6375.0	59	4980.395401633642
6376.0	66	4979.47090605603
6377.0	58	4978.546514785132
6378.0	52	4977.622227848769
6379.0	56	4976.69804527473
6380.0	64	4975.773967090766
6381.0	37	4974.849993324588
6382.0	63	4973.926124003911
6383.0	49	4973.0023591563695
6384.0	49	4972.078698809607
6385.0	60	4971.155142991231
6386.0	56	4970.231691728794
6387.0	61	4969.308345049839
6388.0	68	4968.3851029818825
6389.0	63	4967.461965552386
6390.0	60	4966.538932788809
6391.0	55	4965.6160047185585
6392.0	50	4964.693181369016
6393.0	58	4963.770462767546
6394.0	55	4962.847848941461
6395.0	46	4961.925339918059
6396.0	57	4961.0029357246085
6397.0	55	4960.080636388334
6398.0	67	4959.158441936431
6399.0	52	4958.2363523960785
6400.0	47	4957.314367794415
6401.0	72	4956.392488158557
6402.0	63	4955.470713515571
6403.0	58	4954.549043892505
6404.0	56	4953.627479316396
6405.0	53	4952.706019814213
6406.0	70	4951.784665412925
6407.0	50	4950.863416139452
6408.0	44	4949.942272020695
6409.0	51	4949.02123308352
6410.0	54	4948.1002993547645
6411.0	59	4947.179470861228
6412.0	72	4946.258747629691
6413.0	54	4945.338129686902
6414.0	62	4944.417617059574
6415.0	59	4943.497209774391
6416.0	51	4942.576907858013
6417.0	63	4941.65671133706
6418.0	54	4940.736620238119
6419.0	54	4939.8166345877735
6420.0	63	4938.896754412543
6421.0	57	4937.976979738932
6422.0	72	4937.057310593423
6423.0	58	4936.1377470024545
6424.0	58	4935.218288992447
6425.0	65	4934.298936589775
6426.0	53	4933.379689820794
6427.0	74	4932.460548711832
6428.0	86	4931.541513289183
6429.0	43	4930.622583579115
6430.0	48	4929.703759607851
6431.0	57	4928.7850414016075
6432.0	53	4927.866428986548
6433.0	55	4926.947922388826
6434.0	47	4926.029521634553
6435.0	55	4925.1112267498065
6436.0	79	4924.193037760659
6437.0	54	4923.274954693118
6438.0	65	4922.35697757319
6439.0	58	4921.439106426832
6440.0	67	4920.521341279983
6441.0	48	4919.603682158557
6442.0	50	4918.686129088418
6443.0	57	4917.768682095426
6444.0	54	4916.851341205385
6445.0	61	4915.934106444085
6446.0	44	4915.016977837293
6447.0	64	4914.09995541073
6448.0	52	4913.183039190089
6449.0	65	4912.266229201058
6450.0	58	4911.3495254692525
6451.0	55	4910.432928020296
6452.0	55	4909.516436879763
6453.0	56	4908.600052073217
6454.0	51	4907.683773626159
6455.0	71	4906.767601564096
6456.0	67	4905.85153591249
6457.0	50	4904.93557669676
6458.0	72	4904.019723942321
6459.0	65	4903.103977674554
6460.0	59	4902.188337918782
6461.0	59	4901.272804700341
6462.0	60	4900.357378044502
6463.0	56	4899.44205797653
6464.0	59	4898.526844521652
6465.0	67	4897.611737705057
6466.0	66	4896.696737551925
6467.0	55	4895.781844087393
6468.0	69	4894.867057336565
6469.0	56	4893.952377324525
6470.0	59	4893.037804076332
6471.0	47	4892.123337616989
6472.0	60	4891.208977971514
6473.0	66	4890.29472516485
6474.0	47	4889.380579221945
6475.0	50	4888.466540167697
6476.0	54	4887.552608026989
6477.0	64	4886.6387828246625
6478.0	51	4885.725064585541
6479.0	68	4884.8114533344105
6480.0	55	4883.897949096032
6481.0	59	4882.98455189514
6482.0	69	4882.071261756435
6483.0	50	4881.1580787045905
6484.0	47	4880.245002764246
6485.0	57	4879.332033960029
6486.0	57	4878.419172316512
6487.0	50	4877.50641785826
6488.0	59	4876.5937706098
6489.0	57	4875.681230595637
6490.0	75	4874.76879784023
6491.0	56	4873.85647236803
6492.0	72	4872.94425420345
6493.0	55	4872.032143370881
6494.0	76	4871.1201398946605
6495.0	45	4870.208243799132
6496.0	55	4869.2964551085815
6497.0	58	4868.384773847291
6498.0	54	4867.473200039486
6499.0	54	4866.561733709395
6500.0	61	4865.65037488119
6501.0	68	4864.739123579031
6502.0	72	4863.82797982704
6503.0	62	4862.916943649311
6504.0	54	4862.006015069922
6505.0	53	4861.095194112911
6506.0	73	4860.184480802289
6507.0	58	4859.2738751620345
6508.0	73	4858.363377216101
6509.0	66	4857.452986988419
6510.0	67	4856.542704502888
6511.0	58	4855.632529783372
6512.0	48	4854.722462853715
6513.0	75	4853.812503737723
6514.0	59	4852.902652459187
6515.0	60	4851.9929090418555
6516.0	59	4851.083273509462
6517.0	58	4850.173745885696
6518.0	49	4849.264326194227
6519.0	73	4848.355014458714
6520.0	70	4847.445810702752
6521.0	52	4846.536714949925
6522.0	55	4845.627727223803
6523.0	68	4844.718847547911
6524.0	58	4843.810075945735
6525.0	54	4842.9014124407595
6526.0	52	4841.992857056428
6527.0	57	4841.084409816157
6528.0	76	4840.176070743318
6529.0	49	4839.267839861288
6530.0	49	4838.359717193396
6531.0	41	4837.451702762925
6532.0	58	4836.54379659318
6533.0	58	4835.635998707382
6534.0	50	4834.728309128759
6535.0	54	4833.820727880499
6536.0	42	4832.913254985764
6537.0	64	4832.005890467698
6538.0	56	4831.098634349392
6539.0	53	4830.191486653923
6540.0	57	4829.2844474043595
6541.0	70	4828.377516623703
6542.0	65	4827.4706943349665
6543.0	55	4826.5639805611
6544.0	59	4825.65737532504
6545.0	62	4824.750878649715
6546.0	50	4823.844490557993
6547.0	62	4822.938211072731
6548.0	52	4822.032040216747
6549.0	57	4821.125978012862
6550.0	80	4820.22002448383
6551.0	51	4819.314179652394
6552.0	70	4818.408443541282
6553.0	60	4817.502816173162
6554.0	64	4816.597297570712
6555.0	53	4815.691887756553
6556.0	53	4814.786586753287
6557.0	50	4813.881394583503
6558.0	50	4812.976311269744
6559.0	66	4812.071336834526
6560.0	67	4811.166471300348
6561.0	62	4810.261714689672
6562.0	52	4809.357067024938
6563.0	50	4808.452528328558
6564.0	78	4807.548098622917
6565.0	56	4806.643777930371
6566.0	44	4805.739566273239
6567.0	61	4804.835463673826
6568.0	62	4803.931470154409
6569.0	59	4803.02758573723
6570.0	64	4802.123810444507
6571.0	65	4801.220144298423
6572.0	36	4800.316587321157
6573.0	57	4799.413139534839
6574.0	62	4798.509800961562
6575.0	56	4797.606571623428
6576.0	57	4796.703451542478
6577.0	64	4795.800440740743
6578.0	69	4794.897539240222
6579.0	51	4793.994747062873
6580.0	58	4793.09206423066
6581.0	59	4792.189490765482
6582.0	60	4791.28702668924
6583.0	60	4790.384672023793
6584.0	52	4789.482426790979
6585.0	52	4788.580291012593
6586.0	73	4787.678264710433
6587.0	69	4786.77634790624
6588.0	64	4785.874540621737
6589.0	65	4784.972842878637
6590.0	65	4784.071254698597
6591.0	60	4783.169776103274
6592.0	54	4782.268407114273
6593.0	58	4781.367147753199
6594.0	55	4780.465998041594
6595.0	68	4779.564958001018
6596.0	63	4778.6640276529615
6597.0	49	4777.763207018916
6598.0	65	4776.862496120333
6599.0	65	4775.961894978644
6600.0	56	4775.06140361524
6601.0	57	4774.161022051513
6602.0	51	4773.260750308789
6603.0	67	4772.360588408405
6604.0	59	4771.460536371647
6605.0	44	4770.560594219782
6606.0	55	4769.660761974044
6607.0	63	4768.7610396556565
6608.0	54	4767.861427285798
6609.0	63	4766.961924885632
6610.0	50	4766.062532476284
6611.0	58	4765.163250078862
6612.0	60	4764.264077714447
6613.0	62	4763.365015404081
6614.0	61	4762.466063168806
6615.0	40	4761.567221029608
6616.0	66	4760.668489007453
6617.0	53	4759.769867123302
6618.0	60	4758.871355398061
6619.0	51	4757.972953852631
6620.0	54	4757.0746625078655
6621.0	57	4756.176481384603
6622.0	60	4755.278410503668
6623.0	60	4754.38044988583
6624.0	72	4753.482599551854
6625.0	78	4752.584859522472
6626.0	64	4751.687229818394
6627.0	57	4750.789710460286
6628.0	53	4749.89230146881
6629.0	51	4748.995002864588
6630.0	52	4748.097814668222
6631.0	56	4747.2007369002795
6632.0	64	4746.303769581312
6633.0	64	4745.406912731832
