time	whole_blood_radioactivity	plasma_radioactivity
-4956.0	21	0.0
-4955.0	39	0.0
-4954.0	34	0.0
-4953.0	23	0.0
-4952.0	28	0.0
-4951.0	31	0.0
-4950.0	24	0.0
-4949.0	25	0.0
-4948.0	29	0.0
-4947.0	35	0.0
-4946.0	35	0.0
-4945.0	25	0.0
-4944.0	30	0.0
-4943.0	33	0.0
-4942.0	23	0.0
-4941.0	39	0.0
-4940.0	31	0.0
-4939.0	27	0.0
-4938.0	33	0.0
-4937.0	27	0.0
-4936.0	28	0.0
-4935.0	26	0.0
-4934.0	28	0.0
-4933.0	24	0.0
-4932.0	24	0.0
-4931.0	25	0.0
-4930.0	34	0.0
-4929.0	29	0.0
-4928.0	33	0.0
-4927.0	31	0.0
-4926.0	25	0.0
-4925.0	37	0.0
-4924.0	39	0.0
-4923.0	33	0.0
-4922.0	35	0.0
-4921.0	33	0.0
-4920.0	32	0.0
-4919.0	45	0.0
-4918.0	22	0.0
-4917.0	39	0.0
-4916.0	22	0.0
-4915.0	36	0.0
-4914.0	22	0.0
-4913.0	25	0.0
-4912.0	38	0.0
-4911.0	22	0.0
-4910.0	26	0.0
-4909.0	30	0.0
-4908.0	30	0.0
-4907.0	32	0.0
-4906.0	30	0.0
-4905.0	31	0.0
-4904.0	27	0.0
-4903.0	17	0.0
-4902.0	31	0.0
-4901.0	29	0.0
-4900.0	25	0.0
-4899.0	31	0.0
-4898.0	30	0.0
-4897.0	33	0.0
-4896.0	28	0.0
-4895.0	26	0.0
-4894.0	34	0.0
-4893.0	34	0.0
-4892.0	32	0.0
-4891.0	26	0.0
-4890.0	19	0.0
-4889.0	29	0.0
-4888.0	33	0.0
-4887.0	20	0.0
-4886.0	33	0.0
-4885.0	37	0.0
-4884.0	33	0.0
-4883.0	23	0.0
-4882.0	28	0.0
-4881.0	30	0.0
-4880.0	30	0.0
-4879.0	33	0.0
-4878.0	28	0.0
-4877.0	30	0.0
-4876.0	38	0.0
-4875.0	26	0.0
-4874.0	30	0.0
-4873.0	24	0.0
-4872.0	33	0.0
-4871.0	34	0.0
-4870.0	23	0.0
-4869.0	20	0.0
-4868.0	26	0.0
-4867.0	27	0.0
-4866.0	23	0.0
-4865.0	29	0.0
-4864.0	34	0.0
-4863.0	35	0.0
-4862.0	24	0.0
-4861.0	21	0.0
-4860.0	20	0.0
-4859.0	36	0.0
-4858.0	25	0.0
-4857.0	30	0.0
-4856.0	37	0.0
-4855.0	26	0.0
-4854.0	21	0.0
-4853.0	25	0.0
-4852.0	22	0.0
-4851.0	29	0.0
-4850.0	37	0.0
-4849.0	24	0.0
-4848.0	31	0.0
-4847.0	26	0.0
-4846.0	40	0.0
-4845.0	37	0.0
-4844.0	37	0.0
-4843.0	22	0.0
-4842.0	36	0.0
-4841.0	38	0.0
-4840.0	29	0.0
-4839.0	31	0.0
-4838.0	24	0.0
-4837.0	30	0.0
-4836.0	37	0.0
-4835.0	16	0.0
-4834.0	34	0.0
-4833.0	29	0.0
-4832.0	32	0.0
-4831.0	24	0.0
-4830.0	25	0.0
-4829.0	33	0.0
-4828.0	25	0.0
-4827.0	30	0.0
-4826.0	32	0.0
-4825.0	30	0.0
-4824.0	28	0.0
-4823.0	35	0.0
-4822.0	28	0.0
-4821.0	18	0.0
-4820.0	30	0.0
-4819.0	18	0.0
-4818.0	30	0.0
-4817.0	25	0.0
-4816.0	26	0.0
-4815.0	32	0.0
-4814.0	28	0.0
-4813.0	38	0.0
-4812.0	38	0.0
-4811.0	24	0.0
-4810.0	35	0.0
-4809.0	31	0.0
-4808.0	31	0.0
-4807.0	25	0.0
-4806.0	33	0.0
-4805.0	21	0.0
-4804.0	22	0.0
-4803.0	24	0.0
-4802.0	28	0.0
-4801.0	20	0.0
-4800.0	30	0.0
-4799.0	38	0.0
-4798.0	25	0.0
-4797.0	32	0.0
-4796.0	28	0.0
-4795.0	34	0.0
-4794.0	24	0.0
-4793.0	37	0.0
-4792.0	31	0.0
-4791.0	18	0.0
-4790.0	22	0.0
-4789.0	17	0.0
-4788.0	29	0.0
-4787.0	23	0.0
-4786.0	27	0.0
-4785.0	26	0.0
-4784.0	30	0.0
-4783.0	27	0.0
-4782.0	21	0.0
-4781.0	32	0.0
-4780.0	26	0.0
-4779.0	19	0.0
-4778.0	27	0.0
-4777.0	27	0.0
-4776.0	33	0.0
-4775.0	34	0.0
-4774.0	19	0.0
-4773.0	26	0.0
-4772.0	30	0.0
-4771.0	23	0.0
-4770.0	30	0.0
-4769.0	32	0.0
-4768.0	20	0.0
-4767.0	34	0.0
-4766.0	30	0.0
-4765.0	30	0.0
-4764.0	31	0.0
-4763.0	40	0.0
-4762.0	31	0.0
-4761.0	31	0.0
-4760.0	22	0.0
-4759.0	29	0.0
-4758.0	29	0.0
-4757.0	29	0.0
-4756.0	27	0.0
-4755.0	18	0.0
-4754.0	33	0.0
-4753.0	40	0.0
-4752.0	21	0.0
-4751.0	32	0.0
-4750.0	29	0.0
-4749.0	29	0.0
-4748.0	29	0.0
-4747.0	26	0.0
-4746.0	36	0.0
-4745.0	28	0.0
-4744.0	25	0.0
-4743.0	27	0.0
-4742.0	27	0.0
-4741.0	43	0.0
-4740.0	34	0.0
-4739.0	22	0.0
-4738.0	24	0.0
-4737.0	25	0.0
-4736.0	20	0.0
-4735.0	23	0.0
-4734.0	29	0.0
-4733.0	30	0.0
-4732.0	29	0.0
-4731.0	30	0.0
-4730.0	30	0.0
-4729.0	28	0.0
-4728.0	23	0.0
-4727.0	43	0.0
-4726.0	36	0.0
-4725.0	35	0.0
-4724.0	18	0.0
-4723.0	34	0.0
-4722.0	30	0.0
-4721.0	32	0.0
-4720.0	24	0.0
-4719.0	30	0.0
-4718.0	30	0.0
-4717.0	22	0.0
-4716.0	30	0.0
-4715.0	37	0.0
-4714.0	34	0.0
-4713.0	32	0.0
-4712.0	32	0.0
-4711.0	23	0.0
-4710.0	34	0.0
-4709.0	31	0.0
-4708.0	33	0.0
-4707.0	27	0.0
-4706.0	26	0.0
-4705.0	32	0.0
-4704.0	34	0.0
-4703.0	25	0.0
-4702.0	25	0.0
-4701.0	25	0.0
-4700.0	37	0.0
-4699.0	31	0.0
-4698.0	24	0.0
-4697.0	26	0.0
-4696.0	41	0.0
-4695.0	30	0.0
-4694.0	29	0.0
-4693.0	32	0.0
-4692.0	33	0.0
-4691.0	28	0.0
-4690.0	33	0.0
-4689.0	30	0.0
-4688.0	34	0.0
-4687.0	43	0.0
-4686.0	25	0.0
-4685.0	24	0.0
-4684.0	34	0.0
-4683.0	20	0.0
-4682.0	26	0.0
-4681.0	36	0.0
-4680.0	29	0.0
-4679.0	36	0.0
-4678.0	30	0.0
-4677.0	25	0.0
-4676.0	30	0.0
-4675.0	29	0.0
-4674.0	26	0.0
-4673.0	37	0.0
-4672.0	27	0.0
-4671.0	27	0.0
-4670.0	33	0.0
-4669.0	32	0.0
-4668.0	30	0.0
-4667.0	36	0.0
-4666.0	32	0.0
-4665.0	21	0.0
-4664.0	33	0.0
-4663.0	33	0.0
-4662.0	23	0.0
-4661.0	29	0.0
-4660.0	31	0.0
-4659.0	36	0.0
-4658.0	35	0.0
-4657.0	29	0.0
-4656.0	31	0.0
-4655.0	23	0.0
-4654.0	25	0.0
-4653.0	29	0.0
-4652.0	42	0.0
-4651.0	26	0.0
-4650.0	30	0.0
-4649.0	25	0.0
-4648.0	36	0.0
-4647.0	23	0.0
-4646.0	31	0.0
-4645.0	34	0.0
-4644.0	25	0.0
-4643.0	29	0.0
-4642.0	25	0.0
-4641.0	28	0.0
-4640.0	26	0.0
-4639.0	32	0.0
-4638.0	36	0.0
-4637.0	31	0.0
-4636.0	33	0.0
-4635.0	41	0.0
-4634.0	33	0.0
-4633.0	28	0.0
-4632.0	24	0.0
-4631.0	32	0.0
-4630.0	41	0.0
-4629.0	35	0.0
-4628.0	30	0.0
-4627.0	22	0.0
-4626.0	36	0.0
-4625.0	21	0.0
-4624.0	32	0.0
-4623.0	25	0.0
-4622.0	19	0.0
-4621.0	41	0.0
-4620.0	30	0.0
-4619.0	26	0.0
-4618.0	29	0.0
-4617.0	35	0.0
-4616.0	31	0.0
-4615.0	30	0.0
-4614.0	29	0.0
-4613.0	34	0.0
-4612.0	32	0.0
-4611.0	26	0.0
-4610.0	29	0.0
-4609.0	28	0.0
-4608.0	31	0.0
-4607.0	19	0.0
-4606.0	28	0.0
-4605.0	29	0.0
-4604.0	33	0.0
-4603.0	35	0.0
-4602.0	24	0.0
-4601.0	31	0.0
-4600.0	26	0.0
-4599.0	31	0.0
-4598.0	30	0.0
-4597.0	37	0.0
-4596.0	32	0.0
-4595.0	34	0.0
-4594.0	33	0.0
-4593.0	27	0.0
-4592.0	38	0.0
-4591.0	24	0.0
-4590.0	38	0.0
-4589.0	31	0.0
-4588.0	28	0.0
-4587.0	37	0.0
-4586.0	21	0.0
-4585.0	30	0.0
-4584.0	21	0.0
-4583.0	39	0.0
-4582.0	36	0.0
-4581.0	33	0.0
-4580.0	26	0.0
-4579.0	26	0.0
-4578.0	26	0.0
-4577.0	32	0.0
-4576.0	32	0.0
-4575.0	33	0.0
-4574.0	27	0.0
-4573.0	31	0.0
-4572.0	23	0.0
-4571.0	34	0.0
-4570.0	25	0.0
-4569.0	38	0.0
-4568.0	29	0.0
-4567.0	33	0.0
-4566.0	24	0.0
-4565.0	27	0.0
-4564.0	31	0.0
-4563.0	32	0.0
-4562.0	26	0.0
-4561.0	38	0.0
-4560.0	30	0.0
-4559.0	24	0.0
-4558.0	26	0.0
-4557.0	36	0.0
-4556.0	30	0.0
-4555.0	29	0.0
-4554.0	32	0.0
-4553.0	34	0.0
-4552.0	25	0.0
-4551.0	33	0.0
-4550.0	30	0.0
-4549.0	38	0.0
-4548.0	28	0.0
-4547.0	24	0.0
-4546.0	34	0.0
-4545.0	33	0.0
-4544.0	35	0.0
-4543.0	33	0.0
-4542.0	21	0.0
-4541.0	23	0.0
-4540.0	29	0.0
-4539.0	39	0.0
-4538.0	32	0.0
-4537.0	20	0.0
-4536.0	29	0.0
-4535.0	27	0.0
-4534.0	19	0.0
-4533.0	31	0.0
-4532.0	28	0.0
-4531.0	25	0.0
-4530.0	34	0.0
-4529.0	22	0.0
-4528.0	28	0.0
-4527.0	31	0.0
-4526.0	38	0.0
-4525.0	25	0.0
-4524.0	31	0.0
-4523.0	21	0.0
-4522.0	28	0.0
-4521.0	31	0.0
-4520.0	21	0.0
-4519.0	38	0.0
-4518.0	23	0.0
-4517.0	31	0.0
-4516.0	34	0.0
-4515.0	27	0.0
-4514.0	25	0.0
-4513.0	33	0.0
-4512.0	27	0.0
-4511.0	32	0.0
-4510.0	29	0.0
-4509.0	25	0.0
-4508.0	32	0.0
-4507.0	28	0.0
-4506.0	30	0.0
-4505.0	29	0.0
-4504.0	33	0.0
-4503.0	28	0.0
-4502.0	28	0.0
-4501.0	29	0.0
-4500.0	33	0.0
-4499.0	30	0.0
-4498.0	27	0.0
-4497.0	28	0.0
-4496.0	30	0.0
-4495.0	20	0.0
-4494.0	27	0.0
-4493.0	33	0.0
-4492.0	23	0.0
-4491.0	32	0.0
-4490.0	34	0.0
-4489.0	32	0.0
-4488.0	33	0.0
-4487.0	26	0.0
-4486.0	20	0.0
-4485.0	32	0.0
-4484.0	30	0.0
-4483.0	26	0.0
-4482.0	34	0.0
-4481.0	30	0.0
-4480.0	34	0.0
-4479.0	28	0.0
-4478.0	25	0.0
-4477.0	29	0.0
-4476.0	21	0.0
-4475.0	33	0.0
-4474.0	37	0.0
-4473.0	29	0.0
-4472.0	28	0.0
-4471.0	34	0.0
-4470.0	32	0.0
-4469.0	28	0.0
-4468.0	32	0.0
-4467.0	38	0.0
-4466.0	36	0.0
-4465.0	29	0.0
-4464.0	35	0.0
-4463.0	22	0.0
-4462.0	27	0.0
-4461.0	34	0.0
-4460.0	31	0.0
-4459.0	23	0.0
-4458.0	26	0.0
-4457.0	26	0.0
-4456.0	24	0.0
-4455.0	40	0.0
-4454.0	40	0.0
-4453.0	27	0.0
-4452.0	24	0.0
-4451.0	27	0.0
-4450.0	30	0.0
-4449.0	35	0.0
-4448.0	33	0.0
-4447.0	31	0.0
-4446.0	25	0.0
-4445.0	20	0.0
-4444.0	29	0.0
-4443.0	18	0.0
-4442.0	45	0.0
-4441.0	25	0.0
-4440.0	31	0.0
-4439.0	21	0.0
-4438.0	37	0.0
-4437.0	31	0.0
-4436.0	29	0.0
-4435.0	27	0.0
-4434.0	35	0.0
-4433.0	37	0.0
-4432.0	30	0.0
-4431.0	32	0.0
-4430.0	31	0.0
-4429.0	36	0.0
-4428.0	28	0.0
-4427.0	32	0.0
-4426.0	24	0.0
-4425.0	28	0.0
-4424.0	22	0.0
-4423.0	26	0.0
-4422.0	28	0.0
-4421.0	25	0.0
-4420.0	29	0.0
-4419.0	25	0.0
-4418.0	38	0.0
-4417.0	30	0.0
-4416.0	27	0.0
-4415.0	30	0.0
-4414.0	22	0.0
-4413.0	34	0.0
-4412.0	22	0.0
-4411.0	35	0.0
-4410.0	31	0.0
-4409.0	33	0.0
-4408.0	29	0.0
-4407.0	23	0.0
-4406.0	39	0.0
-4405.0	36	0.0
-4404.0	31	0.0
-4403.0	26	0.0
-4402.0	30	0.0
-4401.0	27	0.0
-4400.0	29	0.0
-4399.0	20	0.0
-4398.0	32	0.0
-4397.0	20	0.0
-4396.0	28	0.0
-4395.0	35	0.0
-4394.0	21	0.0
-4393.0	27	0.0
-4392.0	35	0.0
-4391.0	32	0.0
-4390.0	27	0.0
-4389.0	33	0.0
-4388.0	33	0.0
-4387.0	30	0.0
-4386.0	31	0.0
-4385.0	22	0.0
-4384.0	19	0.0
-4383.0	29	0.0
-4382.0	29	0.0
-4381.0	30	0.0
-4380.0	29	0.0
-4379.0	26	0.0
-4378.0	44	0.0
-4377.0	25	0.0
-4376.0	28	0.0
-4375.0	32	0.0
-4374.0	33	0.0
-4373.0	31	0.0
-4372.0	25	0.0
-4371.0	24	0.0
-4370.0	29	0.0
-4369.0	15	0.0
-4368.0	26	0.0
-4367.0	22	0.0
-4366.0	33	0.0
-4365.0	21	0.0
-4364.0	24	0.0
-4363.0	28	0.0
-4362.0	28	0.0
-4361.0	25	0.0
-4360.0	27	0.0
-4359.0	24	0.0
-4358.0	25	0.0
-4357.0	23	0.0
-4356.0	26	0.0
-4355.0	26	0.0
-4354.0	38	0.0
-4353.0	32	0.0
-4352.0	30	0.0
-4351.0	27	0.0
-4350.0	32	0.0
-4349.0	29	0.0
-4348.0	25	0.0
-4347.0	32	0.0
-4346.0	37	0.0
-4345.0	43	0.0
-4344.0	39	0.0
-4343.0	34	0.0
-4342.0	30	0.0
-4341.0	25	0.0
-4340.0	35	0.0
-4339.0	24	0.0
-4338.0	40	0.0
-4337.0	27	0.0
-4336.0	19	0.0
-4335.0	32	0.0
-4334.0	30	0.0
-4333.0	34	0.0
-4332.0	30	0.0
-4331.0	20	0.0
-4330.0	31	0.0
-4329.0	26	0.0
-4328.0	32	0.0
-4327.0	33	0.0
-4326.0	36	0.0
-4325.0	35	0.0
-4324.0	29	0.0
-4323.0	35	0.0
-4322.0	23	0.0
-4321.0	31	0.0
-4320.0	29	0.0
-4319.0	29	0.0
-4318.0	35	0.0
-4317.0	29	0.0
-4316.0	17	0.0
-4315.0	22	0.0
-4314.0	34	0.0
-4313.0	31	0.0
-4312.0	30	0.0
-4311.0	26	0.0
-4310.0	25	0.0
-4309.0	22	0.0
-4308.0	27	0.0
-4307.0	38	0.0
-4306.0	29	0.0
-4305.0	18	0.0
-4304.0	32	0.0
-4303.0	24	0.0
-4302.0	34	0.0
-4301.0	29	0.0
-4300.0	28	0.0
-4299.0	27	0.0
-4298.0	18	0.0
-4297.0	35	0.0
-4296.0	22	0.0
-4295.0	24	0.0
-4294.0	26	0.0
-4293.0	24	0.0
-4292.0	24	0.0
-4291.0	27	0.0
-4290.0	29	0.0
-4289.0	27	0.0
-4288.0	43	0.0
-4287.0	40	0.0
-4286.0	26	0.0
-4285.0	23	0.0
-4284.0	26	0.0
-4283.0	30	0.0
-4282.0	23	0.0
-4281.0	29	0.0
-4280.0	36	0.0
-4279.0	33	0.0
-4278.0	33	0.0
-4277.0	36	0.0
-4276.0	32	0.0
-4275.0	28	0.0
-4274.0	31	0.0
-4273.0	30	0.0
-4272.0	32	0.0
-4271.0	26	0.0
-4270.0	25	0.0
-4269.0	44	0.0
-4268.0	29	0.0
-4267.0	29	0.0
-4266.0	28	0.0
-4265.0	32	0.0
-4264.0	31	0.0
-4263.0	29	0.0
-4262.0	24	0.0
-4261.0	26	0.0
-4260.0	17	0.0
-4259.0	41	0.0
-4258.0	32	0.0
-4257.0	20	0.0
-4256.0	23	0.0
-4255.0	33	0.0
-4254.0	26	0.0
-4253.0	19	0.0
-4252.0	27	0.0
-4251.0	38	0.0
-4250.0	30	0.0
-4249.0	29	0.0
-4248.0	24	0.0
-4247.0	22	0.0
-4246.0	38	0.0
-4245.0	30	0.0
-4244.0	18	0.0
-4243.0	36	0.0
-4242.0	29	0.0
-4241.0	30	0.0
-4240.0	36	0.0
-4239.0	27	0.0
-4238.0	21	0.0
-4237.0	20	0.0
-4236.0	29	0.0
-4235.0	25	0.0
-4234.0	28	0.0
-4233.0	31	0.0
-4232.0	29	0.0
-4231.0	30	0.0
-4230.0	27	0.0
-4229.0	36	0.0
-4228.0	29	0.0
-4227.0	28	0.0
-4226.0	31	0.0
-4225.0	32	0.0
-4224.0	42	0.0
-4223.0	39	0.0
-4222.0	24	0.0
-4221.0	32	0.0
-4220.0	25	0.0
-4219.0	31	0.0
-4218.0	27	0.0
-4217.0	23	0.0
-4216.0	34	0.0
-4215.0	32	0.0
-4214.0	27	0.0
-4213.0	32	0.0
-4212.0	20	0.0
-4211.0	29	0.0
-4210.0	24	0.0
-4209.0	33	0.0
-4208.0	24	0.0
-4207.0	25	0.0
-4206.0	33	0.0
-4205.0	30	0.0
-4204.0	17	0.0
-4203.0	28	0.0
-4202.0	31	0.0
-4201.0	28	0.0
-4200.0	31	0.0
-4199.0	36	0.0
-4198.0	35	0.0
-4197.0	34	0.0
-4196.0	37	0.0
-4195.0	19	0.0
-4194.0	31	0.0
-4193.0	31	0.0
-4192.0	25	0.0
-4191.0	42	0.0
-4190.0	35	0.0
-4189.0	35	0.0
-4188.0	34	0.0
-4187.0	31	0.0
-4186.0	26	0.0
-4185.0	24	0.0
-4184.0	27	0.0
-4183.0	26	0.0
-4182.0	40	0.0
-4181.0	32	0.0
-4180.0	32	0.0
-4179.0	35	0.0
-4178.0	27	0.0
-4177.0	31	0.0
-4176.0	28	0.0
-4175.0	32	0.0
-4174.0	32	0.0
-4173.0	22	0.0
-4172.0	24	0.0
-4171.0	19	0.0
-4170.0	33	0.0
-4169.0	29	0.0
-4168.0	40	0.0
-4167.0	27	0.0
-4166.0	31	0.0
-4165.0	27	0.0
-4164.0	30	0.0
-4163.0	32	0.0
-4162.0	28	0.0
-4161.0	29	0.0
-4160.0	24	0.0
-4159.0	26	0.0
-4158.0	23	0.0
-4157.0	26	0.0
-4156.0	26	0.0
-4155.0	33	0.0
-4154.0	34	0.0
-4153.0	25	0.0
-4152.0	41	0.0
-4151.0	20	0.0
-4150.0	27	0.0
-4149.0	34	0.0
-4148.0	32	0.0
-4147.0	27	0.0
-4146.0	29	0.0
-4145.0	30	0.0
-4144.0	27	0.0
-4143.0	31	0.0
-4142.0	20	0.0
-4141.0	31	0.0
-4140.0	28	0.0
-4139.0	34	0.0
-4138.0	24	0.0
-4137.0	29	0.0
-4136.0	32	0.0
-4135.0	28	0.0
-4134.0	26	0.0
-4133.0	28	0.0
-4132.0	25	0.0
-4131.0	37	0.0
-4130.0	43	0.0
-4129.0	37	0.0
-4128.0	35	0.0
-4127.0	35	0.0
-4126.0	30	0.0
-4125.0	36	0.0
-4124.0	37	0.0
-4123.0	25	0.0
-4122.0	31	0.0
-4121.0	32	0.0
-4120.0	19	0.0
-4119.0	26	0.0
-4118.0	25	0.0
-4117.0	36	0.0
-4116.0	30	0.0
-4115.0	33	0.0
-4114.0	18	0.0
-4113.0	36	0.0
-4112.0	32	0.0
-4111.0	26	0.0
-4110.0	26	0.0
-4109.0	23	0.0
-4108.0	32	0.0
-4107.0	36	0.0
-4106.0	24	0.0
-4105.0	35	0.0
-4104.0	27	0.0
-4103.0	35	0.0
-4102.0	26	0.0
-4101.0	28	0.0
-4100.0	28	0.0
-4099.0	25	0.0
-4098.0	29	0.0
-4097.0	31	0.0
-4096.0	42	0.0
-4095.0	33	0.0
-4094.0	32	0.0
-4093.0	24	0.0
-4092.0	21	0.0
-4091.0	27	0.0
-4090.0	23	0.0
-4089.0	20	0.0
-4088.0	26	0.0
-4087.0	31	0.0
-4086.0	29	0.0
-4085.0	25	0.0
-4084.0	34	0.0
-4083.0	24	0.0
-4082.0	27	0.0
-4081.0	24	0.0
-4080.0	23	0.0
-4079.0	25	0.0
-4078.0	26	0.0
-4077.0	24	0.0
-4076.0	36	0.0
-4075.0	31	0.0
-4074.0	35	0.0
-4073.0	29	0.0
-4072.0	22	0.0
-4071.0	28	0.0
-4070.0	32	0.0
-4069.0	25	0.0
-4068.0	27	0.0
-4067.0	31	0.0
-4066.0	26	0.0
-4065.0	29	0.0
-4064.0	21	0.0
-4063.0	38	0.0
-4062.0	30	0.0
-4061.0	19	0.0
-4060.0	31	0.0
-4059.0	31	0.0
-4058.0	31	0.0
-4057.0	34	0.0
-4056.0	20	0.0
-4055.0	30	0.0
-4054.0	40	0.0
-4053.0	41	0.0
-4052.0	32	0.0
-4051.0	37	0.0
-4050.0	20	0.0
-4049.0	28	0.0
-4048.0	40	0.0
-4047.0	23	0.0
-4046.0	19	0.0
-4045.0	30	0.0
-4044.0	22	0.0
-4043.0	26	0.0
-4042.0	32	0.0
-4041.0	29	0.0
-4040.0	29	0.0
-4039.0	31	0.0
-4038.0	36	0.0
-4037.0	21	0.0
-4036.0	35	0.0
-4035.0	39	0.0
-4034.0	28	0.0
-4033.0	34	0.0
-4032.0	26	0.0
-4031.0	25	0.0
-4030.0	35	0.0
-4029.0	25	0.0
-4028.0	35	0.0
-4027.0	30	0.0
-4026.0	33	0.0
-4025.0	37	0.0
-4024.0	23	0.0
-4023.0	35	0.0
-4022.0	25	0.0
-4021.0	31	0.0
-4020.0	31	0.0
-4019.0	32	0.0
-4018.0	26	0.0
-4017.0	25	0.0
-4016.0	30	0.0
-4015.0	36	0.0
-4014.0	34	0.0
-4013.0	22	0.0
-4012.0	31	0.0
-4011.0	35	0.0
-4010.0	30	0.0
-4009.0	34	0.0
-4008.0	34	0.0
-4007.0	39	0.0
-4006.0	26	0.0
-4005.0	26	0.0
-4004.0	30	0.0
-4003.0	26	0.0
-4002.0	23	0.0
-4001.0	24	0.0
-4000.0	20	0.0
-3999.0	22	0.0
-3998.0	30	0.0
-3997.0	24	0.0
-3996.0	20	0.0
-3995.0	28	0.0
-3994.0	46	0.0
-3993.0	34	0.0
-3992.0	28	0.0
-3991.0	22	0.0
-3990.0	33	0.0
-3989.0	22	0.0
-3988.0	24	0.0
-3987.0	17	0.0
-3986.0	27	0.0
-3985.0	27	0.0
-3984.0	30	0.0
-3983.0	30	0.0
-3982.0	24	0.0
-3981.0	23	0.0
-3980.0	30	0.0
-3979.0	26	0.0
-3978.0	22	0.0
-3977.0	36	0.0
-3976.0	34	0.0
-3975.0	26	0.0
-3974.0	29	0.0
-3973.0	28	0.0
-3972.0	24	0.0
-3971.0	31	0.0
-3970.0	28	0.0
-3969.0	27	0.0
-3968.0	33	0.0
-3967.0	33	0.0
-3966.0	33	0.0
-3965.0	25	0.0
-3964.0	28	0.0
-3963.0	34	0.0
-3962.0	33	0.0
-3961.0	34	0.0
-3960.0	31	0.0
-3959.0	31	0.0
-3958.0	24	0.0
-3957.0	25	0.0
-3956.0	30	0.0
-3955.0	27	0.0
-3954.0	40	0.0
-3953.0	31	0.0
-3952.0	28	0.0
-3951.0	34	0.0
-3950.0	23	0.0
-3949.0	26	0.0
-3948.0	26	0.0
-3947.0	36	0.0
-3946.0	26	0.0
-3945.0	22	0.0
-3944.0	26	0.0
-3943.0	31	0.0
-3942.0	28	0.0
-3941.0	34	0.0
-3940.0	26	0.0
-3939.0	31	0.0
-3938.0	29	0.0
-3937.0	36	0.0
-3936.0	20	0.0
-3935.0	32	0.0
-3934.0	30	0.0
-3933.0	33	0.0
-3932.0	22	0.0
-3931.0	24	0.0
-3930.0	31	0.0
-3929.0	34	0.0
-3928.0	23	0.0
-3927.0	27	0.0
-3926.0	36	0.0
-3925.0	21	0.0
-3924.0	25	0.0
-3923.0	28	0.0
-3922.0	37	0.0
-3921.0	35	0.0
-3920.0	20	0.0
-3919.0	25	0.0
-3918.0	23	0.0
-3917.0	41	0.0
-3916.0	19	0.0
-3915.0	36	0.0
-3914.0	29	0.0
-3913.0	24	0.0
-3912.0	36	0.0
-3911.0	27	0.0
-3910.0	23	0.0
-3909.0	28	0.0
-3908.0	25	0.0
-3907.0	37	0.0
-3906.0	28	0.0
-3905.0	22	0.0
-3904.0	19	0.0
-3903.0	32	0.0
-3902.0	28	0.0
-3901.0	27	0.0
-3900.0	34	0.0
-3899.0	30	0.0
-3898.0	32	0.0
-3897.0	23	0.0
-3896.0	33	0.0
-3895.0	18	0.0
-3894.0	26	0.0
-3893.0	34	0.0
-3892.0	18	0.0
-3891.0	27	0.0
-3890.0	32	0.0
-3889.0	28	0.0
-3888.0	30	0.0
-3887.0	31	0.0
-3886.0	29	0.0
-3885.0	24	0.0
-3884.0	23	0.0
-3883.0	26	0.0
-3882.0	30	0.0
-3881.0	32	0.0
-3880.0	24	0.0
-3879.0	25	0.0
-3878.0	31	0.0
-3877.0	24	0.0
-3876.0	32	0.0
-3875.0	29	0.0
-3874.0	34	0.0
-3873.0	24	0.0
-3872.0	35	0.0
-3871.0	28	0.0
-3870.0	34	0.0
-3869.0	33	0.0
-3868.0	18	0.0
-3867.0	21	0.0
-3866.0	33	0.0
-3865.0	27	0.0
-3864.0	33	0.0
-3863.0	27	0.0
-3862.0	20	0.0
-3861.0	29	0.0
-3860.0	29	0.0
-3859.0	37	0.0
-3858.0	31	0.0
-3857.0	33	0.0
-3856.0	39	0.0
-3855.0	34	0.0
-3854.0	40	0.0
-3853.0	23	0.0
-3852.0	33	0.0
-3851.0	27	0.0
-3850.0	36	0.0
-3849.0	32	0.0
-3848.0	17	0.0
-3847.0	35	0.0
-3846.0	39	0.0
-3845.0	32	0.0
-3844.0	29	0.0
-3843.0	34	0.0
-3842.0	25	0.0
-3841.0	22	0.0
-3840.0	20	0.0
-3839.0	32	0.0
-3838.0	27	0.0
-3837.0	23	0.0
-3836.0	33	0.0
-3835.0	34	0.0
-3834.0	33	0.0
-3833.0	35	0.0
-3832.0	30	0.0
-3831.0	29	0.0
-3830.0	27	0.0
-3829.0	23	0.0
-3828.0	25	0.0
-3827.0	32	0.0
-3826.0	31	0.0
-3825.0	27	0.0
-3824.0	26	0.0
-3823.0	38	0.0
-3822.0	26	0.0
-3821.0	28	0.0
-3820.0	38	0.0
-3819.0	29	0.0
-3818.0	32	0.0
-3817.0	39	0.0
-3816.0	23	0.0
-3815.0	33	0.0
-3814.0	25	0.0
-3813.0	20	0.0
-3812.0	31	0.0
-3811.0	24	0.0
-3810.0	35	0.0
-3809.0	36	0.0
-3808.0	26	0.0
-3807.0	33	0.0
-3806.0	27	0.0
-3805.0	27	0.0
-3804.0	29	0.0
-3803.0	33	0.0
-3802.0	32	0.0
-3801.0	33	0.0
-3800.0	29	0.0
-3799.0	27	0.0
-3798.0	24	0.0
-3797.0	22	0.0
-3796.0	26	0.0
-3795.0	37	0.0
-3794.0	33	0.0
-3793.0	30	0.0
-3792.0	22	0.0
-3791.0	27	0.0
-3790.0	26	0.0
-3789.0	30	0.0
-3788.0	27	0.0
-3787.0	30	0.0
-3786.0	21	0.0
-3785.0	24	0.0
-3784.0	29	0.0
-3783.0	26	0.0
-3782.0	22	0.0
-3781.0	28	0.0
-3780.0	30	0.0
-3779.0	37	0.0
-3778.0	26	0.0
-3777.0	27	0.0
-3776.0	28	0.0
-3775.0	23	0.0
-3774.0	28	0.0
-3773.0	24	0.0
-3772.0	20	0.0
-3771.0	28	0.0
-3770.0	27	0.0
-3769.0	25	0.0
-3768.0	36	0.0
-3767.0	25	0.0
-3766.0	31	0.0
-3765.0	29	0.0
-3764.0	31	0.0
-3763.0	26	0.0
-3762.0	27	0.0
-3761.0	32	0.0
-3760.0	34	0.0
-3759.0	32	0.0
-3758.0	23	0.0
-3757.0	30	0.0
-3756.0	30	0.0
-3755.0	29	0.0
-3754.0	28	0.0
-3753.0	35	0.0
-3752.0	37	0.0
-3751.0	30	0.0
-3750.0	16	0.0
-3749.0	45	0.0
-3748.0	26	0.0
-3747.0	31	0.0
-3746.0	32	0.0
-3745.0	31	0.0
-3744.0	32	0.0
-3743.0	32	0.0
-3742.0	33	0.0
-3741.0	41	0.0
-3740.0	24	0.0
-3739.0	22	0.0
-3738.0	30	0.0
-3737.0	20	0.0
-3736.0	31	0.0
-3735.0	36	0.0
-3734.0	26	0.0
-3733.0	28	0.0
-3732.0	37	0.0
-3731.0	41	0.0
-3730.0	31	0.0
-3729.0	38	0.0
-3728.0	21	0.0
-3727.0	34	0.0
-3726.0	26	0.0
-3725.0	33	0.0
-3724.0	32	0.0
-3723.0	45	0.0
-3722.0	38	0.0
-3721.0	29	0.0
-3720.0	26	0.0
-3719.0	33	0.0
-3718.0	24	0.0
-3717.0	36	0.0
-3716.0	20	0.0
-3715.0	43	0.0
-3714.0	40	0.0
-3713.0	19	0.0
-3712.0	36	0.0
-3711.0	34	0.0
-3710.0	27	0.0
-3709.0	29	0.0
-3708.0	31	0.0
-3707.0	27	0.0
-3706.0	39	0.0
-3705.0	23	0.0
-3704.0	29	0.0
-3703.0	39	0.0
-3702.0	33	0.0
-3701.0	32	0.0
-3700.0	27	0.0
-3699.0	30	0.0
-3698.0	28	0.0
-3697.0	19	0.0
-3696.0	24	0.0
-3695.0	34	0.0
-3694.0	22	0.0
-3693.0	35	0.0
-3692.0	31	0.0
-3691.0	25	0.0
-3690.0	29	0.0
-3689.0	26	0.0
-3688.0	27	0.0
-3687.0	29	0.0
-3686.0	25	0.0
-3685.0	36	0.0
-3684.0	26	0.0
-3683.0	32	0.0
-3682.0	34	0.0
-3681.0	37	0.0
-3680.0	24	0.0
-3679.0	33	0.0
-3678.0	27	0.0
-3677.0	26	0.0
-3676.0	42	0.0
-3675.0	35	0.0
-3674.0	36	0.0
-3673.0	33	0.0
-3672.0	29	0.0
-3671.0	26	0.0
-3670.0	18	0.0
-3669.0	18	0.0
-3668.0	30	0.0
-3667.0	28	0.0
-3666.0	28	0.0
-3665.0	28	0.0
-3664.0	26	0.0
-3663.0	22	0.0
-3662.0	28	0.0
-3661.0	22	0.0
-3660.0	32	0.0
-3659.0	36	0.0
-3658.0	36	0.0
-3657.0	25	0.0
-3656.0	24	0.0
-3655.0	23	0.0
-3654.0	28	0.0
-3653.0	30	0.0
-3652.0	24	0.0
-3651.0	31	0.0
-3650.0	30	0.0
-3649.0	28	0.0
-3648.0	29	0.0
-3647.0	24	0.0
-3646.0	29	0.0
-3645.0	20	0.0
-3644.0	29	0.0
-3643.0	29	0.0
-3642.0	28	0.0
-3641.0	25	0.0
-3640.0	21	0.0
-3639.0	43	0.0
-3638.0	27	0.0
-3637.0	20	0.0
-3636.0	28	0.0
-3635.0	38	0.0
-3634.0	24	0.0
-3633.0	31	0.0
-3632.0	28	0.0
-3631.0	40	0.0
-3630.0	31	0.0
-3629.0	30	0.0
-3628.0	27	0.0
-3627.0	24	0.0
-3626.0	20	0.0
-3625.0	28	0.0
-3624.0	29	0.0
-3623.0	26	0.0
-3622.0	28	0.0
-3621.0	38	0.0
-3620.0	26	0.0
-3619.0	33	0.0
-3618.0	31	0.0
-3617.0	24	0.0
-3616.0	38	0.0
-3615.0	26	0.0
-3614.0	21	0.0
-3613.0	29	0.0
-3612.0	19	0.0
-3611.0	28	0.0
-3610.0	40	0.0
-3609.0	26	0.0
-3608.0	31	0.0
-3607.0	37	0.0
-3606.0	33	0.0
-3605.0	29	0.0
-3604.0	32	0.0
-3603.0	38	0.0
-3602.0	23	0.0
-3601.0	31	0.0
-3600.0	31	0.0
-3599.0	33	0.0
-3598.0	32	0.0
-3597.0	30	0.0
-3596.0	20	0.0
-3595.0	26	0.0
-3594.0	20	0.0
-3593.0	36	0.0
-3592.0	24	0.0
-3591.0	34	0.0
-3590.0	28	0.0
-3589.0	32	0.0
-3588.0	25	0.0
-3587.0	30	0.0
-3586.0	31	0.0
-3585.0	41	0.0
-3584.0	25	0.0
-3583.0	21	0.0
-3582.0	30	0.0
-3581.0	36	0.0
-3580.0	21	0.0
-3579.0	30	0.0
-3578.0	26	0.0
-3577.0	32	0.0
-3576.0	25	0.0
-3575.0	32	0.0
-3574.0	29	0.0
-3573.0	30	0.0
-3572.0	26	0.0
-3571.0	23	0.0
-3570.0	30	0.0
-3569.0	33	0.0
-3568.0	27	0.0
-3567.0	26	0.0
-3566.0	33	0.0
-3565.0	24	0.0
-3564.0	27	0.0
-3563.0	35	0.0
-3562.0	29	0.0
-3561.0	44	0.0
-3560.0	23	0.0
-3559.0	35	0.0
-3558.0	27	0.0
-3557.0	30	0.0
-3556.0	27	0.0
-3555.0	29	0.0
-3554.0	30	0.0
-3553.0	26	0.0
-3552.0	25	0.0
-3551.0	21	0.0
-3550.0	35	0.0
-3549.0	33	0.0
-3548.0	31	0.0
-3547.0	30	0.0
-3546.0	30	0.0
-3545.0	32	0.0
-3544.0	29	0.0
-3543.0	25	0.0
-3542.0	31	0.0
-3541.0	41	0.0
-3540.0	35	0.0
-3539.0	30	0.0
-3538.0	36	0.0
-3537.0	31	0.0
-3536.0	26	0.0
-3535.0	30	0.0
-3534.0	25	0.0
-3533.0	27	0.0
-3532.0	29	0.0
-3531.0	32	0.0
-3530.0	27	0.0
-3529.0	38	0.0
-3528.0	31	0.0
-3527.0	23	0.0
-3526.0	27	0.0
-3525.0	31	0.0
-3524.0	24	0.0
-3523.0	29	0.0
-3522.0	33	0.0
-3521.0	31	0.0
-3520.0	28	0.0
-3519.0	33	0.0
-3518.0	28	0.0
-3517.0	34	0.0
-3516.0	23	0.0
-3515.0	22	0.0
-3514.0	33	0.0
-3513.0	30	0.0
-3512.0	29	0.0
-3511.0	25	0.0
-3510.0	31	0.0
-3509.0	28	0.0
-3508.0	32	0.0
-3507.0	25	0.0
-3506.0	34	0.0
-3505.0	34	0.0
-3504.0	34	0.0
-3503.0	26	0.0
-3502.0	27	0.0
-3501.0	36	0.0
-3500.0	23	0.0
-3499.0	28	0.0
-3498.0	27	0.0
-3497.0	34	0.0
-3496.0	23	0.0
-3495.0	22	0.0
-3494.0	27	0.0
-3493.0	32	0.0
-3492.0	31	0.0
-3491.0	34	0.0
-3490.0	25	0.0
-3489.0	34	0.0
-3488.0	37	0.0
-3487.0	36	0.0
-3486.0	21	0.0
-3485.0	25	0.0
-3484.0	34	0.0
-3483.0	36	0.0
-3482.0	32	0.0
-3481.0	27	0.0
-3480.0	36	0.0
-3479.0	33	0.0
-3478.0	25	0.0
-3477.0	27	0.0
-3476.0	41	0.0
-3475.0	33	0.0
-3474.0	25	0.0
-3473.0	30	0.0
-3472.0	34	0.0
-3471.0	24	0.0
-3470.0	23	0.0
-3469.0	37	0.0
-3468.0	35	0.0
-3467.0	30	0.0
-3466.0	35	0.0
-3465.0	32	0.0
-3464.0	26	0.0
-3463.0	22	0.0
-3462.0	33	0.0
-3461.0	21	0.0
-3460.0	38	0.0
-3459.0	24	0.0
-3458.0	27	0.0
-3457.0	31	0.0
-3456.0	21	0.0
-3455.0	34	0.0
-3454.0	35	0.0
-3453.0	28	0.0
-3452.0	33	0.0
-3451.0	31	0.0
-3450.0	25	0.0
-3449.0	34	0.0
-3448.0	30	0.0
-3447.0	30	0.0
-3446.0	26	0.0
-3445.0	40	0.0
-3444.0	32	0.0
-3443.0	24	0.0
-3442.0	35	0.0
-3441.0	27	0.0
-3440.0	19	0.0
-3439.0	33	0.0
-3438.0	28	0.0
-3437.0	27	0.0
-3436.0	22	0.0
-3435.0	32	0.0
-3434.0	40	0.0
-3433.0	32	0.0
-3432.0	24	0.0
-3431.0	27	0.0
-3430.0	36	0.0
-3429.0	24	0.0
-3428.0	29	0.0
-3427.0	23	0.0
-3426.0	30	0.0
-3425.0	26	0.0
-3424.0	21	0.0
-3423.0	23	0.0
-3422.0	27	0.0
-3421.0	34	0.0
-3420.0	31	0.0
-3419.0	26	0.0
-3418.0	30	0.0
-3417.0	32	0.0
-3416.0	35	0.0
-3415.0	23	0.0
-3414.0	26	0.0
-3413.0	31	0.0
-3412.0	31	0.0
-3411.0	29	0.0
-3410.0	27	0.0
-3409.0	23	0.0
-3408.0	28	0.0
-3407.0	23	0.0
-3406.0	26	0.0
-3405.0	31	0.0
-3404.0	17	0.0
-3403.0	22	0.0
-3402.0	29	0.0
-3401.0	24	0.0
-3400.0	28	0.0
-3399.0	30	0.0
-3398.0	21	0.0
-3397.0	33	0.0
-3396.0	25	0.0
-3395.0	28	0.0
-3394.0	30	0.0
-3393.0	27	0.0
-3392.0	40	0.0
-3391.0	36	0.0
-3390.0	29	0.0
-3389.0	30	0.0
-3388.0	29	0.0
-3387.0	30	0.0
-3386.0	25	0.0
-3385.0	28	0.0
-3384.0	18	0.0
-3383.0	28	0.0
-3382.0	30	0.0
-3381.0	32	0.0
-3380.0	26	0.0
-3379.0	29	0.0
-3378.0	31	0.0
-3377.0	28	0.0
-3376.0	39	0.0
-3375.0	34	0.0
-3374.0	35	0.0
-3373.0	40	0.0
-3372.0	30	0.0
-3371.0	36	0.0
-3370.0	41	0.0
-3369.0	35	0.0
-3368.0	20	0.0
-3367.0	23	0.0
-3366.0	29	0.0
-3365.0	27	0.0
-3364.0	38	0.0
-3363.0	29	0.0
-3362.0	28	0.0
-3361.0	31	0.0
-3360.0	28	0.0
-3359.0	24	0.0
-3358.0	29	0.0
-3357.0	28	0.0
-3356.0	32	0.0
-3355.0	33	0.0
-3354.0	24	0.0
-3353.0	29	0.0
-3352.0	26	0.0
-3351.0	28	0.0
-3350.0	28	0.0
-3349.0	29	0.0
-3348.0	20	0.0
-3347.0	19	0.0
-3346.0	27	0.0
-3345.0	30	0.0
-3344.0	24	0.0
-3343.0	32	0.0
-3342.0	39	0.0
-3341.0	33	0.0
-3340.0	21	0.0
-3339.0	22	0.0
-3338.0	29	0.0
-3337.0	26	0.0
-3336.0	32	0.0
-3335.0	32	0.0
-3334.0	32	0.0
-3333.0	41	0.0
-3332.0	34	0.0
-3331.0	26	0.0
-3330.0	33	0.0
-3329.0	25	0.0
-3328.0	35	0.0
-3327.0	27	0.0
-3326.0	35	0.0
-3325.0	25	0.0
-3324.0	21	0.0
-3323.0	23	0.0
-3322.0	35	0.0
-3321.0	26	0.0
-3320.0	20	0.0
-3319.0	28	0.0
-3318.0	32	0.0
-3317.0	35	0.0
-3316.0	29	0.0
-3315.0	27	0.0
-3314.0	27	0.0
-3313.0	29	0.0
-3312.0	33	0.0
-3311.0	30	0.0
-3310.0	20	0.0
-3309.0	27	0.0
-3308.0	33	0.0
-3307.0	31	0.0
-3306.0	24	0.0
-3305.0	30	0.0
-3304.0	29	0.0
-3303.0	31	0.0
-3302.0	23	0.0
-3301.0	26	0.0
-3300.0	27	0.0
-3299.0	33	0.0
-3298.0	31	0.0
-3297.0	23	0.0
-3296.0	36	0.0
-3295.0	20	0.0
-3294.0	32	0.0
-3293.0	29	0.0
-3292.0	37	0.0
-3291.0	32	0.0
-3290.0	28	0.0
-3289.0	27	0.0
-3288.0	29	0.0
-3287.0	16	0.0
-3286.0	27	0.0
-3285.0	30	0.0
-3284.0	21	0.0
-3283.0	24	0.0
-3282.0	34	0.0
-3281.0	22	0.0
-3280.0	35	0.0
-3279.0	27	0.0
-3278.0	25	0.0
-3277.0	28	0.0
-3276.0	20	0.0
-3275.0	28	0.0
-3274.0	35	0.0
-3273.0	18	0.0
-3272.0	37	0.0
-3271.0	30	0.0
-3270.0	29	0.0
-3269.0	33	0.0
-3268.0	25	0.0
-3267.0	20	0.0
-3266.0	26	0.0
-3265.0	29	0.0
-3264.0	29	0.0
-3263.0	28	0.0
-3262.0	31	0.0
-3261.0	29	0.0
-3260.0	24	0.0
-3259.0	15	0.0
-3258.0	35	0.0
-3257.0	32	0.0
-3256.0	26	0.0
-3255.0	30	0.0
-3254.0	26	0.0
-3253.0	25	0.0
-3252.0	32	0.0
-3251.0	29	0.0
-3250.0	30	0.0
-3249.0	28	0.0
-3248.0	32	0.0
-3247.0	31	0.0
-3246.0	36	0.0
-3245.0	31	0.0
-3244.0	30	0.0
-3243.0	38	0.0
-3242.0	22	0.0
-3241.0	33	0.0
-3240.0	19	0.0
-3239.0	30	0.0
-3238.0	30	0.0
-3237.0	29	0.0
-3236.0	36	0.0
-3235.0	26	0.0
-3234.0	39	0.0
-3233.0	25	0.0
-3232.0	40	0.0
-3231.0	26	0.0
-3230.0	34	0.0
-3229.0	38	0.0
-3228.0	27	0.0
-3227.0	24	0.0
-3226.0	27	0.0
-3225.0	25	0.0
-3224.0	34	0.0
-3223.0	35	0.0
-3222.0	26	0.0
-3221.0	18	0.0
-3220.0	31	0.0
-3219.0	34	0.0
-3218.0	25	0.0
-3217.0	31	0.0
-3216.0	23	0.0
-3215.0	35	0.0
-3214.0	32	0.0
-3213.0	37	0.0
-3212.0	24	0.0
-3211.0	31	0.0
-3210.0	23	0.0
-3209.0	23	0.0
-3208.0	29	0.0
-3207.0	42	0.0
-3206.0	33	0.0
-3205.0	38	0.0
-3204.0	40	0.0
-3203.0	24	0.0
-3202.0	25	0.0
-3201.0	24	0.0
-3200.0	26	0.0
-3199.0	26	0.0
-3198.0	30	0.0
-3197.0	28	0.0
-3196.0	23	0.0
-3195.0	25	0.0
-3194.0	30	0.0
-3193.0	22	0.0
-3192.0	35	0.0
-3191.0	38	0.0
-3190.0	33	0.0
-3189.0	29	0.0
-3188.0	39	0.0
-3187.0	40	0.0
-3186.0	37	0.0
-3185.0	20	0.0
-3184.0	31	0.0
-3183.0	34	0.0
-3182.0	32	0.0
-3181.0	27	0.0
-3180.0	33	0.0
-3179.0	35	0.0
-3178.0	27	0.0
-3177.0	31	0.0
-3176.0	25	0.0
-3175.0	32	0.0
-3174.0	26	0.0
-3173.0	27	0.0
-3172.0	27	0.0
-3171.0	26	0.0
-3170.0	28	0.0
-3169.0	30	0.0
-3168.0	24	0.0
-3167.0	24	0.0
-3166.0	31	0.0
-3165.0	23	0.0
-3164.0	35	0.0
-3163.0	23	0.0
-3162.0	22	0.0
-3161.0	29	0.0
-3160.0	27	0.0
-3159.0	40	0.0
-3158.0	22	0.0
-3157.0	28	0.0
-3156.0	40	0.0
-3155.0	25	0.0
-3154.0	41	0.0
-3153.0	26	0.0
-3152.0	33	0.0
-3151.0	33	0.0
-3150.0	14	0.0
-3149.0	29	0.0
-3148.0	40	0.0
-3147.0	37	0.0
-3146.0	30	0.0
-3145.0	34	0.0
-3144.0	39	0.0
-3143.0	29	0.0
-3142.0	20	0.0
-3141.0	27	0.0
-3140.0	32	0.0
-3139.0	26	0.0
-3138.0	38	0.0
-3137.0	39	0.0
-3136.0	30	0.0
-3135.0	36	0.0
-3134.0	19	0.0
-3133.0	34	0.0
-3132.0	31	0.0
-3131.0	24	0.0
-3130.0	29	0.0
-3129.0	29	0.0
-3128.0	31	0.0
-3127.0	29	0.0
-3126.0	39	0.0
-3125.0	27	0.0
-3124.0	22	0.0
-3123.0	27	0.0
-3122.0	27	0.0
-3121.0	20	0.0
-3120.0	20	0.0
-3119.0	25	0.0
-3118.0	27	0.0
-3117.0	25	0.0
-3116.0	30	0.0
-3115.0	34	0.0
-3114.0	21	0.0
-3113.0	39	0.0
-3112.0	35	0.0
-3111.0	29	0.0
-3110.0	29	0.0
-3109.0	28	0.0
-3108.0	32	0.0
-3107.0	33	0.0
-3106.0	37	0.0
-3105.0	28	0.0
-3104.0	19	0.0
-3103.0	24	0.0
-3102.0	25	0.0
-3101.0	27	0.0
-3100.0	29	0.0
-3099.0	37	0.0
-3098.0	26	0.0
-3097.0	30	0.0
-3096.0	29	0.0
-3095.0	23	0.0
-3094.0	29	0.0
-3093.0	37	0.0
-3092.0	24	0.0
-3091.0	34	0.0
-3090.0	38	0.0
-3089.0	28	0.0
-3088.0	24	0.0
-3087.0	27	0.0
-3086.0	26	0.0
-3085.0	31	0.0
-3084.0	34	0.0
-3083.0	38	0.0
-3082.0	29	0.0
-3081.0	33	0.0
-3080.0	25	0.0
-3079.0	31	0.0
-3078.0	30	0.0
-3077.0	33	0.0
-3076.0	22	0.0
-3075.0	34	0.0
-3074.0	32	0.0
-3073.0	25	0.0
-3072.0	32	0.0
-3071.0	36	0.0
-3070.0	29	0.0
-3069.0	26	0.0
-3068.0	21	0.0
-3067.0	25	0.0
-3066.0	23	0.0
-3065.0	25	0.0
-3064.0	19	0.0
-3063.0	23	0.0
-3062.0	24	0.0
-3061.0	30	0.0
-3060.0	33	0.0
-3059.0	28	0.0
-3058.0	32	0.0
-3057.0	27	0.0
-3056.0	33	0.0
-3055.0	27	0.0
-3054.0	20	0.0
-3053.0	37	0.0
-3052.0	29	0.0
-3051.0	27	0.0
-3050.0	32	0.0
-3049.0	32	0.0
-3048.0	33	0.0
-3047.0	30	0.0
-3046.0	32	0.0
-3045.0	30	0.0
-3044.0	26	0.0
-3043.0	28	0.0
-3042.0	22	0.0
-3041.0	31	0.0
-3040.0	23	0.0
-3039.0	19	0.0
-3038.0	35	0.0
-3037.0	29	0.0
-3036.0	26	0.0
-3035.0	29	0.0
-3034.0	31	0.0
-3033.0	36	0.0
-3032.0	26	0.0
-3031.0	33	0.0
-3030.0	32	0.0
-3029.0	30	0.0
-3028.0	31	0.0
-3027.0	35	0.0
-3026.0	29	0.0
-3025.0	28	0.0
-3024.0	35	0.0
-3023.0	43	0.0
-3022.0	40	0.0
-3021.0	18	0.0
-3020.0	25	0.0
-3019.0	30	0.0
-3018.0	37	0.0
-3017.0	35	0.0
-3016.0	37	0.0
-3015.0	30	0.0
-3014.0	31	0.0
-3013.0	29	0.0
-3012.0	27	0.0
-3011.0	32	0.0
-3010.0	34	0.0
-3009.0	34	0.0
-3008.0	29	0.0
-3007.0	22	0.0
-3006.0	18	0.0
-3005.0	29	0.0
-3004.0	30	0.0
-3003.0	31	0.0
-3002.0	20	0.0
-3001.0	31	0.0
-3000.0	18	0.0
-2999.0	20	0.0
-2998.0	23	0.0
-2997.0	39	0.0
-2996.0	22	0.0
-2995.0	17	0.0
-2994.0	38	0.0
-2993.0	26	0.0
-2992.0	20	0.0
-2991.0	35	0.0
-2990.0	18	0.0
-2989.0	24	0.0
-2988.0	38	0.0
-2987.0	22	0.0
-2986.0	33	0.0
-2985.0	40	0.0
-2984.0	27	0.0
-2983.0	27	0.0
-2982.0	30	0.0
-2981.0	26	0.0
-2980.0	39	0.0
-2979.0	30	0.0
-2978.0	34	0.0
-2977.0	33	0.0
-2976.0	25	0.0
-2975.0	28	0.0
-2974.0	33	0.0
-2973.0	27	0.0
-2972.0	30	0.0
-2971.0	20	0.0
-2970.0	34	0.0
-2969.0	33	0.0
-2968.0	26	0.0
-2967.0	30	0.0
-2966.0	42	0.0
-2965.0	38	0.0
-2964.0	32	0.0
-2963.0	28	0.0
-2962.0	33	0.0
-2961.0	25	0.0
-2960.0	32	0.0
-2959.0	27	0.0
-2958.0	36	0.0
-2957.0	28	0.0
-2956.0	33	0.0
-2955.0	28	0.0
-2954.0	30	0.0
-2953.0	31	0.0
-2952.0	28	0.0
-2951.0	29	0.0
-2950.0	30	0.0
-2949.0	40	0.0
-2948.0	27	0.0
-2947.0	16	0.0
-2946.0	32	0.0
-2945.0	30	0.0
-2944.0	23	0.0
-2943.0	26	0.0
-2942.0	19	0.0
-2941.0	28	0.0
-2940.0	33	0.0
-2939.0	33	0.0
-2938.0	32	0.0
-2937.0	26	0.0
-2936.0	31	0.0
-2935.0	19	0.0
-2934.0	30	0.0
-2933.0	31	0.0
-2932.0	29	0.0
-2931.0	26	0.0
-2930.0	17	0.0
-2929.0	25	0.0
-2928.0	30	0.0
-2927.0	32	0.0
-2926.0	25	0.0
-2925.0	24	0.0
-2924.0	33	0.0
-2923.0	21	0.0
-2922.0	29	0.0
-2921.0	27	0.0
-2920.0	38	0.0
-2919.0	32	0.0
-2918.0	36	0.0
-2917.0	23	0.0
-2916.0	31	0.0
-2915.0	26	0.0
-2914.0	32	0.0
-2913.0	41	0.0
-2912.0	29	0.0
-2911.0	21	0.0
-2910.0	22	0.0
-2909.0	20	0.0
-2908.0	43	0.0
-2907.0	26	0.0
-2906.0	21	0.0
-2905.0	31	0.0
-2904.0	28	0.0
-2903.0	27	0.0
-2902.0	26	0.0
-2901.0	27	0.0
-2900.0	29	0.0
-2899.0	23	0.0
-2898.0	27	0.0
-2897.0	24	0.0
-2896.0	29	0.0
-2895.0	26	0.0
-2894.0	26	0.0
-2893.0	27	0.0
-2892.0	16	0.0
-2891.0	36	0.0
-2890.0	20	0.0
-2889.0	31	0.0
-2888.0	23	0.0
-2887.0	24	0.0
-2886.0	28	0.0
-2885.0	26	0.0
-2884.0	33	0.0
-2883.0	40	0.0
-2882.0	30	0.0
-2881.0	33	0.0
-2880.0	28	0.0
-2879.0	31	0.0
-2878.0	28	0.0
-2877.0	23	0.0
-2876.0	21	0.0
-2875.0	22	0.0
-2874.0	30	0.0
-2873.0	22	0.0
-2872.0	29	0.0
-2871.0	28	0.0
-2870.0	28	0.0
-2869.0	28	0.0
-2868.0	33	0.0
-2867.0	30	0.0
-2866.0	38	0.0
-2865.0	27	0.0
-2864.0	27	0.0
-2863.0	33	0.0
-2862.0	30	0.0
-2861.0	26	0.0
-2860.0	25	0.0
-2859.0	36	0.0
-2858.0	31	0.0
-2857.0	32	0.0
-2856.0	23	0.0
-2855.0	30	0.0
-2854.0	25	0.0
-2853.0	28	0.0
-2852.0	25	0.0
-2851.0	30	0.0
-2850.0	36	0.0
-2849.0	36	0.0
-2848.0	32	0.0
-2847.0	29	0.0
-2846.0	31	0.0
-2845.0	22	0.0
-2844.0	26	0.0
-2843.0	27	0.0
-2842.0	34	0.0
-2841.0	31	0.0
-2840.0	35	0.0
-2839.0	36	0.0
-2838.0	30	0.0
-2837.0	30	0.0
-2836.0	22	0.0
-2835.0	31	0.0
-2834.0	27	0.0
-2833.0	22	0.0
-2832.0	36	0.0
-2831.0	35	0.0
-2830.0	34	0.0
-2829.0	21	0.0
-2828.0	29	0.0
-2827.0	18	0.0
-2826.0	29	0.0
-2825.0	28	0.0
-2824.0	29	0.0
-2823.0	38	0.0
-2822.0	34	0.0
-2821.0	38	0.0
-2820.0	25	0.0
-2819.0	24	0.0
-2818.0	23	0.0
-2817.0	35	0.0
-2816.0	31	0.0
-2815.0	26	0.0
-2814.0	32	0.0
-2813.0	21	0.0
-2812.0	26	0.0
-2811.0	26	0.0
-2810.0	29	0.0
-2809.0	24	0.0
-2808.0	32	0.0
-2807.0	39	0.0
-2806.0	30	0.0
-2805.0	35	0.0
-2804.0	23	0.0
-2803.0	18	0.0
-2802.0	26	0.0
-2801.0	32	0.0
-2800.0	32	0.0
-2799.0	21	0.0
-2798.0	24	0.0
-2797.0	29	0.0
-2796.0	25	0.0
-2795.0	22	0.0
-2794.0	32	0.0
-2793.0	29	0.0
-2792.0	40	0.0
-2791.0	21	0.0
-2790.0	35	0.0
-2789.0	32	0.0
-2788.0	29	0.0
-2787.0	37	0.0
-2786.0	35	0.0
-2785.0	25	0.0
-2784.0	23	0.0
-2783.0	45	0.0
-2782.0	34	0.0
-2781.0	23	0.0
-2780.0	36	0.0
-2779.0	27	0.0
-2778.0	15	0.0
-2777.0	28	0.0
-2776.0	31	0.0
-2775.0	31	0.0
-2774.0	28	0.0
-2773.0	32	0.0
-2772.0	20	0.0
-2771.0	34	0.0
-2770.0	23	0.0
-2769.0	33	0.0
-2768.0	32	0.0
-2767.0	18	0.0
-2766.0	37	0.0
-2765.0	32	0.0
-2764.0	30	0.0
-2763.0	34	0.0
-2762.0	42	0.0
-2761.0	21	0.0
-2760.0	28	0.0
-2759.0	27	0.0
-2758.0	25	0.0
-2757.0	24	0.0
-2756.0	34	0.0
-2755.0	30	0.0
-2754.0	25	0.0
-2753.0	20	0.0
-2752.0	25	0.0
-2751.0	34	0.0
-2750.0	28	0.0
-2749.0	30	0.0
-2748.0	20	0.0
-2747.0	31	0.0
-2746.0	31	0.0
-2745.0	34	0.0
-2744.0	23	0.0
-2743.0	19	0.0
-2742.0	27	0.0
-2741.0	27	0.0
-2740.0	28	0.0
-2739.0	26	0.0
-2738.0	30	0.0
-2737.0	40	0.0
-2736.0	22	0.0
-2735.0	32	0.0
-2734.0	43	0.0
-2733.0	25	0.0
-2732.0	27	0.0
-2731.0	37	0.0
-2730.0	27	0.0
-2729.0	35	0.0
-2728.0	28	0.0
-2727.0	32	0.0
-2726.0	22	0.0
-2725.0	31	0.0
-2724.0	29	0.0
-2723.0	22	0.0
-2722.0	33	0.0
-2721.0	29	0.0
-2720.0	30	0.0
-2719.0	32	0.0
-2718.0	27	0.0
-2717.0	30	0.0
-2716.0	18	0.0
-2715.0	20	0.0
-2714.0	27	0.0
-2713.0	26	0.0
-2712.0	34	0.0
-2711.0	24	0.0
-2710.0	33	0.0
-2709.0	30	0.0
-2708.0	36	0.0
-2707.0	29	0.0
-2706.0	28	0.0
-2705.0	41	0.0
-2704.0	36	0.0
-2703.0	29	0.0
-2702.0	29	0.0
-2701.0	23	0.0
-2700.0	34	0.0
-2699.0	28	0.0
-2698.0	31	0.0
-2697.0	28	0.0
-2696.0	25	0.0
-2695.0	25	0.0
-2694.0	19	0.0
-2693.0	32	0.0
-2692.0	26	0.0
-2691.0	45	0.0
-2690.0	23	0.0
-2689.0	30	0.0
-2688.0	33	0.0
-2687.0	24	0.0
-2686.0	33	0.0
-2685.0	29	0.0
-2684.0	24	0.0
-2683.0	24	0.0
-2682.0	27	0.0
-2681.0	42	0.0
-2680.0	32	0.0
-2679.0	25	0.0
-2678.0	39	0.0
-2677.0	19	0.0
-2676.0	30	0.0
-2675.0	33	0.0
-2674.0	29	0.0
-2673.0	28	0.0
-2672.0	29	0.0
-2671.0	40	0.0
-2670.0	17	0.0
-2669.0	35	0.0
-2668.0	26	0.0
-2667.0	20	0.0
-2666.0	27	0.0
-2665.0	25	0.0
-2664.0	29	0.0
-2663.0	29	0.0
-2662.0	47	0.0
-2661.0	25	0.0
-2660.0	26	0.0
-2659.0	25	0.0
-2658.0	23	0.0
-2657.0	26	0.0
-2656.0	27	0.0
-2655.0	25	0.0
-2654.0	27	0.0
-2653.0	25	0.0
-2652.0	14	0.0
-2651.0	30	0.0
-2650.0	31	0.0
-2649.0	31	0.0
-2648.0	21	0.0
-2647.0	30	0.0
-2646.0	24	0.0
-2645.0	28	0.0
-2644.0	23	0.0
-2643.0	29	0.0
-2642.0	25	0.0
-2641.0	30	0.0
-2640.0	23	0.0
-2639.0	39	0.0
-2638.0	41	0.0
-2637.0	37	0.0
-2636.0	31	0.0
-2635.0	22	0.0
-2634.0	30	0.0
-2633.0	32	0.0
-2632.0	30	0.0
-2631.0	27	0.0
-2630.0	34	0.0
-2629.0	23	0.0
-2628.0	27	0.0
-2627.0	31	0.0
-2626.0	32	0.0
-2625.0	22	0.0
-2624.0	26	0.0
-2623.0	40	0.0
-2622.0	34	0.0
-2621.0	24	0.0
-2620.0	23	0.0
-2619.0	33	0.0
-2618.0	33	0.0
-2617.0	20	0.0
-2616.0	31	0.0
-2615.0	26	0.0
-2614.0	23	0.0
-2613.0	34	0.0
-2612.0	29	0.0
-2611.0	37	0.0
-2610.0	26	0.0
-2609.0	29	0.0
-2608.0	35	0.0
-2607.0	31	0.0
-2606.0	31	0.0
-2605.0	25	0.0
-2604.0	36	0.0
-2603.0	35	0.0
-2602.0	31	0.0
-2601.0	23	0.0
-2600.0	36	0.0
-2599.0	38	0.0
-2598.0	26	0.0
-2597.0	40	0.0
-2596.0	33	0.0
-2595.0	17	0.0
-2594.0	24	0.0
-2593.0	32	0.0
-2592.0	27	0.0
-2591.0	27	0.0
-2590.0	27	0.0
-2589.0	26	0.0
-2588.0	26	0.0
-2587.0	33	0.0
-2586.0	25	0.0
-2585.0	32	0.0
-2584.0	20	0.0
-2583.0	21	0.0
-2582.0	35	0.0
-2581.0	39	0.0
-2580.0	25	0.0
-2579.0	33	0.0
-2578.0	22	0.0
-2577.0	33	0.0
-2576.0	28	0.0
-2575.0	30	0.0
-2574.0	23	0.0
-2573.0	28	0.0
-2572.0	20	0.0
-2571.0	35	0.0
-2570.0	29	0.0
-2569.0	29	0.0
-2568.0	22	0.0
-2567.0	27	0.0
-2566.0	31	0.0
-2565.0	21	0.0
-2564.0	24	0.0
-2563.0	24	0.0
-2562.0	34	0.0
-2561.0	30	0.0
-2560.0	32	0.0
-2559.0	25	0.0
-2558.0	27	0.0
-2557.0	27	0.0
-2556.0	22	0.0
-2555.0	34	0.0
-2554.0	43	0.0
-2553.0	25	0.0
-2552.0	31	0.0
-2551.0	28	0.0
-2550.0	24	0.0
-2549.0	35	0.0
-2548.0	21	0.0
-2547.0	16	0.0
-2546.0	27	0.0
-2545.0	37	0.0
-2544.0	31	0.0
-2543.0	26	0.0
-2542.0	22	0.0
-2541.0	31	0.0
-2540.0	32	0.0
-2539.0	26	0.0
-2538.0	35	0.0
-2537.0	33	0.0
-2536.0	31	0.0
-2535.0	33	0.0
-2534.0	34	0.0
-2533.0	36	0.0
-2532.0	18	0.0
-2531.0	32	0.0
-2530.0	30	0.0
-2529.0	39	0.0
-2528.0	31	0.0
-2527.0	23	0.0
-2526.0	19	0.0
-2525.0	26	0.0
-2524.0	31	0.0
-2523.0	32	0.0
-2522.0	26	0.0
-2521.0	29	0.0
-2520.0	24	0.0
-2519.0	31	0.0
-2518.0	33	0.0
-2517.0	36	0.0
-2516.0	28	0.0
-2515.0	23	0.0
-2514.0	38	0.0
-2513.0	40	0.0
-2512.0	24	0.0
-2511.0	27	0.0
-2510.0	20	0.0
-2509.0	34	0.0
-2508.0	29	0.0
-2507.0	32	0.0
-2506.0	24	0.0
-2505.0	32	0.0
-2504.0	33	0.0
-2503.0	42	0.0
-2502.0	32	0.0
-2501.0	24	0.0
-2500.0	25	0.0
-2499.0	24	0.0
-2498.0	38	0.0
-2497.0	23	0.0
-2496.0	30	0.0
-2495.0	33	0.0
-2494.0	28	0.0
-2493.0	32	0.0
-2492.0	34	0.0
-2491.0	35	0.0
-2490.0	35	0.0
-2489.0	27	0.0
-2488.0	35	0.0
-2487.0	33	0.0
-2486.0	27	0.0
-2485.0	30	0.0
-2484.0	34	0.0
-2483.0	31	0.0
-2482.0	32	0.0
-2481.0	25	0.0
-2480.0	32	0.0
-2479.0	27	0.0
-2478.0	23	0.0
-2477.0	27	0.0
-2476.0	38	0.0
-2475.0	29	0.0
-2474.0	33	0.0
-2473.0	27	0.0
-2472.0	27	0.0
-2471.0	31	0.0
-2470.0	23	0.0
-2469.0	25	0.0
-2468.0	28	0.0
-2467.0	26	0.0
-2466.0	40	0.0
-2465.0	30	0.0
-2464.0	25	0.0
-2463.0	28	0.0
-2462.0	21	0.0
-2461.0	23	0.0
-2460.0	26	0.0
-2459.0	36	0.0
-2458.0	29	0.0
-2457.0	27	0.0
-2456.0	22	0.0
-2455.0	22	0.0
-2454.0	28	0.0
-2453.0	32	0.0
-2452.0	29	0.0
-2451.0	26	0.0
-2450.0	22	0.0
-2449.0	21	0.0
-2448.0	28	0.0
-2447.0	26	0.0
-2446.0	33	0.0
-2445.0	31	0.0
-2444.0	34	0.0
-2443.0	30	0.0
-2442.0	32	0.0
-2441.0	32	0.0
-2440.0	32	0.0
-2439.0	29	0.0
-2438.0	41	0.0
-2437.0	28	0.0
-2436.0	29	0.0
-2435.0	34	0.0
-2434.0	28	0.0
-2433.0	37	0.0
-2432.0	32	0.0
-2431.0	20	0.0
-2430.0	34	0.0
-2429.0	33	0.0
-2428.0	20	0.0
-2427.0	33	0.0
-2426.0	21	0.0
-2425.0	27	0.0
-2424.0	26	0.0
-2423.0	26	0.0
-2422.0	26	0.0
-2421.0	26	0.0
-2420.0	24	0.0
-2419.0	33	0.0
-2418.0	32	0.0
-2417.0	35	0.0
-2416.0	31	0.0
-2415.0	41	0.0
-2414.0	25	0.0
-2413.0	30	0.0
-2412.0	29	0.0
-2411.0	26	0.0
-2410.0	37	0.0
-2409.0	32	0.0
-2408.0	33	0.0
-2407.0	42	0.0
-2406.0	27	0.0
-2405.0	30	0.0
-2404.0	24	0.0
-2403.0	22	0.0
-2402.0	29	0.0
-2401.0	28	0.0
-2400.0	30	0.0
-2399.0	23	0.0
-2398.0	23	0.0
-2397.0	26	0.0
-2396.0	23	0.0
-2395.0	29	0.0
-2394.0	27	0.0
-2393.0	29	0.0
-2392.0	26	0.0
-2391.0	38	0.0
-2390.0	30	0.0
-2389.0	24	0.0
-2388.0	25	0.0
-2387.0	29	0.0
-2386.0	32	0.0
-2385.0	26	0.0
-2384.0	41	0.0
-2383.0	33	0.0
-2382.0	35	0.0
-2381.0	28	0.0
-2380.0	38	0.0
-2379.0	29	0.0
-2378.0	25	0.0
-2377.0	33	0.0
-2376.0	31	0.0
-2375.0	37	0.0
-2374.0	25	0.0
-2373.0	33	0.0
-2372.0	23	0.0
-2371.0	29	0.0
-2370.0	28	0.0
-2369.0	27	0.0
-2368.0	28	0.0
-2367.0	33	0.0
-2366.0	33	0.0
-2365.0	22	0.0
-2364.0	31	0.0
-2363.0	25	0.0
-2362.0	29	0.0
-2361.0	28	0.0
-2360.0	23	0.0
-2359.0	34	0.0
-2358.0	29	0.0
-2357.0	36	0.0
-2356.0	28	0.0
-2355.0	34	0.0
-2354.0	24	0.0
-2353.0	29	0.0
-2352.0	23	0.0
-2351.0	33	0.0
-2350.0	35	0.0
-2349.0	25	0.0
-2348.0	28	0.0
-2347.0	24	0.0
-2346.0	22	0.0
-2345.0	26	0.0
-2344.0	19	0.0
-2343.0	29	0.0
-2342.0	23	0.0
-2341.0	37	0.0
-2340.0	27	0.0
-2339.0	29	0.0
-2338.0	24	0.0
-2337.0	31	0.0
-2336.0	30	0.0
-2335.0	34	0.0
-2334.0	28	0.0
-2333.0	20	0.0
-2332.0	32	0.0
-2331.0	26	0.0
-2330.0	30	0.0
-2329.0	24	0.0
-2328.0	36	0.0
-2327.0	35	0.0
-2326.0	29	0.0
-2325.0	29	0.0
-2324.0	22	0.0
-2323.0	27	0.0
-2322.0	22	0.0
-2321.0	19	0.0
-2320.0	31	0.0
-2319.0	28	0.0
-2318.0	31	0.0
-2317.0	25	0.0
-2316.0	29	0.0
-2315.0	21	0.0
-2314.0	30	0.0
-2313.0	30	0.0
-2312.0	42	0.0
-2311.0	31	0.0
-2310.0	33	0.0
-2309.0	32	0.0
-2308.0	25	0.0
-2307.0	23	0.0
-2306.0	31	0.0
-2305.0	19	0.0
-2304.0	32	0.0
-2303.0	25	0.0
-2302.0	32	0.0
-2301.0	32	0.0
-2300.0	31	0.0
-2299.0	31	0.0
-2298.0	37	0.0
-2297.0	27	0.0
-2296.0	32	0.0
-2295.0	30	0.0
-2294.0	35	0.0
-2293.0	28	0.0
-2292.0	35	0.0
-2291.0	31	0.0
-2290.0	29	0.0
-2289.0	29	0.0
-2288.0	18	0.0
-2287.0	27	0.0
-2286.0	40	0.0
-2285.0	29	0.0
-2284.0	22	0.0
-2283.0	41	0.0
-2282.0	28	0.0
-2281.0	29	0.0
-2280.0	36	0.0
-2279.0	28	0.0
-2278.0	29	0.0
-2277.0	28	0.0
-2276.0	29	0.0
-2275.0	25	0.0
-2274.0	26	0.0
-2273.0	29	0.0
-2272.0	31	0.0
-2271.0	32	0.0
-2270.0	28	0.0
-2269.0	32	0.0
-2268.0	29	0.0
-2267.0	41	0.0
-2266.0	34	0.0
-2265.0	33	0.0
-2264.0	39	0.0
-2263.0	35	0.0
-2262.0	31	0.0
-2261.0	33	0.0
-2260.0	39	0.0
-2259.0	22	0.0
-2258.0	35	0.0
-2257.0	32	0.0
-2256.0	37	0.0
-2255.0	34	0.0
-2254.0	29	0.0
-2253.0	27	0.0
-2252.0	33	0.0
-2251.0	30	0.0
-2250.0	41	0.0
-2249.0	34	0.0
-2248.0	33	0.0
-2247.0	32	0.0
-2246.0	30	0.0
-2245.0	37	0.0
-2244.0	35	0.0
-2243.0	26	0.0
-2242.0	35	0.0
-2241.0	30	0.0
-2240.0	36	0.0
-2239.0	25	0.0
-2238.0	30	0.0
-2237.0	25	0.0
-2236.0	32	0.0
-2235.0	25	0.0
-2234.0	26	0.0
-2233.0	32	0.0
-2232.0	28	0.0
-2231.0	38	0.0
-2230.0	20	0.0
-2229.0	21	0.0
-2228.0	40	0.0
-2227.0	35	0.0
-2226.0	32	0.0
-2225.0	35	0.0
-2224.0	30	0.0
-2223.0	30	0.0
-2222.0	27	0.0
-2221.0	34	0.0
-2220.0	24	0.0
-2219.0	38	0.0
-2218.0	25	0.0
-2217.0	23	0.0
-2216.0	40	0.0
-2215.0	21	0.0
-2214.0	26	0.0
-2213.0	23	0.0
-2212.0	36	0.0
-2211.0	38	0.0
-2210.0	22	0.0
-2209.0	31	0.0
-2208.0	31	0.0
-2207.0	28	0.0
-2206.0	38	0.0
-2205.0	30	0.0
-2204.0	34	0.0
-2203.0	28	0.0
-2202.0	23	0.0
-2201.0	28	0.0
-2200.0	34	0.0
-2199.0	27	0.0
-2198.0	30	0.0
-2197.0	36	0.0
-2196.0	29	0.0
-2195.0	26	0.0
-2194.0	36	0.0
-2193.0	32	0.0
-2192.0	32	0.0
-2191.0	28	0.0
-2190.0	40	0.0
-2189.0	26	0.0
-2188.0	27	0.0
-2187.0	20	0.0
-2186.0	30	0.0
-2185.0	22	0.0
-2184.0	29	0.0
-2183.0	34	0.0
-2182.0	32	0.0
-2181.0	34	0.0
-2180.0	34	0.0
-2179.0	35	0.0
-2178.0	26	0.0
-2177.0	31	0.0
-2176.0	34	0.0
-2175.0	39	0.0
-2174.0	33	0.0
-2173.0	34	0.0
-2172.0	29	0.0
-2171.0	29	0.0
-2170.0	34	0.0
-2169.0	32	0.0
-2168.0	36	0.0
-2167.0	26	0.0
-2166.0	31	0.0
-2165.0	37	0.0
-2164.0	25	0.0
-2163.0	40	0.0
-2162.0	19	0.0
-2161.0	29	0.0
-2160.0	32	0.0
-2159.0	43	0.0
-2158.0	24	0.0
-2157.0	20	0.0
-2156.0	22	0.0
-2155.0	26	0.0
-2154.0	28	0.0
-2153.0	30	0.0
-2152.0	18	0.0
-2151.0	22	0.0
-2150.0	32	0.0
-2149.0	21	0.0
-2148.0	32	0.0
-2147.0	28	0.0
-2146.0	26	0.0
-2145.0	27	0.0
-2144.0	22	0.0
-2143.0	25	0.0
-2142.0	25	0.0
-2141.0	42	0.0
-2140.0	40	0.0
-2139.0	25	0.0
-2138.0	30	0.0
-2137.0	30	0.0
-2136.0	26	0.0
-2135.0	27	0.0
-2134.0	25	0.0
-2133.0	26	0.0
-2132.0	30	0.0
-2131.0	28	0.0
-2130.0	38	0.0
-2129.0	29	0.0
-2128.0	27	0.0
-2127.0	35	0.0
-2126.0	34	0.0
-2125.0	25	0.0
-2124.0	34	0.0
-2123.0	37	0.0
-2122.0	19	0.0
-2121.0	27	0.0
-2120.0	29	0.0
-2119.0	30	0.0
-2118.0	29	0.0
-2117.0	22	0.0
-2116.0	26	0.0
-2115.0	26	0.0
-2114.0	33	0.0
-2113.0	27	0.0
-2112.0	29	0.0
-2111.0	26	0.0
-2110.0	25	0.0
-2109.0	28	0.0
-2108.0	33	0.0
-2107.0	28	0.0
-2106.0	31	0.0
-2105.0	32	0.0
-2104.0	28	0.0
-2103.0	29	0.0
-2102.0	25	0.0
-2101.0	29	0.0
-2100.0	24	0.0
-2099.0	15	0.0
-2098.0	39	0.0
-2097.0	26	0.0
-2096.0	24	0.0
-2095.0	26	0.0
-2094.0	30	0.0
-2093.0	23	0.0
-2092.0	32	0.0
-2091.0	29	0.0
-2090.0	29	0.0
-2089.0	37	0.0
-2088.0	32	0.0
-2087.0	27	0.0
-2086.0	24	0.0
-2085.0	26	0.0
-2084.0	27	0.0
-2083.0	37	0.0
-2082.0	36	0.0
-2081.0	32	0.0
-2080.0	30	0.0
-2079.0	32	0.0
-2078.0	37	0.0
-2077.0	26	0.0
-2076.0	24	0.0
-2075.0	31	0.0
-2074.0	21	0.0
-2073.0	31	0.0
-2072.0	26	0.0
-2071.0	36	0.0
-2070.0	26	0.0
-2069.0	24	0.0
-2068.0	24	0.0
-2067.0	23	0.0
-2066.0	31	0.0
-2065.0	35	0.0
-2064.0	26	0.0
-2063.0	24	0.0
-2062.0	38	0.0
-2061.0	33	0.0
-2060.0	18	0.0
-2059.0	24	0.0
-2058.0	28	0.0
-2057.0	23	0.0
-2056.0	34	0.0
-2055.0	36	0.0
-2054.0	26	0.0
-2053.0	35	0.0
-2052.0	34	0.0
-2051.0	37	0.0
-2050.0	22	0.0
-2049.0	20	0.0
-2048.0	31	0.0
-2047.0	27	0.0
-2046.0	28	0.0
-2045.0	34	0.0
-2044.0	32	0.0
-2043.0	19	0.0
-2042.0	33	0.0
-2041.0	21	0.0
-2040.0	32	0.0
-2039.0	30	0.0
-2038.0	35	0.0
-2037.0	23	0.0
-2036.0	41	0.0
-2035.0	25	0.0
-2034.0	33	0.0
-2033.0	38	0.0
-2032.0	33	0.0
-2031.0	25	0.0
-2030.0	26	0.0
-2029.0	38	0.0
-2028.0	36	0.0
-2027.0	25	0.0
-2026.0	36	0.0
-2025.0	25	0.0
-2024.0	18	0.0
-2023.0	31	0.0
-2022.0	30	0.0
-2021.0	33	0.0
-2020.0	33	0.0
-2019.0	29	0.0
-2018.0	32	0.0
-2017.0	35	0.0
-2016.0	32	0.0
-2015.0	26	0.0
-2014.0	21	0.0
-2013.0	24	0.0
-2012.0	19	0.0
-2011.0	27	0.0
-2010.0	19	0.0
-2009.0	29	0.0
-2008.0	25	0.0
-2007.0	28	0.0
-2006.0	30	0.0
-2005.0	26	0.0
-2004.0	33	0.0
-2003.0	28	0.0
-2002.0	29	0.0
-2001.0	24	0.0
-2000.0	32	0.0
-1999.0	21	0.0
-1998.0	21	0.0
-1997.0	27	0.0
-1996.0	35	0.0
-1995.0	35	0.0
-1994.0	27	0.0
-1993.0	29	0.0
-1992.0	35	0.0
-1991.0	27	0.0
-1990.0	26	0.0
-1989.0	35	0.0
-1988.0	28	0.0
-1987.0	28	0.0
-1986.0	24	0.0
-1985.0	32	0.0
-1984.0	22	0.0
-1983.0	28	0.0
-1982.0	32	0.0
-1981.0	22	0.0
-1980.0	19	0.0
-1979.0	30	0.0
-1978.0	36	0.0
-1977.0	26	0.0
-1976.0	24	0.0
-1975.0	25	0.0
-1974.0	32	0.0
-1973.0	39	0.0
-1972.0	31	0.0
-1971.0	31	0.0
-1970.0	31	0.0
-1969.0	22	0.0
-1968.0	25	0.0
-1967.0	28	0.0
-1966.0	34	0.0
-1965.0	37	0.0
-1964.0	33	0.0
-1963.0	28	0.0
-1962.0	30	0.0
-1961.0	23	0.0
-1960.0	37	0.0
-1959.0	26	0.0
-1958.0	34	0.0
-1957.0	24	0.0
-1956.0	24	0.0
-1955.0	33	0.0
-1954.0	31	0.0
-1953.0	19	0.0
-1952.0	23	0.0
-1951.0	18	0.0
-1950.0	29	0.0
-1949.0	34	0.0
-1948.0	31	0.0
-1947.0	28	0.0
-1946.0	25	0.0
-1945.0	18	0.0
-1944.0	22	0.0
-1943.0	27	0.0
-1942.0	25	0.0
-1941.0	20	0.0
-1940.0	23	0.0
-1939.0	19	0.0
-1938.0	31	0.0
-1937.0	30	0.0
-1936.0	32	0.0
-1935.0	34	0.0
-1934.0	30	0.0
-1933.0	29	0.0
-1932.0	28	0.0
-1931.0	31	0.0
-1930.0	21	0.0
-1929.0	26	0.0
-1928.0	28	0.0
-1927.0	28	0.0
-1926.0	26	0.0
-1925.0	22	0.0
-1924.0	33	0.0
-1923.0	26	0.0
-1922.0	15	0.0
-1921.0	30	0.0
-1920.0	32	0.0
-1919.0	36	0.0
-1918.0	38	0.0
-1917.0	27	0.0
-1916.0	25	0.0
-1915.0	35	0.0
-1914.0	33	0.0
-1913.0	32	0.0
-1912.0	30	0.0
-1911.0	31	0.0
-1910.0	26	0.0
-1909.0	22	0.0
-1908.0	33	0.0
-1907.0	32	0.0
-1906.0	32	0.0
-1905.0	25	0.0
-1904.0	23	0.0
-1903.0	29	0.0
-1902.0	35	0.0
-1901.0	37	0.0
-1900.0	27	0.0
-1899.0	32	0.0
-1898.0	38	0.0
-1897.0	44	0.0
-1896.0	29	0.0
-1895.0	22	0.0
-1894.0	21	0.0
-1893.0	37	0.0
-1892.0	30	0.0
-1891.0	25	0.0
-1890.0	25	0.0
-1889.0	30	0.0
-1888.0	38	0.0
-1887.0	22	0.0
-1886.0	23	0.0
-1885.0	35	0.0
-1884.0	37	0.0
-1883.0	35	0.0
-1882.0	27	0.0
-1881.0	25	0.0
-1880.0	30	0.0
-1879.0	31	0.0
-1878.0	32	0.0
-1877.0	33	0.0
-1876.0	32	0.0
-1875.0	39	0.0
-1874.0	36	0.0
-1873.0	28	0.0
-1872.0	23	0.0
-1871.0	22	0.0
-1870.0	22	0.0
-1869.0	25	0.0
-1868.0	30	0.0
-1867.0	28	0.0
-1866.0	28	0.0
-1865.0	26	0.0
-1864.0	37	0.0
-1863.0	28	0.0
-1862.0	27	0.0
-1861.0	27	0.0
-1860.0	33	0.0
-1859.0	29	0.0
-1858.0	33	0.0
-1857.0	21	0.0
-1856.0	35	0.0
-1855.0	35	0.0
-1854.0	20	0.0
-1853.0	30	0.0
-1852.0	41	0.0
-1851.0	25	0.0
-1850.0	28	0.0
-1849.0	22	0.0
-1848.0	16	0.0
-1847.0	30	0.0
-1846.0	32	0.0
-1845.0	26	0.0
-1844.0	28	0.0
-1843.0	29	0.0
-1842.0	32	0.0
-1841.0	44	0.0
-1840.0	33	0.0
-1839.0	22	0.0
-1838.0	28	0.0
-1837.0	40	0.0
-1836.0	34	0.0
-1835.0	30	0.0
-1834.0	36	0.0
-1833.0	35	0.0
-1832.0	27	0.0
-1831.0	34	0.0
-1830.0	36	0.0
-1829.0	30	0.0
-1828.0	37	0.0
-1827.0	23	0.0
-1826.0	41	0.0
-1825.0	35	0.0
-1824.0	27	0.0
-1823.0	32	0.0
-1822.0	30	0.0
-1821.0	30	0.0
-1820.0	29	0.0
-1819.0	27	0.0
-1818.0	33	0.0
-1817.0	30	0.0
-1816.0	27	0.0
-1815.0	25	0.0
-1814.0	31	0.0
-1813.0	34	0.0
-1812.0	36	0.0
-1811.0	38	0.0
-1810.0	29	0.0
-1809.0	46	0.0
-1808.0	26	0.0
-1807.0	20	0.0
-1806.0	30	0.0
-1805.0	33	0.0
-1804.0	24	0.0
-1803.0	40	0.0
-1802.0	21	0.0
-1801.0	28	0.0
-1800.0	34	0.0
-1799.0	35	0.0
-1798.0	24	0.0
-1797.0	31	0.0
-1796.0	44	0.0
-1795.0	27	0.0
-1794.0	30	0.0
-1793.0	34	0.0
-1792.0	33	0.0
-1791.0	22	0.0
-1790.0	31	0.0
-1789.0	20	0.0
-1788.0	26	0.0
-1787.0	36	0.0
-1786.0	35	0.0
-1785.0	21	0.0
-1784.0	32	0.0
-1783.0	30	0.0
-1782.0	30	0.0
-1781.0	25	0.0
-1780.0	28	0.0
-1779.0	26	0.0
-1778.0	35	0.0
-1777.0	23	0.0
-1776.0	24	0.0
-1775.0	24	0.0
-1774.0	19	0.0
-1773.0	28	0.0
-1772.0	31	0.0
-1771.0	29	0.0
-1770.0	33	0.0
-1769.0	27	0.0
-1768.0	37	0.0
-1767.0	30	0.0
-1766.0	32	0.0
-1765.0	28	0.0
-1764.0	34	0.0
-1763.0	28	0.0
-1762.0	31	0.0
-1761.0	29	0.0
-1760.0	30	0.0
-1759.0	26	0.0
-1758.0	28	0.0
-1757.0	26	0.0
-1756.0	29	0.0
-1755.0	22	0.0
-1754.0	28	0.0
-1753.0	33	0.0
-1752.0	36	0.0
-1751.0	35	0.0
-1750.0	28	0.0
-1749.0	32	0.0
-1748.0	17	0.0
-1747.0	29	0.0
-1746.0	31	0.0
-1745.0	28	0.0
-1744.0	39	0.0
-1743.0	28	0.0
-1742.0	31	0.0
-1741.0	33	0.0
-1740.0	18	0.0
-1739.0	31	0.0
-1738.0	19	0.0
-1737.0	32	0.0
-1736.0	27	0.0
-1735.0	30	0.0
-1734.0	26	0.0
-1733.0	33	0.0
-1732.0	36	0.0
-1731.0	24	0.0
-1730.0	27	0.0
-1729.0	32	0.0
-1728.0	25	0.0
-1727.0	26	0.0
-1726.0	38	0.0
-1725.0	30	0.0
-1724.0	34	0.0
-1723.0	30	0.0
-1722.0	33	0.0
-1721.0	32	0.0
-1720.0	32	0.0
-1719.0	30	0.0
-1718.0	35	0.0
-1717.0	31	0.0
-1716.0	23	0.0
-1715.0	30	0.0
-1714.0	30	0.0
-1713.0	30	0.0
-1712.0	29	0.0
-1711.0	18	0.0
-1710.0	27	0.0
-1709.0	21	0.0
-1708.0	24	0.0
-1707.0	32	0.0
-1706.0	22	0.0
-1705.0	28	0.0
-1704.0	22	0.0
-1703.0	29	0.0
-1702.0	24	0.0
-1701.0	37	0.0
-1700.0	24	0.0
-1699.0	24	0.0
-1698.0	28	0.0
-1697.0	38	0.0
-1696.0	19	0.0
-1695.0	32	0.0
-1694.0	33	0.0
-1693.0	35	0.0
-1692.0	22	0.0
-1691.0	26	0.0
-1690.0	28	0.0
-1689.0	38	0.0
-1688.0	23	0.0
-1687.0	32	0.0
-1686.0	31	0.0
-1685.0	18	0.0
-1684.0	26	0.0
-1683.0	36	0.0
-1682.0	35	0.0
-1681.0	30	0.0
-1680.0	35	0.0
-1679.0	25	0.0
-1678.0	28	0.0
-1677.0	25	0.0
-1676.0	23	0.0
-1675.0	25	0.0
-1674.0	32	0.0
-1673.0	30	0.0
-1672.0	28	0.0
-1671.0	30	0.0
-1670.0	35	0.0
-1669.0	43	0.0
-1668.0	23	0.0
-1667.0	42	0.0
-1666.0	37	0.0
-1665.0	19	0.0
-1664.0	30	0.0
-1663.0	26	0.0
-1662.0	25	0.0
-1661.0	27	0.0
-1660.0	26	0.0
-1659.0	18	0.0
-1658.0	21	0.0
-1657.0	28	0.0
-1656.0	28	0.0
-1655.0	31	0.0
-1654.0	40	0.0
-1653.0	33	0.0
-1652.0	29	0.0
-1651.0	32	0.0
-1650.0	37	0.0
-1649.0	32	0.0
-1648.0	27	0.0
-1647.0	37	0.0
-1646.0	30	0.0
-1645.0	33	0.0
-1644.0	25	0.0
-1643.0	31	0.0
-1642.0	21	0.0
-1641.0	38	0.0
-1640.0	20	0.0
-1639.0	27	0.0
-1638.0	30	0.0
-1637.0	19	0.0
-1636.0	14	0.0
-1635.0	40	0.0
-1634.0	32	0.0
-1633.0	30	0.0
-1632.0	35	0.0
-1631.0	36	0.0
-1630.0	25	0.0
-1629.0	29	0.0
-1628.0	19	0.0
-1627.0	32	0.0
-1626.0	20	0.0
-1625.0	39	0.0
-1624.0	29	0.0
-1623.0	23	0.0
-1622.0	22	0.0
-1621.0	23	0.0
-1620.0	35	0.0
-1619.0	21	0.0
-1618.0	25	0.0
-1617.0	19	0.0
-1616.0	26	0.0
-1615.0	32	0.0
-1614.0	25	0.0
-1613.0	23	0.0
-1612.0	30	0.0
-1611.0	25	0.0
-1610.0	33	0.0
-1609.0	26	0.0
-1608.0	24	0.0
-1607.0	33	0.0
-1606.0	24	0.0
-1605.0	24	0.0
-1604.0	26	0.0
-1603.0	26	0.0
-1602.0	34	0.0
-1601.0	32	0.0
-1600.0	33	0.0
-1599.0	30	0.0
-1598.0	21	0.0
-1597.0	24	0.0
-1596.0	33	0.0
-1595.0	23	0.0
-1594.0	28	0.0
-1593.0	35	0.0
-1592.0	26	0.0
-1591.0	21	0.0
-1590.0	28	0.0
-1589.0	33	0.0
-1588.0	24	0.0
-1587.0	39	0.0
-1586.0	19	0.0
-1585.0	23	0.0
-1584.0	32	0.0
-1583.0	32	0.0
-1582.0	21	0.0
-1581.0	26	0.0
-1580.0	35	0.0
-1579.0	19	0.0
-1578.0	23	0.0
-1577.0	27	0.0
-1576.0	34	0.0
-1575.0	15	0.0
-1574.0	27	0.0
-1573.0	28	0.0
-1572.0	32	0.0
-1571.0	35	0.0
-1570.0	37	0.0
-1569.0	29	0.0
-1568.0	37	0.0
-1567.0	17	0.0
-1566.0	31	0.0
-1565.0	28	0.0
-1564.0	44	0.0
-1563.0	36	0.0
-1562.0	24	0.0
-1561.0	33	0.0
-1560.0	27	0.0
-1559.0	38	0.0
-1558.0	29	0.0
-1557.0	29	0.0
-1556.0	36	0.0
-1555.0	23	0.0
-1554.0	37	0.0
-1553.0	28	0.0
-1552.0	31	0.0
-1551.0	30	0.0
-1550.0	22	0.0
-1549.0	30	0.0
-1548.0	26	0.0
-1547.0	26	0.0
-1546.0	30	0.0
-1545.0	28	0.0
-1544.0	32	0.0
-1543.0	29	0.0
-1542.0	33	0.0
-1541.0	30	0.0
-1540.0	40	0.0
-1539.0	29	0.0
-1538.0	27	0.0
-1537.0	33	0.0
-1536.0	28	0.0
-1535.0	35	0.0
-1534.0	37	0.0
-1533.0	23	0.0
-1532.0	36	0.0
-1531.0	23	0.0
-1530.0	30	0.0
-1529.0	18	0.0
-1528.0	22	0.0
-1527.0	40	0.0
-1526.0	31	0.0
-1525.0	35	0.0
-1524.0	24	0.0
-1523.0	38	0.0
-1522.0	18	0.0
-1521.0	30	0.0
-1520.0	33	0.0
-1519.0	31	0.0
-1518.0	26	0.0
-1517.0	29	0.0
-1516.0	25	0.0
-1515.0	37	0.0
-1514.0	19	0.0
-1513.0	35	0.0
-1512.0	39	0.0
-1511.0	28	0.0
-1510.0	28	0.0
-1509.0	26	0.0
-1508.0	24	0.0
-1507.0	27	0.0
-1506.0	30	0.0
-1505.0	26	0.0
-1504.0	25	0.0
-1503.0	27	0.0
-1502.0	32	0.0
-1501.0	28	0.0
-1500.0	32	0.0
-1499.0	24	0.0
-1498.0	39	0.0
-1497.0	24	0.0
-1496.0	30	0.0
-1495.0	35	0.0
-1494.0	34	0.0
-1493.0	27	0.0
-1492.0	29	0.0
-1491.0	35	0.0
-1490.0	29	0.0
-1489.0	22	0.0
-1488.0	28	0.0
-1487.0	24	0.0
-1486.0	28	0.0
-1485.0	36	0.0
-1484.0	34	0.0
-1483.0	22	0.0
-1482.0	31	0.0
-1481.0	32	0.0
-1480.0	24	0.0
-1479.0	32	0.0
-1478.0	24	0.0
-1477.0	44	0.0
-1476.0	33	0.0
-1475.0	38	0.0
-1474.0	29	0.0
-1473.0	24	0.0
-1472.0	31	0.0
-1471.0	37	0.0
-1470.0	31	0.0
-1469.0	40	0.0
-1468.0	30	0.0
-1467.0	24	0.0
-1466.0	29	0.0
-1465.0	28	0.0
-1464.0	25	0.0
-1463.0	26	0.0
-1462.0	27	0.0
-1461.0	37	0.0
-1460.0	22	0.0
-1459.0	34	0.0
-1458.0	39	0.0
-1457.0	27	0.0
-1456.0	31	0.0
-1455.0	16	0.0
-1454.0	24	0.0
-1453.0	25	0.0
-1452.0	26	0.0
-1451.0	27	0.0
-1450.0	37	0.0
-1449.0	28	0.0
-1448.0	27	0.0
-1447.0	26	0.0
-1446.0	33	0.0
-1445.0	28	0.0
-1444.0	30	0.0
-1443.0	28	0.0
-1442.0	38	0.0
-1441.0	18	0.0
-1440.0	38	0.0
-1439.0	24	0.0
-1438.0	25	0.0
-1437.0	21	0.0
-1436.0	36	0.0
-1435.0	24	0.0
-1434.0	33	0.0
-1433.0	31	0.0
-1432.0	29	0.0
-1431.0	27	0.0
-1430.0	29	0.0
-1429.0	29	0.0
-1428.0	31	0.0
-1427.0	28	0.0
-1426.0	24	0.0
-1425.0	33	0.0
-1424.0	24	0.0
-1423.0	32	0.0
-1422.0	27	0.0
-1421.0	32	0.0
-1420.0	30	0.0
-1419.0	32	0.0
-1418.0	27	0.0
-1417.0	23	0.0
-1416.0	39	0.0
-1415.0	33	0.0
-1414.0	23	0.0
-1413.0	31	0.0
-1412.0	37	0.0
-1411.0	25	0.0
-1410.0	20	0.0
-1409.0	32	0.0
-1408.0	27	0.0
-1407.0	34	0.0
-1406.0	35	0.0
-1405.0	38	0.0
-1404.0	35	0.0
-1403.0	36	0.0
-1402.0	32	0.0
-1401.0	29	0.0
-1400.0	28	0.0
-1399.0	33	0.0
-1398.0	28	0.0
-1397.0	30	0.0
-1396.0	30	0.0
-1395.0	22	0.0
-1394.0	23	0.0
-1393.0	23	0.0
-1392.0	30	0.0
-1391.0	21	0.0
-1390.0	40	0.0
-1389.0	31	0.0
-1388.0	26	0.0
-1387.0	29	0.0
-1386.0	33	0.0
-1385.0	31	0.0
-1384.0	31	0.0
-1383.0	37	0.0
-1382.0	37	0.0
-1381.0	32	0.0
-1380.0	29	0.0
-1379.0	26	0.0
-1378.0	24	0.0
-1377.0	28	0.0
-1376.0	26	0.0
-1375.0	27	0.0
-1374.0	34	0.0
-1373.0	23	0.0
-1372.0	38	0.0
-1371.0	29	0.0
-1370.0	28	0.0
-1369.0	25	0.0
-1368.0	29	0.0
-1367.0	24	0.0
-1366.0	26	0.0
-1365.0	29	0.0
-1364.0	28	0.0
-1363.0	30	0.0
-1362.0	36	0.0
-1361.0	32	0.0
-1360.0	23	0.0
-1359.0	30	0.0
-1358.0	27	0.0
-1357.0	29	0.0
-1356.0	40	0.0
-1355.0	23	0.0
-1354.0	30	0.0
-1353.0	21	0.0
-1352.0	30	0.0
-1351.0	30	0.0
-1350.0	24	0.0
-1349.0	31	0.0
-1348.0	31	0.0
-1347.0	24	0.0
-1346.0	33	0.0
-1345.0	35	0.0
-1344.0	25	0.0
-1343.0	31	0.0
-1342.0	27	0.0
-1341.0	26	0.0
-1340.0	29	0.0
-1339.0	21	0.0
-1338.0	27	0.0
-1337.0	34	0.0
-1336.0	32	0.0
-1335.0	30	0.0
-1334.0	21	0.0
-1333.0	24	0.0
-1332.0	31	0.0
-1331.0	28	0.0
-1330.0	30	0.0
-1329.0	35	0.0
-1328.0	26	0.0
-1327.0	33	0.0
-1326.0	39	0.0
-1325.0	28	0.0
-1324.0	30	0.0
-1323.0	25	0.0
-1322.0	36	0.0
-1321.0	34	0.0
-1320.0	26	0.0
-1319.0	29	0.0
-1318.0	31	0.0
-1317.0	20	0.0
-1316.0	34	0.0
-1315.0	35	0.0
-1314.0	30	0.0
-1313.0	31	0.0
-1312.0	35	0.0
-1311.0	26	0.0
-1310.0	24	0.0
-1309.0	19	0.0
-1308.0	41	0.0
-1307.0	22	0.0
-1306.0	29	0.0
-1305.0	28	0.0
-1304.0	25	0.0
-1303.0	41	0.0
-1302.0	24	0.0
-1301.0	20	0.0
-1300.0	25	0.0
-1299.0	37	0.0
-1298.0	34	0.0
-1297.0	33	0.0
-1296.0	35	0.0
-1295.0	31	0.0
-1294.0	25	0.0
-1293.0	21	0.0
-1292.0	20	0.0
-1291.0	30	0.0
-1290.0	25	0.0
-1289.0	30	0.0
-1288.0	25	0.0
-1287.0	32	0.0
-1286.0	32	0.0
-1285.0	23	0.0
-1284.0	25	0.0
-1283.0	27	0.0
-1282.0	31	0.0
-1281.0	25	0.0
-1280.0	35	0.0
-1279.0	23	0.0
-1278.0	29	0.0
-1277.0	21	0.0
-1276.0	21	0.0
-1275.0	29	0.0
-1274.0	20	0.0
-1273.0	33	0.0
-1272.0	21	0.0
-1271.0	30	0.0
-1270.0	34	0.0
-1269.0	33	0.0
-1268.0	27	0.0
-1267.0	39	0.0
-1266.0	23	0.0
-1265.0	20	0.0
-1264.0	24	0.0
-1263.0	41	0.0
-1262.0	28	0.0
-1261.0	46	0.0
-1260.0	35	0.0
-1259.0	35	0.0
-1258.0	26	0.0
-1257.0	20	0.0
-1256.0	33	0.0
-1255.0	30	0.0
-1254.0	28	0.0
-1253.0	38	0.0
-1252.0	29	0.0
-1251.0	26	0.0
-1250.0	23	0.0
-1249.0	30	0.0
-1248.0	26	0.0
-1247.0	33	0.0
-1246.0	23	0.0
-1245.0	22	0.0
-1244.0	26	0.0
-1243.0	26	0.0
-1242.0	28	0.0
-1241.0	33	0.0
-1240.0	30	0.0
-1239.0	40	0.0
-1238.0	34	0.0
-1237.0	27	0.0
-1236.0	28	0.0
-1235.0	23	0.0
-1234.0	29	0.0
-1233.0	27	0.0
-1232.0	29	0.0
-1231.0	23	0.0
-1230.0	25	0.0
-1229.0	32	0.0
-1228.0	29	0.0
-1227.0	31	0.0
-1226.0	41	0.0
-1225.0	28	0.0
-1224.0	28	0.0
-1223.0	36	0.0
-1222.0	25	0.0
-1221.0	25	0.0
-1220.0	21	0.0
-1219.0	28	0.0
-1218.0	26	0.0
-1217.0	31	0.0
-1216.0	31	0.0
-1215.0	27	0.0
-1214.0	34	0.0
-1213.0	35	0.0
-1212.0	25	0.0
-1211.0	28	0.0
-1210.0	30	0.0
-1209.0	21	0.0
-1208.0	33	0.0
-1207.0	38	0.0
-1206.0	30	0.0
-1205.0	36	0.0
-1204.0	30	0.0
-1203.0	29	0.0
-1202.0	28	0.0
-1201.0	27	0.0
-1200.0	31	0.0
-1199.0	31	0.0
-1198.0	30	0.0
-1197.0	33	0.0
-1196.0	29	0.0
-1195.0	26	0.0
-1194.0	25	0.0
-1193.0	29	0.0
-1192.0	32	0.0
-1191.0	31	0.0
-1190.0	27	0.0
-1189.0	32	0.0
-1188.0	28	0.0
-1187.0	26	0.0
-1186.0	28	0.0
-1185.0	22	0.0
-1184.0	31	0.0
-1183.0	23	0.0
-1182.0	23	0.0
-1181.0	31	0.0
-1180.0	25	0.0
-1179.0	27	0.0
-1178.0	31	0.0
-1177.0	34	0.0
-1176.0	33	0.0
-1175.0	27	0.0
-1174.0	39	0.0
-1173.0	35	0.0
-1172.0	47	0.0
-1171.0	26	0.0
-1170.0	38	0.0
-1169.0	25	0.0
-1168.0	30	0.0
-1167.0	28	0.0
-1166.0	29	0.0
-1165.0	20	0.0
-1164.0	27	0.0
-1163.0	40	0.0
-1162.0	29	0.0
-1161.0	44	0.0
-1160.0	30	0.0
-1159.0	25	0.0
-1158.0	31	0.0
-1157.0	23	0.0
-1156.0	41	0.0
-1155.0	30	0.0
-1154.0	24	0.0
-1153.0	24	0.0
-1152.0	26	0.0
-1151.0	29	0.0
-1150.0	38	0.0
-1149.0	26	0.0
-1148.0	26	0.0
-1147.0	25	0.0
-1146.0	35	0.0
-1145.0	35	0.0
-1144.0	16	0.0
-1143.0	24	0.0
-1142.0	25	0.0
-1141.0	31	0.0
-1140.0	26	0.0
-1139.0	35	0.0
-1138.0	30	0.0
-1137.0	28	0.0
-1136.0	21	0.0
-1135.0	31	0.0
-1134.0	29	0.0
-1133.0	28	0.0
-1132.0	22	0.0
-1131.0	37	0.0
-1130.0	20	0.0
-1129.0	40	0.0
-1128.0	39	0.0
-1127.0	36	0.0
-1126.0	36	0.0
-1125.0	35	0.0
-1124.0	29	0.0
-1123.0	34	0.0
-1122.0	31	0.0
-1121.0	33	0.0
-1120.0	34	0.0
-1119.0	33	0.0
-1118.0	28	0.0
-1117.0	22	0.0
-1116.0	25	0.0
-1115.0	28	0.0
-1114.0	32	0.0
-1113.0	32	0.0
-1112.0	30	0.0
-1111.0	28	0.0
-1110.0	18	0.0
-1109.0	29	0.0
-1108.0	29	0.0
-1107.0	33	0.0
-1106.0	41	0.0
-1105.0	25	0.0
-1104.0	33	0.0
-1103.0	31	0.0
-1102.0	26	0.0
-1101.0	24	0.0
-1100.0	25	0.0
-1099.0	27	0.0
-1098.0	30	0.0
-1097.0	25	0.0
-1096.0	35	0.0
-1095.0	38	0.0
-1094.0	25	0.0
-1093.0	29	0.0
-1092.0	23	0.0
-1091.0	32	0.0
-1090.0	36	0.0
-1089.0	32	0.0
-1088.0	21	0.0
-1087.0	30	0.0
-1086.0	23	0.0
-1085.0	26	0.0
-1084.0	24	0.0
-1083.0	33	0.0
-1082.0	33	0.0
-1081.0	30	0.0
-1080.0	30	0.0
-1079.0	41	0.0
-1078.0	31	0.0
-1077.0	32	0.0
-1076.0	24	0.0
-1075.0	23	0.0
-1074.0	30	0.0
-1073.0	33	0.0
-1072.0	18	0.0
-1071.0	22	0.0
-1070.0	19	0.0
-1069.0	30	0.0
-1068.0	31	0.0
-1067.0	21	0.0
-1066.0	21	0.0
-1065.0	30	0.0
-1064.0	22	0.0
-1063.0	36	0.0
-1062.0	26	0.0
-1061.0	26	0.0
-1060.0	27	0.0
-1059.0	29	0.0
-1058.0	25	0.0
-1057.0	40	0.0
-1056.0	38	0.0
-1055.0	29	0.0
-1054.0	34	0.0
-1053.0	35	0.0
-1052.0	32	0.0
-1051.0	19	0.0
-1050.0	30	0.0
-1049.0	28	0.0
-1048.0	42	0.0
-1047.0	38	0.0
-1046.0	29	0.0
-1045.0	27	0.0
-1044.0	31	0.0
-1043.0	24	0.0
-1042.0	25	0.0
-1041.0	21	0.0
-1040.0	24	0.0
-1039.0	27	0.0
-1038.0	28	0.0
-1037.0	34	0.0
-1036.0	34	0.0
-1035.0	26	0.0
-1034.0	28	0.0
-1033.0	23	0.0
-1032.0	33	0.0
-1031.0	24	0.0
-1030.0	39	0.0
-1029.0	37	0.0
-1028.0	28	0.0
-1027.0	31	0.0
-1026.0	30	0.0
-1025.0	25	0.0
-1024.0	37	0.0
-1023.0	38	0.0
-1022.0	34	0.0
-1021.0	42	0.0
-1020.0	24	0.0
-1019.0	28	0.0
-1018.0	31	0.0
-1017.0	23	0.0
-1016.0	29	0.0
-1015.0	27	0.0
-1014.0	25	0.0
-1013.0	27	0.0
-1012.0	19	0.0
-1011.0	44	0.0
-1010.0	22	0.0
-1009.0	28	0.0
-1008.0	31	0.0
-1007.0	31	0.0
-1006.0	37	0.0
-1005.0	31	0.0
-1004.0	42	0.0
-1003.0	28	0.0
-1002.0	26	0.0
-1001.0	31	0.0
-1000.0	26	0.0
-999.0	36	0.0
-998.0	35	0.0
-997.0	27	0.0
-996.0	38	0.0
-995.0	36	0.0
-994.0	26	0.0
-993.0	18	0.0
-992.0	23	0.0
-991.0	24	0.0
-990.0	21	0.0
-989.0	28	0.0
-988.0	24	0.0
-987.0	39	0.0
-986.0	44	0.0
-985.0	39	0.0
-984.0	31	0.0
-983.0	31	0.0
-982.0	29	0.0
-981.0	26	0.0
-980.0	30	0.0
-979.0	29	0.0
-978.0	37	0.0
-977.0	32	0.0
-976.0	30	0.0
-975.0	33	0.0
-974.0	19	0.0
-973.0	17	0.0
-972.0	40	0.0
-971.0	21	0.0
-970.0	31	0.0
-969.0	37	0.0
-968.0	27	0.0
-967.0	31	0.0
-966.0	34	0.0
-965.0	35	0.0
-964.0	33	0.0
-963.0	25	0.0
-962.0	27	0.0
-961.0	24	0.0
-960.0	29	0.0
-959.0	37	0.0
-958.0	32	0.0
-957.0	34	0.0
-956.0	27	0.0
-955.0	32	0.0
-954.0	23	0.0
-953.0	27	0.0
-952.0	22	0.0
-951.0	30	0.0
-950.0	35	0.0
-949.0	20	0.0
-948.0	27	0.0
-947.0	33	0.0
-946.0	22	0.0
-945.0	31	0.0
-944.0	29	0.0
-943.0	23	0.0
-942.0	23	0.0
-941.0	21	0.0
-940.0	38	0.0
-939.0	31	0.0
-938.0	31	0.0
-937.0	30	0.0
-936.0	25	0.0
-935.0	24	0.0
-934.0	28	0.0
-933.0	26	0.0
-932.0	31	0.0
-931.0	30	0.0
-930.0	36	0.0
-929.0	35	0.0
-928.0	37	0.0
-927.0	31	0.0
-926.0	37	0.0
-925.0	27	0.0
-924.0	31	0.0
-923.0	31	0.0
-922.0	28	0.0
-921.0	22	0.0
-920.0	38	0.0
-919.0	29	0.0
-918.0	36	0.0
-917.0	24	0.0
-916.0	25	0.0
-915.0	26	0.0
-914.0	35	0.0
-913.0	35	0.0
-912.0	23	0.0
-911.0	30	0.0
-910.0	34	0.0
-909.0	20	0.0
-908.0	29	0.0
-907.0	34	0.0
-906.0	37	0.0
-905.0	27	0.0
-904.0	24	0.0
-903.0	28	0.0
-902.0	29	0.0
-901.0	20	0.0
-900.0	31	0.0
-899.0	34	0.0
-898.0	25	0.0
-897.0	34	0.0
-896.0	31	0.0
-895.0	20	0.0
-894.0	25	0.0
-893.0	32	0.0
-892.0	22	0.0
-891.0	18	0.0
-890.0	28	0.0
-889.0	30	0.0
-888.0	36	0.0
-887.0	30	0.0
-886.0	25	0.0
-885.0	34	0.0
-884.0	23	0.0
-883.0	24	0.0
-882.0	23	0.0
-881.0	36	0.0
-880.0	21	0.0
-879.0	26	0.0
-878.0	41	0.0
-877.0	34	0.0
-876.0	29	0.0
-875.0	36	0.0
-874.0	33	0.0
-873.0	23	0.0
-872.0	31	0.0
-871.0	31	0.0
-870.0	20	0.0
-869.0	37	0.0
-868.0	24	0.0
-867.0	36	0.0
-866.0	31	0.0
-865.0	23	0.0
-864.0	26	0.0
-863.0	27	0.0
-862.0	26	0.0
-861.0	44	0.0
-860.0	35	0.0
-859.0	30	0.0
-858.0	26	0.0
-857.0	35	0.0
-856.0	23	0.0
-855.0	25	0.0
-854.0	28	0.0
-853.0	24	0.0
-852.0	36	0.0
-851.0	30	0.0
-850.0	25	0.0
-849.0	20	0.0
-848.0	29	0.0
-847.0	33	0.0
-846.0	22	0.0
-845.0	32	0.0
-844.0	30	0.0
-843.0	36	0.0
-842.0	40	0.0
-841.0	29	0.0
-840.0	23	0.0
-839.0	29	0.0
-838.0	26	0.0
-837.0	32	0.0
-836.0	40	0.0
-835.0	34	0.0
-834.0	27	0.0
-833.0	28	0.0
-832.0	33	0.0
-831.0	26	0.0
-830.0	22	0.0
-829.0	32	0.0
-828.0	32	0.0
-827.0	39	0.0
-826.0	36	0.0
-825.0	27	0.0
-824.0	24	0.0
-823.0	27	0.0
-822.0	29	0.0
-821.0	24	0.0
-820.0	30	0.0
-819.0	27	0.0
-818.0	24	0.0
-817.0	37	0.0
-816.0	34	0.0
-815.0	28	0.0
-814.0	30	0.0
-813.0	28	0.0
-812.0	19	0.0
-811.0	30	0.0
-810.0	23	0.0
-809.0	24	0.0
-808.0	21	0.0
-807.0	28	0.0
-806.0	28	0.0
-805.0	26	0.0
-804.0	21	0.0
-803.0	24	0.0
-802.0	27	0.0
-801.0	43	0.0
-800.0	31	0.0
-799.0	28	0.0
-798.0	37	0.0
-797.0	34	0.0
-796.0	31	0.0
-795.0	25	0.0
-794.0	25	0.0
-793.0	22	0.0
-792.0	28	0.0
-791.0	26	0.0
-790.0	23	0.0
-789.0	33	0.0
-788.0	24	0.0
-787.0	30	0.0
-786.0	37	0.0
-785.0	39	0.0
-784.0	32	0.0
-783.0	31	0.0
-782.0	26	0.0
-781.0	26	0.0
-780.0	24	0.0
-779.0	21	0.0
-778.0	30	0.0
-777.0	34	0.0
-776.0	34	0.0
-775.0	29	0.0
-774.0	25	0.0
-773.0	29	0.0
-772.0	27	0.0
-771.0	37	0.0
-770.0	31	0.0
-769.0	23	0.0
-768.0	23	0.0
-767.0	27	0.0
-766.0	26	0.0
-765.0	32	0.0
-764.0	25	0.0
-763.0	26	0.0
-762.0	26	0.0
-761.0	22	0.0
-760.0	30	0.0
-759.0	28	0.0
-758.0	26	0.0
-757.0	22	0.0
-756.0	44	0.0
-755.0	20	0.0
-754.0	26	0.0
-753.0	26	0.0
-752.0	28	0.0
-751.0	30	0.0
-750.0	20	0.0
-749.0	27	0.0
-748.0	33	0.0
-747.0	19	0.0
-746.0	27	0.0
-745.0	37	0.0
-744.0	30	0.0
-743.0	41	0.0
-742.0	30	0.0
-741.0	22	0.0
-740.0	30	0.0
-739.0	31	0.0
-738.0	28	0.0
-737.0	44	0.0
-736.0	25	0.0
-735.0	36	0.0
-734.0	26	0.0
-733.0	41	0.0
-732.0	27	0.0
-731.0	33	0.0
-730.0	22	0.0
-729.0	29	0.0
-728.0	27	0.0
-727.0	29	0.0
-726.0	26	0.0
-725.0	28	0.0
-724.0	25	0.0
-723.0	29	0.0
-722.0	27	0.0
-721.0	39	0.0
-720.0	28	0.0
-719.0	24	0.0
-718.0	21	0.0
-717.0	16	0.0
-716.0	23	0.0
-715.0	33	0.0
-714.0	30	0.0
-713.0	27	0.0
-712.0	37	0.0
-711.0	24	0.0
-710.0	32	0.0
-709.0	27	0.0
-708.0	19	0.0
-707.0	28	0.0
-706.0	39	0.0
-705.0	32	0.0
-704.0	16	0.0
-703.0	25	0.0
-702.0	28	0.0
-701.0	31	0.0
-700.0	27	0.0
-699.0	28	0.0
-698.0	25	0.0
-697.0	28	0.0
-696.0	39	0.0
-695.0	24	0.0
-694.0	24	0.0
-693.0	31	0.0
-692.0	27	0.0
-691.0	29	0.0
-690.0	31	0.0
-689.0	36	0.0
-688.0	30	0.0
-687.0	22	0.0
-686.0	31	0.0
-685.0	17	0.0
-684.0	20	0.0
-683.0	25	0.0
-682.0	28	0.0
-681.0	24	0.0
-680.0	18	0.0
-679.0	32	0.0
-678.0	27	0.0
-677.0	28	0.0
-676.0	31	0.0
-675.0	24	0.0
-674.0	29	0.0
-673.0	23	0.0
-672.0	27	0.0
-671.0	20	0.0
-670.0	34	0.0
-669.0	29	0.0
-668.0	40	0.0
-667.0	35	0.0
-666.0	32	0.0
-665.0	23	0.0
-664.0	21	0.0
-663.0	37	0.0
-662.0	21	0.0
-661.0	32	0.0
-660.0	39	0.0
-659.0	30	0.0
-658.0	26	0.0
-657.0	27	0.0
-656.0	29	0.0
-655.0	28	0.0
-654.0	29	0.0
-653.0	30	0.0
-652.0	30	0.0
-651.0	31	0.0
-650.0	28	0.0
-649.0	31	0.0
-648.0	32	0.0
-647.0	29	0.0
-646.0	28	0.0
-645.0	31	0.0
-644.0	16	0.0
-643.0	26	0.0
-642.0	33	0.0
-641.0	20	0.0
-640.0	28	0.0
-639.0	27	0.0
-638.0	42	0.0
-637.0	25	0.0
-636.0	24	0.0
-635.0	27	0.0
-634.0	32	0.0
-633.0	40	0.0
-632.0	35	0.0
-631.0	25	0.0
-630.0	23	0.0
-629.0	32	0.0
-628.0	33	0.0
-627.0	28	0.0
-626.0	25	0.0
-625.0	29	0.0
-624.0	22	0.0
-623.0	27	0.0
-622.0	31	0.0
-621.0	33	0.0
-620.0	28	0.0
-619.0	25	0.0
-618.0	28	0.0
-617.0	27	0.0
-616.0	36	0.0
-615.0	23	0.0
-614.0	37	0.0
-613.0	28	0.0
-612.0	29	0.0
-611.0	28	0.0
-610.0	31	0.0
-609.0	28	0.0
-608.0	31	0.0
-607.0	32	0.0
-606.0	41	0.0
-605.0	27	0.0
-604.0	31	0.0
-603.0	32	0.0
-602.0	34	0.0
-601.0	33	0.0
-600.0	24	0.0
-599.0	30	0.0
-598.0	33	0.0
-597.0	34	0.0
-596.0	25	0.0
-595.0	29	0.0
-594.0	30	0.0
-593.0	41	0.0
-592.0	26	0.0
-591.0	24	0.0
-590.0	28	0.0
-589.0	21	0.0
-588.0	25	0.0
-587.0	33	0.0
-586.0	32	0.0
-585.0	31	0.0
-584.0	29	0.0
-583.0	34	0.0
-582.0	31	0.0
-581.0	21	0.0
-580.0	35	0.0
-579.0	23	0.0
-578.0	32	0.0
-577.0	29	0.0
-576.0	24	0.0
-575.0	27	0.0
-574.0	30	0.0
-573.0	31	0.0
-572.0	29	0.0
-571.0	32	0.0
-570.0	44	0.0
-569.0	20	0.0
-568.0	24	0.0
-567.0	34	0.0
-566.0	23	0.0
-565.0	32	0.0
-564.0	30	0.0
-563.0	25	0.0
-562.0	31	0.0
-561.0	34	0.0
-560.0	32	0.0
-559.0	31	0.0
-558.0	28	0.0
-557.0	31	0.0
-556.0	36	0.0
-555.0	30	0.0
-554.0	27	0.0
-553.0	32	0.0
-552.0	29	0.0
-551.0	27	0.0
-550.0	22	0.0
-549.0	32	0.0
-548.0	29	0.0
-547.0	25	0.0
-546.0	41	0.0
-545.0	31	0.0
-544.0	28	0.0
-543.0	19	0.0
-542.0	36	0.0
-541.0	23	0.0
-540.0	28	0.0
-539.0	37	0.0
-538.0	36	0.0
-537.0	25	0.0
-536.0	26	0.0
-535.0	29	0.0
-534.0	31	0.0
-533.0	35	0.0
-532.0	28	0.0
-531.0	40	0.0
-530.0	20	0.0
-529.0	29	0.0
-528.0	33	0.0
-527.0	25	0.0
-526.0	33	0.0
-525.0	24	0.0
-524.0	30	0.0
-523.0	38	0.0
-522.0	26	0.0
-521.0	29	0.0
-520.0	26	0.0
-519.0	28	0.0
-518.0	26	0.0
-517.0	30	0.0
-516.0	25	0.0
-515.0	24	0.0
-514.0	22	0.0
-513.0	27	0.0
-512.0	20	0.0
-511.0	24	0.0
-510.0	24	0.0
-509.0	35	0.0
-508.0	33	0.0
-507.0	27	0.0
-506.0	30	0.0
-505.0	28	0.0
-504.0	21	0.0
-503.0	29	0.0
-502.0	27	0.0
-501.0	25	0.0
-500.0	31	0.0
-499.0	28	0.0
-498.0	40	0.0
-497.0	26	0.0
-496.0	17	0.0
-495.0	24	0.0
-494.0	26	0.0
-493.0	26	0.0
-492.0	28	0.0
-491.0	32	0.0
-490.0	30	0.0
-489.0	42	0.0
-488.0	33	0.0
-487.0	30	0.0
-486.0	33	0.0
-485.0	32	0.0
-484.0	25	0.0
-483.0	25	0.0
-482.0	30	0.0
-481.0	27	0.0
-480.0	29	0.0
-479.0	33	0.0
-478.0	24	0.0
-477.0	43	0.0
-476.0	24	0.0
-475.0	26	0.0
-474.0	24	0.0
-473.0	30	0.0
-472.0	38	0.0
-471.0	22	0.0
-470.0	31	0.0
-469.0	28	0.0
-468.0	22	0.0
-467.0	26	0.0
-466.0	28	0.0
-465.0	25	0.0
-464.0	30	0.0
-463.0	31	0.0
-462.0	28	0.0
-461.0	29	0.0
-460.0	24	0.0
-459.0	29	0.0
-458.0	27	0.0
-457.0	30	0.0
-456.0	25	0.0
-455.0	31	0.0
-454.0	31	0.0
-453.0	27	0.0
-452.0	27	0.0
-451.0	22	0.0
-450.0	20	0.0
-449.0	29	0.0
-448.0	29	0.0
-447.0	35	0.0
-446.0	29	0.0
-445.0	31	0.0
-444.0	29	0.0
-443.0	27	0.0
-442.0	26	0.0
-441.0	25	0.0
-440.0	23	0.0
-439.0	27	0.0
-438.0	36	0.0
-437.0	35	0.0
-436.0	18	0.0
-435.0	25	0.0
-434.0	22	0.0
-433.0	24	0.0
-432.0	29	0.0
-431.0	26	0.0
-430.0	25	0.0
-429.0	32	0.0
-428.0	31	0.0
-427.0	26	0.0
-426.0	29	0.0
-425.0	20	0.0
-424.0	30	0.0
-423.0	26	0.0
-422.0	36	0.0
-421.0	33	0.0
-420.0	30	0.0
-419.0	29	0.0
-418.0	21	0.0
-417.0	26	0.0
-416.0	33	0.0
-415.0	36	0.0
-414.0	31	0.0
-413.0	30	0.0
-412.0	21	0.0
-411.0	35	0.0
-410.0	31	0.0
-409.0	34	0.0
-408.0	35	0.0
-407.0	31	0.0
-406.0	20	0.0
-405.0	25	0.0
-404.0	38	0.0
-403.0	37	0.0
-402.0	32	0.0
-401.0	33	0.0
-400.0	24	0.0
-399.0	29	0.0
-398.0	28	0.0
-397.0	34	0.0
-396.0	29	0.0
-395.0	37	0.0
-394.0	33	0.0
-393.0	27	0.0
-392.0	24	0.0
-391.0	30	0.0
-390.0	23	0.0
-389.0	25	0.0
-388.0	30	0.0
-387.0	26	0.0
-386.0	36	0.0
-385.0	38	0.0
-384.0	24	0.0
-383.0	41	0.0
-382.0	22	0.0
-381.0	34	0.0
-380.0	27	0.0
-379.0	28	0.0
-378.0	29	0.0
-377.0	22	0.0
-376.0	29	0.0
-375.0	36	0.0
-374.0	27	0.0
-373.0	26	0.0
-372.0	32	0.0
-371.0	24	0.0
-370.0	25	0.0
-369.0	39	0.0
-368.0	23	0.0
-367.0	31	0.0
-366.0	29	0.0
-365.0	34	0.0
-364.0	26	0.0
-363.0	36	0.0
-362.0	31	0.0
-361.0	31	0.0
-360.0	29	0.0
-359.0	36	0.0
-358.0	22	0.0
-357.0	23	0.0
-356.0	23	0.0
-355.0	27	0.0
-354.0	28	0.0
-353.0	34	0.0
-352.0	30	0.0
-351.0	49	0.0
-350.0	25	0.0
-349.0	31	0.0
-348.0	26	0.0
-347.0	17	0.0
-346.0	37	0.0
-345.0	24	0.0
-344.0	33	0.0
-343.0	28	0.0
-342.0	38	0.0
-341.0	33	0.0
-340.0	36	0.0
-339.0	37	0.0
-338.0	35	0.0
-337.0	29	0.0
-336.0	29	0.0
-335.0	29	0.0
-334.0	40	0.0
-333.0	39	0.0
-332.0	30	0.0
-331.0	27	0.0
-330.0	37	0.0
-329.0	24	0.0
-328.0	26	0.0
-327.0	27	0.0
-326.0	20	0.0
-325.0	26	0.0
-324.0	32	0.0
-323.0	34	0.0
-322.0	24	0.0
-321.0	24	0.0
-320.0	39	0.0
-319.0	29	0.0
-318.0	33	0.0
-317.0	40	0.0
-316.0	38	0.0
-315.0	27	0.0
-314.0	24	0.0
-313.0	35	0.0
-312.0	24	0.0
-311.0	23	0.0
-310.0	31	0.0
-309.0	25	0.0
-308.0	26	0.0
-307.0	35	0.0
-306.0	24	0.0
-305.0	29	0.0
-304.0	33	0.0
-303.0	28	0.0
-302.0	22	0.0
-301.0	38	0.0
-300.0	30	0.0
-299.0	40	0.0
-298.0	26	0.0
-297.0	25	0.0
-296.0	35	0.0
-295.0	30	0.0
-294.0	40	0.0
-293.0	41	0.0
-292.0	25	0.0
-291.0	27	0.0
-290.0	24	0.0
-289.0	24	0.0
-288.0	32	0.0
-287.0	25	0.0
-286.0	22	0.0
-285.0	33	0.0
-284.0	24	0.0
-283.0	23	0.0
-282.0	33	0.0
-281.0	34	0.0
-280.0	28	0.0
-279.0	31	0.0
-278.0	38	0.0
-277.0	26	0.0
-276.0	31	0.0
-275.0	33	0.0
-274.0	27	0.0
-273.0	32	0.0
-272.0	30	0.0
-271.0	36	0.0
-270.0	29	0.0
-269.0	24	0.0
-268.0	33	0.0
-267.0	34	0.0
-266.0	29	0.0
-265.0	25	0.0
-264.0	34	0.0
-263.0	37	0.0
-262.0	31	0.0
-261.0	23	0.0
-260.0	33	0.0
-259.0	33	0.0
-258.0	25	0.0
-257.0	25	0.0
-256.0	33	0.0
-255.0	28	0.0
-254.0	34	0.0
-253.0	29	0.0
-252.0	31	0.0
-251.0	30	0.0
-250.0	27	0.0
-249.0	34	0.0
-248.0	36	0.0
-247.0	30	0.0
-246.0	24	0.0
-245.0	28	0.0
-244.0	29	0.0
-243.0	37	0.0
-242.0	33	0.0
-241.0	36	0.0
-240.0	15	0.0
-239.0	26	0.0
-238.0	34	0.0
-237.0	21	0.0
-236.0	34	0.0
-235.0	42	0.0
-234.0	33	0.0
-233.0	25	0.0
-232.0	25	0.0
-231.0	29	0.0
-230.0	22	0.0
-229.0	22	0.0
-228.0	26	0.0
-227.0	21	0.0
-226.0	23	0.0
-225.0	30	0.0
-224.0	17	0.0
-223.0	24	0.0
-222.0	32	0.0
-221.0	19	0.0
-220.0	29	0.0
-219.0	28	0.0
-218.0	23	0.0
-217.0	30	0.0
-216.0	29	0.0
-215.0	33	0.0
-214.0	31	0.0
-213.0	30	0.0
-212.0	33	0.0
-211.0	23	0.0
-210.0	26	0.0
-209.0	26	0.0
-208.0	27	0.0
-207.0	28	0.0
-206.0	25	0.0
-205.0	25	0.0
-204.0	21	0.0
-203.0	26	0.0
-202.0	25	0.0
-201.0	35	0.0
-200.0	31	0.0
-199.0	28	0.0
-198.0	29	0.0
-197.0	31	0.0
-196.0	31	0.0
-195.0	25	0.0
-194.0	15	0.0
-193.0	33	0.0
-192.0	24	0.0
-191.0	33	0.0
-190.0	21	0.0
-189.0	29	0.0
-188.0	27	0.0
-187.0	25	0.0
-186.0	24	0.0
-185.0	32	0.0
-184.0	36	0.0
-183.0	29	0.0
-182.0	25	0.0
-181.0	26	0.0
-180.0	33	0.0
-179.0	32	0.0
-178.0	29	0.0
-177.0	34	0.0
-176.0	35	0.0
-175.0	30	0.0
-174.0	32	0.0
-173.0	31	0.0
-172.0	31	0.0
-171.0	21	0.0
-170.0	45	0.0
-169.0	29	0.0
-168.0	31	0.0
-167.0	44	0.0
-166.0	32	0.0
-165.0	29	0.0
-164.0	31	0.0
-163.0	27	0.0
-162.0	28	0.0
-161.0	26	0.0
-160.0	38	0.0
-159.0	26	0.0
-158.0	29	0.0
-157.0	21	0.0
-156.0	33	0.0
-155.0	32	0.0
-154.0	20	0.0
-153.0	26	0.0
-152.0	21	0.0
-151.0	27	0.0
-150.0	23	0.0
-149.0	34	0.0
-148.0	25	0.0
-147.0	21	0.0
-146.0	25	0.0
-145.0	24	0.0
-144.0	26	0.0
-143.0	30	0.0
-142.0	32	0.0
-141.0	22	0.0
-140.0	35	0.0
-139.0	30	0.0
-138.0	30	0.0
-137.0	36	0.0
-136.0	35	0.0
-135.0	35	0.0
-134.0	18	0.0
-133.0	26	0.0
-132.0	37	0.0
-131.0	31	0.0
-130.0	33	0.0
-129.0	38	0.0
-128.0	18	0.0
-127.0	29	0.0
-126.0	23	0.0
-125.0	26	0.0
-124.0	32	0.0
-123.0	26	0.0
-122.0	33	0.0
-121.0	27	0.0
-120.0	27	0.0
-119.0	26	0.0
-118.0	28	0.0
-117.0	27	0.0
-116.0	19	0.0
-115.0	30	0.0
-114.0	46	0.0
-113.0	21	0.0
-112.0	26	0.0
-111.0	23	0.0
-110.0	35	0.0
-109.0	24	0.0
-108.0	21	0.0
-107.0	23	0.0
-106.0	20	0.0
-105.0	28	0.0
-104.0	21	0.0
-103.0	29	0.0
-102.0	30	0.0
-101.0	26	0.0
-100.0	33	0.0
-99.0	37	0.0
-98.0	24	0.0
-97.0	25	0.0
-96.0	26	0.0
-95.0	29	0.0
-94.0	23	0.0
-93.0	25	0.0
-92.0	41	0.0
-91.0	22	0.0
-90.0	26	0.0
-89.0	21	0.0
-88.0	33	0.0
-87.0	32	0.0
-86.0	42	0.0
-85.0	34	0.0
-84.0	29	0.0
-83.0	20	0.0
-82.0	22	0.0
-81.0	31	0.0
-80.0	26	0.0
-79.0	32	0.0
-78.0	33	0.0
-77.0	30	0.0
-76.0	33	0.0
-75.0	21	0.0
-74.0	33	0.0
-73.0	30	0.0
-72.0	36	0.0
-71.0	22	0.0
-70.0	25	0.0
-69.0	24	0.0
-68.0	34	0.0
-67.0	30	0.0
-66.0	24	0.0
-65.0	35	0.0
-64.0	27	0.0
-63.0	32	0.0
-62.0	26	0.0
-61.0	31	0.0
-60.0	22	0.0
-59.0	31	0.0
-58.0	19	0.0
-57.0	27	0.0
-56.0	16	0.0
-55.0	29	0.0
-54.0	32	0.0
-53.0	36	0.0
-52.0	25	0.0
-51.0	26	0.0
-50.0	26	0.0
-49.0	28	0.0
-48.0	30	0.0
-47.0	29	0.0
-46.0	27	0.0
-45.0	33	0.0
-44.0	34	0.0
-43.0	31	0.0
-42.0	31	0.0
-41.0	35	0.0
-40.0	22	0.0
-39.0	29	0.0
-38.0	28	0.0
-37.0	29	0.0
-36.0	27	0.0
-35.0	25	0.0
-34.0	28	0.0
-33.0	27	0.0
-32.0	35	0.0
-31.0	38	0.0
-30.0	38	0.0
-29.0	31	0.0
-28.0	21	0.0
-27.0	34	0.0
-26.0	31	0.0
-25.0	26	0.0
-24.0	34	0.0
-23.0	35	0.0
-22.0	30	0.0
-21.0	22	0.0
-20.0	40	0.0
-19.0	30	0.0
-18.0	25	0.0
-17.0	32	0.0
-16.0	36	0.0
-15.0	25	0.0
-14.0	31	0.0
-13.0	25	0.0
-12.0	40	0.0
-11.0	34	0.0
-10.0	22	0.0
-9.0	32	0.0
-8.0	17	0.0
-7.0	32	0.0
-6.0	28	0.0
-5.0	29	0.0
-4.0	28	0.0
-3.0	36	0.0
-2.0	30	0.0
-1.0	24	0.0
0.0	34	0.0
1.0	41	0.0
2.0	25	0.0
3.0	27	0.0
4.0	28	0.0
5.0	37	0.0
6.0	30	0.0
7.0	26	0.0
8.0	44	0.0
9.0	32	0.0
10.0	39	0.0
11.0	32	0.0
12.0	29	0.0
13.0	27	0.0
14.0	29	0.0
15.0	28	0.0
16.0	43	0.0
17.0	27	0.0
18.0	21	0.0
19.0	19	0.0
20.0	26	0.0
21.0	27	0.0
22.0	25	0.0
23.0	32	0.0
24.0	24	0.0
25.0	27	0.0
26.0	28	0.0
27.0	22	0.0
28.0	29	0.0
29.0	26	0.0
30.0	33	0.0
31.0	26	0.0
32.0	23	0.0
33.0	28	0.0
34.0	34	0.0
35.0	33	0.0
36.0	26	0.0
37.0	35	0.0
38.0	36	0.0
39.0	36	0.0
40.0	25	0.0
41.0	28	0.0
42.0	26	0.0
43.0	21	0.0
44.0	36	0.0
45.0	34	0.0
46.0	41	0.0
47.0	34	0.0
48.0	20	0.0
49.0	39	0.0
50.0	25	0.0
51.0	35	0.0
52.0	37	0.0
53.0	39	0.0
54.0	25	0.0
55.0	24	0.0
56.0	30	0.0
57.0	30	0.0
58.0	19	0.0
59.0	32	0.0
60.0	26	0.0
61.0	38	0.0
62.0	33	0.0
63.0	32	0.0
64.0	35	1.9106081189857382e-10
65.0	27	2757.445671094637
66.0	36	5241.149806402722
67.0	28	7471.95606137379
68.0	28	9469.306758548651
69.0	31	11251.33035501442
70.0	24	12834.92371654558
71.0	29	14235.829495834714
72.0	38	15468.708895632413
73.0	31	16547.210081966125
74.0	38	17484.0324977761
75.0	52	18290.98731333533
76.0	52	18979.054236553173
77.0	61	19558.43489377239
78.0	59	20038.60297983528
79.0	65	20428.3513650207
80.0	65	20735.836335890872
81.0	78	20968.61913709565
82.0	70	21133.704971768988
83.0	69	21237.579609214627
84.0	64	21286.243740180118
85.0	55	21285.245212040736
86.0	85	21239.70926871466
87.0	54	21154.36691302077
88.0	50	21033.581502487068
89.0	48	20881.37368328569
90.0	48	20701.44476097613
91.0	52	20497.19860110377
92.0	50	20271.76214735611
93.0	39	20028.004639939616
94.0	51	19768.555612087774
95.0	47	19495.8217381224
96.0	56	19212.00260224056
97.0	53	18919.10545321082
98.0	38	18618.959006375055
99.0	40	18313.226350791883
100.0	41	18003.41701599421
101.0	34	17690.898249655747
102.0	55	17376.905554467918
103.0	53	17062.552529702407
104.0	44	16748.84006026854
105.0	34	16436.664893558787
106.0	39	16126.827642005053
107.0	41	15820.040247029314
108.0	30	15516.932937963764
109.0	33	15218.060717527544
110.0	40	14923.90940356611
111.0	48	14634.901254996706
112.0	45	14351.40020823572
113.0	41	14073.716748806137
114.0	44	13802.11244135221
115.0	39	13536.80413988245
116.0	33	13277.96789875789
117.0	42	13025.742603693803
118.0	47	12780.233340881281
119.0	33	12541.51452123536
120.0	45	12309.632775739694
121.0	39	12084.609636881965
122.0	52	11866.444020258199
123.0	35	11655.114519557805
124.0	47	11450.581527328459
125.0	38	11252.789193152472
126.0	48	11061.667230148327
127.0	38	10877.132580027634
128.0	33	10699.090946305718
129.0	42	10527.438204657747
130.0	29	10362.06169885204
131.0	45	10202.841430156945
132.0	36	10049.651147622777
133.0	45	9902.359346165451
134.0	46	9760.830178942138
135.0	34	9624.92429008938
136.0	44	9494.499573508641
137.0	42	9369.411863014884
138.0	36	9249.515558820172
139.0	43	9134.664195001798
140.0	43	9024.710952300828
141.0	42	8919.509120309764
142.0	48	8818.912512843952
143.0	31	8722.775840037068
144.0	38	8630.955040466692
145.0	35	8543.30757639525
146.0	41	8459.692695002892
147.0	37	8379.971658295566
148.0	40	8304.007944188706
149.0	36	8231.667421095251
150.0	36	8162.81849818843
151.0	32	8097.332253357369
152.0	48	8035.08254073429
153.0	38	7975.946079540149
154.0	41	7919.802525872566
155.0	34	7866.534528943173
156.0	47	7816.027773165481
157.0	47	7768.171007391806
158.0	29	7722.856062504013
159.0	39	7679.977858474321
160.0	31	7639.434401929943
161.0	31	7601.1267751781525
162.0	37	7564.959117576665
163.0	36	7530.838600065824
164.0	26	7498.675393618305
165.0	36	7468.3826323011
166.0	33	7439.876371592199
167.0	38	7413.07554254149
168.0	45	7387.90190231958
169.0	40	7364.279981652404
170.0	29	7342.137029600544
171.0	43	7321.40295610064
172.0	33	7302.010272654599
173.0	41	7283.894031515447
174.0	47	7266.991763690367
175.0	31	7251.243416052045
176.0	40	7236.591287822622
177.0	35	7222.979966670108
178.0	37	7210.356264635366
179.0	30	7198.669154084099
180.0	42	7187.869703861743
181.0	41	7177.911015808852
182.0	39	7168.748161778593
183.0	36	7160.338121282659
184.0	28	7152.639719877449
185.0	38	7145.6135683891425
186.0	34	7139.222003064264
187.0	45	7133.429026721212
188.0	33	7128.200250967993
189.0	27	7123.502839541895
190.0	52	7119.305452818231
191.0	33	7115.578193527515
192.0	38	7112.292553713106
193.0	54	7109.421362954595
194.0	42	7106.938737876774
195.0	33	7104.82003295765
196.0	49	7103.041792645044
197.0	37	7101.581704785916
198.0	46	7100.418555369027
199.0	40	7099.532184577874
200.0	45	7098.903444147172
201.0	42	7098.514156013567
202.0	35	7098.347072248604
203.0	24	7098.385836259396
204.0	37	7098.614945240689
205.0	34	7099.019713859877
206.0	30	7099.586239155335
207.0	29	7100.30136662654
208.0	34	7101.152657493853
209.0	38	7102.128357104266
210.0	34	7103.217364459063
211.0	32	7104.40920283833
212.0	41	7105.693991496699
213.0	33	7107.0624184046255
214.0	35	7108.505714008658
215.0	57	7110.01562598439
216.0	38	7111.584394955387
217.0	42	7113.204731151514
218.0	44	7114.869791979937
219.0	35	7116.573160482443
220.0	21	7118.308824652555
221.0	31	7120.071157586518
222.0	44	7121.85489844216
223.0	37	7123.655134180136
224.0	36	7125.467282062421
225.0	38	7127.287072883203
226.0	35	7129.110534907846
227.0	34	7130.933978495915
228.0	40	7132.7539813849
229.0	37	7134.567374611531
230.0	38	7136.371229048268
231.0	44	7138.162842532975
232.0	40	7139.939727570248
233.0	41	7141.699599583507
234.0	27	7143.440365697465
235.0	44	7145.160114030981
236.0	39	7146.8571034811275
237.0	33	7148.529753979473
238.0	29	7150.176637202499
239.0	36	7151.796467718248
240.0	30	7153.388094552081
241.0	33	7154.950493154824
242.0	29	7156.482757757179
243.0	43	7157.984094094617
244.0	42	7159.453812487746
245.0	31	7160.891321263354
246.0	39	7162.296120502041
247.0	45	7163.667796098668
248.0	35	7165.006014122457
249.0	31	7166.310515463907
250.0	31	7167.581110756205
251.0	40	7168.817675559286
252.0	40	7170.020145795029
253.0	33	7171.1885134225595
254.0	32	7172.322822342983
255.0	31	7173.423164523445
256.0	28	7174.4896763304
257.0	35	7175.52253506289
258.0	36	7176.5219556764705
259.0	35	7177.488187689177
260.0	39	7178.421512261031
261.0	35	7179.32223943897
262.0	37	7180.19070555953
263.0	43	7181.027270801637
264.0	30	7181.832316882575
265.0	33	7182.606244890065
266.0	44	7183.349473244008
267.0	48	7184.062435781426
268.0	31	7184.745579958781
269.0	46	7185.399365165583
270.0	36	7186.024261144023
271.0	33	7186.6207465091165
272.0	50	7187.189307364365
273.0	34	7187.730436008045
274.0	34	7188.2446297254655
275.0	37	7188.732389662803
276.0	24	7189.194219778128
277.0	29	7189.630625865785
278.0	34	7190.042114649966
279.0	42	7190.429192943997
280.0	36	7190.792366871743
281.0	39	7191.132141147672
282.0	35	7191.449018412484
283.0	44	7191.743498621129
284.0	30	7192.016078480353
285.0	34	7192.2672509329805
286.0	32	7192.497504686233
287.0	33	7192.7073237815885
288.0	29	7192.897187203802
289.0	37	7193.067568526689
290.0	39	7193.218935593592
291.0	45	7193.351750230479
292.0	32	7193.466467989539
293.0	43	7193.563537921582
294.0	34	7193.643402375369
295.0	52	7193.706496822203
296.0	41	7193.7532497041575
297.0	45	7193.78408230443
298.0	36	7193.799408638418
299.0	37	7193.799635364041
300.0	30	7193.7851617101505
301.0	39	7193.75637942164
302.0	32	7193.71367272027
303.0	37	7193.6574182798795
304.0	36	7193.587985215201
305.0	25	7193.505735083054
306.0	40	7193.411021895123
307.0	42	7193.304192141414
308.0	36	7193.185584823526
309.0	42	7193.055531496957
310.0	37	7192.914356321732
311.0	38	7192.76237612064
312.0	35	7192.599900444377
313.0	33	7192.427231643074
314.0	32	7192.244664943492
315.0	38	7192.05248853147
316.0	38	7191.850983639017
317.0	34	7191.640424635544
318.0	35	7191.42107912297
319.0	37	7191.1932080339275
320.0	36	7190.9570657330605
321.0	47	7190.71290012072
322.0	42	7190.460952738938
323.0	50	7190.201458879137
324.0	37	7189.934647691473
325.0	45	7189.660742295437
326.0	24	7189.379959891361
327.0	40	7189.09251187274
328.0	36	7188.798603939079
329.0	25	7188.498436208959
330.0	36	7188.192203333293
331.0	35	7187.880094608413
332.0	31	7187.562294088992
333.0	38	7187.238980700483
334.0	28	7186.910328351043
335.0	38	7186.576506042757
336.0	42	7186.237677982057
337.0	37	7185.894003689235
338.0	32	7185.545638106916
339.0	40	7185.192731707424
340.0	42	7184.835430598995
341.0	36	7184.473876630628
342.0	31	7184.108207495713
343.0	34	7183.738556834168
344.0	22	7183.365054333176
345.0	35	7182.987825826417
346.0	31	7182.606993391749
347.0	41	7182.222675447326
348.0	49	7181.834986846086
349.0	40	7181.444038968651
350.0	48	7181.049939814542
351.0	29	7180.652794091743
352.0	39	7180.252703304542
353.0	39	7179.849765839766
354.0	34	7179.444077051193
355.0	43	7179.035729342402
356.0	27	7178.624812247801
357.0	29	7178.211412512036
358.0	38	7177.795614167681
359.0	42	7177.377498611207
360.0	39	7176.957144677356
361.0	25	7176.534628711747
362.0	48	7176.110024641934
363.0	35	7175.683404046722
364.0	30	7175.2548362239495
365.0	33	7174.824388256626
366.0	37	7174.392125077481
367.0	41	7173.958109531956
368.0	36	7173.522402439652
369.0	35	7173.085062654238
370.0	35	7172.6461471219
371.0	34	7172.205710938268
372.0	41	7171.763807403876
373.0	39	7171.320488078274
374.0	29	7170.8758028326265
375.0	34	7170.429799901004
376.0	38	7169.982525930283
377.0	38	7169.534026028745
378.0	29	7169.084343813329
379.0	44	7168.633521455636
380.0	47	7168.1815997266585
381.0	28	7167.7286180403
382.0	30	7167.274614495676
383.0	34	7166.81962591825
384.0	35	7166.363687899794
385.0	38	7165.906834837244
386.0	36	7165.4490999704585
387.0	41	7164.990515418876
388.0	27	7164.531112217143
389.0	37	7164.070920349684
390.0	36	7163.609968784314
391.0	38	7163.148285504836
392.0	41	7162.685897542693
393.0	39	7162.222831007688
394.0	43	7161.759111117801
395.0	29	7161.294762228102
396.0	33	7160.829807858828
397.0	36	7160.3642707225945
398.0	37	7159.898172750794
399.0	39	7159.431535119193
400.0	40	7158.964378272776
401.0	28	7158.496721949796
402.0	32	7158.028585205074
403.0	27	7157.5599864326705
404.0	25	7157.090943387748
405.0	37	7156.621473207851
406.0	33	7156.151592433425
407.0	36	7155.6813170278
408.0	39	7155.2106623964655
409.0	42	7154.739643405809
410.0	46	7154.268274401177
411.0	36	7153.79656922447
412.0	44	7153.324541231083
413.0	36	7152.8522033063755
414.0	38	7152.379567881584
415.0	31	7151.90664694922
416.0	45	7151.433452078001
417.0	41	7150.95999442727
418.0	30	7150.486284760994
419.0	40	7150.012333461221
420.0	42	7149.53815054123
421.0	40	7149.063745658119
422.0	37	7148.589128125086
423.0	37	7148.1143069232485
424.0	40	7147.639290713104
425.0	33	7147.164087845594
426.0	30	7146.6887063728045
427.0	48	7146.213154058351
428.0	28	7145.737438387368
429.0	37	7145.261566576182
430.0	35	7144.785545581694
431.0	37	7144.309382110402
432.0	33	7143.833082627147
433.0	39	7143.356653363589
434.0	43	7142.880100326338
435.0	42	7142.403429304868
436.0	29	7141.926645879133
437.0	35	7141.449755426947
438.0	39	7140.9727631311025
439.0	35	7140.495673986224
440.0	39	7140.018492805456
441.0	40	7139.54122422684
442.0	35	7139.06387271954
443.0	27	7138.5864425898135
444.0	47	7138.108937986815
445.0	39	7137.631362908159
446.0	40	7137.153721205324
447.0	31	7136.676016588862
448.0	32	7136.198252633421
449.0	41	7135.720432782607
450.0	31	7135.242560353658
451.0	34	7134.764638541979
452.0	38	7134.286670425504
453.0	37	7133.80865896893
454.0	36	7133.330607027737
455.0	37	7132.852517352188
456.0	32	7132.37439259105
457.0	42	7131.896235295301
458.0	47	7131.418047921622
459.0	28	7130.939832835851
460.0	39	7130.461592316213
461.0	36	7129.983328556526
462.0	25	7129.505043669256
463.0	34	7129.026739688459
464.0	35	7128.548418572653
465.0	29	7128.07008220752
466.0	31	7127.591732408598
467.0	37	7127.113370923806
468.0	39	7126.634999435948
469.0	43	7126.156619565044
470.0	37	7125.678232870642
471.0	36	7125.199840854053
472.0	32	7124.721444960427
473.0	33	7124.243046580873
474.0	34	7123.764647054407
475.0	23	7123.286247669852
476.0	35	7122.80784966771
477.0	36	7122.329454241932
478.0	36	7121.8510625416
479.0	37	7121.372675672635
480.0	20	7120.894294699333
481.0	44	7120.415920645947
482.0	32	7119.937554498119
483.0	38	7119.459197204342
484.0	43	7118.9808496773385
485.0	30	7118.502512795337
486.0	36	7118.024187403409
487.0	38	7117.545874314655
488.0	33	7117.06757431141
489.0	46	7116.589288146393
490.0	34	7116.111016543785
491.0	35	7115.6327602002975
492.0	35	7115.154519786218
493.0	32	7114.676295946352
494.0	33	7114.198089301022
495.0	31	7113.719900446943
496.0	35	7113.2417299581
497.0	40	7112.7635783866435
498.0	34	7112.285446263647
499.0	42	7111.807334099955
500.0	34	7111.32924238687
501.0	38	7110.851171596953
502.0	26	7110.373122184696
503.0	34	7109.895094587181
504.0	34	7109.417089224766
505.0	22	7108.939106501694
506.0	42	7108.461146806724
507.0	33	7107.983210513666
508.0	47	7107.5052979819875
509.0	34	7107.027409557341
510.0	40	7106.549545572076
511.0	29	7106.071706345739
512.0	30	7105.593892185591
513.0	44	7105.116103387007
514.0	41	7104.638340233993
515.0	30	7104.160602999579
516.0	34	7103.682891946232
517.0	29	7103.205207326262
518.0	43	7102.72754938223
519.0	33	7102.249918347276
520.0	30	7101.772314445514
521.0	32	7101.294737892329
522.0	46	7100.817188894783
523.0	41	7100.339667651831
524.0	50	7099.862174354728
525.0	18	7099.384709187265
526.0	38	7098.907272326044
527.0	45	7098.429863940802
528.0	42	7097.952484194626
529.0	30	7097.475133244232
530.0	37	7096.997811240187
531.0	34	7096.52051832718
532.0	30	7096.043254644208
533.0	36	7095.566020324798
534.0	41	7095.088815497242
535.0	20	7094.611640284786
536.0	28	7094.13449480581
537.0	26	7093.657379174014
538.0	42	7093.180293498622
539.0	39	7092.703237884527
540.0	37	7092.2262124324825
541.0	32	7091.749217239219
542.0	32	7091.272252397666
543.0	48	7090.79531799702
544.0	42	7090.318414122942
545.0	40	7089.841540857682
546.0	28	7089.364698280201
547.0	39	7088.887886466293
548.0	36	7088.411105488729
549.0	31	7087.934355417357
550.0	39	7087.457636319204
551.0	37	7086.980948258627
552.0	34	7086.504291297352
553.0	37	7086.027665494642
554.0	33	7085.55107090735
555.0	36	7085.074507590013
556.0	44	7084.597975594964
557.0	35	7084.121474972398
558.0	32	7083.6450057704815
559.0	38	7083.168568035364
560.0	39	7082.692161811362
561.0	43	7082.215787140925
562.0	31	7081.739444064776
563.0	27	7081.263132621947
564.0	45	7080.786852849859
565.0	32	7080.310604784385
566.0	34	7079.834388459885
567.0	28	7079.3582039093035
568.0	44	7078.8820511642025
569.0	33	7078.405930254797
570.0	34	7077.929841210054
571.0	26	7077.45378405771
572.0	33	7076.977758824302
573.0	40	7076.501765535264
574.0	37	7076.025804214931
575.0	37	7075.549874886595
576.0	36	7075.073977572526
577.0	42	7074.5981122940575
578.0	34	7074.122279071581
579.0	34	7073.646477924586
580.0	30	7073.170708871731
581.0	41	7072.6949719308295
582.0	36	7072.219267118908
583.0	43	7071.743594452233
584.0	34	7071.267953946356
585.0	42	7070.792345616101
586.0	39	7070.316769475634
587.0	31	7069.841225538476
588.0	38	7069.365713817509
589.0	43	7068.890234325027
590.0	27	7068.414787072754
591.0	48	7067.9393720718435
592.0	37	7067.463989332942
593.0	39	7066.988638866173
594.0	39	7066.5133206811715
595.0	33	7066.038034787092
596.0	45	7065.56278119265
597.0	21	7065.087559906131
598.0	41	7064.61237093539
599.0	31	7064.1372142878845
600.0	48	7063.66208997069
601.0	35	7063.186997990508
602.0	36	7062.71193835368
603.0	38	7062.23691106623
604.0	42	7061.76191613382
605.0	35	7061.286953561818
606.0	44	7060.8120233552845
607.0	32	7060.3371255189895
608.0	54	7059.862260057422
609.0	38	7059.387426974808
610.0	35	7058.912626275102
611.0	39	7058.437857962022
612.0	31	7057.963122039056
613.0	21	7057.488418509439
614.0	45	7057.013747376219
615.0	40	7056.539108642192
616.0	35	7056.064502309993
617.0	31	7055.589928382039
618.0	39	7055.115386860564
619.0	41	7054.640877747632
620.0	41	7054.166401045117
621.0	22	7053.691956754746
622.0	35	7053.217544878074
623.0	31	7052.743165416508
624.0	44	7052.268818371305
625.0	33	7051.794503743596
626.0	43	7051.320221534349
627.0	38	7050.845971744433
628.0	46	7050.371754374578
629.0	43	7049.897569425389
630.0	37	7049.423416897358
631.0	38	7048.949296790874
632.0	42	7048.475209106221
633.0	35	7048.001153843568
634.0	37	7047.527131002996
635.0	42	7047.053140584494
636.0	37	7046.579182587959
637.0	37	7046.1052570131915
638.0	31	7045.631363859924
639.0	37	7045.157503127799
640.0	28	7044.68367481639
641.0	34	7044.209878925189
642.0	35	7043.736115453625
643.0	29	7043.262384401055
644.0	39	7042.788685766758
645.0	41	7042.315019549982
646.0	32	7041.84138574989
647.0	29	7041.367784365595
648.0	40	7040.8942153961525
649.0	42	7040.420678840563
650.0	28	7039.947174697781
651.0	25	7039.473702966713
652.0	45	7039.000263646211
653.0	50	7038.526856735096
654.0	49	7038.053482232124
655.0	34	7037.580140136024
656.0	35	7037.106830445491
657.0	42	7036.633553159171
658.0	32	7036.160308275672
659.0	34	7035.68709579357
660.0	28	7035.213915711407
661.0	39	7034.740768027704
662.0	42	7034.267652740922
663.0	38	7033.7945698495305
664.0	50	7033.321519351931
665.0	40	7032.848501246521
666.0	36	7032.375515531675
667.0	37	7031.902562205722
668.0	52	7031.429641266994
669.0	38	7030.9567527137615
670.0	30	7030.483896544317
671.0	42	7030.011072756891
672.0	46	7029.538281349725
673.0	35	7029.065522321021
674.0	45	7028.59279566897
675.0	26	7028.120101391739
676.0	41	7027.647439487485
677.0	38	7027.174809954348
678.0	27	7026.702212790446
679.0	27	7026.229647993876
680.0	29	7025.7571155627365
681.0	31	7025.284615495104
682.0	30	7024.812147789031
683.0	25	7024.339712442581
684.0	32	7023.867309453781
685.0	44	7023.394938820648
686.0	43	7022.922600541207
687.0	37	7022.4502946134635
688.0	49	7021.978021035394
689.0	33	7021.505779804987
690.0	43	7021.033570920208
691.0	32	7020.561394379024
692.0	38	7020.089250179389
693.0	42	7019.617138319243
694.0	37	7019.145058796516
695.0	43	7018.673011609147
696.0	33	7018.200996755045
697.0	35	7017.729014232133
698.0	36	7017.257064038303
699.0	41	7016.785146171467
700.0	30	7016.313260629512
701.0	35	7015.841407410319
702.0	43	7015.369586511776
703.0	36	7014.897797931756
704.0	43	7014.4260416681245
705.0	36	7013.954317718747
706.0	41	7013.482626081485
707.0	40	7013.010966754186
708.0	43	7012.539339734704
709.0	43	7012.06774502088
710.0	39	7011.59618261056
711.0	27	7011.12465250158
712.0	28	7010.6531546917695
713.0	37	7010.181689178966
714.0	36	7009.710255960982
715.0	31	7009.23885503565
716.0	30	7008.7674864007795
717.0	30	7008.296150054199
718.0	35	7007.824845993705
719.0	36	7007.353574217125
720.0	30	7006.882334722249
721.0	29	7006.411127506898
722.0	26	7005.939952568862
723.0	35	7005.468809905951
724.0	39	7004.997699515953
725.0	32	7004.526621396663
726.0	36	7004.055575545878
727.0	36	7003.58456196139
728.0	32	7003.113580640992
729.0	25	7002.642631582456
730.0	36	7002.1717147835825
731.0	42	7001.70083024215
732.0	42	7001.229977955943
733.0	32	7000.759157922736
734.0	44	7000.288370140313
735.0	32	6999.817614606453
736.0	42	6999.34689131893
737.0	34	6998.876200275522
738.0	46	6998.405541473998
739.0	35	6997.9349149121335
740.0	44	6997.464320587697
741.0	36	6996.993758498472
742.0	35	6996.5232286422115
743.0	33	6996.05273101669
744.0	34	6995.582265619681
745.0	35	6995.111832448946
746.0	36	6994.641431502245
747.0	39	6994.171062777356
748.0	33	6993.700726272041
749.0	33	6993.23042198406
750.0	31	6992.7601499111715
751.0	30	6992.289910051152
752.0	30	6991.81970240175
753.0	29	6991.34952696073
754.0	40	6990.879383725858
755.0	42	6990.409272694894
756.0	32	6989.939193865585
757.0	34	6989.469147235702
758.0	36	6988.999132803007
759.0	39	6988.529150565255
760.0	34	6988.0592005201925
761.0	35	6987.589282665595
762.0	26	6987.119396999207
763.0	40	6986.649543518789
764.0	42	6986.179722222105
765.0	47	6985.7099331068985
766.0	34	6985.240176170938
767.0	35	6984.770451411975
768.0	52	6984.3007588277615
769.0	35	6983.83109841605
770.0	35	6983.361470174612
771.0	43	6982.89187410118
772.0	46	6982.422310193528
773.0	27	6981.9527784494
774.0	37	6981.483278866557
775.0	31	6981.013811442752
776.0	38	6980.544376175734
777.0	33	6980.074973063259
778.0	27	6979.605602103087
779.0	40	6979.1362632929695
780.0	41	6978.666956630653
781.0	25	6978.197682113903
782.0	33	6977.728439740461
783.0	36	6977.259229508094
784.0	35	6976.790051414546
785.0	28	6976.320905457578
786.0	32	6975.851791634932
787.0	26	6975.382709944371
788.0	32	6974.913660383644
789.0	39	6974.444642950514
790.0	37	6973.9756576427235
791.0	40	6973.506704458036
792.0	29	6973.037783394188
793.0	34	6972.568894448952
794.0	41	6972.100037620073
795.0	35	6971.631212905309
796.0	34	6971.162420302407
797.0	37	6970.693659809128
798.0	35	6970.224931423225
799.0	40	6969.756235142439
800.0	21	6969.287570964539
801.0	43	6968.8189388872825
802.0	41	6968.350338908403
803.0	40	6967.881771025679
804.0	30	6967.413235236846
805.0	30	6966.944731539663
806.0	40	6966.47625993189
807.0	35	6966.00782041128
808.0	34	6965.5394129755805
809.0	31	6965.071037622552
810.0	35	6964.602694349948
811.0	43	6964.1343831555305
812.0	28	6963.666104037042
813.0	40	6963.197856992244
814.0	50	6962.729642018889
815.0	37	6962.26145911474
816.0	33	6961.793308277536
817.0	37	6961.325189505054
818.0	45	6960.857102795035
819.0	47	6960.389048145236
820.0	35	6959.921025553411
821.0	43	6959.4530350173245
822.0	39	6958.985076534734
823.0	39	6958.517150103381
824.0	36	6958.049255721034
825.0	43	6957.581393385448
826.0	49	6957.113563094372
827.0	31	6956.645764845569
828.0	37	6956.177998636792
829.0	39	6955.710264465808
830.0	29	6955.242562330358
831.0	30	6954.7748922282135
832.0	30	6954.307254157131
833.0	42	6953.839648114855
834.0	31	6953.3720740991575
835.0	27	6952.904532107785
836.0	46	6952.437022138501
837.0	36	6951.9695441890635
838.0	52	6951.502098257229
839.0	27	6951.034684340758
840.0	32	6950.567302437403
841.0	42	6950.099952544938
842.0	28	6949.632634661104
843.0	37	6949.165348783666
844.0	37	6948.698094910384
845.0	40	6948.230873039022
846.0	36	6947.763683167326
847.0	33	6947.296525293069
848.0	44	6946.829399414005
849.0	37	6946.362305527896
850.0	34	6945.895243632493
851.0	38	6945.4282137255705
852.0	31	6944.961215804878
853.0	39	6944.494249868181
854.0	25	6944.027315913237
855.0	41	6943.560413937805
856.0	40	6943.093543939647
857.0	33	6942.62670591653
858.0	27	6942.1598998662075
859.0	36	6941.693125786443
860.0	30	6941.226383675005
861.0	44	6940.759673529637
862.0	29	6940.292995348123
863.0	34	6939.826349128208
864.0	33	6939.359734867663
865.0	31	6938.893152564245
866.0	39	6938.426602215718
867.0	39	6937.960083819845
868.0	32	6937.49359737439
869.0	38	6937.027142877117
870.0	39	6936.560720325782
871.0	45	6936.094329718155
872.0	45	6935.627971051992
873.0	34	6935.1616443250705
874.0	39	6934.695349535132
875.0	35	6934.2290866799585
876.0	44	6933.762855757311
877.0	31	6933.296656764951
878.0	37	6932.830489700637
879.0	35	6932.364354562148
880.0	35	6931.898251347228
881.0	33	6931.432180053656
882.0	35	6930.9661406791965
883.0	43	6930.500133221613
884.0	35	6930.034157678668
885.0	35	6929.568214048121
886.0	47	6929.102302327757
887.0	32	6928.636422515324
888.0	35	6928.170574608588
889.0	34	6927.7047586053195
890.0	38	6927.23897450329
891.0	38	6926.773222300259
892.0	31	6926.307501993998
893.0	32	6925.841813582266
894.0	36	6925.376157062837
895.0	43	6924.910532433469
896.0	43	6924.444939691934
897.0	33	6923.979378836002
898.0	31	6923.513849863444
899.0	40	6923.0483527720135
900.0	37	6922.582887559488
901.0	33	6922.1174542236395
902.0	30	6921.652052762221
903.0	29	6921.1866831730185
904.0	30	6920.721345453783
905.0	32	6920.256039602296
906.0	41	6919.790765616323
907.0	42	6919.325523493626
908.0	31	6918.860313231987
909.0	40	6918.395134829163
910.0	28	6917.92998828293
911.0	39	6917.4648735910505
912.0	31	6916.9997907513025
913.0	43	6916.534739761449
914.0	39	6916.0697206192635
915.0	36	6915.604733322516
916.0	32	6915.139777868977
917.0	33	6914.674854256415
918.0	30	6914.209962482601
919.0	38	6913.745102545308
920.0	30	6913.280274442302
921.0	34	6912.815478171357
922.0	41	6912.350713730247
923.0	29	6911.885981116732
924.0	40	6911.421280328602
925.0	37	6910.956611363614
926.0	45	6910.491974219547
927.0	33	6910.027368894167
928.0	36	6909.562795385254
929.0	42	6909.098253690571
930.0	41	6908.633743807901
931.0	33	6908.169265735006
932.0	25	6907.704819469662
933.0	43	6907.2404050096475
934.0	37	6906.7760223527275
935.0	34	6906.3116714966845
936.0	48	6905.847352439282
937.0	34	6905.383065178303
938.0	32	6904.91880971151
939.0	27	6904.454586036686
940.0	43	6903.990394151606
941.0	45	6903.526234054039
942.0	48	6903.0621057417575
943.0	33	6902.598009212544
944.0	32	6902.133944464168
945.0	35	6901.669911494401
946.0	34	6901.205910301027
947.0	29	6900.74194088182
948.0	33	6900.2780032345445
949.0	41	6899.8140973569825
950.0	44	6899.35022324691
951.0	37	6898.886380902107
952.0	28	6898.422570320343
953.0	38	6897.958791499396
954.0	34	6897.495044437043
955.0	40	6897.031329131068
956.0	44	6896.5676455792245
957.0	33	6896.1039937793175
958.0	36	6895.640373729109
959.0	33	6895.176785426376
960.0	39	6894.7132288688945
961.0	44	6894.249704054451
962.0	50	6893.786210980812
963.0	38	6893.322749645767
964.0	36	6892.859320047083
965.0	42	6892.395922182541
966.0	45	6891.932556049922
967.0	33	6891.469221647005
968.0	39	6891.00591897157
969.0	36	6890.542648021388
970.0	48	6890.079408794241
971.0	32	6889.616201287906
972.0	36	6889.153025500171
973.0	40	6888.689881428809
974.0	39	6888.226769071599
975.0	19	6887.763688426323
976.0	31	6887.300639490758
977.0	44	6886.837622262685
978.0	30	6886.37463673988
979.0	44	6885.911682920133
980.0	30	6885.448760801223
981.0	33	6884.985870380916
982.0	45	6884.523011657016
983.0	36	6884.060184627279
984.0	39	6883.597389289509
985.0	34	6883.1346256414745
986.0	39	6882.671893680952
987.0	36	6882.209193405734
988.0	38	6881.746524813604
989.0	46	6881.283887902336
990.0	34	6880.821282669708
991.0	45	6880.358709113513
992.0	42	6879.896167231531
993.0	28	6879.433657021541
994.0	34	6878.971178481323
995.0	30	6878.508731608664
996.0	38	6878.0463164013545
997.0	36	6877.583932857164
998.0	37	6877.121580973886
999.0	32	6876.659260749296
1000.0	31	6876.196972181177
1001.0	26	6875.734715267325
1002.0	48	6875.272490005514
1003.0	36	6874.810296393527
1004.0	36	6874.348134429153
1005.0	33	6873.886004110179
1006.0	24	6873.42390543438
1007.0	45	6872.961838399553
1008.0	46	6872.499803003467
1009.0	33	6872.03779924392
1010.0	32	6871.575827118693
1011.0	42	6871.113886625577
1012.0	44	6870.651977762349
1013.0	36	6870.19010052679
1014.0	37	6869.728254916708
1015.0	48	6869.266440929859
1016.0	38	6868.804658564056
1017.0	32	6868.342907817076
1018.0	48	6867.881188686699
1019.0	35	6867.4195011707125
1020.0	41	6866.957845266911
1021.0	28	6866.496220973077
1022.0	50	6866.034628287001
1023.0	35	6865.573067206467
1024.0	31	6865.111537729261
1025.0	37	6864.650039853178
1026.0	37	6864.1885735759915
1027.0	44	6863.727138895506
1028.0	30	6863.265735809498
1029.0	30	6862.80436431576
1030.0	36	6862.343024412086
1031.0	31	6861.881716096247
1032.0	39	6861.420439366049
1033.0	34	6860.959194219281
1034.0	32	6860.497980653721
1035.0	39	6860.03679866716
1036.0	43	6859.575648257402
1037.0	40	6859.11452942221
1038.0	47	6858.653442159399
1039.0	31	6858.192386466747
1040.0	35	6857.731362342048
1041.0	27	6857.270369783085
1042.0	37	6856.809408787659
1043.0	28	6856.348479353549
1044.0	30	6855.887581478553
1045.0	30	6855.426715160464
1046.0	33	6854.965880397063
1047.0	33	6854.505077186149
1048.0	35	6854.044305525512
1049.0	32	6853.583565412944
1050.0	39	6853.12285684623
1051.0	41	6852.662179823169
1052.0	33	6852.201534341558
1053.0	35	6851.740920399182
1054.0	38	6851.280337993825
1055.0	36	6850.8197871232915
1056.0	27	6850.359267785372
1057.0	35	6849.8987799778515
1058.0	34	6849.438323698541
1059.0	38	6848.977898945207
1060.0	41	6848.517505715666
1061.0	45	6848.057144007699
1062.0	50	6847.596813819104
1063.0	39	6847.136515147673
1064.0	30	6846.676247991197
1065.0	33	6846.216012347481
1066.0	29	6845.7558082143005
1067.0	41	6845.295635589464
1068.0	44	6844.835494470769
1069.0	59	6844.375384855999
1070.0	29	6843.915306742952
1071.0	35	6843.455260129421
1072.0	34	6842.995245013213
1073.0	45	6842.535261392109
1074.0	28	6842.0753092639125
1075.0	38	6841.615388626412
1076.0	35	6841.155499477409
1077.0	51	6840.695641814701
1078.0	33	6840.235815636081
1079.0	39	6839.776020939341
1080.0	46	6839.316257722288
1081.0	27	6838.856525982702
1082.0	33	6838.3968257184
1083.0	41	6837.9371569271625
1084.0	43	6837.477519606789
1085.0	37	6837.017913755089
1086.0	39	6836.558339369845
1087.0	41	6836.098796448866
1088.0	28	6835.639284989937
1089.0	37	6835.179804990866
1090.0	31	6834.720356449447
1091.0	38	6834.260939363477
1092.0	31	6833.801553730761
1093.0	35	6833.342199549083
1094.0	38	6832.882876816257
1095.0	40	6832.423585530079
1096.0	39	6831.964325688341
1097.0	29	6831.505097288838
1098.0	30	6831.045900329386
1099.0	37	6830.586734807768
1100.0	33	6830.127600721796
1101.0	38	6829.668498069263
1102.0	26	6829.2094268479705
1103.0	40	6828.750387055721
1104.0	38	6828.291378690305
1105.0	37	6827.832401749529
1106.0	40	6827.373456231199
1107.0	36	6826.9145421331095
1108.0	43	6826.455659453058
1109.0	49	6825.996808188849
1110.0	34	6825.537988338289
1111.0	44	6825.079199899178
1112.0	41	6824.620442869303
1113.0	46	6824.161717246483
1114.0	40	6823.70302302851
1115.0	25	6823.244360213198
1116.0	35	6822.785728798331
1117.0	35	6822.327128781722
1118.0	43	6821.8685601611705
1119.0	42	6821.410022934482
1120.0	29	6820.951517099451
1121.0	40	6820.493042653894
1122.0	29	6820.034599595601
1123.0	33	6819.57618792239
1124.0	44	6819.117807632049
1125.0	39	6818.65945872238
1126.0	33	6818.201141191203
1127.0	33	6817.742855036311
1128.0	41	6817.284600255505
1129.0	37	6816.826376846599
1130.0	31	6816.368184807393
1131.0	43	6815.910024135686
1132.0	30	6815.451894829293
1133.0	34	6814.99379688601
1134.0	45	6814.535730303639
1135.0	34	6814.0776950799955
1136.0	35	6813.619691212879
1137.0	40	6813.161718700097
1138.0	31	6812.70377753945
1139.0	35	6812.245867728755
1140.0	37	6811.787989265799
1141.0	40	6811.33014214841
1142.0	32	6810.872326374373
1143.0	35	6810.414541941514
1144.0	39	6809.956788847626
1145.0	41	6809.499067090517
1146.0	33	6809.041376667997
1147.0	38	6808.583717577872
1148.0	28	6808.126089817954
1149.0	42	6807.668493386042
1150.0	35	6807.210928279948
1151.0	32	6806.753394497477
1152.0	43	6806.295892036441
1153.0	37	6805.838420894641
1154.0	39	6805.380981069886
1155.0	32	6804.92357256
1156.0	40	6804.4661953627665
1157.0	38	6804.00884947601
1158.0	36	6803.551534897541
1159.0	34	6803.094251625153
1160.0	40	6802.636999656673
1161.0	36	6802.179778989895
1162.0	31	6801.722589622642
1163.0	38	6801.2654315527125
1164.0	40	6800.808304777918
1165.0	31	6800.351209296076
1166.0	39	6799.894145104986
1167.0	31	6799.437112202466
1168.0	50	6798.980110586316
1169.0	24	6798.523140254361
1170.0	42	6798.066201204405
1171.0	52	6797.609293434248
1172.0	39	6797.152416941719
1173.0	33	6796.695571724619
1174.0	53	6796.23875778076
1175.0	33	6795.781975107954
1176.0	32	6795.3252237040115
1177.0	30	6794.868503566747
1178.0	43	6794.411814693972
1179.0	46	6793.955157083489
1180.0	27	6793.498530733126
1181.0	43	6793.041935640688
1182.0	35	6792.585371803989
1183.0	29	6792.12883922083
1184.0	41	6791.6723378890365
1185.0	41	6791.215867806422
1186.0	42	6790.759428970794
1187.0	36	6790.303021379962
1188.0	35	6789.846645031755
1189.0	45	6789.390299923968
1190.0	37	6788.933986054425
1191.0	34	6788.477703420942
1192.0	36	6788.021452021324
1193.0	36	6787.565231853392
1194.0	38	6787.109042914951
1195.0	35	6786.652885203834
1196.0	36	6786.196758717834
1197.0	41	6785.740663454784
1198.0	32	6785.284599412493
1199.0	29	6784.828566588769
1200.0	35	6784.372564981436
1201.0	39	6783.916594588296
1202.0	44	6783.460655407189
1203.0	33	6783.004747435909
1204.0	36	6782.5488706722745
1205.0	30	6782.093025114115
1206.0	36	6781.637210759233
1207.0	40	6781.18142760545
1208.0	31	6780.725675650586
1209.0	34	6780.269954892451
1210.0	32	6779.814265328866
1211.0	26	6779.358606957647
1212.0	36	6778.902979776609
1213.0	37	6778.447383783566
1214.0	39	6777.9918189763475
1215.0	26	6777.536285352768
1216.0	42	6777.080782910634
1217.0	22	6776.625311647773
1218.0	40	6776.169871562005
1219.0	39	6775.714462651137
1220.0	41	6775.259084913004
1221.0	43	6774.803738345408
1222.0	34	6774.348422946177
1223.0	31	6773.89313871313
1224.0	35	6773.437885644084
1225.0	38	6772.982663736856
1226.0	25	6772.527472989268
1227.0	31	6772.072313399138
1228.0	42	6771.617184964291
1229.0	31	6771.162087682534
1230.0	29	6770.707021551704
1231.0	42	6770.25198656961
1232.0	41	6769.7969827340685
1233.0	42	6769.342010042914
1234.0	28	6768.8870684939575
1235.0	36	6768.432158085021
1236.0	33	6767.977278813923
1237.0	51	6767.522430678497
1238.0	37	6767.06761367655
1239.0	43	6766.612827805898
1240.0	42	6766.158073064386
1241.0	36	6765.703349449813
1242.0	36	6765.248656960019
1243.0	33	6764.79399559281
1244.0	45	6764.339365346021
1245.0	39	6763.884766217464
1246.0	40	6763.430198204967
1247.0	35	6762.97566130636
1248.0	32	6762.5211555194455
1249.0	39	6762.066680842069
1250.0	33	6761.612237272035
1251.0	43	6761.157824807179
1252.0	40	6760.7034434453235
1253.0	30	6760.249093184279
1254.0	36	6759.794774021884
1255.0	31	6759.340485955958
1256.0	31	6758.886228984333
1257.0	45	6758.4320031048155
1258.0	46	6757.977808315242
1259.0	41	6757.523644613429
1260.0	33	6757.069511997208
1261.0	38	6756.6154104644065
1262.0	41	6756.16134001284
1263.0	45	6755.707300640343
1264.0	37	6755.25329234474
1265.0	42	6754.799315123843
1266.0	30	6754.345368975496
1267.0	34	6753.8914538975105
1268.0	34	6753.437569887718
1269.0	40	6752.983716943952
1270.0	36	6752.5298950640245
1271.0	34	6752.076104245774
1272.0	34	6751.622344487017
1273.0	26	6751.168615785587
1274.0	39	6750.714918139311
1275.0	41	6750.261251546009
1276.0	33	6749.807616003518
1277.0	47	6749.354011509663
1278.0	51	6748.900438062258
1279.0	44	6748.44689565915
1280.0	33	6747.993384298159
1281.0	25	6747.539903977111
1282.0	34	6747.086454693836
1283.0	32	6746.633036446156
1284.0	34	6746.179649231911
1285.0	39	6745.726293048921
1286.0	27	6745.272967895022
1287.0	33	6744.819673768035
1288.0	37	6744.36641066579
1289.0	31	6743.913178586119
1290.0	40	6743.459977526855
1291.0	40	6743.006807485821
1292.0	41	6742.553668460855
1293.0	42	6742.100560449772
1294.0	40	6741.647483450417
1295.0	44	6741.194437460606
1296.0	26	6740.741422478187
1297.0	29	6740.288438500969
1298.0	37	6739.835485526803
1299.0	42	6739.382563553513
1300.0	32	6738.929672578923
1301.0	34	6738.4768126008685
1302.0	41	6738.023983617183
1303.0	40	6737.571185625697
1304.0	36	6737.118418624237
1305.0	35	6736.665682610642
1306.0	36	6736.212977582741
1307.0	48	6735.760303538367
1308.0	30	6735.307660475352
1309.0	32	6734.855048391522
1310.0	48	6734.402467284719
1311.0	39	6733.949917152766
1312.0	32	6733.497397993506
1313.0	39	6733.04490980476
1314.0	35	6732.592452584383
1315.0	45	6732.1400263301775
1316.0	40	6731.687631039999
1317.0	37	6731.2352667116775
1318.0	36	6730.78293334304
1319.0	36	6730.33063093192
1320.0	33	6729.878359476164
1321.0	42	6729.426118973595
1322.0	39	6728.973909422051
1323.0	41	6728.521730819366
1324.0	42	6728.069583163376
1325.0	43	6727.617466451912
1326.0	37	6727.165380682811
1327.0	47	6726.713325853906
1328.0	47	6726.261301963039
1329.0	35	6725.809309008036
1330.0	41	6725.35734698674
1331.0	34	6724.905415896986
1332.0	36	6724.453515736614
1333.0	42	6724.001646503444
1334.0	30	6723.5498081953265
1335.0	32	6723.098000810097
1336.0	39	6722.646224345583
1337.0	42	6722.194478799633
1338.0	47	6721.742764170074
1339.0	42	6721.291080454745
1340.0	35	6720.83942765149
1341.0	47	6720.387805758137
1342.0	49	6719.936214772528
1343.0	28	6719.4846546925055
1344.0	33	6719.033125515901
1345.0	44	6718.581627240552
1346.0	36	6718.130159864292
1347.0	43	6717.678723384975
1348.0	42	6717.227317800426
1349.0	37	6716.775943108481
1350.0	42	6716.324599306997
1351.0	27	6715.873286393794
1352.0	38	6715.422004366713
1353.0	52	6714.970753223604
1354.0	31	6714.519532962296
1355.0	31	6714.068343580641
1356.0	40	6713.617185076459
1357.0	31	6713.166057447611
1358.0	46	6712.714960691924
1359.0	31	6712.263894807237
1360.0	37	6711.812859791399
1361.0	53	6711.361855642249
1362.0	34	6710.910882357615
1363.0	42	6710.459939935351
1364.0	33	6710.0090283732925
1365.0	43	6709.5581476692905
1366.0	42	6709.1072978211705
1367.0	40	6708.656478826781
1368.0	48	6708.2056906839625
1369.0	40	6707.754933390558
1370.0	32	6707.304206944407
1371.0	43	6706.853511343353
1372.0	42	6706.402846585241
1373.0	38	6705.952212667918
1374.0	44	6705.501609589204
1375.0	37	6705.051037346971
1376.0	33	6704.6004959390375
1377.0	44	6704.14998536326
1378.0	32	6703.699505617473
1379.0	34	6703.249056699528
1380.0	32	6702.798638607266
1381.0	38	6702.348251338526
1382.0	45	6701.897894891156
1383.0	50	6701.447569263
1384.0	43	6700.997274451899
1385.0	37	6700.547010455704
1386.0	42	6700.09677727225
1387.0	38	6699.646574899384
1388.0	26	6699.196403334952
1389.0	38	6698.746262576798
1390.0	39	6698.296152622774
1391.0	23	6697.846073470709
1392.0	35	6697.396025118466
1393.0	43	6696.946007563882
1394.0	34	6696.496020804801
1395.0	46	6696.046064839066
1396.0	32	6695.596139664533
1397.0	28	6695.146245279042
1398.0	36	6694.696381680432
1399.0	39	6694.246548866564
1400.0	31	6693.7967468352745
1401.0	34	6693.346975584418
1402.0	36	6692.897235111831
1403.0	44	6692.447525415365
1404.0	31	6691.997846492863
1405.0	25	6691.548198342185
1406.0	29	6691.098580961172
1407.0	37	6690.648994347658
1408.0	38	6690.199438499512
1409.0	40	6689.749913414569
1410.0	44	6689.300419090676
1411.0	41	6688.850955525688
1412.0	27	6688.401522717453
1413.0	37	6687.9521206638165
1414.0	37	6687.502749362627
1415.0	35	6687.053408811731
1416.0	43	6686.604099008983
1417.0	35	6686.154819952224
1418.0	47	6685.705571639311
1419.0	35	6685.256354068092
1420.0	42	6684.807167236417
1421.0	40	6684.358011142133
1422.0	42	6683.90888578309
1423.0	28	6683.459791157138
1424.0	40	6683.010727262134
1425.0	40	6682.561694095918
1426.0	34	6682.112691656341
1427.0	35	6681.66371994126
1428.0	45	6681.2147789485225
1429.0	33	6680.765868675987
1430.0	33	6680.316989121489
1431.0	35	6679.868140282892
1432.0	33	6679.419322158046
1433.0	32	6678.970534744795
1434.0	37	6678.521778041
1435.0	29	6678.07305204451
1436.0	40	6677.624356753169
1437.0	34	6677.175692164846
1438.0	32	6676.727058277375
1439.0	34	6676.27845508862
1440.0	35	6675.829882596427
1441.0	31	6675.381340798657
1442.0	26	6674.932829693159
1443.0	32	6674.48434927778
1444.0	33	6674.0358995503775
1445.0	34	6673.587480508814
1446.0	30	6673.139092150927
1447.0	39	6672.690734474582
1448.0	48	6672.2424074776245
1449.0	34	6671.794111157923
1450.0	37	6671.345845513311
1451.0	35	6670.897610541652
1452.0	31	6670.44940624081
1453.0	30	6670.00123260863
1454.0	32	6669.553089642967
1455.0	37	6669.104977341677
1456.0	37	6668.6568957026175
1457.0	35	6668.20884472364
1458.0	46	6667.7608244026
1459.0	49	6667.3128347373495
1460.0	32	6666.864875725757
1461.0	45	6666.416947365666
1462.0	30	6665.969049654942
1463.0	31	6665.521182591436
1464.0	37	6665.073346173
1465.0	33	6664.625540397498
1466.0	29	6664.177765262782
1467.0	30	6663.730020766712
1468.0	31	6663.282306907138
1469.0	46	6662.83462368193
1470.0	32	6662.386971088933
1471.0	37	6661.9393491260125
1472.0	34	6661.491757791022
1473.0	30	6661.044197081812
1474.0	30	6660.596666996259
1475.0	29	6660.149167532202
1476.0	29	6659.701698687516
1477.0	35	6659.254260460045
1478.0	31	6658.806852847654
1479.0	28	6658.3594758482
1480.0	36	6657.912129459541
1481.0	39	6657.46481367954
1482.0	32	6657.017528506056
1483.0	26	6656.570273936939
1484.0	31	6656.12304997006
1485.0	31	6655.675856603272
1486.0	34	6655.228693834437
1487.0	38	6654.781561661416
1488.0	34	6654.334460082064
1489.0	31	6653.887389094249
1490.0	37	6653.440348695819
1491.0	43	6652.993338884649
1492.0	24	6652.546359658589
1493.0	36	6652.099411015508
1494.0	28	6651.652492953258
1495.0	30	6651.2056054697105
1496.0	50	6650.758748562715
1497.0	30	6650.311922230142
1498.0	29	6649.865126469847
1499.0	29	6649.4183612797015
1500.0	25	6648.97162665755
1501.0	47	6648.524922601275
1502.0	47	6648.078249108725
1503.0	34	6647.631606177763
1504.0	32	6647.184993806259
1505.0	43	6646.738411992069
1506.0	36	6646.291860733055
1507.0	41	6645.845340027082
1508.0	32	6645.398849872017
1509.0	39	6644.95239026572
1510.0	40	6644.505961206054
1511.0	27	6644.059562690886
1512.0	50	6643.613194718069
1513.0	35	6643.16685728548
1514.0	33	6642.720550390981
1515.0	31	6642.274274032429
1516.0	39	6641.828028207691
1517.0	44	6641.381812914627
1518.0	32	6640.935628151117
1519.0	38	6640.489473915011
1520.0	38	6640.04335020418
1521.0	43	6639.597257016488
1522.0	27	6639.151194349797
1523.0	32	6638.705162201977
1524.0	38	6638.2591605708885
1525.0	35	6637.813189454413
1526.0	47	6637.367248850389
1527.0	44	6636.921338756707
1528.0	48	6636.4754591712235
1529.0	42	6636.029610091796
1530.0	31	6635.583791516311
1531.0	39	6635.138003442619
1532.0	44	6634.692245868594
1533.0	46	6634.246518792097
1534.0	38	6633.8008222109975
1535.0	31	6633.355156123166
1536.0	35	6632.909520526468
1537.0	43	6632.46391541877
1538.0	37	6632.018340797947
1539.0	47	6631.572796661851
1540.0	41	6631.127283008366
1541.0	43	6630.681799835353
1542.0	34	6630.23634714068
1543.0	33	6629.790924922218
1544.0	22	6629.345533177829
1545.0	37	6628.9001719053895
1546.0	32	6628.454841102763
1547.0	43	6628.0095407678255
1548.0	44	6627.5642708984415
1549.0	38	6627.119031492477
1550.0	51	6626.673822547808
1551.0	33	6626.2286440623
1552.0	26	6625.7834960338205
1553.0	38	6625.33837846025
1554.0	36	6624.8932913394465
1555.0	37	6624.448234669295
1556.0	36	6624.003208447645
1557.0	36	6623.558212672386
1558.0	35	6623.113247341379
1559.0	48	6622.668312452497
1560.0	41	6622.223408003608
1561.0	33	6621.7785339925895
1562.0	36	6621.33369041731
1563.0	29	6620.888877275643
1564.0	38	6620.444094565458
1565.0	41	6619.99934228462
1566.0	36	6619.55462043101
1567.0	30	6619.109929002502
1568.0	39	6618.665267996967
1569.0	33	6618.220637412268
1570.0	37	6617.776037246285
1571.0	25	6617.331467496889
1572.0	35	6616.886928161961
1573.0	30	6616.442419239365
1574.0	31	6615.997940726971
1575.0	35	6615.553492622664
1576.0	29	6615.1090749243
1577.0	28	6614.664687629775
1578.0	47	6614.220330736938
1579.0	28	6613.776004243693
1580.0	38	6613.331708147881
1581.0	29	6612.887442447405
1582.0	34	6612.443207140123
1583.0	35	6611.999002223914
1584.0	42	6611.5548276966465
1585.0	43	6611.11068355621
1586.0	32	6610.666569800463
1587.0	41	6610.22248642729
1588.0	35	6609.77843343457
1589.0	43	6609.334410820172
1590.0	32	6608.890418581968
1591.0	37	6608.446456717844
1592.0	36	6608.002525225668
1593.0	39	6607.558624103318
1594.0	33	6607.11475334867
1595.0	47	6606.670912959603
1596.0	40	6606.227102933994
1597.0	34	6605.783323269714
1598.0	36	6605.339573964643
1599.0	37	6604.895855016658
1600.0	42	6604.452166423641
1601.0	56	6604.008508183462
1602.0	35	6603.564880294
1603.0	39	6603.121282753133
1604.0	36	6602.677715558746
1605.0	41	6602.234178708702
1606.0	24	6601.790672200893
1607.0	30	6601.347196033193
1608.0	40	6600.903750203478
1609.0	45	6600.460334709625
1610.0	32	6600.0169495495165
1611.0	30	6599.57359472103
1612.0	43	6599.130270222047
1613.0	26	6598.686976050446
1614.0	41	6598.2437122041
1615.0	38	6597.8004786808915
1616.0	48	6597.357275478706
1617.0	31	6596.91410259542
1618.0	30	6596.470960028909
1619.0	35	6596.027847777057
1620.0	46	6595.584765837745
1621.0	45	6595.141714208851
1622.0	43	6594.698692888255
1623.0	42	6594.2557018738435
1624.0	39	6593.8127411634905
1625.0	31	6593.36981075508
1626.0	41	6592.926910646495
1627.0	28	6592.484040835606
1628.0	40	6592.041201320307
1629.0	38	6591.598392098479
1630.0	37	6591.1556131679945
1631.0	37	6590.712864526743
1632.0	31	6590.270146172608
1633.0	42	6589.827458103467
1634.0	27	6589.384800317196
1635.0	49	6588.942172811693
1636.0	38	6588.499575584829
1637.0	38	6588.057008634489
1638.0	33	6587.614471958563
1639.0	34	6587.171965554927
1640.0	25	6586.729489421462
1641.0	32	6586.287043556055
1642.0	41	6585.844627956591
1643.0	32	6585.402242620951
1644.0	38	6584.959887547024
1645.0	22	6584.517562732685
1646.0	48	6584.075268175828
1647.0	46	6583.633003874328
1648.0	35	6583.190769826072
1649.0	36	6582.748566028955
1650.0	36	6582.306392480848
1651.0	37	6581.864249179639
1652.0	42	6581.42213612322
1653.0	35	6580.980053309473
1654.0	39	6580.538000736281
1655.0	43	6580.095978401531
1656.0	36	6579.653986303102
1657.0	33	6579.212024438894
1658.0	45	6578.770092806778
1659.0	48	6578.328191404648
1660.0	36	6577.8863202303955
1661.0	35	6577.444479281895
1662.0	34	6577.002668557045
1663.0	30	6576.5608880537175
1664.0	48	6576.119137769815
1665.0	33	6575.677417703216
1666.0	18	6575.235727851805
1667.0	36	6574.794068213479
1668.0	42	6574.35243878612
1669.0	34	6573.910839567608
1670.0	28	6573.469270555849
1671.0	48	6573.027731748711
1672.0	29	6572.5862231441015
1673.0	39	6572.144744739893
1674.0	41	6571.70329653398
1675.0	37	6571.26187852425
1676.0	46	6570.82049070859
1677.0	43	6570.379133084902
1678.0	45	6569.93780565106
1679.0	35	6569.496508404949
1680.0	42	6569.055241344473
1681.0	32	6568.6140044675185
1682.0	39	6568.172797771969
1683.0	29	6567.731621255715
1684.0	53	6567.290474916648
1685.0	41	6566.849358752663
1686.0	33	6566.408272761647
1687.0	38	6565.967216941489
1688.0	26	6565.526191290074
1689.0	31	6565.085195805303
1690.0	23	6564.644230485062
1691.0	27	6564.203295327245
1692.0	45	6563.762390329734
1693.0	35	6563.321515490435
1694.0	32	6562.880670807226
1695.0	48	6562.439856277997
1696.0	28	6561.999071900661
1697.0	30	6561.558317673088
1698.0	39	6561.117593593179
1699.0	38	6560.676899658816
1700.0	36	6560.23623586791
1701.0	37	6559.795602218341
1702.0	37	6559.354998708004
1703.0	37	6558.91442533479
1704.0	31	6558.473882096596
1705.0	32	6558.033368991317
1706.0	44	6557.592886016835
1707.0	31	6557.152433171051
1708.0	29	6556.712010451864
1709.0	34	6556.271617857153
1710.0	46	6555.83125538483
1711.0	42	6555.390923032775
1712.0	44	6554.950620798888
1713.0	35	6554.510348681066
1714.0	35	6554.07010667719
1715.0	54	6553.629894785173
1716.0	41	6553.189713002902
1717.0	31	6552.749561328267
1718.0	36	6552.309439759167
1719.0	32	6551.869348293491
1720.0	34	6551.4292869291485
1721.0	31	6550.989255664026
1722.0	31	6550.549254496023
1723.0	33	6550.109283423032
1724.0	35	6549.669342442941
1725.0	31	6549.229431553665
1726.0	28	6548.789550753087
1727.0	46	6548.349700039108
1728.0	41	6547.909879409614
1729.0	44	6547.4700888625175
1730.0	41	6547.030328395712
1731.0	40	6546.590598007087
1732.0	48	6546.1508976945415
1733.0	42	6545.711227455981
1734.0	30	6545.271587289296
1735.0	25	6544.8319771923825
1736.0	31	6544.392397163143
1737.0	36	6543.952847199469
1738.0	50	6543.513327299265
1739.0	31	6543.073837460428
1740.0	40	6542.634377680859
1741.0	44	6542.194947958448
1742.0	40	6541.755548291105
1743.0	48	6541.316178676719
1744.0	35	6540.8768391131935
1745.0	38	6540.437529598424
1746.0	34	6539.998250130317
1747.0	42	6539.559000706767
1748.0	51	6539.1197813256695
1749.0	33	6538.680591984937
1750.0	39	6538.241432682459
1751.0	37	6537.802303416131
1752.0	31	6537.363204183867
1753.0	32	6536.924134983555
1754.0	32	6536.485095813105
1755.0	33	6536.046086670416
1756.0	44	6535.607107553386
1757.0	38	6535.168158459911
1758.0	43	6534.729239387902
1759.0	32	6534.290350335251
1760.0	43	6533.851491299867
1761.0	31	6533.412662279652
1762.0	41	6532.9738632725
1763.0	38	6532.535094276318
1764.0	31	6532.0963552890025
1765.0	38	6531.657646308467
1766.0	39	6531.218967332609
1767.0	37	6530.780318359326
1768.0	36	6530.341699386524
1769.0	37	6529.9031104121
1770.0	40	6529.464551433968
1771.0	25	6529.026022450025
1772.0	33	6528.587523458181
1773.0	29	6528.14905445632
1774.0	39	6527.710615442368
1775.0	32	6527.272206414215
1776.0	43	6526.833827369775
1777.0	37	6526.395478306936
1778.0	37	6525.957159223622
1779.0	34	6525.518870117724
1780.0	35	6525.080610987147
1781.0	37	6524.6423818298
1782.0	35	6524.204182643586
1783.0	35	6523.766013426408
1784.0	26	6523.327874176177
1785.0	49	6522.889764890793
1786.0	34	6522.451685568163
1787.0	41	6522.0136362061885
1788.0	35	6521.57561680278
1789.0	44	6521.137627355839
1790.0	33	6520.699667863281
1791.0	26	6520.261738322996
1792.0	40	6519.82383873291
1793.0	37	6519.385969090911
1794.0	29	6518.948129394924
1795.0	42	6518.510319642833
1796.0	40	6518.072539832559
1797.0	34	6517.634789962014
1798.0	38	6517.197070029086
1799.0	40	6516.759380031709
1800.0	35	6516.321719967766
1801.0	43	6515.884089835174
1802.0	37	6515.446489631847
1803.0	44	6515.008919355678
1804.0	33	6514.571379004591
1805.0	38	6514.133868576487
1806.0	39	6513.696388069266
1807.0	42	6513.258937480852
1808.0	37	6512.8215168091465
1809.0	40	6512.384126052055
1810.0	35	6511.946765207491
1811.0	42	6511.509434273366
1812.0	41	6511.072133247583
1813.0	37	6510.634862128052
1814.0	36	6510.197620912681
1815.0	40	6509.7604095993875
1816.0	33	6509.323228186076
1817.0	30	6508.886076670663
1818.0	35	6508.448955051043
1819.0	32	6508.011863325139
1820.0	28	6507.574801490861
1821.0	34	6507.137769546117
1822.0	37	6506.7007674888155
1823.0	35	6506.2637953168705
1824.0	28	6505.826853028195
1825.0	36	6505.3899406206965
1826.0	42	6504.953058092285
1827.0	36	6504.516205440871
1828.0	38	6504.079382664379
1829.0	34	6503.642589760705
1830.0	39	6503.205826727765
1831.0	39	6502.769093563479
1832.0	45	6502.332390265748
1833.0	37	6501.895716832488
1834.0	38	6501.45907326162
1835.0	39	6501.022459551048
1836.0	46	6500.585875698685
1837.0	37	6500.149321702448
1838.0	35	6499.712797560242
1839.0	33	6499.276303269988
1840.0	40	6498.839838829604
1841.0	39	6498.403404236992
1842.0	29	6497.966999490066
1843.0	42	6497.53062458675
1844.0	34	6497.094279524955
1845.0	25	6496.657964302593
1846.0	38	6496.221678917575
1847.0	28	6495.785423367812
1848.0	27	6495.349197651239
1849.0	39	6494.9130017657435
1850.0	42	6494.476835709262
1851.0	39	6494.040699479702
1852.0	41	6493.604593074979
1853.0	36	6493.168516493003
1854.0	20	6492.732469731694
1855.0	37	6492.296452788964
1856.0	34	6491.86046566274
1857.0	30	6491.424508350935
1858.0	41	6490.988580851452
1859.0	43	6490.552683162218
1860.0	36	6490.116815281148
1861.0	44	6489.68097720615
1862.0	29	6489.2451689351565
1863.0	39	6488.809390466075
1864.0	45	6488.373641796825
1865.0	44	6487.937922925326
1866.0	45	6487.502233849482
1867.0	28	6487.066574567233
1868.0	27	6486.630945076477
1869.0	32	6486.195345375136
1870.0	40	6485.759775461131
1871.0	38	6485.324235332386
1872.0	37	6484.8887249868085
1873.0	43	6484.453244422323
1874.0	26	6484.017793636839
1875.0	29	6483.582372628294
1876.0	48	6483.146981394585
1877.0	29	6482.711619933651
1878.0	36	6482.276288243394
1879.0	36	6481.840986321739
1880.0	43	6481.4057141666135
1881.0	33	6480.970471775923
1882.0	56	6480.535259147598
1883.0	33	6480.100076279558
1884.0	37	6479.664923169719
1885.0	50	6479.229799816003
1886.0	30	6478.794706216324
1887.0	33	6478.359642368609
1888.0	36	6477.924608270781
1889.0	33	6477.489603920757
1890.0	36	6477.054629316455
1891.0	38	6476.6196844558
1892.0	37	6476.18476933672
1893.0	24	6475.749883957119
1894.0	30	6475.315028314935
1895.0	33	6474.880202408072
1896.0	36	6474.445406234477
1897.0	41	6474.010639792045
1898.0	34	6473.575903078717
1899.0	39	6473.141196092406
1900.0	41	6472.706518831039
1901.0	32	6472.271871292542
1902.0	29	6471.837253474825
1903.0	39	6471.402665375818
1904.0	46	6470.96810699345
1905.0	41	6470.533578325633
1906.0	46	6470.099079370301
1907.0	39	6469.664610125366
1908.0	21	6469.230170588766
1909.0	38	6468.795760758407
1910.0	36	6468.361380632227
1911.0	41	6467.927030208146
1912.0	35	6467.492709484084
1913.0	32	6467.058418457976
1914.0	46	6466.624157127733
1915.0	33	6466.189925491285
1916.0	31	6465.755723546558
1917.0	39	6465.32155129148
1918.0	33	6464.887408723975
1919.0	28	6464.453295841956
1920.0	39	6464.019212643368
1921.0	41	6463.585159126121
1922.0	37	6463.151135288153
1923.0	37	6462.717141127377
1924.0	37	6462.283176641727
1925.0	47	6461.849241829125
1926.0	36	6461.415336687501
1927.0	32	6460.981461214784
1928.0	33	6460.54761540889
1929.0	33	6460.113799267755
1930.0	35	6459.680012789301
1931.0	38	6459.246255971461
1932.0	42	6458.812528812155
1933.0	52	6458.37883130932
1934.0	39	6457.94516346087
1935.0	41	6457.511525264741
1936.0	33	6457.077916718862
1937.0	42	6456.644337821156
1938.0	35	6456.210788569552
1939.0	30	6455.77726896198
1940.0	33	6455.343778996367
1941.0	37	6454.910318670645
1942.0	35	6454.4768879827425
1943.0	43	6454.043486930576
1944.0	36	6453.610115512094
1945.0	39	6453.1767737252085
1946.0	35	6452.743461567861
1947.0	33	6452.31017903797
1948.0	28	6451.876926133475
1949.0	34	6451.443702852305
1950.0	36	6451.010509192378
1951.0	24	6450.577345151635
1952.0	36	6450.144210728004
1953.0	33	6449.7111059194185
1954.0	40	6449.278030723805
1955.0	35	6448.84498513909
1956.0	36	6448.4119691632095
1957.0	39	6447.978982794096
1958.0	39	6447.546026029679
1959.0	40	6447.1130988678815
1960.0	33	6446.680201306642
1961.0	43	6446.247333343896
1962.0	37	6445.814494977568
1963.0	40	6445.381686205595
1964.0	49	6444.948907025909
1965.0	33	6444.516157436435
1966.0	41	6444.083437435111
1967.0	24	6443.650747019867
1968.0	32	6443.218086188638
1969.0	36	6442.785454939352
1970.0	29	6442.352853269952
1971.0	27	6441.92028117836
1972.0	37	6441.4877386625085
1973.0	33	6441.055225720342
1974.0	38	6440.622742349783
1975.0	31	6440.190288548771
1976.0	39	6439.75786431524
1977.0	32	6439.3254696471195
1978.0	40	6438.893104542343
1979.0	44	6438.4607689988525
1980.0	44	6438.028463014576
1981.0	33	6437.596186587442
1982.0	40	6437.163939715405
1983.0	40	6436.7317223963755
1984.0	36	6436.299534628307
1985.0	38	6435.86737640912
1986.0	33	6435.435247736765
1987.0	37	6435.003148609159
1988.0	55	6434.57107902426
1989.0	25	6434.139038979982
1990.0	30	6433.707028474279
1991.0	25	6433.275047505071
1992.0	32	6432.843096070301
1993.0	45	6432.4111741679
1994.0	36	6431.979281795822
1995.0	30	6431.547418951981
1996.0	34	6431.115585634329
1997.0	42	6430.683781840795
1998.0	36	6430.252007569319
1999.0	29	6429.820262817837
2000.0	37	6429.388547584285
2001.0	43	6428.956861866613
2002.0	40	6428.525205662738
2003.0	38	6428.09357897061
2004.0	44	6427.661981788156
2005.0	34	6427.230414113331
2006.0	40	6426.798875944067
2007.0	27	6426.367367278292
2008.0	38	6425.935888113953
2009.0	35	6425.504438448988
2010.0	33	6425.073018281337
2011.0	37	6424.641627608935
2012.0	40	6424.210266429733
2013.0	44	6423.778934741649
2014.0	40	6423.347632542633
2015.0	36	6422.91635983063
2016.0	42	6422.48511660358
2017.0	37	6422.053902859406
2018.0	41	6421.622718596069
2019.0	35	6421.191563811493
2020.0	23	6420.760438503626
2021.0	36	6420.329342670407
2022.0	41	6419.898276309773
2023.0	35	6419.467239419675
2024.0	32	6419.03623199804
2025.0	34	6418.605254042821
2026.0	35	6418.174305551953
2027.0	48	6417.7433865233825
2028.0	25	6417.312496955038
2029.0	31	6416.881636844871
2030.0	44	6416.4508061908255
2031.0	30	6416.020004990836
2032.0	30	6415.589233242854
2033.0	35	6415.15849094481
2034.0	34	6414.727778094653
2035.0	35	6414.297094690323
2036.0	29	6413.866440729768
2037.0	34	6413.43581621092
2038.0	37	6413.005221131736
2039.0	41	6412.574655490147
2040.0	39	6412.144119284102
2041.0	33	6411.713612511536
2042.0	32	6411.283135170408
2043.0	43	6410.852687258648
2044.0	36	6410.422268774209
2045.0	41	6409.991879715028
2046.0	32	6409.56152007905
2047.0	37	6409.131189864224
2048.0	43	6408.700889068487
2049.0	52	6408.270617689792
2050.0	33	6407.840375726074
2051.0	37	6407.410163175288
2052.0	37	6406.979980035371
2053.0	36	6406.549826304269
2054.0	36	6406.119701979934
2055.0	23	6405.689607060305
2056.0	35	6405.259541543324
2057.0	25	6404.829505426949
2058.0	27	6404.399498709115
2059.0	39	6403.969521387771
2060.0	34	6403.5395734608655
2061.0	34	6403.109654926342
2062.0	42	6402.679765782142
2063.0	33	6402.2499060262235
2064.0	33	6401.8200756565275
2065.0	35	6401.390274670998
2066.0	29	6400.960503067592
2067.0	40	6400.530760844242
2068.0	29	6400.1010479989045
2069.0	41	6399.671364529522
2070.0	38	6399.24171043405
2071.0	39	6398.8120857104295
2072.0	50	6398.382490356606
2073.0	34	6397.952924370541
2074.0	30	6397.523387750164
2075.0	36	6397.093880493436
2076.0	36	6396.664402598303
2077.0	25	6396.234954062712
2078.0	36	6395.805534884613
2079.0	43	6395.376145061956
2080.0	41	6394.9467845926865
2081.0	28	6394.517453474753
2082.0	34	6394.088151706108
2083.0	32	6393.658879284702
2084.0	34	6393.229636208489
2085.0	45	6392.800422475401
2086.0	40	6392.3712380834095
2087.0	39	6391.942083030448
2088.0	33	6391.512957314482
2089.0	35	6391.083860933443
2090.0	50	6390.654793885298
2091.0	39	6390.22575616799
2092.0	39	6389.796747779471
2093.0	35	6389.3677687177005
2094.0	29	6388.938818980609
2095.0	42	6388.50989856617
2096.0	32	6388.081007472321
2097.0	41	6387.652145697014
2098.0	29	6387.223313238212
2099.0	38	6386.794510093847
2100.0	48	6386.365736261898
2101.0	36	6385.936991740293
2102.0	45	6385.508276526994
2103.0	29	6385.079590619958
2104.0	36	6384.650934017128
2105.0	46	6384.222306716459
2106.0	28	6383.793708715907
2107.0	25	6383.365140013431
2108.0	41	6382.936600606971
2109.0	40	6382.508090494487
2110.0	47	6382.079609673937
2111.0	52	6381.651158143263
2112.0	28	6381.222735900431
2113.0	33	6380.79434294339
2114.0	34	6380.365979270089
2115.0	33	6379.937644878485
2116.0	37	6379.509339766538
2117.0	37	6379.0810639321935
2118.0	26	6378.652817373413
2119.0	33	6378.224600088152
2120.0	39	6377.796412074365
2121.0	34	6377.368253329995
2122.0	34	6376.940123853014
2123.0	22	6376.512023641373
2124.0	36	6376.083952693018
2125.0	42	6375.655911005917
2126.0	40	6375.227898578015
2127.0	33	6374.79991540728
2128.0	27	6374.371961491653
2129.0	36	6373.9440368291
2130.0	33	6373.516141417578
2131.0	36	6373.088275255044
2132.0	40	6372.660438339449
2133.0	50	6372.232630668757
2134.0	46	6371.804852240915
2135.0	37	6371.377103053888
2136.0	27	6370.949383105635
2137.0	41	6370.521692394105
2138.0	37	6370.094030917261
2139.0	32	6369.666398673059
2140.0	47	6369.238795659461
2141.0	36	6368.811221874422
2142.0	50	6368.383677315899
2143.0	38	6367.956161981847
2144.0	39	6367.528675870236
2145.0	40	6367.101218979014
2146.0	39	6366.673791306139
2147.0	28	6366.246392849581
2148.0	21	6365.819023607286
2149.0	27	6365.391683577222
2150.0	28	6364.9643727573475
2151.0	39	6364.537091145617
2152.0	36	6364.10983873999
2153.0	34	6363.682615538431
2154.0	36	6363.255421538904
2155.0	50	6362.828256739358
2156.0	44	6362.40112113776
2157.0	43	6361.974014732063
2158.0	46	6361.546937520239
2159.0	39	6361.119889500239
2160.0	44	6360.692870670035
2161.0	38	6360.265881027573
2162.0	34	6359.838920570822
2163.0	33	6359.4119892977515
2164.0	28	6358.985087206303
2165.0	30	6358.558214294451
2166.0	40	6358.13137056016
2167.0	49	6357.704556001385
2168.0	36	6357.277770616091
2169.0	30	6356.851014402242
2170.0	36	6356.424287357794
2171.0	39	6355.9975894807085
2172.0	45	6355.570920768953
2173.0	26	6355.144281220496
2174.0	32	6354.717670833293
2175.0	36	6354.291089605303
2176.0	43	6353.864537534498
2177.0	41	6353.4380146188305
2178.0	44	6353.011520856278
2179.0	38	6352.585056244797
2180.0	27	6352.158620782345
2181.0	43	6351.73221446689
2182.0	34	6351.305837296403
2183.0	38	6350.879489268843
2184.0	37	6350.453170382171
2185.0	47	6350.026880634357
2186.0	50	6349.600620023361
2187.0	35	6349.174388547153
2188.0	39	6348.748186203695
2189.0	34	6348.322012990954
2190.0	43	6347.895868906882
2191.0	30	6347.469753949463
2192.0	29	6347.04366811666
2193.0	34	6346.617611406425
2194.0	36	6346.191583816728
2195.0	35	6345.765585345547
2196.0	37	6345.33961599084
2197.0	32	6344.913675750567
2198.0	43	6344.487764622704
2199.0	40	6344.061882605214
2200.0	27	6343.636029696063
2201.0	35	6343.210205893219
2202.0	49	6342.784411194646
2203.0	36	6342.358645598315
2204.0	32	6341.93290910219
2205.0	26	6341.507201704243
2206.0	45	6341.0815234024385
2207.0	47	6340.655874194737
2208.0	35	6340.230254079124
2209.0	47	6339.80466305355
2210.0	50	6339.37910111599
2211.0	30	6338.953568264405
2212.0	38	6338.528064496781
2213.0	37	6338.102589811072
2214.0	31	6337.677144205255
2215.0	33	6337.251727677282
2216.0	36	6336.826340225145
2217.0	36	6336.4009818467985
2218.0	46	6335.97565254022
2219.0	36	6335.550352303367
2220.0	34	6335.125081134224
2221.0	33	6334.69983903075
2222.0	44	6334.274625990912
2223.0	47	6333.849442012694
2224.0	28	6333.424287094057
2225.0	41	6332.999161232972
2226.0	44	6332.574064427405
2227.0	42	6332.148996675335
2228.0	40	6331.723957974731
2229.0	31	6331.298948323562
2230.0	28	6330.873967719789
2231.0	40	6330.449016161406
2232.0	41	6330.024093646366
2233.0	34	6329.599200172646
2234.0	38	6329.1743357382165
2235.0	37	6328.749500341049
2236.0	39	6328.324693979116
2237.0	45	6327.899916650391
2238.0	35	6327.475168352844
2239.0	43	6327.050449084451
2240.0	37	6326.625758843184
2241.0	39	6326.201097627004
2242.0	44	6325.776465433904
2243.0	47	6325.351862261841
2244.0	37	6324.927288108791
2245.0	27	6324.502742972732
2246.0	36	6324.078226851628
2247.0	36	6323.653739743465
2248.0	39	6323.229281646211
2249.0	35	6322.804852557833
2250.0	39	6322.380452476315
2251.0	36	6321.956081399628
2252.0	64	6321.531739325752
2253.0	37	6321.107426252647
2254.0	47	6320.683142178294
2255.0	32	6320.258887100674
2256.0	43	6319.834661017744
2257.0	44	6319.410463927506
2258.0	41	6318.986295827916
2259.0	45	6318.562156716955
2260.0	44	6318.138046592592
2261.0	40	6317.713965452813
2262.0	30	6317.289913295586
2263.0	32	6316.8658901188855
2264.0	45	6316.441895920695
2265.0	36	6316.017930698991
2266.0	32	6315.593994451734
2267.0	31	6315.170087176921
2268.0	44	6314.746208872515
2269.0	31	6314.322359536495
2270.0	43	6313.898539166846
2271.0	31	6313.474747761534
2272.0	27	6313.05098531854
2273.0	27	6312.627251835847
2274.0	39	6312.203547311419
2275.0	37	6311.77987174325
2276.0	28	6311.356225129306
2277.0	36	6310.932607467567
2278.0	44	6310.5090187560145
2279.0	45	6310.085458992621
2280.0	38	6309.661928175371
2281.0	31	6309.238426302236
2282.0	42	6308.814953371199
2283.0	37	6308.391509380243
2284.0	40	6307.968094327342
2285.0	29	6307.544708210469
2286.0	26	6307.121351027613
2287.0	33	6306.69802277675
2288.0	49	6306.274723455852
2289.0	31	6305.851453062915
2290.0	33	6305.4282115959095
2291.0	38	6305.004999052803
2292.0	31	6304.5818154316
2293.0	29	6304.158660730258
2294.0	39	6303.735534946774
2295.0	52	6303.312438079117
2296.0	37	6302.88937012528
2297.0	25	6302.466331083225
2298.0	33	6302.043320950954
2299.0	34	6301.620339726429
2300.0	28	6301.197387407644
2301.0	22	6300.774463992583
2302.0	33	6300.351569479213
2303.0	45	6299.928703865523
2304.0	46	6299.505867149496
2305.0	44	6299.083059329111
2306.0	42	6298.660280402358
2307.0	38	6298.23753036721
2308.0	39	6297.814809221647
2309.0	32	6297.3921169636615
2310.0	25	6296.969453591238
2311.0	41	6296.546819102341
2312.0	37	6296.124213494973
2313.0	30	6295.701636767104
2314.0	39	6295.279088916722
2315.0	35	6294.856569941813
2316.0	39	6294.434079840365
2317.0	35	6294.011618610349
2318.0	47	6293.589186249745
2319.0	31	6293.166782756561
2320.0	33	6292.744408128757
2321.0	45	6292.322062364329
2322.0	27	6291.89974546126
2323.0	42	6291.477457417532
2324.0	31	6291.05519823113
2325.0	44	6290.632967900038
2326.0	38	6290.210766422244
2327.0	36	6289.788593795738
2328.0	38	6289.366450018489
2329.0	38	6288.944335088497
2330.0	35	6288.522249003743
2331.0	28	6288.100191762215
2332.0	43	6287.678163361887
2333.0	42	6287.256163800761
2334.0	30	6286.8341930768165
2335.0	40	6286.412251188037
2336.0	42	6285.990338132416
2337.0	38	6285.568453907927
2338.0	31	6285.146598512568
2339.0	40	6284.724771944323
2340.0	39	6284.3029742011795
2341.0	27	6283.881205281119
2342.0	30	6283.459465182138
2343.0	34	6283.037753902216
2344.0	31	6282.616071439351
2345.0	40	6282.1944177915175
2346.0	35	6281.772792956708
2347.0	43	6281.35119693291
2348.0	33	6280.929629718116
2349.0	51	6280.508091310309
2350.0	33	6280.086581707483
2351.0	51	6279.6651009076195
2352.0	32	6279.243648908714
2353.0	42	6278.8222257087555
2354.0	32	6278.40083130572
2355.0	38	6277.979465697612
2356.0	45	6277.558128882413
2357.0	42	6277.136820858118
2358.0	36	6276.715541622708
2359.0	40	6276.294291174181
2360.0	37	6275.873069510526
2361.0	31	6275.451876629725
2362.0	43	6275.03071252977
2363.0	35	6274.609577208659
2364.0	34	6274.188470664379
2365.0	42	6273.767392894923
2366.0	37	6273.346343898272
2367.0	40	6272.925323672427
2368.0	31	6272.504332215375
2369.0	30	6272.083369525101
2370.0	30	6271.662435599604
2371.0	38	6271.24153043688
2372.0	33	6270.820654034906
2373.0	38	6270.399806391689
2374.0	33	6269.978987505209
2375.0	39	6269.558197373469
2376.0	31	6269.137435994449
2377.0	35	6268.71670336615
2378.0	43	6268.295999486562
2379.0	34	6267.875324353669
2380.0	33	6267.454677965485
2381.0	38	6267.03406031998
2382.0	27	6266.613471415157
2383.0	36	6266.1929112490125
2384.0	42	6265.772379819535
2385.0	34	6265.351877124718
2386.0	39	6264.931403162557
2387.0	28	6264.510957931042
2388.0	40	6264.090541428175
2389.0	40	6263.670153651938
2390.0	42	6263.24979460034
2391.0	34	6262.829464271363
2392.0	29	6262.409162663002
2393.0	48	6261.988889773255
2394.0	42	6261.568645600116
2395.0	39	6261.148430141583
2396.0	34	6260.728243395651
2397.0	42	6260.308085360309
2398.0	32	6259.887956033561
2399.0	38	6259.46785541339
2400.0	41	6259.047783497805
2401.0	36	6258.627740284789
2402.0	40	6258.207725772347
2403.0	29	6257.787739958473
2404.0	32	6257.367782841166
2405.0	38	6256.947854418418
2406.0	35	6256.527954688218
2407.0	36	6256.10808364858
2408.0	45	6255.688241297486
2409.0	40	6255.268427632938
2410.0	27	6254.848642652938
2411.0	37	6254.428886355478
2412.0	42	6254.009158738554
2413.0	32	6253.589459800165
2414.0	35	6253.169789538313
2415.0	29	6252.750147950983
2416.0	45	6252.330535036189
2417.0	30	6251.910950791916
2418.0	32	6251.491395216176
2419.0	33	6251.0718683069545
2420.0	40	6250.65237006225
2421.0	29	6250.232900480071
2422.0	40	6249.813459558406
2423.0	22	6249.39404729526
2424.0	31	6248.974663688634
2425.0	36	6248.555308736522
2426.0	31	6248.1359824369265
2427.0	34	6247.716684787845
2428.0	36	6247.297415787275
2429.0	38	6246.878175433215
2430.0	29	6246.4589637236795
2431.0	36	6246.039780656652
2432.0	40	6245.620626230129
2433.0	25	6245.2015004421355
2434.0	36	6244.782403290648
2435.0	31	6244.363334773679
2436.0	33	6243.944294889227
2437.0	40	6243.525283635285
2438.0	41	6243.106301009865
2439.0	40	6242.687347010963
2440.0	41	6242.268421636581
2441.0	37	6241.849524884721
2442.0	25	6241.43065675339
2443.0	43	6241.01181724058
2444.0	33	6240.593006344298
2445.0	36	6240.174224062539
2446.0	44	6239.755470393319
2447.0	30	6239.336745334628
2448.0	44	6238.918048884471
2449.0	39	6238.499381040856
2450.0	42	6238.080741801779
2451.0	30	6237.662131165251
2452.0	36	6237.2435491292645
2453.0	37	6236.824995691836
2454.0	36	6236.406470850952
2455.0	32	6235.987974604628
2456.0	44	6235.56950695087
2457.0	35	6235.151067887672
2458.0	35	6234.732657413042
2459.0	42	6234.314275524982
2460.0	38	6233.895922221506
2461.0	36	6233.477597500601
2462.0	42	6233.059301360289
2463.0	33	6232.641033798567
2464.0	33	6232.222794813431
2465.0	33	6231.804584402901
2466.0	48	6231.386402564978
2467.0	33	6230.968249297662
2468.0	25	6230.550124598953
2469.0	48	6230.132028466878
2470.0	31	6229.713960899422
2471.0	36	6229.295921894594
2472.0	44	6228.8779114504105
2473.0	43	6228.459929564867
2474.0	40	6228.041976235979
2475.0	46	6227.624051461739
2476.0	27	6227.206155240169
2477.0	33	6226.788287569259
2478.0	44	6226.370448447035
2479.0	45	6225.952637871486
2480.0	41	6225.534855840632
2481.0	44	6225.117102352474
2482.0	29	6224.699377405016
2483.0	37	6224.28168099628
2484.0	38	6223.86401312425
2485.0	41	6223.44637378696
2486.0	39	6223.028762982398
2487.0	31	6222.611180708574
2488.0	30	6222.193626963513
2489.0	43	6221.776101745202
2490.0	33	6221.358605051662
2491.0	38	6220.941136880899
2492.0	35	6220.523697230927
2493.0	41	6220.106286099742
2494.0	32	6219.6889034853575
2495.0	27	6219.271549385798
2496.0	45	6218.854223799046
2497.0	40	6218.436926723132
2498.0	26	6218.019658156064
2499.0	32	6217.60241809584
2500.0	28	6217.185206540476
2501.0	47	6216.768023487981
2502.0	44	6216.350868936367
2503.0	27	6215.933742883649
2504.0	43	6215.516645327832
2505.0	35	6215.099576266924
2506.0	38	6214.68253569894
2507.0	32	6214.265523621889
2508.0	38	6213.848540033784
2509.0	34	6213.431584932628
2510.0	33	6213.014658316442
2511.0	36	6212.597760183245
2512.0	42	6212.180890531025
2513.0	38	6211.764049357812
2514.0	43	6211.347236661613
2515.0	31	6210.930452440439
2516.0	38	6210.513696692304
2517.0	34	6210.096969415216
2518.0	29	6209.680270607195
2519.0	41	6209.263600266246
2520.0	46	6208.846958390387
2521.0	32	6208.430344977632
2522.0	33	6208.013760025985
2523.0	34	6207.597203533468
2524.0	32	6207.180675498093
2525.0	34	6206.764175917864
2526.0	38	6206.347704790813
2527.0	40	6205.931262114931
2528.0	37	6205.514847888254
2529.0	41	6205.098462108782
2530.0	28	6204.682104774539
2531.0	33	6204.265775883521
2532.0	36	6203.849475433764
2533.0	47	6203.4332034232775
2534.0	37	6203.016959850063
2535.0	43	6202.600744712151
2536.0	43	6202.184558007546
2537.0	43	6201.768399734264
2538.0	41	6201.352269890333
2539.0	43	6200.936168473751
2540.0	41	6200.520095482543
2541.0	43	6200.104050914725
2542.0	37	6199.688034768313
2543.0	35	6199.272047041316
2544.0	32	6198.856087731761
2545.0	41	6198.440156837654
2546.0	26	6198.02425435702
2547.0	29	6197.608380287871
2548.0	33	6197.1925346282205
2549.0	39	6196.776717376088
2550.0	30	6196.360928529495
2551.0	41	6195.945168086456
2552.0	44	6195.52943604499
2553.0	33	6195.113732403106
2554.0	37	6194.698057158831
2555.0	41	6194.282410310183
2556.0	26	6193.866791855167
2557.0	38	6193.451201791815
2558.0	34	6193.035640118142
2559.0	29	6192.6201068321625
2560.0	37	6192.204601931899
2561.0	37	6191.7891254153665
2562.0	34	6191.373677280585
2563.0	31	6190.958257525571
2564.0	36	6190.542866148351
2565.0	39	6190.127503146933
2566.0	39	6189.712168519348
2567.0	35	6189.29686226361
2568.0	32	6188.881584377736
2569.0	27	6188.4663348597505
2570.0	35	6188.051113707668
2571.0	31	6187.635920919513
2572.0	44	6187.220756493301
2573.0	33	6186.805620427057
2574.0	41	6186.390512718802
2575.0	37	6185.975433366554
2576.0	37	6185.560382368339
2577.0	44	6185.145359722163
2578.0	38	6184.730365426059
2579.0	42	6184.315399478051
2580.0	30	6183.900461876148
2581.0	39	6183.4855526183865
2582.0	31	6183.070671702775
2583.0	35	6182.655819127339
2584.0	34	6182.240994890107
2585.0	34	6181.826198989093
2586.0	35	6181.411431422316
2587.0	39	6180.996692187816
2588.0	45	6180.581981283595
2589.0	35	6180.167298707685
2590.0	35	6179.75264445811
2591.0	37	6179.338018532889
2592.0	37	6178.923420930047
2593.0	34	6178.5088516476
2594.0	36	6178.094310683589
2595.0	37	6177.679798036018
2596.0	39	6177.265313702919
2597.0	43	6176.850857682316
2598.0	46	6176.436429972236
2599.0	40	6176.022030570695
2600.0	39	6175.607659475722
2601.0	31	6175.193316685342
2602.0	36	6174.779002197579
2603.0	37	6174.364716010452
2604.0	46	6173.950458121985
2605.0	33	6173.536228530215
2606.0	40	6173.122027233159
2607.0	34	6172.707854228843
2608.0	45	6172.293709515292
2609.0	31	6171.879593090534
2610.0	34	6171.465504952587
2611.0	31	6171.051445099484
2612.0	32	6170.637413529247
2613.0	35	6170.2234102399
2614.0	33	6169.809435229477
2615.0	41	6169.395488495996
2616.0	26	6168.981570037488
2617.0	37	6168.567679851983
2618.0	36	6168.153817937497
2619.0	29	6167.739984292066
2620.0	26	6167.326178913714
2621.0	33	6166.912401800466
2622.0	33	6166.498652950345
2623.0	36	6166.0849323613975
2624.0	42	6165.671240031629
2625.0	30	6165.257575959074
2626.0	37	6164.843940141767
2627.0	38	6164.430332577731
2628.0	37	6164.016753264988
2629.0	43	6163.60320220158
2630.0	32	6163.189679385522
2631.0	37	6162.776184814852
2632.0	47	6162.362718487596
2633.0	40	6161.949280401782
2634.0	23	6161.535870555432
2635.0	24	6161.122488946587
2636.0	29	6160.709135573271
2637.0	28	6160.295810433507
2638.0	27	6159.882513525335
2639.0	24	6159.469244846775
2640.0	38	6159.0560043958685
2641.0	35	6158.642792170638
2642.0	43	6158.2296081691065
2643.0	36	6157.816452389321
2644.0	44	6157.403324829296
2645.0	32	6156.990225487072
2646.0	33	6156.57715436068
2647.0	40	6156.164111448137
2648.0	27	6155.751096747492
2649.0	38	6155.33811025676
2650.0	31	6154.925151973987
2651.0	37	6154.5122218972
2652.0	34	6154.099320024421
2653.0	43	6153.686446353689
2654.0	36	6153.273600883036
2655.0	41	6152.860783610497
2656.0	30	6152.447994534098
2657.0	32	6152.035233651869
2658.0	34	6151.622500961847
2659.0	35	6151.209796462063
2660.0	34	6150.797120150554
2661.0	33	6150.384472025349
2662.0	33	6149.971852084478
2663.0	42	6149.559260325978
2664.0	39	6149.146696747881
2665.0	43	6148.734161348223
2666.0	47	6148.321654125027
2667.0	54	6147.90917507634
2668.0	43	6147.496724200188
2669.0	28	6147.084301494611
2670.0	37	6146.671906957636
2671.0	39	6146.259540587294
2672.0	43	6145.8472023816375
2673.0	37	6145.434892338675
2674.0	48	6145.022610456466
2675.0	40	6144.610356733024
2676.0	44	6144.1981311664
2677.0	32	6143.785933754622
2678.0	46	6143.373764495726
2679.0	38	6142.961623387742
2680.0	45	6142.54951042871
2681.0	38	6142.13742561667
2682.0	35	6141.725368949651
2683.0	42	6141.313340425693
2684.0	22	6140.9013400428275
2685.0	43	6140.489367799099
2686.0	34	6140.077423692535
2687.0	36	6139.665507721173
2688.0	37	6139.253619883051
2689.0	36	6138.841760176209
2690.0	31	6138.429928598681
2691.0	37	6138.018125148502
2692.0	33	6137.606349823709
2693.0	37	6137.194602622346
2694.0	36	6136.782883542438
2695.0	45	6136.371192582039
2696.0	39	6135.959529739168
2697.0	38	6135.5478950118795
2698.0	40	6135.136288398197
2699.0	36	6134.724709896171
2700.0	37	6134.313159503837
2701.0	46	6133.9016372192245
2702.0	42	6133.490143040384
2703.0	44	6133.078676965345
2704.0	30	6132.667238992147
2705.0	34	6132.255829118837
2706.0	31	6131.8444473434465
2707.0	41	6131.433093664012
2708.0	28	6131.0217680785845
2709.0	32	6130.610470585194
2710.0	39	6130.19920118188
2711.0	43	6129.78795986669
2712.0	39	6129.376746637658
2713.0	44	6128.965561492823
2714.0	37	6128.554404430221
2715.0	48	6128.1432754479065
2716.0	34	6127.732174543907
2717.0	42	6127.321101716272
2718.0	45	6126.910056963039
2719.0	31	6126.499040282238
2720.0	35	6126.088051671931
2721.0	28	6125.677091130144
2722.0	32	6125.26615865492
2723.0	25	6124.855254244301
2724.0	41	6124.444377896335
2725.0	46	6124.033529609057
2726.0	43	6123.6227093805155
2727.0	39	6123.211917208737
2728.0	37	6122.801153091788
2729.0	40	6122.390417027686
2730.0	34	6121.97970901449
2731.0	41	6121.5690290502325
2732.0	33	6121.158377132965
2733.0	34	6120.74775326073
2734.0	41	6120.33715743156
2735.0	34	6119.926589643505
2736.0	45	6119.516049894612
2737.0	26	6119.105538182919
2738.0	28	6118.69505450647
2739.0	39	6118.284598863308
2740.0	43	6117.874171251483
2741.0	30	6117.463771669032
2742.0	39	6117.053400113997
2743.0	37	6116.643056584431
2744.0	37	6116.232741078371
2745.0	29	6115.822453593869
2746.0	25	6115.412194128963
2747.0	33	6115.001962681702
2748.0	39	6114.591759250123
2749.0	42	6114.1815838322855
2750.0	40	6113.7714364262165
2751.0	40	6113.3613170299805
2752.0	43	6112.95122564161
2753.0	38	6112.541162259154
2754.0	36	6112.131126880654
2755.0	33	6111.721119504167
2756.0	46	6111.311140127726
2757.0	28	6110.901188749389
2758.0	37	6110.491265367192
2759.0	41	6110.081369979191
2760.0	39	6109.6715025834255
2761.0	38	6109.261663177948
2762.0	30	6108.851851760799
2763.0	35	6108.442068330026
2764.0	26	6108.032312883684
2765.0	43	6107.622585419816
2766.0	26	6107.212885936465
2767.0	31	6106.803214431679
2768.0	30	6106.393570903515
2769.0	41	6105.983955350012
2770.0	39	6105.574367769223
2771.0	32	6105.16480815919
2772.0	34	6104.755276517967
2773.0	33	6104.3457728436
2774.0	31	6103.936297134139
2775.0	30	6103.526849387633
2776.0	29	6103.117429602124
2777.0	41	6102.708037775675
2778.0	35	6102.298673906321
2779.0	23	6101.8893379921155
2780.0	27	6101.480030031114
2781.0	34	6101.070750021362
2782.0	27	6100.6614979609085
2783.0	33	6100.252273847803
2784.0	30	6099.8430776800915
2785.0	30	6099.433909455838
2786.0	29	6099.024769173078
2787.0	24	6098.615656829865
2788.0	32	6098.206572424251
2789.0	36	6097.797515954296
2790.0	37	6097.388487418032
2791.0	34	6096.979486813529
2792.0	38	6096.570514138824
2793.0	34	6096.161569391974
2794.0	37	6095.752652571031
2795.0	41	6095.343763674041
2796.0	34	6094.934902699066
2797.0	38	6094.5260696441455
2798.0	41	6094.117264507342
2799.0	38	6093.708487286707
2800.0	35	6093.299737980285
2801.0	25	6092.891016586132
2802.0	32	6092.482323102298
2803.0	41	6092.073657526839
2804.0	40	6091.665019857808
2805.0	30	6091.25641009326
2806.0	34	6090.847828231243
2807.0	32	6090.439274269809
2808.0	22	6090.030748207024
2809.0	36	6089.622250040927
2810.0	26	6089.213779769571
2811.0	40	6088.805337391021
2812.0	41	6088.3969229033255
2813.0	25	6087.988536304538
2814.0	33	6087.580177592705
2815.0	33	6087.171846765898
2816.0	44	6086.7635438221605
2817.0	37	6086.355268759545
2818.0	33	6085.947021576114
2819.0	33	6085.538802269911
2820.0	44	6085.130610839006
2821.0	29	6084.722447281444
2822.0	26	6084.314311595278
2823.0	29	6083.906203778577
2824.0	33	6083.49812382938
2825.0	43	6083.090071745754
2826.0	35	6082.682047525746
2827.0	36	6082.274051167422
2828.0	34	6081.866082668835
2829.0	36	6081.458142028035
2830.0	28	6081.0502292430765
2831.0	42	6080.642344312029
2832.0	29	6080.234487232945
2833.0	41	6079.826658003874
2834.0	24	6079.41885662288
2835.0	31	6079.011083088021
2836.0	30	6078.603337397346
2837.0	40	6078.19561954891
2838.0	37	6077.787929540789
2839.0	37	6077.3802673710225
2840.0	31	6076.9726330376825
2841.0	29	6076.565026538811
2842.0	34	6076.157447872482
2843.0	41	6075.749897036743
2844.0	33	6075.342374029652
2845.0	44	6074.934878849277
2846.0	28	6074.527411493672
2847.0	39	6074.1199719608885
2848.0	37	6073.7125602489905
2849.0	34	6073.305176356045
2850.0	38	6072.8978202801
2851.0	44	6072.490492019217
2852.0	44	6072.083191571457
2853.0	28	6071.675918934882
2854.0	39	6071.268674107549
2855.0	27	6070.8614570875125
2856.0	48	6070.454267872843
2857.0	32	6070.047106461598
2858.0	34	6069.6399728518345
2859.0	46	6069.232867041609
2860.0	27	6068.825789028992
2861.0	33	6068.418738812039
2862.0	35	6068.011716388811
2863.0	23	6067.60472175737
2864.0	40	6067.197754915771
2865.0	35	6066.7908158620885
2866.0	33	6066.38390459437
2867.0	28	6065.977021110685
2868.0	38	6065.570165409091
2869.0	39	6065.163337487656
2870.0	37	6064.75653734443
2871.0	38	6064.34976497749
2872.0	47	6063.9430203848915
2873.0	39	6063.53630356469
2874.0	37	6063.129614514957
2875.0	28	6062.722953233753
2876.0	33	6062.316319719147
2877.0	43	6061.909713969188
2878.0	34	6061.503135981946
2879.0	50	6061.096585755487
2880.0	41	6060.69006328787
2881.0	38	6060.283568577156
2882.0	32	6059.87710162142
2883.0	32	6059.470662418715
2884.0	35	6059.064250967105
2885.0	38	6058.657867264664
2886.0	25	6058.251511309448
2887.0	37	6057.845183099517
2888.0	37	6057.438882632949
2889.0	39	6057.032609907795
2890.0	32	6056.62636492213
2891.0	35	6056.220147674018
2892.0	40	6055.813958161508
2893.0	43	6055.407796382685
2894.0	40	6055.001662335611
2895.0	37	6054.595556018338
2896.0	43	6054.189477428949
2897.0	31	6053.783426565499
2898.0	37	6053.377403426049
2899.0	26	6052.971408008681
2900.0	31	6052.565440311449
2901.0	37	6052.159500332423
2902.0	43	6051.75358806967
2903.0	36	6051.3477035212545
2904.0	30	6050.941846685242
2905.0	37	6050.536017559704
2906.0	34	6050.130216142701
2907.0	31	6049.724442432312
2908.0	43	6049.318696426586
2909.0	34	6048.912978123604
2910.0	37	6048.5072875214355
2911.0	29	6048.1016246181325
2912.0	35	6047.695989411782
2913.0	30	6047.290381900437
2914.0	40	6046.884802082175
2915.0	26	6046.47924995505
2916.0	25	6046.073725517149
2917.0	33	6045.668228766532
2918.0	37	6045.262759701271
2919.0	30	6044.857318319427
2920.0	38	6044.451904619076
2921.0	43	6044.046518598277
2922.0	29	6043.641160255113
2923.0	38	6043.235829587647
2924.0	33	6042.830526593942
2925.0	45	6042.425251272074
2926.0	42	6042.020003620118
2927.0	36	6041.614783636139
2928.0	38	6041.209591318198
2929.0	40	6040.804426664383
2930.0	32	6040.399289672747
2931.0	48	6039.994180341371
2932.0	30	6039.589098668317
2933.0	42	6039.184044651672
2934.0	32	6038.779018289489
2935.0	26	6038.374019579844
2936.0	53	6037.969048520809
2937.0	36	6037.564105110463
2938.0	38	6037.159189346861
2939.0	34	6036.754301228093
2940.0	31	6036.349440752218
2941.0	34	6035.94460791731
2942.0	39	6035.539802721441
2943.0	32	6035.135025162689
2944.0	30	6034.73027523912
2945.0	34	6034.325552948803
2946.0	31	6033.920858289819
2947.0	37	6033.5161912602325
2948.0	34	6033.111551858123
2949.0	36	6032.706940081561
2950.0	41	6032.30235592862
2951.0	40	6031.897799397371
2952.0	37	6031.493270485888
2953.0	39	6031.08876919225
2954.0	37	6030.684295514521
2955.0	43	6030.2798494507815
2956.0	44	6029.8754309991045
2957.0	40	6029.471040157562
2958.0	33	6029.066676924226
2959.0	31	6028.662341297173
2960.0	34	6028.258033274484
2961.0	37	6027.853752854222
2962.0	39	6027.449500034466
2963.0	31	6027.045274813297
2964.0	29	6026.641077188785
2965.0	37	6026.236907159
2966.0	27	6025.832764722022
2967.0	40	6025.4286498759275
2968.0	33	6025.024562618795
2969.0	32	6024.620502948694
2970.0	45	6024.2164708637
2971.0	34	6023.812466361894
2972.0	41	6023.408489441349
2973.0	43	6023.004540100146
2974.0	39	6022.60061833635
2975.0	40	6022.196724148047
2976.0	36	6021.792857533304
2977.0	32	6021.3890184902075
2978.0	27	6020.985207016837
2979.0	38	6020.581423111261
2980.0	34	6020.1776667715585
2981.0	30	6019.773937995811
2982.0	41	6019.370236782088
2983.0	39	6018.966563128477
2984.0	47	6018.562917033045
2985.0	31	6018.159298493882
2986.0	33	6017.7557075090535
2987.0	27	6017.352144076643
2988.0	32	6016.9486081947325
2989.0	23	6016.545099861391
2990.0	46	6016.141619074711
2991.0	37	6015.738165832756
2992.0	34	6015.334740133614
2993.0	30	6014.931341975364
2994.0	37	6014.527971356084
2995.0	36	6014.124628273851
2996.0	37	6013.721312726746
2997.0	41	6013.318024712847
2998.0	31	6012.914764230228
2999.0	29	6012.511531276986
3000.0	25	6012.1083258511835
3001.0	29	6011.705147950908
3002.0	30	6011.301997574246
3003.0	30	6010.898874719263
3004.0	31	6010.495779384045
3005.0	31	6010.09271156668
3006.0	37	6009.689671265245
3007.0	45	6009.286658477815
3008.0	37	6008.883673202475
3009.0	41	6008.4807154373075
3010.0	32	6008.077785180396
3011.0	36	6007.674882429818
3012.0	34	6007.272007183649
3013.0	28	6006.869159439982
3014.0	32	6006.466339196896
3015.0	34	6006.063546452465
3016.0	42	6005.660781204785
3017.0	48	6005.258043451928
3018.0	32	6004.855333191975
3019.0	30	6004.452650423012
3020.0	32	6004.049995143123
3021.0	31	6003.6473673503915
3022.0	38	6003.244767042896
3023.0	41	6002.842194218726
3024.0	30	6002.439648875955
3025.0	39	6002.037131012672
3026.0	37	6001.634640626962
3027.0	35	6001.232177716912
3028.0	59	6000.829742280595
3029.0	29	6000.4273343161085
3030.0	38	6000.0249538215185
3031.0	28	5999.622600794928
3032.0	36	5999.220275234411
3033.0	30	5998.817977138049
3034.0	31	5998.415706503933
3035.0	35	5998.013463330149
3036.0	42	5997.611247614772
3037.0	24	5997.209059355898
3038.0	41	5996.806898551612
3039.0	40	5996.404765199991
3040.0	35	5996.002659299122
3041.0	37	5995.60058084709
3042.0	31	5995.198529841996
3043.0	33	5994.796506281902
3044.0	41	5994.394510164902
3045.0	43	5993.9925414891
3046.0	30	5993.590600252556
3047.0	53	5993.188686453372
3048.0	33	5992.786800089633
3049.0	27	5992.384941159414
3050.0	31	5991.983109660819
3051.0	42	5991.581305591923
3052.0	34	5991.179528950816
3053.0	45	5990.777779735591
3054.0	49	5990.376057944322
3055.0	39	5989.97436357511
3056.0	44	5989.572696626038
3057.0	37	5989.171057095189
3058.0	42	5988.769444980653
3059.0	32	5988.367860280523
3060.0	36	5987.966302992886
3061.0	33	5987.56477311583
3062.0	40	5987.163270647432
3063.0	36	5986.761795585795
3064.0	41	5986.360347929
3065.0	45	5985.958927675143
3066.0	40	5985.557534822301
3067.0	50	5985.156169368579
3068.0	31	5984.754831312053
3069.0	42	5984.353520650816
3070.0	30	5983.952237382959
3071.0	34	5983.550981506571
3072.0	34	5983.149753019747
3073.0	33	5982.74855192056
3074.0	34	5982.3473782071205
3075.0	29	5981.9462318775095
3076.0	40	5981.545112929815
3077.0	38	5981.144021362132
3078.0	39	5980.742957172549
3079.0	46	5980.341920359154
3080.0	39	5979.940910920049
3081.0	53	5979.53992885331
3082.0	45	5979.138974157031
3083.0	28	5978.738046829318
3084.0	41	5978.337146868248
3085.0	24	5977.936274271913
3086.0	39	5977.5354290384075
3087.0	43	5977.134611165821
3088.0	41	5976.73382065225
3089.0	53	5976.333057495792
3090.0	24	5975.932321694524
3091.0	24	5975.531613246547
3092.0	45	5975.13093214995
3093.0	39	5974.730278402833
3094.0	28	5974.3296520032845
3095.0	33	5973.929052949394
3096.0	35	5973.528481239263
3097.0	53	5973.127936870972
3098.0	33	5972.727419842626
3099.0	35	5972.326930152314
3100.0	39	5971.926467798127
3101.0	34	5971.52603277816
3102.0	33	5971.125625090512
3103.0	41	5970.725244733272
3104.0	34	5970.324891704528
3105.0	45	5969.924566002392
3106.0	34	5969.524267624944
3107.0	44	5969.123996570283
3108.0	30	5968.7237528365
3109.0	34	5968.323536421698
3110.0	29	5967.923347323964
3111.0	32	5967.523185541396
3112.0	43	5967.123051072085
3113.0	39	5966.722943914129
3114.0	35	5966.322864065637
3115.0	36	5965.922811524685
3116.0	36	5965.522786289378
3117.0	33	5965.12278835781
3118.0	32	5964.722817728074
3119.0	35	5964.3228743982745
3120.0	33	5963.922958366503
3121.0	26	5963.523069630851
3122.0	31	5963.123208189424
3123.0	34	5962.723374040306
3124.0	37	5962.323567181611
3125.0	37	5961.923787611429
3126.0	32	5961.524035327852
3127.0	33	5961.12431032898
3128.0	31	5960.724612612911
3129.0	34	5960.3249421777455
3130.0	45	5959.925299021572
3131.0	42	5959.525683142499
3132.0	39	5959.12609453862
3133.0	44	5958.7265332080315
3134.0	40	5958.326999148843
3135.0	39	5957.927492359135
3136.0	41	5957.5280128370105
3137.0	29	5957.128560580577
3138.0	37	5956.7291355879215
3139.0	34	5956.32973785716
3140.0	30	5955.930367386377
3141.0	30	5955.531024173677
3142.0	36	5955.131708217155
3143.0	38	5954.732419514917
3144.0	26	5954.333158065051
3145.0	27	5953.933923865674
3146.0	38	5953.534716914871
3147.0	47	5953.135537210751
3148.0	31	5952.736384751411
3149.0	31	5952.337259534947
3150.0	40	5951.938161559466
3151.0	33	5951.539090823067
3152.0	38	5951.140047323847
3153.0	36	5950.74103105991
3154.0	41	5950.342042029358
3155.0	29	5949.943080230292
3156.0	45	5949.544145660808
3157.0	39	5949.145238319009
3158.0	33	5948.7463582029995
3159.0	33	5948.347505310881
3160.0	45	5947.94867964076
3161.0	30	5947.549881190725
3162.0	37	5947.151109958891
3163.0	32	5946.75236594335
3164.0	37	5946.353649142213
3165.0	29	5945.954959553575
3166.0	29	5945.5562971755435
3167.0	27	5945.15766200622
3168.0	36	5944.759054043705
3169.0	36	5944.36047328611
3170.0	45	5943.96191973153
3171.0	33	5943.563393378063
3172.0	27	5943.164894223828
3173.0	37	5942.766422266914
3174.0	29	5942.367977505435
3175.0	43	5941.969559937485
3176.0	36	5941.571169561177
3177.0	39	5941.172806374606
3178.0	40	5940.774470375892
3179.0	28	5940.37616156312
3180.0	25	5939.977879934405
3181.0	38	5939.579625487848
3182.0	29	5939.181398221562
3183.0	45	5938.783198133641
3184.0	38	5938.3850252221955
3185.0	31	5937.986879485327
3186.0	45	5937.588760921149
3187.0	48	5937.19066952776
3188.0	27	5936.792605303267
3189.0	40	5936.394568245768
3190.0	41	5935.996558353388
3191.0	38	5935.598575624216
3192.0	38	5935.20062005636
3193.0	46	5934.802691647936
3194.0	37	5934.40479039704
3195.0	52	5934.006916301784
3196.0	38	5933.609069360269
3197.0	35	5933.211249570611
3198.0	29	5932.813456930908
3199.0	28	5932.415691439273
3200.0	36	5932.017953093812
3201.0	27	5931.620241892635
3202.0	36	5931.222557833838
3203.0	32	5930.824900915539
3204.0	42	5930.427271135844
3205.0	40	5930.029668492863
3206.0	34	5929.632092984695
3207.0	32	5929.234544609457
3208.0	19	5928.837023365253
3209.0	33	5928.439529250195
3210.0	38	5928.042062262389
3211.0	31	5927.6446223999465
3212.0	35	5927.247209660971
3213.0	38	5926.849824043569
3214.0	41	5926.452465545865
3215.0	37	5926.055134165951
3216.0	36	5925.657829901947
3217.0	35	5925.2605527519545
3218.0	33	5924.86330271409
3219.0	42	5924.466079786456
3220.0	50	5924.068883967174
3221.0	45	5923.671715254341
3222.0	41	5923.274573646077
3223.0	33	5922.877459140487
3224.0	39	5922.480371735686
3225.0	51	5922.0833114297775
3226.0	31	5921.686278220875
3227.0	34	5921.2892721070975
3228.0	33	5920.892293086546
3229.0	32	5920.49534115733
3230.0	32	5920.098416317567
3231.0	26	5919.701518565366
3232.0	38	5919.3046478988435
3233.0	40	5918.907804316104
3234.0	30	5918.5109878152625
3235.0	35	5918.114198394432
3236.0	33	5917.717436051723
3237.0	35	5917.320700785245
3238.0	41	5916.923992593114
3239.0	33	5916.527311473437
3240.0	21	5916.130657424342
3241.0	35	5915.734030443924
3242.0	41	5915.337430530299
3243.0	36	5914.940857681587
3244.0	43	5914.544311895902
3245.0	45	5914.147793171346
3246.0	40	5913.751301506047
3247.0	31	5913.354836898102
3248.0	41	5912.9583993456445
3249.0	36	5912.56198884677
3250.0	27	5912.165605399603
3251.0	37	5911.76924900225
3252.0	37	5911.372919652832
3253.0	37	5910.976617349458
3254.0	34	5910.58034209025
3255.0	34	5910.184093873315
3256.0	41	5909.787872696776
3257.0	32	5909.391678558739
3258.0	36	5908.9955114573195
3259.0	42	5908.599371390635
3260.0	35	5908.203258356806
3261.0	34	5907.807172353947
3262.0	39	5907.411113380162
3263.0	33	5907.015081433583
3264.0	50	5906.619076512307
3265.0	41	5906.223098614466
3266.0	25	5905.827147738173
3267.0	35	5905.431223881543
3268.0	27	5905.035327042687
3269.0	39	5904.639457219725
3270.0	30	5904.243614410775
3271.0	29	5903.8477986139615
3272.0	33	5903.4520098273815
3273.0	34	5903.05624804917
3274.0	28	5902.660513277434
3275.0	35	5902.264805510296
3276.0	30	5901.869124745876
3277.0	38	5901.473470982278
3278.0	37	5901.077844217638
3279.0	32	5900.682244450061
3280.0	25	5900.286671677674
3281.0	54	5899.8911258985845
3282.0	33	5899.495607110917
3283.0	40	5899.100115312788
3284.0	27	5898.704650502323
3285.0	27	5898.309212677629
3286.0	28	5897.913801836831
3287.0	37	5897.518417978056
3288.0	36	5897.123061099403
3289.0	30	5896.727731199015
3290.0	25	5896.33242827499
3291.0	24	5895.937152325462
3292.0	27	5895.541903348542
3293.0	38	5895.146681342353
3294.0	32	5894.751486305015
3295.0	31	5894.35631823465
3296.0	32	5893.9611771293785
3297.0	31	5893.566062987314
3298.0	26	5893.17097580658
3299.0	46	5892.775915585302
3300.0	38	5892.3808823215895
3301.0	33	5891.985876013579
3302.0	28	5891.590896659383
3303.0	33	5891.195944257119
3304.0	35	5890.80101880491
3305.0	29	5890.406120300887
3306.0	31	5890.011248743156
3307.0	31	5889.616404129852
3308.0	27	5889.221586459085
3309.0	35	5888.82679572899
3310.0	36	5888.4320319376775
3311.0	36	5888.0372950832725
3312.0	37	5887.642585163903
3313.0	42	5887.247902177684
3314.0	34	5886.85324612274
3315.0	33	5886.458616997199
3316.0	36	5886.064014799176
3317.0	34	5885.669439526802
3318.0	34	5885.274891178194
3319.0	33	5884.880369751479
3320.0	32	5884.485875244781
3321.0	32	5884.091407656217
3322.0	31	5883.696966983913
3323.0	40	5883.3025532259935
3324.0	34	5882.908166380586
3325.0	27	5882.513806445814
3326.0	39	5882.119473419796
3327.0	36	5881.72516730066
3328.0	41	5881.3308880865325
3329.0	30	5880.9366357755325
3330.0	41	5880.542410365789
3331.0	36	5880.148211855427
3332.0	33	5879.7540402425675
3333.0	37	5879.359895525339
3334.0	29	5878.9657777018665
3335.0	26	5878.57168677028
3336.0	29	5878.177622728692
3337.0	35	5877.783585575244
3338.0	43	5877.38957530805
3339.0	45	5876.995591925237
3340.0	32	5876.601635424933
3341.0	22	5876.207705805267
3342.0	33	5875.813803064366
3343.0	30	5875.419927200351
3344.0	30	5875.02607821135
3345.0	34	5874.632256095492
3346.0	35	5874.238460850905
3347.0	39	5873.844692475715
3348.0	32	5873.450950968047
3349.0	40	5873.057236326026
3350.0	43	5872.663548547785
3351.0	30	5872.269887631448
3352.0	41	5871.876253575146
3353.0	45	5871.482646376999
3354.0	41	5871.089066035143
3355.0	26	5870.695512547703
3356.0	42	5870.301985912813
3357.0	45	5869.908486128593
3358.0	42	5869.515013193167
3359.0	29	5869.121567104678
3360.0	32	5868.728147861248
3361.0	35	5868.334755461007
3362.0	43	5867.941389902076
3363.0	35	5867.548051182592
3364.0	30	5867.154739300685
3365.0	36	5866.761454254484
3366.0	38	5866.368196042119
3367.0	33	5865.974964661712
3368.0	37	5865.5817601114
3369.0	40	5865.188582389313
3370.0	38	5864.795431493575
3371.0	43	5864.40230742232
3372.0	44	5864.009210173682
3373.0	38	5863.616139745786
3374.0	31	5863.223096136767
3375.0	34	5862.830079344753
3376.0	29	5862.437089367876
3377.0	39	5862.044126204263
3378.0	38	5861.651189852048
3379.0	44	5861.2582803093665
3380.0	39	5860.865397574349
3381.0	28	5860.472541645115
3382.0	42	5860.079712519812
3383.0	30	5859.686910196567
3384.0	41	5859.2941346735015
3385.0	27	5858.901385948764
3386.0	27	5858.508664020473
3387.0	34	5858.11596888677
3388.0	30	5857.723300545788
3389.0	36	5857.330658995648
3390.0	27	5856.938044234497
3391.0	36	5856.545456260451
3392.0	31	5856.152895071663
3393.0	36	5855.7603606662515
3394.0	40	5855.367853042361
3395.0	38	5854.975372198109
3396.0	41	5854.582918131648
3397.0	37	5854.190490841096
3398.0	37	5853.798090324593
3399.0	38	5853.405716580278
3400.0	35	5853.013369606274
3401.0	27	5852.621049400721
3402.0	41	5852.228755961759
3403.0	38	5851.836489287511
3404.0	39	5851.444249376125
3405.0	39	5851.0520362257175
3406.0	35	5850.6598498344465
3407.0	39	5850.267690200425
3408.0	35	5849.875557321803
3409.0	39	5849.483451196711
3410.0	31	5849.091371823277
3411.0	43	5848.699319199653
3412.0	39	5848.307293323956
3413.0	34	5847.9152941943385
3414.0	32	5847.523321808928
3415.0	38	5847.13137616586
3416.0	37	5846.739457263274
3417.0	42	5846.347565099295
3418.0	28	5845.95569967208
3419.0	39	5845.563860979746
3420.0	37	5845.172049020448
3421.0	39	5844.780263792307
3422.0	35	5844.3885052934675
3423.0	36	5843.996773522065
3424.0	38	5843.605068476233
3425.0	45	5843.213390154119
3426.0	38	5842.82173855385
3427.0	38	5842.430113673573
3428.0	33	5842.038515511416
3429.0	28	5841.6469440655255
3430.0	35	5841.25539933403
3431.0	39	5840.863881315077
3432.0	41	5840.472390006801
3433.0	35	5840.080925407345
3434.0	46	5839.68948751484
3435.0	38	5839.298076327429
3436.0	42	5838.906691843253
3437.0	37	5838.51533406044
3438.0	47	5838.124002977144
3439.0	40	5837.7326985914915
3440.0	35	5837.341420901636
3441.0	43	5836.950169905699
3442.0	40	5836.5589456018415
3443.0	33	5836.16774798818
3444.0	41	5835.776577062878
3445.0	32	5835.385432824057
3446.0	38	5834.994315269863
3447.0	35	5834.603224398437
3448.0	35	5834.212160207921
3449.0	39	5833.821122696459
3450.0	44	5833.430111862176
3451.0	40	5833.039127703232
3452.0	34	5832.648170217761
3453.0	34	5832.257239403899
3454.0	29	5831.866335259795
3455.0	32	5831.4754577835865
3456.0	26	5831.084606973407
3457.0	36	5830.693782827416
3458.0	34	5830.30298534374
3459.0	34	5829.912214520532
3460.0	44	5829.521470355924
3461.0	41	5829.130752848063
3462.0	44	5828.74006199509
3463.0	25	5828.3493977951575
3464.0	30	5827.958760246394
3465.0	46	5827.56814934694
3466.0	28	5827.177565094957
3467.0	48	5826.787007488566
3468.0	36	5826.396476525924
3469.0	44	5826.005972205177
3470.0	34	5825.61549452446
3471.0	33	5825.225043481917
3472.0	33	5824.834619075692
3473.0	37	5824.44422130393
3474.0	33	5824.053850164782
3475.0	38	5823.6635056563755
3476.0	27	5823.273187776871
3477.0	36	5822.8828965244065
3478.0	34	5822.492631897126
3479.0	25	5822.102393893173
3480.0	34	5821.7121825106915
3481.0	37	5821.321997747833
3482.0	40	5820.931839602732
3483.0	36	5820.5417080735415
3484.0	46	5820.1516031584115
3485.0	37	5819.7615248554675
3486.0	38	5819.371473162882
3487.0	31	5818.98144807878
3488.0	31	5818.591449601308
3489.0	41	5818.201477728629
3490.0	24	5817.811532458868
3491.0	41	5817.42161379019
3492.0	41	5817.031721720722
3493.0	28	5816.641856248626
3494.0	33	5816.252017372047
3495.0	35	5815.862205089123
3496.0	40	5815.472419398014
3497.0	35	5815.082660296851
3498.0	33	5814.692927783787
3499.0	20	5814.303221856975
3500.0	43	5813.913542514562
3501.0	49	5813.523889754685
3502.0	36	5813.134263575505
3503.0	34	5812.7446639751615
3504.0	35	5812.355090951799
3505.0	28	5811.965544503572
3506.0	43	5811.576024628635
3507.0	30	5811.186531325126
3508.0	37	5810.797064591189
3509.0	29	5810.40762442499
3510.0	23	5810.018210824656
3511.0	40	5809.628823788352
3512.0	37	5809.239463314222
3513.0	38	5808.850129400421
3514.0	31	5808.460822045088
3515.0	40	5808.071541246378
3516.0	33	5807.682287002436
3517.0	30	5807.29305931142
3518.0	27	5806.903858171465
3519.0	29	5806.514683580743
3520.0	28	5806.125535537378
3521.0	40	5805.736414039539
3522.0	36	5805.347319085375
3523.0	30	5804.958250673032
3524.0	25	5804.569208800657
3525.0	28	5804.180193466405
3526.0	31	5803.791204668432
3527.0	39	5803.402242404878
3528.0	28	5803.013306673895
3529.0	49	5802.6243974736435
3530.0	40	5802.235514802274
3531.0	40	5801.846658657928
3532.0	42	5801.457829038762
3533.0	29	5801.069025942931
3534.0	26	5800.680249368583
3535.0	42	5800.29149931387
3536.0	25	5799.9027757769545
3537.0	42	5799.514078755971
3538.0	38	5799.125408249088
3539.0	35	5798.73676425444
3540.0	37	5798.348146770194
3541.0	34	5797.9595557944995
3542.0	51	5797.5709913255105
3543.0	26	5797.1824533613835
3544.0	40	5796.79394190026
3545.0	40	5796.405456940303
3546.0	37	5796.016998479662
3547.0	35	5795.628566516493
3548.0	31	5795.240161048944
3549.0	36	5794.851782075171
3550.0	27	5794.463429593341
3551.0	28	5794.075103601586
3552.0	34	5793.686804098076
3553.0	32	5793.298531080964
3554.0	30	5792.910284548397
3555.0	24	5792.5220644985375
3556.0	36	5792.1338709295305
3557.0	37	5791.745703839547
3558.0	30	5791.357563226721
3559.0	34	5790.969449089225
3560.0	31	5790.581361425208
3561.0	43	5790.19330023282
3562.0	30	5789.805265510233
3563.0	40	5789.417257255583
3564.0	27	5789.029275467032
3565.0	23	5788.6413201427495
3566.0	41	5788.253391280873
3567.0	32	5787.8654888795645
3568.0	34	5787.477612936986
3569.0	38	5787.089763451288
3570.0	32	5786.70194042063
3571.0	29	5786.3141438431685
3572.0	32	5785.926373717056
3573.0	28	5785.538630040454
3574.0	29	5785.150912811524
3575.0	37	5784.763222028414
3576.0	36	5784.375557689293
3577.0	39	5783.987919792299
3578.0	27	5783.600308335611
3579.0	18	5783.212723317369
3580.0	37	5782.825164735747
3581.0	39	5782.437632588895
3582.0	37	5782.050126874965
3583.0	37	5781.662647592133
3584.0	35	5781.275194738538
3585.0	29	5780.887768312351
3586.0	41	5780.500368311726
3587.0	46	5780.112994734817
3588.0	37	5779.725647579797
3589.0	39	5779.338326844811
3590.0	39	5778.951032528026
3591.0	31	5778.563764627599
3592.0	30	5778.17652314169
3593.0	29	5777.789308068458
3594.0	21	5777.402119406064
3595.0	49	5777.014957152674
3596.0	38	5776.627821306431
3597.0	36	5776.240711865504
3598.0	35	5775.853628828064
3599.0	28	5775.466572192254
3600.0	29	5775.079541956251
3601.0	41	5774.692538118201
3602.0	35	5774.305560676272
3603.0	38	5773.918609628624
3604.0	31	5773.531684973417
3605.0	32	5773.14478670881
3606.0	30	5772.7579148329705
3607.0	45	5772.371069344061
3608.0	32	5771.984250240239
3609.0	37	5771.597457519664
3610.0	29	5771.210691180501
3611.0	36	5770.823951220912
3612.0	30	5770.437237639063
3613.0	36	5770.050550433101
3614.0	35	5769.663889601207
3615.0	42	5769.277255141531
3616.0	34	5768.8906470522425
3617.0	35	5768.504065331508
3618.0	43	5768.1175099774755
3619.0	39	5767.730980988322
3620.0	31	5767.344478362203
3621.0	30	5766.958002097285
3622.0	35	5766.571552191734
3623.0	27	5766.18512864371
3624.0	51	5765.79873145137
3625.0	33	5765.412360612897
3626.0	27	5765.026016126435
3627.0	34	5764.639697990161
3628.0	44	5764.253406202231
3629.0	31	5763.867140760813
3630.0	34	5763.480901664076
3631.0	44	5763.094688910171
3632.0	33	5762.708502497279
3633.0	46	5762.322342423555
3634.0	39	5761.9362086871715
3635.0	36	5761.550101286278
3636.0	36	5761.164020219058
3637.0	39	5760.777965483675
3638.0	28	5760.391937078282
3639.0	40	5760.00593500105
3640.0	34	5759.619959250146
3641.0	37	5759.234009823744
3642.0	25	5758.848086719996
3643.0	39	5758.462189937079
3644.0	28	5758.076319473149
3645.0	38	5757.690475326385
3646.0	29	5757.304657494946
3647.0	38	5756.918865976997
3648.0	38	5756.533100770709
3649.0	35	5756.14736187425
3650.0	43	5755.761649285779
3651.0	21	5755.375963003476
3652.0	41	5754.990303025498
3653.0	30	5754.604669350013
3654.0	33	5754.219061975193
3655.0	41	5753.833480899213
3656.0	31	5753.447926120217
3657.0	37	5753.062397636403
3658.0	32	5752.676895445915
3659.0	27	5752.291419546934
3660.0	41	5751.905969937623
3661.0	30	5751.5205466161615
3662.0	42	5751.135149580696
3663.0	32	5750.74977882942
3664.0	37	5750.364434360484
3665.0	43	5749.979116172066
3666.0	24	5749.593824262337
3667.0	34	5749.208558629455
3668.0	28	5748.823319271607
3669.0	30	5748.438106186945
3670.0	39	5748.052919373651
3671.0	31	5747.66775882989
3672.0	33	5747.282624553834
3673.0	41	5746.897516543653
3674.0	32	5746.512434797511
3675.0	40	5746.12737931359
3676.0	14	5745.742350090044
3677.0	41	5745.357347125062
3678.0	38	5744.9723704168
3679.0	42	5744.587419963439
3680.0	38	5744.202495763144
3681.0	34	5743.817597814092
3682.0	34	5743.432726114443
3683.0	33	5743.047880662384
3684.0	41	5742.663061456078
3685.0	37	5742.278268493693
3686.0	55	5741.8935017734075
3687.0	37	5741.508761293394
3688.0	48	5741.12404705182
3689.0	33	5740.73935904686
3690.0	36	5740.354697276686
3691.0	34	5739.970061739461
3692.0	40	5739.585452433378
3693.0	40	5739.2008693566
3694.0	27	5738.816312507289
3695.0	41	5738.431781883634
3696.0	35	5738.047277483801
3697.0	32	5737.662799305961
3698.0	23	5737.278347348291
3699.0	44	5736.893921608971
3700.0	36	5736.50952208616
3701.0	30	5736.125148778044
3702.0	43	5735.740801682791
3703.0	33	5735.356480798573
3704.0	44	5734.972186123566
3705.0	29	5734.58791765595
3706.0	42	5734.203675393893
3707.0	28	5733.819459335575
3708.0	41	5733.435269479168
3709.0	39	5733.051105822843
3710.0	32	5732.666968364779
3711.0	40	5732.28285710315
3712.0	44	5731.8987720361365
3713.0	40	5731.514713161902
3714.0	29	5731.130680478634
3715.0	34	5730.746673984497
3716.0	33	5730.362693677683
3717.0	37	5729.978739556352
3718.0	36	5729.594811618684
3719.0	37	5729.210909862854
3720.0	34	5728.827034287048
3721.0	31	5728.443184889427
3722.0	27	5728.059361668186
3723.0	42	5727.675564621483
3724.0	42	5727.2917937475095
3725.0	31	5726.908049044438
3726.0	37	5726.524330510438
3727.0	36	5726.140638143691
3728.0	35	5725.756971942381
3729.0	44	5725.373331904681
3730.0	36	5724.989718028762
3731.0	33	5724.606130312813
3732.0	36	5724.222568755009
3733.0	36	5723.839033353519
3734.0	31	5723.455524106525
3735.0	36	5723.0720410122185
3736.0	36	5722.688584068762
3737.0	42	5722.305153274336
3738.0	24	5721.9217486271245
3739.0	34	5721.538370125297
3740.0	31	5721.1550177670515
3741.0	38	5720.771691550548
3742.0	31	5720.388391473971
3743.0	39	5720.005117535505
3744.0	30	5719.621869733325
3745.0	41	5719.23864806561
3746.0	38	5718.855452530538
3747.0	40	5718.4722831262925
3748.0	34	5718.089139851052
3749.0	36	5717.706022703003
3750.0	39	5717.322931680315
3751.0	35	5716.939866781173
3752.0	35	5716.556828003759
3753.0	37	5716.17381534625
3754.0	45	5715.790828806825
3755.0	45	5715.407868383674
3756.0	34	5715.024934074973
3757.0	30	5714.642025878894
3758.0	33	5714.259143793637
3759.0	29	5713.876287817362
3760.0	33	5713.4934579482715
3761.0	39	5713.110654184531
3762.0	36	5712.72787652433
3763.0	32	5712.345124965851
3764.0	41	5711.962399507271
3765.0	38	5711.579700146778
3766.0	28	5711.197026882553
3767.0	27	5710.8143797127705
3768.0	45	5710.431758635619
3769.0	38	5710.049163649281
3770.0	40	5709.666594751945
3771.0	37	5709.284051941777
3772.0	36	5708.901535216984
3773.0	37	5708.519044575728
3774.0	34	5708.136580016204
3775.0	35	5707.754141536587
3776.0	39	5707.371729135075
3777.0	26	5706.989342809836
3778.0	51	5706.606982559064
3779.0	38	5706.224648380937
3780.0	44	5705.842340273641
3781.0	33	5705.460058235355
3782.0	39	5705.0778022642735
3783.0	30	5704.69557235858
3784.0	34	5704.3133685164485
3785.0	47	5703.931190736072
3786.0	28	5703.549039015636
3787.0	45	5703.1669133533205
3788.0	29	5702.784813747318
3789.0	52	5702.402740195804
3790.0	37	5702.020692696968
3791.0	37	5701.638671248999
3792.0	36	5701.256675850084
3793.0	26	5700.874706498401
3794.0	29	5700.492763192139
3795.0	32	5700.110845929489
3796.0	25	5699.7289547086275
3797.0	39	5699.347089527745
3798.0	25	5698.9652503850375
3799.0	28	5698.583437278671
3800.0	48	5698.201650206854
3801.0	44	5697.819889167759
3802.0	32	5697.438154159581
3803.0	33	5697.056445180501
3804.0	25	5696.674762228711
3805.0	40	5696.2931053023885
3806.0	38	5695.911474399739
3807.0	40	5695.529869518929
3808.0	33	5695.148290658163
3809.0	38	5694.7667378156275
3810.0	35	5694.385210989494
3811.0	34	5694.003710177968
3812.0	38	5693.622235379229
3813.0	34	5693.240786591471
3814.0	32	5692.859363812878
3815.0	33	5692.477967041644
3816.0	34	5692.096596275949
3817.0	42	5691.715251513988
3818.0	23	5691.3339327539525
3819.0	44	5690.952639994021
3820.0	48	5690.571373232398
3821.0	42	5690.190132467259
3822.0	30	5689.808917696796
3823.0	40	5689.427728919209
3824.0	32	5689.046566132674
3825.0	46	5688.665429335392
3826.0	36	5688.284318525545
3827.0	41	5687.903233701326
3828.0	25	5687.522174860929
3829.0	45	5687.141142002543
3830.0	37	5686.76013512435
3831.0	36	5686.379154224555
3832.0	43	5685.998199301337
3833.0	42	5685.617270352892
3834.0	40	5685.236367377408
3835.0	39	5684.855490373081
3836.0	34	5684.474639338097
3837.0	36	5684.093814270649
3838.0	42	5683.713015168937
3839.0	38	5683.3322420311415
3840.0	43	5682.95149485546
3841.0	40	5682.5707736400755
3842.0	31	5682.190078383192
3843.0	40	5681.809409083002
3844.0	33	5681.42876573769
3845.0	35	5681.048148345444
3846.0	36	5680.667556904475
3847.0	31	5680.286991412956
3848.0	31	5679.906451869096
3849.0	34	5679.525938271075
3850.0	26	5679.145450617093
3851.0	39	5678.7649889053455
3852.0	47	5678.384553134017
3853.0	34	5678.004143301306
3854.0	31	5677.623759405416
3855.0	46	5677.243401444518
3856.0	37	5676.863069416831
3857.0	39	5676.482763320531
3858.0	32	5676.102483153818
3859.0	32	5675.7222289148895
3860.0	39	5675.342000601933
3861.0	34	5674.961798213153
3862.0	38	5674.581621746736
3863.0	32	5674.201471200877
3864.0	31	5673.821346573778
3865.0	32	5673.441247863627
3866.0	38	5673.061175068621
3867.0	28	5672.6811281869495
3868.0	44	5672.301107216823
3869.0	33	5671.921112156422
3870.0	44	5671.541143003954
3871.0	38	5671.161199757606
3872.0	46	5670.7812824155735
3873.0	30	5670.401390976065
3874.0	43	5670.021525437266
3875.0	36	5669.641685797366
3876.0	34	5669.261872054581
3877.0	41	5668.882084207088
3878.0	33	5668.502322253101
3879.0	42	5668.122586190804
3880.0	38	5667.742876018398
3881.0	36	5667.363191734078
3882.0	43	5666.983533336053
3883.0	43	5666.603900822505
3884.0	43	5666.224294191638
3885.0	44	5665.844713441648
3886.0	35	5665.465158570742
3887.0	33	5665.085629577102
3888.0	40	5664.70612645894
3889.0	41	5664.326649214445
3890.0	33	5663.947197841813
3891.0	39	5663.567772339257
3892.0	33	5663.1883727049635
3893.0	39	5662.808998937135
3894.0	23	5662.429651033971
3895.0	31	5662.050328993661
3896.0	37	5661.671032814416
3897.0	27	5661.291762494433
3898.0	34	5660.912518031915
3899.0	37	5660.53329942505
3900.0	31	5660.154106672037
3901.0	41	5659.774939771089
3902.0	33	5659.395798720403
3903.0	36	5659.016683518166
3904.0	31	5658.6375941625965
3905.0	28	5658.258530651878
3906.0	34	5657.879492984221
3907.0	41	5657.5004811578265
3908.0	38	5657.121495170881
3909.0	30	5656.742535021607
3910.0	36	5656.363600708188
3911.0	36	5655.984692228835
3912.0	44	5655.605809581745
3913.0	35	5655.226952765115
3914.0	41	5654.848121777157
3915.0	36	5654.46931661606
3916.0	32	5654.090537280042
3917.0	43	5653.711783767288
3918.0	29	5653.333056076009
3919.0	36	5652.9543542044
3920.0	36	5652.575678150669
3921.0	33	5652.197027913019
3922.0	42	5651.818403489654
3923.0	29	5651.439804878766
3924.0	41	5651.061232078576
3925.0	44	5650.68268508726
3926.0	27	5650.304163903047
3927.0	37	5649.92566852413
3928.0	38	5649.547198948705
3929.0	26	5649.168755174987
3930.0	36	5648.790337201175
3931.0	37	5648.411945025472
3932.0	32	5648.033578646077
3933.0	43	5647.655238061206
3934.0	29	5647.276923269042
3935.0	39	5646.898634267812
3936.0	26	5646.520371055714
3937.0	31	5646.142133630942
3938.0	36	5645.763921991708
3939.0	46	5645.385736136222
3940.0	36	5645.00757606268
3941.0	28	5644.6294417692825
3942.0	28	5644.251333254248
3943.0	33	5643.873250515771
3944.0	30	5643.495193552064
3945.0	24	5643.117162361333
3946.0	38	5642.739156941769
3947.0	37	5642.361177291596
3948.0	40	5641.98322340901
3949.0	50	5641.60529529222
3950.0	36	5641.227392939427
3951.0	34	5640.849516348848
3952.0	25	5640.471665518676
3953.0	27	5640.093840447127
3954.0	25	5639.716041132401
3955.0	35	5639.338267572708
3956.0	34	5638.9605197662595
3957.0	29	5638.582797711247
3958.0	35	5638.205101405894
3959.0	24	5637.8274308484015
3960.0	37	5637.449786036981
3961.0	51	5637.072166969827
3962.0	28	5636.694573645163
3963.0	44	5636.317006061182
3964.0	29	5635.93946421611
3965.0	40	5635.561948108138
3966.0	37	5635.184457735475
3967.0	35	5634.80699309634
3968.0	34	5634.429554188931
3969.0	39	5634.052141011469
3970.0	38	5633.674753562142
3971.0	35	5633.29739183918
3972.0	35	5632.92005584078
3973.0	33	5632.542745565157
3974.0	39	5632.165461010519
3975.0	37	5631.788202175068
3976.0	36	5631.410969057019
3977.0	42	5631.033761654582
3978.0	35	5630.656579965963
3979.0	34	5630.279423989376
3980.0	41	5629.902293723033
3981.0	38	5629.525189165135
3982.0	27	5629.148110313896
3983.0	35	5628.771057167533
3984.0	44	5628.394029724241
3985.0	38	5628.017027982247
3986.0	28	5627.640051939757
3987.0	37	5627.263101594973
3988.0	32	5626.886176946119
3989.0	41	5626.50927799139
3990.0	37	5626.132404729013
3991.0	40	5625.755557157196
3992.0	37	5625.378735274137
3993.0	36	5625.001939078067
3994.0	34	5624.625168567178
3995.0	34	5624.248423739703
3996.0	52	5623.871704593831
3997.0	44	5623.495011127796
3998.0	36	5623.118343339791
3999.0	30	5622.741701228044
4000.0	37	5622.365084790758
4001.0	32	5621.988494026146
4002.0	35	5621.611928932422
4003.0	35	5621.235389507803
4004.0	27	5620.8588757504995
4005.0	35	5620.482387658717
4006.0	30	5620.105925230682
4007.0	43	5619.729488464596
4008.0	46	5619.35307735868
4009.0	41	5618.9766919111435
4010.0	47	5618.600332120193
4011.0	36	5618.223997984061
4012.0	37	5617.847689500952
4013.0	35	5617.471406669068
4014.0	30	5617.095149486641
4015.0	37	5616.718917951885
4016.0	47	5616.342712063
4017.0	45	5615.9665318182115
4018.0	39	5615.590377215724
4019.0	36	5615.214248253766
4020.0	37	5614.838144930549
4021.0	43	5614.462067244276
4022.0	30	5614.086015193177
4023.0	34	5613.709988775463
4024.0	27	5613.3339879893465
4025.0	30	5612.958012833038
4026.0	39	5612.582063304768
4027.0	37	5612.206139402739
4028.0	33	5611.830241125173
4029.0	33	5611.45436847029
4030.0	21	5611.078521436297
4031.0	37	5610.702700021415
4032.0	29	5610.326904223857
4033.0	32	5609.951134041846
4034.0	37	5609.575389473593
4035.0	32	5609.199670517326
4036.0	30	5608.8239771712415
4037.0	35	5608.448309433571
4038.0	31	5608.072667302532
4039.0	24	5607.697050776342
4040.0	40	5607.32145985321
4041.0	36	5606.94589453136
4042.0	24	5606.570354809002
4043.0	35	5606.1948406843685
4044.0	39	5605.8193521556705
4045.0	38	5605.443889221125
4046.0	30	5605.068451878948
4047.0	34	5604.693040127364
4048.0	38	5604.317653964586
4049.0	31	5603.942293388828
4050.0	37	5603.56695839832
4051.0	31	5603.1916489912755
4052.0	53	5602.816365165914
4053.0	33	5602.44110692046
4054.0	31	5602.065874253119
4055.0	35	5601.690667162128
4056.0	31	5601.315485645693
4057.0	33	5600.940329702037
4058.0	25	5600.56519932938
4059.0	28	5600.190094525941
4060.0	37	5599.815015289945
4061.0	37	5599.43996161961
4062.0	28	5599.064933513153
4063.0	32	5598.689930968795
4064.0	34	5598.314953984768
4065.0	29	5597.9400025592695
4066.0	52	5597.56507669054
4067.0	38	5597.190176376797
4068.0	41	5596.815301616254
4069.0	34	5596.440452407135
4070.0	29	5596.0656287476695
4071.0	39	5595.6908306360665
4072.0	29	5595.316058070554
4073.0	47	5594.941311049357
4074.0	32	5594.566589570688
4075.0	51	5594.191893632783
4076.0	35	5593.81722323385
4077.0	32	5593.442578372113
4078.0	36	5593.067959045799
4079.0	29	5592.693365253137
4080.0	33	5592.318796992333
4081.0	32	5591.9442542616225
4082.0	30	5591.569737059228
4083.0	37	5591.195245383364
4084.0	36	5590.820779232262
4085.0	42	5590.446338604141
4086.0	38	5590.071923497219
4087.0	33	5589.697533909733
4088.0	36	5589.323169839896
4089.0	31	5588.948831285933
4090.0	36	5588.574518246073
4091.0	45	5588.200230718538
4092.0	43	5587.825968701546
4093.0	39	5587.451732193332
4094.0	30	5587.07752119211
4095.0	29	5586.703335696108
4096.0	36	5586.329175703554
4097.0	36	5585.955041212669
4098.0	40	5585.580932221673
4099.0	27	5585.206848728809
4100.0	40	5584.832790732283
4101.0	38	5584.458758230322
4102.0	26	5584.084751221164
4103.0	42	5583.7107697030215
4104.0	23	5583.336813674132
4105.0	39	5582.962883132714
4106.0	32	5582.58897807699
4107.0	31	5582.215098505196
4108.0	27	5581.841244415545
4109.0	35	5581.4674158062735
4110.0	40	5581.093612675605
4111.0	34	5580.719835021766
4112.0	35	5580.346082842987
4113.0	38	5579.9723561374885
4114.0	33	5579.5986549035
4115.0	32	5579.22497913925
4116.0	48	5578.851328842961
4117.0	26	5578.477704012862
4118.0	37	5578.104104647183
4119.0	27	5577.730530744145
4120.0	38	5577.356982301986
4121.0	30	5576.983459318927
4122.0	30	5576.609961793204
4123.0	45	5576.236489723028
4124.0	40	5575.863043106648
4125.0	41	5575.489621942271
4126.0	37	5575.116226228143
4127.0	32	5574.7428559624805
4128.0	34	5574.369511143527
4129.0	29	5573.996191769495
4130.0	35	5573.622897838619
4131.0	32	5573.249629349127
4132.0	38	5572.876386299254
4133.0	34	5572.503168687228
4134.0	31	5572.129976511269
4135.0	35	5571.756809769615
4136.0	45	5571.383668460496
4137.0	21	5571.010552582144
4138.0	41	5570.637462132781
4139.0	41	5570.264397110637
4140.0	36	5569.891357513951
4141.0	42	5569.5183433409475
4142.0	31	5569.145354589856
4143.0	43	5568.772391258914
4144.0	41	5568.399453346339
4145.0	33	5568.026540850375
4146.0	39	5567.653653769247
4147.0	29	5567.280792101179
4148.0	32	5566.907955844417
4149.0	36	5566.535144997185
4150.0	27	5566.162359557713
4151.0	30	5565.789599524241
4152.0	39	5565.416864894983
4153.0	31	5565.04415566819
4154.0	39	5564.671471842081
4155.0	34	5564.298813414899
4156.0	39	5563.9261803848585
4157.0	28	5563.553572750215
4158.0	45	5563.180990509176
4159.0	45	5562.808433659998
4160.0	27	5562.435902200896
4161.0	37	5562.063396130117
4162.0	34	5561.690915445882
4163.0	30	5561.318460146432
4164.0	35	5560.9460302299885
4165.0	29	5560.573625694804
4166.0	41	5560.20124653909
4167.0	38	5559.828892761098
4168.0	36	5559.456564359058
4169.0	30	5559.084261331198
4170.0	34	5558.711983675751
4171.0	30	5558.3397313909545
4172.0	44	5557.967504475048
4173.0	33	5557.595302926257
4174.0	34	5557.223126742823
4175.0	44	5556.8509759229755
4176.0	34	5556.478850464945
4177.0	40	5556.106750366981
4178.0	22	5555.734675627308
4179.0	26	5555.362626244159
4180.0	30	5554.990602215783
4181.0	33	5554.618603540397
4182.0	39	5554.246630216243
4183.0	32	5553.8746822415615
4184.0	30	5553.502759614592
4185.0	37	5553.130862333553
4186.0	33	5552.758990396695
4187.0	42	5552.38714380225
4188.0	33	5552.015322548459
4189.0	29	5551.643526633548
4190.0	27	5551.27175605576
4191.0	27	5550.900010813335
4192.0	33	5550.528290904498
4193.0	35	5550.156596327502
4194.0	48	5549.784927080568
4195.0	30	5549.413283161942
4196.0	37	5549.0416645698615
4197.0	34	5548.670071302563
4198.0	27	5548.298503358283
4199.0	25	5547.926960735259
4200.0	45	5547.555443431728
4201.0	44	5547.18395144593
4202.0	45	5546.8124847761
4203.0	34	5546.441043420475
4204.0	32	5546.0696273773
4205.0	35	5545.6982366448065
4206.0	36	5545.326871221241
4207.0	33	5544.9555311048325
4208.0	34	5544.584216293822
4209.0	43	5544.212926786453
4210.0	38	5543.841662580968
4211.0	40	5543.470423675593
4212.0	38	5543.09921006858
4213.0	33	5542.728021758156
4214.0	46	5542.356858742569
4215.0	30	5541.9857210200635
4216.0	24	5541.614608588869
4217.0	42	5541.243521447224
4218.0	31	5540.872459593376
4219.0	33	5540.501423025565
4220.0	32	5540.130411742028
4221.0	36	5539.759425741006
4222.0	39	5539.388465020745
4223.0	39	5539.017529579471
4224.0	36	5538.646619415443
4225.0	37	5538.275734526884
4226.0	24	5537.904874912054
4227.0	39	5537.534040569174
4228.0	30	5537.163231496503
4229.0	31	5536.792447692267
4230.0	39	5536.421689154722
4231.0	40	5536.050955882104
4232.0	32	5535.680247872651
4233.0	28	5535.309565124608
4234.0	31	5534.938907636214
4235.0	39	5534.568275405717
4236.0	46	5534.197668431353
4237.0	37	5533.827086711362
4238.0	38	5533.456530244003
4239.0	35	5533.0859990274985
4240.0	26	5532.715493060111
4241.0	30	5532.345012340062
4242.0	37	5531.974556865609
4243.0	41	5531.604126634991
4244.0	34	5531.233721646451
4245.0	42	5530.863341898235
4246.0	35	5530.492987388579
4247.0	35	5530.122658115736
4248.0	34	5529.752354077948
4249.0	27	5529.382075273457
4250.0	39	5529.0118217004965
4251.0	32	5528.641593357327
4252.0	48	5528.271390242195
4253.0	40	5527.901212353328
4254.0	37	5527.531059688975
4255.0	29	5527.1609322473905
4256.0	51	5526.79083002681
4257.0	29	5526.42075302549
4258.0	31	5526.050701241655
4259.0	35	5525.680674673574
4260.0	37	5525.310673319474
4261.0	16	5524.940697177604
4262.0	36	5524.570746246214
4263.0	37	5524.200820523553
4264.0	31	5523.830920007857
4265.0	31	5523.461044697379
4266.0	28	5523.091194590365
4267.0	32	5522.721369685061
4268.0	46	5522.351569979706
4269.0	46	5521.981795472553
4270.0	28	5521.612046161848
4271.0	41	5521.242322045836
4272.0	30	5520.872623122759
4273.0	40	5520.502949390882
4274.0	24	5520.133300848431
4275.0	33	5519.763677493664
4276.0	33	5519.394079324824
4277.0	30	5519.024506340163
4278.0	39	5518.65495853792
4279.0	33	5518.285435916349
4280.0	45	5517.915938473705
4281.0	36	5517.546466208219
4282.0	28	5517.177019118151
4283.0	36	5516.807597201752
4284.0	28	5516.438200457259
4285.0	36	5516.068828882925
4286.0	30	5515.699482477005
4287.0	43	5515.330161237741
4288.0	35	5514.960865163377
4289.0	37	5514.591594252171
4290.0	41	5514.222348502367
4291.0	36	5513.85312791222
4292.0	46	5513.483932479971
4293.0	32	5513.114762203876
4294.0	29	5512.7456170821815
4295.0	38	5512.376497113133
4296.0	46	5512.007402294996
4297.0	28	5511.638332626002
4298.0	39	5511.269288104404
4299.0	30	5510.900268728462
4300.0	25	5510.5312744964185
4301.0	38	5510.162305406533
4302.0	29	5509.793361457044
4303.0	38	5509.424442646207
4304.0	35	5509.055548972271
4305.0	39	5508.686680433491
4306.0	37	5508.317837028116
4307.0	28	5507.949018754398
4308.0	27	5507.580225610584
4309.0	42	5507.211457594931
4310.0	26	5506.842714705694
4311.0	40	5506.473996941115
4312.0	47	5506.105304299446
4313.0	29	5505.736636778943
4314.0	24	5505.367994377861
4315.0	39	5504.999377094442
4316.0	23	5504.63078492695
4317.0	35	5504.262217873633
4318.0	25	5503.893675932747
4319.0	41	5503.525159102536
4320.0	32	5503.156667381252
4321.0	33	5502.788200767164
4322.0	26	5502.419759258502
4323.0	24	5502.051342853542
4324.0	39	5501.6829515505215
4325.0	35	5501.314585347699
4326.0	36	5500.946244243326
4327.0	44	5500.5779282356625
4328.0	39	5500.209637322961
4329.0	24	5499.841371503462
4330.0	40	5499.47313077544
4331.0	29	5499.104915137127
4332.0	22	5498.736724586797
4333.0	40	5498.3685591226995
4334.0	28	5498.000418743082
4335.0	37	5497.632303446198
4336.0	30	5497.264213230317
4337.0	33	5496.896148093677
4338.0	27	5496.528108034547
4339.0	24	5496.160093051173
4340.0	32	5495.79210314181
4341.0	40	5495.4241383047165
4342.0	27	5495.056198538145
4343.0	32	5494.688283840356
4344.0	35	5494.320394209606
4345.0	38	5493.952529644148
4346.0	32	5493.5846901422365
4347.0	34	5493.216875702125
4348.0	40	5492.849086322076
4349.0	26	5492.481322000346
4350.0	29	5492.1135827351845
4351.0	40	5491.74586852486
4352.0	34	5491.378179367614
4353.0	34	5491.010515261721
4354.0	35	5490.642876205423
4355.0	26	5490.27526219698
4356.0	31	5489.90767323465
4357.0	34	5489.540109316701
4358.0	34	5489.172570441372
4359.0	37	5488.805056606935
4360.0	39	5488.4375678116385
4361.0	38	5488.070104053749
4362.0	40	5487.702665331517
4363.0	31	5487.335251643211
4364.0	40	5486.967862987077
4365.0	30	5486.600499361376
4366.0	32	5486.233160764372
4367.0	42	5485.865847194322
4368.0	40	5485.498558649479
4369.0	39	5485.131295128108
4370.0	26	5484.764056628471
4371.0	34	5484.396843148818
4372.0	29	5484.029654687411
4373.0	41	5483.662491242514
4374.0	33	5483.295352812382
4375.0	44	5482.928239395274
4376.0	34	5482.561150989449
4377.0	43	5482.194087593181
4378.0	34	5481.82704920471
4379.0	45	5481.460035822303
4380.0	34	5481.093047444226
4381.0	32	5480.726084068731
4382.0	38	5480.35914569409
4383.0	28	5479.99223231855
4384.0	37	5479.6253439403845
4385.0	31	5479.25848055784
4386.0	51	5478.89164216919
4387.0	39	5478.524828772686
4388.0	39	5478.158040366595
4389.0	31	5477.791276949186
4390.0	31	5477.424538518702
4391.0	50	5477.057825073417
4392.0	40	5476.691136611593
4393.0	32	5476.324473131487
4394.0	31	5475.957834631366
4395.0	41	5475.591221109484
4396.0	29	5475.224632564109
4397.0	29	5474.858068993512
4398.0	44	5474.491530395935
4399.0	28	5474.125016769656
4400.0	31	5473.7585281129295
4401.0	32	5473.392064424024
4402.0	32	5473.025625701209
4403.0	39	5472.659211942729
4404.0	28	5472.292823146862
4405.0	37	5471.926459311868
4406.0	29	5471.560120436005
4407.0	38	5471.1938065175445
4408.0	43	5470.827517554743
4409.0	38	5470.461253545872
4410.0	36	5470.0950144891885
4411.0	36	5469.72880038296
4412.0	35	5469.362611225451
4413.0	31	5468.996447014925
4414.0	34	5468.630307749646
4415.0	37	5468.264193427883
4416.0	40	5467.898104047888
4417.0	29	5467.532039607942
4418.0	40	5467.166000106297
4419.0	38	5466.799985541225
4420.0	26	5466.433995910987
4421.0	27	5466.06803121386
4422.0	31	5465.702091448093
4423.0	35	5465.336176611954
4424.0	30	5464.970286703725
4425.0	38	5464.604421721657
4426.0	34	5464.2385816640135
4427.0	39	5463.8727665290735
4428.0	42	5463.506976315092
4429.0	41	5463.14121102034
4430.0	36	5462.775470643086
4431.0	42	5462.409755181588
4432.0	31	5462.044064634123
4433.0	34	5461.678398998946
4434.0	28	5461.3127582743455
4435.0	38	5460.9471424585645
4436.0	30	5460.581551549881
4437.0	29	5460.21598554656
4438.0	41	5459.850444446875
4439.0	34	5459.48492824908
4440.0	36	5459.11943695146
4441.0	38	5458.75397055227
4442.0	35	5458.388529049779
4443.0	32	5458.0231124422635
4444.0	34	5457.65772072799
4445.0	44	5457.292353905213
4446.0	46	5456.927011972218
4447.0	38	5456.5616949272635
4448.0	42	5456.196402768619
4449.0	35	5455.831135494558
4450.0	29	5455.4658931033455
4451.0	41	5455.100675593251
4452.0	37	5454.7354829625465
4453.0	38	5454.370315209498
4454.0	37	5454.005172332377
4455.0	34	5453.640054329455
4456.0	25	5453.274961198997
4457.0	47	5452.909892939265
4458.0	40	5452.54484954855
4459.0	39	5452.179831025105
4460.0	33	5451.8148373672075
4461.0	45	5451.449868573127
4462.0	38	5451.084924641128
4463.0	43	5450.720005569484
4464.0	31	5450.3551113564745
4465.0	33	5449.990242000357
4466.0	38	5449.6253974994115
4467.0	31	5449.260577851905
4468.0	30	5448.895783056114
4469.0	36	5448.531013110299
4470.0	37	5448.166268012741
4471.0	29	5447.801547761704
4472.0	34	5447.436852355461
4473.0	30	5447.072181792293
4474.0	24	5446.7075360704675
4475.0	30	5446.342915188245
4476.0	41	5445.978319143919
4477.0	35	5445.6137479357385
4478.0	38	5445.24920156199
4479.0	40	5444.884680020941
4480.0	33	5444.520183310874
4481.0	29	5444.155711430045
4482.0	45	5443.791264376736
4483.0	32	5443.426842149229
4484.0	36	5443.06244474578
4485.0	37	5442.698072164668
4486.0	45	5442.333724404174
4487.0	35	5441.969401462557
4488.0	34	5441.605103338108
4489.0	32	5441.24083002909
4490.0	51	5440.876581533775
4491.0	35	5440.512357850444
4492.0	29	5440.148158977366
4493.0	38	5439.783984912812
4494.0	34	5439.419835655068
4495.0	42	5439.055711202404
4496.0	29	5438.691611553081
4497.0	35	5438.3275367053975
4498.0	35	5437.963486657611
4499.0	25	5437.599461407996
4500.0	30	5437.235460954838
4501.0	32	5436.871485296408
4502.0	40	5436.507534430981
4503.0	29	5436.143608356826
4504.0	35	5435.779707072232
4505.0	31	5435.415830575461
4506.0	36	5435.051978864797
4507.0	30	5434.688151938508
4508.0	35	5434.324349794878
4509.0	46	5433.960572432185
4510.0	41	5433.596819848703
4511.0	42	5433.233092042699
4512.0	39	5432.8693890124605
4513.0	25	5432.505710756257
4514.0	35	5432.1420572723755
4515.0	35	5431.778428559082
4516.0	38	5431.414824614661
4517.0	30	5431.051245437387
4518.0	36	5430.687691025535
4519.0	24	5430.324161377382
4520.0	36	5429.960656491211
4521.0	37	5429.597176365297
4522.0	35	5429.2337209979105
4523.0	37	5428.870290387349
4524.0	42	5428.506884531866
4525.0	28	5428.143503429758
4526.0	30	5427.78014707929
4527.0	47	5427.416815478751
4528.0	27	5427.05350862641
4529.0	34	5426.690226520558
4530.0	33	5426.326969159464
4531.0	28	5425.963736541414
4532.0	35	5425.600528664673
4533.0	40	5425.237345527536
4534.0	33	5424.874187128277
4535.0	20	5424.511053465169
4536.0	45	5424.147944536499
4537.0	34	5423.784860340548
4538.0	42	5423.42180087559
4539.0	29	5423.058766139905
4540.0	29	5422.695756131772
4541.0	48	5422.332770849482
4542.0	37	5421.969810291299
4543.0	37	5421.6068744555205
4544.0	46	5421.243963340412
4545.0	40	5420.88107694426
4546.0	29	5420.518215265348
4547.0	34	5420.1553783019535
4548.0	36	5419.792566052357
4549.0	42	5419.429778514841
4550.0	40	5419.06701568769
4551.0	27	5418.704277569176
4552.0	39	5418.341564157591
4553.0	24	5417.978875451212
4554.0	31	5417.616211448316
4555.0	40	5417.253572147191
4556.0	27	5416.89095754612
4557.0	37	5416.5283676433755
4558.0	39	5416.1658024372555
4559.0	41	5415.803261926027
4560.0	39	5415.440746107978
4561.0	29	5415.078254981391
4562.0	34	5414.715788544558
4563.0	23	5414.353346795748
4564.0	39	5413.990929733243
4565.0	29	5413.628537355339
4566.0	40	5413.266169660313
4567.0	35	5412.903826646445
4568.0	39	5412.541508312018
4569.0	22	5412.179214655323
4570.0	40	5411.816945674641
4571.0	37	5411.454701368249
4572.0	30	5411.092481734442
4573.0	37	5410.730286771491
4574.0	34	5410.368116477689
4575.0	36	5410.005970851316
4576.0	35	5409.643849890666
4577.0	33	5409.281753594011
4578.0	35	5408.919681959645
4579.0	39	5408.557634985838
4580.0	41	5408.195612670896
4581.0	22	5407.833615013093
4582.0	36	5407.471642010712
4583.0	28	5407.109693662039
4584.0	48	5406.747769965362
4585.0	33	5406.385870918966
4586.0	34	5406.023996521133
4587.0	41	5405.662146770155
4588.0	38	5405.300321664316
4589.0	35	5404.938521201898
4590.0	35	5404.576745381193
4591.0	40	5404.214994200486
4592.0	26	5403.853267658056
4593.0	38	5403.491565752195
4594.0	40	5403.129888481193
4595.0	34	5402.768235843333
4596.0	35	5402.406607836903
4597.0	28	5402.045004460181
4598.0	23	5401.683425711472
4599.0	41	5401.32187158905
4600.0	42	5400.960342091206
4601.0	36	5400.598837216224
4602.0	24	5400.2373569624
4603.0	33	5399.875901328012
4604.0	35	5399.51447031135
4605.0	36	5399.1530639107095
4606.0	32	5398.7916821243725
4607.0	29	5398.430324950625
4608.0	38	5398.068992387756
4609.0	39	5397.707684434063
4610.0	41	5397.346401087819
4611.0	29	5396.985142347326
4612.0	26	5396.623908210866
4613.0	28	5396.262698676737
4614.0	32	5395.901513743211
4615.0	38	5395.540353408593
4616.0	34	5395.179217671162
4617.0	33	5394.8181065292165
4618.0	37	5394.457019981039
4619.0	38	5394.095958024923
4620.0	25	5393.7349206591525
4621.0	21	5393.373907882024
4622.0	40	5393.012919691826
4623.0	43	5392.651956086846
4624.0	43	5392.291017065379
4625.0	37	5391.93010262571
4626.0	40	5391.569212766127
4627.0	34	5391.208347484931
4628.0	27	5390.84750678041
4629.0	30	5390.486690650846
4630.0	32	5390.125899094536
4631.0	39	5389.765132109779
4632.0	42	5389.404389694847
4633.0	36	5389.043671848055
4634.0	35	5388.6829785676755
4635.0	42	5388.322309852
4636.0	42	5387.961665699334
4637.0	26	5387.601046107965
4638.0	35	5387.240451076181
4639.0	40	5386.879880602273
4640.0	40	5386.51933468453
4641.0	43	5386.15881332126
4642.0	43	5385.79831651074
4643.0	36	5385.437844251271
4644.0	40	5385.077396541139
4645.0	34	5384.716973378636
4646.0	29	5384.35657476207
4647.0	42	5383.996200689713
4648.0	40	5383.635851159873
4649.0	34	5383.275526170841
4650.0	38	5382.915225720907
4651.0	23	5382.554949808363
4652.0	31	5382.1946984315055
4653.0	33	5381.834471588633
4654.0	40	5381.474269278032
4655.0	31	5381.114091498
4656.0	29	5380.753938246826
4657.0	34	5380.39380952281
4658.0	33	5380.0337053242465
4659.0	26	5379.6736256494305
4660.0	26	5379.3135704966535
4661.0	28	5378.953539864208
4662.0	29	5378.593533750395
4663.0	40	5378.233552153503
4664.0	22	5377.873595071833
4665.0	30	5377.513662503676
4666.0	30	5377.153754447332
4667.0	30	5376.793870901093
4668.0	38	5376.434011863255
4669.0	32	5376.074177332122
4670.0	33	5375.71436730597
4671.0	39	5375.354581783113
4672.0	42	5374.994820761842
4673.0	33	5374.63508424045
4674.0	32	5374.2753722172365
4675.0	34	5373.915684690495
4676.0	34	5373.556021658526
4677.0	29	5373.196383119625
4678.0	24	5372.836769072091
4679.0	42	5372.4771795142115
4680.0	34	5372.117614444294
4681.0	39	5371.758073860636
4682.0	38	5371.398557761526
4683.0	36	5371.039066145265
4684.0	37	5370.679599010153
4685.0	42	5370.320156354484
4686.0	28	5369.960738176557
4687.0	34	5369.601344474684
4688.0	29	5369.241975247137
4689.0	37	5368.882630492229
4690.0	35	5368.523310208259
4691.0	40	5368.1640143935265
4692.0	25	5367.804743046319
4693.0	35	5367.445496164944
4694.0	28	5367.086273747704
4695.0	36	5366.727075792889
4696.0	27	5366.367902298804
4697.0	41	5366.00875326374
4698.0	48	5365.6496286860065
4699.0	46	5365.290528563904
4700.0	34	5364.931452895712
4701.0	31	5364.572401679762
4702.0	30	5364.213374914327
4703.0	37	5363.8543725977115
4704.0	39	5363.4953947282265
4705.0	36	5363.136441304168
4706.0	27	5362.777512323829
4707.0	29	5362.4186077855165
4708.0	33	5362.059727687528
4709.0	44	5361.70087202817
4710.0	41	5361.342040805739
4711.0	28	5360.983234018528
4712.0	37	5360.624451664848
4713.0	33	5360.265693742997
4714.0	30	5359.906960251283
4715.0	42	5359.548251187996
4716.0	28	5359.189566551441
4717.0	38	5358.830906339925
4718.0	34	5358.472270551738
4719.0	29	5358.1136591851955
4720.0	31	5357.755072238592
4721.0	46	5357.396509710234
4722.0	32	5357.037971598411
4723.0	43	5356.679457901445
4724.0	31	5356.32096861762
4725.0	37	5355.962503745255
4726.0	42	5355.604063282639
4727.0	33	5355.245647228082
4728.0	41	5354.887255579886
4729.0	29	5354.528888336346
4730.0	36	5354.170545495782
4731.0	34	5353.812227056481
4732.0	31	5353.453933016753
4733.0	29	5353.0956633749
4734.0	36	5352.737418129228
4735.0	32	5352.379197278038
4736.0	34	5352.021000819644
4737.0	26	5351.662828752331
4738.0	45	5351.304681074419
4739.0	34	5350.94655778421
4740.0	42	5350.588458879994
4741.0	21	5350.2303843600985
4742.0	42	5349.872334222809
4743.0	39	5349.514308466439
4744.0	32	5349.156307089289
4745.0	29	5348.798330089668
4746.0	26	5348.440377465877
4747.0	36	5348.082449216227
4748.0	48	5347.724545339023
4749.0	54	5347.366665832561
4750.0	38	5347.008810695153
4751.0	38	5346.650979925111
4752.0	33	5346.29317352073
4753.0	36	5345.935391480325
4754.0	43	5345.577633802191
4755.0	30	5345.219900484645
4756.0	37	5344.862191525987
4757.0	35	5344.504506924523
4758.0	33	5344.146846678561
4759.0	34	5343.789210786416
4760.0	40	5343.431599246376
4761.0	42	5343.074012056771
4762.0	28	5342.716449215887
4763.0	36	5342.358910722039
4764.0	38	5342.001396573545
4765.0	28	5341.643906768699
4766.0	39	5341.286441305809
4767.0	29	5340.9290001831805
4768.0	36	5340.571583399136
4769.0	34	5340.214190951966
4770.0	43	5339.856822839995
4771.0	32	5339.499479061516
4772.0	38	5339.142159614842
4773.0	37	5338.784864498284
4774.0	24	5338.427593710156
4775.0	36	5338.07034724875
4776.0	33	5337.713125112393
4777.0	28	5337.355927299381
4778.0	45	5336.99875380803
4779.0	38	5336.641604636639
4780.0	39	5336.284479783532
4781.0	43	5335.927379247005
4782.0	34	5335.570303025376
4783.0	42	5335.213251116952
4784.0	38	5334.856223520045
4785.0	37	5334.499220232956
4786.0	29	5334.142241254006
4787.0	32	5333.785286581499
4788.0	32	5333.4283562137425
4789.0	28	5333.07145014905
4790.0	27	5332.714568385738
4791.0	41	5332.35771092211
4792.0	38	5332.000877756473
4793.0	30	5331.644068887141
4794.0	26	5331.28728431243
4795.0	36	5330.930524030652
4796.0	35	5330.573788040107
4797.0	27	5330.217076339118
4798.0	32	5329.860388925981
4799.0	37	5329.50372579903
4800.0	32	5329.147086956554
4801.0	40	5328.790472396876
4802.0	44	5328.43388211831
4803.0	38	5328.077316119169
4804.0	37	5327.7207743977515
4805.0	28	5327.364256952381
4806.0	39	5327.007763781374
4807.0	36	5326.6512948830305
4808.0	36	5326.294850255666
4809.0	27	5325.938429897602
4810.0	35	5325.582033807139
4811.0	31	5325.225661982601
4812.0	22	5324.869314422294
4813.0	36	5324.512991124534
4814.0	42	5324.156692087636
4815.0	37	5323.800417309908
4816.0	37	5323.444166789665
4817.0	33	5323.08794052523
4818.0	39	5322.731738514904
4819.0	34	5322.375560757001
4820.0	27	5322.019407249848
4821.0	32	5321.663277991741
4822.0	28	5321.3071729810135
4823.0	26	5320.951092215965
4824.0	43	5320.595035694921
4825.0	35	5320.239003416179
4826.0	28	5319.882995378074
4827.0	32	5319.527011578911
4828.0	43	5319.171052017006
4829.0	38	5318.815116690672
4830.0	31	5318.459205598229
4831.0	37	5318.103318737985
4832.0	42	5317.747456108261
4833.0	43	5317.391617707374
4834.0	27	5317.0358035336385
4835.0	26	5316.680013585361
4836.0	26	5316.3242478608745
4837.0	46	5315.96850635848
4838.0	32	5315.6127890765
4839.0	39	5315.257096013253
4840.0	32	5314.901427167049
4841.0	39	5314.54578253621
4842.0	28	5314.190162119048
4843.0	29	5313.834565913885
4844.0	36	5313.478993919032
4845.0	23	5313.123446132812
4846.0	33	5312.767922553544
4847.0	30	5312.412423179529
4848.0	39	5312.056948009107
4849.0	35	5311.701497040582
4850.0	42	5311.346070272267
4851.0	45	5310.990667702492
4852.0	29	5310.635289329569
4853.0	35	5310.279935151813
4854.0	30	5309.924605167547
4855.0	33	5309.569299375096
4856.0	36	5309.214017772756
4857.0	33	5308.858760358873
4858.0	39	5308.503527131744
4859.0	43	5308.148318089693
4860.0	30	5307.793133231047
4861.0	37	5307.437972554114
4862.0	34	5307.082836057223
4863.0	39	5306.727723738689
4864.0	32	5306.372635596824
4865.0	43	5306.017571629961
4866.0	22	5305.662531836411
4867.0	28	5305.3075162144905
4868.0	38	5304.952524762528
4869.0	33	5304.597557478842
4870.0	21	5304.24261436174
4871.0	45	5303.8876954095595
4872.0	38	5303.532800620615
4873.0	33	5303.177929993221
4874.0	33	5302.823083525697
4875.0	34	5302.468261216373
4876.0	30	5302.11346306357
4877.0	39	5301.758689065599
4878.0	30	5301.403939220788
4879.0	38	5301.049213527453
4880.0	22	5300.694511983916
4881.0	38	5300.339834588501
4882.0	32	5299.985181339535
4883.0	34	5299.6305522353305
4884.0	27	5299.275947274207
4885.0	51	5298.9213664545
4886.0	26	5298.566809774517
4887.0	28	5298.212277232583
4888.0	40	5297.857768827029
4889.0	37	5297.503284556168
4890.0	34	5297.148824418326
4891.0	45	5296.794388411817
4892.0	40	5296.439976534983
4893.0	37	5296.085588786126
4894.0	30	5295.731225163585
4895.0	39	5295.376885665678
4896.0	32	5295.022570290723
4897.0	46	5294.668279037041
4898.0	43	5294.314011902962
4899.0	39	5293.9597688868125
4900.0	22	5293.605549986912
4901.0	32	5293.25135520158
4902.0	28	5292.897184529152
4903.0	22	5292.543037967936
4904.0	38	5292.188915516263
4905.0	29	5291.834817172464
4906.0	44	5291.480742934858
4907.0	36	5291.12669280176
4908.0	29	5290.772666771512
4909.0	30	5290.4186648424275
4910.0	34	5290.064687012833
4911.0	33	5289.710733281058
4912.0	32	5289.356803645418
4913.0	40	5289.002898104252
4914.0	40	5288.64901665587
4915.0	29	5288.2951592986055
4916.0	37	5287.941326030789
4917.0	34	5287.587516850731
4918.0	33	5287.233731756772
4919.0	40	5286.87997074723
4920.0	44	5286.526233820434
4921.0	31	5286.1725209747065
4922.0	45	5285.818832208384
4923.0	34	5285.46516751978
4924.0	21	5285.1115269072225
4925.0	23	5284.757910369043
4926.0	32	5284.404317903568
4927.0	41	5284.050749509129
4928.0	36	5283.697205184038
4929.0	39	5283.3436849266345
4930.0	38	5282.990188735245
4931.0	31	5282.636716608192
4932.0	34	5282.2832685438
4933.0	31	5281.92984454041
4934.0	43	5281.576444596333
4935.0	27	5281.22306870991
4936.0	40	5280.869716879457
4937.0	39	5280.516389103313
4938.0	34	5280.163085379805
4939.0	28	5279.809805707257
4940.0	41	5279.45655008399
4941.0	39	5279.103318508352
4942.0	33	5278.750110978653
4943.0	36	5278.396927493229
4944.0	49	5278.043768050413
4945.0	47	5277.690632648523
4946.0	28	5277.337521285902
4947.0	34	5276.984433960868
4948.0	38	5276.6313706717565
4949.0	34	5276.278331416892
4950.0	36	5275.925316194604
4951.0	35	5275.5723250032315
4952.0	27	5275.219357841095
4953.0	32	5274.866414706529
4954.0	30	5274.513495597855
4955.0	34	5274.16060051341
4956.0	44	5273.807729451533
4957.0	36	5273.454882410535
4958.0	37	5273.102059388766
4959.0	42	5272.749260384535
4960.0	39	5272.396485396196
4961.0	48	5272.043734422068
4962.0	34	5271.691007460477
4963.0	40	5271.338304509759
4964.0	26	5270.985625568256
4965.0	30	5270.63297063428
4966.0	42	5270.280339706176
4967.0	31	5269.927732782267
4968.0	30	5269.575149860895
4969.0	41	5269.222590940381
4970.0	33	5268.870056019067
4971.0	36	5268.517545095275
4972.0	38	5268.165058167345
4973.0	29	5267.8125952335995
4974.0	28	5267.46015629238
4975.0	34	5267.107741342026
4976.0	41	5266.755350380852
4977.0	46	5266.402983407201
4978.0	30	5266.050640419402
4979.0	38	5265.69832141579
4980.0	43	5265.346026394704
4981.0	26	5264.993755354471
4982.0	35	5264.641508293424
4983.0	25	5264.28928520989
4984.0	34	5263.937086102218
4985.0	41	5263.584910968733
4986.0	31	5263.232759807767
4987.0	43	5262.880632617654
4988.0	30	5262.528529396739
4989.0	34	5262.176450143342
4990.0	36	5261.824394855801
4991.0	42	5261.472363532451
4992.0	38	5261.120356171631
4993.0	37	5260.768372771675
4994.0	29	5260.416413330916
4995.0	42	5260.064477847679
4996.0	32	5259.712566320317
4997.0	29	5259.3606787471535
4998.0	36	5259.008815126525
4999.0	31	5258.656975456766
5000.0	39	5258.305159736217
5001.0	38	5257.953367963213
5002.0	31	5257.601600136085
5003.0	31	5257.249856253175
5004.0	35	5256.89813631281
5005.0	39	5256.546440313328
5006.0	37	5256.194768253082
5007.0	42	5255.84312013038
5008.0	28	5255.491495943587
5009.0	31	5255.139895691013
5010.0	30	5254.788319371018
5011.0	39	5254.436766981923
5012.0	33	5254.085238522072
5013.0	31	5253.7337339898
5014.0	39	5253.382253383443
5015.0	36	5253.030796701336
5016.0	34	5252.679363941826
5017.0	25	5252.327955103238
5018.0	30	5251.976570183922
5019.0	34	5251.625209182212
5020.0	55	5251.273872096436
5021.0	39	5250.922558924941
5022.0	32	5250.571269666071
5023.0	38	5250.220004318153
5024.0	34	5249.8687628795215
5025.0	28	5249.517545348531
5026.0	38	5249.1663517235065
5027.0	28	5248.8151820028
5028.0	23	5248.464036184735
5029.0	29	5248.11291426766
5030.0	32	5247.76181624991
5031.0	38	5247.410742129829
5032.0	37	5247.059691905742
5033.0	55	5246.708665576008
5034.0	30	5246.3576631389615
5035.0	27	5246.006684592931
5036.0	37	5245.655729936268
5037.0	36	5245.304799167306
5038.0	42	5244.953892284388
5039.0	39	5244.60300928585
5040.0	26	5244.252150170043
5041.0	34	5243.901314935293
5042.0	28	5243.550503579947
5043.0	41	5243.199716102351
5044.0	33	5242.848952500838
5045.0	34	5242.498212773748
5046.0	32	5242.147496919423
5047.0	32	5241.7968049362125
5048.0	38	5241.446136822447
5049.0	36	5241.095492576473
5050.0	30	5240.744872196631
5051.0	32	5240.39427568126
5052.0	37	5240.0437030287085
5053.0	36	5239.693154237316
5054.0	31	5239.342629305417
5055.0	37	5238.992128231356
5056.0	31	5238.641651013484
5057.0	31	5238.291197650136
5058.0	25	5237.940768139652
5059.0	24	5237.590362480373
5060.0	43	5237.23998067066
5061.0	30	5236.8896227088335
5062.0	42	5236.539288593247
5063.0	36	5236.188978322235
5064.0	39	5235.8386918941505
5065.0	36	5235.488429307337
5066.0	30	5235.138190560134
5067.0	43	5234.787975650876
5068.0	38	5234.437784577924
5069.0	40	5234.087617339606
5070.0	39	5233.737473934278
5071.0	28	5233.387354360279
5072.0	36	5233.03725861595
5073.0	34	5232.687186699636
5074.0	35	5232.3371386096815
5075.0	34	5231.987114344438
5076.0	35	5231.637113902236
5077.0	32	5231.287137281437
5078.0	43	5230.937184480368
5079.0	30	5230.587255497386
5080.0	44	5230.237350330834
5081.0	39	5229.887468979055
5082.0	26	5229.537611440397
5083.0	35	5229.187777713198
5084.0	26	5228.83796779581
5085.0	43	5228.488181686581
5086.0	30	5228.138419383846
5087.0	31	5227.788680885968
5088.0	37	5227.438966191274
5089.0	45	5227.089275298122
5090.0	33	5226.739608204845
5091.0	37	5226.38996490981
5092.0	41	5226.040345411344
5093.0	32	5225.690749707809
5094.0	32	5225.341177797536
5095.0	38	5224.991629678886
5096.0	39	5224.642105350197
5097.0	36	5224.292604809816
5098.0	31	5223.943128056098
5099.0	30	5223.593675087379
5100.0	35	5223.244245902016
5101.0	29	5222.894840498351
5102.0	40	5222.545458874734
5103.0	24	5222.196101029512
5104.0	32	5221.84676696103
5105.0	25	5221.497456667642
5106.0	33	5221.148170147688
5107.0	27	5220.798907399521
5108.0	30	5220.44966842149
5109.0	15	5220.100453211941
5110.0	33	5219.751261769219
5111.0	33	5219.402094091681
5112.0	28	5219.052950177674
5113.0	30	5218.703830025543
5114.0	37	5218.354733633636
5115.0	28	5218.0056610003085
5116.0	24	5217.6566121239
5117.0	34	5217.307587002765
5118.0	27	5216.958585635259
5119.0	26	5216.609608019728
5120.0	25	5216.260654154513
5121.0	43	5215.91172403797
5122.0	27	5215.562817668453
5123.0	31	5215.213935044308
5124.0	41	5214.865076163884
5125.0	35	5214.5162410255325
5126.0	34	5214.167429627602
5127.0	32	5213.818641968445
5128.0	19	5213.469878046409
5129.0	28	5213.1211378598555
5130.0	35	5212.772421407126
5131.0	24	5212.423728686569
5132.0	24	5212.075059696538
5133.0	24	5211.72641443539
5134.0	23	5211.377792901468
5135.0	31	5211.029195093132
5136.0	31	5210.680621008724
5137.0	28	5210.3320706466075
5138.0	32	5209.983544005117
5139.0	23	5209.635041082622
5140.0	26	5209.286561877464
5141.0	29	5208.938106387999
5142.0	26	5208.589674612576
5143.0	34	5208.241266549551
5144.0	29	5207.892882197281
5145.0	34	5207.5445215541085
5146.0	16	5207.196184618386
5147.0	45	5206.847871388481
5148.0	30	5206.499581862726
5149.0	34	5206.151316039485
5150.0	31	5205.803073917115
5151.0	41	5205.4548554939665
5152.0	32	5205.106660768387
5153.0	30	5204.758489738732
5154.0	24	5204.410342403364
5155.0	32	5204.062218760625
5156.0	27	5203.714118808871
5157.0	27	5203.366042546469
5158.0	32	5203.017989971756
5159.0	29	5202.669961083089
5160.0	24	5202.321955878834
5161.0	31	5201.973974357338
5162.0	21	5201.626016516951
5163.0	26	5201.278082356034
5164.0	28	5200.93017187294
5165.0	31	5200.582285066029
5166.0	25	5200.234421933641
5167.0	29	5199.886582474144
5168.0	36	5199.538766685897
5169.0	25	5199.190974567245
5170.0	30	5198.8432061165495
5171.0	34	5198.495461332159
5172.0	25	5198.14774021244
5173.0	28	5197.800042755735
5174.0	20	5197.4523689604175
5175.0	32	5197.104718824823
5176.0	34	5196.757092347324
5177.0	26	5196.409489526271
5178.0	26	5196.061910360023
5179.0	32	5195.714354846937
5180.0	26	5195.366822985356
5181.0	27	5195.019314773656
5182.0	20	5194.671830210184
5183.0	33	5194.3243692932965
5184.0	23	5193.976932021354
5185.0	35	5193.629518392711
5186.0	28	5193.282128405731
5187.0	21	5192.934762058768
5188.0	41	5192.587419350171
5189.0	32	5192.240100278308
5190.0	44	5191.892804841537
5191.0	37	5191.545533038216
5192.0	37	5191.198284866698
5193.0	28	5190.8510603253335
5194.0	21	5190.503859412504
5195.0	30	5190.156682126548
5196.0	28	5189.809528465829
5197.0	23	5189.462398428717
5198.0	36	5189.115292013554
5199.0	33	5188.768209218707
5200.0	30	5188.421150042529
5201.0	39	5188.0741144833955
5202.0	32	5187.727102539648
5203.0	37	5187.380114209648
5204.0	30	5187.03314949177
5205.0	21	5186.686208384357
5206.0	29	5186.33929088577
5207.0	29	5185.992396994386
5208.0	40	5185.6455267085385
5209.0	31	5185.2986800266135
5210.0	30	5184.951856946952
5211.0	52	5184.605057467922
5212.0	28	5184.258281587889
5213.0	33	5183.9115293052
5214.0	34	5183.564800618232
5215.0	27	5183.218095525336
5216.0	28	5182.8714140248685
5217.0	29	5182.524756115203
5218.0	25	5182.178121794689
5219.0	30	5181.831511061693
5220.0	31	5181.484923914579
5221.0	29	5181.138360351709
5222.0	31	5180.791820371435
5223.0	21	5180.445303972127
5224.0	33	5180.098811152144
5225.0	28	5179.752341909846
5226.0	33	5179.405896243605
5227.0	28	5179.05947415177
5228.0	31	5178.713075632713
5229.0	32	5178.366700684785
5230.0	26	5178.020349306365
5231.0	26	5177.674021495803
5232.0	29	5177.327717251469
5233.0	29	5176.9814365717175
5234.0	16	5176.635179454916
5235.0	32	5176.288945899436
5236.0	21	5175.94273590362
5237.0	37	5175.596549465856
5238.0	25	5175.2503865844865
5239.0	35	5174.904247257891
5240.0	36	5174.558131484422
5241.0	23	5174.212039262449
5242.0	28	5173.865970590334
5243.0	32	5173.519925466446
5244.0	32	5173.17390388914
5245.0	28	5172.827905856785
5246.0	25	5172.4819313677435
5247.0	30	5172.13598042039
5248.0	35	5171.790053013074
5249.0	30	5171.444149144164
5250.0	43	5171.098268812038
5251.0	31	5170.752412015043
5252.0	26	5170.406578751556
5253.0	28	5170.060769019939
5254.0	37	5169.714982818555
5255.0	40	5169.369220145772
5256.0	20	5169.023480999955
5257.0	35	5168.677765379466
5258.0	35	5168.3320732826805
5259.0	24	5167.986404707949
5260.0	38	5167.640759653656
5261.0	25	5167.295138118156
5262.0	21	5166.949540099811
5263.0	35	5166.603965597
5264.0	33	5166.258414608087
5265.0	42	5165.912887131424
5266.0	25	5165.567383165395
5267.0	33	5165.221902708363
5268.0	35	5164.876445758689
5269.0	20	5164.531012314743
5270.0	32	5164.185602374894
5271.0	25	5163.840215937506
5272.0	27	5163.494853000951
5273.0	32	5163.1495135635905
5274.0	24	5162.8041976237955
5275.0	25	5162.458905179939
5276.0	35	5162.113636230384
5277.0	42	5161.768390773493
5278.0	25	5161.423168807645
5279.0	40	5161.077970331196
5280.0	24	5160.73279534252
5281.0	27	5160.387643839991
5282.0	34	5160.042515821978
5283.0	40	5159.697411286832
5284.0	25	5159.352330232945
5285.0	30	5159.0072726586695
5286.0	23	5158.662238562387
5287.0	27	5158.3172279424525
5288.0	26	5157.972240797247
5289.0	30	5157.627277125132
5290.0	38	5157.282336924483
5291.0	24	5156.937420193671
5292.0	22	5156.592526931057
5293.0	23	5156.247657135016
5294.0	28	5155.902810803919
5295.0	27	5155.557987936139
5296.0	24	5155.213188530042
5297.0	32	5154.868412583997
5298.0	35	5154.52366009637
5299.0	33	5154.178931065542
5300.0	24	5153.834225489883
5301.0	39	5153.489543367753
5302.0	26	5153.144884697537
5303.0	27	5152.800249477595
5304.0	36	5152.455637706299
5305.0	33	5152.111049382028
5306.0	25	5151.766484503148
5307.0	25	5151.4219430680305
5308.0	33	5151.077425075051
5309.0	35	5150.732930522572
5310.0	34	5150.388459408976
5311.0	31	5150.044011732628
5312.0	31	5149.699587491899
5313.0	22	5149.355186685166
5314.0	37	5149.010809310805
5315.0	30	5148.666455367178
5316.0	30	5148.322124852664
5317.0	32	5147.977817765638
5318.0	48	5147.633534104463
5319.0	20	5147.289273867521
5320.0	33	5146.945037053181
5321.0	27	5146.600823659819
5322.0	34	5146.256633685805
5323.0	23	5145.912467129509
5324.0	31	5145.568323989316
5325.0	39	5145.224204263592
5326.0	31	5144.880107950706
5327.0	27	5144.536035049045
5328.0	29	5144.191985556971
5329.0	23	5143.847959472862
5330.0	21	5143.503956795089
5331.0	32	5143.159977522036
5332.0	33	5142.816021652066
5333.0	26	5142.472089183557
5334.0	41	5142.128180114889
5335.0	31	5141.784294444428
5336.0	39	5141.440432170558
5337.0	25	5141.0965932916515
5338.0	33	5140.752777806076
5339.0	30	5140.4089857122135
5340.0	27	5140.06521700844
5341.0	34	5139.721471693126
5342.0	35	5139.377749764651
5343.0	29	5139.034051221388
5344.0	18	5138.690376061718
5345.0	25	5138.346724284015
5346.0	34	5138.003095886643
5347.0	28	5137.659490867997
5348.0	31	5137.315909226443
5349.0	26	5136.97235096036
5350.0	24	5136.628816068125
5351.0	22	5136.285304548111
5352.0	30	5135.94181639869
5353.0	30	5135.598351618254
5354.0	34	5135.25491020517
5355.0	30	5134.911492157813
5356.0	26	5134.5680974745665
5357.0	31	5134.224726153806
5358.0	30	5133.881378193907
5359.0	39	5133.5380535932445
5360.0	25	5133.194752350202
5361.0	32	5132.851474463149
5362.0	29	5132.508219930475
5363.0	31	5132.164988750554
5364.0	27	5131.821780921756
5365.0	27	5131.478596442467
5366.0	42	5131.135435311066
5367.0	33	5130.792297525926
5368.0	22	5130.449183085427
5369.0	27	5130.106091987954
5370.0	20	5129.763024231882
5371.0	17	5129.4199798155805
5372.0	37	5129.076958737443
5373.0	20	5128.733960995842
5374.0	35	5128.3909865891565
5375.0	31	5128.0480355157615
5376.0	30	5127.705107774049
5377.0	30	5127.362203362382
5378.0	36	5127.019322279159
5379.0	36	5126.676464522747
5380.0	26	5126.333630091525
5381.0	21	5125.9908189838825
5382.0	32	5125.648031198192
5383.0	26	5125.305266732828
5384.0	26	5124.962525586191
5385.0	25	5124.619807756643
5386.0	30	5124.277113242568
5387.0	28	5123.934442042359
5388.0	35	5123.591794154376
5389.0	26	5123.24916957702
5390.0	31	5122.906568308663
5391.0	31	5122.5639903476795
5392.0	25	5122.221435692463
5393.0	27	5121.878904341389
5394.0	32	5121.536396292845
5395.0	36	5121.1939115452005
5396.0	31	5120.851450096847
5397.0	23	5120.509011946163
5398.0	32	5120.166597091534
5399.0	34	5119.824205531337
5400.0	31	5119.4818372639575
5401.0	27	5119.1394922877735
5402.0	24	5118.797170601178
5403.0	30	5118.454872202542
5404.0	27	5118.1125970902485
5405.0	36	5117.770345262695
5406.0	34	5117.428116718246
5407.0	29	5117.085911455293
5408.0	20	5116.7437294722195
5409.0	35	5116.401570767403
5410.0	29	5116.059435339238
5411.0	26	5115.717323186102
5412.0	30	5115.375234306375
5413.0	35	5115.033168698448
5414.0	32	5114.691126360695
5415.0	35	5114.349107291514
5416.0	27	5114.007111489272
5417.0	37	5113.665138952368
5418.0	27	5113.323189679181
5419.0	43	5112.98126366809
5420.0	31	5112.639360917489
5421.0	36	5112.297481425758
5422.0	33	5111.955625191273
5423.0	25	5111.61379221244
5424.0	22	5111.271982487625
5425.0	34	5110.930196015219
5426.0	34	5110.588432793608
5427.0	27	5110.246692821178
5428.0	24	5109.904976096316
5429.0	33	5109.563282617409
5430.0	27	5109.221612382828
5431.0	38	5108.879965390976
5432.0	28	5108.538341640234
5433.0	33	5108.196741128985
5434.0	25	5107.855163855619
5435.0	21	5107.513609818517
5436.0	24	5107.172079016072
5437.0	27	5106.830571446662
5438.0	19	5106.489087108676
5439.0	26	5106.147626000511
5440.0	25	5105.806188120542
5441.0	31	5105.464773467162
5442.0	33	5105.123382038756
5443.0	22	5104.782013833712
5444.0	22	5104.440668850415
5445.0	24	5104.099347087257
5446.0	33	5103.758048542615
5447.0	32	5103.416773214895
5448.0	30	5103.075521102468
5449.0	39	5102.734292203721
5450.0	25	5102.39308651706
5451.0	37	5102.0519040408535
5452.0	33	5101.710744773508
5453.0	30	5101.369608713397
5454.0	32	5101.028495858906
5455.0	33	5100.687406208442
5456.0	27	5100.346339760374
5457.0	31	5100.005296513109
5458.0	28	5099.664276465019
5459.0	30	5099.323279614507
5460.0	32	5098.982305959947
5461.0	27	5098.641355499749
5462.0	31	5098.300428232282
5463.0	23	5097.959524155947
5464.0	29	5097.618643269127
5465.0	31	5097.277785570217
5466.0	25	5096.936951057607
5467.0	31	5096.596139729684
5468.0	32	5096.25535158484
5469.0	37	5095.914586621461
5470.0	23	5095.573844837946
5471.0	39	5095.233126232674
5472.0	33	5094.892430804038
5473.0	31	5094.5517585504385
5474.0	27	5094.211109470257
5475.0	36	5093.870483561886
5476.0	30	5093.529880823721
5477.0	29	5093.189301254152
5478.0	35	5092.84874485156
5479.0	31	5092.5082116143485
5480.0	35	5092.167701540902
5481.0	31	5091.827214629618
5482.0	39	5091.486750878884
5483.0	31	5091.146310287091
5484.0	28	5090.805892852627
5485.0	24	5090.465498573893
5486.0	36	5090.125127449282
5487.0	28	5089.784779477174
5488.0	26	5089.444454655979
5489.0	47	5089.10415298407
5490.0	26	5088.763874459854
5491.0	35	5088.423619081715
5492.0	34	5088.083386848049
5493.0	28	5087.743177757255
5494.0	24	5087.402991807715
5495.0	44	5087.062828997827
5496.0	20	5086.722689325988
5497.0	31	5086.382572790585
5498.0	24	5086.042479390018
5499.0	28	5085.702409122673
5500.0	27	5085.3623619869495
5501.0	30	5085.022337981236
5502.0	35	5084.682337103939
5503.0	25	5084.342359353434
5504.0	38	5084.0024047281295
5505.0	27	5083.662473226419
5506.0	27	5083.3225648466905
5507.0	34	5082.982679587333
5508.0	29	5082.64281744676
5509.0	30	5082.302978423349
5510.0	35	5081.963162515504
5511.0	31	5081.623369721611
5512.0	26	5081.283600040075
5513.0	26	5080.943853469288
5514.0	31	5080.604130007648
5515.0	38	5080.264429653541
5516.0	33	5079.924752405372
5517.0	30	5079.585098261532
5518.0	33	5079.245467220421
5519.0	31	5078.905859280424
5520.0	29	5078.566274439953
5521.0	30	5078.226712697396
5522.0	37	5077.887174051141
5523.0	26	5077.547658499597
5524.0	25	5077.208166041162
5525.0	21	5076.8686966742225
5526.0	22	5076.529250397178
5527.0	25	5076.189827208427
5528.0	32	5075.850427106361
5529.0	23	5075.511050089388
5530.0	30	5075.1716961559
5531.0	37	5074.832365304291
5532.0	35	5074.493057532958
5533.0	31	5074.153772840305
5534.0	28	5073.8145112247275
5535.0	32	5073.475272684614
5536.0	29	5073.136057218378
5537.0	36	5072.796864824405
5538.0	28	5072.457695501101
5539.0	24	5072.118549246853
5540.0	31	5071.77942606007
5541.0	38	5071.440325939152
5542.0	26	5071.101248882483
5543.0	27	5070.762194888477
5544.0	25	5070.423163955531
5545.0	25	5070.084156082035
5546.0	30	5069.745171266392
5547.0	32	5069.406209507001
5548.0	40	5069.067270802263
5549.0	28	5068.72835515058
5550.0	22	5068.389462550343
5551.0	35	5068.050592999962
5552.0	26	5067.711746497823
5553.0	28	5067.372923042342
5554.0	29	5067.034122631903
5555.0	42	5066.695345264919
5556.0	36	5066.35659093978
5557.0	37	5066.017859654888
5558.0	27	5065.679151408652
5559.0	28	5065.340466199466
5560.0	27	5065.001804025733
5561.0	32	5064.663164885843
5562.0	22	5064.324548778217
5563.0	28	5063.985955701237
5564.0	25	5063.647385653316
5565.0	30	5063.308838632847
5566.0	33	5062.970314638238
5567.0	32	5062.631813667883
5568.0	39	5062.293335720186
5569.0	35	5061.954880793554
5570.0	33	5061.616448886384
5571.0	33	5061.278039997078
5572.0	29	5060.939654124041
5573.0	26	5060.601291265672
5574.0	24	5060.262951420373
5575.0	25	5059.924634586543
5576.0	25	5059.586340762595
5577.0	33	5059.248069946922
5578.0	28	5058.909822137929
5579.0	24	5058.57159733402
5580.0	30	5058.233395533597
5581.0	31	5057.895216735057
5582.0	31	5057.557060936815
5583.0	25	5057.218928137269
5584.0	25	5056.8808183348165
5585.0	34	5056.542731527874
5586.0	30	5056.204667714831
5587.0	32	5055.866626894098
5588.0	30	5055.528609064074
5589.0	38	5055.190614223174
5590.0	32	5054.852642369791
5591.0	27	5054.5146935023295
5592.0	28	5054.1767676192
5593.0	21	5053.838864718803
5594.0	25	5053.500984799545
5595.0	30	5053.163127859826
5596.0	29	5052.825293898055
5597.0	39	5052.487482912636
5598.0	23	5052.1496949019765
5599.0	29	5051.8119298644715
5600.0	24	5051.474187798538
5601.0	30	5051.136468702575
5602.0	39	5050.798772574991
5603.0	32	5050.461099414185
5604.0	38	5050.123449218565
5605.0	29	5049.785821986545
5606.0	39	5049.448217716518
5607.0	42	5049.1106364069
5608.0	20	5048.773078056091
5609.0	32	5048.435542662505
5610.0	33	5048.098030224536
5611.0	31	5047.7605407406
5612.0	31	5047.423074209102
5613.0	40	5047.085630628445
5614.0	30	5046.748209997038
5615.0	27	5046.410812313292
5616.0	23	5046.073437575598
5617.0	27	5045.736085782381
5618.0	28	5045.398756932041
5619.0	28	5045.061451022988
5620.0	27	5044.724168053625
5621.0	25	5044.386908022361
5622.0	28	5044.049670927611
5623.0	45	5043.71245676777
5624.0	27	5043.375265541252
5625.0	28	5043.038097246465
5626.0	35	5042.700951881814
5627.0	30	5042.363829445718
5628.0	28	5042.026729936567
5629.0	25	5041.68965335279
5630.0	23	5041.352599692774
5631.0	24	5041.015568954943
5632.0	30	5040.678561137707
5633.0	24	5040.341576239464
5634.0	31	5040.00461425863
5635.0	20	5039.667675193606
5636.0	28	5039.330759042813
5637.0	35	5038.9938658046585
5638.0	28	5038.6569954775405
5639.0	44	5038.320148059878
5640.0	22	5037.9833235500855
5641.0	23	5037.646521946561
5642.0	23	5037.309743247716
5643.0	37	5036.972987451967
5644.0	27	5036.636254557724
5645.0	31	5036.299544563388
5646.0	23	5035.962857467378
5647.0	36	5035.626193268101
5648.0	25	5035.2895519639715
5649.0	35	5034.952933553401
5650.0	34	5034.616338034788
5651.0	21	5034.279765406556
