time	whole_blood_radioactivity	plasma_radioactivity
-7772.0	64	0.0
-7771.0	57	0.0
-7770.0	58	0.0
-7769.0	56	0.0
-7768.0	53	0.0
-7767.0	58	0.0
-7766.0	53	0.0
-7765.0	51	0.0
-7764.0	57	0.0
-7763.0	57	0.0
-7762.0	71	0.0
-7761.0	61	0.0
-7760.0	60	0.0
-7759.0	58	0.0
-7758.0	61	0.0
-7757.0	53	0.0
-7756.0	57	0.0
-7755.0	54	0.0
-7754.0	46	0.0
-7753.0	57	0.0
-7752.0	60	0.0
-7751.0	53	0.0
-7750.0	55	0.0
-7749.0	62	0.0
-7748.0	66	0.0
-7747.0	51	0.0
-7746.0	64	0.0
-7745.0	63	0.0
-7744.0	52	0.0
-7743.0	56	0.0
-7742.0	63	0.0
-7741.0	61	0.0
-7740.0	77	0.0
-7739.0	59	0.0
-7738.0	57	0.0
-7737.0	54	0.0
-7736.0	66	0.0
-7735.0	48	0.0
-7734.0	53	0.0
-7733.0	56	0.0
-7732.0	53	0.0
-7731.0	64	0.0
-7730.0	51	0.0
-7729.0	54	0.0
-7728.0	52	0.0
-7727.0	64	0.0
-7726.0	52	0.0
-7725.0	53	0.0
-7724.0	51	0.0
-7723.0	66	0.0
-7722.0	53	0.0
-7721.0	41	0.0
-7720.0	63	0.0
-7719.0	63	0.0
-7718.0	55	0.0
-7717.0	44	0.0
-7716.0	63	0.0
-7715.0	62	0.0
-7714.0	62	0.0
-7713.0	48	0.0
-7712.0	58	0.0
-7711.0	55	0.0
-7710.0	80	0.0
-7709.0	61	0.0
-7708.0	65	0.0
-7707.0	66	0.0
-7706.0	60	0.0
-7705.0	79	0.0
-7704.0	48	0.0
-7703.0	59	0.0
-7702.0	67	0.0
-7701.0	52	0.0
-7700.0	60	0.0
-7699.0	74	0.0
-7698.0	43	0.0
-7697.0	45	0.0
-7696.0	53	0.0
-7695.0	58	0.0
-7694.0	54	0.0
-7693.0	51	0.0
-7692.0	58	0.0
-7691.0	72	0.0
-7690.0	59	0.0
-7689.0	65	0.0
-7688.0	51	0.0
-7687.0	53	0.0
-7686.0	54	0.0
-7685.0	44	0.0
-7684.0	62	0.0
-7683.0	62	0.0
-7682.0	65	0.0
-7681.0	52	0.0
-7680.0	65	0.0
-7679.0	48	0.0
-7678.0	60	0.0
-7677.0	55	0.0
-7676.0	54	0.0
-7675.0	65	0.0
-7674.0	57	0.0
-7673.0	73	0.0
-7672.0	52	0.0
-7671.0	53	0.0
-7670.0	69	0.0
-7669.0	72	0.0
-7668.0	54	0.0
-7667.0	56	0.0
-7666.0	60	0.0
-7665.0	43	0.0
-7664.0	64	0.0
-7663.0	57	0.0
-7662.0	58	0.0
-7661.0	51	0.0
-7660.0	42	0.0
-7659.0	60	0.0
-7658.0	47	0.0
-7657.0	62	0.0
-7656.0	53	0.0
-7655.0	58	0.0
-7654.0	58	0.0
-7653.0	37	0.0
-7652.0	86	0.0
-7651.0	56	0.0
-7650.0	44	0.0
-7649.0	51	0.0
-7648.0	58	0.0
-7647.0	68	0.0
-7646.0	67	0.0
-7645.0	63	0.0
-7644.0	68	0.0
-7643.0	63	0.0
-7642.0	62	0.0
-7641.0	63	0.0
-7640.0	72	0.0
-7639.0	66	0.0
-7638.0	56	0.0
-7637.0	58	0.0
-7636.0	58	0.0
-7635.0	64	0.0
-7634.0	64	0.0
-7633.0	61	0.0
-7632.0	51	0.0
-7631.0	55	0.0
-7630.0	59	0.0
-7629.0	66	0.0
-7628.0	75	0.0
-7627.0	51	0.0
-7626.0	54	0.0
-7625.0	62	0.0
-7624.0	47	0.0
-7623.0	56	0.0
-7622.0	56	0.0
-7621.0	58	0.0
-7620.0	45	0.0
-7619.0	62	0.0
-7618.0	61	0.0
-7617.0	53	0.0
-7616.0	60	0.0
-7615.0	63	0.0
-7614.0	60	0.0
-7613.0	69	0.0
-7612.0	70	0.0
-7611.0	55	0.0
-7610.0	69	0.0
-7609.0	61	0.0
-7608.0	51	0.0
-7607.0	70	0.0
-7606.0	62	0.0
-7605.0	72	0.0
-7604.0	58	0.0
-7603.0	63	0.0
-7602.0	68	0.0
-7601.0	53	0.0
-7600.0	59	0.0
-7599.0	67	0.0
-7598.0	54	0.0
-7597.0	53	0.0
-7596.0	63	0.0
-7595.0	44	0.0
-7594.0	64	0.0
-7593.0	74	0.0
-7592.0	50	0.0
-7591.0	56	0.0
-7590.0	64	0.0
-7589.0	63	0.0
-7588.0	63	0.0
-7587.0	54	0.0
-7586.0	62	0.0
-7585.0	64	0.0
-7584.0	59	0.0
-7583.0	54	0.0
-7582.0	69	0.0
-7581.0	46	0.0
-7580.0	55	0.0
-7579.0	61	0.0
-7578.0	70	0.0
-7577.0	65	0.0
-7576.0	65	0.0
-7575.0	59	0.0
-7574.0	63	0.0
-7573.0	58	0.0
-7572.0	61	0.0
-7571.0	65	0.0
-7570.0	56	0.0
-7569.0	62	0.0
-7568.0	54	0.0
-7567.0	64	0.0
-7566.0	66	0.0
-7565.0	54	0.0
-7564.0	69	0.0
-7563.0	63	0.0
-7562.0	59	0.0
-7561.0	55	0.0
-7560.0	51	0.0
-7559.0	68	0.0
-7558.0	51	0.0
-7557.0	57	0.0
-7556.0	41	0.0
-7555.0	50	0.0
-7554.0	72	0.0
-7553.0	60	0.0
-7552.0	57	0.0
-7551.0	62	0.0
-7550.0	59	0.0
-7549.0	35	0.0
-7548.0	49	0.0
-7547.0	62	0.0
-7546.0	62	0.0
-7545.0	68	0.0
-7544.0	39	0.0
-7543.0	73	0.0
-7542.0	57	0.0
-7541.0	48	0.0
-7540.0	61	0.0
-7539.0	68	0.0
-7538.0	52	0.0
-7537.0	58	0.0
-7536.0	58	0.0
-7535.0	53	0.0
-7534.0	65	0.0
-7533.0	50	0.0
-7532.0	45	0.0
-7531.0	65	0.0
-7530.0	51	0.0
-7529.0	63	0.0
-7528.0	59	0.0
-7527.0	59	0.0
-7526.0	54	0.0
-7525.0	65	0.0
-7524.0	58	0.0
-7523.0	61	0.0
-7522.0	62	0.0
-7521.0	54	0.0
-7520.0	76	0.0
-7519.0	60	0.0
-7518.0	64	0.0
-7517.0	53	0.0
-7516.0	56	0.0
-7515.0	57	0.0
-7514.0	57	0.0
-7513.0	53	0.0
-7512.0	52	0.0
-7511.0	47	0.0
-7510.0	66	0.0
-7509.0	53	0.0
-7508.0	59	0.0
-7507.0	74	0.0
-7506.0	67	0.0
-7505.0	70	0.0
-7504.0	57	0.0
-7503.0	69	0.0
-7502.0	48	0.0
-7501.0	68	0.0
-7500.0	79	0.0
-7499.0	61	0.0
-7498.0	70	0.0
-7497.0	56	0.0
-7496.0	56	0.0
-7495.0	52	0.0
-7494.0	74	0.0
-7493.0	50	0.0
-7492.0	59	0.0
-7491.0	66	0.0
-7490.0	58	0.0
-7489.0	57	0.0
-7488.0	63	0.0
-7487.0	53	0.0
-7486.0	56	0.0
-7485.0	55	0.0
-7484.0	57	0.0
-7483.0	66	0.0
-7482.0	67	0.0
-7481.0	57	0.0
-7480.0	63	0.0
-7479.0	69	0.0
-7478.0	56	0.0
-7477.0	60	0.0
-7476.0	49	0.0
-7475.0	47	0.0
-7474.0	73	0.0
-7473.0	61	0.0
-7472.0	52	0.0
-7471.0	58	0.0
-7470.0	59	0.0
-7469.0	52	0.0
-7468.0	60	0.0
-7467.0	54	0.0
-7466.0	56	0.0
-7465.0	57	0.0
-7464.0	59	0.0
-7463.0	44	0.0
-7462.0	54	0.0
-7461.0	62	0.0
-7460.0	56	0.0
-7459.0	73	0.0
-7458.0	70	0.0
-7457.0	68	0.0
-7456.0	57	0.0
-7455.0	55	0.0
-7454.0	52	0.0
-7453.0	57	0.0
-7452.0	66	0.0
-7451.0	57	0.0
-7450.0	61	0.0
-7449.0	59	0.0
-7448.0	50	0.0
-7447.0	58	0.0
-7446.0	76	0.0
-7445.0	48	0.0
-7444.0	55	0.0
-7443.0	74	0.0
-7442.0	58	0.0
-7441.0	68	0.0
-7440.0	53	0.0
-7439.0	59	0.0
-7438.0	60	0.0
-7437.0	80	0.0
-7436.0	49	0.0
-7435.0	52	0.0
-7434.0	63	0.0
-7433.0	58	0.0
-7432.0	60	0.0
-7431.0	59	0.0
-7430.0	60	0.0
-7429.0	50	0.0
-7428.0	59	0.0
-7427.0	55	0.0
-7426.0	68	0.0
-7425.0	57	0.0
-7424.0	68	0.0
-7423.0	53	0.0
-7422.0	58	0.0
-7421.0	55	0.0
-7420.0	71	0.0
-7419.0	61	0.0
-7418.0	61	0.0
-7417.0	61	0.0
-7416.0	65	0.0
-7415.0	55	0.0
-7414.0	57	0.0
-7413.0	56	0.0
-7412.0	63	0.0
-7411.0	59	0.0
-7410.0	55	0.0
-7409.0	50	0.0
-7408.0	56	0.0
-7407.0	69	0.0
-7406.0	59	0.0
-7405.0	46	0.0
-7404.0	55	0.0
-7403.0	59	0.0
-7402.0	51	0.0
-7401.0	46	0.0
-7400.0	53	0.0
-7399.0	61	0.0
-7398.0	70	0.0
-7397.0	64	0.0
-7396.0	82	0.0
-7395.0	61	0.0
-7394.0	65	0.0
-7393.0	70	0.0
-7392.0	70	0.0
-7391.0	51	0.0
-7390.0	62	0.0
-7389.0	56	0.0
-7388.0	62	0.0
-7387.0	54	0.0
-7386.0	68	0.0
-7385.0	68	0.0
-7384.0	59	0.0
-7383.0	58	0.0
-7382.0	57	0.0
-7381.0	59	0.0
-7380.0	57	0.0
-7379.0	61	0.0
-7378.0	56	0.0
-7377.0	65	0.0
-7376.0	56	0.0
-7375.0	68	0.0
-7374.0	72	0.0
-7373.0	49	0.0
-7372.0	56	0.0
-7371.0	70	0.0
-7370.0	61	0.0
-7369.0	52	0.0
-7368.0	57	0.0
-7367.0	50	0.0
-7366.0	51	0.0
-7365.0	54	0.0
-7364.0	51	0.0
-7363.0	51	0.0
-7362.0	79	0.0
-7361.0	59	0.0
-7360.0	61	0.0
-7359.0	56	0.0
-7358.0	53	0.0
-7357.0	48	0.0
-7356.0	55	0.0
-7355.0	58	0.0
-7354.0	52	0.0
-7353.0	68	0.0
-7352.0	67	0.0
-7351.0	48	0.0
-7350.0	54	0.0
-7349.0	50	0.0
-7348.0	63	0.0
-7347.0	51	0.0
-7346.0	66	0.0
-7345.0	58	0.0
-7344.0	60	0.0
-7343.0	58	0.0
-7342.0	78	0.0
-7341.0	62	0.0
-7340.0	59	0.0
-7339.0	57	0.0
-7338.0	57	0.0
-7337.0	60	0.0
-7336.0	53	0.0
-7335.0	51	0.0
-7334.0	55	0.0
-7333.0	60	0.0
-7332.0	55	0.0
-7331.0	58	0.0
-7330.0	59	0.0
-7329.0	61	0.0
-7328.0	65	0.0
-7327.0	50	0.0
-7326.0	58	0.0
-7325.0	42	0.0
-7324.0	54	0.0
-7323.0	60	0.0
-7322.0	57	0.0
-7321.0	48	0.0
-7320.0	55	0.0
-7319.0	52	0.0
-7318.0	75	0.0
-7317.0	67	0.0
-7316.0	53	0.0
-7315.0	53	0.0
-7314.0	51	0.0
-7313.0	63	0.0
-7312.0	67	0.0
-7311.0	58	0.0
-7310.0	56	0.0
-7309.0	59	0.0
-7308.0	72	0.0
-7307.0	54	0.0
-7306.0	60	0.0
-7305.0	60	0.0
-7304.0	54	0.0
-7303.0	65	0.0
-7302.0	50	0.0
-7301.0	69	0.0
-7300.0	69	0.0
-7299.0	56	0.0
-7298.0	55	0.0
-7297.0	52	0.0
-7296.0	52	0.0
-7295.0	56	0.0
-7294.0	46	0.0
-7293.0	57	0.0
-7292.0	51	0.0
-7291.0	63	0.0
-7290.0	62	0.0
-7289.0	47	0.0
-7288.0	60	0.0
-7287.0	61	0.0
-7286.0	56	0.0
-7285.0	53	0.0
-7284.0	64	0.0
-7283.0	60	0.0
-7282.0	68	0.0
-7281.0	63	0.0
-7280.0	57	0.0
-7279.0	71	0.0
-7278.0	60	0.0
-7277.0	49	0.0
-7276.0	54	0.0
-7275.0	63	0.0
-7274.0	63	0.0
-7273.0	54	0.0
-7272.0	53	0.0
-7271.0	52	0.0
-7270.0	63	0.0
-7269.0	53	0.0
-7268.0	76	0.0
-7267.0	35	0.0
-7266.0	54	0.0
-7265.0	60	0.0
-7264.0	63	0.0
-7263.0	60	0.0
-7262.0	62	0.0
-7261.0	58	0.0
-7260.0	48	0.0
-7259.0	59	0.0
-7258.0	60	0.0
-7257.0	51	0.0
-7256.0	65	0.0
-7255.0	63	0.0
-7254.0	62	0.0
-7253.0	62	0.0
-7252.0	61	0.0
-7251.0	52	0.0
-7250.0	58	0.0
-7249.0	54	0.0
-7248.0	57	0.0
-7247.0	62	0.0
-7246.0	54	0.0
-7245.0	41	0.0
-7244.0	63	0.0
-7243.0	60	0.0
-7242.0	55	0.0
-7241.0	59	0.0
-7240.0	52	0.0
-7239.0	55	0.0
-7238.0	71	0.0
-7237.0	55	0.0
-7236.0	54	0.0
-7235.0	61	0.0
-7234.0	60	0.0
-7233.0	71	0.0
-7232.0	60	0.0
-7231.0	52	0.0
-7230.0	50	0.0
-7229.0	55	0.0
-7228.0	62	0.0
-7227.0	58	0.0
-7226.0	71	0.0
-7225.0	56	0.0
-7224.0	66	0.0
-7223.0	48	0.0
-7222.0	48	0.0
-7221.0	65	0.0
-7220.0	58	0.0
-7219.0	73	0.0
-7218.0	66	0.0
-7217.0	62	0.0
-7216.0	62	0.0
-7215.0	61	0.0
-7214.0	68	0.0
-7213.0	48	0.0
-7212.0	53	0.0
-7211.0	66	0.0
-7210.0	61	0.0
-7209.0	64	0.0
-7208.0	42	0.0
-7207.0	60	0.0
-7206.0	85	0.0
-7205.0	62	0.0
-7204.0	38	0.0
-7203.0	52	0.0
-7202.0	44	0.0
-7201.0	53	0.0
-7200.0	53	0.0
-7199.0	69	0.0
-7198.0	57	0.0
-7197.0	72	0.0
-7196.0	57	0.0
-7195.0	71	0.0
-7194.0	56	0.0
-7193.0	60	0.0
-7192.0	51	0.0
-7191.0	56	0.0
-7190.0	62	0.0
-7189.0	49	0.0
-7188.0	68	0.0
-7187.0	52	0.0
-7186.0	61	0.0
-7185.0	51	0.0
-7184.0	51	0.0
-7183.0	58	0.0
-7182.0	59	0.0
-7181.0	58	0.0
-7180.0	75	0.0
-7179.0	66	0.0
-7178.0	70	0.0
-7177.0	63	0.0
-7176.0	55	0.0
-7175.0	65	0.0
-7174.0	64	0.0
-7173.0	48	0.0
-7172.0	49	0.0
-7171.0	65	0.0
-7170.0	54	0.0
-7169.0	76	0.0
-7168.0	47	0.0
-7167.0	63	0.0
-7166.0	50	0.0
-7165.0	57	0.0
-7164.0	64	0.0
-7163.0	54	0.0
-7162.0	74	0.0
-7161.0	69	0.0
-7160.0	47	0.0
-7159.0	75	0.0
-7158.0	62	0.0
-7157.0	55	0.0
-7156.0	63	0.0
-7155.0	61	0.0
-7154.0	56	0.0
-7153.0	56	0.0
-7152.0	55	0.0
-7151.0	55	0.0
-7150.0	55	0.0
-7149.0	59	0.0
-7148.0	54	0.0
-7147.0	62	0.0
-7146.0	53	0.0
-7145.0	58	0.0
-7144.0	67	0.0
-7143.0	54	0.0
-7142.0	52	0.0
-7141.0	58	0.0
-7140.0	51	0.0
-7139.0	60	0.0
-7138.0	71	0.0
-7137.0	60	0.0
-7136.0	45	0.0
-7135.0	61	0.0
-7134.0	60	0.0
-7133.0	62	0.0
-7132.0	67	0.0
-7131.0	64	0.0
-7130.0	58	0.0
-7129.0	55	0.0
-7128.0	66	0.0
-7127.0	62	0.0
-7126.0	67	0.0
-7125.0	73	0.0
-7124.0	44	0.0
-7123.0	55	0.0
-7122.0	60	0.0
-7121.0	59	0.0
-7120.0	59	0.0
-7119.0	50	0.0
-7118.0	57	0.0
-7117.0	52	0.0
-7116.0	59	0.0
-7115.0	56	0.0
-7114.0	57	0.0
-7113.0	52	0.0
-7112.0	45	0.0
-7111.0	50	0.0
-7110.0	60	0.0
-7109.0	64	0.0
-7108.0	55	0.0
-7107.0	63	0.0
-7106.0	61	0.0
-7105.0	55	0.0
-7104.0	50	0.0
-7103.0	53	0.0
-7102.0	49	0.0
-7101.0	46	0.0
-7100.0	56	0.0
-7099.0	51	0.0
-7098.0	69	0.0
-7097.0	61	0.0
-7096.0	51	0.0
-7095.0	48	0.0
-7094.0	60	0.0
-7093.0	64	0.0
-7092.0	55	0.0
-7091.0	73	0.0
-7090.0	59	0.0
-7089.0	73	0.0
-7088.0	41	0.0
-7087.0	61	0.0
-7086.0	65	0.0
-7085.0	58	0.0
-7084.0	61	0.0
-7083.0	64	0.0
-7082.0	62	0.0
-7081.0	49	0.0
-7080.0	66	0.0
-7079.0	61	0.0
-7078.0	79	0.0
-7077.0	68	0.0
-7076.0	67	0.0
-7075.0	52	0.0
-7074.0	48	0.0
-7073.0	60	0.0
-7072.0	53	0.0
-7071.0	63	0.0
-7070.0	62	0.0
-7069.0	61	0.0
-7068.0	61	0.0
-7067.0	75	0.0
-7066.0	57	0.0
-7065.0	57	0.0
-7064.0	48	0.0
-7063.0	53	0.0
-7062.0	65	0.0
-7061.0	60	0.0
-7060.0	57	0.0
-7059.0	59	0.0
-7058.0	72	0.0
-7057.0	59	0.0
-7056.0	60	0.0
-7055.0	59	0.0
-7054.0	59	0.0
-7053.0	66	0.0
-7052.0	50	0.0
-7051.0	53	0.0
-7050.0	62	0.0
-7049.0	57	0.0
-7048.0	57	0.0
-7047.0	55	0.0
-7046.0	69	0.0
-7045.0	48	0.0
-7044.0	45	0.0
-7043.0	63	0.0
-7042.0	63	0.0
-7041.0	48	0.0
-7040.0	69	0.0
-7039.0	46	0.0
-7038.0	53	0.0
-7037.0	51	0.0
-7036.0	57	0.0
-7035.0	63	0.0
-7034.0	65	0.0
-7033.0	49	0.0
-7032.0	71	0.0
-7031.0	43	0.0
-7030.0	64	0.0
-7029.0	59	0.0
-7028.0	53	0.0
-7027.0	67	0.0
-7026.0	58	0.0
-7025.0	47	0.0
-7024.0	52	0.0
-7023.0	47	0.0
-7022.0	47	0.0
-7021.0	65	0.0
-7020.0	51	0.0
-7019.0	64	0.0
-7018.0	63	0.0
-7017.0	58	0.0
-7016.0	48	0.0
-7015.0	58	0.0
-7014.0	67	0.0
-7013.0	77	0.0
-7012.0	49	0.0
-7011.0	57	0.0
-7010.0	52	0.0
-7009.0	56	0.0
-7008.0	65	0.0
-7007.0	58	0.0
-7006.0	52	0.0
-7005.0	55	0.0
-7004.0	74	0.0
-7003.0	78	0.0
-7002.0	42	0.0
-7001.0	59	0.0
-7000.0	68	0.0
-6999.0	56	0.0
-6998.0	43	0.0
-6997.0	71	0.0
-6996.0	39	0.0
-6995.0	63	0.0
-6994.0	56	0.0
-6993.0	73	0.0
-6992.0	58	0.0
-6991.0	64	0.0
-6990.0	61	0.0
-6989.0	58	0.0
-6988.0	60	0.0
-6987.0	41	0.0
-6986.0	54	0.0
-6985.0	68	0.0
-6984.0	59	0.0
-6983.0	75	0.0
-6982.0	56	0.0
-6981.0	55	0.0
-6980.0	55	0.0
-6979.0	55	0.0
-6978.0	68	0.0
-6977.0	61	0.0
-6976.0	49	0.0
-6975.0	46	0.0
-6974.0	65	0.0
-6973.0	47	0.0
-6972.0	66	0.0
-6971.0	62	0.0
-6970.0	58	0.0
-6969.0	67	0.0
-6968.0	59	0.0
-6967.0	60	0.0
-6966.0	74	0.0
-6965.0	70	0.0
-6964.0	60	0.0
-6963.0	69	0.0
-6962.0	52	0.0
-6961.0	53	0.0
-6960.0	51	0.0
-6959.0	52	0.0
-6958.0	52	0.0
-6957.0	49	0.0
-6956.0	58	0.0
-6955.0	56	0.0
-6954.0	69	0.0
-6953.0	59	0.0
-6952.0	55	0.0
-6951.0	59	0.0
-6950.0	59	0.0
-6949.0	51	0.0
-6948.0	48	0.0
-6947.0	70	0.0
-6946.0	53	0.0
-6945.0	51	0.0
-6944.0	64	0.0
-6943.0	56	0.0
-6942.0	62	0.0
-6941.0	65	0.0
-6940.0	56	0.0
-6939.0	62	0.0
-6938.0	72	0.0
-6937.0	64	0.0
-6936.0	64	0.0
-6935.0	52	0.0
-6934.0	55	0.0
-6933.0	55	0.0
-6932.0	71	0.0
-6931.0	70	0.0
-6930.0	68	0.0
-6929.0	62	0.0
-6928.0	53	0.0
-6927.0	60	0.0
-6926.0	66	0.0
-6925.0	49	0.0
-6924.0	48	0.0
-6923.0	48	0.0
-6922.0	59	0.0
-6921.0	60	0.0
-6920.0	57	0.0
-6919.0	53	0.0
-6918.0	51	0.0
-6917.0	74	0.0
-6916.0	67	0.0
-6915.0	57	0.0
-6914.0	57	0.0
-6913.0	56	0.0
-6912.0	59	0.0
-6911.0	66	0.0
-6910.0	67	0.0
-6909.0	57	0.0
-6908.0	73	0.0
-6907.0	73	0.0
-6906.0	76	0.0
-6905.0	81	0.0
-6904.0	48	0.0
-6903.0	60	0.0
-6902.0	62	0.0
-6901.0	52	0.0
-6900.0	49	0.0
-6899.0	63	0.0
-6898.0	62	0.0
-6897.0	64	0.0
-6896.0	66	0.0
-6895.0	55	0.0
-6894.0	57	0.0
-6893.0	74	0.0
-6892.0	77	0.0
-6891.0	63	0.0
-6890.0	63	0.0
-6889.0	54	0.0
-6888.0	51	0.0
-6887.0	64	0.0
-6886.0	61	0.0
-6885.0	67	0.0
-6884.0	79	0.0
-6883.0	43	0.0
-6882.0	64	0.0
-6881.0	48	0.0
-6880.0	51	0.0
-6879.0	47	0.0
-6878.0	50	0.0
-6877.0	50	0.0
-6876.0	53	0.0
-6875.0	49	0.0
-6874.0	79	0.0
-6873.0	55	0.0
-6872.0	58	0.0
-6871.0	62	0.0
-6870.0	56	0.0
-6869.0	59	0.0
-6868.0	55	0.0
-6867.0	55	0.0
-6866.0	62	0.0
-6865.0	49	0.0
-6864.0	61	0.0
-6863.0	65	0.0
-6862.0	55	0.0
-6861.0	56	0.0
-6860.0	60	0.0
-6859.0	60	0.0
-6858.0	63	0.0
-6857.0	54	0.0
-6856.0	57	0.0
-6855.0	61	0.0
-6854.0	58	0.0
-6853.0	54	0.0
-6852.0	52	0.0
-6851.0	61	0.0
-6850.0	64	0.0
-6849.0	70	0.0
-6848.0	75	0.0
-6847.0	68	0.0
-6846.0	47	0.0
-6845.0	53	0.0
-6844.0	56	0.0
-6843.0	69	0.0
-6842.0	60	0.0
-6841.0	71	0.0
-6840.0	69	0.0
-6839.0	70	0.0
-6838.0	60	0.0
-6837.0	57	0.0
-6836.0	57	0.0
-6835.0	62	0.0
-6834.0	79	0.0
-6833.0	75	0.0
-6832.0	57	0.0
-6831.0	46	0.0
-6830.0	51	0.0
-6829.0	55	0.0
-6828.0	51	0.0
-6827.0	61	0.0
-6826.0	51	0.0
-6825.0	61	0.0
-6824.0	62	0.0
-6823.0	56	0.0
-6822.0	44	0.0
-6821.0	53	0.0
-6820.0	62	0.0
-6819.0	54	0.0
-6818.0	53	0.0
-6817.0	58	0.0
-6816.0	60	0.0
-6815.0	51	0.0
-6814.0	54	0.0
-6813.0	82	0.0
-6812.0	51	0.0
-6811.0	59	0.0
-6810.0	61	0.0
-6809.0	53	0.0
-6808.0	57	0.0
-6807.0	58	0.0
-6806.0	55	0.0
-6805.0	71	0.0
-6804.0	54	0.0
-6803.0	57	0.0
-6802.0	57	0.0
-6801.0	81	0.0
-6800.0	65	0.0
-6799.0	44	0.0
-6798.0	57	0.0
-6797.0	56	0.0
-6796.0	65	0.0
-6795.0	64	0.0
-6794.0	66	0.0
-6793.0	63	0.0
-6792.0	59	0.0
-6791.0	50	0.0
-6790.0	55	0.0
-6789.0	55	0.0
-6788.0	54	0.0
-6787.0	51	0.0
-6786.0	61	0.0
-6785.0	53	0.0
-6784.0	55	0.0
-6783.0	46	0.0
-6782.0	43	0.0
-6781.0	56	0.0
-6780.0	52	0.0
-6779.0	53	0.0
-6778.0	54	0.0
-6777.0	41	0.0
-6776.0	63	0.0
-6775.0	58	0.0
-6774.0	51	0.0
-6773.0	61	0.0
-6772.0	58	0.0
-6771.0	65	0.0
-6770.0	50	0.0
-6769.0	53	0.0
-6768.0	67	0.0
-6767.0	56	0.0
-6766.0	61	0.0
-6765.0	64	0.0
-6764.0	58	0.0
-6763.0	45	0.0
-6762.0	73	0.0
-6761.0	57	0.0
-6760.0	57	0.0
-6759.0	61	0.0
-6758.0	51	0.0
-6757.0	56	0.0
-6756.0	63	0.0
-6755.0	72	0.0
-6754.0	52	0.0
-6753.0	60	0.0
-6752.0	77	0.0
-6751.0	50	0.0
-6750.0	59	0.0
-6749.0	52	0.0
-6748.0	61	0.0
-6747.0	50	0.0
-6746.0	80	0.0
-6745.0	68	0.0
-6744.0	59	0.0
-6743.0	68	0.0
-6742.0	65	0.0
-6741.0	75	0.0
-6740.0	66	0.0
-6739.0	52	0.0
-6738.0	54	0.0
-6737.0	48	0.0
-6736.0	69	0.0
-6735.0	68	0.0
-6734.0	65	0.0
-6733.0	59	0.0
-6732.0	67	0.0
-6731.0	52	0.0
-6730.0	63	0.0
-6729.0	52	0.0
-6728.0	61	0.0
-6727.0	75	0.0
-6726.0	60	0.0
-6725.0	56	0.0
-6724.0	54	0.0
-6723.0	59	0.0
-6722.0	58	0.0
-6721.0	56	0.0
-6720.0	56	0.0
-6719.0	60	0.0
-6718.0	64	0.0
-6717.0	48	0.0
-6716.0	68	0.0
-6715.0	54	0.0
-6714.0	63	0.0
-6713.0	58	0.0
-6712.0	48	0.0
-6711.0	55	0.0
-6710.0	74	0.0
-6709.0	52	0.0
-6708.0	57	0.0
-6707.0	56	0.0
-6706.0	71	0.0
-6705.0	60	0.0
-6704.0	64	0.0
-6703.0	68	0.0
-6702.0	43	0.0
-6701.0	53	0.0
-6700.0	66	0.0
-6699.0	68	0.0
-6698.0	68	0.0
-6697.0	61	0.0
-6696.0	71	0.0
-6695.0	60	0.0
-6694.0	47	0.0
-6693.0	63	0.0
-6692.0	55	0.0
-6691.0	60	0.0
-6690.0	51	0.0
-6689.0	70	0.0
-6688.0	50	0.0
-6687.0	49	0.0
-6686.0	58	0.0
-6685.0	59	0.0
-6684.0	51	0.0
-6683.0	67	0.0
-6682.0	61	0.0
-6681.0	49	0.0
-6680.0	47	0.0
-6679.0	45	0.0
-6678.0	57	0.0
-6677.0	64	0.0
-6676.0	55	0.0
-6675.0	65	0.0
-6674.0	61	0.0
-6673.0	74	0.0
-6672.0	59	0.0
-6671.0	51	0.0
-6670.0	59	0.0
-6669.0	52	0.0
-6668.0	51	0.0
-6667.0	53	0.0
-6666.0	60	0.0
-6665.0	76	0.0
-6664.0	64	0.0
-6663.0	47	0.0
-6662.0	65	0.0
-6661.0	63	0.0
-6660.0	59	0.0
-6659.0	58	0.0
-6658.0	69	0.0
-6657.0	77	0.0
-6656.0	65	0.0
-6655.0	55	0.0
-6654.0	57	0.0
-6653.0	61	0.0
-6652.0	61	0.0
-6651.0	51	0.0
-6650.0	56	0.0
-6649.0	53	0.0
-6648.0	50	0.0
-6647.0	60	0.0
-6646.0	45	0.0
-6645.0	57	0.0
-6644.0	55	0.0
-6643.0	56	0.0
-6642.0	59	0.0
-6641.0	54	0.0
-6640.0	61	0.0
-6639.0	60	0.0
-6638.0	55	0.0
-6637.0	66	0.0
-6636.0	64	0.0
-6635.0	66	0.0
-6634.0	60	0.0
-6633.0	55	0.0
-6632.0	67	0.0
-6631.0	50	0.0
-6630.0	68	0.0
-6629.0	57	0.0
-6628.0	55	0.0
-6627.0	55	0.0
-6626.0	47	0.0
-6625.0	59	0.0
-6624.0	58	0.0
-6623.0	62	0.0
-6622.0	55	0.0
-6621.0	58	0.0
-6620.0	52	0.0
-6619.0	66	0.0
-6618.0	77	0.0
-6617.0	48	0.0
-6616.0	74	0.0
-6615.0	58	0.0
-6614.0	52	0.0
-6613.0	70	0.0
-6612.0	62	0.0
-6611.0	42	0.0
-6610.0	52	0.0
-6609.0	52	0.0
-6608.0	74	0.0
-6607.0	54	0.0
-6606.0	57	0.0
-6605.0	43	0.0
-6604.0	60	0.0
-6603.0	50	0.0
-6602.0	56	0.0
-6601.0	63	0.0
-6600.0	65	0.0
-6599.0	62	0.0
-6598.0	63	0.0
-6597.0	56	0.0
-6596.0	59	0.0
-6595.0	67	0.0
-6594.0	60	0.0
-6593.0	55	0.0
-6592.0	65	0.0
-6591.0	53	0.0
-6590.0	63	0.0
-6589.0	70	0.0
-6588.0	53	0.0
-6587.0	62	0.0
-6586.0	65	0.0
-6585.0	51	0.0
-6584.0	55	0.0
-6583.0	51	0.0
-6582.0	67	0.0
-6581.0	70	0.0
-6580.0	51	0.0
-6579.0	65	0.0
-6578.0	67	0.0
-6577.0	49	0.0
-6576.0	56	0.0
-6575.0	55	0.0
-6574.0	54	0.0
-6573.0	50	0.0
-6572.0	58	0.0
-6571.0	53	0.0
-6570.0	53	0.0
-6569.0	57	0.0
-6568.0	61	0.0
-6567.0	61	0.0
-6566.0	61	0.0
-6565.0	54	0.0
-6564.0	55	0.0
-6563.0	54	0.0
-6562.0	49	0.0
-6561.0	54	0.0
-6560.0	55	0.0
-6559.0	72	0.0
-6558.0	56	0.0
-6557.0	62	0.0
-6556.0	59	0.0
-6555.0	56	0.0
-6554.0	64	0.0
-6553.0	78	0.0
-6552.0	56	0.0
-6551.0	48	0.0
-6550.0	43	0.0
-6549.0	62	0.0
-6548.0	43	0.0
-6547.0	73	0.0
-6546.0	63	0.0
-6545.0	77	0.0
-6544.0	56	0.0
-6543.0	56	0.0
-6542.0	74	0.0
-6541.0	48	0.0
-6540.0	66	0.0
-6539.0	60	0.0
-6538.0	52	0.0
-6537.0	68	0.0
-6536.0	51	0.0
-6535.0	65	0.0
-6534.0	77	0.0
-6533.0	49	0.0
-6532.0	53	0.0
-6531.0	67	0.0
-6530.0	53	0.0
-6529.0	53	0.0
-6528.0	65	0.0
-6527.0	56	0.0
-6526.0	51	0.0
-6525.0	56	0.0
-6524.0	60	0.0
-6523.0	58	0.0
-6522.0	54	0.0
-6521.0	64	0.0
-6520.0	64	0.0
-6519.0	57	0.0
-6518.0	58	0.0
-6517.0	70	0.0
-6516.0	68	0.0
-6515.0	46	0.0
-6514.0	43	0.0
-6513.0	56	0.0
-6512.0	61	0.0
-6511.0	64	0.0
-6510.0	76	0.0
-6509.0	47	0.0
-6508.0	60	0.0
-6507.0	50	0.0
-6506.0	49	0.0
-6505.0	53	0.0
-6504.0	60	0.0
-6503.0	61	0.0
-6502.0	57	0.0
-6501.0	61	0.0
-6500.0	47	0.0
-6499.0	55	0.0
-6498.0	62	0.0
-6497.0	61	0.0
-6496.0	61	0.0
-6495.0	54	0.0
-6494.0	60	0.0
-6493.0	55	0.0
-6492.0	69	0.0
-6491.0	64	0.0
-6490.0	63	0.0
-6489.0	60	0.0
-6488.0	61	0.0
-6487.0	55	0.0
-6486.0	45	0.0
-6485.0	56	0.0
-6484.0	63	0.0
-6483.0	55	0.0
-6482.0	64	0.0
-6481.0	71	0.0
-6480.0	53	0.0
-6479.0	54	0.0
-6478.0	66	0.0
-6477.0	43	0.0
-6476.0	54	0.0
-6475.0	64	0.0
-6474.0	50	0.0
-6473.0	64	0.0
-6472.0	60	0.0
-6471.0	66	0.0
-6470.0	52	0.0
-6469.0	51	0.0
-6468.0	63	0.0
-6467.0	44	0.0
-6466.0	69	0.0
-6465.0	56	0.0
-6464.0	68	0.0
-6463.0	58	0.0
-6462.0	60	0.0
-6461.0	62	0.0
-6460.0	50	0.0
-6459.0	44	0.0
-6458.0	56	0.0
-6457.0	49	0.0
-6456.0	64	0.0
-6455.0	50	0.0
-6454.0	50	0.0
-6453.0	51	0.0
-6452.0	50	0.0
-6451.0	60	0.0
-6450.0	67	0.0
-6449.0	70	0.0
-6448.0	57	0.0
-6447.0	62	0.0
-6446.0	54	0.0
-6445.0	68	0.0
-6444.0	47	0.0
-6443.0	60	0.0
-6442.0	48	0.0
-6441.0	62	0.0
-6440.0	63	0.0
-6439.0	62	0.0
-6438.0	58	0.0
-6437.0	56	0.0
-6436.0	65	0.0
-6435.0	56	0.0
-6434.0	56	0.0
-6433.0	52	0.0
-6432.0	62	0.0
-6431.0	63	0.0
-6430.0	50	0.0
-6429.0	57	0.0
-6428.0	53	0.0
-6427.0	59	0.0
-6426.0	64	0.0
-6425.0	50	0.0
-6424.0	60	0.0
-6423.0	63	0.0
-6422.0	69	0.0
-6421.0	59	0.0
-6420.0	53	0.0
-6419.0	49	0.0
-6418.0	67	0.0
-6417.0	47	0.0
-6416.0	46	0.0
-6415.0	55	0.0
-6414.0	72	0.0
-6413.0	52	0.0
-6412.0	56	0.0
-6411.0	53	0.0
-6410.0	55	0.0
-6409.0	45	0.0
-6408.0	55	0.0
-6407.0	57	0.0
-6406.0	55	0.0
-6405.0	49	0.0
-6404.0	52	0.0
-6403.0	63	0.0
-6402.0	59	0.0
-6401.0	54	0.0
-6400.0	62	0.0
-6399.0	43	0.0
-6398.0	53	0.0
-6397.0	50	0.0
-6396.0	55	0.0
-6395.0	73	0.0
-6394.0	55	0.0
-6393.0	49	0.0
-6392.0	70	0.0
-6391.0	59	0.0
-6390.0	56	0.0
-6389.0	52	0.0
-6388.0	60	0.0
-6387.0	61	0.0
-6386.0	64	0.0
-6385.0	56	0.0
-6384.0	55	0.0
-6383.0	50	0.0
-6382.0	60	0.0
-6381.0	62	0.0
-6380.0	59	0.0
-6379.0	58	0.0
-6378.0	56	0.0
-6377.0	53	0.0
-6376.0	66	0.0
-6375.0	57	0.0
-6374.0	63	0.0
-6373.0	68	0.0
-6372.0	71	0.0
-6371.0	55	0.0
-6370.0	58	0.0
-6369.0	56	0.0
-6368.0	59	0.0
-6367.0	47	0.0
-6366.0	46	0.0
-6365.0	51	0.0
-6364.0	59	0.0
-6363.0	68	0.0
-6362.0	56	0.0
-6361.0	57	0.0
-6360.0	52	0.0
-6359.0	58	0.0
-6358.0	51	0.0
-6357.0	51	0.0
-6356.0	54	0.0
-6355.0	61	0.0
-6354.0	71	0.0
-6353.0	61	0.0
-6352.0	67	0.0
-6351.0	63	0.0
-6350.0	51	0.0
-6349.0	52	0.0
-6348.0	77	0.0
-6347.0	67	0.0
-6346.0	63	0.0
-6345.0	50	0.0
-6344.0	55	0.0
-6343.0	56	0.0
-6342.0	73	0.0
-6341.0	72	0.0
-6340.0	63	0.0
-6339.0	67	0.0
-6338.0	51	0.0
-6337.0	61	0.0
-6336.0	61	0.0
-6335.0	49	0.0
-6334.0	69	0.0
-6333.0	63	0.0
-6332.0	73	0.0
-6331.0	56	0.0
-6330.0	44	0.0
-6329.0	61	0.0
-6328.0	51	0.0
-6327.0	49	0.0
-6326.0	59	0.0
-6325.0	79	0.0
-6324.0	64	0.0
-6323.0	63	0.0
-6322.0	55	0.0
-6321.0	54	0.0
-6320.0	64	0.0
-6319.0	62	0.0
-6318.0	66	0.0
-6317.0	55	0.0
-6316.0	58	0.0
-6315.0	60	0.0
-6314.0	54	0.0
-6313.0	64	0.0
-6312.0	59	0.0
-6311.0	59	0.0
-6310.0	58	0.0
-6309.0	60	0.0
-6308.0	67	0.0
-6307.0	59	0.0
-6306.0	64	0.0
-6305.0	72	0.0
-6304.0	64	0.0
-6303.0	70	0.0
-6302.0	58	0.0
-6301.0	46	0.0
-6300.0	64	0.0
-6299.0	56	0.0
-6298.0	55	0.0
-6297.0	61	0.0
-6296.0	58	0.0
-6295.0	60	0.0
-6294.0	57	0.0
-6293.0	48	0.0
-6292.0	67	0.0
-6291.0	46	0.0
-6290.0	73	0.0
-6289.0	63	0.0
-6288.0	51	0.0
-6287.0	53	0.0
-6286.0	61	0.0
-6285.0	63	0.0
-6284.0	54	0.0
-6283.0	50	0.0
-6282.0	48	0.0
-6281.0	54	0.0
-6280.0	59	0.0
-6279.0	66	0.0
-6278.0	59	0.0
-6277.0	54	0.0
-6276.0	64	0.0
-6275.0	53	0.0
-6274.0	60	0.0
-6273.0	65	0.0
-6272.0	69	0.0
-6271.0	63	0.0
-6270.0	69	0.0
-6269.0	59	0.0
-6268.0	59	0.0
-6267.0	53	0.0
-6266.0	70	0.0
-6265.0	52	0.0
-6264.0	54	0.0
-6263.0	44	0.0
-6262.0	59	0.0
-6261.0	49	0.0
-6260.0	65	0.0
-6259.0	61	0.0
-6258.0	54	0.0
-6257.0	65	0.0
-6256.0	62	0.0
-6255.0	54	0.0
-6254.0	48	0.0
-6253.0	69	0.0
-6252.0	61	0.0
-6251.0	55	0.0
-6250.0	69	0.0
-6249.0	59	0.0
-6248.0	51	0.0
-6247.0	72	0.0
-6246.0	65	0.0
-6245.0	55	0.0
-6244.0	50	0.0
-6243.0	48	0.0
-6242.0	60	0.0
-6241.0	57	0.0
-6240.0	61	0.0
-6239.0	62	0.0
-6238.0	65	0.0
-6237.0	64	0.0
-6236.0	58	0.0
-6235.0	51	0.0
-6234.0	60	0.0
-6233.0	54	0.0
-6232.0	63	0.0
-6231.0	56	0.0
-6230.0	63	0.0
-6229.0	61	0.0
-6228.0	68	0.0
-6227.0	55	0.0
-6226.0	61	0.0
-6225.0	56	0.0
-6224.0	66	0.0
-6223.0	41	0.0
-6222.0	66	0.0
-6221.0	52	0.0
-6220.0	62	0.0
-6219.0	49	0.0
-6218.0	65	0.0
-6217.0	64	0.0
-6216.0	57	0.0
-6215.0	58	0.0
-6214.0	64	0.0
-6213.0	59	0.0
-6212.0	50	0.0
-6211.0	54	0.0
-6210.0	74	0.0
-6209.0	63	0.0
-6208.0	61	0.0
-6207.0	71	0.0
-6206.0	65	0.0
-6205.0	62	0.0
-6204.0	58	0.0
-6203.0	56	0.0
-6202.0	79	0.0
-6201.0	60	0.0
-6200.0	51	0.0
-6199.0	59	0.0
-6198.0	51	0.0
-6197.0	55	0.0
-6196.0	64	0.0
-6195.0	58	0.0
-6194.0	68	0.0
-6193.0	59	0.0
-6192.0	41	0.0
-6191.0	55	0.0
-6190.0	59	0.0
-6189.0	60	0.0
-6188.0	48	0.0
-6187.0	61	0.0
-6186.0	68	0.0
-6185.0	57	0.0
-6184.0	58	0.0
-6183.0	60	0.0
-6182.0	61	0.0
-6181.0	67	0.0
-6180.0	49	0.0
-6179.0	62	0.0
-6178.0	52	0.0
-6177.0	57	0.0
-6176.0	64	0.0
-6175.0	57	0.0
-6174.0	71	0.0
-6173.0	52	0.0
-6172.0	63	0.0
-6171.0	52	0.0
-6170.0	62	0.0
-6169.0	56	0.0
-6168.0	71	0.0
-6167.0	54	0.0
-6166.0	59	0.0
-6165.0	59	0.0
-6164.0	67	0.0
-6163.0	63	0.0
-6162.0	55	0.0
-6161.0	57	0.0
-6160.0	64	0.0
-6159.0	51	0.0
-6158.0	56	0.0
-6157.0	52	0.0
-6156.0	67	0.0
-6155.0	55	0.0
-6154.0	47	0.0
-6153.0	73	0.0
-6152.0	61	0.0
-6151.0	61	0.0
-6150.0	51	0.0
-6149.0	57	0.0
-6148.0	51	0.0
-6147.0	54	0.0
-6146.0	69	0.0
-6145.0	77	0.0
-6144.0	59	0.0
-6143.0	64	0.0
-6142.0	42	0.0
-6141.0	56	0.0
-6140.0	65	0.0
-6139.0	67	0.0
-6138.0	54	0.0
-6137.0	64	0.0
-6136.0	52	0.0
-6135.0	69	0.0
-6134.0	50	0.0
-6133.0	52	0.0
-6132.0	57	0.0
-6131.0	39	0.0
-6130.0	57	0.0
-6129.0	54	0.0
-6128.0	46	0.0
-6127.0	46	0.0
-6126.0	67	0.0
-6125.0	48	0.0
-6124.0	52	0.0
-6123.0	45	0.0
-6122.0	52	0.0
-6121.0	52	0.0
-6120.0	56	0.0
-6119.0	52	0.0
-6118.0	49	0.0
-6117.0	47	0.0
-6116.0	52	0.0
-6115.0	66	0.0
-6114.0	59	0.0
-6113.0	58	0.0
-6112.0	47	0.0
-6111.0	50	0.0
-6110.0	60	0.0
-6109.0	65	0.0
-6108.0	62	0.0
-6107.0	50	0.0
-6106.0	53	0.0
-6105.0	63	0.0
-6104.0	54	0.0
-6103.0	52	0.0
-6102.0	68	0.0
-6101.0	51	0.0
-6100.0	49	0.0
-6099.0	64	0.0
-6098.0	78	0.0
-6097.0	60	0.0
-6096.0	49	0.0
-6095.0	53	0.0
-6094.0	65	0.0
-6093.0	52	0.0
-6092.0	60	0.0
-6091.0	50	0.0
-6090.0	46	0.0
-6089.0	64	0.0
-6088.0	60	0.0
-6087.0	49	0.0
-6086.0	60	0.0
-6085.0	62	0.0
-6084.0	51	0.0
-6083.0	60	0.0
-6082.0	61	0.0
-6081.0	62	0.0
-6080.0	52	0.0
-6079.0	62	0.0
-6078.0	47	0.0
-6077.0	64	0.0
-6076.0	61	0.0
-6075.0	67	0.0
-6074.0	59	0.0
-6073.0	59	0.0
-6072.0	56	0.0
-6071.0	61	0.0
-6070.0	56	0.0
-6069.0	51	0.0
-6068.0	54	0.0
-6067.0	65	0.0
-6066.0	69	0.0
-6065.0	58	0.0
-6064.0	54	0.0
-6063.0	44	0.0
-6062.0	54	0.0
-6061.0	70	0.0
-6060.0	63	0.0
-6059.0	60	0.0
-6058.0	48	0.0
-6057.0	67	0.0
-6056.0	52	0.0
-6055.0	55	0.0
-6054.0	53	0.0
-6053.0	67	0.0
-6052.0	56	0.0
-6051.0	51	0.0
-6050.0	63	0.0
-6049.0	65	0.0
-6048.0	54	0.0
-6047.0	56	0.0
-6046.0	68	0.0
-6045.0	73	0.0
-6044.0	55	0.0
-6043.0	67	0.0
-6042.0	59	0.0
-6041.0	64	0.0
-6040.0	66	0.0
-6039.0	64	0.0
-6038.0	58	0.0
-6037.0	57	0.0
-6036.0	62	0.0
-6035.0	66	0.0
-6034.0	61	0.0
-6033.0	71	0.0
-6032.0	65	0.0
-6031.0	66	0.0
-6030.0	48	0.0
-6029.0	59	0.0
-6028.0	58	0.0
-6027.0	62	0.0
-6026.0	61	0.0
-6025.0	67	0.0
-6024.0	68	0.0
-6023.0	59	0.0
-6022.0	56	0.0
-6021.0	75	0.0
-6020.0	59	0.0
-6019.0	71	0.0
-6018.0	52	0.0
-6017.0	63	0.0
-6016.0	56	0.0
-6015.0	67	0.0
-6014.0	54	0.0
-6013.0	72	0.0
-6012.0	58	0.0
-6011.0	61	0.0
-6010.0	44	0.0
-6009.0	66	0.0
-6008.0	47	0.0
-6007.0	64	0.0
-6006.0	55	0.0
-6005.0	65	0.0
-6004.0	53	0.0
-6003.0	60	0.0
-6002.0	77	0.0
-6001.0	61	0.0
-6000.0	58	0.0
-5999.0	48	0.0
-5998.0	66	0.0
-5997.0	56	0.0
-5996.0	79	0.0
-5995.0	61	0.0
-5994.0	52	0.0
-5993.0	44	0.0
-5992.0	63	0.0
-5991.0	67	0.0
-5990.0	54	0.0
-5989.0	60	0.0
-5988.0	58	0.0
-5987.0	51	0.0
-5986.0	63	0.0
-5985.0	57	0.0
-5984.0	74	0.0
-5983.0	58	0.0
-5982.0	59	0.0
-5981.0	49	0.0
-5980.0	52	0.0
-5979.0	64	0.0
-5978.0	57	0.0
-5977.0	56	0.0
-5976.0	74	0.0
-5975.0	49	0.0
-5974.0	60	0.0
-5973.0	52	0.0
-5972.0	50	0.0
-5971.0	42	0.0
-5970.0	54	0.0
-5969.0	43	0.0
-5968.0	54	0.0
-5967.0	47	0.0
-5966.0	53	0.0
-5965.0	60	0.0
-5964.0	65	0.0
-5963.0	73	0.0
-5962.0	51	0.0
-5961.0	51	0.0
-5960.0	60	0.0
-5959.0	59	0.0
-5958.0	68	0.0
-5957.0	47	0.0
-5956.0	50	0.0
-5955.0	72	0.0
-5954.0	58	0.0
-5953.0	66	0.0
-5952.0	69	0.0
-5951.0	47	0.0
-5950.0	44	0.0
-5949.0	51	0.0
-5948.0	51	0.0
-5947.0	67	0.0
-5946.0	62	0.0
-5945.0	56	0.0
-5944.0	46	0.0
-5943.0	51	0.0
-5942.0	59	0.0
-5941.0	52	0.0
-5940.0	63	0.0
-5939.0	57	0.0
-5938.0	51	0.0
-5937.0	70	0.0
-5936.0	66	0.0
-5935.0	58	0.0
-5934.0	62	0.0
-5933.0	72	0.0
-5932.0	59	0.0
-5931.0	56	0.0
-5930.0	54	0.0
-5929.0	68	0.0
-5928.0	59	0.0
-5927.0	49	0.0
-5926.0	64	0.0
-5925.0	54	0.0
-5924.0	71	0.0
-5923.0	47	0.0
-5922.0	58	0.0
-5921.0	50	0.0
-5920.0	51	0.0
-5919.0	76	0.0
-5918.0	63	0.0
-5917.0	58	0.0
-5916.0	49	0.0
-5915.0	66	0.0
-5914.0	64	0.0
-5913.0	74	0.0
-5912.0	51	0.0
-5911.0	52	0.0
-5910.0	60	0.0
-5909.0	65	0.0
-5908.0	53	0.0
-5907.0	53	0.0
-5906.0	64	0.0
-5905.0	55	0.0
-5904.0	74	0.0
-5903.0	59	0.0
-5902.0	53	0.0
-5901.0	65	0.0
-5900.0	51	0.0
-5899.0	60	0.0
-5898.0	57	0.0
-5897.0	51	0.0
-5896.0	65	0.0
-5895.0	55	0.0
-5894.0	65	0.0
-5893.0	62	0.0
-5892.0	73	0.0
-5891.0	61	0.0
-5890.0	80	0.0
-5889.0	63	0.0
-5888.0	48	0.0
-5887.0	55	0.0
-5886.0	51	0.0
-5885.0	54	0.0
-5884.0	61	0.0
-5883.0	74	0.0
-5882.0	65	0.0
-5881.0	62	0.0
-5880.0	54	0.0
-5879.0	50	0.0
-5878.0	55	0.0
-5877.0	57	0.0
-5876.0	54	0.0
-5875.0	68	0.0
-5874.0	55	0.0
-5873.0	59	0.0
-5872.0	78	0.0
-5871.0	67	0.0
-5870.0	53	0.0
-5869.0	62	0.0
-5868.0	69	0.0
-5867.0	69	0.0
-5866.0	67	0.0
-5865.0	67	0.0
-5864.0	57	0.0
-5863.0	59	0.0
-5862.0	53	0.0
-5861.0	53	0.0
-5860.0	67	0.0
-5859.0	53	0.0
-5858.0	62	0.0
-5857.0	66	0.0
-5856.0	63	0.0
-5855.0	60	0.0
-5854.0	55	0.0
-5853.0	46	0.0
-5852.0	56	0.0
-5851.0	69	0.0
-5850.0	41	0.0
-5849.0	64	0.0
-5848.0	50	0.0
-5847.0	61	0.0
-5846.0	66	0.0
-5845.0	56	0.0
-5844.0	46	0.0
-5843.0	61	0.0
-5842.0	47	0.0
-5841.0	53	0.0
-5840.0	56	0.0
-5839.0	63	0.0
-5838.0	56	0.0
-5837.0	71	0.0
-5836.0	56	0.0
-5835.0	58	0.0
-5834.0	49	0.0
-5833.0	56	0.0
-5832.0	55	0.0
-5831.0	64	0.0
-5830.0	59	0.0
-5829.0	58	0.0
-5828.0	49	0.0
-5827.0	47	0.0
-5826.0	67	0.0
-5825.0	59	0.0
-5824.0	59	0.0
-5823.0	66	0.0
-5822.0	63	0.0
-5821.0	61	0.0
-5820.0	54	0.0
-5819.0	53	0.0
-5818.0	71	0.0
-5817.0	57	0.0
-5816.0	64	0.0
-5815.0	47	0.0
-5814.0	66	0.0
-5813.0	66	0.0
-5812.0	62	0.0
-5811.0	57	0.0
-5810.0	66	0.0
-5809.0	69	0.0
-5808.0	54	0.0
-5807.0	59	0.0
-5806.0	57	0.0
-5805.0	65	0.0
-5804.0	64	0.0
-5803.0	60	0.0
-5802.0	69	0.0
-5801.0	65	0.0
-5800.0	65	0.0
-5799.0	62	0.0
-5798.0	66	0.0
-5797.0	61	0.0
-5796.0	44	0.0
-5795.0	59	0.0
-5794.0	69	0.0
-5793.0	61	0.0
-5792.0	48	0.0
-5791.0	75	0.0
-5790.0	54	0.0
-5789.0	55	0.0
-5788.0	44	0.0
-5787.0	58	0.0
-5786.0	73	0.0
-5785.0	65	0.0
-5784.0	75	0.0
-5783.0	32	0.0
-5782.0	86	0.0
-5781.0	52	0.0
-5780.0	69	0.0
-5779.0	52	0.0
-5778.0	69	0.0
-5777.0	50	0.0
-5776.0	47	0.0
-5775.0	57	0.0
-5774.0	65	0.0
-5773.0	53	0.0
-5772.0	50	0.0
-5771.0	55	0.0
-5770.0	52	0.0
-5769.0	58	0.0
-5768.0	61	0.0
-5767.0	49	0.0
-5766.0	64	0.0
-5765.0	61	0.0
-5764.0	60	0.0
-5763.0	72	0.0
-5762.0	61	0.0
-5761.0	47	0.0
-5760.0	50	0.0
-5759.0	52	0.0
-5758.0	59	0.0
-5757.0	59	0.0
-5756.0	67	0.0
-5755.0	59	0.0
-5754.0	47	0.0
-5753.0	57	0.0
-5752.0	55	0.0
-5751.0	57	0.0
-5750.0	51	0.0
-5749.0	58	0.0
-5748.0	57	0.0
-5747.0	58	0.0
-5746.0	60	0.0
-5745.0	52	0.0
-5744.0	67	0.0
-5743.0	51	0.0
-5742.0	68	0.0
-5741.0	64	0.0
-5740.0	68	0.0
-5739.0	56	0.0
-5738.0	57	0.0
-5737.0	41	0.0
-5736.0	49	0.0
-5735.0	44	0.0
-5734.0	50	0.0
-5733.0	66	0.0
-5732.0	60	0.0
-5731.0	60	0.0
-5730.0	66	0.0
-5729.0	66	0.0
-5728.0	66	0.0
-5727.0	67	0.0
-5726.0	57	0.0
-5725.0	64	0.0
-5724.0	54	0.0
-5723.0	47	0.0
-5722.0	46	0.0
-5721.0	58	0.0
-5720.0	68	0.0
-5719.0	61	0.0
-5718.0	50	0.0
-5717.0	61	0.0
-5716.0	57	0.0
-5715.0	47	0.0
-5714.0	60	0.0
-5713.0	67	0.0
-5712.0	62	0.0
-5711.0	55	0.0
-5710.0	49	0.0
-5709.0	63	0.0
-5708.0	61	0.0
-5707.0	62	0.0
-5706.0	59	0.0
-5705.0	59	0.0
-5704.0	65	0.0
-5703.0	65	0.0
-5702.0	53	0.0
-5701.0	52	0.0
-5700.0	56	0.0
-5699.0	64	0.0
-5698.0	60	0.0
-5697.0	50	0.0
-5696.0	57	0.0
-5695.0	64	0.0
-5694.0	50	0.0
-5693.0	66	0.0
-5692.0	50	0.0
-5691.0	62	0.0
-5690.0	57	0.0
-5689.0	53	0.0
-5688.0	78	0.0
-5687.0	67	0.0
-5686.0	80	0.0
-5685.0	67	0.0
-5684.0	58	0.0
-5683.0	53	0.0
-5682.0	54	0.0
-5681.0	51	0.0
-5680.0	59	0.0
-5679.0	55	0.0
-5678.0	56	0.0
-5677.0	58	0.0
-5676.0	59	0.0
-5675.0	57	0.0
-5674.0	60	0.0
-5673.0	61	0.0
-5672.0	64	0.0
-5671.0	61	0.0
-5670.0	70	0.0
-5669.0	48	0.0
-5668.0	58	0.0
-5667.0	52	0.0
-5666.0	55	0.0
-5665.0	56	0.0
-5664.0	55	0.0
-5663.0	52	0.0
-5662.0	60	0.0
-5661.0	49	0.0
-5660.0	53	0.0
-5659.0	57	0.0
-5658.0	55	0.0
-5657.0	63	0.0
-5656.0	65	0.0
-5655.0	68	0.0
-5654.0	64	0.0
-5653.0	57	0.0
-5652.0	59	0.0
-5651.0	71	0.0
-5650.0	51	0.0
-5649.0	57	0.0
-5648.0	63	0.0
-5647.0	57	0.0
-5646.0	45	0.0
-5645.0	62	0.0
-5644.0	57	0.0
-5643.0	51	0.0
-5642.0	62	0.0
-5641.0	56	0.0
-5640.0	64	0.0
-5639.0	59	0.0
-5638.0	67	0.0
-5637.0	52	0.0
-5636.0	56	0.0
-5635.0	54	0.0
-5634.0	48	0.0
-5633.0	53	0.0
-5632.0	58	0.0
-5631.0	63	0.0
-5630.0	47	0.0
-5629.0	60	0.0
-5628.0	59	0.0
-5627.0	60	0.0
-5626.0	57	0.0
-5625.0	53	0.0
-5624.0	49	0.0
-5623.0	74	0.0
-5622.0	62	0.0
-5621.0	59	0.0
-5620.0	55	0.0
-5619.0	51	0.0
-5618.0	47	0.0
-5617.0	58	0.0
-5616.0	74	0.0
-5615.0	62	0.0
-5614.0	72	0.0
-5613.0	67	0.0
-5612.0	47	0.0
-5611.0	57	0.0
-5610.0	71	0.0
-5609.0	59	0.0
-5608.0	55	0.0
-5607.0	56	0.0
-5606.0	54	0.0
-5605.0	47	0.0
-5604.0	63	0.0
-5603.0	70	0.0
-5602.0	47	0.0
-5601.0	72	0.0
-5600.0	62	0.0
-5599.0	66	0.0
-5598.0	69	0.0
-5597.0	62	0.0
-5596.0	42	0.0
-5595.0	72	0.0
-5594.0	46	0.0
-5593.0	63	0.0
-5592.0	51	0.0
-5591.0	70	0.0
-5590.0	63	0.0
-5589.0	57	0.0
-5588.0	68	0.0
-5587.0	64	0.0
-5586.0	61	0.0
-5585.0	66	0.0
-5584.0	53	0.0
-5583.0	57	0.0
-5582.0	39	0.0
-5581.0	61	0.0
-5580.0	51	0.0
-5579.0	54	0.0
-5578.0	54	0.0
-5577.0	60	0.0
-5576.0	63	0.0
-5575.0	62	0.0
-5574.0	47	0.0
-5573.0	59	0.0
-5572.0	60	0.0
-5571.0	45	0.0
-5570.0	57	0.0
-5569.0	71	0.0
-5568.0	59	0.0
-5567.0	52	0.0
-5566.0	60	0.0
-5565.0	72	0.0
-5564.0	67	0.0
-5563.0	56	0.0
-5562.0	60	0.0
-5561.0	65	0.0
-5560.0	55	0.0
-5559.0	52	0.0
-5558.0	51	0.0
-5557.0	59	0.0
-5556.0	54	0.0
-5555.0	69	0.0
-5554.0	55	0.0
-5553.0	62	0.0
-5552.0	51	0.0
-5551.0	62	0.0
-5550.0	57	0.0
-5549.0	60	0.0
-5548.0	63	0.0
-5547.0	69	0.0
-5546.0	58	0.0
-5545.0	58	0.0
-5544.0	53	0.0
-5543.0	65	0.0
-5542.0	45	0.0
-5541.0	82	0.0
-5540.0	60	0.0
-5539.0	50	0.0
-5538.0	66	0.0
-5537.0	54	0.0
-5536.0	61	0.0
-5535.0	63	0.0
-5534.0	53	0.0
-5533.0	55	0.0
-5532.0	62	0.0
-5531.0	53	0.0
-5530.0	48	0.0
-5529.0	62	0.0
-5528.0	65	0.0
-5527.0	62	0.0
-5526.0	58	0.0
-5525.0	51	0.0
-5524.0	63	0.0
-5523.0	64	0.0
-5522.0	49	0.0
-5521.0	67	0.0
-5520.0	49	0.0
-5519.0	62	0.0
-5518.0	56	0.0
-5517.0	58	0.0
-5516.0	46	0.0
-5515.0	59	0.0
-5514.0	52	0.0
-5513.0	52	0.0
-5512.0	66	0.0
-5511.0	60	0.0
-5510.0	69	0.0
-5509.0	50	0.0
-5508.0	70	0.0
-5507.0	52	0.0
-5506.0	49	0.0
-5505.0	57	0.0
-5504.0	61	0.0
-5503.0	53	0.0
-5502.0	52	0.0
-5501.0	73	0.0
-5500.0	61	0.0
-5499.0	58	0.0
-5498.0	57	0.0
-5497.0	56	0.0
-5496.0	70	0.0
-5495.0	65	0.0
-5494.0	48	0.0
-5493.0	52	0.0
-5492.0	55	0.0
-5491.0	62	0.0
-5490.0	62	0.0
-5489.0	67	0.0
-5488.0	57	0.0
-5487.0	56	0.0
-5486.0	49	0.0
-5485.0	53	0.0
-5484.0	50	0.0
-5483.0	50	0.0
-5482.0	64	0.0
-5481.0	54	0.0
-5480.0	72	0.0
-5479.0	58	0.0
-5478.0	51	0.0
-5477.0	57	0.0
-5476.0	67	0.0
-5475.0	73	0.0
-5474.0	59	0.0
-5473.0	71	0.0
-5472.0	45	0.0
-5471.0	50	0.0
-5470.0	60	0.0
-5469.0	52	0.0
-5468.0	75	0.0
-5467.0	61	0.0
-5466.0	57	0.0
-5465.0	60	0.0
-5464.0	51	0.0
-5463.0	66	0.0
-5462.0	58	0.0
-5461.0	54	0.0
-5460.0	63	0.0
-5459.0	48	0.0
-5458.0	59	0.0
-5457.0	57	0.0
-5456.0	58	0.0
-5455.0	68	0.0
-5454.0	54	0.0
-5453.0	64	0.0
-5452.0	55	0.0
-5451.0	48	0.0
-5450.0	58	0.0
-5449.0	62	0.0
-5448.0	65	0.0
-5447.0	66	0.0
-5446.0	66	0.0
-5445.0	76	0.0
-5444.0	59	0.0
-5443.0	62	0.0
-5442.0	61	0.0
-5441.0	54	0.0
-5440.0	54	0.0
-5439.0	70	0.0
-5438.0	62	0.0
-5437.0	69	0.0
-5436.0	51	0.0
-5435.0	47	0.0
-5434.0	60	0.0
-5433.0	46	0.0
-5432.0	58	0.0
-5431.0	60	0.0
-5430.0	55	0.0
-5429.0	52	0.0
-5428.0	54	0.0
-5427.0	59	0.0
-5426.0	47	0.0
-5425.0	55	0.0
-5424.0	54	0.0
-5423.0	60	0.0
-5422.0	56	0.0
-5421.0	68	0.0
-5420.0	62	0.0
-5419.0	62	0.0
-5418.0	52	0.0
-5417.0	62	0.0
-5416.0	62	0.0
-5415.0	56	0.0
-5414.0	49	0.0
-5413.0	56	0.0
-5412.0	67	0.0
-5411.0	69	0.0
-5410.0	66	0.0
-5409.0	65	0.0
-5408.0	54	0.0
-5407.0	49	0.0
-5406.0	61	0.0
-5405.0	47	0.0
-5404.0	56	0.0
-5403.0	67	0.0
-5402.0	65	0.0
-5401.0	57	0.0
-5400.0	65	0.0
-5399.0	59	0.0
-5398.0	65	0.0
-5397.0	59	0.0
-5396.0	57	0.0
-5395.0	61	0.0
-5394.0	50	0.0
-5393.0	52	0.0
-5392.0	54	0.0
-5391.0	49	0.0
-5390.0	46	0.0
-5389.0	49	0.0
-5388.0	48	0.0
-5387.0	55	0.0
-5386.0	52	0.0
-5385.0	49	0.0
-5384.0	51	0.0
-5383.0	62	0.0
-5382.0	62	0.0
-5381.0	48	0.0
-5380.0	55	0.0
-5379.0	64	0.0
-5378.0	50	0.0
-5377.0	38	0.0
-5376.0	61	0.0
-5375.0	59	0.0
-5374.0	63	0.0
-5373.0	51	0.0
-5372.0	45	0.0
-5371.0	63	0.0
-5370.0	58	0.0
-5369.0	69	0.0
-5368.0	66	0.0
-5367.0	54	0.0
-5366.0	66	0.0
-5365.0	45	0.0
-5364.0	41	0.0
-5363.0	73	0.0
-5362.0	55	0.0
-5361.0	50	0.0
-5360.0	63	0.0
-5359.0	59	0.0
-5358.0	59	0.0
-5357.0	37	0.0
-5356.0	50	0.0
-5355.0	69	0.0
-5354.0	60	0.0
-5353.0	68	0.0
-5352.0	48	0.0
-5351.0	69	0.0
-5350.0	53	0.0
-5349.0	72	0.0
-5348.0	70	0.0
-5347.0	57	0.0
-5346.0	58	0.0
-5345.0	62	0.0
-5344.0	61	0.0
-5343.0	52	0.0
-5342.0	58	0.0
-5341.0	46	0.0
-5340.0	61	0.0
-5339.0	56	0.0
-5338.0	59	0.0
-5337.0	57	0.0
-5336.0	61	0.0
-5335.0	64	0.0
-5334.0	74	0.0
-5333.0	53	0.0
-5332.0	67	0.0
-5331.0	60	0.0
-5330.0	56	0.0
-5329.0	54	0.0
-5328.0	61	0.0
-5327.0	54	0.0
-5326.0	54	0.0
-5325.0	75	0.0
-5324.0	62	0.0
-5323.0	66	0.0
-5322.0	62	0.0
-5321.0	51	0.0
-5320.0	70	0.0
-5319.0	54	0.0
-5318.0	54	0.0
-5317.0	63	0.0
-5316.0	52	0.0
-5315.0	77	0.0
-5314.0	62	0.0
-5313.0	62	0.0
-5312.0	66	0.0
-5311.0	49	0.0
-5310.0	77	0.0
-5309.0	59	0.0
-5308.0	51	0.0
-5307.0	65	0.0
-5306.0	59	0.0
-5305.0	55	0.0
-5304.0	66	0.0
-5303.0	61	0.0
-5302.0	56	0.0
-5301.0	61	0.0
-5300.0	60	0.0
-5299.0	55	0.0
-5298.0	51	0.0
-5297.0	51	0.0
-5296.0	58	0.0
-5295.0	61	0.0
-5294.0	53	0.0
-5293.0	49	0.0
-5292.0	50	0.0
-5291.0	60	0.0
-5290.0	85	0.0
-5289.0	58	0.0
-5288.0	57	0.0
-5287.0	55	0.0
-5286.0	68	0.0
-5285.0	48	0.0
-5284.0	50	0.0
-5283.0	63	0.0
-5282.0	58	0.0
-5281.0	67	0.0
-5280.0	57	0.0
-5279.0	59	0.0
-5278.0	59	0.0
-5277.0	57	0.0
-5276.0	51	0.0
-5275.0	50	0.0
-5274.0	48	0.0
-5273.0	70	0.0
-5272.0	60	0.0
-5271.0	61	0.0
-5270.0	73	0.0
-5269.0	64	0.0
-5268.0	50	0.0
-5267.0	66	0.0
-5266.0	62	0.0
-5265.0	57	0.0
-5264.0	67	0.0
-5263.0	68	0.0
-5262.0	53	0.0
-5261.0	61	0.0
-5260.0	62	0.0
-5259.0	47	0.0
-5258.0	57	0.0
-5257.0	50	0.0
-5256.0	48	0.0
-5255.0	61	0.0
-5254.0	62	0.0
-5253.0	70	0.0
-5252.0	58	0.0
-5251.0	58	0.0
-5250.0	72	0.0
-5249.0	57	0.0
-5248.0	47	0.0
-5247.0	53	0.0
-5246.0	62	0.0
-5245.0	61	0.0
-5244.0	62	0.0
-5243.0	48	0.0
-5242.0	49	0.0
-5241.0	58	0.0
-5240.0	62	0.0
-5239.0	73	0.0
-5238.0	61	0.0
-5237.0	59	0.0
-5236.0	76	0.0
-5235.0	64	0.0
-5234.0	60	0.0
-5233.0	51	0.0
-5232.0	57	0.0
-5231.0	57	0.0
-5230.0	77	0.0
-5229.0	73	0.0
-5228.0	65	0.0
-5227.0	55	0.0
-5226.0	71	0.0
-5225.0	52	0.0
-5224.0	60	0.0
-5223.0	66	0.0
-5222.0	44	0.0
-5221.0	61	0.0
-5220.0	70	0.0
-5219.0	74	0.0
-5218.0	65	0.0
-5217.0	64	0.0
-5216.0	46	0.0
-5215.0	67	0.0
-5214.0	40	0.0
-5213.0	52	0.0
-5212.0	62	0.0
-5211.0	58	0.0
-5210.0	66	0.0
-5209.0	59	0.0
-5208.0	51	0.0
-5207.0	56	0.0
-5206.0	65	0.0
-5205.0	55	0.0
-5204.0	50	0.0
-5203.0	62	0.0
-5202.0	60	0.0
-5201.0	57	0.0
-5200.0	64	0.0
-5199.0	68	0.0
-5198.0	46	0.0
-5197.0	46	0.0
-5196.0	54	0.0
-5195.0	51	0.0
-5194.0	48	0.0
-5193.0	70	0.0
-5192.0	55	0.0
-5191.0	60	0.0
-5190.0	62	0.0
-5189.0	56	0.0
-5188.0	60	0.0
-5187.0	62	0.0
-5186.0	58	0.0
-5185.0	58	0.0
-5184.0	68	0.0
-5183.0	63	0.0
-5182.0	61	0.0
-5181.0	56	0.0
-5180.0	61	0.0
-5179.0	59	0.0
-5178.0	50	0.0
-5177.0	50	0.0
-5176.0	45	0.0
-5175.0	49	0.0
-5174.0	54	0.0
-5173.0	56	0.0
-5172.0	59	0.0
-5171.0	71	0.0
-5170.0	63	0.0
-5169.0	57	0.0
-5168.0	61	0.0
-5167.0	68	0.0
-5166.0	67	0.0
-5165.0	71	0.0
-5164.0	84	0.0
-5163.0	78	0.0
-5162.0	50	0.0
-5161.0	56	0.0
-5160.0	56	0.0
-5159.0	60	0.0
-5158.0	72	0.0
-5157.0	54	0.0
-5156.0	57	0.0
-5155.0	52	0.0
-5154.0	48	0.0
-5153.0	61	0.0
-5152.0	65	0.0
-5151.0	58	0.0
-5150.0	54	0.0
-5149.0	52	0.0
-5148.0	65	0.0
-5147.0	59	0.0
-5146.0	55	0.0
-5145.0	63	0.0
-5144.0	61	0.0
-5143.0	69	0.0
-5142.0	55	0.0
-5141.0	57	0.0
-5140.0	60	0.0
-5139.0	63	0.0
-5138.0	58	0.0
-5137.0	70	0.0
-5136.0	61	0.0
-5135.0	53	0.0
-5134.0	66	0.0
-5133.0	61	0.0
-5132.0	46	0.0
-5131.0	57	0.0
-5130.0	55	0.0
-5129.0	65	0.0
-5128.0	59	0.0
-5127.0	52	0.0
-5126.0	56	0.0
-5125.0	60	0.0
-5124.0	47	0.0
-5123.0	53	0.0
-5122.0	53	0.0
-5121.0	52	0.0
-5120.0	54	0.0
-5119.0	55	0.0
-5118.0	54	0.0
-5117.0	60	0.0
-5116.0	55	0.0
-5115.0	61	0.0
-5114.0	62	0.0
-5113.0	51	0.0
-5112.0	66	0.0
-5111.0	62	0.0
-5110.0	49	0.0
-5109.0	63	0.0
-5108.0	61	0.0
-5107.0	67	0.0
-5106.0	57	0.0
-5105.0	52	0.0
-5104.0	64	0.0
-5103.0	40	0.0
-5102.0	55	0.0
-5101.0	61	0.0
-5100.0	57	0.0
-5099.0	38	0.0
-5098.0	58	0.0
-5097.0	61	0.0
-5096.0	46	0.0
-5095.0	52	0.0
-5094.0	43	0.0
-5093.0	49	0.0
-5092.0	55	0.0
-5091.0	45	0.0
-5090.0	49	0.0
-5089.0	59	0.0
-5088.0	63	0.0
-5087.0	52	0.0
-5086.0	63	0.0
-5085.0	67	0.0
-5084.0	51	0.0
-5083.0	74	0.0
-5082.0	46	0.0
-5081.0	58	0.0
-5080.0	50	0.0
-5079.0	63	0.0
-5078.0	55	0.0
-5077.0	55	0.0
-5076.0	59	0.0
-5075.0	48	0.0
-5074.0	54	0.0
-5073.0	73	0.0
-5072.0	58	0.0
-5071.0	51	0.0
-5070.0	52	0.0
-5069.0	63	0.0
-5068.0	73	0.0
-5067.0	55	0.0
-5066.0	53	0.0
-5065.0	55	0.0
-5064.0	63	0.0
-5063.0	66	0.0
-5062.0	61	0.0
-5061.0	49	0.0
-5060.0	63	0.0
-5059.0	58	0.0
-5058.0	66	0.0
-5057.0	70	0.0
-5056.0	70	0.0
-5055.0	60	0.0
-5054.0	58	0.0
-5053.0	52	0.0
-5052.0	50	0.0
-5051.0	69	0.0
-5050.0	59	0.0
-5049.0	56	0.0
-5048.0	56	0.0
-5047.0	60	0.0
-5046.0	53	0.0
-5045.0	46	0.0
-5044.0	56	0.0
-5043.0	55	0.0
-5042.0	54	0.0
-5041.0	51	0.0
-5040.0	49	0.0
-5039.0	52	0.0
-5038.0	44	0.0
-5037.0	56	0.0
-5036.0	76	0.0
-5035.0	75	0.0
-5034.0	61	0.0
-5033.0	52	0.0
-5032.0	65	0.0
-5031.0	60	0.0
-5030.0	43	0.0
-5029.0	67	0.0
-5028.0	57	0.0
-5027.0	43	0.0
-5026.0	44	0.0
-5025.0	65	0.0
-5024.0	59	0.0
-5023.0	44	0.0
-5022.0	53	0.0
-5021.0	49	0.0
-5020.0	63	0.0
-5019.0	47	0.0
-5018.0	58	0.0
-5017.0	54	0.0
-5016.0	48	0.0
-5015.0	70	0.0
-5014.0	51	0.0
-5013.0	49	0.0
-5012.0	65	0.0
-5011.0	52	0.0
-5010.0	60	0.0
-5009.0	53	0.0
-5008.0	55	0.0
-5007.0	72	0.0
-5006.0	64	0.0
-5005.0	53	0.0
-5004.0	67	0.0
-5003.0	62	0.0
-5002.0	49	0.0
-5001.0	63	0.0
-5000.0	65	0.0
-4999.0	53	0.0
-4998.0	60	0.0
-4997.0	55	0.0
-4996.0	58	0.0
-4995.0	50	0.0
-4994.0	70	0.0
-4993.0	63	0.0
-4992.0	45	0.0
-4991.0	66	0.0
-4990.0	42	0.0
-4989.0	63	0.0
-4988.0	62	0.0
-4987.0	47	0.0
-4986.0	68	0.0
-4985.0	37	0.0
-4984.0	65	0.0
-4983.0	65	0.0
-4982.0	51	0.0
-4981.0	57	0.0
-4980.0	56	0.0
-4979.0	54	0.0
-4978.0	50	0.0
-4977.0	64	0.0
-4976.0	73	0.0
-4975.0	54	0.0
-4974.0	56	0.0
-4973.0	54	0.0
-4972.0	42	0.0
-4971.0	55	0.0
-4970.0	67	0.0
-4969.0	66	0.0
-4968.0	49	0.0
-4967.0	55	0.0
-4966.0	62	0.0
-4965.0	56	0.0
-4964.0	78	0.0
-4963.0	57	0.0
-4962.0	73	0.0
-4961.0	62	0.0
-4960.0	54	0.0
-4959.0	58	0.0
-4958.0	62	0.0
-4957.0	63	0.0
-4956.0	53	0.0
-4955.0	63	0.0
-4954.0	66	0.0
-4953.0	57	0.0
-4952.0	57	0.0
-4951.0	58	0.0
-4950.0	49	0.0
-4949.0	55	0.0
-4948.0	52	0.0
-4947.0	54	0.0
-4946.0	65	0.0
-4945.0	55	0.0
-4944.0	58	0.0
-4943.0	66	0.0
-4942.0	57	0.0
-4941.0	49	0.0
-4940.0	45	0.0
-4939.0	62	0.0
-4938.0	77	0.0
-4937.0	56	0.0
-4936.0	54	0.0
-4935.0	58	0.0
-4934.0	52	0.0
-4933.0	52	0.0
-4932.0	42	0.0
-4931.0	61	0.0
-4930.0	51	0.0
-4929.0	63	0.0
-4928.0	72	0.0
-4927.0	69	0.0
-4926.0	65	0.0
-4925.0	47	0.0
-4924.0	63	0.0
-4923.0	55	0.0
-4922.0	60	0.0
-4921.0	60	0.0
-4920.0	59	0.0
-4919.0	63	0.0
-4918.0	66	0.0
-4917.0	55	0.0
-4916.0	50	0.0
-4915.0	40	0.0
-4914.0	58	0.0
-4913.0	51	0.0
-4912.0	59	0.0
-4911.0	59	0.0
-4910.0	67	0.0
-4909.0	57	0.0
-4908.0	62	0.0
-4907.0	54	0.0
-4906.0	57	0.0
-4905.0	67	0.0
-4904.0	61	0.0
-4903.0	53	0.0
-4902.0	56	0.0
-4901.0	65	0.0
-4900.0	62	0.0
-4899.0	59	0.0
-4898.0	51	0.0
-4897.0	59	0.0
-4896.0	61	0.0
-4895.0	64	0.0
-4894.0	48	0.0
-4893.0	57	0.0
-4892.0	53	0.0
-4891.0	55	0.0
-4890.0	61	0.0
-4889.0	57	0.0
-4888.0	61	0.0
-4887.0	64	0.0
-4886.0	54	0.0
-4885.0	56	0.0
-4884.0	70	0.0
-4883.0	50	0.0
-4882.0	64	0.0
-4881.0	46	0.0
-4880.0	64	0.0
-4879.0	63	0.0
-4878.0	48	0.0
-4877.0	67	0.0
-4876.0	52	0.0
-4875.0	61	0.0
-4874.0	49	0.0
-4873.0	45	0.0
-4872.0	69	0.0
-4871.0	54	0.0
-4870.0	40	0.0
-4869.0	62	0.0
-4868.0	71	0.0
-4867.0	61	0.0
-4866.0	58	0.0
-4865.0	40	0.0
-4864.0	49	0.0
-4863.0	62	0.0
-4862.0	62	0.0
-4861.0	60	0.0
-4860.0	68	0.0
-4859.0	72	0.0
-4858.0	82	0.0
-4857.0	50	0.0
-4856.0	62	0.0
-4855.0	73	0.0
-4854.0	65	0.0
-4853.0	67	0.0
-4852.0	50	0.0
-4851.0	61	0.0
-4850.0	59	0.0
-4849.0	51	0.0
-4848.0	65	0.0
-4847.0	67	0.0
-4846.0	57	0.0
-4845.0	48	0.0
-4844.0	49	0.0
-4843.0	53	0.0
-4842.0	58	0.0
-4841.0	61	0.0
-4840.0	72	0.0
-4839.0	52	0.0
-4838.0	61	0.0
-4837.0	58	0.0
-4836.0	67	0.0
-4835.0	62	0.0
-4834.0	63	0.0
-4833.0	53	0.0
-4832.0	50	0.0
-4831.0	63	0.0
-4830.0	56	0.0
-4829.0	55	0.0
-4828.0	59	0.0
-4827.0	53	0.0
-4826.0	63	0.0
-4825.0	65	0.0
-4824.0	58	0.0
-4823.0	57	0.0
-4822.0	61	0.0
-4821.0	68	0.0
-4820.0	59	0.0
-4819.0	54	0.0
-4818.0	55	0.0
-4817.0	54	0.0
-4816.0	64	0.0
-4815.0	50	0.0
-4814.0	56	0.0
-4813.0	49	0.0
-4812.0	60	0.0
-4811.0	56	0.0
-4810.0	57	0.0
-4809.0	45	0.0
-4808.0	63	0.0
-4807.0	57	0.0
-4806.0	48	0.0
-4805.0	56	0.0
-4804.0	51	0.0
-4803.0	45	0.0
-4802.0	58	0.0
-4801.0	57	0.0
-4800.0	55	0.0
-4799.0	54	0.0
-4798.0	58	0.0
-4797.0	60	0.0
-4796.0	70	0.0
-4795.0	56	0.0
-4794.0	52	0.0
-4793.0	73	0.0
-4792.0	57	0.0
-4791.0	48	0.0
-4790.0	62	0.0
-4789.0	57	0.0
-4788.0	58	0.0
-4787.0	53	0.0
-4786.0	61	0.0
-4785.0	51	0.0
-4784.0	56	0.0
-4783.0	52	0.0
-4782.0	63	0.0
-4781.0	67	0.0
-4780.0	41	0.0
-4779.0	62	0.0
-4778.0	62	0.0
-4777.0	55	0.0
-4776.0	63	0.0
-4775.0	48	0.0
-4774.0	60	0.0
-4773.0	55	0.0
-4772.0	43	0.0
-4771.0	72	0.0
-4770.0	58	0.0
-4769.0	52	0.0
-4768.0	73	0.0
-4767.0	60	0.0
-4766.0	78	0.0
-4765.0	70	0.0
-4764.0	57	0.0
-4763.0	62	0.0
-4762.0	54	0.0
-4761.0	50	0.0
-4760.0	54	0.0
-4759.0	66	0.0
-4758.0	62	0.0
-4757.0	72	0.0
-4756.0	56	0.0
-4755.0	53	0.0
-4754.0	60	0.0
-4753.0	50	0.0
-4752.0	54	0.0
-4751.0	56	0.0
-4750.0	64	0.0
-4749.0	56	0.0
-4748.0	65	0.0
-4747.0	57	0.0
-4746.0	63	0.0
-4745.0	59	0.0
-4744.0	68	0.0
-4743.0	58	0.0
-4742.0	63	0.0
-4741.0	60	0.0
-4740.0	59	0.0
-4739.0	48	0.0
-4738.0	60	0.0
-4737.0	68	0.0
-4736.0	65	0.0
-4735.0	49	0.0
-4734.0	49	0.0
-4733.0	44	0.0
-4732.0	55	0.0
-4731.0	61	0.0
-4730.0	75	0.0
-4729.0	44	0.0
-4728.0	60	0.0
-4727.0	67	0.0
-4726.0	61	0.0
-4725.0	67	0.0
-4724.0	60	0.0
-4723.0	54	0.0
-4722.0	64	0.0
-4721.0	49	0.0
-4720.0	50	0.0
-4719.0	58	0.0
-4718.0	57	0.0
-4717.0	68	0.0
-4716.0	61	0.0
-4715.0	59	0.0
-4714.0	40	0.0
-4713.0	63	0.0
-4712.0	57	0.0
-4711.0	59	0.0
-4710.0	72	0.0
-4709.0	63	0.0
-4708.0	66	0.0
-4707.0	58	0.0
-4706.0	64	0.0
-4705.0	71	0.0
-4704.0	67	0.0
-4703.0	50	0.0
-4702.0	66	0.0
-4701.0	53	0.0
-4700.0	49	0.0
-4699.0	59	0.0
-4698.0	65	0.0
-4697.0	58	0.0
-4696.0	50	0.0
-4695.0	57	0.0
-4694.0	57	0.0
-4693.0	49	0.0
-4692.0	54	0.0
-4691.0	63	0.0
-4690.0	63	0.0
-4689.0	51	0.0
-4688.0	50	0.0
-4687.0	68	0.0
-4686.0	56	0.0
-4685.0	58	0.0
-4684.0	58	0.0
-4683.0	51	0.0
-4682.0	57	0.0
-4681.0	48	0.0
-4680.0	52	0.0
-4679.0	51	0.0
-4678.0	63	0.0
-4677.0	49	0.0
-4676.0	45	0.0
-4675.0	57	0.0
-4674.0	66	0.0
-4673.0	61	0.0
-4672.0	67	0.0
-4671.0	56	0.0
-4670.0	50	0.0
-4669.0	54	0.0
-4668.0	58	0.0
-4667.0	59	0.0
-4666.0	56	0.0
-4665.0	53	0.0
-4664.0	65	0.0
-4663.0	63	0.0
-4662.0	65	0.0
-4661.0	62	0.0
-4660.0	45	0.0
-4659.0	54	0.0
-4658.0	57	0.0
-4657.0	62	0.0
-4656.0	70	0.0
-4655.0	67	0.0
-4654.0	64	0.0
-4653.0	56	0.0
-4652.0	44	0.0
-4651.0	57	0.0
-4650.0	68	0.0
-4649.0	61	0.0
-4648.0	58	0.0
-4647.0	58	0.0
-4646.0	55	0.0
-4645.0	70	0.0
-4644.0	67	0.0
-4643.0	65	0.0
-4642.0	62	0.0
-4641.0	41	0.0
-4640.0	66	0.0
-4639.0	53	0.0
-4638.0	55	0.0
-4637.0	45	0.0
-4636.0	55	0.0
-4635.0	63	0.0
-4634.0	51	0.0
-4633.0	44	0.0
-4632.0	55	0.0
-4631.0	54	0.0
-4630.0	55	0.0
-4629.0	53	0.0
-4628.0	65	0.0
-4627.0	66	0.0
-4626.0	70	0.0
-4625.0	60	0.0
-4624.0	61	0.0
-4623.0	61	0.0
-4622.0	50	0.0
-4621.0	66	0.0
-4620.0	63	0.0
-4619.0	73	0.0
-4618.0	76	0.0
-4617.0	63	0.0
-4616.0	47	0.0
-4615.0	52	0.0
-4614.0	64	0.0
-4613.0	70	0.0
-4612.0	53	0.0
-4611.0	52	0.0
-4610.0	64	0.0
-4609.0	68	0.0
-4608.0	64	0.0
-4607.0	51	0.0
-4606.0	62	0.0
-4605.0	71	0.0
-4604.0	68	0.0
-4603.0	65	0.0
-4602.0	66	0.0
-4601.0	66	0.0
-4600.0	55	0.0
-4599.0	61	0.0
-4598.0	68	0.0
-4597.0	64	0.0
-4596.0	48	0.0
-4595.0	54	0.0
-4594.0	53	0.0
-4593.0	63	0.0
-4592.0	62	0.0
-4591.0	64	0.0
-4590.0	64	0.0
-4589.0	62	0.0
-4588.0	47	0.0
-4587.0	51	0.0
-4586.0	54	0.0
-4585.0	57	0.0
-4584.0	69	0.0
-4583.0	64	0.0
-4582.0	67	0.0
-4581.0	51	0.0
-4580.0	57	0.0
-4579.0	55	0.0
-4578.0	56	0.0
-4577.0	58	0.0
-4576.0	74	0.0
-4575.0	53	0.0
-4574.0	56	0.0
-4573.0	68	0.0
-4572.0	67	0.0
-4571.0	68	0.0
-4570.0	66	0.0
-4569.0	59	0.0
-4568.0	59	0.0
-4567.0	69	0.0
-4566.0	62	0.0
-4565.0	56	0.0
-4564.0	51	0.0
-4563.0	62	0.0
-4562.0	65	0.0
-4561.0	68	0.0
-4560.0	58	0.0
-4559.0	37	0.0
-4558.0	66	0.0
-4557.0	52	0.0
-4556.0	53	0.0
-4555.0	62	0.0
-4554.0	70	0.0
-4553.0	56	0.0
-4552.0	56	0.0
-4551.0	66	0.0
-4550.0	62	0.0
-4549.0	60	0.0
-4548.0	57	0.0
-4547.0	57	0.0
-4546.0	55	0.0
-4545.0	66	0.0
-4544.0	73	0.0
-4543.0	55	0.0
-4542.0	58	0.0
-4541.0	55	0.0
-4540.0	67	0.0
-4539.0	47	0.0
-4538.0	65	0.0
-4537.0	45	0.0
-4536.0	64	0.0
-4535.0	58	0.0
-4534.0	50	0.0
-4533.0	61	0.0
-4532.0	58	0.0
-4531.0	64	0.0
-4530.0	57	0.0
-4529.0	56	0.0
-4528.0	65	0.0
-4527.0	68	0.0
-4526.0	59	0.0
-4525.0	62	0.0
-4524.0	59	0.0
-4523.0	54	0.0
-4522.0	69	0.0
-4521.0	48	0.0
-4520.0	51	0.0
-4519.0	60	0.0
-4518.0	52	0.0
-4517.0	64	0.0
-4516.0	50	0.0
-4515.0	57	0.0
-4514.0	69	0.0
-4513.0	52	0.0
-4512.0	61	0.0
-4511.0	59	0.0
-4510.0	58	0.0
-4509.0	72	0.0
-4508.0	57	0.0
-4507.0	59	0.0
-4506.0	50	0.0
-4505.0	70	0.0
-4504.0	66	0.0
-4503.0	60	0.0
-4502.0	47	0.0
-4501.0	60	0.0
-4500.0	58	0.0
-4499.0	68	0.0
-4498.0	56	0.0
-4497.0	46	0.0
-4496.0	58	0.0
-4495.0	50	0.0
-4494.0	68	0.0
-4493.0	55	0.0
-4492.0	56	0.0
-4491.0	75	0.0
-4490.0	74	0.0
-4489.0	60	0.0
-4488.0	52	0.0
-4487.0	56	0.0
-4486.0	50	0.0
-4485.0	75	0.0
-4484.0	63	0.0
-4483.0	53	0.0
-4482.0	66	0.0
-4481.0	53	0.0
-4480.0	45	0.0
-4479.0	57	0.0
-4478.0	51	0.0
-4477.0	58	0.0
-4476.0	59	0.0
-4475.0	55	0.0
-4474.0	61	0.0
-4473.0	52	0.0
-4472.0	63	0.0
-4471.0	54	0.0
-4470.0	62	0.0
-4469.0	62	0.0
-4468.0	57	0.0
-4467.0	53	0.0
-4466.0	67	0.0
-4465.0	69	0.0
-4464.0	49	0.0
-4463.0	69	0.0
-4462.0	58	0.0
-4461.0	57	0.0
-4460.0	54	0.0
-4459.0	57	0.0
-4458.0	58	0.0
-4457.0	47	0.0
-4456.0	64	0.0
-4455.0	64	0.0
-4454.0	47	0.0
-4453.0	53	0.0
-4452.0	66	0.0
-4451.0	53	0.0
-4450.0	58	0.0
-4449.0	67	0.0
-4448.0	57	0.0
-4447.0	56	0.0
-4446.0	62	0.0
-4445.0	53	0.0
-4444.0	66	0.0
-4443.0	56	0.0
-4442.0	55	0.0
-4441.0	54	0.0
-4440.0	46	0.0
-4439.0	77	0.0
-4438.0	74	0.0
-4437.0	58	0.0
-4436.0	65	0.0
-4435.0	62	0.0
-4434.0	61	0.0
-4433.0	62	0.0
-4432.0	70	0.0
-4431.0	45	0.0
-4430.0	60	0.0
-4429.0	56	0.0
-4428.0	67	0.0
-4427.0	56	0.0
-4426.0	55	0.0
-4425.0	53	0.0
-4424.0	48	0.0
-4423.0	65	0.0
-4422.0	65	0.0
-4421.0	61	0.0
-4420.0	58	0.0
-4419.0	62	0.0
-4418.0	53	0.0
-4417.0	55	0.0
-4416.0	64	0.0
-4415.0	58	0.0
-4414.0	62	0.0
-4413.0	60	0.0
-4412.0	65	0.0
-4411.0	71	0.0
-4410.0	54	0.0
-4409.0	54	0.0
-4408.0	70	0.0
-4407.0	53	0.0
-4406.0	64	0.0
-4405.0	56	0.0
-4404.0	73	0.0
-4403.0	61	0.0
-4402.0	70	0.0
-4401.0	62	0.0
-4400.0	53	0.0
-4399.0	58	0.0
-4398.0	51	0.0
-4397.0	52	0.0
-4396.0	61	0.0
-4395.0	60	0.0
-4394.0	53	0.0
-4393.0	49	0.0
-4392.0	68	0.0
-4391.0	61	0.0
-4390.0	58	0.0
-4389.0	56	0.0
-4388.0	59	0.0
-4387.0	59	0.0
-4386.0	61	0.0
-4385.0	49	0.0
-4384.0	63	0.0
-4383.0	61	0.0
-4382.0	61	0.0
-4381.0	67	0.0
-4380.0	67	0.0
-4379.0	60	0.0
-4378.0	73	0.0
-4377.0	52	0.0
-4376.0	57	0.0
-4375.0	71	0.0
-4374.0	64	0.0
-4373.0	59	0.0
-4372.0	51	0.0
-4371.0	59	0.0
-4370.0	60	0.0
-4369.0	61	0.0
-4368.0	49	0.0
-4367.0	56	0.0
-4366.0	62	0.0
-4365.0	53	0.0
-4364.0	53	0.0
-4363.0	48	0.0
-4362.0	53	0.0
-4361.0	61	0.0
-4360.0	61	0.0
-4359.0	81	0.0
-4358.0	49	0.0
-4357.0	69	0.0
-4356.0	67	0.0
-4355.0	65	0.0
-4354.0	66	0.0
-4353.0	62	0.0
-4352.0	45	0.0
-4351.0	66	0.0
-4350.0	53	0.0
-4349.0	58	0.0
-4348.0	50	0.0
-4347.0	62	0.0
-4346.0	52	0.0
-4345.0	70	0.0
-4344.0	51	0.0
-4343.0	62	0.0
-4342.0	74	0.0
-4341.0	58	0.0
-4340.0	49	0.0
-4339.0	59	0.0
-4338.0	57	0.0
-4337.0	51	0.0
-4336.0	59	0.0
-4335.0	57	0.0
-4334.0	58	0.0
-4333.0	68	0.0
-4332.0	70	0.0
-4331.0	71	0.0
-4330.0	61	0.0
-4329.0	50	0.0
-4328.0	69	0.0
-4327.0	58	0.0
-4326.0	65	0.0
-4325.0	75	0.0
-4324.0	59	0.0
-4323.0	52	0.0
-4322.0	55	0.0
-4321.0	58	0.0
-4320.0	38	0.0
-4319.0	51	0.0
-4318.0	69	0.0
-4317.0	52	0.0
-4316.0	63	0.0
-4315.0	50	0.0
-4314.0	57	0.0
-4313.0	59	0.0
-4312.0	71	0.0
-4311.0	72	0.0
-4310.0	57	0.0
-4309.0	58	0.0
-4308.0	69	0.0
-4307.0	62	0.0
-4306.0	54	0.0
-4305.0	62	0.0
-4304.0	63	0.0
-4303.0	65	0.0
-4302.0	63	0.0
-4301.0	60	0.0
-4300.0	63	0.0
-4299.0	67	0.0
-4298.0	76	0.0
-4297.0	47	0.0
-4296.0	47	0.0
-4295.0	53	0.0
-4294.0	65	0.0
-4293.0	56	0.0
-4292.0	60	0.0
-4291.0	54	0.0
-4290.0	52	0.0
-4289.0	54	0.0
-4288.0	58	0.0
-4287.0	55	0.0
-4286.0	47	0.0
-4285.0	66	0.0
-4284.0	56	0.0
-4283.0	81	0.0
-4282.0	60	0.0
-4281.0	62	0.0
-4280.0	71	0.0
-4279.0	56	0.0
-4278.0	68	0.0
-4277.0	47	0.0
-4276.0	72	0.0
-4275.0	73	0.0
-4274.0	69	0.0
-4273.0	66	0.0
-4272.0	67	0.0
-4271.0	68	0.0
-4270.0	76	0.0
-4269.0	49	0.0
-4268.0	67	0.0
-4267.0	52	0.0
-4266.0	62	0.0
-4265.0	48	0.0
-4264.0	52	0.0
-4263.0	55	0.0
-4262.0	61	0.0
-4261.0	61	0.0
-4260.0	50	0.0
-4259.0	49	0.0
-4258.0	60	0.0
-4257.0	61	0.0
-4256.0	67	0.0
-4255.0	45	0.0
-4254.0	56	0.0
-4253.0	57	0.0
-4252.0	58	0.0
-4251.0	64	0.0
-4250.0	44	0.0
-4249.0	62	0.0
-4248.0	61	0.0
-4247.0	53	0.0
-4246.0	74	0.0
-4245.0	58	0.0
-4244.0	61	0.0
-4243.0	70	0.0
-4242.0	57	0.0
-4241.0	53	0.0
-4240.0	68	0.0
-4239.0	70	0.0
-4238.0	61	0.0
-4237.0	59	0.0
-4236.0	63	0.0
-4235.0	53	0.0
-4234.0	69	0.0
-4233.0	49	0.0
-4232.0	53	0.0
-4231.0	56	0.0
-4230.0	55	0.0
-4229.0	62	0.0
-4228.0	62	0.0
-4227.0	56	0.0
-4226.0	58	0.0
-4225.0	53	0.0
-4224.0	61	0.0
-4223.0	61	0.0
-4222.0	69	0.0
-4221.0	57	0.0
-4220.0	51	0.0
-4219.0	55	0.0
-4218.0	66	0.0
-4217.0	51	0.0
-4216.0	56	0.0
-4215.0	43	0.0
-4214.0	56	0.0
-4213.0	62	0.0
-4212.0	65	0.0
-4211.0	65	0.0
-4210.0	51	0.0
-4209.0	52	0.0
-4208.0	70	0.0
-4207.0	68	0.0
-4206.0	61	0.0
-4205.0	63	0.0
-4204.0	63	0.0
-4203.0	53	0.0
-4202.0	51	0.0
-4201.0	61	0.0
-4200.0	53	0.0
-4199.0	58	0.0
-4198.0	61	0.0
-4197.0	50	0.0
-4196.0	68	0.0
-4195.0	62	0.0
-4194.0	61	0.0
-4193.0	56	0.0
-4192.0	61	0.0
-4191.0	61	0.0
-4190.0	78	0.0
-4189.0	62	0.0
-4188.0	60	0.0
-4187.0	64	0.0
-4186.0	62	0.0
-4185.0	62	0.0
-4184.0	54	0.0
-4183.0	64	0.0
-4182.0	64	0.0
-4181.0	52	0.0
-4180.0	60	0.0
-4179.0	56	0.0
-4178.0	59	0.0
-4177.0	61	0.0
-4176.0	63	0.0
-4175.0	59	0.0
-4174.0	62	0.0
-4173.0	59	0.0
-4172.0	50	0.0
-4171.0	44	0.0
-4170.0	56	0.0
-4169.0	63	0.0
-4168.0	69	0.0
-4167.0	56	0.0
-4166.0	54	0.0
-4165.0	54	0.0
-4164.0	59	0.0
-4163.0	62	0.0
-4162.0	76	0.0
-4161.0	61	0.0
-4160.0	64	0.0
-4159.0	49	0.0
-4158.0	57	0.0
-4157.0	63	0.0
-4156.0	59	0.0
-4155.0	52	0.0
-4154.0	59	0.0
-4153.0	62	0.0
-4152.0	64	0.0
-4151.0	72	0.0
-4150.0	53	0.0
-4149.0	55	0.0
-4148.0	60	0.0
-4147.0	65	0.0
-4146.0	56	0.0
-4145.0	61	0.0
-4144.0	51	0.0
-4143.0	74	0.0
-4142.0	54	0.0
-4141.0	53	0.0
-4140.0	59	0.0
-4139.0	77	0.0
-4138.0	58	0.0
-4137.0	67	0.0
-4136.0	64	0.0
-4135.0	43	0.0
-4134.0	67	0.0
-4133.0	52	0.0
-4132.0	61	0.0
-4131.0	63	0.0
-4130.0	46	0.0
-4129.0	48	0.0
-4128.0	54	0.0
-4127.0	61	0.0
-4126.0	57	0.0
-4125.0	62	0.0
-4124.0	65	0.0
-4123.0	60	0.0
-4122.0	56	0.0
-4121.0	61	0.0
-4120.0	62	0.0
-4119.0	75	0.0
-4118.0	58	0.0
-4117.0	63	0.0
-4116.0	55	0.0
-4115.0	46	0.0
-4114.0	65	0.0
-4113.0	71	0.0
-4112.0	48	0.0
-4111.0	66	0.0
-4110.0	65	0.0
-4109.0	67	0.0
-4108.0	54	0.0
-4107.0	50	0.0
-4106.0	74	0.0
-4105.0	62	0.0
-4104.0	64	0.0
-4103.0	42	0.0
-4102.0	53	0.0
-4101.0	69	0.0
-4100.0	65	0.0
-4099.0	55	0.0
-4098.0	46	0.0
-4097.0	61	0.0
-4096.0	61	0.0
-4095.0	51	0.0
-4094.0	71	0.0
-4093.0	55	0.0
-4092.0	63	0.0
-4091.0	59	0.0
-4090.0	64	0.0
-4089.0	54	0.0
-4088.0	56	0.0
-4087.0	57	0.0
-4086.0	76	0.0
-4085.0	67	0.0
-4084.0	70	0.0
-4083.0	55	0.0
-4082.0	64	0.0
-4081.0	64	0.0
-4080.0	60	0.0
-4079.0	62	0.0
-4078.0	61	0.0
-4077.0	67	0.0
-4076.0	51	0.0
-4075.0	60	0.0
-4074.0	60	0.0
-4073.0	59	0.0
-4072.0	65	0.0
-4071.0	61	0.0
-4070.0	54	0.0
-4069.0	58	0.0
-4068.0	50	0.0
-4067.0	65	0.0
-4066.0	63	0.0
-4065.0	54	0.0
-4064.0	55	0.0
-4063.0	62	0.0
-4062.0	56	0.0
-4061.0	68	0.0
-4060.0	71	0.0
-4059.0	48	0.0
-4058.0	49	0.0
-4057.0	50	0.0
-4056.0	60	0.0
-4055.0	51	0.0
-4054.0	79	0.0
-4053.0	66	0.0
-4052.0	63	0.0
-4051.0	52	0.0
-4050.0	69	0.0
-4049.0	62	0.0
-4048.0	50	0.0
-4047.0	54	0.0
-4046.0	59	0.0
-4045.0	60	0.0
-4044.0	62	0.0
-4043.0	57	0.0
-4042.0	39	0.0
-4041.0	49	0.0
-4040.0	66	0.0
-4039.0	55	0.0
-4038.0	69	0.0
-4037.0	67	0.0
-4036.0	81	0.0
-4035.0	64	0.0
-4034.0	60	0.0
-4033.0	50	0.0
-4032.0	60	0.0
-4031.0	79	0.0
-4030.0	44	0.0
-4029.0	52	0.0
-4028.0	62	0.0
-4027.0	61	0.0
-4026.0	75	0.0
-4025.0	62	0.0
-4024.0	68	0.0
-4023.0	59	0.0
-4022.0	63	0.0
-4021.0	55	0.0
-4020.0	51	0.0
-4019.0	59	0.0
-4018.0	57	0.0
-4017.0	60	0.0
-4016.0	56	0.0
-4015.0	51	0.0
-4014.0	50	0.0
-4013.0	58	0.0
-4012.0	53	0.0
-4011.0	68	0.0
-4010.0	54	0.0
-4009.0	63	0.0
-4008.0	59	0.0
-4007.0	77	0.0
-4006.0	52	0.0
-4005.0	42	0.0
-4004.0	53	0.0
-4003.0	66	0.0
-4002.0	71	0.0
-4001.0	57	0.0
-4000.0	65	0.0
-3999.0	60	0.0
-3998.0	58	0.0
-3997.0	51	0.0
-3996.0	50	0.0
-3995.0	80	0.0
-3994.0	62	0.0
-3993.0	63	0.0
-3992.0	60	0.0
-3991.0	53	0.0
-3990.0	59	0.0
-3989.0	63	0.0
-3988.0	53	0.0
-3987.0	60	0.0
-3986.0	49	0.0
-3985.0	77	0.0
-3984.0	66	0.0
-3983.0	66	0.0
-3982.0	70	0.0
-3981.0	53	0.0
-3980.0	73	0.0
-3979.0	63	0.0
-3978.0	65	0.0
-3977.0	56	0.0
-3976.0	62	0.0
-3975.0	63	0.0
-3974.0	51	0.0
-3973.0	68	0.0
-3972.0	71	0.0
-3971.0	57	0.0
-3970.0	48	0.0
-3969.0	53	0.0
-3968.0	61	0.0
-3967.0	62	0.0
-3966.0	56	0.0
-3965.0	56	0.0
-3964.0	50	0.0
-3963.0	55	0.0
-3962.0	52	0.0
-3961.0	60	0.0
-3960.0	61	0.0
-3959.0	55	0.0
-3958.0	59	0.0
-3957.0	57	0.0
-3956.0	67	0.0
-3955.0	54	0.0
-3954.0	46	0.0
-3953.0	57	0.0
-3952.0	50	0.0
-3951.0	57	0.0
-3950.0	70	0.0
-3949.0	65	0.0
-3948.0	62	0.0
-3947.0	66	0.0
-3946.0	51	0.0
-3945.0	56	0.0
-3944.0	69	0.0
-3943.0	55	0.0
-3942.0	46	0.0
-3941.0	52	0.0
-3940.0	60	0.0
-3939.0	52	0.0
-3938.0	58	0.0
-3937.0	52	0.0
-3936.0	55	0.0
-3935.0	54	0.0
-3934.0	46	0.0
-3933.0	66	0.0
-3932.0	57	0.0
-3931.0	66	0.0
-3930.0	46	0.0
-3929.0	58	0.0
-3928.0	56	0.0
-3927.0	55	0.0
-3926.0	53	0.0
-3925.0	51	0.0
-3924.0	78	0.0
-3923.0	56	0.0
-3922.0	75	0.0
-3921.0	54	0.0
-3920.0	56	0.0
-3919.0	53	0.0
-3918.0	52	0.0
-3917.0	66	0.0
-3916.0	56	0.0
-3915.0	57	0.0
-3914.0	74	0.0
-3913.0	65	0.0
-3912.0	66	0.0
-3911.0	52	0.0
-3910.0	61	0.0
-3909.0	71	0.0
-3908.0	69	0.0
-3907.0	73	0.0
-3906.0	72	0.0
-3905.0	54	0.0
-3904.0	44	0.0
-3903.0	62	0.0
-3902.0	59	0.0
-3901.0	57	0.0
-3900.0	57	0.0
-3899.0	66	0.0
-3898.0	78	0.0
-3897.0	62	0.0
-3896.0	56	0.0
-3895.0	47	0.0
-3894.0	63	0.0
-3893.0	60	0.0
-3892.0	51	0.0
-3891.0	67	0.0
-3890.0	65	0.0
-3889.0	51	0.0
-3888.0	59	0.0
-3887.0	63	0.0
-3886.0	58	0.0
-3885.0	70	0.0
-3884.0	64	0.0
-3883.0	55	0.0
-3882.0	45	0.0
-3881.0	49	0.0
-3880.0	51	0.0
-3879.0	53	0.0
-3878.0	44	0.0
-3877.0	52	0.0
-3876.0	53	0.0
-3875.0	60	0.0
-3874.0	48	0.0
-3873.0	50	0.0
-3872.0	43	0.0
-3871.0	59	0.0
-3870.0	59	0.0
-3869.0	49	0.0
-3868.0	73	0.0
-3867.0	57	0.0
-3866.0	52	0.0
-3865.0	46	0.0
-3864.0	52	0.0
-3863.0	54	0.0
-3862.0	61	0.0
-3861.0	59	0.0
-3860.0	56	0.0
-3859.0	59	0.0
-3858.0	51	0.0
-3857.0	52	0.0
-3856.0	61	0.0
-3855.0	59	0.0
-3854.0	63	0.0
-3853.0	64	0.0
-3852.0	53	0.0
-3851.0	74	0.0
-3850.0	45	0.0
-3849.0	63	0.0
-3848.0	58	0.0
-3847.0	57	0.0
-3846.0	51	0.0
-3845.0	62	0.0
-3844.0	68	0.0
-3843.0	57	0.0
-3842.0	60	0.0
-3841.0	71	0.0
-3840.0	63	0.0
-3839.0	59	0.0
-3838.0	51	0.0
-3837.0	45	0.0
-3836.0	60	0.0
-3835.0	65	0.0
-3834.0	51	0.0
-3833.0	62	0.0
-3832.0	59	0.0
-3831.0	66	0.0
-3830.0	67	0.0
-3829.0	53	0.0
-3828.0	53	0.0
-3827.0	60	0.0
-3826.0	59	0.0
-3825.0	45	0.0
-3824.0	58	0.0
-3823.0	52	0.0
-3822.0	47	0.0
-3821.0	48	0.0
-3820.0	54	0.0
-3819.0	62	0.0
-3818.0	73	0.0
-3817.0	51	0.0
-3816.0	44	0.0
-3815.0	70	0.0
-3814.0	53	0.0
-3813.0	45	0.0
-3812.0	51	0.0
-3811.0	63	0.0
-3810.0	66	0.0
-3809.0	63	0.0
-3808.0	63	0.0
-3807.0	54	0.0
-3806.0	64	0.0
-3805.0	60	0.0
-3804.0	62	0.0
-3803.0	63	0.0
-3802.0	53	0.0
-3801.0	49	0.0
-3800.0	65	0.0
-3799.0	66	0.0
-3798.0	56	0.0
-3797.0	75	0.0
-3796.0	47	0.0
-3795.0	56	0.0
-3794.0	76	0.0
-3793.0	61	0.0
-3792.0	58	0.0
-3791.0	69	0.0
-3790.0	61	0.0
-3789.0	56	0.0
-3788.0	67	0.0
-3787.0	50	0.0
-3786.0	60	0.0
-3785.0	47	0.0
-3784.0	62	0.0
-3783.0	57	0.0
-3782.0	77	0.0
-3781.0	51	0.0
-3780.0	62	0.0
-3779.0	70	0.0
-3778.0	53	0.0
-3777.0	62	0.0
-3776.0	42	0.0
-3775.0	41	0.0
-3774.0	58	0.0
-3773.0	57	0.0
-3772.0	59	0.0
-3771.0	67	0.0
-3770.0	54	0.0
-3769.0	70	0.0
-3768.0	61	0.0
-3767.0	52	0.0
-3766.0	47	0.0
-3765.0	69	0.0
-3764.0	45	0.0
-3763.0	51	0.0
-3762.0	51	0.0
-3761.0	59	0.0
-3760.0	64	0.0
-3759.0	48	0.0
-3758.0	65	0.0
-3757.0	66	0.0
-3756.0	62	0.0
-3755.0	56	0.0
-3754.0	53	0.0
-3753.0	61	0.0
-3752.0	58	0.0
-3751.0	39	0.0
-3750.0	74	0.0
-3749.0	53	0.0
-3748.0	64	0.0
-3747.0	43	0.0
-3746.0	64	0.0
-3745.0	77	0.0
-3744.0	67	0.0
-3743.0	65	0.0
-3742.0	56	0.0
-3741.0	62	0.0
-3740.0	63	0.0
-3739.0	72	0.0
-3738.0	48	0.0
-3737.0	54	0.0
-3736.0	63	0.0
-3735.0	46	0.0
-3734.0	78	0.0
-3733.0	47	0.0
-3732.0	70	0.0
-3731.0	78	0.0
-3730.0	51	0.0
-3729.0	57	0.0
-3728.0	71	0.0
-3727.0	49	0.0
-3726.0	59	0.0
-3725.0	61	0.0
-3724.0	72	0.0
-3723.0	61	0.0
-3722.0	51	0.0
-3721.0	56	0.0
-3720.0	55	0.0
-3719.0	49	0.0
-3718.0	61	0.0
-3717.0	61	0.0
-3716.0	52	0.0
-3715.0	56	0.0
-3714.0	60	0.0
-3713.0	61	0.0
-3712.0	44	0.0
-3711.0	56	0.0
-3710.0	73	0.0
-3709.0	61	0.0
-3708.0	65	0.0
-3707.0	44	0.0
-3706.0	62	0.0
-3705.0	59	0.0
-3704.0	57	0.0
-3703.0	73	0.0
-3702.0	55	0.0
-3701.0	69	0.0
-3700.0	55	0.0
-3699.0	65	0.0
-3698.0	54	0.0
-3697.0	71	0.0
-3696.0	51	0.0
-3695.0	65	0.0
-3694.0	60	0.0
-3693.0	55	0.0
-3692.0	57	0.0
-3691.0	58	0.0
-3690.0	52	0.0
-3689.0	65	0.0
-3688.0	53	0.0
-3687.0	58	0.0
-3686.0	52	0.0
-3685.0	44	0.0
-3684.0	64	0.0
-3683.0	55	0.0
-3682.0	62	0.0
-3681.0	56	0.0
-3680.0	42	0.0
-3679.0	51	0.0
-3678.0	57	0.0
-3677.0	59	0.0
-3676.0	54	0.0
-3675.0	69	0.0
-3674.0	63	0.0
-3673.0	38	0.0
-3672.0	59	0.0
-3671.0	57	0.0
-3670.0	65	0.0
-3669.0	55	0.0
-3668.0	73	0.0
-3667.0	59	0.0
-3666.0	58	0.0
-3665.0	44	0.0
-3664.0	49	0.0
-3663.0	61	0.0
-3662.0	61	0.0
-3661.0	68	0.0
-3660.0	71	0.0
-3659.0	44	0.0
-3658.0	59	0.0
-3657.0	72	0.0
-3656.0	58	0.0
-3655.0	67	0.0
-3654.0	69	0.0
-3653.0	64	0.0
-3652.0	52	0.0
-3651.0	57	0.0
-3650.0	46	0.0
-3649.0	62	0.0
-3648.0	61	0.0
-3647.0	62	0.0
-3646.0	49	0.0
-3645.0	60	0.0
-3644.0	59	0.0
-3643.0	51	0.0
-3642.0	58	0.0
-3641.0	43	0.0
-3640.0	54	0.0
-3639.0	63	0.0
-3638.0	53	0.0
-3637.0	68	0.0
-3636.0	53	0.0
-3635.0	62	0.0
-3634.0	67	0.0
-3633.0	67	0.0
-3632.0	60	0.0
-3631.0	58	0.0
-3630.0	69	0.0
-3629.0	65	0.0
-3628.0	62	0.0
-3627.0	48	0.0
-3626.0	58	0.0
-3625.0	65	0.0
-3624.0	77	0.0
-3623.0	62	0.0
-3622.0	71	0.0
-3621.0	59	0.0
-3620.0	57	0.0
-3619.0	44	0.0
-3618.0	59	0.0
-3617.0	55	0.0
-3616.0	71	0.0
-3615.0	61	0.0
-3614.0	73	0.0
-3613.0	59	0.0
-3612.0	70	0.0
-3611.0	50	0.0
-3610.0	59	0.0
-3609.0	62	0.0
-3608.0	72	0.0
-3607.0	48	0.0
-3606.0	64	0.0
-3605.0	69	0.0
-3604.0	58	0.0
-3603.0	63	0.0
-3602.0	71	0.0
-3601.0	49	0.0
-3600.0	52	0.0
-3599.0	76	0.0
-3598.0	58	0.0
-3597.0	61	0.0
-3596.0	65	0.0
-3595.0	69	0.0
-3594.0	59	0.0
-3593.0	67	0.0
-3592.0	64	0.0
-3591.0	57	0.0
-3590.0	51	0.0
-3589.0	57	0.0
-3588.0	55	0.0
-3587.0	58	0.0
-3586.0	63	0.0
-3585.0	57	0.0
-3584.0	75	0.0
-3583.0	54	0.0
-3582.0	50	0.0
-3581.0	48	0.0
-3580.0	47	0.0
-3579.0	71	0.0
-3578.0	52	0.0
-3577.0	47	0.0
-3576.0	64	0.0
-3575.0	53	0.0
-3574.0	53	0.0
-3573.0	73	0.0
-3572.0	54	0.0
-3571.0	43	0.0
-3570.0	63	0.0
-3569.0	65	0.0
-3568.0	53	0.0
-3567.0	50	0.0
-3566.0	65	0.0
-3565.0	72	0.0
-3564.0	53	0.0
-3563.0	70	0.0
-3562.0	53	0.0
-3561.0	59	0.0
-3560.0	54	0.0
-3559.0	50	0.0
-3558.0	62	0.0
-3557.0	53	0.0
-3556.0	60	0.0
-3555.0	65	0.0
-3554.0	70	0.0
-3553.0	66	0.0
-3552.0	59	0.0
-3551.0	64	0.0
-3550.0	73	0.0
-3549.0	57	0.0
-3548.0	55	0.0
-3547.0	47	0.0
-3546.0	38	0.0
-3545.0	55	0.0
-3544.0	54	0.0
-3543.0	72	0.0
-3542.0	43	0.0
-3541.0	58	0.0
-3540.0	60	0.0
-3539.0	47	0.0
-3538.0	59	0.0
-3537.0	55	0.0
-3536.0	55	0.0
-3535.0	58	0.0
-3534.0	63	0.0
-3533.0	60	0.0
-3532.0	59	0.0
-3531.0	59	0.0
-3530.0	48	0.0
-3529.0	54	0.0
-3528.0	65	0.0
-3527.0	69	0.0
-3526.0	55	0.0
-3525.0	69	0.0
-3524.0	69	0.0
-3523.0	50	0.0
-3522.0	55	0.0
-3521.0	69	0.0
-3520.0	52	0.0
-3519.0	47	0.0
-3518.0	64	0.0
-3517.0	68	0.0
-3516.0	61	0.0
-3515.0	68	0.0
-3514.0	49	0.0
-3513.0	56	0.0
-3512.0	59	0.0
-3511.0	65	0.0
-3510.0	67	0.0
-3509.0	61	0.0
-3508.0	62	0.0
-3507.0	55	0.0
-3506.0	62	0.0
-3505.0	49	0.0
-3504.0	63	0.0
-3503.0	66	0.0
-3502.0	54	0.0
-3501.0	56	0.0
-3500.0	57	0.0
-3499.0	63	0.0
-3498.0	59	0.0
-3497.0	48	0.0
-3496.0	70	0.0
-3495.0	72	0.0
-3494.0	59	0.0
-3493.0	62	0.0
-3492.0	73	0.0
-3491.0	55	0.0
-3490.0	76	0.0
-3489.0	46	0.0
-3488.0	64	0.0
-3487.0	63	0.0
-3486.0	55	0.0
-3485.0	67	0.0
-3484.0	50	0.0
-3483.0	57	0.0
-3482.0	51	0.0
-3481.0	52	0.0
-3480.0	53	0.0
-3479.0	54	0.0
-3478.0	59	0.0
-3477.0	53	0.0
-3476.0	48	0.0
-3475.0	47	0.0
-3474.0	54	0.0
-3473.0	71	0.0
-3472.0	56	0.0
-3471.0	68	0.0
-3470.0	70	0.0
-3469.0	56	0.0
-3468.0	61	0.0
-3467.0	70	0.0
-3466.0	70	0.0
-3465.0	57	0.0
-3464.0	73	0.0
-3463.0	58	0.0
-3462.0	53	0.0
-3461.0	44	0.0
-3460.0	57	0.0
-3459.0	76	0.0
-3458.0	57	0.0
-3457.0	70	0.0
-3456.0	54	0.0
-3455.0	53	0.0
-3454.0	56	0.0
-3453.0	47	0.0
-3452.0	63	0.0
-3451.0	55	0.0
-3450.0	49	0.0
-3449.0	62	0.0
-3448.0	53	0.0
-3447.0	55	0.0
-3446.0	54	0.0
-3445.0	57	0.0
-3444.0	69	0.0
-3443.0	58	0.0
-3442.0	52	0.0
-3441.0	52	0.0
-3440.0	49	0.0
-3439.0	68	0.0
-3438.0	59	0.0
-3437.0	59	0.0
-3436.0	54	0.0
-3435.0	51	0.0
-3434.0	64	0.0
-3433.0	64	0.0
-3432.0	53	0.0
-3431.0	43	0.0
-3430.0	72	0.0
-3429.0	60	0.0
-3428.0	59	0.0
-3427.0	65	0.0
-3426.0	66	0.0
-3425.0	72	0.0
-3424.0	57	0.0
-3423.0	54	0.0
-3422.0	61	0.0
-3421.0	73	0.0
-3420.0	52	0.0
-3419.0	49	0.0
-3418.0	50	0.0
-3417.0	51	0.0
-3416.0	67	0.0
-3415.0	68	0.0
-3414.0	46	0.0
-3413.0	51	0.0
-3412.0	66	0.0
-3411.0	68	0.0
-3410.0	56	0.0
-3409.0	57	0.0
-3408.0	73	0.0
-3407.0	59	0.0
-3406.0	47	0.0
-3405.0	45	0.0
-3404.0	40	0.0
-3403.0	62	0.0
-3402.0	59	0.0
-3401.0	54	0.0
-3400.0	63	0.0
-3399.0	68	0.0
-3398.0	59	0.0
-3397.0	61	0.0
-3396.0	53	0.0
-3395.0	55	0.0
-3394.0	61	0.0
-3393.0	49	0.0
-3392.0	61	0.0
-3391.0	55	0.0
-3390.0	69	0.0
-3389.0	60	0.0
-3388.0	63	0.0
-3387.0	54	0.0
-3386.0	56	0.0
-3385.0	64	0.0
-3384.0	70	0.0
-3383.0	64	0.0
-3382.0	60	0.0
-3381.0	48	0.0
-3380.0	53	0.0
-3379.0	47	0.0
-3378.0	59	0.0
-3377.0	57	0.0
-3376.0	59	0.0
-3375.0	57	0.0
-3374.0	60	0.0
-3373.0	73	0.0
-3372.0	63	0.0
-3371.0	63	0.0
-3370.0	65	0.0
-3369.0	58	0.0
-3368.0	57	0.0
-3367.0	65	0.0
-3366.0	53	0.0
-3365.0	54	0.0
-3364.0	58	0.0
-3363.0	59	0.0
-3362.0	46	0.0
-3361.0	63	0.0
-3360.0	45	0.0
-3359.0	65	0.0
-3358.0	54	0.0
-3357.0	52	0.0
-3356.0	59	0.0
-3355.0	46	0.0
-3354.0	61	0.0
-3353.0	64	0.0
-3352.0	61	0.0
-3351.0	70	0.0
-3350.0	47	0.0
-3349.0	49	0.0
-3348.0	65	0.0
-3347.0	56	0.0
-3346.0	63	0.0
-3345.0	61	0.0
-3344.0	58	0.0
-3343.0	58	0.0
-3342.0	48	0.0
-3341.0	59	0.0
-3340.0	56	0.0
-3339.0	46	0.0
-3338.0	52	0.0
-3337.0	62	0.0
-3336.0	62	0.0
-3335.0	57	0.0
-3334.0	65	0.0
-3333.0	57	0.0
-3332.0	54	0.0
-3331.0	45	0.0
-3330.0	57	0.0
-3329.0	68	0.0
-3328.0	63	0.0
-3327.0	67	0.0
-3326.0	59	0.0
-3325.0	56	0.0
-3324.0	53	0.0
-3323.0	69	0.0
-3322.0	55	0.0
-3321.0	47	0.0
-3320.0	55	0.0
-3319.0	58	0.0
-3318.0	58	0.0
-3317.0	62	0.0
-3316.0	58	0.0
-3315.0	59	0.0
-3314.0	58	0.0
-3313.0	70	0.0
-3312.0	47	0.0
-3311.0	55	0.0
-3310.0	54	0.0
-3309.0	51	0.0
-3308.0	48	0.0
-3307.0	49	0.0
-3306.0	57	0.0
-3305.0	69	0.0
-3304.0	50	0.0
-3303.0	59	0.0
-3302.0	58	0.0
-3301.0	39	0.0
-3300.0	59	0.0
-3299.0	63	0.0
-3298.0	59	0.0
-3297.0	61	0.0
-3296.0	44	0.0
-3295.0	76	0.0
-3294.0	53	0.0
-3293.0	53	0.0
-3292.0	41	0.0
-3291.0	48	0.0
-3290.0	66	0.0
-3289.0	58	0.0
-3288.0	55	0.0
-3287.0	66	0.0
-3286.0	56	0.0
-3285.0	75	0.0
-3284.0	61	0.0
-3283.0	53	0.0
-3282.0	59	0.0
-3281.0	62	0.0
-3280.0	58	0.0
-3279.0	55	0.0
-3278.0	57	0.0
-3277.0	56	0.0
-3276.0	59	0.0
-3275.0	41	0.0
-3274.0	52	0.0
-3273.0	66	0.0
-3272.0	54	0.0
-3271.0	64	0.0
-3270.0	68	0.0
-3269.0	60	0.0
-3268.0	44	0.0
-3267.0	72	0.0
-3266.0	46	0.0
-3265.0	68	0.0
-3264.0	65	0.0
-3263.0	73	0.0
-3262.0	63	0.0
-3261.0	62	0.0
-3260.0	71	0.0
-3259.0	49	0.0
-3258.0	56	0.0
-3257.0	61	0.0
-3256.0	44	0.0
-3255.0	57	0.0
-3254.0	64	0.0
-3253.0	57	0.0
-3252.0	42	0.0
-3251.0	71	0.0
-3250.0	58	0.0
-3249.0	61	0.0
-3248.0	62	0.0
-3247.0	67	0.0
-3246.0	71	0.0
-3245.0	64	0.0
-3244.0	64	0.0
-3243.0	66	0.0
-3242.0	67	0.0
-3241.0	50	0.0
-3240.0	59	0.0
-3239.0	64	0.0
-3238.0	57	0.0
-3237.0	53	0.0
-3236.0	63	0.0
-3235.0	70	0.0
-3234.0	56	0.0
-3233.0	58	0.0
-3232.0	65	0.0
-3231.0	77	0.0
-3230.0	70	0.0
-3229.0	60	0.0
-3228.0	62	0.0
-3227.0	64	0.0
-3226.0	60	0.0
-3225.0	62	0.0
-3224.0	60	0.0
-3223.0	59	0.0
-3222.0	61	0.0
-3221.0	67	0.0
-3220.0	55	0.0
-3219.0	51	0.0
-3218.0	68	0.0
-3217.0	73	0.0
-3216.0	50	0.0
-3215.0	71	0.0
-3214.0	55	0.0
-3213.0	43	0.0
-3212.0	54	0.0
-3211.0	60	0.0
-3210.0	62	0.0
-3209.0	56	0.0
-3208.0	60	0.0
-3207.0	55	0.0
-3206.0	51	0.0
-3205.0	47	0.0
-3204.0	57	0.0
-3203.0	55	0.0
-3202.0	55	0.0
-3201.0	57	0.0
-3200.0	56	0.0
-3199.0	67	0.0
-3198.0	53	0.0
-3197.0	79	0.0
-3196.0	47	0.0
-3195.0	50	0.0
-3194.0	53	0.0
-3193.0	70	0.0
-3192.0	66	0.0
-3191.0	69	0.0
-3190.0	57	0.0
-3189.0	64	0.0
-3188.0	74	0.0
-3187.0	62	0.0
-3186.0	59	0.0
-3185.0	55	0.0
-3184.0	64	0.0
-3183.0	60	0.0
-3182.0	53	0.0
-3181.0	51	0.0
-3180.0	51	0.0
-3179.0	72	0.0
-3178.0	58	0.0
-3177.0	58	0.0
-3176.0	53	0.0
-3175.0	54	0.0
-3174.0	68	0.0
-3173.0	65	0.0
-3172.0	61	0.0
-3171.0	61	0.0
-3170.0	52	0.0
-3169.0	53	0.0
-3168.0	62	0.0
-3167.0	60	0.0
-3166.0	60	0.0
-3165.0	63	0.0
-3164.0	68	0.0
-3163.0	71	0.0
-3162.0	62	0.0
-3161.0	57	0.0
-3160.0	60	0.0
-3159.0	57	0.0
-3158.0	72	0.0
-3157.0	63	0.0
-3156.0	75	0.0
-3155.0	49	0.0
-3154.0	61	0.0
-3153.0	59	0.0
-3152.0	69	0.0
-3151.0	57	0.0
-3150.0	55	0.0
-3149.0	55	0.0
-3148.0	57	0.0
-3147.0	61	0.0
-3146.0	43	0.0
-3145.0	61	0.0
-3144.0	59	0.0
-3143.0	53	0.0
-3142.0	62	0.0
-3141.0	62	0.0
-3140.0	57	0.0
-3139.0	67	0.0
-3138.0	62	0.0
-3137.0	59	0.0
-3136.0	62	0.0
-3135.0	58	0.0
-3134.0	66	0.0
-3133.0	55	0.0
-3132.0	54	0.0
-3131.0	62	0.0
-3130.0	77	0.0
-3129.0	55	0.0
-3128.0	67	0.0
-3127.0	50	0.0
-3126.0	45	0.0
-3125.0	52	0.0
-3124.0	58	0.0
-3123.0	44	0.0
-3122.0	41	0.0
-3121.0	58	0.0
-3120.0	67	0.0
-3119.0	64	0.0
-3118.0	52	0.0
-3117.0	54	0.0
-3116.0	56	0.0
-3115.0	49	0.0
-3114.0	69	0.0
-3113.0	57	0.0
-3112.0	60	0.0
-3111.0	71	0.0
-3110.0	55	0.0
-3109.0	66	0.0
-3108.0	75	0.0
-3107.0	53	0.0
-3106.0	50	0.0
-3105.0	68	0.0
-3104.0	59	0.0
-3103.0	73	0.0
-3102.0	53	0.0
-3101.0	68	0.0
-3100.0	51	0.0
-3099.0	57	0.0
-3098.0	63	0.0
-3097.0	60	0.0
-3096.0	63	0.0
-3095.0	42	0.0
-3094.0	60	0.0
-3093.0	60	0.0
-3092.0	62	0.0
-3091.0	55	0.0
-3090.0	57	0.0
-3089.0	55	0.0
-3088.0	65	0.0
-3087.0	45	0.0
-3086.0	49	0.0
-3085.0	59	0.0
-3084.0	66	0.0
-3083.0	49	0.0
-3082.0	52	0.0
-3081.0	50	0.0
-3080.0	54	0.0
-3079.0	44	0.0
-3078.0	65	0.0
-3077.0	58	0.0
-3076.0	49	0.0
-3075.0	58	0.0
-3074.0	49	0.0
-3073.0	64	0.0
-3072.0	54	0.0
-3071.0	64	0.0
-3070.0	59	0.0
-3069.0	56	0.0
-3068.0	46	0.0
-3067.0	59	0.0
-3066.0	53	0.0
-3065.0	48	0.0
-3064.0	45	0.0
-3063.0	60	0.0
-3062.0	67	0.0
-3061.0	55	0.0
-3060.0	48	0.0
-3059.0	68	0.0
-3058.0	62	0.0
-3057.0	59	0.0
-3056.0	54	0.0
-3055.0	74	0.0
-3054.0	74	0.0
-3053.0	54	0.0
-3052.0	58	0.0
-3051.0	54	0.0
-3050.0	53	0.0
-3049.0	57	0.0
-3048.0	61	0.0
-3047.0	59	0.0
-3046.0	54	0.0
-3045.0	55	0.0
-3044.0	73	0.0
-3043.0	65	0.0
-3042.0	66	0.0
-3041.0	56	0.0
-3040.0	61	0.0
-3039.0	83	0.0
-3038.0	47	0.0
-3037.0	65	0.0
-3036.0	72	0.0
-3035.0	67	0.0
-3034.0	49	0.0
-3033.0	59	0.0
-3032.0	64	0.0
-3031.0	61	0.0
-3030.0	65	0.0
-3029.0	49	0.0
-3028.0	58	0.0
-3027.0	52	0.0
-3026.0	53	0.0
-3025.0	59	0.0
-3024.0	50	0.0
-3023.0	69	0.0
-3022.0	58	0.0
-3021.0	50	0.0
-3020.0	72	0.0
-3019.0	51	0.0
-3018.0	52	0.0
-3017.0	57	0.0
-3016.0	71	0.0
-3015.0	58	0.0
-3014.0	60	0.0
-3013.0	60	0.0
-3012.0	68	0.0
-3011.0	64	0.0
-3010.0	61	0.0
-3009.0	61	0.0
-3008.0	56	0.0
-3007.0	55	0.0
-3006.0	56	0.0
-3005.0	57	0.0
-3004.0	56	0.0
-3003.0	54	0.0
-3002.0	47	0.0
-3001.0	53	0.0
-3000.0	70	0.0
-2999.0	59	0.0
-2998.0	63	0.0
-2997.0	51	0.0
-2996.0	70	0.0
-2995.0	67	0.0
-2994.0	50	0.0
-2993.0	55	0.0
-2992.0	45	0.0
-2991.0	65	0.0
-2990.0	51	0.0
-2989.0	54	0.0
-2988.0	63	0.0
-2987.0	84	0.0
-2986.0	56	0.0
-2985.0	55	0.0
-2984.0	73	0.0
-2983.0	56	0.0
-2982.0	54	0.0
-2981.0	63	0.0
-2980.0	64	0.0
-2979.0	64	0.0
-2978.0	65	0.0
-2977.0	59	0.0
-2976.0	58	0.0
-2975.0	54	0.0
-2974.0	63	0.0
-2973.0	62	0.0
-2972.0	53	0.0
-2971.0	55	0.0
-2970.0	74	0.0
-2969.0	60	0.0
-2968.0	60	0.0
-2967.0	65	0.0
-2966.0	57	0.0
-2965.0	63	0.0
-2964.0	47	0.0
-2963.0	50	0.0
-2962.0	55	0.0
-2961.0	60	0.0
-2960.0	66	0.0
-2959.0	53	0.0
-2958.0	68	0.0
-2957.0	48	0.0
-2956.0	55	0.0
-2955.0	62	0.0
-2954.0	57	0.0
-2953.0	55	0.0
-2952.0	69	0.0
-2951.0	72	0.0
-2950.0	71	0.0
-2949.0	57	0.0
-2948.0	55	0.0
-2947.0	54	0.0
-2946.0	55	0.0
-2945.0	38	0.0
-2944.0	61	0.0
-2943.0	69	0.0
-2942.0	61	0.0
-2941.0	61	0.0
-2940.0	63	0.0
-2939.0	63	0.0
-2938.0	61	0.0
-2937.0	51	0.0
-2936.0	55	0.0
-2935.0	42	0.0
-2934.0	68	0.0
-2933.0	61	0.0
-2932.0	40	0.0
-2931.0	55	0.0
-2930.0	59	0.0
-2929.0	45	0.0
-2928.0	63	0.0
-2927.0	51	0.0
-2926.0	46	0.0
-2925.0	57	0.0
-2924.0	60	0.0
-2923.0	64	0.0
-2922.0	49	0.0
-2921.0	58	0.0
-2920.0	66	0.0
-2919.0	54	0.0
-2918.0	46	0.0
-2917.0	60	0.0
-2916.0	47	0.0
-2915.0	55	0.0
-2914.0	53	0.0
-2913.0	54	0.0
-2912.0	65	0.0
-2911.0	45	0.0
-2910.0	55	0.0
-2909.0	63	0.0
-2908.0	49	0.0
-2907.0	57	0.0
-2906.0	57	0.0
-2905.0	46	0.0
-2904.0	56	0.0
-2903.0	75	0.0
-2902.0	67	0.0
-2901.0	56	0.0
-2900.0	63	0.0
-2899.0	60	0.0
-2898.0	50	0.0
-2897.0	60	0.0
-2896.0	57	0.0
-2895.0	54	0.0
-2894.0	69	0.0
-2893.0	56	0.0
-2892.0	63	0.0
-2891.0	57	0.0
-2890.0	57	0.0
-2889.0	55	0.0
-2888.0	61	0.0
-2887.0	56	0.0
-2886.0	77	0.0
-2885.0	49	0.0
-2884.0	75	0.0
-2883.0	50	0.0
-2882.0	63	0.0
-2881.0	64	0.0
-2880.0	69	0.0
-2879.0	64	0.0
-2878.0	58	0.0
-2877.0	50	0.0
-2876.0	54	0.0
-2875.0	62	0.0
-2874.0	68	0.0
-2873.0	69	0.0
-2872.0	55	0.0
-2871.0	57	0.0
-2870.0	58	0.0
-2869.0	58	0.0
-2868.0	65	0.0
-2867.0	57	0.0
-2866.0	55	0.0
-2865.0	67	0.0
-2864.0	59	0.0
-2863.0	72	0.0
-2862.0	62	0.0
-2861.0	51	0.0
-2860.0	45	0.0
-2859.0	56	0.0
-2858.0	62	0.0
-2857.0	50	0.0
-2856.0	69	0.0
-2855.0	54	0.0
-2854.0	52	0.0
-2853.0	57	0.0
-2852.0	71	0.0
-2851.0	58	0.0
-2850.0	65	0.0
-2849.0	57	0.0
-2848.0	71	0.0
-2847.0	57	0.0
-2846.0	55	0.0
-2845.0	62	0.0
-2844.0	65	0.0
-2843.0	52	0.0
-2842.0	59	0.0
-2841.0	57	0.0
-2840.0	70	0.0
-2839.0	56	0.0
-2838.0	48	0.0
-2837.0	54	0.0
-2836.0	59	0.0
-2835.0	37	0.0
-2834.0	54	0.0
-2833.0	65	0.0
-2832.0	52	0.0
-2831.0	54	0.0
-2830.0	56	0.0
-2829.0	58	0.0
-2828.0	66	0.0
-2827.0	53	0.0
-2826.0	60	0.0
-2825.0	54	0.0
-2824.0	59	0.0
-2823.0	67	0.0
-2822.0	49	0.0
-2821.0	57	0.0
-2820.0	62	0.0
-2819.0	45	0.0
-2818.0	71	0.0
-2817.0	58	0.0
-2816.0	67	0.0
-2815.0	53	0.0
-2814.0	78	0.0
-2813.0	55	0.0
-2812.0	47	0.0
-2811.0	64	0.0
-2810.0	57	0.0
-2809.0	68	0.0
-2808.0	54	0.0
-2807.0	51	0.0
-2806.0	68	0.0
-2805.0	44	0.0
-2804.0	60	0.0
-2803.0	60	0.0
-2802.0	64	0.0
-2801.0	56	0.0
-2800.0	52	0.0
-2799.0	61	0.0
-2798.0	50	0.0
-2797.0	64	0.0
-2796.0	59	0.0
-2795.0	61	0.0
-2794.0	57	0.0
-2793.0	69	0.0
-2792.0	68	0.0
-2791.0	62	0.0
-2790.0	60	0.0
-2789.0	58	0.0
-2788.0	57	0.0
-2787.0	57	0.0
-2786.0	58	0.0
-2785.0	66	0.0
-2784.0	57	0.0
-2783.0	64	0.0
-2782.0	49	0.0
-2781.0	55	0.0
-2780.0	48	0.0
-2779.0	69	0.0
-2778.0	52	0.0
-2777.0	80	0.0
-2776.0	50	0.0
-2775.0	63	0.0
-2774.0	73	0.0
-2773.0	50	0.0
-2772.0	52	0.0
-2771.0	58	0.0
-2770.0	49	0.0
-2769.0	70	0.0
-2768.0	65	0.0
-2767.0	46	0.0
-2766.0	51	0.0
-2765.0	56	0.0
-2764.0	41	0.0
-2763.0	61	0.0
-2762.0	64	0.0
-2761.0	58	0.0
-2760.0	64	0.0
-2759.0	50	0.0
-2758.0	57	0.0
-2757.0	52	0.0
-2756.0	56	0.0
-2755.0	66	0.0
-2754.0	54	0.0
-2753.0	67	0.0
-2752.0	71	0.0
-2751.0	64	0.0
-2750.0	54	0.0
-2749.0	57	0.0
-2748.0	57	0.0
-2747.0	47	0.0
-2746.0	73	0.0
-2745.0	63	0.0
-2744.0	72	0.0
-2743.0	71	0.0
-2742.0	51	0.0
-2741.0	56	0.0
-2740.0	67	0.0
-2739.0	63	0.0
-2738.0	42	0.0
-2737.0	57	0.0
-2736.0	69	0.0
-2735.0	58	0.0
-2734.0	56	0.0
-2733.0	53	0.0
-2732.0	61	0.0
-2731.0	63	0.0
-2730.0	61	0.0
-2729.0	56	0.0
-2728.0	47	0.0
-2727.0	58	0.0
-2726.0	78	0.0
-2725.0	49	0.0
-2724.0	67	0.0
-2723.0	60	0.0
-2722.0	61	0.0
-2721.0	56	0.0
-2720.0	61	0.0
-2719.0	59	0.0
-2718.0	80	0.0
-2717.0	61	0.0
-2716.0	68	0.0
-2715.0	51	0.0
-2714.0	65	0.0
-2713.0	58	0.0
-2712.0	52	0.0
-2711.0	63	0.0
-2710.0	65	0.0
-2709.0	65	0.0
-2708.0	46	0.0
-2707.0	64	0.0
-2706.0	62	0.0
-2705.0	60	0.0
-2704.0	65	0.0
-2703.0	59	0.0
-2702.0	59	0.0
-2701.0	61	0.0
-2700.0	51	0.0
-2699.0	56	0.0
-2698.0	85	0.0
-2697.0	63	0.0
-2696.0	63	0.0
-2695.0	59	0.0
-2694.0	65	0.0
-2693.0	52	0.0
-2692.0	56	0.0
-2691.0	57	0.0
-2690.0	60	0.0
-2689.0	65	0.0
-2688.0	55	0.0
-2687.0	67	0.0
-2686.0	55	0.0
-2685.0	56	0.0
-2684.0	71	0.0
-2683.0	56	0.0
-2682.0	58	0.0
-2681.0	65	0.0
-2680.0	68	0.0
-2679.0	61	0.0
-2678.0	58	0.0
-2677.0	69	0.0
-2676.0	68	0.0
-2675.0	68	0.0
-2674.0	63	0.0
-2673.0	59	0.0
-2672.0	76	0.0
-2671.0	51	0.0
-2670.0	64	0.0
-2669.0	52	0.0
-2668.0	66	0.0
-2667.0	60	0.0
-2666.0	71	0.0
-2665.0	60	0.0
-2664.0	64	0.0
-2663.0	55	0.0
-2662.0	64	0.0
-2661.0	49	0.0
-2660.0	49	0.0
-2659.0	64	0.0
-2658.0	55	0.0
-2657.0	65	0.0
-2656.0	57	0.0
-2655.0	54	0.0
-2654.0	67	0.0
-2653.0	68	0.0
-2652.0	49	0.0
-2651.0	59	0.0
-2650.0	59	0.0
-2649.0	56	0.0
-2648.0	52	0.0
-2647.0	50	0.0
-2646.0	58	0.0
-2645.0	62	0.0
-2644.0	56	0.0
-2643.0	70	0.0
-2642.0	56	0.0
-2641.0	54	0.0
-2640.0	52	0.0
-2639.0	74	0.0
-2638.0	60	0.0
-2637.0	49	0.0
-2636.0	59	0.0
-2635.0	69	0.0
-2634.0	54	0.0
-2633.0	55	0.0
-2632.0	48	0.0
-2631.0	51	0.0
-2630.0	68	0.0
-2629.0	64	0.0
-2628.0	48	0.0
-2627.0	56	0.0
-2626.0	54	0.0
-2625.0	63	0.0
-2624.0	46	0.0
-2623.0	49	0.0
-2622.0	71	0.0
-2621.0	57	0.0
-2620.0	53	0.0
-2619.0	59	0.0
-2618.0	61	0.0
-2617.0	63	0.0
-2616.0	46	0.0
-2615.0	60	0.0
-2614.0	50	0.0
-2613.0	60	0.0
-2612.0	62	0.0
-2611.0	55	0.0
-2610.0	59	0.0
-2609.0	58	0.0
-2608.0	63	0.0
-2607.0	57	0.0
-2606.0	51	0.0
-2605.0	67	0.0
-2604.0	65	0.0
-2603.0	47	0.0
-2602.0	64	0.0
-2601.0	60	0.0
-2600.0	57	0.0
-2599.0	60	0.0
-2598.0	60	0.0
-2597.0	62	0.0
-2596.0	63	0.0
-2595.0	69	0.0
-2594.0	56	0.0
-2593.0	67	0.0
-2592.0	56	0.0
-2591.0	64	0.0
-2590.0	69	0.0
-2589.0	45	0.0
-2588.0	57	0.0
-2587.0	42	0.0
-2586.0	73	0.0
-2585.0	54	0.0
-2584.0	65	0.0
-2583.0	54	0.0
-2582.0	58	0.0
-2581.0	66	0.0
-2580.0	74	0.0
-2579.0	57	0.0
-2578.0	60	0.0
-2577.0	68	0.0
-2576.0	70	0.0
-2575.0	69	0.0
-2574.0	66	0.0
-2573.0	61	0.0
-2572.0	58	0.0
-2571.0	71	0.0
-2570.0	63	0.0
-2569.0	67	0.0
-2568.0	60	0.0
-2567.0	52	0.0
-2566.0	61	0.0
-2565.0	52	0.0
-2564.0	59	0.0
-2563.0	66	0.0
-2562.0	75	0.0
-2561.0	61	0.0
-2560.0	58	0.0
-2559.0	53	0.0
-2558.0	70	0.0
-2557.0	51	0.0
-2556.0	47	0.0
-2555.0	49	0.0
-2554.0	58	0.0
-2553.0	54	0.0
-2552.0	57	0.0
-2551.0	52	0.0
-2550.0	48	0.0
-2549.0	45	0.0
-2548.0	59	0.0
-2547.0	64	0.0
-2546.0	68	0.0
-2545.0	48	0.0
-2544.0	56	0.0
-2543.0	60	0.0
-2542.0	50	0.0
-2541.0	58	0.0
-2540.0	54	0.0
-2539.0	66	0.0
-2538.0	76	0.0
-2537.0	67	0.0
-2536.0	61	0.0
-2535.0	45	0.0
-2534.0	55	0.0
-2533.0	58	0.0
-2532.0	50	0.0
-2531.0	72	0.0
-2530.0	60	0.0
-2529.0	67	0.0
-2528.0	67	0.0
-2527.0	48	0.0
-2526.0	67	0.0
-2525.0	66	0.0
-2524.0	70	0.0
-2523.0	55	0.0
-2522.0	62	0.0
-2521.0	58	0.0
-2520.0	63	0.0
-2519.0	56	0.0
-2518.0	66	0.0
-2517.0	57	0.0
-2516.0	63	0.0
-2515.0	55	0.0
-2514.0	50	0.0
-2513.0	65	0.0
-2512.0	75	0.0
-2511.0	56	0.0
-2510.0	53	0.0
-2509.0	59	0.0
-2508.0	50	0.0
-2507.0	56	0.0
-2506.0	69	0.0
-2505.0	57	0.0
-2504.0	58	0.0
-2503.0	63	0.0
-2502.0	57	0.0
-2501.0	48	0.0
-2500.0	61	0.0
-2499.0	64	0.0
-2498.0	46	0.0
-2497.0	68	0.0
-2496.0	78	0.0
-2495.0	70	0.0
-2494.0	54	0.0
-2493.0	44	0.0
-2492.0	57	0.0
-2491.0	68	0.0
-2490.0	55	0.0
-2489.0	61	0.0
-2488.0	72	0.0
-2487.0	51	0.0
-2486.0	62	0.0
-2485.0	70	0.0
-2484.0	62	0.0
-2483.0	72	0.0
-2482.0	46	0.0
-2481.0	70	0.0
-2480.0	79	0.0
-2479.0	50	0.0
-2478.0	75	0.0
-2477.0	55	0.0
-2476.0	59	0.0
-2475.0	53	0.0
-2474.0	63	0.0
-2473.0	57	0.0
-2472.0	46	0.0
-2471.0	61	0.0
-2470.0	53	0.0
-2469.0	79	0.0
-2468.0	75	0.0
-2467.0	52	0.0
-2466.0	62	0.0
-2465.0	65	0.0
-2464.0	53	0.0
-2463.0	53	0.0
-2462.0	62	0.0
-2461.0	71	0.0
-2460.0	68	0.0
-2459.0	60	0.0
-2458.0	54	0.0
-2457.0	57	0.0
-2456.0	57	0.0
-2455.0	53	0.0
-2454.0	67	0.0
-2453.0	75	0.0
-2452.0	72	0.0
-2451.0	67	0.0
-2450.0	62	0.0
-2449.0	57	0.0
-2448.0	63	0.0
-2447.0	62	0.0
-2446.0	46	0.0
-2445.0	73	0.0
-2444.0	57	0.0
-2443.0	69	0.0
-2442.0	63	0.0
-2441.0	72	0.0
-2440.0	58	0.0
-2439.0	59	0.0
-2438.0	65	0.0
-2437.0	65	0.0
-2436.0	47	0.0
-2435.0	54	0.0
-2434.0	65	0.0
-2433.0	58	0.0
-2432.0	56	0.0
-2431.0	54	0.0
-2430.0	62	0.0
-2429.0	56	0.0
-2428.0	62	0.0
-2427.0	53	0.0
-2426.0	60	0.0
-2425.0	71	0.0
-2424.0	48	0.0
-2423.0	58	0.0
-2422.0	35	0.0
-2421.0	63	0.0
-2420.0	65	0.0
-2419.0	58	0.0
-2418.0	58	0.0
-2417.0	43	0.0
-2416.0	57	0.0
-2415.0	52	0.0
-2414.0	58	0.0
-2413.0	59	0.0
-2412.0	56	0.0
-2411.0	64	0.0
-2410.0	56	0.0
-2409.0	67	0.0
-2408.0	77	0.0
-2407.0	53	0.0
-2406.0	60	0.0
-2405.0	58	0.0
-2404.0	52	0.0
-2403.0	58	0.0
-2402.0	55	0.0
-2401.0	53	0.0
-2400.0	63	0.0
-2399.0	59	0.0
-2398.0	46	0.0
-2397.0	42	0.0
-2396.0	47	0.0
-2395.0	65	0.0
-2394.0	63	0.0
-2393.0	48	0.0
-2392.0	67	0.0
-2391.0	65	0.0
-2390.0	52	0.0
-2389.0	59	0.0
-2388.0	64	0.0
-2387.0	51	0.0
-2386.0	54	0.0
-2385.0	52	0.0
-2384.0	60	0.0
-2383.0	61	0.0
-2382.0	72	0.0
-2381.0	60	0.0
-2380.0	63	0.0
-2379.0	64	0.0
-2378.0	57	0.0
-2377.0	67	0.0
-2376.0	52	0.0
-2375.0	52	0.0
-2374.0	76	0.0
-2373.0	61	0.0
-2372.0	62	0.0
-2371.0	57	0.0
-2370.0	66	0.0
-2369.0	62	0.0
-2368.0	56	0.0
-2367.0	58	0.0
-2366.0	56	0.0
-2365.0	63	0.0
-2364.0	56	0.0
-2363.0	59	0.0
-2362.0	48	0.0
-2361.0	51	0.0
-2360.0	60	0.0
-2359.0	56	0.0
-2358.0	54	0.0
-2357.0	48	0.0
-2356.0	65	0.0
-2355.0	78	0.0
-2354.0	67	0.0
-2353.0	67	0.0
-2352.0	60	0.0
-2351.0	68	0.0
-2350.0	47	0.0
-2349.0	60	0.0
-2348.0	57	0.0
-2347.0	64	0.0
-2346.0	59	0.0
-2345.0	57	0.0
-2344.0	53	0.0
-2343.0	51	0.0
-2342.0	56	0.0
-2341.0	42	0.0
-2340.0	60	0.0
-2339.0	57	0.0
-2338.0	63	0.0
-2337.0	52	0.0
-2336.0	58	0.0
-2335.0	59	0.0
-2334.0	53	0.0
-2333.0	43	0.0
-2332.0	64	0.0
-2331.0	33	0.0
-2330.0	64	0.0
-2329.0	54	0.0
-2328.0	72	0.0
-2327.0	63	0.0
-2326.0	54	0.0
-2325.0	66	0.0
-2324.0	48	0.0
-2323.0	56	0.0
-2322.0	65	0.0
-2321.0	60	0.0
-2320.0	65	0.0
-2319.0	57	0.0
-2318.0	58	0.0
-2317.0	65	0.0
-2316.0	60	0.0
-2315.0	63	0.0
-2314.0	79	0.0
-2313.0	52	0.0
-2312.0	67	0.0
-2311.0	70	0.0
-2310.0	49	0.0
-2309.0	43	0.0
-2308.0	67	0.0
-2307.0	47	0.0
-2306.0	63	0.0
-2305.0	64	0.0
-2304.0	60	0.0
-2303.0	50	0.0
-2302.0	54	0.0
-2301.0	82	0.0
-2300.0	72	0.0
-2299.0	55	0.0
-2298.0	55	0.0
-2297.0	62	0.0
-2296.0	67	0.0
-2295.0	60	0.0
-2294.0	57	0.0
-2293.0	58	0.0
-2292.0	60	0.0
-2291.0	64	0.0
-2290.0	56	0.0
-2289.0	57	0.0
-2288.0	43	0.0
-2287.0	58	0.0
-2286.0	76	0.0
-2285.0	66	0.0
-2284.0	55	0.0
-2283.0	53	0.0
-2282.0	54	0.0
-2281.0	57	0.0
-2280.0	56	0.0
-2279.0	64	0.0
-2278.0	58	0.0
-2277.0	65	0.0
-2276.0	60	0.0
-2275.0	49	0.0
-2274.0	71	0.0
-2273.0	71	0.0
-2272.0	60	0.0
-2271.0	69	0.0
-2270.0	53	0.0
-2269.0	65	0.0
-2268.0	60	0.0
-2267.0	54	0.0
-2266.0	62	0.0
-2265.0	72	0.0
-2264.0	58	0.0
-2263.0	63	0.0
-2262.0	73	0.0
-2261.0	53	0.0
-2260.0	53	0.0
-2259.0	65	0.0
-2258.0	77	0.0
-2257.0	59	0.0
-2256.0	67	0.0
-2255.0	60	0.0
-2254.0	61	0.0
-2253.0	70	0.0
-2252.0	61	0.0
-2251.0	61	0.0
-2250.0	55	0.0
-2249.0	47	0.0
-2248.0	58	0.0
-2247.0	63	0.0
-2246.0	68	0.0
-2245.0	60	0.0
-2244.0	66	0.0
-2243.0	60	0.0
-2242.0	60	0.0
-2241.0	72	0.0
-2240.0	52	0.0
-2239.0	63	0.0
-2238.0	64	0.0
-2237.0	59	0.0
-2236.0	51	0.0
-2235.0	66	0.0
-2234.0	56	0.0
-2233.0	53	0.0
-2232.0	59	0.0
-2231.0	52	0.0
-2230.0	52	0.0
-2229.0	54	0.0
-2228.0	59	0.0
-2227.0	58	0.0
-2226.0	58	0.0
-2225.0	60	0.0
-2224.0	61	0.0
-2223.0	51	0.0
-2222.0	60	0.0
-2221.0	61	0.0
-2220.0	61	0.0
-2219.0	50	0.0
-2218.0	64	0.0
-2217.0	58	0.0
-2216.0	71	0.0
-2215.0	49	0.0
-2214.0	66	0.0
-2213.0	62	0.0
-2212.0	53	0.0
-2211.0	59	0.0
-2210.0	60	0.0
-2209.0	47	0.0
-2208.0	57	0.0
-2207.0	79	0.0
-2206.0	72	0.0
-2205.0	65	0.0
-2204.0	62	0.0
-2203.0	48	0.0
-2202.0	69	0.0
-2201.0	54	0.0
-2200.0	60	0.0
-2199.0	38	0.0
-2198.0	69	0.0
-2197.0	68	0.0
-2196.0	54	0.0
-2195.0	53	0.0
-2194.0	49	0.0
-2193.0	56	0.0
-2192.0	59	0.0
-2191.0	54	0.0
-2190.0	57	0.0
-2189.0	54	0.0
-2188.0	67	0.0
-2187.0	49	0.0
-2186.0	58	0.0
-2185.0	52	0.0
-2184.0	68	0.0
-2183.0	55	0.0
-2182.0	68	0.0
-2181.0	57	0.0
-2180.0	55	0.0
-2179.0	62	0.0
-2178.0	61	0.0
-2177.0	50	0.0
-2176.0	67	0.0
-2175.0	49	0.0
-2174.0	51	0.0
-2173.0	59	0.0
-2172.0	56	0.0
-2171.0	67	0.0
-2170.0	53	0.0
-2169.0	72	0.0
-2168.0	65	0.0
-2167.0	58	0.0
-2166.0	60	0.0
-2165.0	55	0.0
-2164.0	64	0.0
-2163.0	60	0.0
-2162.0	63	0.0
-2161.0	62	0.0
-2160.0	68	0.0
-2159.0	60	0.0
-2158.0	57	0.0
-2157.0	53	0.0
-2156.0	53	0.0
-2155.0	46	0.0
-2154.0	61	0.0
-2153.0	56	0.0
-2152.0	75	0.0
-2151.0	84	0.0
-2150.0	55	0.0
-2149.0	65	0.0
-2148.0	52	0.0
-2147.0	63	0.0
-2146.0	65	0.0
-2145.0	82	0.0
-2144.0	43	0.0
-2143.0	50	0.0
-2142.0	67	0.0
-2141.0	61	0.0
-2140.0	37	0.0
-2139.0	64	0.0
-2138.0	58	0.0
-2137.0	51	0.0
-2136.0	64	0.0
-2135.0	62	0.0
-2134.0	61	0.0
-2133.0	56	0.0
-2132.0	43	0.0
-2131.0	56	0.0
-2130.0	58	0.0
-2129.0	41	0.0
-2128.0	56	0.0
-2127.0	63	0.0
-2126.0	67	0.0
-2125.0	59	0.0
-2124.0	53	0.0
-2123.0	66	0.0
-2122.0	59	0.0
-2121.0	60	0.0
-2120.0	61	0.0
-2119.0	62	0.0
-2118.0	65	0.0
-2117.0	58	0.0
-2116.0	70	0.0
-2115.0	70	0.0
-2114.0	57	0.0
-2113.0	59	0.0
-2112.0	68	0.0
-2111.0	51	0.0
-2110.0	65	0.0
-2109.0	59	0.0
-2108.0	60	0.0
-2107.0	66	0.0
-2106.0	58	0.0
-2105.0	52	0.0
-2104.0	61	0.0
-2103.0	57	0.0
-2102.0	64	0.0
-2101.0	67	0.0
-2100.0	57	0.0
-2099.0	64	0.0
-2098.0	59	0.0
-2097.0	57	0.0
-2096.0	47	0.0
-2095.0	72	0.0
-2094.0	56	0.0
-2093.0	53	0.0
-2092.0	69	0.0
-2091.0	65	0.0
-2090.0	50	0.0
-2089.0	47	0.0
-2088.0	56	0.0
-2087.0	64	0.0
-2086.0	46	0.0
-2085.0	70	0.0
-2084.0	68	0.0
-2083.0	44	0.0
-2082.0	53	0.0
-2081.0	62	0.0
-2080.0	48	0.0
-2079.0	51	0.0
-2078.0	43	0.0
-2077.0	59	0.0
-2076.0	52	0.0
-2075.0	52	0.0
-2074.0	67	0.0
-2073.0	63	0.0
-2072.0	59	0.0
-2071.0	57	0.0
-2070.0	42	0.0
-2069.0	43	0.0
-2068.0	61	0.0
-2067.0	62	0.0
-2066.0	52	0.0
-2065.0	57	0.0
-2064.0	71	0.0
-2063.0	67	0.0
-2062.0	69	0.0
-2061.0	58	0.0
-2060.0	67	0.0
-2059.0	56	0.0
-2058.0	67	0.0
-2057.0	51	0.0
-2056.0	47	0.0
-2055.0	75	0.0
-2054.0	53	0.0
-2053.0	64	0.0
-2052.0	54	0.0
-2051.0	59	0.0
-2050.0	60	0.0
-2049.0	60	0.0
-2048.0	51	0.0
-2047.0	62	0.0
-2046.0	60	0.0
-2045.0	53	0.0
-2044.0	51	0.0
-2043.0	71	0.0
-2042.0	58	0.0
-2041.0	56	0.0
-2040.0	59	0.0
-2039.0	70	0.0
-2038.0	55	0.0
-2037.0	80	0.0
-2036.0	50	0.0
-2035.0	56	0.0
-2034.0	67	0.0
-2033.0	64	0.0
-2032.0	51	0.0
-2031.0	51	0.0
-2030.0	71	0.0
-2029.0	64	0.0
-2028.0	69	0.0
-2027.0	61	0.0
-2026.0	65	0.0
-2025.0	53	0.0
-2024.0	77	0.0
-2023.0	58	0.0
-2022.0	67	0.0
-2021.0	49	0.0
-2020.0	48	0.0
-2019.0	58	0.0
-2018.0	67	0.0
-2017.0	56	0.0
-2016.0	56	0.0
-2015.0	63	0.0
-2014.0	49	0.0
-2013.0	63	0.0
-2012.0	65	0.0
-2011.0	60	0.0
-2010.0	49	0.0
-2009.0	65	0.0
-2008.0	56	0.0
-2007.0	48	0.0
-2006.0	57	0.0
-2005.0	67	0.0
-2004.0	55	0.0
-2003.0	60	0.0
-2002.0	61	0.0
-2001.0	51	0.0
-2000.0	48	0.0
-1999.0	52	0.0
-1998.0	55	0.0
-1997.0	60	0.0
-1996.0	55	0.0
-1995.0	77	0.0
-1994.0	65	0.0
-1993.0	53	0.0
-1992.0	73	0.0
-1991.0	64	0.0
-1990.0	63	0.0
-1989.0	72	0.0
-1988.0	60	0.0
-1987.0	68	0.0
-1986.0	58	0.0
-1985.0	51	0.0
-1984.0	65	0.0
-1983.0	61	0.0
-1982.0	66	0.0
-1981.0	58	0.0
-1980.0	50	0.0
-1979.0	76	0.0
-1978.0	55	0.0
-1977.0	66	0.0
-1976.0	68	0.0
-1975.0	56	0.0
-1974.0	73	0.0
-1973.0	55	0.0
-1972.0	49	0.0
-1971.0	38	0.0
-1970.0	74	0.0
-1969.0	69	0.0
-1968.0	51	0.0
-1967.0	76	0.0
-1966.0	52	0.0
-1965.0	63	0.0
-1964.0	50	0.0
-1963.0	57	0.0
-1962.0	50	0.0
-1961.0	65	0.0
-1960.0	56	0.0
-1959.0	79	0.0
-1958.0	68	0.0
-1957.0	69	0.0
-1956.0	47	0.0
-1955.0	57	0.0
-1954.0	70	0.0
-1953.0	49	0.0
-1952.0	58	0.0
-1951.0	64	0.0
-1950.0	63	0.0
-1949.0	58	0.0
-1948.0	69	0.0
-1947.0	70	0.0
-1946.0	78	0.0
-1945.0	73	0.0
-1944.0	62	0.0
-1943.0	62	0.0
-1942.0	67	0.0
-1941.0	49	0.0
-1940.0	64	0.0
-1939.0	51	0.0
-1938.0	50	0.0
-1937.0	57	0.0
-1936.0	49	0.0
-1935.0	66	0.0
-1934.0	56	0.0
-1933.0	56	0.0
-1932.0	64	0.0
-1931.0	57	0.0
-1930.0	63	0.0
-1929.0	51	0.0
-1928.0	65	0.0
-1927.0	50	0.0
-1926.0	52	0.0
-1925.0	54	0.0
-1924.0	56	0.0
-1923.0	63	0.0
-1922.0	64	0.0
-1921.0	63	0.0
-1920.0	51	0.0
-1919.0	47	0.0
-1918.0	60	0.0
-1917.0	57	0.0
-1916.0	68	0.0
-1915.0	60	0.0
-1914.0	49	0.0
-1913.0	65	0.0
-1912.0	60	0.0
-1911.0	54	0.0
-1910.0	61	0.0
-1909.0	47	0.0
-1908.0	55	0.0
-1907.0	54	0.0
-1906.0	72	0.0
-1905.0	62	0.0
-1904.0	57	0.0
-1903.0	66	0.0
-1902.0	48	0.0
-1901.0	60	0.0
-1900.0	52	0.0
-1899.0	63	0.0
-1898.0	57	0.0
-1897.0	53	0.0
-1896.0	58	0.0
-1895.0	60	0.0
-1894.0	53	0.0
-1893.0	51	0.0
-1892.0	65	0.0
-1891.0	65	0.0
-1890.0	50	0.0
-1889.0	61	0.0
-1888.0	51	0.0
-1887.0	52	0.0
-1886.0	55	0.0
-1885.0	64	0.0
-1884.0	57	0.0
-1883.0	58	0.0
-1882.0	63	0.0
-1881.0	50	0.0
-1880.0	62	0.0
-1879.0	59	0.0
-1878.0	52	0.0
-1877.0	68	0.0
-1876.0	61	0.0
-1875.0	61	0.0
-1874.0	70	0.0
-1873.0	65	0.0
-1872.0	77	0.0
-1871.0	72	0.0
-1870.0	66	0.0
-1869.0	67	0.0
-1868.0	46	0.0
-1867.0	68	0.0
-1866.0	55	0.0
-1865.0	70	0.0
-1864.0	62	0.0
-1863.0	55	0.0
-1862.0	48	0.0
-1861.0	57	0.0
-1860.0	58	0.0
-1859.0	50	0.0
-1858.0	80	0.0
-1857.0	43	0.0
-1856.0	62	0.0
-1855.0	61	0.0
-1854.0	57	0.0
-1853.0	61	0.0
-1852.0	67	0.0
-1851.0	61	0.0
-1850.0	62	0.0
-1849.0	68	0.0
-1848.0	66	0.0
-1847.0	61	0.0
-1846.0	73	0.0
-1845.0	61	0.0
-1844.0	56	0.0
-1843.0	46	0.0
-1842.0	52	0.0
-1841.0	56	0.0
-1840.0	59	0.0
-1839.0	63	0.0
-1838.0	79	0.0
-1837.0	77	0.0
-1836.0	57	0.0
-1835.0	63	0.0
-1834.0	48	0.0
-1833.0	63	0.0
-1832.0	69	0.0
-1831.0	55	0.0
-1830.0	61	0.0
-1829.0	60	0.0
-1828.0	48	0.0
-1827.0	58	0.0
-1826.0	62	0.0
-1825.0	53	0.0
-1824.0	60	0.0
-1823.0	62	0.0
-1822.0	44	0.0
-1821.0	55	0.0
-1820.0	52	0.0
-1819.0	63	0.0
-1818.0	65	0.0
-1817.0	58	0.0
-1816.0	43	0.0
-1815.0	58	0.0
-1814.0	59	0.0
-1813.0	66	0.0
-1812.0	62	0.0
-1811.0	57	0.0
-1810.0	52	0.0
-1809.0	74	0.0
-1808.0	47	0.0
-1807.0	43	0.0
-1806.0	58	0.0
-1805.0	62	0.0
-1804.0	66	0.0
-1803.0	56	0.0
-1802.0	57	0.0
-1801.0	62	0.0
-1800.0	54	0.0
-1799.0	69	0.0
-1798.0	63	0.0
-1797.0	70	0.0
-1796.0	57	0.0
-1795.0	61	0.0
-1794.0	55	0.0
-1793.0	52	0.0
-1792.0	54	0.0
-1791.0	48	0.0
-1790.0	68	0.0
-1789.0	54	0.0
-1788.0	43	0.0
-1787.0	50	0.0
-1786.0	48	0.0
-1785.0	50	0.0
-1784.0	63	0.0
-1783.0	55	0.0
-1782.0	56	0.0
-1781.0	68	0.0
-1780.0	60	0.0
-1779.0	60	0.0
-1778.0	59	0.0
-1777.0	46	0.0
-1776.0	60	0.0
-1775.0	64	0.0
-1774.0	54	0.0
-1773.0	59	0.0
-1772.0	55	0.0
-1771.0	47	0.0
-1770.0	65	0.0
-1769.0	59	0.0
-1768.0	58	0.0
-1767.0	59	0.0
-1766.0	64	0.0
-1765.0	59	0.0
-1764.0	44	0.0
-1763.0	51	0.0
-1762.0	60	0.0
-1761.0	54	0.0
-1760.0	55	0.0
-1759.0	56	0.0
-1758.0	69	0.0
-1757.0	63	0.0
-1756.0	57	0.0
-1755.0	82	0.0
-1754.0	58	0.0
-1753.0	51	0.0
-1752.0	58	0.0
-1751.0	75	0.0
-1750.0	70	0.0
-1749.0	67	0.0
-1748.0	57	0.0
-1747.0	59	0.0
-1746.0	49	0.0
-1745.0	61	0.0
-1744.0	56	0.0
-1743.0	61	0.0
-1742.0	48	0.0
-1741.0	58	0.0
-1740.0	61	0.0
-1739.0	50	0.0
-1738.0	70	0.0
-1737.0	55	0.0
-1736.0	43	0.0
-1735.0	53	0.0
-1734.0	69	0.0
-1733.0	57	0.0
-1732.0	58	0.0
-1731.0	53	0.0
-1730.0	74	0.0
-1729.0	62	0.0
-1728.0	65	0.0
-1727.0	54	0.0
-1726.0	60	0.0
-1725.0	63	0.0
-1724.0	47	0.0
-1723.0	52	0.0
-1722.0	56	0.0
-1721.0	56	0.0
-1720.0	74	0.0
-1719.0	69	0.0
-1718.0	60	0.0
-1717.0	54	0.0
-1716.0	72	0.0
-1715.0	58	0.0
-1714.0	60	0.0
-1713.0	57	0.0
-1712.0	66	0.0
-1711.0	65	0.0
-1710.0	35	0.0
-1709.0	57	0.0
-1708.0	72	0.0
-1707.0	52	0.0
-1706.0	63	0.0
-1705.0	40	0.0
-1704.0	62	0.0
-1703.0	63	0.0
-1702.0	56	0.0
-1701.0	58	0.0
-1700.0	46	0.0
-1699.0	57	0.0
-1698.0	60	0.0
-1697.0	62	0.0
-1696.0	43	0.0
-1695.0	51	0.0
-1694.0	64	0.0
-1693.0	63	0.0
-1692.0	66	0.0
-1691.0	59	0.0
-1690.0	80	0.0
-1689.0	51	0.0
-1688.0	64	0.0
-1687.0	50	0.0
-1686.0	51	0.0
-1685.0	62	0.0
-1684.0	52	0.0
-1683.0	65	0.0
-1682.0	56	0.0
-1681.0	70	0.0
-1680.0	53	0.0
-1679.0	62	0.0
-1678.0	63	0.0
-1677.0	64	0.0
-1676.0	67	0.0
-1675.0	45	0.0
-1674.0	54	0.0
-1673.0	46	0.0
-1672.0	52	0.0
-1671.0	62	0.0
-1670.0	63	0.0
-1669.0	58	0.0
-1668.0	58	0.0
-1667.0	53	0.0
-1666.0	57	0.0
-1665.0	62	0.0
-1664.0	60	0.0
-1663.0	67	0.0
-1662.0	66	0.0
-1661.0	63	0.0
-1660.0	51	0.0
-1659.0	64	0.0
-1658.0	50	0.0
-1657.0	58	0.0
-1656.0	57	0.0
-1655.0	53	0.0
-1654.0	64	0.0
-1653.0	55	0.0
-1652.0	65	0.0
-1651.0	50	0.0
-1650.0	59	0.0
-1649.0	67	0.0
-1648.0	60	0.0
-1647.0	61	0.0
-1646.0	70	0.0
-1645.0	57	0.0
-1644.0	49	0.0
-1643.0	61	0.0
-1642.0	62	0.0
-1641.0	57	0.0
-1640.0	63	0.0
-1639.0	60	0.0
-1638.0	54	0.0
-1637.0	58	0.0
-1636.0	56	0.0
-1635.0	61	0.0
-1634.0	67	0.0
-1633.0	60	0.0
-1632.0	54	0.0
-1631.0	69	0.0
-1630.0	61	0.0
-1629.0	63	0.0
-1628.0	72	0.0
-1627.0	42	0.0
-1626.0	60	0.0
-1625.0	56	0.0
-1624.0	64	0.0
-1623.0	60	0.0
-1622.0	59	0.0
-1621.0	62	0.0
-1620.0	65	0.0
-1619.0	59	0.0
-1618.0	52	0.0
-1617.0	54	0.0
-1616.0	56	0.0
-1615.0	60	0.0
-1614.0	59	0.0
-1613.0	46	0.0
-1612.0	69	0.0
-1611.0	68	0.0
-1610.0	49	0.0
-1609.0	60	0.0
-1608.0	63	0.0
-1607.0	68	0.0
-1606.0	70	0.0
-1605.0	50	0.0
-1604.0	55	0.0
-1603.0	54	0.0
-1602.0	75	0.0
-1601.0	62	0.0
-1600.0	52	0.0
-1599.0	58	0.0
-1598.0	69	0.0
-1597.0	56	0.0
-1596.0	58	0.0
-1595.0	54	0.0
-1594.0	58	0.0
-1593.0	84	0.0
-1592.0	51	0.0
-1591.0	53	0.0
-1590.0	59	0.0
-1589.0	63	0.0
-1588.0	65	0.0
-1587.0	53	0.0
-1586.0	44	0.0
-1585.0	60	0.0
-1584.0	58	0.0
-1583.0	54	0.0
-1582.0	56	0.0
-1581.0	65	0.0
-1580.0	69	0.0
-1579.0	43	0.0
-1578.0	53	0.0
-1577.0	63	0.0
-1576.0	74	0.0
-1575.0	65	0.0
-1574.0	64	0.0
-1573.0	56	0.0
-1572.0	63	0.0
-1571.0	64	0.0
-1570.0	49	0.0
-1569.0	47	0.0
-1568.0	50	0.0
-1567.0	68	0.0
-1566.0	63	0.0
-1565.0	46	0.0
-1564.0	58	0.0
-1563.0	57	0.0
-1562.0	44	0.0
-1561.0	63	0.0
-1560.0	59	0.0
-1559.0	71	0.0
-1558.0	78	0.0
-1557.0	65	0.0
-1556.0	61	0.0
-1555.0	69	0.0
-1554.0	55	0.0
-1553.0	50	0.0
-1552.0	60	0.0
-1551.0	64	0.0
-1550.0	49	0.0
-1549.0	61	0.0
-1548.0	56	0.0
-1547.0	45	0.0
-1546.0	70	0.0
-1545.0	62	0.0
-1544.0	84	0.0
-1543.0	57	0.0
-1542.0	58	0.0
-1541.0	59	0.0
-1540.0	72	0.0
-1539.0	54	0.0
-1538.0	62	0.0
-1537.0	56	0.0
-1536.0	52	0.0
-1535.0	55	0.0
-1534.0	72	0.0
-1533.0	55	0.0
-1532.0	77	0.0
-1531.0	59	0.0
-1530.0	65	0.0
-1529.0	49	0.0
-1528.0	66	0.0
-1527.0	56	0.0
-1526.0	46	0.0
-1525.0	57	0.0
-1524.0	51	0.0
-1523.0	71	0.0
-1522.0	33	0.0
-1521.0	51	0.0
-1520.0	60	0.0
-1519.0	47	0.0
-1518.0	62	0.0
-1517.0	63	0.0
-1516.0	61	0.0
-1515.0	49	0.0
-1514.0	57	0.0
-1513.0	52	0.0
-1512.0	69	0.0
-1511.0	60	0.0
-1510.0	71	0.0
-1509.0	80	0.0
-1508.0	59	0.0
-1507.0	70	0.0
-1506.0	54	0.0
-1505.0	67	0.0
-1504.0	55	0.0
-1503.0	55	0.0
-1502.0	79	0.0
-1501.0	73	0.0
-1500.0	65	0.0
-1499.0	53	0.0
-1498.0	62	0.0
-1497.0	49	0.0
-1496.0	59	0.0
-1495.0	47	0.0
-1494.0	45	0.0
-1493.0	58	0.0
-1492.0	59	0.0
-1491.0	58	0.0
-1490.0	60	0.0
-1489.0	57	0.0
-1488.0	61	0.0
-1487.0	59	0.0
-1486.0	71	0.0
-1485.0	52	0.0
-1484.0	58	0.0
-1483.0	49	0.0
-1482.0	67	0.0
-1481.0	68	0.0
-1480.0	59	0.0
-1479.0	65	0.0
-1478.0	56	0.0
-1477.0	67	0.0
-1476.0	56	0.0
-1475.0	56	0.0
-1474.0	67	0.0
-1473.0	58	0.0
-1472.0	60	0.0
-1471.0	64	0.0
-1470.0	48	0.0
-1469.0	56	0.0
-1468.0	64	0.0
-1467.0	53	0.0
-1466.0	58	0.0
-1465.0	66	0.0
-1464.0	57	0.0
-1463.0	53	0.0
-1462.0	62	0.0
-1461.0	58	0.0
-1460.0	61	0.0
-1459.0	59	0.0
-1458.0	68	0.0
-1457.0	59	0.0
-1456.0	57	0.0
-1455.0	51	0.0
-1454.0	58	0.0
-1453.0	69	0.0
-1452.0	79	0.0
-1451.0	49	0.0
-1450.0	51	0.0
-1449.0	53	0.0
-1448.0	74	0.0
-1447.0	54	0.0
-1446.0	60	0.0
-1445.0	65	0.0
-1444.0	64	0.0
-1443.0	63	0.0
-1442.0	77	0.0
-1441.0	57	0.0
-1440.0	70	0.0
-1439.0	52	0.0
-1438.0	54	0.0
-1437.0	50	0.0
-1436.0	60	0.0
-1435.0	61	0.0
-1434.0	71	0.0
-1433.0	62	0.0
-1432.0	60	0.0
-1431.0	55	0.0
-1430.0	66	0.0
-1429.0	54	0.0
-1428.0	52	0.0
-1427.0	61	0.0
-1426.0	53	0.0
-1425.0	48	0.0
-1424.0	59	0.0
-1423.0	70	0.0
-1422.0	48	0.0
-1421.0	55	0.0
-1420.0	39	0.0
-1419.0	70	0.0
-1418.0	55	0.0
-1417.0	61	0.0
-1416.0	75	0.0
-1415.0	59	0.0
-1414.0	54	0.0
-1413.0	64	0.0
-1412.0	72	0.0
-1411.0	66	0.0
-1410.0	62	0.0
-1409.0	65	0.0
-1408.0	44	0.0
-1407.0	63	0.0
-1406.0	59	0.0
-1405.0	62	0.0
-1404.0	67	0.0
-1403.0	58	0.0
-1402.0	64	0.0
-1401.0	54	0.0
-1400.0	69	0.0
-1399.0	47	0.0
-1398.0	57	0.0
-1397.0	57	0.0
-1396.0	63	0.0
-1395.0	58	0.0
-1394.0	57	0.0
-1393.0	66	0.0
-1392.0	43	0.0
-1391.0	52	0.0
-1390.0	59	0.0
-1389.0	61	0.0
-1388.0	70	0.0
-1387.0	67	0.0
-1386.0	60	0.0
-1385.0	62	0.0
-1384.0	60	0.0
-1383.0	53	0.0
-1382.0	53	0.0
-1381.0	63	0.0
-1380.0	54	0.0
-1379.0	55	0.0
-1378.0	61	0.0
-1377.0	53	0.0
-1376.0	54	0.0
-1375.0	49	0.0
-1374.0	66	0.0
-1373.0	66	0.0
-1372.0	52	0.0
-1371.0	62	0.0
-1370.0	54	0.0
-1369.0	54	0.0
-1368.0	54	0.0
-1367.0	56	0.0
-1366.0	67	0.0
-1365.0	62	0.0
-1364.0	61	0.0
-1363.0	67	0.0
-1362.0	64	0.0
-1361.0	56	0.0
-1360.0	64	0.0
-1359.0	59	0.0
-1358.0	52	0.0
-1357.0	70	0.0
-1356.0	55	0.0
-1355.0	66	0.0
-1354.0	48	0.0
-1353.0	52	0.0
-1352.0	67	0.0
-1351.0	47	0.0
-1350.0	74	0.0
-1349.0	63	0.0
-1348.0	67	0.0
-1347.0	59	0.0
-1346.0	64	0.0
-1345.0	51	0.0
-1344.0	61	0.0
-1343.0	47	0.0
-1342.0	55	0.0
-1341.0	59	0.0
-1340.0	49	0.0
-1339.0	68	0.0
-1338.0	53	0.0
-1337.0	62	0.0
-1336.0	51	0.0
-1335.0	56	0.0
-1334.0	56	0.0
-1333.0	46	0.0
-1332.0	58	0.0
-1331.0	75	0.0
-1330.0	57	0.0
-1329.0	59	0.0
-1328.0	54	0.0
-1327.0	65	0.0
-1326.0	53	0.0
-1325.0	69	0.0
-1324.0	51	0.0
-1323.0	63	0.0
-1322.0	57	0.0
-1321.0	53	0.0
-1320.0	54	0.0
-1319.0	54	0.0
-1318.0	64	0.0
-1317.0	62	0.0
-1316.0	56	0.0
-1315.0	58	0.0
-1314.0	53	0.0
-1313.0	58	0.0
-1312.0	59	0.0
-1311.0	57	0.0
-1310.0	55	0.0
-1309.0	53	0.0
-1308.0	64	0.0
-1307.0	53	0.0
-1306.0	60	0.0
-1305.0	76	0.0
-1304.0	48	0.0
-1303.0	61	0.0
-1302.0	59	0.0
-1301.0	56	0.0
-1300.0	58	0.0
-1299.0	57	0.0
-1298.0	57	0.0
-1297.0	59	0.0
-1296.0	57	0.0
-1295.0	64	0.0
-1294.0	59	0.0
-1293.0	64	0.0
-1292.0	61	0.0
-1291.0	70	0.0
-1290.0	76	0.0
-1289.0	58	0.0
-1288.0	56	0.0
-1287.0	54	0.0
-1286.0	48	0.0
-1285.0	50	0.0
-1284.0	54	0.0
-1283.0	60	0.0
-1282.0	52	0.0
-1281.0	40	0.0
-1280.0	68	0.0
-1279.0	66	0.0
-1278.0	63	0.0
-1277.0	47	0.0
-1276.0	62	0.0
-1275.0	60	0.0
-1274.0	67	0.0
-1273.0	64	0.0
-1272.0	53	0.0
-1271.0	67	0.0
-1270.0	52	0.0
-1269.0	64	0.0
-1268.0	64	0.0
-1267.0	67	0.0
-1266.0	71	0.0
-1265.0	47	0.0
-1264.0	58	0.0
-1263.0	49	0.0
-1262.0	53	0.0
-1261.0	60	0.0
-1260.0	56	0.0
-1259.0	58	0.0
-1258.0	67	0.0
-1257.0	59	0.0
-1256.0	57	0.0
-1255.0	60	0.0
-1254.0	64	0.0
-1253.0	61	0.0
-1252.0	77	0.0
-1251.0	56	0.0
-1250.0	71	0.0
-1249.0	53	0.0
-1248.0	59	0.0
-1247.0	63	0.0
-1246.0	55	0.0
-1245.0	68	0.0
-1244.0	54	0.0
-1243.0	71	0.0
-1242.0	61	0.0
-1241.0	65	0.0
-1240.0	60	0.0
-1239.0	61	0.0
-1238.0	82	0.0
-1237.0	57	0.0
-1236.0	54	0.0
-1235.0	57	0.0
-1234.0	60	0.0
-1233.0	67	0.0
-1232.0	61	0.0
-1231.0	65	0.0
-1230.0	60	0.0
-1229.0	76	0.0
-1228.0	51	0.0
-1227.0	60	0.0
-1226.0	61	0.0
-1225.0	53	0.0
-1224.0	52	0.0
-1223.0	64	0.0
-1222.0	55	0.0
-1221.0	50	0.0
-1220.0	59	0.0
-1219.0	67	0.0
-1218.0	56	0.0
-1217.0	53	0.0
-1216.0	55	0.0
-1215.0	69	0.0
-1214.0	60	0.0
-1213.0	67	0.0
-1212.0	53	0.0
-1211.0	62	0.0
-1210.0	59	0.0
-1209.0	51	0.0
-1208.0	46	0.0
-1207.0	66	0.0
-1206.0	54	0.0
-1205.0	66	0.0
-1204.0	66	0.0
-1203.0	57	0.0
-1202.0	63	0.0
-1201.0	57	0.0
-1200.0	64	0.0
-1199.0	60	0.0
-1198.0	56	0.0
-1197.0	57	0.0
-1196.0	54	0.0
-1195.0	67	0.0
-1194.0	70	0.0
-1193.0	54	0.0
-1192.0	58	0.0
-1191.0	53	0.0
-1190.0	59	0.0
-1189.0	45	0.0
-1188.0	60	0.0
-1187.0	49	0.0
-1186.0	59	0.0
-1185.0	58	0.0
-1184.0	50	0.0
-1183.0	53	0.0
-1182.0	49	0.0
-1181.0	52	0.0
-1180.0	65	0.0
-1179.0	61	0.0
-1178.0	73	0.0
-1177.0	56	0.0
-1176.0	51	0.0
-1175.0	80	0.0
-1174.0	62	0.0
-1173.0	71	0.0
-1172.0	67	0.0
-1171.0	48	0.0
-1170.0	62	0.0
-1169.0	60	0.0
-1168.0	64	0.0
-1167.0	56	0.0
-1166.0	49	0.0
-1165.0	54	0.0
-1164.0	63	0.0
-1163.0	66	0.0
-1162.0	52	0.0
-1161.0	55	0.0
-1160.0	63	0.0
-1159.0	70	0.0
-1158.0	45	0.0
-1157.0	59	0.0
-1156.0	56	0.0
-1155.0	59	0.0
-1154.0	67	0.0
-1153.0	53	0.0
-1152.0	70	0.0
-1151.0	52	0.0
-1150.0	50	0.0
-1149.0	70	0.0
-1148.0	60	0.0
-1147.0	48	0.0
-1146.0	50	0.0
-1145.0	56	0.0
-1144.0	59	0.0
-1143.0	59	0.0
-1142.0	55	0.0
-1141.0	47	0.0
-1140.0	58	0.0
-1139.0	73	0.0
-1138.0	81	0.0
-1137.0	59	0.0
-1136.0	57	0.0
-1135.0	64	0.0
-1134.0	62	0.0
-1133.0	62	0.0
-1132.0	56	0.0
-1131.0	49	0.0
-1130.0	59	0.0
-1129.0	79	0.0
-1128.0	52	0.0
-1127.0	50	0.0
-1126.0	55	0.0
-1125.0	56	0.0
-1124.0	58	0.0
-1123.0	71	0.0
-1122.0	56	0.0
-1121.0	61	0.0
-1120.0	49	0.0
-1119.0	58	0.0
-1118.0	62	0.0
-1117.0	54	0.0
-1116.0	59	0.0
-1115.0	54	0.0
-1114.0	49	0.0
-1113.0	66	0.0
-1112.0	51	0.0
-1111.0	51	0.0
-1110.0	69	0.0
-1109.0	60	0.0
-1108.0	54	0.0
-1107.0	45	0.0
-1106.0	64	0.0
-1105.0	55	0.0
-1104.0	63	0.0
-1103.0	76	0.0
-1102.0	59	0.0
-1101.0	59	0.0
-1100.0	63	0.0
-1099.0	59	0.0
-1098.0	64	0.0
-1097.0	59	0.0
-1096.0	60	0.0
-1095.0	55	0.0
-1094.0	54	0.0
-1093.0	57	0.0
-1092.0	66	0.0
-1091.0	50	0.0
-1090.0	49	0.0
-1089.0	53	0.0
-1088.0	73	0.0
-1087.0	47	0.0
-1086.0	64	0.0
-1085.0	66	0.0
-1084.0	51	0.0
-1083.0	60	0.0
-1082.0	53	0.0
-1081.0	54	0.0
-1080.0	64	0.0
-1079.0	56	0.0
-1078.0	67	0.0
-1077.0	63	0.0
-1076.0	66	0.0
-1075.0	72	0.0
-1074.0	59	0.0
-1073.0	62	0.0
-1072.0	55	0.0
-1071.0	63	0.0
-1070.0	52	0.0
-1069.0	55	0.0
-1068.0	69	0.0
-1067.0	56	0.0
-1066.0	68	0.0
-1065.0	58	0.0
-1064.0	51	0.0
-1063.0	71	0.0
-1062.0	60	0.0
-1061.0	67	0.0
-1060.0	67	0.0
-1059.0	61	0.0
-1058.0	53	0.0
-1057.0	66	0.0
-1056.0	68	0.0
-1055.0	56	0.0
-1054.0	61	0.0
-1053.0	62	0.0
-1052.0	54	0.0
-1051.0	59	0.0
-1050.0	69	0.0
-1049.0	50	0.0
-1048.0	60	0.0
-1047.0	63	0.0
-1046.0	68	0.0
-1045.0	56	0.0
-1044.0	54	0.0
-1043.0	55	0.0
-1042.0	57	0.0
-1041.0	51	0.0
-1040.0	67	0.0
-1039.0	69	0.0
-1038.0	59	0.0
-1037.0	59	0.0
-1036.0	67	0.0
-1035.0	66	0.0
-1034.0	76	0.0
-1033.0	49	0.0
-1032.0	58	0.0
-1031.0	65	0.0
-1030.0	58	0.0
-1029.0	65	0.0
-1028.0	47	0.0
-1027.0	43	0.0
-1026.0	78	0.0
-1025.0	67	0.0
-1024.0	61	0.0
-1023.0	43	0.0
-1022.0	45	0.0
-1021.0	63	0.0
-1020.0	58	0.0
-1019.0	58	0.0
-1018.0	39	0.0
-1017.0	69	0.0
-1016.0	56	0.0
-1015.0	66	0.0
-1014.0	53	0.0
-1013.0	50	0.0
-1012.0	50	0.0
-1011.0	42	0.0
-1010.0	52	0.0
-1009.0	43	0.0
-1008.0	64	0.0
-1007.0	46	0.0
-1006.0	49	0.0
-1005.0	60	0.0
-1004.0	45	0.0
-1003.0	50	0.0
-1002.0	68	0.0
-1001.0	63	0.0
-1000.0	54	0.0
-999.0	54	0.0
-998.0	60	0.0
-997.0	69	0.0
-996.0	64	0.0
-995.0	64	0.0
-994.0	59	0.0
-993.0	61	0.0
-992.0	65	0.0
-991.0	64	0.0
-990.0	74	0.0
-989.0	58	0.0
-988.0	55	0.0
-987.0	60	0.0
-986.0	58	0.0
-985.0	61	0.0
-984.0	63	0.0
-983.0	53	0.0
-982.0	48	0.0
-981.0	44	0.0
-980.0	78	0.0
-979.0	51	0.0
-978.0	64	0.0
-977.0	55	0.0
-976.0	60	0.0
-975.0	58	0.0
-974.0	52	0.0
-973.0	63	0.0
-972.0	60	0.0
-971.0	68	0.0
-970.0	58	0.0
-969.0	59	0.0
-968.0	60	0.0
-967.0	72	0.0
-966.0	67	0.0
-965.0	57	0.0
-964.0	65	0.0
-963.0	44	0.0
-962.0	63	0.0
-961.0	71	0.0
-960.0	51	0.0
-959.0	59	0.0
-958.0	55	0.0
-957.0	53	0.0
-956.0	65	0.0
-955.0	65	0.0
-954.0	58	0.0
-953.0	60	0.0
-952.0	72	0.0
-951.0	56	0.0
-950.0	55	0.0
-949.0	65	0.0
-948.0	61	0.0
-947.0	55	0.0
-946.0	69	0.0
-945.0	53	0.0
-944.0	65	0.0
-943.0	57	0.0
-942.0	50	0.0
-941.0	56	0.0
-940.0	59	0.0
-939.0	68	0.0
-938.0	68	0.0
-937.0	66	0.0
-936.0	76	0.0
-935.0	65	0.0
-934.0	64	0.0
-933.0	58	0.0
-932.0	48	0.0
-931.0	44	0.0
-930.0	62	0.0
-929.0	67	0.0
-928.0	55	0.0
-927.0	60	0.0
-926.0	60	0.0
-925.0	69	0.0
-924.0	56	0.0
-923.0	55	0.0
-922.0	45	0.0
-921.0	62	0.0
-920.0	61	0.0
-919.0	78	0.0
-918.0	59	0.0
-917.0	55	0.0
-916.0	55	0.0
-915.0	69	0.0
-914.0	52	0.0
-913.0	61	0.0
-912.0	56	0.0
-911.0	50	0.0
-910.0	43	0.0
-909.0	60	0.0
-908.0	58	0.0
-907.0	54	0.0
-906.0	69	0.0
-905.0	42	0.0
-904.0	60	0.0
-903.0	56	0.0
-902.0	58	0.0
-901.0	61	0.0
-900.0	56	0.0
-899.0	68	0.0
-898.0	56	0.0
-897.0	51	0.0
-896.0	70	0.0
-895.0	61	0.0
-894.0	52	0.0
-893.0	51	0.0
-892.0	68	0.0
-891.0	52	0.0
-890.0	53	0.0
-889.0	60	0.0
-888.0	65	0.0
-887.0	56	0.0
-886.0	64	0.0
-885.0	70	0.0
-884.0	47	0.0
-883.0	56	0.0
-882.0	65	0.0
-881.0	66	0.0
-880.0	53	0.0
-879.0	58	0.0
-878.0	41	0.0
-877.0	57	0.0
-876.0	60	0.0
-875.0	61	0.0
-874.0	57	0.0
-873.0	57	0.0
-872.0	73	0.0
-871.0	61	0.0
-870.0	59	0.0
-869.0	57	0.0
-868.0	59	0.0
-867.0	60	0.0
-866.0	63	0.0
-865.0	63	0.0
-864.0	57	0.0
-863.0	54	0.0
-862.0	58	0.0
-861.0	60	0.0
-860.0	53	0.0
-859.0	44	0.0
-858.0	54	0.0
-857.0	48	0.0
-856.0	56	0.0
-855.0	60	0.0
-854.0	69	0.0
-853.0	60	0.0
-852.0	54	0.0
-851.0	59	0.0
-850.0	58	0.0
-849.0	53	0.0
-848.0	66	0.0
-847.0	58	0.0
-846.0	61	0.0
-845.0	54	0.0
-844.0	69	0.0
-843.0	61	0.0
-842.0	45	0.0
-841.0	44	0.0
-840.0	51	0.0
-839.0	53	0.0
-838.0	72	0.0
-837.0	46	0.0
-836.0	58	0.0
-835.0	47	0.0
-834.0	58	0.0
-833.0	65	0.0
-832.0	62	0.0
-831.0	68	0.0
-830.0	54	0.0
-829.0	64	0.0
-828.0	58	0.0
-827.0	59	0.0
-826.0	57	0.0
-825.0	51	0.0
-824.0	62	0.0
-823.0	47	0.0
-822.0	60	0.0
-821.0	62	0.0
-820.0	69	0.0
-819.0	60	0.0
-818.0	69	0.0
-817.0	63	0.0
-816.0	52	0.0
-815.0	63	0.0
-814.0	52	0.0
-813.0	65	0.0
-812.0	50	0.0
-811.0	54	0.0
-810.0	66	0.0
-809.0	50	0.0
-808.0	52	0.0
-807.0	56	0.0
-806.0	73	0.0
-805.0	67	0.0
-804.0	43	0.0
-803.0	53	0.0
-802.0	45	0.0
-801.0	72	0.0
-800.0	50	0.0
-799.0	63	0.0
-798.0	65	0.0
-797.0	63	0.0
-796.0	50	0.0
-795.0	50	0.0
-794.0	61	0.0
-793.0	66	0.0
-792.0	64	0.0
-791.0	75	0.0
-790.0	60	0.0
-789.0	62	0.0
-788.0	55	0.0
-787.0	50	0.0
-786.0	60	0.0
-785.0	54	0.0
-784.0	64	0.0
-783.0	53	0.0
-782.0	77	0.0
-781.0	62	0.0
-780.0	52	0.0
-779.0	68	0.0
-778.0	53	0.0
-777.0	48	0.0
-776.0	50	0.0
-775.0	60	0.0
-774.0	62	0.0
-773.0	53	0.0
-772.0	50	0.0
-771.0	65	0.0
-770.0	53	0.0
-769.0	61	0.0
-768.0	57	0.0
-767.0	63	0.0
-766.0	56	0.0
-765.0	63	0.0
-764.0	76	0.0
-763.0	54	0.0
-762.0	43	0.0
-761.0	53	0.0
-760.0	66	0.0
-759.0	53	0.0
-758.0	60	0.0
-757.0	57	0.0
-756.0	51	0.0
-755.0	56	0.0
-754.0	66	0.0
-753.0	53	0.0
-752.0	61	0.0
-751.0	58	0.0
-750.0	50	0.0
-749.0	62	0.0
-748.0	56	0.0
-747.0	61	0.0
-746.0	58	0.0
-745.0	69	0.0
-744.0	53	0.0
-743.0	62	0.0
-742.0	61	0.0
-741.0	66	0.0
-740.0	52	0.0
-739.0	60	0.0
-738.0	53	0.0
-737.0	49	0.0
-736.0	58	0.0
-735.0	67	0.0
-734.0	47	0.0
-733.0	66	0.0
-732.0	60	0.0
-731.0	45	0.0
-730.0	60	0.0
-729.0	61	0.0
-728.0	53	0.0
-727.0	62	0.0
-726.0	53	0.0
-725.0	42	0.0
-724.0	60	0.0
-723.0	51	0.0
-722.0	42	0.0
-721.0	45	0.0
-720.0	63	0.0
-719.0	53	0.0
-718.0	74	0.0
-717.0	47	0.0
-716.0	91	0.0
-715.0	66	0.0
-714.0	53	0.0
-713.0	51	0.0
-712.0	42	0.0
-711.0	51	0.0
-710.0	66	0.0
-709.0	49	0.0
-708.0	55	0.0
-707.0	64	0.0
-706.0	55	0.0
-705.0	63	0.0
-704.0	53	0.0
-703.0	56	0.0
-702.0	57	0.0
-701.0	50	0.0
-700.0	71	0.0
-699.0	60	0.0
-698.0	62	0.0
-697.0	57	0.0
-696.0	68	0.0
-695.0	68	0.0
-694.0	53	0.0
-693.0	56	0.0
-692.0	71	0.0
-691.0	51	0.0
-690.0	70	0.0
-689.0	58	0.0
-688.0	55	0.0
-687.0	66	0.0
-686.0	59	0.0
-685.0	47	0.0
-684.0	69	0.0
-683.0	56	0.0
-682.0	54	0.0
-681.0	54	0.0
-680.0	55	0.0
-679.0	58	0.0
-678.0	67	0.0
-677.0	63	0.0
-676.0	48	0.0
-675.0	58	0.0
-674.0	61	0.0
-673.0	55	0.0
-672.0	55	0.0
-671.0	56	0.0
-670.0	60	0.0
-669.0	61	0.0
-668.0	53	0.0
-667.0	54	0.0
-666.0	67	0.0
-665.0	67	0.0
-664.0	59	0.0
-663.0	54	0.0
-662.0	68	0.0
-661.0	58	0.0
-660.0	46	0.0
-659.0	56	0.0
-658.0	66	0.0
-657.0	51	0.0
-656.0	66	0.0
-655.0	61	0.0
-654.0	60	0.0
-653.0	42	0.0
-652.0	68	0.0
-651.0	65	0.0
-650.0	65	0.0
-649.0	45	0.0
-648.0	64	0.0
-647.0	66	0.0
-646.0	51	0.0
-645.0	58	0.0
-644.0	68	0.0
-643.0	41	0.0
-642.0	57	0.0
-641.0	52	0.0
-640.0	56	0.0
-639.0	52	0.0
-638.0	42	0.0
-637.0	57	0.0
-636.0	51	0.0
-635.0	49	0.0
-634.0	56	0.0
-633.0	50	0.0
-632.0	68	0.0
-631.0	46	0.0
-630.0	70	0.0
-629.0	60	0.0
-628.0	66	0.0
-627.0	38	0.0
-626.0	56	0.0
-625.0	50	0.0
-624.0	54	0.0
-623.0	55	0.0
-622.0	60	0.0
-621.0	58	0.0
-620.0	61	0.0
-619.0	69	0.0
-618.0	56	0.0
-617.0	53	0.0
-616.0	59	0.0
-615.0	46	0.0
-614.0	63	0.0
-613.0	55	0.0
-612.0	56	0.0
-611.0	74	0.0
-610.0	60	0.0
-609.0	41	0.0
-608.0	55	0.0
-607.0	48	0.0
-606.0	61	0.0
-605.0	64	0.0
-604.0	54	0.0
-603.0	51	0.0
-602.0	62	0.0
-601.0	61	0.0
-600.0	64	0.0
-599.0	56	0.0
-598.0	51	0.0
-597.0	58	0.0
-596.0	58	0.0
-595.0	69	0.0
-594.0	56	0.0
-593.0	58	0.0
-592.0	45	0.0
-591.0	51	0.0
-590.0	48	0.0
-589.0	56	0.0
-588.0	65	0.0
-587.0	57	0.0
-586.0	68	0.0
-585.0	66	0.0
-584.0	45	0.0
-583.0	49	0.0
-582.0	64	0.0
-581.0	55	0.0
-580.0	63	0.0
-579.0	56	0.0
-578.0	52	0.0
-577.0	54	0.0
-576.0	52	0.0
-575.0	60	0.0
-574.0	62	0.0
-573.0	67	0.0
-572.0	48	0.0
-571.0	53	0.0
-570.0	61	0.0
-569.0	51	0.0
-568.0	55	0.0
-567.0	59	0.0
-566.0	51	0.0
-565.0	60	0.0
-564.0	70	0.0
-563.0	62	0.0
-562.0	64	0.0
-561.0	65	0.0
-560.0	63	0.0
-559.0	56	0.0
-558.0	63	0.0
-557.0	67	0.0
-556.0	58	0.0
-555.0	61	0.0
-554.0	51	0.0
-553.0	59	0.0
-552.0	69	0.0
-551.0	64	0.0
-550.0	71	0.0
-549.0	56	0.0
-548.0	60	0.0
-547.0	67	0.0
-546.0	60	0.0
-545.0	61	0.0
-544.0	57	0.0
-543.0	54	0.0
-542.0	54	0.0
-541.0	62	0.0
-540.0	53	0.0
-539.0	42	0.0
-538.0	57	0.0
-537.0	52	0.0
-536.0	42	0.0
-535.0	68	0.0
-534.0	69	0.0
-533.0	57	0.0
-532.0	62	0.0
-531.0	57	0.0
-530.0	65	0.0
-529.0	75	0.0
-528.0	43	0.0
-527.0	59	0.0
-526.0	61	0.0
-525.0	68	0.0
-524.0	54	0.0
-523.0	70	0.0
-522.0	57	0.0
-521.0	52	0.0
-520.0	49	0.0
-519.0	65	0.0
-518.0	55	0.0
-517.0	69	0.0
-516.0	47	0.0
-515.0	67	0.0
-514.0	49	0.0
-513.0	71	0.0
-512.0	56	0.0
-511.0	64	0.0
-510.0	62	0.0
-509.0	41	0.0
-508.0	61	0.0
-507.0	68	0.0
-506.0	57	0.0
-505.0	55	0.0
-504.0	49	0.0
-503.0	64	0.0
-502.0	62	0.0
-501.0	50	0.0
-500.0	70	0.0
-499.0	62	0.0
-498.0	54	0.0
-497.0	67	0.0
-496.0	68	0.0
-495.0	73	0.0
-494.0	50	0.0
-493.0	60	0.0
-492.0	59	0.0
-491.0	60	0.0
-490.0	69	0.0
-489.0	60	0.0
-488.0	69	0.0
-487.0	60	0.0
-486.0	46	0.0
-485.0	55	0.0
-484.0	53	0.0
-483.0	48	0.0
-482.0	74	0.0
-481.0	66	0.0
-480.0	60	0.0
-479.0	47	0.0
-478.0	68	0.0
-477.0	63	0.0
-476.0	46	0.0
-475.0	56	0.0
-474.0	45	0.0
-473.0	57	0.0
-472.0	57	0.0
-471.0	57	0.0
-470.0	73	0.0
-469.0	64	0.0
-468.0	58	0.0
-467.0	61	0.0
-466.0	49	0.0
-465.0	65	0.0
-464.0	65	0.0
-463.0	69	0.0
-462.0	62	0.0
-461.0	56	0.0
-460.0	64	0.0
-459.0	66	0.0
-458.0	61	0.0
-457.0	42	0.0
-456.0	58	0.0
-455.0	61	0.0
-454.0	62	0.0
-453.0	50	0.0
-452.0	65	0.0
-451.0	43	0.0
-450.0	61	0.0
-449.0	50	0.0
-448.0	59	0.0
-447.0	64	0.0
-446.0	53	0.0
-445.0	59	0.0
-444.0	48	0.0
-443.0	59	0.0
-442.0	58	0.0
-441.0	52	0.0
-440.0	41	0.0
-439.0	70	0.0
-438.0	57	0.0
-437.0	66	0.0
-436.0	50	0.0
-435.0	70	0.0
-434.0	61	0.0
-433.0	61	0.0
-432.0	60	0.0
-431.0	51	0.0
-430.0	63	0.0
-429.0	57	0.0
-428.0	47	0.0
-427.0	77	0.0
-426.0	61	0.0
-425.0	68	0.0
-424.0	46	0.0
-423.0	63	0.0
-422.0	72	0.0
-421.0	54	0.0
-420.0	71	0.0
-419.0	61	0.0
-418.0	56	0.0
-417.0	73	0.0
-416.0	61	0.0
-415.0	53	0.0
-414.0	55	0.0
-413.0	58	0.0
-412.0	61	0.0
-411.0	51	0.0
-410.0	62	0.0
-409.0	67	0.0
-408.0	53	0.0
-407.0	55	0.0
-406.0	54	0.0
-405.0	53	0.0
-404.0	72	0.0
-403.0	69	0.0
-402.0	62	0.0
-401.0	61	0.0
-400.0	58	0.0
-399.0	60	0.0
-398.0	62	0.0
-397.0	60	0.0
-396.0	51	0.0
-395.0	64	0.0
-394.0	72	0.0
-393.0	57	0.0
-392.0	70	0.0
-391.0	60	0.0
-390.0	52	0.0
-389.0	60	0.0
-388.0	55	0.0
-387.0	55	0.0
-386.0	72	0.0
-385.0	68	0.0
-384.0	70	0.0
-383.0	62	0.0
-382.0	64	0.0
-381.0	51	0.0
-380.0	67	0.0
-379.0	60	0.0
-378.0	66	0.0
-377.0	69	0.0
-376.0	55	0.0
-375.0	61	0.0
-374.0	50	0.0
-373.0	48	0.0
-372.0	56	0.0
-371.0	66	0.0
-370.0	71	0.0
-369.0	70	0.0
-368.0	51	0.0
-367.0	49	0.0
-366.0	57	0.0
-365.0	57	0.0
-364.0	59	0.0
-363.0	67	0.0
-362.0	67	0.0
-361.0	46	0.0
-360.0	49	0.0
-359.0	69	0.0
-358.0	59	0.0
-357.0	56	0.0
-356.0	54	0.0
-355.0	76	0.0
-354.0	56	0.0
-353.0	54	0.0
-352.0	48	0.0
-351.0	53	0.0
-350.0	67	0.0
-349.0	58	0.0
-348.0	57	0.0
-347.0	61	0.0
-346.0	65	0.0
-345.0	48	0.0
-344.0	59	0.0
-343.0	54	0.0
-342.0	54	0.0
-341.0	61	0.0
-340.0	61	0.0
-339.0	55	0.0
-338.0	72	0.0
-337.0	58	0.0
-336.0	43	0.0
-335.0	72	0.0
-334.0	73	0.0
-333.0	60	0.0
-332.0	65	0.0
-331.0	69	0.0
-330.0	68	0.0
-329.0	55	0.0
-328.0	58	0.0
-327.0	63	0.0
-326.0	61	0.0
-325.0	66	0.0
-324.0	49	0.0
-323.0	69	0.0
-322.0	70	0.0
-321.0	51	0.0
-320.0	70	0.0
-319.0	67	0.0
-318.0	55	0.0
-317.0	54	0.0
-316.0	45	0.0
-315.0	60	0.0
-314.0	56	0.0
-313.0	58	0.0
-312.0	59	0.0
-311.0	63	0.0
-310.0	60	0.0
-309.0	57	0.0
-308.0	66	0.0
-307.0	69	0.0
-306.0	60	0.0
-305.0	59	0.0
-304.0	61	0.0
-303.0	59	0.0
-302.0	57	0.0
-301.0	59	0.0
-300.0	54	0.0
-299.0	56	0.0
-298.0	55	0.0
-297.0	60	0.0
-296.0	73	0.0
-295.0	63	0.0
-294.0	66	0.0
-293.0	74	0.0
-292.0	60	0.0
-291.0	79	0.0
-290.0	57	0.0
-289.0	63	0.0
-288.0	49	0.0
-287.0	71	0.0
-286.0	55	0.0
-285.0	57	0.0
-284.0	50	0.0
-283.0	66	0.0
-282.0	74	0.0
-281.0	69	0.0
-280.0	50	0.0
-279.0	47	0.0
-278.0	74	0.0
-277.0	64	0.0
-276.0	58	0.0
-275.0	53	0.0
-274.0	59	0.0
-273.0	55	0.0
-272.0	66	0.0
-271.0	61	0.0
-270.0	55	0.0
-269.0	68	0.0
-268.0	61	0.0
-267.0	55	0.0
-266.0	41	0.0
-265.0	63	0.0
-264.0	64	0.0
-263.0	60	0.0
-262.0	64	0.0
-261.0	47	0.0
-260.0	58	0.0
-259.0	58	0.0
-258.0	49	0.0
-257.0	61	0.0
-256.0	58	0.0
-255.0	56	0.0
-254.0	74	0.0
-253.0	66	0.0
-252.0	60	0.0
-251.0	57	0.0
-250.0	56	0.0
-249.0	64	0.0
-248.0	71	0.0
-247.0	47	0.0
-246.0	59	0.0
-245.0	54	0.0
-244.0	53	0.0
-243.0	58	0.0
-242.0	68	0.0
-241.0	48	0.0
-240.0	56	0.0
-239.0	58	0.0
-238.0	73	0.0
-237.0	50	0.0
-236.0	75	0.0
-235.0	47	0.0
-234.0	51	0.0
-233.0	61	0.0
-232.0	61	0.0
-231.0	51	0.0
-230.0	82	0.0
-229.0	57	0.0
-228.0	52	0.0
-227.0	56	0.0
-226.0	53	0.0
-225.0	61	0.0
-224.0	59	0.0
-223.0	67	0.0
-222.0	51	0.0
-221.0	50	0.0
-220.0	58	0.0
-219.0	52	0.0
-218.0	60	0.0
-217.0	73	0.0
-216.0	81	0.0
-215.0	57	0.0
-214.0	75	0.0
-213.0	51	0.0
-212.0	62	0.0
-211.0	72	0.0
-210.0	67	0.0
-209.0	63	0.0
-208.0	69	0.0
-207.0	63	0.0
-206.0	66	0.0
-205.0	66	0.0
-204.0	61	0.0
-203.0	50	0.0
-202.0	61	0.0
-201.0	59	0.0
-200.0	77	0.0
-199.0	66	0.0
-198.0	56	0.0
-197.0	50	0.0
-196.0	62	0.0
-195.0	49	0.0
-194.0	63	0.0
-193.0	44	0.0
-192.0	57	0.0
-191.0	53	0.0
-190.0	53	0.0
-189.0	64	0.0
-188.0	54	0.0
-187.0	61	0.0
-186.0	54	0.0
-185.0	74	0.0
-184.0	71	0.0
-183.0	54	0.0
-182.0	66	0.0
-181.0	49	0.0
-180.0	64	0.0
-179.0	62	0.0
-178.0	67	0.0
-177.0	51	0.0
-176.0	55	0.0
-175.0	58	0.0
-174.0	58	0.0
-173.0	77	0.0
-172.0	60	0.0
-171.0	49	0.0
-170.0	60	0.0
-169.0	51	0.0
-168.0	55	0.0
-167.0	51	0.0
-166.0	49	0.0
-165.0	63	0.0
-164.0	75	0.0
-163.0	72	0.0
-162.0	69	0.0
-161.0	69	0.0
-160.0	85	0.0
-159.0	51	0.0
-158.0	62	0.0
-157.0	56	0.0
-156.0	54	0.0
-155.0	63	0.0
-154.0	64	0.0
-153.0	55	0.0
-152.0	67	0.0
-151.0	71	0.0
-150.0	44	0.0
-149.0	61	0.0
-148.0	57	0.0
-147.0	65	0.0
-146.0	59	0.0
-145.0	59	0.0
-144.0	45	0.0
-143.0	62	0.0
-142.0	52	0.0
-141.0	73	0.0
-140.0	57	0.0
-139.0	65	0.0
-138.0	61	0.0
-137.0	59	0.0
-136.0	49	0.0
-135.0	68	0.0
-134.0	65	0.0
-133.0	52	0.0
-132.0	54	0.0
-131.0	59	0.0
-130.0	57	0.0
-129.0	66	0.0
-128.0	65	0.0
-127.0	56	0.0
-126.0	60	0.0
-125.0	57	0.0
-124.0	60	0.0
-123.0	59	0.0
-122.0	70	0.0
-121.0	54	0.0
-120.0	50	0.0
-119.0	66	0.0
-118.0	62	0.0
-117.0	45	0.0
-116.0	58	0.0
-115.0	69	0.0
-114.0	55	0.0
-113.0	43	0.0
-112.0	59	0.0
-111.0	63	0.0
-110.0	64	0.0
-109.0	51	0.0
-108.0	45	0.0
-107.0	66	0.0
-106.0	47	0.0
-105.0	54	0.0
-104.0	74	0.0
-103.0	58	0.0
-102.0	50	0.0
-101.0	68	0.0
-100.0	58	0.0
-99.0	66	0.0
-98.0	54	0.0
-97.0	60	0.0
-96.0	58	0.0
-95.0	69	0.0
-94.0	67	0.0
-93.0	51	0.0
-92.0	44	0.0
-91.0	67	0.0
-90.0	53	0.0
-89.0	61	0.0
-88.0	73	0.0
-87.0	56	0.0
-86.0	45	0.0
-85.0	66	0.0
-84.0	57	0.0
-83.0	59	0.0
-82.0	73	0.0
-81.0	52	0.0
-80.0	64	0.0
-79.0	58	0.0
-78.0	61	0.0
-77.0	66	0.0
-76.0	64	0.0
-75.0	54	0.0
-74.0	53	0.0
-73.0	54	0.0
-72.0	64	0.0
-71.0	61	0.0
-70.0	66	0.0
-69.0	56	0.0
-68.0	61	0.0
-67.0	59	0.0
-66.0	70	0.0
-65.0	63	0.0
-64.0	47	0.0
-63.0	66	0.0
-62.0	68	0.0
-61.0	57	0.0
-60.0	62	0.0
-59.0	49	0.0
-58.0	56	0.0
-57.0	53	0.0
-56.0	63	0.0
-55.0	56	0.0
-54.0	67	0.0
-53.0	55	0.0
-52.0	58	0.0
-51.0	55	0.0
-50.0	72	0.0
-49.0	57	0.0
-48.0	68	0.0
-47.0	62	0.0
-46.0	52	0.0
-45.0	50	0.0
-44.0	55	0.0
-43.0	55	0.0
-42.0	71	0.0
-41.0	63	0.0
-40.0	56	0.0
-39.0	61	0.0
-38.0	56	0.0
-37.0	65	0.0
-36.0	59	0.0
-35.0	65	0.0
-34.0	59	0.0
-33.0	60	0.0
-32.0	56	0.0
-31.0	87	0.0
-30.0	52	0.0
-29.0	62	0.0
-28.0	65	0.0
-27.0	69	0.0
-26.0	60	0.0
-25.0	47	0.0
-24.0	61	0.0
-23.0	58	0.0
-22.0	62	0.0
-21.0	58	0.0
-20.0	63	0.0
-19.0	46	0.0
-18.0	56	0.0
-17.0	65	0.0
-16.0	59	0.0
-15.0	65	0.0
-14.0	44	0.0
-13.0	66	0.0
-12.0	49	0.0
-11.0	75	0.0
-10.0	71	0.0
-9.0	53	0.0
-8.0	50	0.0
-7.0	51	0.0
-6.0	60	0.0
-5.0	40	0.0
-4.0	47	0.0
-3.0	50	0.0
-2.0	65	0.0
-1.0	56	0.0
0.0	52	0.0
1.0	50	0.0
2.0	51	0.0
3.0	56	0.0
4.0	62	0.0
5.0	69	0.0
6.0	68	0.0
7.0	42	0.0
8.0	65	0.0
9.0	47	0.0
10.0	53	0.0
11.0	59	0.0
12.0	59	0.0
13.0	66	0.0
14.0	65	0.0
15.0	60	0.0
16.0	62	0.0
17.0	56	0.0
18.0	67	0.0
19.0	74	0.0
20.0	65	0.0
21.0	64	0.0
22.0	53	0.0
23.0	47	0.0
24.0	58	0.0
25.0	49	0.0
26.0	60	0.0
27.0	53	0.0
28.0	62	0.0
29.0	67	0.0
30.0	61	0.0
31.0	60	0.0
32.0	48	0.0
33.0	66	0.0
34.0	62	0.0
35.0	59	0.0
36.0	71	0.0
37.0	61	0.0
38.0	79	0.0
39.0	60	0.0
40.0	59	0.0
41.0	70	0.0
42.0	48	0.0
43.0	58	0.0
44.0	57	0.0
45.0	46	0.0
46.0	63	0.0
47.0	52	0.0
48.0	57	0.0
49.0	51	0.0
50.0	57	0.0
51.0	56	0.0
52.0	58	0.0
53.0	54	0.0
54.0	61	0.0
55.0	76	0.0
56.0	63	0.0
57.0	71	0.0
58.0	67	0.0
59.0	66	0.0
60.0	61	0.0
61.0	64	0.0
62.0	52	0.0
63.0	56	0.0
64.0	68	0.0
65.0	66	0.0
66.0	63	0.0
67.0	55	0.0
68.0	62	0.0
69.0	61	0.0
70.0	69	0.0
71.0	71	0.0
72.0	62	0.0
73.0	60	0.0
74.0	54	0.0
75.0	62	0.0
76.0	57	0.0
77.0	60	0.0
78.0	72	0.0
79.0	73	0.0
80.0	54	0.0
81.0	51	0.0
82.0	55	0.0
83.0	62	0.0
84.0	70	0.0
85.0	51	0.0
86.0	68	0.0
87.0	45	0.0
88.0	60	0.0
89.0	73	0.0
90.0	52	0.0
91.0	61	0.0
92.0	59	0.0
93.0	66	0.0
94.0	58	0.0
95.0	52	0.0
96.0	65	0.0
97.0	60	0.0
98.0	56	0.0
99.0	69	0.0
100.0	46	0.0
101.0	59	0.0
102.0	56	0.0
103.0	62	0.0
104.0	54	0.0
105.0	48	0.0
106.0	74	0.0
107.0	66	0.0
108.0	53	0.0
109.0	65	0.0
110.0	47	0.0
111.0	65	0.0
112.0	63	0.0
113.0	60	0.0
114.0	58	0.0
115.0	49	0.0
116.0	55	0.0
117.0	55	0.0
118.0	64	0.0
119.0	59	0.0
120.0	54	0.0
121.0	58	0.0
122.0	48	0.0
123.0	62	0.0
124.0	63	0.0
125.0	56	0.0
126.0	59	0.0
127.0	64	0.0
128.0	61	0.0
129.0	49	0.0
130.0	66	0.0
131.0	62	0.0
132.0	70	0.0
133.0	54	0.0
134.0	51	0.0
135.0	55	0.0
136.0	54	0.0
137.0	55	0.0
138.0	51	0.0
139.0	69	0.0
140.0	53	0.0
141.0	74	0.0
142.0	48	0.0
143.0	58	0.0
144.0	62	0.0
145.0	63	0.0
146.0	68	0.0
147.0	55	0.0
148.0	64	0.0
149.0	45	0.0
150.0	63	0.0
151.0	64	0.0
152.0	57	0.0
153.0	45	0.0
154.0	68	0.0
155.0	47	0.0
156.0	60	0.0
157.0	65	0.0
158.0	48	0.0
159.0	60	0.0
160.0	50	0.0
161.0	66	0.0
162.0	59	0.0
163.0	45	0.0
164.0	53	0.0
165.0	68	0.0
166.0	47	0.0
167.0	73	52.217932194126064
168.0	82	108.0116907599358
169.0	62	167.16002705239876
170.0	69	229.4508200692604
171.0	60	294.68075029464336
172.0	64	362.6549843609624
173.0	58	433.186870186215
174.0	69	506.0976422545317
175.0	58	581.2161367178401
176.0	59	658.3785160064825
177.0	59	737.4280026462463
178.0	56	818.2146219885728
179.0	68	900.5949535697961
180.0	56	984.4318908240579
181.0	67	1069.5944088827025
182.0	54	1155.9573402019503
183.0	63	1243.401157767733
184.0	57	1331.8117656351483
185.0	56	1421.0802965668547
186.0	69	1511.1029165425496
187.0	54	1601.7806359184208
188.0	61	1693.0191270224193
189.0	66	1784.7285479778986
190.0	51	1876.8233725544737
191.0	65	1969.2222258515383
192.0	54	2061.847725625428
193.0	76	2154.626329077609
194.0	64	2247.4881849267163
195.0	73	2340.3669905927336
196.0	82	2433.199854327191
197.0	71	2525.9271621283237
198.0	57	2618.492449285066
199.0	67	2710.842276399101
200.0	57	2802.926109737922
201.0	54	2894.6962057781266
202.0	57	2986.1074998005797
203.0	60	3077.1174984051045
204.0	58	3167.686175815721
205.0	55	3257.775873851557
206.0	64	3347.3512054425973
207.0	54	3436.3789615735523
208.0	58	3524.828021542008
209.0	61	3612.669266421731
210.0	72	3699.875495624233
211.0	51	3786.421346456203
212.0	64	3872.2832165729583
213.0	62	3957.439189231325
214.0	73	4041.8689612488874
215.0	65	4125.553773578757
216.0	69	4208.476344412619
217.0	61	4290.620804727187
218.0	66	4371.972636191905
219.0	70	4452.518611358661
220.0	77	4532.246736056461
221.0	63	4611.146193916628
222.0	66	4689.207292956573
223.0	60	4766.421414152326
224.0	67	4842.7809619323625
225.0	77	4918.279316527312
226.0	69	4992.910788112523
227.0	63	5066.670572681939
228.0	68	5139.5547095945685
229.0	54	5211.560040735813
230.0	65	5282.684171238333
231.0	80	5352.925431709031
232.0	53	5422.28284190979
233.0	64	5490.7560758423015
234.0	77	5558.345428187754
235.0	62	5625.051782055031
236.0	63	5690.876577991408
237.0	69	5755.821784211991
238.0	78	5819.889868005356
239.0	66	5883.083768274228
240.0	71	5945.406869171196
241.0	73	6006.862974791206
242.0	73	6067.456284883457
243.0	60	6127.191371546622
244.0	58	6186.07315687279
245.0	64	6244.106891506178
246.0	69	6301.298134084231
247.0	79	6357.652731529494
248.0	65	6413.17680016194
249.0	70	6467.876707602217
250.0	63	6521.759055437339
251.0	73	6574.830662621475
252.0	79	6627.098549585011
253.0	69	6678.569923026308
254.0	81	6729.25216136145
255.0	48	6779.152800807607
256.0	71	6828.279522077121
257.0	64	6876.640137659854
258.0	71	6924.242579672015
259.0	75	6971.094888250475
260.0	69	7017.205200472654
261.0	63	7062.581739782031
262.0	69	7107.232805900728
263.0	65	7151.1667652106535
264.0	78	7194.392041585913
265.0	74	7236.917107658999
266.0	72	7278.750476504922
267.0	67	7319.900693726819
268.0	58	7360.376329928126
269.0	77	7400.18597355632
270.0	79	7439.338224104003
271.0	67	7477.841685653473
272.0	63	7515.704960751563
273.0	75	7552.936644601758
274.0	76	7589.545319561312
275.0	71	7625.539549931242
276.0	63	7660.927877027787
277.0	81	7695.718814524078
278.0	77	7729.920844051222
279.0	77	7763.542411048539
280.0	77	7796.591920852887
281.0	77	7829.077735017233
282.0	75	7861.008167849372
283.0	77	7892.391483161825
284.0	62	7923.2358912239315
285.0	69	7953.549545908121
286.0	73	7983.340542022056
287.0	66	8012.616912819004
288.0	75	8041.386627678909
289.0	69	8069.657589952967
290.0	73	8097.437634964486
291.0	84	8124.734528159894
292.0	71	8151.55596340264
293.0	70	8177.909561404547
294.0	66	8203.802868288045
295.0	79	8229.243354273654
296.0	63	8254.238412487388
297.0	83	8278.795357882349
298.0	73	8302.921426269459
299.0	68	8326.62377345269
300.0	86	8349.909474463344
301.0	69	8372.785522889444
302.0	78	8395.2588302953
303.0	74	8417.33622572736
304.0	82	8439.02445530191
305.0	87	8460.330181870835
306.0	71	8481.259984761771
307.0	66	8501.820359588664
308.0	72	8522.017718129491
309.0	67	8541.858388267678
310.0	85	8561.34861399395
311.0	66	8580.494555465466
312.0	81	8599.302289119383
313.0	72	8617.777807837689
314.0	60	8635.927021160864
315.0	64	8653.755755547507
316.0	60	8671.269754677327
317.0	75	8688.474679795281
318.0	67	8705.376110094288
319.0	71	8721.979543134328
320.0	83	8738.29039529579
321.0	74	8754.314002264968
322.0	82	8770.055619549752
323.0	72	8785.520423023478
324.0	85	8800.713509495285
325.0	77	8815.639897305055
326.0	91	8830.304526941442
327.0	79	8844.712261681176
328.0	76	8858.867888248169
329.0	65	8872.776117491143
330.0	74	8886.44158507802
331.0	80	8899.868852206037
332.0	72	8913.06240632602
333.0	80	8926.026661879925
334.0	83	8938.765961050087
335.0	79	8951.284574519297
336.0	74	8963.586702240638
337.0	72	8975.676474215787
338.0	82	8987.557951281284
339.0	94	8999.235125901201
340.0	80	9010.711922966015
341.0	72	9021.992200596207
342.0	89	9033.079750950192
343.0	82	9043.978301035644
344.0	65	9054.691513523583
345.0	78	9065.222987564273
346.0	61	9075.576259604704
347.0	77	9085.754804206614
348.0	92	9095.76203486462
349.0	73	9105.601304824035
350.0	78	9115.275907897523
351.0	70	9124.789079280366
352.0	77	9134.143996363746
353.0	64	9143.343779545501
354.0	81	9152.391493038163
355.0	81	9161.290145673596
356.0	66	9170.042691704079
357.0	84	9178.65203159928
358.0	78	9187.121012839063
359.0	69	9195.452430701314
360.0	73	9203.649029045207
361.0	65	9211.713501088865
362.0	73	9219.648490181742
363.0	70	9227.45659057116
364.0	64	9235.140348162846
365.0	89	9242.702261275426
366.0	59	9250.144781388291
367.0	66	9257.470313883152
368.0	84	9264.681218778675
369.0	65	9271.7798114583
370.0	65	9278.768363391011
371.0	64	9285.649102844956
372.0	67	9292.424215593748
373.0	85	9299.09584561548
374.0	65	9305.666095784009
375.0	59	9312.13702855306
376.0	75	9318.510666632234
377.0	71	9324.78899365569
378.0	83	9330.973954842764
379.0	72	9337.067457650892
380.0	67	9343.071372420729
381.0	67	9348.98753301316
382.0	79	9354.817737438561
383.0	72	9360.563748478033
384.0	79	9366.227294296661
385.0	69	9371.810069048839
386.0	84	9377.313733475576
387.0	82	9382.739915493794
388.0	78	9388.090210777738
389.0	80	9393.36618333244
390.0	72	9398.569366059117
391.0	82	9403.701261312786
392.0	67	9408.763341451964
393.0	73	9413.75704938047
394.0	76	9418.68379908143
395.0	66	9423.544976143548
396.0	74	9428.341938279555
397.0	92	9433.076015837014
398.0	76	9437.748512301461
399.0	70	9442.360704791967
400.0	72	9446.91384454912
401.0	86	9451.409157415563
402.0	74	9455.84784430907
403.0	72	9460.23108168827
404.0	74	9464.56002201104
405.0	76	9468.835794185641
406.0	71	9473.05950401482
407.0	78	9477.232234632487
408.0	73	9481.355046933706
409.0	78	9485.428979997476
410.0	67	9489.455051502633
411.0	68	9493.434258137098
412.0	73	9497.367576000048
413.0	86	9501.255960997767
414.0	82	9505.100349232562
415.0	79	9508.901657385326
416.0	73	9512.66078309167
417.0	84	9516.378605311476
418.0	74	9520.055984692339
419.0	86	9523.693763926696
420.0	68	9527.292768102809
421.0	86	9530.85380504963
422.0	83	9534.377665675816
423.0	73	9537.865124302567
424.0	81	9541.316938990904
425.0	84	9544.733851862966
426.0	81	9548.11658941777
427.0	84	9551.465862841284
428.0	76	9554.78236831089
429.0	81	9558.06678729462
430.0	73	9561.319786844777
431.0	86	9564.542019886407
432.0	80	9567.734125500465
433.0	78	9570.896729201873
434.0	73	9574.030443212507
435.0	68	9577.135866729128
436.0	93	9580.2135861865
437.0	77	9583.264175515513
438.0	72	9586.288196396705
439.0	72	9589.28619850885
440.0	94	9592.25871977324
441.0	84	9595.206286593026
442.0	76	9598.129414088391
443.0	83	9601.02860632719
444.0	82	9603.904356551144
445.0	73	9606.75714739797
446.0	71	9609.587451119063
447.0	68	9612.395729793281
448.0	71	9615.182435536493
449.0	84	9617.948010707158
450.0	69	9620.692888107951
451.0	66	9623.417491183665
452.0	96	9626.122234215012
453.0	75	9628.807522508987
454.0	72	9631.473752585374
455.0	64	9634.121312359624
456.0	87	9636.750581322287
457.0	74	9639.361930714864
458.0	85	9641.95572370221
459.0	74	9644.532315541674
460.0	79	9647.092053748758
461.0	76	9649.635278259639
462.0	75	9652.162321590446
463.0	76	9654.67350899337
464.0	81	9657.169158609739
465.0	69	9659.649581620008
466.0	62	9662.115082390756
467.0	76	9664.565958618821
468.0	72	9667.00250147251
469.0	68	9669.424995729954
470.0	82	9671.833719914766
471.0	81	9674.228946428933
472.0	79	9676.610941683048
473.0	73	9678.97996622388
474.0	88	9681.336274859412
475.0	81	9683.68011678138
476.0	63	9686.011735685199
477.0	64	9688.33136988763
478.0	81	9690.639252441928
479.0	72	9692.935611250663
480.0	92	9695.220669176295
481.0	68	9697.494644149445
482.0	69	9699.757749274946
483.0	71	9702.01019293577
484.0	77	9704.252178894743
485.0	79	9706.48390639421
486.0	70	9708.705570253702
487.0	83	9710.917360965468
488.0	63	9713.119464788162
489.0	68	9715.312063838417
490.0	90	9717.495336180802
491.0	76	9719.669455915588
492.0	65	9721.834593264917
493.0	72	9723.990914657103
494.0	80	9726.138582809159
495.0	66	9728.277756807653
496.0	78	9730.40859218781
497.0	69	9732.531241010971
498.0	74	9734.645851940537
499.0	73	9736.752570316134
500.0	72	9738.851538226372
501.0	64	9740.942894580017
502.0	63	9743.026775175631
503.0	91	9745.103312769827
504.0	69	9747.172637143973
505.0	83	9749.234875169626
506.0	79	9751.290150872434
507.0	67	9753.338585494763
508.0	62	9755.38029755702
509.0	76	9757.415402917566
510.0	88	9759.444014831515
511.0	74	9761.466244008147
512.0	69	9763.482198667089
513.0	89	9765.491984593442
514.0	86	9767.495705191612
515.0	79	9769.493461537939
516.0	63	9771.485352432377
517.0	83	9773.471474448932
518.0	78	9775.451921985
519.0	85	9777.42678730977
520.0	68	9779.396160611464
521.0	79	9781.360130043622
522.0	73	9783.318781770391
523.0	83	9785.272200010773
524.0	73	9787.220467082034
525.0	67	9789.163663442052
526.0	70	9791.101867730826
527.0	79	9793.035156811087
528.0	70	9794.963605807952
529.0	62	9796.88728814781
530.0	91	9798.806275596335
531.0	64	9800.720638295625
532.0	81	9802.63044480061
533.0	74	9804.535762114592
534.0	79	9806.436655724097
535.0	78	9808.333189632867
536.0	69	9810.225426395165
537.0	66	9812.113427148357
538.0	76	9813.997251644822
539.0	80	9815.87695828302
540.0	65	9817.752604138024
541.0	67	9819.62424499134
542.0	74	9821.491935360022
543.0	79	9823.355728525225
544.0	79	9825.215676560074
545.0	81	9827.071830356954
546.0	87	9828.92423965418
547.0	91	9830.772953062075
548.0	71	9832.61801808847
549.0	82	9834.45948116372
550.0	94	9836.297387664992
551.0	70	9838.131781940223
552.0	61	9839.96270733142
553.0	75	9841.790206197416
554.0	61	9843.614319936289
555.0	88	9845.435089007075
556.0	83	9847.252552951148
557.0	79	9849.066750413083
558.0	84	9850.877719161015
559.0	88	9852.685496106604
560.0	85	9854.490117324547
561.0	66	9856.291618071555
562.0	91	9858.09003280513
563.0	81	9859.88539520166
564.0	77	9861.67773817429
565.0	79	9863.467093890353
566.0	63	9865.253493788354
567.0	77	9867.036968594657
568.0	75	9868.817548339737
569.0	72	9870.595262374096
570.0	82	9872.370139383846
571.0	70	9874.142207405832
572.0	68	9875.911493842606
573.0	71	9877.678025476893
574.0	66	9879.441828485773
575.0	77	9881.202928454639
576.0	87	9882.961350390717
577.0	65	9884.71711873635
578.0	74	9886.470257381961
579.0	77	9888.220789678706
580.0	78	9889.96873845097
581.0	63	9891.714126008352
582.0	61	9893.456974157498
583.0	86	9895.197304213836
584.0	66	9896.935137012693
585.0	63	9898.67049292047
586.0	85	9900.40339184539
587.0	69	9902.133853248111
588.0	83	9903.861896151937
589.0	74	9905.587539153052
590.0	91	9907.310800430248
591.0	80	9909.031697754674
592.0	59	9910.75024849911
593.0	76	9912.466469647312
594.0	79	9914.180377802924
595.0	61	9915.891989198271
596.0	65	9917.601319702997
597.0	67	9919.308384832371
598.0	90	9921.013199755573
599.0	95	9922.715779303664
600.0	72	9924.41613797744
601.0	67	9926.114289955041
602.0	84	9927.810249099502
603.0	72	9929.504028966
604.0	56	9931.195642809012
605.0	80	9932.885103589335
606.0	89	9934.572423980819
607.0	77	9936.257616377121
608.0	70	9937.940692898135
609.0	67	9939.62166539642
610.0	84	9941.3005454634
611.0	80	9942.977344435365
612.0	81	9944.652073399538
613.0	76	9946.32474319973
614.0	83	9947.995364442115
615.0	89	9949.663947500709
616.0	69	9951.330502522804
617.0	82	9952.995039434218
618.0	63	9954.657567944489
619.0	95	9956.31809755192
620.0	94	9957.976637548469
621.0	70	9959.633197024586
622.0	90	9961.287784873926
623.0	68	9962.940409797928
624.0	80	9964.59108031031
625.0	78	9966.239804741492
626.0	87	9967.886591242743
627.0	71	9969.531447790567
628.0	64	9971.17438219063
629.0	74	9972.815402081818
630.0	91	9974.454514940158
631.0	78	9976.091728082567
632.0	69	9977.727048670644
633.0	78	9979.360483714241
634.0	83	9980.992040075093
635.0	86	9982.62172447022
636.0	78	9984.24954347534
637.0	76	9985.875503528197
638.0	70	9987.49961093176
639.0	76	9989.121871857435
640.0	93	9990.742292348117
641.0	87	9992.36087832117
642.0	64	9993.977635571478
643.0	79	9995.592569774211
644.0	75	9997.205686487681
645.0	69	9998.816991156089
646.0	83	10000.426489112238
647.0	86	10002.034185580056
648.0	76	10003.640085677238
649.0	66	10005.244194417712
650.0	80	10006.846516714133
651.0	86	10008.447057380117
652.0	75	10010.045821132748
653.0	72	10011.642812594762
654.0	81	10013.238036296763
655.0	82	10014.83149667938
656.0	75	10016.423198095457
657.0	63	10018.013144812041
658.0	60	10019.601341012441
659.0	80	10021.187790798202
660.0	78	10022.772498191009
661.0	69	10024.355467134594
662.0	72	10025.936701496545
663.0	89	10027.51620507014
664.0	66	10029.093981576098
665.0	79	10030.670034664188
666.0	94	10032.244367915067
667.0	83	10033.8169848418
668.0	71	10035.387888891442
669.0	64	10036.957083446701
670.0	95	10038.524571827342
671.0	65	10040.090357291752
672.0	70	10041.65444303833
673.0	55	10043.216832206957
674.0	86	10044.777527880333
675.0	88	10046.336533085354
676.0	72	10047.893850794437
677.0	67	10049.449483926755
678.0	59	10051.003435349596
679.0	79	10052.55570787944
680.0	75	10054.106304283327
681.0	81	10055.655227279898
682.0	91	10057.202479540594
683.0	61	10058.748063690762
684.0	83	10060.291982310762
685.0	71	10061.834237936982
686.0	78	10063.374833062919
687.0	77	10064.91377014021
688.0	74	10066.451051579581
689.0	64	10067.986679751793
690.0	76	10069.520656988694
691.0	81	10071.05298558399
692.0	78	10072.58366779429
693.0	61	10074.112705839876
694.0	82	10075.640101905621
695.0	67	10077.165858141843
696.0	85	10078.689976665031
697.0	75	10080.212459558737
698.0	73	10081.733308874329
699.0	74	10083.252526631733
700.0	86	10084.770114820185
701.0	82	10086.28607539898
702.0	81	10087.80041029817
703.0	74	10089.313121419214
704.0	79	10090.824210635708
705.0	93	10092.333679794026
706.0	96	10093.84153071398
707.0	67	10095.347765189379
708.0	77	10096.852384988752
709.0	79	10098.355391855855
710.0	87	10099.856787510324
711.0	74	10101.35657364818
712.0	79	10102.854751942432
713.0	68	10104.35132404364
714.0	83	10105.846291580352
715.0	67	10107.339656159744
716.0	61	10108.831419368049
717.0	76	10110.321582771052
718.0	69	10111.810147914644
719.0	65	10113.297116325202
720.0	69	10114.78248951008
721.0	94	10116.266268958108
722.0	81	10117.748456139943
723.0	71	10119.22905250859
724.0	68	10120.708059499733
725.0	79	10122.18547853222
726.0	70	10123.661311008369
727.0	79	10125.135558314485
728.0	74	10126.608221821121
729.0	82	10128.079302883478
730.0	68	10129.548802841819
731.0	86	10131.016723021788
732.0	68	10132.483064734697
733.0	71	10133.947829277995
734.0	73	10135.411017935456
735.0	96	10136.872631977594
736.0	64	10138.332672661922
737.0	68	10139.7911412333
738.0	79	10141.248038924197
739.0	82	10142.703366954995
740.0	70	10144.157126534294
741.0	55	10145.609318859135
742.0	74	10147.05994511536
743.0	77	10148.509006477756
744.0	84	10149.956504110425
745.0	67	10151.402439166981
746.0	68	10152.846812790789
747.0	89	10154.28962611524
748.0	80	10155.730880263918
749.0	86	10157.170576350962
750.0	75	10158.608715481098
751.0	80	10160.045298750038
752.0	68	10161.480327244572
753.0	68	10162.913802042835
754.0	65	10164.345724214492
755.0	77	10165.776094820934
756.0	82	10167.20491491548
757.0	70	10168.632185543536
758.0	88	10170.057907742825
759.0	73	10171.482082543516
760.0	81	10172.904710968456
761.0	82	10174.325794033271
762.0	74	10175.745332746597
763.0	69	10177.163328110237
764.0	61	10178.579781119231
765.0	84	10179.994692762137
766.0	80	10181.408064021127
767.0	67	10182.819895872086
768.0	80	10184.230189284843
769.0	76	10185.638945223234
770.0	91	10187.046164645335
771.0	84	10188.451848503488
772.0	86	10189.855997744466
773.0	72	10191.25861330965
774.0	71	10192.659696135124
775.0	81	10194.05924715176
776.0	75	10195.457267285386
777.0	88	10196.85375745688
778.0	71	10198.248718582281
779.0	83	10199.64215157292
780.0	73	10201.034057335486
781.0	68	10202.424436772166
782.0	81	10203.813290780761
783.0	79	10205.200620254735
784.0	84	10206.58642608333
785.0	72	10207.970709151738
786.0	75	10209.353470341042
787.0	79	10210.734710528452
788.0	94	10212.1144305873
789.0	65	10213.49263138719
790.0	76	10214.869313794015
791.0	71	10216.244478670116
792.0	74	10217.618126874304
793.0	73	10218.990259261964
794.0	88	10220.360876685108
795.0	71	10221.729979992486
796.0	80	10223.097570029635
797.0	75	10224.463647638942
798.0	72	10225.828213659745
799.0	68	10227.191268928374
800.0	83	10228.552814278199
801.0	78	10229.912850539773
802.0	70	10231.271378540814
803.0	82	10232.628399106268
804.0	76	10233.983913058431
805.0	74	10235.337921216957
806.0	71	10236.690424398925
807.0	63	10238.041423418921
808.0	67	10239.39091908905
809.0	78	10240.738912219014
810.0	75	10242.085403616173
811.0	75	10243.430394085533
812.0	69	10244.773884429911
813.0	89	10246.115875449885
814.0	82	10247.456367943865
815.0	70	10248.795362708148
816.0	79	10250.132860536956
817.0	70	10251.468862222504
818.0	60	10252.803368555004
819.0	66	10254.136380322743
820.0	78	10255.467898312083
821.0	82	10256.797923307528
822.0	93	10258.12645609177
823.0	74	10259.453497445698
824.0	79	10260.77904814847
825.0	66	10262.103108977513
826.0	72	10263.425680708571
827.0	63	10264.746764115762
828.0	82	10266.066359971566
829.0	74	10267.384469046916
830.0	80	10268.701092111176
831.0	62	10270.016229932171
832.0	59	10271.329883276298
833.0	81	10272.642052908432
834.0	84	10273.9527395921
835.0	83	10275.261944089296
836.0	81	10276.569667160804
837.0	76	10277.87590956591
838.0	87	10279.180672062697
839.0	77	10280.48395540788
840.0	74	10281.785760356957
841.0	77	10283.086087664109
842.0	87	10284.384938082363
843.0	81	10285.682312363511
844.0	66	10286.978211258178
845.0	65	10288.272635515841
846.0	88	10289.565585884815
847.0	69	10290.857063112348
848.0	81	10292.147067944526
849.0	68	10293.435601126439
850.0	84	10294.722663402088
851.0	84	10296.008255514447
852.0	67	10297.292378205437
853.0	71	10298.575032216047
854.0	79	10299.85621828623
855.0	83	10301.135937155008
856.0	68	10302.414189560453
857.0	70	10303.690976239699
858.0	75	10304.96629792894
859.0	70	10306.240155363523
860.0	83	10307.512549277895
861.0	70	10308.783480405627
862.0	72	10310.052949479415
863.0	82	10311.320957231135
864.0	72	10312.58750439188
865.0	80	10313.852591691844
866.0	80	10315.11621986047
867.0	75	10316.378389626449
868.0	74	10317.639101717614
869.0	70	10318.898356861111
870.0	75	10320.156155783307
871.0	72	10321.412499209806
872.0	66	10322.667387865513
873.0	70	10323.920822474629
874.0	83	10325.17280376062
875.0	82	10326.423332446257
876.0	81	10327.672409253672
877.0	73	10328.920034904248
878.0	73	10330.166210118787
879.0	59	10331.410935617363
880.0	69	10332.65421211943
881.0	75	10333.89604034382
882.0	76	10335.136421008736
883.0	84	10336.375354831724
884.0	92	10337.612842529767
885.0	79	10338.848884819197
886.0	83	10340.083482415816
887.0	81	10341.316636034775
888.0	61	10342.548346390664
889.0	66	10343.778614197527
890.0	74	10345.007440168825
891.0	82	10346.234825017425
892.0	72	10347.460769455729
893.0	74	10348.685274195515
894.0	67	10349.908339948071
895.0	71	10351.129967424124
896.0	69	10352.350157333889
897.0	63	10353.568910387077
898.0	82	10354.786227292869
899.0	86	10356.002108759922
900.0	63	10357.216555496438
901.0	85	10358.429568210106
902.0	75	10359.641147608098
903.0	75	10360.851294397135
904.0	63	10362.060009283436
905.0	77	10363.267292972765
906.0	86	10364.473146170398
907.0	76	10365.677569581163
908.0	82	10366.880563909413
909.0	51	10368.082129859062
910.0	68	10369.282268133578
911.0	78	10370.480979435946
912.0	73	10371.678264468717
913.0	82	10372.874123934076
914.0	83	10374.068558533658
915.0	89	10375.261568968768
916.0	89	10376.453155940204
917.0	65	10377.643320148429
918.0	78	10378.832062293413
919.0	73	10380.019383074741
920.0	69	10381.205283191584
921.0	86	10382.389763342699
922.0	76	10383.57282422645
923.0	66	10384.754466540777
924.0	79	10385.934690983275
925.0	80	10387.113498251092
926.0	84	10388.290889040958
927.0	55	10389.466864049302
928.0	67	10390.641423972102
929.0	68	10391.814569504968
930.0	79	10392.986301343128
931.0	77	10394.156620181446
932.0	64	10395.325526714374
933.0	73	10396.493021636034
934.0	71	10397.659105640168
935.0	68	10398.823779420127
936.0	83	10399.987043668913
937.0	74	10401.148899079164
938.0	66	10402.309346343163
939.0	89	10403.468386152823
940.0	82	10404.626019199692
941.0	75	10405.782246174998
942.0	70	10406.937067769573
943.0	78	10408.090484673936
944.0	74	10409.242497578232
945.0	83	10410.393107172285
946.0	73	10411.542314145541
947.0	79	10412.690119187142
948.0	85	10413.836522985874
949.0	68	10414.981526230134
950.0	78	10416.125129608068
951.0	62	10417.267333807431
952.0	94	10418.408139515672
953.0	77	10419.547547419867
954.0	68	10420.68555820681
955.0	69	10421.822172562917
956.0	84	10422.957391174325
957.0	93	10424.09121472682
958.0	104	10425.223643905865
959.0	74	10426.354679396589
960.0	74	10427.484321883809
961.0	110	10428.612572052016
962.0	70	10429.739430585403
963.0	88	10430.86489816782
964.0	72	10431.988975482798
965.0	84	10433.111663213575
966.0	73	10434.232962043046
967.0	81	10435.352872653835
968.0	82	10436.47139572818
969.0	81	10437.58853194808
970.0	89	10438.704281995206
971.0	75	10439.8186465509
972.0	66	10440.9316262962
973.0	68	10442.043221911861
974.0	71	10443.153434078284
975.0	76	10444.262263475606
976.0	71	10445.369710783676
977.0	72	10446.475776681975
978.0	75	10447.580461849737
979.0	68	10448.683766965867
980.0	63	10449.785692708994
981.0	73	10450.886239757401
982.0	72	10451.985408789145
983.0	74	10453.08320048191
984.0	79	10454.179615513101
985.0	54	10455.274654559867
986.0	77	10456.36831829904
987.0	89	10457.460607407127
988.0	97	10458.551522560363
989.0	66	10459.64106443471
990.0	63	10460.729233705806
991.0	84	10461.81603104901
992.0	72	10462.901457139373
993.0	82	10463.985512651694
994.0	58	10465.068198260436
995.0	71	10466.149514639797
996.0	82	10467.229462463682
997.0	80	10468.308042405713
998.0	73	10469.385255139208
999.0	82	10470.461101337207
1000.0	75	10471.535581672455
1001.0	83	10472.608696817455
1002.0	95	10473.68044744434
1003.0	59	10474.750834225031
1004.0	65	10475.819857831133
1005.0	73	10476.887518933983
1006.0	65	10477.9538182046
1007.0	81	10479.018756313768
1008.0	92	10480.082333931954
1009.0	83	10481.14455172934
1010.0	80	10482.205410375866
1011.0	64	10483.26491054113
1012.0	89	10484.323052894493
1013.0	92	10485.379838105038
1014.0	78	10486.435266841521
1015.0	77	10487.489339772495
1016.0	76	10488.542057566163
1017.0	86	10489.593420890475
1018.0	86	10490.643430413123
1019.0	73	10491.692086801466
1020.0	83	10492.739390722663
1021.0	60	10493.78534284352
1022.0	70	10494.829943830608
1023.0	74	10495.87319435021
1024.0	71	10496.915095068343
1025.0	88	10497.955646650737
1026.0	75	10498.994849762841
1027.0	88	10500.032705069842
1028.0	76	10501.06921323665
1029.0	62	10502.1043749279
1030.0	72	10503.138190807942
1031.0	92	10504.170661540866
1032.0	80	10505.201787790458
1033.0	81	10506.231570220289
1034.0	85	10507.260009493608
1035.0	74	10508.287106273394
1036.0	79	10509.31286122238
1037.0	66	10510.337275003018
1038.0	83	10511.360348277462
1039.0	67	10512.382081707614
1040.0	82	10513.402475955132
1041.0	58	10514.421531681339
1042.0	84	10515.439249547337
1043.0	74	10516.455630213954
1044.0	81	10517.470674341723
1045.0	82	10518.484382590927
1046.0	68	10519.496755621572
1047.0	85	10520.507794093397
1048.0	84	10521.517498665868
1049.0	88	10522.525869998162
1050.0	74	10523.532908749241
1051.0	81	10524.538615577756
1052.0	70	10525.542991142092
1053.0	85	10526.546036100372
1054.0	68	10527.54775111045
1055.0	82	10528.548136829922
1056.0	71	10529.547193916093
1057.0	84	10530.54492302603
1058.0	90	10531.541324816508
1059.0	66	10532.536399944047
1060.0	84	10533.530149064884
1061.0	84	10534.52257283503
1062.0	95	10535.513671910181
1063.0	60	10536.5034469458
1064.0	92	10537.491898597065
1065.0	83	10538.479027518895
1066.0	77	10539.464834365928
1067.0	81	10540.449319792591
1068.0	86	10541.432484452976
1069.0	85	10542.414329000942
1070.0	76	10543.394854090062
1071.0	74	10544.374060373697
1072.0	84	10545.351948504898
1073.0	86	10546.32851913645
1074.0	93	10547.3037729209
1075.0	71	10548.277710510522
1076.0	71	10549.25033255729
1077.0	98	10550.221639712989
1078.0	88	10551.191632629034
1079.0	78	10552.1603119567
1080.0	76	10553.127678346918
1081.0	77	10554.093732450348
1082.0	81	10555.05847491744
1083.0	98	10556.02190639835
1084.0	84	10556.984027542963
1085.0	78	10557.944839000938
1086.0	82	10558.904341421627
1087.0	90	10559.862535454136
1088.0	89	10560.819421747348
1089.0	62	10561.7750009498
1090.0	80	10562.729273709849
1091.0	75	10563.682240675556
1092.0	90	10564.633902494701
1093.0	59	10565.584259814847
1094.0	83	10566.53331328323
1095.0	85	10567.48106354692
1096.0	95	10568.427511252637
1097.0	75	10569.372657046895
1098.0	77	10570.316501575919
1099.0	71	10571.25904548566
1100.0	74	10572.200289421868
1101.0	77	10573.14023402996
1102.0	69	10574.078879955157
1103.0	86	10575.016227842365
1104.0	82	10575.952278336283
1105.0	84	10576.887032081298
1106.0	87	10577.820489721558
1107.0	86	10578.752651900988
1108.0	81	10579.683519263184
1109.0	72	10580.613092451533
1110.0	91	10581.541372109148
1111.0	70	10582.468358878874
1112.0	66	10583.394053403328
1113.0	92	10584.31845632483
1114.0	82	10585.24156828546
1115.0	70	10586.163389927025
1116.0	80	10587.08392189112
1117.0	91	10588.003164818998
1118.0	80	10588.921119351744
1119.0	73	10589.837786130134
1120.0	88	10590.753165794671
1121.0	62	10591.66725898565
1122.0	82	10592.580066343085
1123.0	64	10593.4915885067
1124.0	71	10594.40182611601
1125.0	72	10595.310779810252
1126.0	89	10596.218450228429
1127.0	77	10597.124838009222
1128.0	64	10598.029943791127
1129.0	72	10598.933768212331
1130.0	75	10599.836311910809
1131.0	73	10600.737575524245
1132.0	74	10601.637559690083
1133.0	78	10602.536265045497
1134.0	82	10603.433692227421
1135.0	80	10604.329841872519
1136.0	66	10605.224714617201
1137.0	72	10606.118311097633
1138.0	67	10607.010631949708
1139.0	84	10607.901677809072
1140.0	79	10608.79144931112
1141.0	76	10609.679947090974
1142.0	91	10610.567171783516
1143.0	81	10611.453124023372
1144.0	73	10612.337804444916
1145.0	80	10613.221213682238
1146.0	79	10614.103352369197
1147.0	77	10614.98422113939
1148.0	79	10615.863820626197
1149.0	79	10616.742151462671
1150.0	69	10617.61921428167
1151.0	81	10618.495009715765
1152.0	73	10619.369538397274
1153.0	70	10620.242800958287
1154.0	70	10621.114798030605
1155.0	69	10621.985530245813
1156.0	59	10622.854998235198
1157.0	66	10623.723202629808
1158.0	80	10624.590144060483
1159.0	78	10625.455823157734
1160.0	63	10626.320240551868
1161.0	73	10627.183396872928
1162.0	80	10628.045292750689
1163.0	76	10628.905928814695
1164.0	77	10629.765305694202
1165.0	81	10630.62342401828
1166.0	74	10631.48028441565
1167.0	87	10632.33588751486
1168.0	81	10633.190233944177
1169.0	84	10634.043324331618
1170.0	85	10634.895159304919
1171.0	72	10635.74573949162
1172.0	73	10636.595065518954
1173.0	85	10637.443138013938
1174.0	82	10638.289957603301
1175.0	71	10639.135524913558
1176.0	81	10639.979840570953
1177.0	82	10640.822905201481
1178.0	75	10641.664719430888
1179.0	81	10642.505283884648
1180.0	67	10643.344599188023
1181.0	84	10644.18266596597
1182.0	71	10645.019484843246
1183.0	95	10645.855056444323
1184.0	79	10646.689381393446
1185.0	84	10647.522460314587
1186.0	87	10648.354293831464
1187.0	86	10649.184882567575
1188.0	60	10650.01422714612
1189.0	84	10650.842328190114
1190.0	77	10651.669186322253
1191.0	70	10652.49480216503
1192.0	80	10653.319176340638
1193.0	72	10654.142309471092
1194.0	69	10654.964202178075
1195.0	76	10655.784855083073
1196.0	72	10656.604268807338
1197.0	77	10657.4224439718
1198.0	83	10658.239381197196
1199.0	73	10659.055081104007
1200.0	90	10659.869544312432
1201.0	73	10660.68277144247
1202.0	78	10661.494763113818
1203.0	98	10662.305519945981
1204.0	88	10663.115042558156
1205.0	79	10663.923331569313
1206.0	71	10664.730387598212
1207.0	70	10665.536211263277
1208.0	85	10666.340803182777
1209.0	84	10667.14416397467
1210.0	71	10667.94629425667
1211.0	73	10668.747194646283
1212.0	84	10669.54686576072
1213.0	68	10670.345308216978
1214.0	77	10671.142522631782
1215.0	62	10671.938509621628
1216.0	73	10672.733269802717
1217.0	70	10673.526803791065
1218.0	74	10674.319112202444
1219.0	76	10675.110195652269
1220.0	70	10675.900054755837
1221.0	76	10676.688690128125
1222.0	76	10677.476102383886
1223.0	87	10678.262292137628
1224.0	71	10679.047260003581
1225.0	86	10679.831006595768
1226.0	85	10680.613532527945
1227.0	81	10681.394838413607
1228.0	95	10682.174924866045
1229.0	78	10682.95379249824
1230.0	81	10683.731441922984
1231.0	76	10684.50787375279
1232.0	75	10685.283088599936
1233.0	81	10686.057087076437
1234.0	82	10686.829869794095
1235.0	84	10687.601437364408
1236.0	89	10688.371790398709
1237.0	69	10689.140929508007
1238.0	84	10689.908855303116
1239.0	85	10690.675568394567
1240.0	81	10691.441069392664
1241.0	77	10692.205358907468
1242.0	74	10692.968437548798
1243.0	69	10693.730305926201
1244.0	82	10694.490964649003
1245.0	68	10695.250414326278
1246.0	67	10696.00865556685
1247.0	87	10696.765688979302
1248.0	67	10697.52151517197
1249.0	76	10698.276134752947
1250.0	82	10699.029548330067
1251.0	79	10699.781756510936
1252.0	87	10700.53275990293
1253.0	88	10701.282559113108
1254.0	65	10702.031154748383
1255.0	70	10702.778547415352
1256.0	63	10703.524737720401
1257.0	71	10704.269726269638
1258.0	77	10705.013513668971
1259.0	71	10705.756100524048
1260.0	73	10706.497487440249
1261.0	78	10707.237675022743
1262.0	69	10707.976663876407
1263.0	73	10708.71445460595
1264.0	85	10709.45104781574
1265.0	83	10710.186444110015
1266.0	74	10710.92064409265
1267.0	69	10711.653648367368
1268.0	90	10712.385457537619
1269.0	62	10713.116072206562
1270.0	56	10713.845492977216
1271.0	79	10714.573720452256
1272.0	97	10715.300755234151
1273.0	91	10716.02659792515
1274.0	91	10716.751249127223
1275.0	74	10717.47470944213
1276.0	78	10718.196979471328
1277.0	74	10718.918059816137
1278.0	80	10719.63795107753
1279.0	86	10720.356653856285
1280.0	79	10721.07416875291
1281.0	81	10721.790496367737
1282.0	77	10722.505637300785
1283.0	78	10723.219592151845
1284.0	69	10723.932361520488
1285.0	67	10724.64394600603
1286.0	70	10725.354346207543
1287.0	81	10726.063562723864
1288.0	79	10726.77159615358
1289.0	76	10727.478447095027
1290.0	73	10728.18411614634
1291.0	81	10728.888603905383
1292.0	75	10729.591910969748
1293.0	78	10730.294037936841
1294.0	75	10730.994985403811
1295.0	79	10731.694753967551
1296.0	78	10732.393344224722
1297.0	71	10733.090756771715
1298.0	95	10733.786992204747
1299.0	75	10734.482051119732
1300.0	74	10735.17593411238
1301.0	77	10735.868641778128
1302.0	70	10736.560174712204
1303.0	75	10737.250533509578
1304.0	81	10737.939718764983
1305.0	70	10738.627731072895
1306.0	69	10739.314571027604
1307.0	66	10740.00023922308
1308.0	76	10740.684736253123
1309.0	85	10741.36806271126
1310.0	90	10742.050219190776
1311.0	73	10742.731206284738
1312.0	88	10743.411024585943
1313.0	83	10744.089674686968
1314.0	84	10744.767157180142
1315.0	75	10745.44347265759
1316.0	74	10746.11862171112
1317.0	64	10746.79260493237
1318.0	61	10747.465422912728
1319.0	72	10748.137076243302
1320.0	69	10748.807565515022
1321.0	83	10749.476891318533
1322.0	80	10750.145054244247
1323.0	66	10750.812054882354
1324.0	79	10751.477893822792
1325.0	69	10752.142571655266
1326.0	70	10752.806088969253
1327.0	87	10753.46844635397
1328.0	79	10754.12964439839
1329.0	79	10754.789683691308
1330.0	79	10755.448564821183
1331.0	85	10756.10628837633
1332.0	83	10756.76285494477
1333.0	83	10757.418265114287
1334.0	80	10758.072519472466
1335.0	70	10758.725618606622
1336.0	77	10759.377563103839
1337.0	84	10760.028353550966
1338.0	63	10760.6779905346
1339.0	77	10761.326474641124
1340.0	77	10761.973806456679
1341.0	67	10762.619986567182
1342.0	80	10763.265015558252
1343.0	68	10763.908894015345
1344.0	100	10764.551622523604
1345.0	56	10765.19320166804
1346.0	76	10765.833632033338
1347.0	84	10766.472914203965
1348.0	67	10767.111048764174
1349.0	74	10767.748036297977
1350.0	71	10768.383877389128
1351.0	83	10769.018572621153
1352.0	84	10769.652122577365
1353.0	83	10770.284527840815
1354.0	84	10770.91578899432
1355.0	87	10771.545906620473
1356.0	69	10772.174881301627
1357.0	86	10772.80271361989
1358.0	80	10773.429404157148
1359.0	76	10774.054953495026
1360.0	94	10774.679362214962
1361.0	87	10775.30263089811
1362.0	75	10775.924760125416
1363.0	77	10776.545750477579
1364.0	76	10777.165602535071
1365.0	73	10777.784316878098
1366.0	67	10778.401894086683
1367.0	73	10779.018334740587
1368.0	84	10779.633639419339
1369.0	83	10780.247808702203
1370.0	84	10780.860843168262
1371.0	84	10781.472743396345
1372.0	71	10782.083509965016
1373.0	68	10782.693143452656
1374.0	83	10783.301644437359
1375.0	73	10783.909013497034
1376.0	83	10784.515251209301
1377.0	83	10785.120358151622
1378.0	69	10785.724334901144
1379.0	90	10786.327182034813
1380.0	71	10786.928900129364
1381.0	85	10787.529489761286
1382.0	77	10788.128951506795
1383.0	72	10788.727285941937
1384.0	77	10789.324493642482
1385.0	82	10789.920575183976
1386.0	67	10790.515531141727
1387.0	98	10791.109362090823
1388.0	92	10791.702068606113
1389.0	88	10792.293651262224
1390.0	72	10792.884110633511
1391.0	65	10793.473447294127
1392.0	74	10794.061661818001
1393.0	77	10794.64875477883
1394.0	74	10795.234726750028
1395.0	61	10795.819578304856
1396.0	84	10796.403310016263
1397.0	82	10796.98592245702
1398.0	82	10797.567416199645
1399.0	72	10798.147791816435
1400.0	76	10798.727049879433
1401.0	84	10799.305190960473
1402.0	86	10799.882215631136
1403.0	72	10800.458124462819
1404.0	75	10801.032918026596
1405.0	76	10801.606596893405
1406.0	76	10802.179161633914
1407.0	80	10802.75061281854
1408.0	57	10803.320951017487
1409.0	74	10803.890176800734
1410.0	58	10804.458290738019
1411.0	85	10805.025293398843
1412.0	75	10805.59118535251
1413.0	107	10806.155967168046
1414.0	76	10806.719639414268
1415.0	83	10807.282202659759
1416.0	91	10807.843657472908
1417.0	67	10808.404004421787
1418.0	81	10808.963244074312
1419.0	79	10809.521376998164
1420.0	90	10810.078403760763
1421.0	80	10810.634324929302
1422.0	80	10811.189141070765
1423.0	89	10811.74285275189
1424.0	89	10812.295460539197
1425.0	75	10812.846964998951
1426.0	80	10813.397366697207
1427.0	75	10813.946666199812
1428.0	78	10814.494864072316
1429.0	84	10815.041960880135
1430.0	85	10815.58795718836
1431.0	66	10816.132853561907
1432.0	78	10816.676650565454
1433.0	65	10817.219348763449
1434.0	77	10817.7609487201
1435.0	77	10818.301450999392
1436.0	84	10818.840856165114
1437.0	81	10819.379164780748
1438.0	82	10819.916377409621
1439.0	77	10820.452494614807
1440.0	87	10820.987516959138
1441.0	85	10821.521445005223
1442.0	92	10822.054279315456
1443.0	72	10822.58602045201
1444.0	73	10823.116668976783
1445.0	87	10823.64622545148
1446.0	95	10824.174690437605
1447.0	71	10824.70206449636
1448.0	78	10825.228348188788
1449.0	76	10825.753542075665
1450.0	86	10826.277646717557
1451.0	87	10826.800662674801
1452.0	67	10827.322590507476
1453.0	62	10827.843430775494
1454.0	76	10828.363184038484
1455.0	70	10828.88185085587
1456.0	65	10829.399431786856
1457.0	82	10829.915927390397
1458.0	64	10830.431338225242
1459.0	65	10830.945664849898
1460.0	78	10831.458907822636
1461.0	81	10831.971067701546
1462.0	85	10832.48214504445
1463.0	78	10832.992140408953
1464.0	80	10833.50105435242
1465.0	91	10834.008887432015
1466.0	90	10834.515640204665
1467.0	73	10835.021313227055
1468.0	72	10835.525907055673
1469.0	76	10836.029422246771
1470.0	72	10836.531859356346
1471.0	78	10837.033218940205
1472.0	72	10837.533501553926
1473.0	70	10838.032707752833
1474.0	67	10838.530838092058
1475.0	69	10839.02789312647
1476.0	70	10839.523873410764
1477.0	90	10840.018779499347
1478.0	97	10840.512611946466
1479.0	74	10841.005371306066
1480.0	87	10841.49705813195
1481.0	71	10841.987672977644
1482.0	90	10842.477216396452
1483.0	76	10842.965688941473
1484.0	92	10843.453091165547
1485.0	75	10843.939423621343
1486.0	74	10844.424686861246
1487.0	84	10844.90888143745
1488.0	69	10845.392007901939
1489.0	72	10845.874066806426
1490.0	87	10846.35505870242
1491.0	77	10846.834984141238
1492.0	84	10847.31384367393
1493.0	82	10847.791637851315
1494.0	95	10848.268367224058
1495.0	75	10848.744032342503
1496.0	83	10849.218633756847
1497.0	85	10849.692172017025
1498.0	68	10850.16464767276
1499.0	66	10850.636061273566
1500.0	80	10851.106413368669
1501.0	69	10851.57570450714
1502.0	78	10852.043935237842
1503.0	86	10852.511106109325
1504.0	91	10852.977217669995
1505.0	84	10853.442270468002
1506.0	74	10853.906265051271
1507.0	76	10854.369201967509
1508.0	74	10854.83108176424
1509.0	71	10855.291904988673
1510.0	74	10855.751672187875
1511.0	80	10856.210383908669
1512.0	79	10856.668040697641
1513.0	92	10857.124643101153
1514.0	73	10857.580191665382
1515.0	65	10858.034686936231
1516.0	73	10858.488129459407
1517.0	70	10858.940519780399
1518.0	84	10859.391858444467
1519.0	71	10859.842145996648
1520.0	81	10860.291382981757
1521.0	94	10860.73956994439
1522.0	79	10861.186707428911
1523.0	72	10861.632795979485
1524.0	74	10862.077836140028
1525.0	73	10862.521828454244
1526.0	70	10862.964773465616
1527.0	85	10863.40667171744
1528.0	72	10863.847523752715
1529.0	77	10864.287330114286
1530.0	51	10864.726091344748
1531.0	75	10865.163807986484
1532.0	84	10865.600480581637
1533.0	78	10866.036109672163
1534.0	79	10866.470695799768
1535.0	86	10866.90423950593
1536.0	83	10867.336741331956
1537.0	79	10867.768201818866
1538.0	63	10868.19862150751
1539.0	74	10868.628000938512
1540.0	66	10869.056340652238
1541.0	69	10869.483641188881
1542.0	78	10869.909903088368
1543.0	74	10870.33512689045
1544.0	80	10870.759313134631
1545.0	94	10871.182462360202
1546.0	76	10871.604575106236
1547.0	72	10872.025651911592
1548.0	84	10872.44569331488
1549.0	66	10872.86469985452
1550.0	66	10873.282672068706
1551.0	74	10873.699610495403
1552.0	80	10874.115515672393
1553.0	87	10874.530388137158
1554.0	83	10874.944228427055
1555.0	74	10875.357037079173
1556.0	87	10875.76881463036
1557.0	71	10876.179561617311
1558.0	69	10876.589278576446
1559.0	97	10876.997966043966
1560.0	74	10877.405624555895
1561.0	88	10877.812254648003
1562.0	84	10878.217856855852
1563.0	79	10878.622431714799
1564.0	86	10879.025979759946
1565.0	85	10879.428501526223
1566.0	72	10879.829997548311
1567.0	82	10880.230468360678
1568.0	83	10880.629914497576
1569.0	75	10881.028336493035
1570.0	91	10881.42573488089
1571.0	81	10881.822110194717
1572.0	77	10882.217462967907
1573.0	77	10882.611793733618
1574.0	76	10883.005103024801
1575.0	81	10883.397391374181
1576.0	86	10883.788659314263
1577.0	82	10884.17890737734
1578.0	89	10884.568136095484
1579.0	89	10884.956346000574
1580.0	68	10885.343537624232
1581.0	59	10885.729711497881
1582.0	79	10886.114868152721
1583.0	72	10886.499008119761
1584.0	73	10886.882131929771
1585.0	81	10887.264240113287
1586.0	64	10887.645333200673
1587.0	74	10888.02541172202
1588.0	81	10888.404476207259
1589.0	78	10888.782527186082
1590.0	88	10889.159565187956
1591.0	82	10889.535590742116
1592.0	71	10889.910604377632
1593.0	64	10890.284606623314
1594.0	85	10890.657598007763
1595.0	74	10891.029579059385
1596.0	87	10891.400550306347
1597.0	74	10891.770512276615
1598.0	90	10892.139465497936
1599.0	89	10892.507410497821
1600.0	86	10892.87434780361
1601.0	77	10893.240277942377
1602.0	81	10893.605201441022
1603.0	75	10893.969118826191
1604.0	73	10894.332030624357
1605.0	81	10894.693937361752
1606.0	72	10895.054839564385
1607.0	78	10895.41473775807
1608.0	76	10895.773632468408
1609.0	74	10896.131524220751
1610.0	92	10896.488413540283
1611.0	99	10896.844300951932
1612.0	84	10897.199186980442
1613.0	57	10897.553072150327
1614.0	72	10897.905956985896
1615.0	82	10898.257842011237
1616.0	93	10898.608727750208
1617.0	65	10898.958614726498
1618.0	70	10899.307503463522
1619.0	66	10899.655394484531
1620.0	70	10900.002288312524
1621.0	78	10900.348185470326
1622.0	70	10900.69308648053
1623.0	81	10901.036991865489
1624.0	78	10901.379902147371
1625.0	79	10901.721817848143
1626.0	75	10902.06273948951
1627.0	64	10902.402667593024
1628.0	84	10902.741602679982
1629.0	96	10903.079545271468
1630.0	79	10903.416495888374
1631.0	65	10903.752455051366
1632.0	87	10904.087423280916
1633.0	98	10904.42140109725
1634.0	69	10904.754389020381
1635.0	73	10905.086387570158
1636.0	70	10905.417397266161
1637.0	71	10905.747418627789
1638.0	101	10906.076452174233
1639.0	78	10906.404498424434
1640.0	78	10906.731557897177
1641.0	69	10907.05763111099
1642.0	74	10907.382718584184
1643.0	71	10907.706820834896
1644.0	86	10908.029938381025
1645.0	84	10908.352071740264
1646.0	86	10908.6732214301
1647.0	75	10908.993387967786
1648.0	88	10909.312571870394
1649.0	70	10909.630773654764
1650.0	83	10909.947993837523
1651.0	66	10910.264232935104
1652.0	74	10910.579491463719
1653.0	96	10910.893769939355
1654.0	71	10911.2070688778
1655.0	75	10911.519388794639
1656.0	77	10911.830730205245
1657.0	84	10912.141093624754
1658.0	86	10912.450479568117
1659.0	77	10912.758888550068
1660.0	72	10913.066321085118
1661.0	60	10913.37277768758
1662.0	79	10913.678258871576
1663.0	77	10913.982765150979
1664.0	66	10914.286297039453
1665.0	100	10914.588855050475
1666.0	75	10914.890439697323
1667.0	87	10915.191051493013
1668.0	64	10915.490690950413
1669.0	81	10915.789358582128
1670.0	79	10916.08705490058
1671.0	100	10916.383780417986
1672.0	82	10916.679535646314
1673.0	74	10916.974321097381
1674.0	60	10917.26813728276
1675.0	75	10917.5609847138
1676.0	75	10917.852863901679
1677.0	65	10918.14377535733
1678.0	76	10918.433719591492
1679.0	79	10918.722697114705
1680.0	85	10919.01070843729
1681.0	62	10919.297754069348
1682.0	83	10919.583834520798
1683.0	83	10919.868950301297
1684.0	76	10920.153101920352
1685.0	83	10920.436289887244
1686.0	65	10920.71851471104
1687.0	78	10920.999776900568
1688.0	72	10921.2800769645
1689.0	79	10921.559415411277
1690.0	70	10921.837792749116
1691.0	80	10922.115209486054
1692.0	58	10922.391666129894
1693.0	82	10922.667163188244
1694.0	93	10922.941701168507
1695.0	67	10923.215280577875
1696.0	83	10923.487901923305
1697.0	80	10923.759565711605
1698.0	71	10924.030272449307
1699.0	76	10924.300022642794
1700.0	72	10924.56881679821
1701.0	81	10924.836655421484
1702.0	67	10925.103539018368
1703.0	79	10925.369468094375
1704.0	81	10925.634443154833
1705.0	86	10925.89846470484
1706.0	91	10926.161533249318
1707.0	80	10926.423649292969
1708.0	89	10926.684813340242
1709.0	75	10926.945025895475
1710.0	64	10927.2042874627
1711.0	82	10927.462598545808
1712.0	79	10927.71995964846
1713.0	76	10927.97637127411
1714.0	67	10928.231833926004
1715.0	108	10928.486348107195
1716.0	91	10928.739914320486
1717.0	82	10928.992533068536
1718.0	78	10929.244204853774
1719.0	83	10929.494930178385
1720.0	80	10929.744709544408
1721.0	80	10929.993543453624
1722.0	81	10930.241432407664
1723.0	97	10930.48837690787
1724.0	78	10930.734377455477
1725.0	79	10930.979434551435
1726.0	84	10931.223548696518
1727.0	76	10931.466720391323
1728.0	71	10931.708950136173
1729.0	83	10931.95023843125
1730.0	73	10932.190585776505
1731.0	74	10932.429992671687
1732.0	79	10932.668459616318
1733.0	79	10932.905987109736
1734.0	85	10933.142575651103
1735.0	87	10933.378225739309
1736.0	84	10933.612937873088
1737.0	76	10933.846712550954
1738.0	73	10934.079550271228
1739.0	67	10934.311451532
1740.0	64	10934.542416831167
1741.0	69	10934.772446666455
1742.0	84	10935.001541535326
1743.0	89	10935.229701935074
1744.0	78	10935.456928362779
1745.0	82	10935.683221315341
1746.0	81	10935.908581289414
1747.0	92	10936.13300878147
1748.0	77	10936.356504287778
1749.0	96	10936.57906830439
1750.0	91	10936.800701327187
1751.0	85	10937.021403851806
1752.0	67	10937.241176373698
1753.0	71	10937.46001938811
1754.0	76	10937.677933390085
1755.0	72	10937.894918874468
1756.0	61	10938.110976335885
1757.0	92	10938.326106268783
1758.0	83	10938.540309167372
1759.0	87	10938.753585525688
1760.0	83	10938.965935837545
1761.0	72	10939.177360596566
1762.0	82	10939.387860296174
1763.0	78	10939.597435429581
1764.0	71	10939.8060864898
1765.0	87	10940.01381396962
1766.0	69	10940.22061836167
1767.0	87	10940.426500158324
1768.0	83	10940.631459851795
1769.0	74	10940.83549793409
1770.0	75	10941.038614896994
1771.0	74	10941.240811232092
1772.0	78	10941.442087430785
1773.0	87	10941.64244398426
1774.0	67	10941.841881383489
1775.0	67	10942.040400119258
1776.0	77	10942.238000682162
1777.0	78	10942.434683562582
1778.0	64	10942.630449250666
1779.0	96	10942.825298236412
1780.0	83	10943.019231009604
1781.0	79	10943.212248059775
1782.0	91	10943.404349876335
1783.0	78	10943.595536948435
1784.0	80	10943.785809765044
1785.0	77	10943.97516881492
1786.0	87	10944.16361458665
1787.0	78	10944.351147568585
1788.0	79	10944.537768248869
1789.0	70	10944.7234771155
1790.0	82	10944.908274656224
1791.0	80	10945.092161358587
1792.0	74	10945.275137709952
1793.0	70	10945.457204197484
1794.0	93	10945.638361308153
1795.0	68	10945.818609528687
1796.0	65	10945.997949345656
1797.0	86	10946.176381245437
1798.0	78	10946.35390571415
1799.0	78	10946.53052323775
1800.0	71	10946.706234302039
1801.0	82	10946.881039392514
1802.0	71	10947.054938994568
1803.0	76	10947.227933593334
1804.0	87	10947.400023673788
1805.0	67	10947.571209720669
1806.0	72	10947.741492218522
1807.0	81	10947.910871651742
1808.0	82	10948.079348504436
1809.0	81	10948.246923260596
1810.0	72	10948.413596403954
1811.0	70	10948.579368418092
1812.0	83	10948.744239786343
1813.0	70	10948.908210991869
1814.0	72	10949.071282517662
1815.0	83	10949.23345484644
1816.0	94	10949.394728460795
1817.0	89	10949.555103843071
1818.0	59	10949.714581475439
1819.0	79	10949.873161839858
1820.0	60	10950.030845418096
1821.0	78	10950.187632691717
1822.0	93	10950.343524142105
1823.0	93	10950.498520250405
1824.0	83	10950.65262149762
1825.0	72	10950.8058283645
1826.0	81	10950.958141331632
1827.0	83	10951.109560879373
1828.0	68	10951.260087487912
1829.0	94	10951.409721637252
1830.0	102	10951.558463807134
1831.0	76	10951.70631447718
1832.0	71	10951.853274126763
1833.0	89	10951.999343235053
1834.0	76	10952.144522281067
1835.0	74	10952.288811743596
1836.0	94	10952.432212101217
1837.0	88	10952.574723832353
1838.0	82	10952.716347415177
1839.0	78	10952.857083327719
1840.0	75	10952.996932047765
1841.0	78	10953.13589405294
1842.0	71	10953.27396982065
1843.0	81	10953.4111598281
1844.0	82	10953.547464552325
1845.0	71	10953.682884470129
1846.0	57	10953.817420058154
1847.0	94	10953.951071792815
1848.0	80	10954.083840150352
1849.0	82	10954.215725606786
1850.0	73	10954.346728637953
1851.0	83	10954.476849719518
1852.0	77	10954.606089326904
1853.0	83	10954.734447935369
1854.0	86	10954.861926019947
1855.0	78	10954.988524055523
1856.0	64	10955.114242516735
1857.0	86	10955.239081878055
1858.0	71	10955.363042613757
1859.0	88	10955.486125197896
1860.0	82	10955.608330104364
1861.0	92	10955.729657806824
1862.0	91	10955.850108778774
1863.0	71	10955.969683493504
1864.0	69	10956.088382424101
1865.0	76	10956.206206043458
1866.0	79	10956.323154824297
1867.0	79	10956.43922923911
1868.0	75	10956.55442976021
1869.0	79	10956.668756859714
1870.0	74	10956.782211009559
1871.0	76	10956.894792681444
1872.0	79	10957.006502346918
1873.0	94	10957.117340477316
1874.0	82	10957.22730754378
1875.0	71	10957.336404017266
1876.0	77	10957.444630368498
1877.0	70	10957.551987068076
1878.0	99	10957.65847458633
1879.0	64	10957.76409339344
1880.0	74	10957.868843959379
1881.0	74	10957.972726753931
1882.0	69	10958.075742246683
1883.0	91	10958.177890907033
1884.0	101	10958.279173204162
1885.0	85	10958.379589607077
1886.0	65	10958.479140584608
1887.0	85	10958.577826605344
1888.0	83	10958.675648137736
1889.0	65	10958.772605649981
1890.0	91	10958.868699610146
1891.0	77	10958.963930486041
1892.0	87	10959.058298745334
1893.0	76	10959.151804855497
1894.0	83	10959.244449283751
1895.0	76	10959.336232497177
1896.0	77	10959.427154962654
1897.0	77	10959.517217146873
1898.0	72	10959.606419516316
1899.0	74	10959.69476253726
1900.0	78	10959.782246675843
1901.0	81	10959.868872397947
1902.0	63	10959.954640169308
1903.0	73	10960.03955045543
1904.0	73	10960.123603721653
1905.0	81	10960.20680043311
1906.0	73	10960.289141054758
1907.0	87	10960.370626051346
1908.0	83	10960.45125588745
1909.0	82	10960.531031027413
1910.0	69	10960.609951935408
1911.0	80	10960.688019075464
1912.0	77	10960.765232911337
1913.0	86	10960.841593906629
1914.0	79	10960.917102524772
1915.0	90	10960.991759228955
1916.0	72	10961.065564482222
1917.0	84	10961.138518747408
1918.0	83	10961.210622487133
1919.0	79	10961.281876163861
1920.0	77	10961.352280239851
1921.0	65	10961.421835177187
1922.0	68	10961.490541437717
1923.0	69	10961.558399483143
1924.0	78	10961.625409774946
1925.0	85	10961.691572774433
1926.0	78	10961.75688894272
1927.0	72	10961.821358740732
1928.0	78	10961.88498262919
1929.0	77	10961.947761068626
1930.0	70	10962.009694519404
1931.0	66	10962.070783441666
1932.0	81	10962.131028295384
1933.0	83	10962.190429540335
1934.0	79	10962.248987636109
1935.0	61	10962.30670304209
1936.0	90	10962.363576217485
1937.0	78	10962.41960762129
1938.0	81	10962.47479771238
1939.0	77	10962.529146949346
1940.0	74	10962.582655790642
1941.0	70	10962.635324694524
1942.0	80	10962.687154119056
1943.0	84	10962.738144522104
1944.0	95	10962.788296361367
1945.0	71	10962.837610094319
1946.0	87	10962.886086178287
1947.0	81	10962.933725070368
1948.0	79	10962.980527227493
1949.0	70	10963.026493106392
1950.0	88	10963.07162316364
1951.0	89	10963.115917855554
1952.0	71	10963.159377638314
1953.0	87	10963.202002967915
1954.0	86	10963.243794300148
1955.0	77	10963.284752090598
1956.0	81	10963.324876794677
1957.0	92	10963.364168867605
1958.0	83	10963.402628764434
1959.0	74	10963.440256939994
1960.0	76	10963.477053848952
1961.0	76	10963.513019945767
1962.0	74	10963.548155684724
1963.0	84	10963.58246151991
1964.0	87	10963.615937905235
1965.0	69	10963.648585294384
1966.0	99	10963.680404140929
1967.0	72	10963.711394898188
1968.0	73	10963.741558019296
1969.0	85	10963.770893957226
1970.0	102	10963.799403164761
1971.0	78	10963.827086094472
1972.0	77	10963.853943198777
1973.0	76	10963.879974929863
1974.0	82	10963.905181739752
1975.0	79	10963.929564080303
1976.0	73	10963.953122403134
1977.0	83	10963.975857159732
1978.0	75	10963.997768801359
1979.0	82	10964.018857779092
1980.0	87	10964.039124543833
1981.0	68	10964.058569546301
1982.0	76	10964.077193237017
1983.0	74	10964.094996066298
1984.0	73	10964.111978484329
1985.0	78	10964.128140941039
1986.0	85	10964.143483886206
1987.0	67	10964.158007769434
1988.0	77	10964.171713040127
1989.0	82	10964.184600147504
1990.0	76	10964.196669540564
1991.0	58	10964.20792166818
1992.0	85	10964.21835697899
1993.0	86	10964.227975921476
1994.0	82	10964.236778943898
1995.0	89	10964.244766494383
1996.0	65	10964.251939020816
1997.0	73	10964.258296970951
1998.0	70	10964.263840792295
1999.0	72	10964.268570932238
2000.0	79	10964.272487837898
2001.0	85	10964.275591956293
2002.0	63	10964.277883734196
2003.0	83	10964.279363618256
2004.0	77	10964.280032054843
2005.0	83	10964.279889490219
2006.0	93	10964.278936370447
2007.0	77	10964.277173141376
2008.0	63	10964.274600248713
2009.0	79	10964.271218137928
2010.0	80	10964.267027254355
2011.0	80	10964.262028043098
2012.0	81	10964.256220949115
2013.0	73	10964.249606417157
2014.0	84	10964.24218489179
2015.0	96	10964.233956817425
2016.0	78	10964.224922638228
2017.0	68	10964.215082798242
2018.0	73	10964.204437741284
2019.0	69	10964.192987911018
2020.0	83	10964.18073375089
2021.0	78	10964.16767570418
2022.0	81	10964.153814214009
2023.0	83	10964.13914972325
2024.0	98	10964.123682674659
2025.0	75	10964.107413510761
2026.0	74	10964.09034267392
2027.0	78	10964.072470606316
2028.0	85	10964.053797749924
2029.0	69	10964.03432454656
2030.0	89	10964.014051437833
2031.0	71	10963.992978865192
2032.0	67	10963.971107269906
2033.0	71	10963.948437093031
2034.0	77	10963.924968775433
2035.0	89	10963.90070275787
2036.0	73	10963.87563948081
2037.0	87	10963.849779384604
2038.0	71	10963.823122909418
2039.0	76	10963.795670495216
2040.0	77	10963.767422581783
2041.0	71	10963.738379608742
2042.0	81	10963.708542015489
2043.0	85	10963.67791024126
2044.0	80	10963.64648472515
2045.0	73	10963.614265905979
2046.0	77	10963.581254222468
2047.0	75	10963.547450113141
2048.0	86	10963.512854016282
2049.0	86	10963.477466370055
2050.0	88	10963.441287612412
2051.0	70	10963.404318181141
2052.0	80	10963.366558513844
2053.0	77	10963.328009047904
2054.0	70	10963.288670220587
2055.0	85	10963.248542468915
2056.0	96	10963.207626229761
2057.0	80	10963.165921939819
2058.0	96	10963.123430035583
2059.0	78	10963.080150953376
2060.0	78	10963.036085129323
2061.0	85	10962.991232999413
2062.0	68	10962.9455949994
2063.0	78	10962.899171564894
2064.0	73	10962.851963131268
2065.0	78	10962.803970133802
2066.0	82	10962.755193007511
2067.0	75	10962.70563218729
2068.0	86	10962.655288107786
2069.0	72	10962.604161203557
2070.0	77	10962.552251908886
2071.0	81	10962.499560657945
2072.0	83	10962.44608788468
2073.0	73	10962.391834022885
2074.0	70	10962.336799506138
2075.0	85	10962.280984767898
2076.0	90	10962.22439024136
2077.0	67	10962.16701635962
2078.0	65	10962.10886355553
2079.0	81	10962.04993226181
2080.0	64	10961.990222910972
2081.0	82	10961.929735935328
2082.0	92	10961.868471767064
2083.0	83	10961.806430838147
2084.0	89	10961.743613580382
2085.0	83	10961.680020425367
2086.0	73	10961.615651804557
2087.0	59	10961.550508149188
2088.0	86	10961.48458989036
2089.0	85	10961.41789745896
2090.0	62	10961.350431285695
2091.0	59	10961.282191801109
2092.0	61	10961.213179435574
2093.0	74	10961.143394619241
2094.0	83	10961.072837782129
2095.0	57	10961.001509354046
2096.0	90	10960.929409764633
2097.0	76	10960.85653944336
2098.0	61	10960.782898819503
2099.0	91	10960.708488322149
2100.0	85	10960.633308380256
2101.0	56	10960.557359422548
2102.0	72	10960.480641877572
2103.0	75	10960.403156173725
2104.0	84	10960.324902739241
2105.0	75	10960.245882002111
2106.0	73	10960.166094390199
2107.0	65	10960.085540331198
2108.0	72	10960.004220252566
2109.0	91	10959.922134581628
2110.0	79	10959.839283745554
2111.0	87	10959.755668171229
2112.0	78	10959.67128828549
2113.0	84	10959.58614451494
2114.0	71	10959.500237285969
2115.0	70	10959.413567024829
2116.0	93	10959.326134157607
2117.0	90	10959.237939110182
2118.0	70	10959.148982308247
2119.0	77	10959.059264177342
2120.0	79	10958.96878514284
2121.0	86	10958.87754562992
2122.0	64	10958.785546063567
2123.0	77	10958.69278686858
2124.0	82	10958.599268469652
2125.0	80	10958.504991291215
2126.0	69	10958.40995575758
2127.0	92	10958.314162292843
2128.0	90	10958.217611320963
2129.0	72	10958.120303265681
2130.0	72	10958.022238550571
2131.0	70	10957.923417599051
2132.0	73	10957.823840834331
2133.0	83	10957.72350867949
2134.0	81	10957.622421557371
2135.0	75	10957.520579890692
2136.0	67	10957.417984101958
2137.0	63	10957.31463461353
2138.0	74	10957.210531847562
2139.0	86	10957.105676226052
2140.0	77	10957.000068170806
2141.0	64	10956.893708103455
2142.0	82	10956.786596445474
2143.0	87	10956.678733618144
2144.0	88	10956.570120042566
2145.0	83	10956.46075613969
2146.0	79	10956.35064233027
2147.0	79	10956.239779034866
2148.0	80	10956.128166673901
2149.0	89	10956.015805667585
2150.0	66	10955.902696435996
2151.0	80	10955.788839398994
2152.0	68	10955.67423497629
2153.0	65	10955.558883587399
2154.0	83	10955.442785651694
2155.0	66	10955.325941588322
2156.0	68	10955.208351816293
2157.0	77	10955.09001675444
2158.0	81	10954.970936821408
2159.0	67	10954.85111243567
2160.0	79	10954.73054401552
2161.0	80	10954.609231979084
2162.0	70	10954.48717674431
2163.0	78	10954.36437872899
2164.0	75	10954.240838350699
2165.0	73	10954.116556026864
2166.0	78	10953.991532174743
2167.0	83	10953.865767211411
2168.0	86	10953.739261553761
2169.0	96	10953.612015618519
2170.0	95	10953.484029822252
2171.0	81	10953.355304581317
2172.0	73	10953.22584031193
2173.0	80	10953.095637430099
2174.0	93	10952.964696351704
2175.0	83	10952.833017492412
2176.0	75	10952.700601267736
2177.0	82	10952.567448092992
2178.0	77	10952.43355838335
2179.0	59	10952.298932553793
2180.0	64	10952.163571019117
2181.0	74	10952.027474193988
2182.0	80	10951.890642492837
2183.0	104	10951.753076329971
2184.0	74	10951.614776119499
2185.0	85	10951.475742275376
2186.0	62	10951.335975211354
2187.0	84	10951.195475341025
2188.0	75	10951.054243077837
2189.0	76	10950.91227883501
2190.0	78	10950.76958302564
2191.0	79	10950.626156062603
2192.0	83	10950.481998358651
2193.0	67	10950.33711032633
2194.0	74	10950.19149237805
2195.0	67	10950.045144925982
2196.0	87	10949.898068382177
2197.0	98	10949.750263158512
2198.0	75	10949.601729666672
2199.0	88	10949.452468318172
2200.0	81	10949.30247952436
2201.0	80	10949.151763696424
2202.0	61	10949.000321245348
2203.0	72	10948.84815258197
2204.0	73	10948.695258116957
2205.0	86	10948.541638260776
2206.0	78	10948.38729342375
2207.0	74	10948.232224016027
2208.0	81	10948.076430447576
2209.0	78	10947.919913128166
2210.0	98	10947.762672467454
2211.0	74	10947.604708874895
2212.0	72	10947.446022759754
2213.0	71	10947.28661453114
2214.0	64	10947.126484598013
2215.0	81	10946.965633369111
2216.0	89	10946.804061253044
2217.0	72	10946.641768658244
2218.0	74	10946.478755992965
2219.0	85	10946.315023665276
2220.0	77	10946.150572083077
2221.0	82	10945.98540165412
2222.0	81	10945.81951278598
2223.0	78	10945.65290588606
2224.0	67	10945.485581361569
2225.0	81	10945.317539619566
2226.0	75	10945.148781066924
2227.0	72	10944.979306110372
2228.0	88	10944.809115156446
2229.0	79	10944.638208611526
2230.0	66	10944.46658688181
2231.0	74	10944.294250373312
2232.0	69	10944.121199491929
2233.0	67	10943.94743464332
2234.0	80	10943.772956232999
2235.0	98	10943.597764666349
2236.0	99	10943.42186034852
2237.0	64	10943.245243684518
2238.0	77	10943.067915079206
2239.0	80	10942.889874937244
2240.0	80	10942.711123663124
2241.0	74	10942.531661661187
2242.0	54	10942.351489335557
2243.0	74	10942.170607090276
2244.0	66	10941.98901532912
2245.0	71	10941.806714455772
2246.0	77	10941.62370487369
2247.0	78	10941.43998698618
2248.0	82	10941.255561196394
2249.0	75	10941.070427907314
2250.0	64	10940.884587521732
2251.0	71	10940.69804044229
2252.0	80	10940.51078707142
2253.0	67	10940.32282781146
2254.0	64	10940.13416306452
2255.0	76	10939.944793232538
2256.0	81	10939.754718717322
2257.0	75	10939.563939920494
2258.0	78	10939.372457243506
2259.0	91	10939.18027108762
2260.0	73	10938.987381853965
2261.0	84	10938.793789943466
2262.0	79	10938.599495756913
2263.0	74	10938.404499694929
2264.0	70	10938.208802157927
2265.0	84	10938.012403546172
2266.0	84	10937.815304259802
2267.0	66	10937.61750469872
2268.0	77	10937.41900526269
2269.0	94	10937.219806351337
2270.0	73	10937.019908364073
2271.0	82	10936.819311700146
2272.0	86	10936.618016758668
2273.0	83	10936.41602393856
2274.0	73	10936.213333638578
2275.0	77	10936.009946257309
2276.0	66	10935.80586219318
2277.0	83	10935.601081844452
2278.0	68	10935.3956056092
2279.0	63	10935.189433885334
2280.0	69	10934.982567070636
2281.0	85	10934.775005562657
2282.0	64	10934.56674975885
2283.0	77	10934.357800056443
2284.0	82	10934.148156852507
2285.0	90	10933.937820544003
2286.0	80	10933.726791527633
2287.0	79	10933.515070199988
2288.0	75	10933.3026569575
2289.0	91	10933.089552196407
2290.0	76	10932.875756312791
2291.0	76	10932.661269702561
2292.0	76	10932.446092761475
2293.0	61	10932.230225885109
2294.0	64	10932.01366946887
2295.0	73	10931.796423908028
2296.0	84	10931.578489597634
2297.0	79	10931.359866932615
2298.0	68	10931.140556307742
2299.0	76	10930.920558117577
2300.0	81	10930.699872756524
2301.0	70	10930.478500618867
2302.0	67	10930.256442098655
2303.0	77	10930.033697589826
2304.0	90	10929.810267486133
2305.0	70	10929.586152181155
2306.0	89	10929.36135206831
2307.0	79	10929.135867540874
2308.0	72	10928.909698991894
2309.0	100	10928.68284681434
2310.0	64	10928.455311400947
2311.0	79	10928.227093144313
2312.0	85	10927.998192436851
2313.0	71	10927.768609670831
2314.0	65	10927.538345238368
2315.0	86	10927.30739953138
2316.0	77	10927.07577294161
2317.0	80	10926.84346586069
2318.0	87	10926.610478680048
2319.0	72	10926.376811790944
2320.0	73	10926.142465584497
2321.0	85	10925.907440451629
2322.0	84	10925.671736783139
2323.0	73	10925.43535496962
2324.0	79	10925.19829540153
2325.0	70	10924.960558469145
2326.0	80	10924.722144562586
2327.0	79	10924.483054071803
2328.0	74	10924.243287386576
2329.0	78	10924.00284489655
2330.0	76	10923.761726991163
2331.0	74	10923.519934059721
2332.0	69	10923.277466491354
2333.0	79	10923.03432467503
2334.0	81	10922.790508999557
2335.0	83	10922.546019853555
2336.0	71	10922.300857625522
2337.0	80	10922.055022703737
2338.0	78	10921.808515476388
2339.0	79	10921.561336331431
2340.0	72	10921.31348565669
2341.0	82	10921.06496383983
2342.0	84	10920.815771268339
2343.0	91	10920.565908329534
2344.0	80	10920.315375410599
2345.0	86	10920.06417289853
2346.0	69	10919.81230118016
2347.0	84	10919.55976064215
2348.0	71	10919.306551671054
2349.0	77	10919.052674653183
2350.0	83	10918.798129974739
2351.0	81	10918.542918021743
2352.0	78	10918.287039180046
2353.0	76	10918.030493835357
2354.0	83	10917.773282373204
2355.0	87	10917.51540517897
2356.0	87	10917.256862637842
2357.0	82	10916.997655134875
2358.0	80	10916.737783054965
2359.0	98	10916.477246782819
2360.0	79	10916.216046702992
2361.0	77	10915.954183199892
2362.0	76	10915.69165665775
2363.0	83	10915.428467460613
2364.0	77	10915.164615992431
2365.0	76	10914.900102636917
2366.0	80	10914.63492777767
2367.0	69	10914.369091798104
2368.0	72	10914.102595081498
2369.0	70	10913.835438010923
2370.0	84	10913.567620969348
2371.0	79	10913.299144339528
2372.0	83	10913.030008504078
2373.0	74	10912.76021384543
2374.0	73	10912.489760745902
2375.0	78	10912.218649587632
2376.0	72	10911.946880752545
2377.0	73	10911.674454622473
2378.0	74	10911.401371579064
2379.0	74	10911.127632003792
2380.0	89	10910.853236277959
2381.0	78	10910.578184782767
2382.0	92	10910.302477899173
2383.0	76	10910.026116008044
2384.0	86	10909.749099490044
2385.0	73	10909.471428725681
2386.0	80	10909.193104095315
2387.0	72	10908.914125979163
2388.0	75	10908.634494757222
2389.0	72	10908.354210809392
2390.0	82	10908.07327451536
2391.0	78	10907.791686254704
2392.0	73	10907.509446406788
2393.0	96	10907.226555350853
2394.0	77	10906.943013465978
2395.0	82	10906.658821131065
2396.0	73	10906.37397872485
2397.0	81	10906.088486625946
2398.0	65	10905.802345212758
2399.0	74	10905.515554863583
2400.0	77	10905.22811595648
2401.0	75	10904.940028869454
2402.0	75	10904.651293980261
2403.0	77	10904.361911666532
2404.0	83	10904.071882305749
2405.0	85	10903.781206275182
2406.0	79	10903.489883952036
2407.0	77	10903.197915713268
2408.0	83	10902.905301935705
2409.0	68	10902.612042996028
2410.0	83	10902.318139270741
2411.0	76	10902.023591136212
2412.0	86	10901.728398968611
2413.0	88	10901.432563143975
2414.0	78	10901.136084038188
2415.0	95	10900.838962026952
2416.0	75	10900.541197485838
2417.0	78	10900.242790790224
2418.0	73	10899.943742315361
2419.0	92	10899.644052436319
2420.0	78	10899.343721528012
2421.0	80	10899.042749965227
2422.0	85	10898.741138122527
2423.0	68	10898.438886374384
2424.0	84	10898.135995095065
2425.0	93	10897.83246465873
2426.0	65	10897.528295439291
2427.0	81	10897.223487810616
2428.0	76	10896.918042146292
2429.0	97	10896.611958819867
2430.0	87	10896.305238204646
2431.0	78	10895.9978806738
2432.0	67	10895.689886600374
2433.0	83	10895.38125635721
2434.0	79	10895.071990317016
2435.0	75	10894.762088852322
2436.0	54	10894.45155233552
2437.0	72	10894.140381138835
2438.0	85	10893.828575634352
2439.0	77	10893.51613619395
2440.0	75	10893.203063189421
2441.0	69	10892.889356992358
2442.0	58	10892.575017974168
2443.0	78	10892.260046506142
2444.0	70	10891.944442959431
2445.0	67	10891.62820770499
2446.0	77	10891.311341113613
2447.0	80	10890.993843555965
2448.0	95	10890.675715402545
2449.0	78	10890.356957023674
2450.0	100	10890.037568789545
2451.0	76	10889.717551070178
2452.0	85	10889.396904235464
2453.0	76	10889.075628655066
2454.0	93	10888.753724698552
2455.0	87	10888.431192735356
2456.0	90	10888.108033134677
2457.0	89	10887.784246265603
2458.0	66	10887.45983249708
2459.0	77	10887.134792197845
2460.0	82	10886.809125736541
2461.0	88	10886.482833481612
2462.0	68	10886.155915801364
2463.0	57	10885.828373063923
2464.0	72	10885.500205637303
2465.0	85	10885.17141388933
2466.0	82	10884.841998187654
2467.0	101	10884.511958899819
2468.0	84	10884.181296393184
2469.0	84	10883.850011034945
2470.0	74	10883.518103192166
2471.0	78	10883.185573231733
2472.0	80	10882.85242152039
2473.0	80	10882.518648424732
2474.0	67	10882.184254311163
2475.0	81	10881.849239545978
2476.0	69	10881.513604495298
2477.0	74	10881.177349525038
2478.0	60	10880.840475001045
2479.0	81	10880.502981288975
2480.0	78	10880.164868754311
2481.0	85	10879.826137762388
2482.0	90	10879.486788678385
2483.0	86	10879.146821867345
2484.0	86	10878.806237694147
2485.0	62	10878.465036523503
2486.0	72	10878.12321871996
2487.0	77	10877.78078464795
2488.0	60	10877.43773467173
2489.0	76	10877.094069155397
2490.0	75	10876.749788462872
2491.0	77	10876.404892957973
2492.0	77	10876.059383004338
2493.0	93	10875.713258965425
2494.0	92	10875.366521204578
2495.0	60	10875.019170084957
2496.0	78	10874.671205969595
2497.0	90	10874.322629221344
2498.0	87	10873.973440202912
2499.0	81	10873.62363927688
2500.0	58	10873.273226805602
2501.0	77	10872.92220315136
2502.0	76	10872.570568676249
2503.0	87	10872.218323742189
2504.0	73	10871.86546871097
2505.0	81	10871.512003944217
2506.0	90	10871.157929803423
2507.0	78	10870.803246649906
2508.0	73	10870.447954844842
2509.0	88	10870.092054749213
2510.0	93	10869.735546723929
2511.0	81	10869.378431129662
2512.0	79	10869.020708326998
2513.0	69	10868.662378676303
2514.0	87	10868.303442537861
2515.0	70	10867.943900271734
2516.0	92	10867.58375223789
2517.0	70	10867.222998796113
2518.0	86	10866.86164030603
2519.0	66	10866.49967712714
2520.0	84	10866.137109618756
2521.0	85	10865.773938140042
2522.0	84	10865.41016305006
2523.0	69	10865.045784707667
2524.0	67	10864.680803471561
2525.0	69	10864.315219700318
2526.0	87	10863.949033752357
2527.0	73	10863.582245985957
2528.0	69	10863.21485675918
2529.0	78	10862.846866430007
2530.0	80	10862.478275356261
2531.0	78	10862.109083895548
2532.0	79	10861.73929240539
2533.0	60	10861.36890124314
2534.0	91	10860.997910765987
2535.0	77	10860.626321330952
2536.0	98	10860.25413329495
2537.0	74	10859.88134701471
2538.0	72	10859.507962846832
2539.0	73	10859.13398114772
2540.0	81	10858.75940227366
2541.0	60	10858.384226580796
2542.0	81	10858.008454425108
2543.0	80	10857.63208616241
2544.0	103	10857.255122148383
2545.0	94	10856.877562738548
2546.0	74	10856.499408288284
2547.0	69	10856.120659152792
2548.0	75	10855.741315687155
2549.0	84	10855.361378246298
2550.0	74	10854.980847184981
2551.0	88	10854.59972285781
2552.0	84	10854.218005619257
2553.0	78	10853.83569582362
2554.0	90	10853.452793825092
2555.0	77	10853.069299977651
2556.0	81	10852.685214635152
2557.0	82	10852.30053815135
2558.0	82	10851.915270879757
2559.0	88	10851.52941317381
2560.0	89	10851.142965386733
2561.0	96	10850.755927871667
2562.0	77	10850.368300981543
2563.0	85	10849.980085069166
2564.0	80	10849.591280487197
2565.0	70	10849.201887588155
2566.0	93	10848.81190672437
2567.0	102	10848.421338248056
2568.0	81	10848.030182511251
2569.0	80	10847.638439865872
2570.0	68	10847.246110663662
2571.0	89	10846.853195256243
2572.0	74	10846.459693995032
2573.0	93	10846.065607231356
2574.0	72	10845.670935316375
2575.0	82	10845.275678601065
2576.0	98	10844.879837436298
2577.0	86	10844.483412172782
2578.0	82	10844.086403161036
2579.0	76	10843.688810751493
2580.0	97	10843.290635294401
2581.0	77	10842.89187713987
2582.0	77	10842.49253663784
2583.0	66	10842.092614138122
2584.0	85	10841.692109990378
2585.0	80	10841.291024544114
2586.0	88	10840.889358148674
2587.0	98	10840.487111153276
2588.0	76	10840.08428390698
2589.0	88	10839.680876758706
2590.0	68	10839.276890057183
2591.0	84	10838.87232415105
2592.0	76	10838.46717938876
2593.0	65	10838.061456118634
2594.0	94	10837.655154688844
2595.0	80	10837.24827544738
2596.0	68	10836.840818742125
2597.0	78	10836.432784920817
2598.0	86	10836.024174330987
2599.0	93	10835.614987320088
2600.0	93	10835.205224235393
2601.0	79	10834.794885424019
2602.0	65	10834.383971232937
2603.0	92	10833.97248200897
2604.0	68	10833.560418098832
2605.0	75	10833.147779849025
2606.0	76	10832.734567605932
2607.0	75	10832.320781715813
2608.0	69	10831.906422524731
2609.0	63	10831.491490378652
2610.0	76	10831.075985623325
2611.0	79	10830.659908604446
2612.0	78	10830.243259667475
2613.0	65	10829.826039157782
2614.0	101	10829.408247420546
2615.0	72	10828.989884800836
2616.0	76	10828.570951643553
2617.0	87	10828.151448293469
2618.0	73	10827.731375095174
2619.0	85	10827.310732393142
2620.0	87	10826.889520531693
2621.0	65	10826.467739854997
2622.0	72	10826.045390707046
2623.0	74	10825.62247343176
2624.0	83	10825.198988372831
2625.0	66	10824.77493587385
2626.0	81	10824.350316278253
2627.0	81	10823.925129929328
2628.0	75	10823.499377170212
2629.0	80	10823.073058343904
2630.0	85	10822.646173793239
2631.0	78	10822.218723860897
2632.0	68	10821.790708889486
2633.0	79	10821.362129221357
2634.0	81	10820.932985198795
2635.0	84	10820.503277163909
2636.0	69	10820.073005458657
2637.0	72	10819.642170424882
2638.0	87	10819.210772404222
2639.0	69	10818.778811738233
2640.0	79	10818.346288768285
2641.0	87	10817.913203835597
2642.0	65	10817.47955728128
2643.0	75	10817.045349446294
2644.0	77	10816.610580671375
2645.0	73	10816.175251297233
2646.0	70	10815.739361664335
2647.0	85	10815.30291211305
2648.0	79	10814.865902983614
2649.0	88	10814.428334616054
2650.0	87	10813.990207350314
2651.0	76	10813.551521526177
2652.0	71	10813.112277483258
2653.0	94	10812.672475561034
2654.0	69	10812.232116098872
2655.0	82	10811.791199435938
2656.0	62	10811.349725911306
2657.0	81	10810.907695863852
2658.0	85	10810.465109632361
2659.0	88	10810.021967555424
2660.0	73	10809.578269971515
2661.0	78	10809.134017218948
2662.0	57	10808.68920963593
2663.0	75	10808.24384756046
2664.0	78	10807.797931330437
2665.0	79	10807.35146128361
2666.0	72	10806.904437757576
2667.0	88	10806.456861089784
2668.0	64	10806.008731617534
2669.0	75	10805.56004967799
2670.0	85	10805.11081560819
2671.0	85	10804.661029744999
2672.0	73	10804.210692425138
2673.0	93	10803.759803985213
2674.0	71	10803.308364761633
2675.0	77	10802.856375090716
2676.0	75	10802.403835308627
2677.0	83	10801.95074575134
2678.0	84	10801.497106754749
2679.0	84	10801.042918654564
2680.0	54	10800.588181786357
2681.0	71	10800.132896485566
2682.0	87	10799.677063087474
2683.0	76	10799.220681927238
2684.0	84	10798.76375333984
2685.0	77	10798.306277660145
2686.0	80	10797.848255222878
2687.0	71	10797.389686362578
2688.0	85	10796.930571413688
2689.0	73	10796.470910710506
2690.0	71	10796.010704587148
2691.0	79	10795.549953377616
2692.0	84	10795.08865741577
2693.0	72	10794.626817035301
2694.0	71	10794.164432569782
2695.0	72	10793.701504352646
2696.0	63	10793.238032717161
2697.0	93	10792.774017996448
2698.0	93	10792.30946052353
2699.0	86	10791.844360631236
2700.0	64	10791.378718652275
2701.0	105	10790.912534919218
2702.0	94	10790.445809764487
2703.0	84	10789.978543520343
2704.0	78	10789.510736518927
2705.0	73	10789.04238909225
2706.0	71	10788.573501572144
2707.0	67	10788.104074290322
2708.0	93	10787.634107578342
2709.0	88	10787.163601767632
2710.0	79	10786.692557189477
2711.0	76	10786.220974175003
2712.0	89	10785.74885305521
2713.0	91	10785.276194160953
2714.0	87	10784.802997822946
2715.0	54	10784.329264371741
2716.0	68	10783.854994137784
2717.0	78	10783.380187451352
2718.0	84	10782.904844642586
2719.0	75	10782.428966041474
2720.0	76	10781.952551977898
2721.0	98	10781.47560278157
2722.0	73	10780.998118782052
2723.0	64	10780.520100308773
2724.0	80	10780.041547691048
2725.0	91	10779.562461258009
2726.0	78	10779.08284133867
2727.0	100	10778.602688261893
2728.0	76	10778.122002356411
2729.0	71	10777.640783950821
2730.0	82	10777.159033373528
2731.0	69	10776.676750952854
2732.0	73	10776.193937016964
2733.0	95	10775.71059189387
2734.0	72	10775.226715911453
2735.0	62	10774.742309397434
2736.0	73	10774.257372679442
2737.0	73	10773.771906084901
2738.0	80	10773.285909941142
2739.0	70	10772.799384575326
2740.0	73	10772.312330314498
2741.0	72	10771.82474748553
2742.0	77	10771.336636415197
2743.0	81	10770.847997430084
2744.0	74	10770.358830856674
2745.0	77	10769.869137021302
2746.0	70	10769.37891625014
2747.0	80	10768.888168869233
2748.0	79	10768.396895204516
2749.0	84	10767.905095581735
2750.0	94	10767.41277032652
2751.0	74	10766.919919764352
2752.0	82	10766.426544220592
2753.0	78	10765.932644020435
2754.0	86	10765.438219488933
2755.0	73	10764.94327095104
2756.0	78	10764.447798731551
2757.0	92	10763.951803155061
2758.0	83	10763.45528454612
2759.0	81	10762.958243229074
2760.0	81	10762.460679528162
2761.0	73	10761.962593767477
2762.0	79	10761.463986270934
2763.0	80	10760.964857362373
2764.0	86	10760.465207365454
2765.0	81	10759.965036603702
2766.0	66	10759.46434540049
2767.0	80	10758.963134079107
2768.0	73	10758.461402962643
2769.0	85	10757.959152374066
2770.0	78	10757.45638263619
2771.0	78	10756.953094071756
2772.0	68	10756.44928700328
2773.0	76	10755.94496175318
2774.0	83	10755.440118643734
2775.0	70	10754.934757997089
2776.0	92	10754.428880135243
2777.0	69	10753.922485380055
2778.0	75	10753.415574053219
2779.0	76	10752.908146476348
2780.0	85	10752.40020297088
2781.0	82	10751.891743858094
2782.0	78	10751.382769459178
2783.0	69	10750.873280095168
2784.0	85	10750.363276086919
2785.0	86	10749.852757755209
2786.0	97	10749.341725420643
2787.0	85	10748.830179403685
2788.0	78	10748.318120024695
2789.0	77	10747.805547603833
2790.0	91	10747.292462461191
2791.0	78	10746.778864916665
2792.0	79	10746.26475529005
2793.0	73	10745.750133900996
2794.0	68	10745.23500106898
2795.0	68	10744.719357113416
2796.0	58	10744.2032023535
2797.0	71	10743.686537108335
2798.0	82	10743.169361696879
2799.0	77	10742.651676437941
2800.0	82	10742.133481650199
2801.0	80	10741.614777652208
2802.0	89	10741.095564762374
2803.0	84	10740.575843298948
2804.0	73	10740.055613580074
2805.0	76	10739.534875923722
2806.0	72	10739.013630647778
2807.0	75	10738.491878069948
2808.0	68	10737.969618507792
2809.0	92	10737.446852278776
2810.0	62	10736.923579700193
2811.0	75	10736.399801089234
2812.0	74	10735.875516762908
2813.0	71	10735.350727038116
2814.0	79	10734.825432231615
2815.0	48	10734.29963266003
2816.0	89	10733.773328639856
2817.0	82	10733.246520487406
2818.0	75	10732.71920851893
2819.0	92	10732.191393050474
2820.0	87	10731.663074397986
2821.0	78	10731.134252877275
2822.0	79	10730.604928803989
2823.0	81	10730.075102493664
2824.0	74	10729.544774261698
2825.0	73	10729.013944423326
2826.0	73	10728.482613293696
2827.0	77	10727.950781187761
2828.0	84	10727.418448420398
2829.0	77	10726.885615306297
2830.0	69	10726.352282160029
2831.0	74	10725.818449296039
2832.0	69	10725.284117028643
2833.0	81	10724.749285671973
2834.0	82	10724.213955540086
2835.0	83	10723.67812694687
2836.0	75	10723.14180020609
2837.0	83	10722.604975631359
2838.0	87	10722.067653536174
2839.0	70	10721.529834233874
2840.0	73	10720.991518037676
2841.0	85	10720.45270526068
2842.0	91	10719.913396215796
2843.0	83	10719.373591215877
2844.0	61	10718.83329057355
2845.0	75	10718.292494601403
2846.0	78	10717.751203611806
2847.0	83	10717.209417917033
2848.0	72	10716.667137829223
2849.0	82	10716.124363660365
2850.0	63	10715.581095722335
2851.0	79	10715.037334326847
2852.0	84	10714.493079785514
2853.0	80	10713.948332409776
2854.0	64	10713.403092510962
2855.0	70	10712.857360400256
2856.0	81	10712.311136388711
2857.0	80	10711.76442078727
2858.0	76	10711.217213906688
2859.0	62	10710.66951605761
2860.0	87	10710.121327550582
2861.0	80	10709.572648695967
2862.0	89	10709.023479803998
2863.0	82	10708.473821184825
2864.0	83	10707.923673148383
2865.0	89	10707.373036004537
2866.0	73	10706.821910062994
2867.0	83	10706.270295633321
2868.0	77	10705.718193024979
2869.0	69	10705.16560254725
2870.0	81	10704.612524509315
2871.0	69	10704.058959220214
2872.0	80	10703.504906988854
2873.0	71	10702.950368124004
2874.0	96	10702.3953429343
2875.0	85	10701.83983172823
2876.0	75	10701.283834814178
2877.0	76	10700.727352500391
2878.0	75	10700.17038509496
2879.0	71	10699.612932905828
2880.0	70	10699.054996240877
2881.0	100	10698.496575407773
2882.0	78	10697.937670714095
2883.0	79	10697.378282467278
2884.0	75	10696.818410974633
2885.0	75	10696.258056543287
2886.0	66	10695.697219480327
2887.0	82	10695.135900092615
2888.0	68	10694.574098686953
2889.0	81	10694.011815569957
2890.0	65	10693.449051048116
2891.0	62	10692.88580542782
2892.0	87	10692.322079015297
2893.0	71	10691.757872116654
2894.0	85	10691.193185037859
2895.0	68	10690.628018084746
2896.0	83	10690.062371563023
2897.0	65	10689.496245778273
2898.0	75	10688.929641035907
2899.0	82	10688.362557641256
2900.0	83	10687.794995899487
2901.0	81	10687.226956115663
2902.0	84	10686.658438594659
2903.0	73	10686.089443641255
2904.0	78	10685.519971560127
2905.0	70	10684.95002265575
2906.0	96	10684.379597232537
2907.0	76	10683.808695594715
2908.0	80	10683.23731804641
2909.0	84	10682.665464891601
2910.0	96	10682.093136434134
2911.0	94	10681.520332977745
2912.0	73	10680.947054826012
2913.0	76	10680.373302282387
2914.0	76	10679.799075650193
2915.0	89	10679.224375232645
2916.0	88	10678.649201332775
2917.0	73	10678.073554253535
2918.0	87	10677.497434297708
2919.0	55	10676.920841767967
2920.0	74	10676.343776966842
2921.0	61	10675.766240196734
2922.0	79	10675.188231759923
2923.0	82	10674.609751958536
2924.0	81	10674.030801094612
2925.0	80	10673.451379469978
2926.0	77	10672.871487386416
2927.0	74	10672.29112514553
2928.0	92	10671.710293048818
2929.0	83	10671.128991397609
2930.0	69	10670.547220493156
2931.0	80	10669.964980636518
2932.0	71	10669.382272128678
2933.0	77	10668.799095270448
2934.0	85	10668.215450362542
2935.0	66	10667.631337705507
2936.0	94	10667.046757599795
2937.0	73	10666.461710345708
2938.0	60	10665.876196243427
2939.0	77	10665.290215593002
2940.0	72	10664.703768694326
2941.0	68	10664.116855847193
2942.0	85	10663.529477351256
2943.0	60	10662.941633506049
2944.0	80	10662.353324610951
2945.0	77	10661.764550965228
2946.0	66	10661.175312868028
2947.0	81	10660.585610618316
2948.0	70	10659.99544451499
2949.0	78	10659.404814856785
2950.0	68	10658.813721942319
2951.0	86	10658.222166070063
2952.0	71	10657.6301475384
2953.0	79	10657.037666645505
2954.0	79	10656.444723689503
2955.0	78	10655.85131896833
2956.0	65	10655.257452779855
2957.0	83	10654.663125421737
2958.0	89	10654.068337191593
2959.0	79	10653.473088386841
2960.0	73	10652.877379304788
2961.0	75	10652.281210242641
2962.0	67	10651.684581497437
2963.0	81	10651.087493366122
2964.0	82	10650.489946145466
2965.0	78	10649.891940132153
2966.0	78	10649.293475622726
2967.0	78	10648.694552913576
2968.0	69	10648.095172300997
2969.0	70	10647.495334081117
2970.0	86	10646.895038549997
2971.0	69	10646.2942860035
2972.0	80	10645.69307673739
2973.0	85	10645.091411047315
2974.0	65	10644.489289228759
2975.0	95	10643.88671157713
2976.0	81	10643.283678387652
2977.0	85	10642.680189955456
2978.0	71	10642.076246575518
2979.0	90	10641.471848542726
2980.0	64	10640.866996151784
2981.0	83	10640.261689697312
2982.0	100	10639.655929473789
2983.0	93	10639.049715775549
2984.0	51	10638.443048896837
2985.0	70	10637.835929131721
2986.0	77	10637.228356774174
2987.0	82	10636.620332118044
2988.0	79	10636.011855456994
2989.0	79	10635.402927084657
2990.0	78	10634.793547294452
2991.0	79	10634.183716379699
2992.0	82	10633.573434633614
2993.0	67	10632.962702349258
2994.0	98	10632.351519819544
2995.0	67	10631.73988733732
2996.0	93	10631.127805195236
2997.0	70	10630.515273685876
2998.0	81	10629.902293101652
2999.0	86	10629.28886373487
3000.0	63	10628.674985877693
3001.0	79	10628.060659822173
3002.0	81	10627.445885860228
3003.0	72	10626.830664283669
3004.0	69	10626.214995384109
3005.0	85	10625.598879453117
3006.0	80	10624.982316782114
3007.0	69	10624.365307662343
3008.0	96	10623.747852384977
3009.0	80	10623.129951241055
3010.0	77	10622.511604521456
3011.0	72	10621.892812516962
3012.0	67	10621.27357551822
3013.0	74	10620.653893815745
3014.0	72	10620.033767699926
3015.0	91	10619.413197461028
3016.0	54	10618.792183389198
3017.0	77	10618.170725774438
3018.0	80	10617.548824906627
3019.0	83	10616.92648107555
3020.0	80	10616.303694570795
3021.0	68	10615.680465681906
3022.0	70	10615.056794698246
3023.0	68	10614.432681909053
3024.0	82	10613.808127603459
3025.0	88	10613.183132070486
3026.0	76	10612.557695598985
3027.0	82	10611.931818477706
3028.0	96	10611.305500995266
3029.0	79	10610.678743440161
3030.0	71	10610.05154610076
3031.0	75	10609.423909265302
3032.0	85	10608.795833221908
3033.0	77	10608.167318258545
3034.0	78	10607.538364663109
3035.0	91	10606.908972723324
3036.0	76	10606.279142726795
3037.0	64	10605.64887496103
3038.0	92	10605.018169713361
3039.0	61	10604.387027271021
3040.0	88	10603.755447921154
3041.0	78	10603.123431950711
3042.0	70	10602.490979646565
3043.0	78	10601.858091295448
3044.0	86	10601.22476718394
3045.0	81	10600.591007598567
3046.0	73	10599.956812825654
3047.0	89	10599.322183151435
3048.0	74	10598.687118862028
3049.0	87	10598.051620243406
3050.0	74	10597.415687581415
3051.0	76	10596.779321161805
3052.0	76	10596.142521270162
3053.0	77	10595.505288191967
3054.0	83	10594.867622212589
3055.0	83	10594.229523617249
3056.0	79	10593.590992691044
3057.0	76	10592.952029718967
3058.0	81	10592.312634985852
3059.0	74	10591.672808776475
3060.0	76	10591.032551375396
3061.0	85	10590.391863067109
3062.0	78	10589.750744135976
3063.0	77	10589.109194866232
3064.0	69	10588.467215541965
3065.0	68	10587.824806447194
3066.0	93	10587.181967865736
3067.0	83	10586.538700081368
3068.0	92	10585.89500337766
3069.0	84	10585.250878038112
3070.0	81	10584.60632434609
3071.0	91	10583.961342584822
3072.0	92	10583.315933037442
3073.0	64	10582.670095986914
3074.0	74	10582.023831716118
3075.0	83	10581.3771405078
3076.0	80	10580.730022644555
3077.0	85	10580.082478408895
3078.0	95	10579.434508083177
3079.0	81	10578.786111949656
3080.0	82	10578.13729029045
3081.0	81	10577.488043387566
3082.0	96	10576.838371522856
3083.0	92	10576.18827497809
3084.0	66	10575.537754034895
3085.0	92	10574.886808974756
3086.0	68	10574.235440079083
3087.0	86	10573.58364762911
3088.0	79	10572.93143190598
3089.0	69	10572.278793190677
3090.0	68	10571.625731764127
3091.0	85	10570.972247907088
3092.0	77	10570.318341900178
3093.0	87	10569.664014023923
3094.0	83	10569.009264558723
3095.0	89	10568.35409378485
3096.0	86	10567.698501982444
3097.0	73	10567.04248943153
3098.0	76	10566.386056412019
3099.0	68	10565.729203203678
3100.0	79	10565.071930086177
3101.0	68	10564.414237339046
3102.0	65	10563.756125241689
3103.0	73	10563.097594073402
3104.0	71	10562.438644113354
3105.0	72	10561.779275640569
3106.0	86	10561.119488933986
3107.0	88	10560.459284272398
3108.0	69	10559.798661934488
3109.0	85	10559.137622198798
3110.0	96	10558.47616534375
3111.0	77	10557.814291647677
3112.0	86	10557.152001388755
3113.0	84	10556.489294845042
3114.0	83	10555.826172294497
3115.0	70	10555.162634014921
3116.0	72	10554.49868028401
3117.0	91	10553.834311379365
3118.0	67	10553.169527578424
3119.0	89	10552.50432915851
3120.0	74	10551.838716396853
3121.0	79	10551.172689570512
3122.0	95	10550.50624895649
3123.0	79	10549.839394831606
3124.0	80	10549.172127472591
3125.0	89	10548.504447156043
3126.0	72	10547.836354158457
3127.0	77	10547.167848756171
3128.0	92	10546.49893122543
3129.0	69	10545.829601842352
3130.0	76	10545.159860882928
3131.0	77	10544.489708623036
3132.0	84	10543.819145338415
3133.0	72	10543.148171304705
3134.0	73	10542.476786797417
3135.0	82	10541.804992091922
3136.0	78	10541.132787463494
3137.0	85	10540.460173187304
3138.0	87	10539.787149538335
3139.0	86	10539.113716791522
3140.0	82	10538.439875221635
3141.0	67	10537.76562510332
3142.0	75	10537.090966711146
3143.0	73	10536.415900319515
3144.0	86	10535.740426202741
3145.0	85	10535.064544634984
3146.0	90	10534.388255890297
3147.0	75	10533.711560242653
3148.0	82	10533.034457965823
3149.0	80	10532.356949333545
3150.0	83	10531.679034619365
3151.0	72	10531.000714096754
3152.0	87	10530.321988039022
3153.0	59	10529.642856719414
3154.0	74	10528.963320411005
3155.0	73	10528.28337938678
3156.0	73	10527.603033919582
3157.0	69	10526.922284282145
3158.0	86	10526.241130747094
3159.0	65	10525.559573586916
3160.0	66	10524.877613073979
3161.0	69	10524.195249480537
3162.0	77	10523.512483078719
3163.0	72	10522.829314140552
3164.0	92	10522.145742937915
3165.0	91	10521.461769742598
3166.0	86	10520.777394826244
3167.0	80	10520.09261846038
3168.0	67	10519.407440916437
3169.0	58	10518.721862465683
3170.0	79	10518.035883379334
3171.0	79	10517.349503928408
3172.0	81	10516.66272438387
3173.0	78	10515.975545016516
3174.0	92	10515.287966097054
3175.0	79	10514.599987896054
3176.0	90	10513.911610683972
3177.0	71	10513.222834731157
3178.0	66	10512.533660307847
3179.0	69	10511.844087684107
3180.0	79	10511.154117129943
3181.0	60	10510.463748915194
3182.0	81	10509.772983309644
3183.0	70	10509.08182058288
3184.0	70	10508.39026100443
3185.0	78	10507.698304843656
3186.0	77	10507.005952369866
3187.0	73	10506.313203852162
3188.0	70	10505.62005955963
3189.0	81	10504.926519761135
3190.0	56	10504.232584725478
3191.0	75	10503.538254721361
3192.0	77	10502.843530017313
3193.0	69	10502.148410881784
3194.0	74	10501.452897583104
3195.0	86	10500.756990389438
3196.0	91	10500.060689568902
3197.0	79	10499.363995389454
3198.0	95	10498.666908118917
3199.0	90	10497.969428025048
3200.0	85	10497.27155537544
3201.0	77	10496.573290437595
3202.0	84	10495.874633478874
3203.0	89	10495.175584766532
3204.0	73	10494.476144567725
3205.0	64	10493.776313149438
3206.0	70	10493.076090778608
3207.0	87	10492.375477722007
3208.0	77	10491.67447424628
3209.0	82	10490.97308061799
3210.0	64	10490.271297103578
3211.0	72	10489.569123969337
3212.0	80	10488.866561481465
3213.0	75	10488.163609906056
3214.0	85	10487.46026950904
3215.0	76	10486.756540556287
3216.0	85	10486.052423313511
3217.0	76	10485.347918046305
3218.0	80	10484.643025020172
3219.0	77	10483.937744500494
3220.0	84	10483.232076752496
3221.0	87	10482.526022041344
3222.0	68	10481.819580632036
3223.0	61	10481.112752789493
3224.0	77	10480.405538778488
3225.0	72	10479.697938863705
3226.0	74	10478.989953309681
3227.0	84	10478.281582380854
3228.0	67	10477.572826341553
3229.0	69	10476.863685455955
3230.0	70	10476.154159988164
3231.0	68	10475.44425020215
3232.0	79	10474.733956361752
3233.0	81	10474.0232787307
3234.0	63	10473.312217572617
3235.0	88	10472.600773151013
3236.0	65	10471.88894572926
3237.0	75	10471.176735570634
3238.0	76	10470.464142938265
3239.0	84	10469.75116809522
3240.0	70	10469.037811304397
3241.0	72	10468.324072828595
3242.0	72	10467.609952930514
3243.0	75	10466.895451872706
3244.0	73	10466.180569917628
3245.0	88	10465.465307327622
3246.0	86	10464.749664364912
3247.0	82	10464.0336412916
3248.0	76	10463.317238369662
3249.0	79	10462.600455860977
3250.0	78	10461.883294027317
3251.0	57	10461.1657531303
3252.0	82	10460.447833431457
3253.0	67	10459.729535192204
3254.0	79	10459.01085867383
3255.0	94	10458.291804137509
3256.0	77	10457.572371844317
3257.0	75	10456.852562055166
3258.0	62	10456.132375030922
3259.0	79	10455.41181103228
3260.0	69	10454.690870319848
3261.0	73	10453.96955315411
3262.0	66	10453.24785979542
3263.0	83	10452.525790504053
3264.0	60	10451.803345540133
3265.0	75	10451.080525163667
3266.0	93	10450.357329634597
3267.0	83	10449.633759212682
3268.0	77	10448.909814157629
3269.0	72	10448.185494728974
3270.0	72	10447.460801186173
3271.0	81	10446.735733788562
3272.0	89	10446.010292795343
3273.0	91	10445.284478465635
3274.0	77	10444.558291058414
3275.0	68	10443.831730832557
3276.0	86	10443.1047980468
3277.0	90	10442.377492959822
3278.0	75	10441.649815830126
3279.0	80	10440.921766916128
3280.0	83	10440.193346476128
3281.0	63	10439.464554768303
3282.0	67	10438.735392050732
3283.0	67	10438.00585858137
3284.0	88	10437.275954618048
3285.0	68	10436.545680418487
3286.0	86	10435.815036240318
3287.0	75	10435.084022341014
3288.0	75	10434.35263897798
3289.0	93	10433.620886408467
3290.0	80	10432.88876488964
3291.0	71	10432.15627467853
3292.0	70	10431.423416032063
3293.0	92	10430.69018920706
3294.0	71	10429.956594460218
3295.0	70	10429.222632048113
3296.0	75	10428.48830222721
3297.0	79	10427.753605253884
3298.0	89	10427.018541384365
3299.0	69	10426.283110874778
3300.0	62	10425.547313981133
3301.0	89	10424.811150959345
3302.0	80	10424.074622065193
3303.0	73	10423.337727554355
3304.0	81	10422.600467682383
3305.0	70	10421.862842704739
3306.0	82	10421.124852876741
3307.0	83	10420.386498453603
3308.0	92	10419.647779690453
3309.0	70	10418.908696842256
3310.0	79	10418.169250163923
3311.0	71	10417.429439910185
3312.0	72	10416.689266335721
3313.0	56	10415.94872969506
3314.0	60	10415.207830242634
3315.0	85	10414.466568232741
3316.0	94	10413.724943919608
3317.0	70	10412.982957557302
3318.0	65	10412.240609399805
3319.0	71	10411.497899700953
3320.0	80	10410.754828714533
3321.0	83	10410.011396694164
3322.0	84	10409.267603893364
3323.0	62	10408.523450565552
3324.0	95	10407.778936964016
3325.0	79	10407.03406334195
3326.0	84	10406.288829952406
3327.0	75	10405.543237048372
3328.0	66	10404.797284882681
3329.0	84	10404.050973708065
3330.0	80	10403.304303777142
3331.0	77	10402.55727534242
3332.0	86	10401.80988865633
3333.0	83	10401.062143971105
3334.0	72	10400.31404153895
3335.0	85	10399.565581611912
3336.0	69	10398.816764441954
3337.0	87	10398.067590280894
3338.0	75	10397.318059380459
3339.0	82	10396.568171992272
3340.0	82	10395.81792836782
3341.0	84	10395.067328758503
3342.0	64	10394.316373415582
3343.0	73	10393.565062590229
3344.0	68	10392.813396533507
3345.0	77	10392.061375496336
3346.0	63	10391.308999729548
3347.0	73	10390.556269483868
3348.0	59	10389.8031850099
3349.0	79	10389.049746558127
3350.0	71	10388.295954378946
3351.0	88	10387.541808722603
3352.0	65	10386.787309839287
3353.0	88	10386.032457979029
3354.0	73	10385.277253391758
3355.0	81	10384.521696327309
3356.0	78	10383.765787035392
3357.0	73	10383.009525765616
3358.0	63	10382.252912767453
3359.0	84	10381.495948290305
3360.0	78	10380.738632583418
3361.0	70	10379.980965895962
3362.0	69	10379.222948476978
3363.0	94	10378.464580575408
3364.0	77	10377.705862440063
3365.0	66	10376.946794319663
3366.0	85	10376.187376462818
3367.0	74	10375.427609118004
3368.0	77	10374.667492533608
3369.0	70	10373.907026957904
3370.0	89	10373.146212639036
3371.0	76	10372.385049825076
3372.0	65	10371.623538763932
3373.0	78	10370.861679703461
3374.0	85	10370.09947289135
3375.0	70	10369.336918575224
3376.0	82	10368.574017002573
3377.0	86	10367.810768420779
3378.0	50	10367.047173077126
3379.0	81	10366.283231218766
3380.0	73	10365.51894309275
3381.0	88	10364.754308946032
3382.0	81	10363.989329025435
3383.0	82	10363.224003577694
3384.0	64	10362.45833284941
3385.0	94	10361.692317087098
3386.0	83	10360.925956537136
3387.0	75	10360.15925144581
3388.0	68	10359.392202059309
3389.0	72	10358.624808623674
3390.0	72	10357.857071384857
3391.0	63	10357.088990588727
3392.0	71	10356.320566480998
3393.0	69	10355.55179930729
3394.0	82	10354.782689313115
3395.0	78	10354.013236743896
3396.0	65	10353.24344184491
3397.0	63	10352.473304861345
3398.0	87	10351.702826038276
3399.0	65	10350.932005620669
3400.0	77	10350.160843853384
3401.0	78	10349.389340981166
3402.0	76	10348.61749724865
3403.0	82	10347.84531290036
3404.0	67	10347.072788180718
3405.0	69	10346.299923334034
3406.0	81	10345.526718604511
3407.0	72	10344.753174236239
3408.0	83	10343.979290473188
3409.0	68	10343.205067559242
3410.0	60	10342.430505738177
3411.0	74	10341.65560525362
3412.0	70	10340.880366349133
3413.0	66	10340.104789268145
3414.0	69	10339.328874253993
3415.0	88	10338.55262154989
3416.0	77	10337.776031398951
3417.0	67	10336.999104044162
3418.0	78	10336.221839728438
3419.0	72	10335.444238694563
3420.0	75	10334.666301185183
3421.0	87	10333.888027442892
3422.0	72	10333.10941771014
3423.0	82	10332.330472229265
3424.0	72	10331.551191242528
3425.0	71	10330.771574992054
3426.0	87	10329.99162371987
3427.0	64	10329.211337667883
3428.0	85	10328.430717077907
3429.0	76	10327.649762191648
3430.0	89	10326.868473250684
3431.0	94	10326.086850496513
3432.0	80	10325.304894170484
3433.0	60	10324.522604513895
3434.0	68	10323.739981767882
3435.0	51	10322.957026173512
3436.0	67	10322.173737971723
3437.0	89	10321.390117403338
3438.0	64	10320.606164709108
3439.0	82	10319.821880129628
3440.0	71	10319.037263905415
3441.0	67	10318.252316276888
3442.0	84	10317.467037484326
3443.0	62	10316.681427767928
3444.0	71	10315.895487367763
3445.0	89	10315.109216523806
3446.0	90	10314.322615475941
3447.0	80	10313.53568446391
3448.0	70	10312.748423727364
3449.0	75	10311.96083350584
3450.0	91	10311.172914038794
3451.0	74	10310.38466556554
3452.0	80	10309.596088325286
3453.0	87	10308.807182557173
3454.0	68	10308.017948500194
3455.0	76	10307.228386393253
3456.0	78	10306.438496475132
3457.0	73	10305.648278984514
3458.0	81	10304.85773416
3459.0	86	10304.066862240052
3460.0	75	10303.275663463013
3461.0	77	10302.484138067159
3462.0	74	10301.692286290649
3463.0	63	10300.900108371503
3464.0	64	10300.107604547677
3465.0	82	10299.314775056988
3466.0	67	10298.521620137171
3467.0	83	10297.728140025822
3468.0	83	10296.934334960473
3469.0	82	10296.140205178532
3470.0	68	10295.345750917262
3471.0	86	10294.550972413876
3472.0	83	10293.755869905459
3473.0	78	10292.960443628981
3474.0	67	10292.16469382132
3475.0	87	10291.368620719233
3476.0	77	10290.572224559384
3477.0	78	10289.775505578327
3478.0	78	10288.978464012493
3479.0	74	10288.181100098229
3480.0	92	10287.38341407177
3481.0	85	10286.585406169255
3482.0	66	10285.787076626682
3483.0	84	10284.988425679976
3484.0	72	10284.189453564963
3485.0	81	10283.390160517314
3486.0	78	10282.590546772655
3487.0	72	10281.790612566458
3488.0	79	10280.990358134108
3489.0	75	10280.189783710903
3490.0	83	10279.388889532003
3491.0	69	10278.58767583248
3492.0	59	10277.786142847297
3493.0	63	10276.984290811308
3494.0	60	10276.182119959254
3495.0	87	10275.379630525802
3496.0	90	10274.57682274549
3497.0	76	10273.773696852746
3498.0	71	10272.97025308189
3499.0	81	10272.166491667162
3500.0	66	10271.362412842676
3501.0	72	10270.558016842437
3502.0	70	10269.753303900367
3503.0	77	10268.948274250262
3504.0	85	10268.142928125808
3505.0	70	10267.337265760625
3506.0	74	10266.531287388181
3507.0	69	10265.724993241853
3508.0	70	10264.918383554943
3509.0	75	10264.1114585606
3510.0	67	10263.30421849189
3511.0	70	10262.496663581805
3512.0	72	10261.688794063175
3513.0	79	10260.88061016877
3514.0	70	10260.072112131218
3515.0	69	10259.263300183078
3516.0	80	10258.454174556779
3517.0	90	10257.64473548468
3518.0	86	10256.834983198985
3519.0	73	10256.024917931827
3520.0	68	10255.214539915218
3521.0	90	10254.403849381084
3522.0	69	10253.592846561241
3523.0	91	10252.781531687378
3524.0	83	10251.969904991118
3525.0	86	10251.157966703957
3526.0	66	10250.34571705728
3527.0	77	10249.533156282376
3528.0	88	10248.720284610437
3529.0	85	10247.907102272533
3530.0	85	10247.093609499676
3531.0	90	10246.279806522693
3532.0	83	10245.46569357238
3533.0	59	10244.651270879389
3534.0	80	10243.836538674304
3535.0	76	10243.021497187563
3536.0	87	10242.20614664952
3537.0	75	10241.390487290433
3538.0	83	10240.574519340447
3539.0	77	10239.758243029597
3540.0	75	10238.941658587839
3541.0	88	10238.124766244968
3542.0	91	10237.307566230758
3543.0	82	10236.490058774827
3544.0	80	10235.672244106676
3545.0	69	10234.854122455747
3546.0	79	10234.035694051354
3547.0	85	10233.216959122698
3548.0	82	10232.397917898916
3549.0	79	10231.57857060899
3550.0	76	10230.75891748183
3551.0	82	10229.938958746237
3552.0	55	10229.1186946309
3553.0	84	10228.298125364432
3554.0	68	10227.477251175305
3555.0	82	10226.656072291928
3556.0	69	10225.834588942555
3557.0	83	10225.012801355384
3558.0	86	10224.19070975849
3559.0	73	10223.36831437986
3560.0	81	10222.545615447356
3561.0	63	10221.722613188747
3562.0	85	10220.899307831698
3563.0	72	10220.075699603778
3564.0	66	10219.251788732445
3565.0	76	10218.427575445055
3566.0	79	10217.603059968877
3567.0	84	10216.778242531049
3568.0	81	10215.953123358619
3569.0	90	10215.127702678543
3570.0	74	10214.301980717675
3571.0	75	10213.475957702745
3572.0	88	10212.649633860401
3573.0	72	10211.823009417165
3574.0	66	10210.996084599492
3575.0	79	10210.168859633708
3576.0	64	10209.341334746035
3577.0	93	10208.513510162613
3578.0	69	10207.685386109468
3579.0	72	10206.85696281252
3580.0	69	10206.028240497593
3581.0	74	10205.199219390408
3582.0	77	10204.369899716585
3583.0	85	10203.540281701638
3584.0	78	10202.710365570978
3585.0	62	10201.880151549914
3586.0	75	10201.04963986367
3587.0	81	10200.218830737344
3588.0	84	10199.387724395932
3589.0	77	10198.556321064369
3590.0	91	10197.724620967425
3591.0	70	10196.892624329827
3592.0	69	10196.06033137616
3593.0	75	10195.227742330926
3594.0	58	10194.39485741853
3595.0	68	10193.561676863252
3596.0	71	10192.728200889282
3597.0	75	10191.894429720749
3598.0	76	10191.060363581591
3599.0	76	10190.22600269574
3600.0	76	10189.39134728695
3601.0	68	10188.556397578937
3602.0	88	10187.72115379527
3603.0	68	10186.88561615943
3604.0	87	10186.049784894816
3605.0	75	10185.213660224701
3606.0	82	10184.37724237226
3607.0	86	10183.54053156057
3608.0	87	10182.703528012624
3609.0	74	10181.866231951295
3610.0	86	10181.02864359935
3611.0	88	10180.190763179467
3612.0	82	10179.352590914243
3613.0	92	10178.514127026112
3614.0	82	10177.675371737483
3615.0	79	10176.836325270608
3616.0	73	10175.996987847671
3617.0	72	10175.157359690733
3618.0	85	10174.317441021767
3619.0	84	10173.477232062643
3620.0	88	10172.636733035131
3621.0	85	10171.795944160898
3622.0	84	10170.95486566152
3623.0	88	10170.113497758453
3624.0	80	10169.271840673071
3625.0	76	10168.429894626635
3626.0	68	10167.587659840321
3627.0	84	10166.74513653519
3628.0	67	10165.902324932204
3629.0	86	10165.05922525224
3630.0	82	10164.215837716049
3631.0	88	10163.3721625443
3632.0	81	10162.528199957567
3633.0	80	10161.683950176317
3634.0	76	10160.839413420903
3635.0	72	10159.9945899116
3636.0	79	10159.149479868562
3637.0	82	10158.304083511877
3638.0	75	10157.458401061485
3639.0	82	10156.612432737264
3640.0	59	10155.76617875898
3641.0	88	10154.919639346288
3642.0	80	10154.07281471878
3643.0	71	10153.2257050959
3644.0	80	10152.37831069702
3645.0	85	10151.530631741416
3646.0	78	10150.682668448248
3647.0	69	10149.834421036578
3648.0	64	10148.9858897254
3649.0	88	10148.137074733551
3650.0	54	10147.287976279827
3651.0	81	10146.438594582885
3652.0	68	10145.588929861307
3653.0	83	10144.738982333558
3654.0	53	10143.888752218003
3655.0	72	10143.038239732929
3656.0	90	10142.187445096513
3657.0	65	10141.336368526825
3658.0	94	10140.485010241828
3659.0	65	10139.633370459422
3660.0	74	10138.78144939738
3661.0	82	10137.92924727337
3662.0	86	10137.076764304973
3663.0	86	10136.224000709677
3664.0	75	10135.370956704875
3665.0	84	10134.51763250784
3666.0	73	10133.66402833575
3667.0	73	10132.810144405701
3668.0	88	10131.955980934674
3669.0	53	10131.101538139572
3670.0	73	10130.246816237162
3671.0	74	10129.391815444149
3672.0	80	10128.536535977135
3673.0	83	10127.680978052591
3674.0	58	10126.825141886937
3675.0	73	10125.969027696468
3676.0	78	10125.112635697362
3677.0	94	10124.255966105733
3678.0	82	10123.399019137603
3679.0	84	10122.541795008845
3680.0	84	10121.684293935274
3681.0	80	10120.826516132604
3682.0	69	10119.968461816448
3683.0	71	10119.110131202317
3684.0	83	10118.251524505604
3685.0	65	10117.39264194165
3686.0	97	10116.53348372565
3687.0	79	10115.674050072746
3688.0	73	10114.814341197938
3689.0	80	10113.954357316168
3690.0	69	10113.094098642257
3691.0	88	10112.233565390929
3692.0	77	10111.372757776802
3693.0	100	10110.511676014425
3694.0	88	10109.650320318224
3695.0	76	10108.788690902544
3696.0	73	10107.926787981614
3697.0	80	10107.064611769585
3698.0	70	10106.202162480495
3699.0	82	10105.339440328295
3700.0	64	10104.476445526834
3701.0	70	10103.613178289854
3702.0	79	10102.749638831017
3703.0	81	10101.885827363874
3704.0	65	10101.021744101892
3705.0	68	10100.157389258427
3706.0	88	10099.292763046746
3707.0	73	10098.427865680012
3708.0	75	10097.562697371306
3709.0	81	10096.697258333597
3710.0	78	10095.831548779759
3711.0	77	10094.965568922571
3712.0	69	10094.099318974715
3713.0	72	10093.232799148767
3714.0	75	10092.366009657233
3715.0	84	10091.498950712488
3716.0	61	10090.631622526833
3717.0	86	10089.764025312465
3718.0	73	10088.896159281492
3719.0	72	10088.028024645904
3720.0	77	10087.159621617613
3721.0	71	10086.29095040844
3722.0	73	10085.422011230079
3723.0	92	10084.552804294157
3724.0	87	10083.683329812191
3725.0	76	10082.813587995619
3726.0	62	10081.943579055749
3727.0	85	10081.073303203828
3728.0	64	10080.202760650975
3729.0	70	10079.331951608236
3730.0	94	10078.460876286557
3731.0	73	10077.589534896773
3732.0	81	10076.717927649635
3733.0	71	10075.8460547558
3734.0	80	10074.973916425828
3735.0	75	10074.101512870175
3736.0	73	10073.228844299203
3737.0	84	10072.35591092318
3738.0	76	10071.48271295228
3739.0	82	10070.60925059658
3740.0	76	10069.73552406605
3741.0	78	10068.861533570593
3742.0	73	10067.987279319994
3743.0	69	10067.112761523918
3744.0	68	10066.237980391996
3745.0	83	10065.362936133715
3746.0	78	10064.487628958474
3747.0	82	10063.612059075587
3748.0	79	10062.736226694255
3749.0	98	10061.860132023623
3750.0	90	10060.983775272702
3751.0	71	10060.107156650398
3752.0	69	10059.230276365575
3753.0	80	10058.353134626948
3754.0	93	10057.475731643153
3755.0	84	10056.598067622752
3756.0	84	10055.720142774182
3757.0	84	10054.841957305802
3758.0	88	10053.96351142586
3759.0	80	10053.084805342532
3760.0	71	10052.20583926388
3761.0	64	10051.326613397872
3762.0	75	10050.447127952406
3763.0	81	10049.567383135241
3764.0	76	10048.687379154066
3765.0	97	10047.807116216492
3766.0	77	10046.926594530003
3767.0	66	10046.045814301993
3768.0	76	10045.164775739788
3769.0	64	10044.283479050597
3770.0	83	10043.401924441518
3771.0	86	10042.520112119597
3772.0	76	10041.638042291743
3773.0	71	10040.755715164809
3774.0	86	10039.873130945518
3775.0	67	10038.990289840514
3776.0	77	10038.10719205635
3777.0	76	10037.223837799487
3778.0	83	10036.340227276285
3779.0	87	10035.456360692988
3780.0	79	10034.572238255789
3781.0	83	10033.687860170752
3782.0	89	10032.803226643871
3783.0	93	10031.918337881012
3784.0	81	10031.03319408799
3785.0	75	10030.147795470493
3786.0	67	10029.262142234129
3787.0	68	10028.37623458441
3788.0	71	10027.490072726752
3789.0	75	10026.60365686647
3790.0	78	10025.716987208792
3791.0	81	10024.830063958854
3792.0	90	10023.942887321697
3793.0	81	10023.055457502269
3794.0	75	10022.167774705411
3795.0	81	10021.27983913589
3796.0	80	10020.391650998363
3797.0	79	10019.503210497413
3798.0	80	10018.614517837495
3799.0	70	10017.725573223013
3800.0	89	10016.836376858239
3801.0	61	10015.946928947367
3802.0	84	10015.057229694503
3803.0	70	10014.167279303663
3804.0	65	10013.27707797875
3805.0	73	10012.38662592358
3806.0	53	10011.49592334189
3807.0	77	10010.604970437298
3808.0	67	10009.713767413365
3809.0	75	10008.822314473513
3810.0	75	10007.930611821112
3811.0	72	10007.038659659418
3812.0	87	10006.146458191592
3813.0	76	10005.254007620699
3814.0	70	10004.36130814973
3815.0	82	10003.468359981574
3816.0	70	10002.57516331901
3817.0	76	10001.681718364745
3818.0	74	10000.788025321388
3819.0	65	9999.894084391455
3820.0	79	9998.999895777348
3821.0	74	9998.105459681412
3822.0	62	9997.21077630588
3823.0	77	9996.315845852874
3824.0	82	9995.420668524479
3825.0	70	9994.52524452261
3826.0	78	9993.629574049155
3827.0	81	9992.733657305878
3828.0	69	9991.83749449447
3829.0	89	9990.94108581648
3830.0	82	9990.044431473427
3831.0	84	9989.147531666704
3832.0	83	9988.250386597618
3833.0	78	9987.352996467376
3834.0	77	9986.455361477107
3835.0	79	9985.557481827838
3836.0	95	9984.659357720506
3837.0	69	9983.760989355953
3838.0	62	9982.862376934927
3839.0	69	9981.963520658097
3840.0	74	9981.064420726028
3841.0	76	9980.165077339187
3842.0	79	9979.265490697948
3843.0	77	9978.365661002628
3844.0	68	9977.465588453402
3845.0	68	9976.565273250384
3846.0	82	9975.664715593586
3847.0	64	9974.763915682932
3848.0	81	9973.862873718243
3849.0	70	9972.961589899265
3850.0	89	9972.060064425646
3851.0	76	9971.158297496926
3852.0	84	9970.256289312587
3853.0	80	9969.354040071976
3854.0	86	9968.451549974381
3855.0	81	9967.548819218997
3856.0	79	9966.645848004899
3857.0	95	9965.742636531102
3858.0	81	9964.839184996523
3859.0	71	9963.93549359997
3860.0	92	9963.031562540174
3861.0	60	9962.127392015773
3862.0	96	9961.222982225312
3863.0	72	9960.31833336723
3864.0	71	9959.41344563991
3865.0	71	9958.50831924161
3866.0	70	9957.602954370508
3867.0	71	9956.697351224699
3868.0	63	9955.791510002178
3869.0	51	9954.885430900838
3870.0	79	9953.979114118505
3871.0	81	9953.0725598529
3872.0	93	9952.165768301651
3873.0	70	9951.258739662297
3874.0	87	9950.351474132278
3875.0	69	9949.44397190897
3876.0	81	9948.536233189629
3877.0	69	9947.62825817144
3878.0	77	9946.720047051473
3879.0	82	9945.811600026736
3880.0	75	9944.902917294112
3881.0	72	9943.993999050437
3882.0	71	9943.084845492416
3883.0	72	9942.175456816678
3884.0	74	9941.265833219788
3885.0	76	9940.355974898157
3886.0	93	9939.445882048183
3887.0	60	9938.535554866095
3888.0	87	9937.624993548081
3889.0	61	9936.714198290254
3890.0	82	9935.80316928857
3891.0	80	9934.891906738974
3892.0	60	9933.980410837248
3893.0	74	9933.068681779136
3894.0	75	9932.156719760249
3895.0	79	9931.244524976168
3896.0	70	9930.332097622311
3897.0	73	9929.419437894063
3898.0	75	9928.506545986676
3899.0	77	9927.593422095355
3900.0	62	9926.680066415174
3901.0	73	9925.766479141146
3902.0	76	9924.852660468176
3903.0	84	9923.938610591098
3904.0	96	9923.024329704629
3905.0	68	9922.109818003419
3906.0	62	9921.195075682022
3907.0	63	9920.280102934883
3908.0	67	9919.36489995639
3909.0	88	9918.44946694083
3910.0	85	9917.533804082386
3911.0	66	9916.617911575157
3912.0	85	9915.701789613162
3913.0	71	9914.785438390314
3914.0	77	9913.868858100468
3915.0	69	9912.95204893734
3916.0	67	9912.0350110946
3917.0	68	9911.11774476582
3918.0	70	9910.20025014445
3919.0	65	9909.282527423893
3920.0	77	9908.364576797441
3921.0	83	9907.446398458294
3922.0	72	9906.527992599587
3923.0	76	9905.60935941433
3924.0	70	9904.690499095457
3925.0	74	9903.771411835838
3926.0	83	9902.852097828216
3927.0	72	9901.932557265265
3928.0	66	9901.012790339575
3929.0	72	9900.09279724362
3930.0	69	9899.17257816981
3931.0	69	9898.252133310461
3932.0	79	9897.331462857795
3933.0	91	9896.410567003959
3934.0	70	9895.489445940968
3935.0	78	9894.568099860824
3936.0	75	9893.646528955363
3937.0	83	9892.724733416377
3938.0	75	9891.802713435553
3939.0	91	9890.880469204481
3940.0	79	9889.958000914705
3941.0	91	9889.035308757619
3942.0	69	9888.112392924571
3943.0	78	9887.189253606815
3944.0	74	9886.265890995493
3945.0	82	9885.34230528169
3946.0	69	9884.418496656372
3947.0	73	9883.494465310452
3948.0	81	9882.57021143471
3949.0	81	9881.645735219883
3950.0	71	9880.72103685658
3951.0	81	9879.79611653535
3952.0	70	9878.87097444663
3953.0	82	9877.94561078081
3954.0	86	9877.020025728129
3955.0	73	9876.094219478802
3956.0	78	9875.168192222913
3957.0	74	9874.241944150466
3958.0	79	9873.315475451385
3959.0	75	9872.388786315512
3960.0	99	9871.461876932584
3961.0	83	9870.534747492246
3962.0	78	9869.60739818408
3963.0	86	9868.679829197565
3964.0	67	9867.752040722104
3965.0	74	9866.824032946968
3966.0	64	9865.895806061402
3967.0	85	9864.967360254532
3968.0	74	9864.03869571539
3969.0	79	9863.109812632934
3970.0	70	9862.180711196026
3971.0	81	9861.251391593443
3972.0	73	9860.321854013884
3973.0	91	9859.392098645938
3974.0	72	9858.462125678128
3975.0	76	9857.531935298872
3976.0	78	9856.60152769653
3977.0	83	9855.670903059323
3978.0	77	9854.740061575447
3979.0	95	9853.809003432947
3980.0	82	9852.877728819845
3981.0	64	9851.946237924016
3982.0	82	9851.014530933286
3983.0	73	9850.082608035393
3984.0	76	9849.150469417955
3985.0	66	9848.218115268544
3986.0	64	9847.285545774612
3987.0	80	9846.352761123542
3988.0	78	9845.419761502633
3989.0	72	9844.486547099077
3990.0	77	9843.553118099997
3991.0	91	9842.619474692425
3992.0	79	9841.6856170633
3993.0	77	9840.751545399478
3994.0	73	9839.81725988774
3995.0	67	9838.882760714745
3996.0	81	9837.9480480671
3997.0	71	9837.01312213133
3998.0	91	9836.077983093828
3999.0	79	9835.14263114096
4000.0	79	9834.207066458936
4001.0	74	9833.271289233942
4002.0	90	9832.335299652064
4003.0	82	9831.39909789926
4004.0	85	9830.462684161455
4005.0	88	9829.52605862445
4006.0	72	9828.589221473978
4007.0	86	9827.652172895685
4008.0	100	9826.714913075113
4009.0	91	9825.777442197756
4010.0	81	9824.839760448986
4011.0	77	9823.901868014078
4012.0	75	9822.963765078273
4013.0	81	9822.025451826665
4014.0	72	9821.086928444318
4015.0	79	9820.148195116177
4016.0	87	9819.209252027096
4017.0	69	9818.270099361862
4018.0	63	9817.33073730516
4019.0	91	9816.391166041614
4020.0	82	9815.451385755723
4021.0	69	9814.511396631931
4022.0	91	9813.57119885459
4023.0	63	9812.630792607952
4024.0	83	9811.69017807621
4025.0	83	9810.749355443446
4026.0	76	9809.808324893658
4027.0	90	9808.86708661077
4028.0	67	9807.925640778616
4029.0	67	9806.983987580954
4030.0	73	9806.042127201428
4031.0	74	9805.10005982362
4032.0	85	9804.157785631014
4033.0	73	9803.215304807038
4034.0	91	9802.272617534987
4035.0	58	9801.329723998106
4036.0	77	9800.386624379533
4037.0	95	9799.443318862342
4038.0	72	9798.499807629501
4039.0	90	9797.556090863918
4040.0	80	9796.612168748376
4041.0	85	9795.668041465622
4042.0	93	9794.723709198262
4043.0	68	9793.779172128876
4044.0	75	9792.834430439898
4045.0	80	9791.889484313728
4046.0	76	9790.944333932668
4047.0	84	9789.998979478905
4048.0	66	9789.053421134575
4049.0	69	9788.107659081728
4050.0	90	9787.161693502294
4051.0	58	9786.21552457816
4052.0	70	9785.2691524911
4053.0	59	9784.322577422829
4054.0	85	9783.375799554953
4055.0	73	9782.428819068995
4056.0	76	9781.4816361464
4057.0	65	9780.534250968532
4058.0	73	9779.586663716655
4059.0	62	9778.63887457199
4060.0	64	9777.690883715602
4061.0	82	9776.742691328547
4062.0	71	9775.794297591743
4063.0	71	9774.845702686043
4064.0	84	9773.896906792203
4065.0	73	9772.947910090936
4066.0	91	9771.998712762816
4067.0	73	9771.049314988359
4068.0	74	9770.099716947998
4069.0	79	9769.149918822077
4070.0	78	9768.199920790837
4071.0	74	9767.249723034494
4072.0	55	9766.299325733116
4073.0	92	9765.348729066702
4074.0	57	9764.397933215181
4075.0	65	9763.446938358395
4076.0	82	9762.4957446761
4077.0	82	9761.544352347968
4078.0	83	9760.592761553577
4079.0	81	9759.640972472434
4080.0	72	9758.688985283961
4081.0	76	9757.736800167475
4082.0	85	9756.784417302239
4083.0	87	9755.831836867417
4084.0	82	9754.879059042092
4085.0	73	9753.926084005267
4086.0	79	9752.972911935836
4087.0	79	9752.019543012666
4088.0	93	9751.06597741446
4089.0	74	9750.112215319907
4090.0	80	9749.158256907598
4091.0	82	9748.20410235599
4092.0	85	9747.249751843525
4093.0	71	9746.29520554852
4094.0	53	9745.340463649225
4095.0	84	9744.3855263238
4096.0	83	9743.430393750317
4097.0	74	9742.475066106774
4098.0	78	9741.519543571072
4099.0	67	9740.563826321053
4100.0	70	9739.60791453445
4101.0	75	9738.65180838893
4102.0	74	9737.695508062066
4103.0	62	9736.739013731354
4104.0	71	9735.782325574191
4105.0	80	9734.82544376793
4106.0	86	9733.868368489797
4107.0	86	9732.911099916952
4108.0	77	9731.953638226478
4109.0	87	9730.995983595365
4110.0	86	9730.03813620053
4111.0	80	9729.080096218799
4112.0	87	9728.121863826915
4113.0	77	9727.16343920154
4114.0	68	9726.20482251925
4115.0	82	9725.246013956552
4116.0	88	9724.287013689853
4117.0	81	9723.327821895484
4118.0	76	9722.368438749689
4119.0	70	9721.408864428646
4120.0	74	9720.44909910843
4121.0	76	9719.489142965027
4122.0	91	9718.52899617437
4123.0	58	9717.568658912292
4124.0	75	9716.608131354533
4125.0	78	9715.647413676785
4126.0	80	9714.686506054606
4127.0	81	9713.72540866352
4128.0	80	9712.764121678943
4129.0	77	9711.802645276213
4130.0	73	9710.840979630588
4131.0	78	9709.879124917245
4132.0	75	9708.917081311258
4133.0	82	9707.95484898765
4134.0	82	9706.992428121359
4135.0	72	9706.029818887218
4136.0	69	9705.067021459996
4137.0	76	9704.104036014347
4138.0	65	9703.140862724906
4139.0	66	9702.177501766171
4140.0	82	9701.213953312581
4141.0	81	9700.250217538476
4142.0	65	9699.286294618145
4143.0	64	9698.322184725761
4144.0	74	9697.35788803544
4145.0	58	9696.393404721199
4146.0	86	9695.428734956982
4147.0	70	9694.463878916651
4148.0	73	9693.498836773977
4149.0	82	9692.533608702655
4150.0	59	9691.568194876318
4151.0	82	9690.60259546849
4152.0	71	9689.63681065262
4153.0	76	9688.670840602068
4154.0	85	9687.704685490135
4155.0	87	9686.738345490035
4156.0	78	9685.771820774864
4157.0	77	9684.805111517693
4158.0	60	9683.838217891465
4159.0	81	9682.87114006907
4160.0	71	9681.903878223316
4161.0	70	9680.936432526903
4162.0	92	9679.96880315246
4163.0	62	9679.000990272572
4164.0	70	9678.032994059688
4165.0	66	9677.064814686199
4166.0	88	9676.09645232444
4167.0	90	9675.127907146605
4168.0	89	9674.159179324866
4169.0	79	9673.190269031289
4170.0	84	9672.221176437848
4171.0	71	9671.251901716461
4172.0	89	9670.282445038936
4173.0	90	9669.312806577032
4174.0	92	9668.342986502408
4175.0	87	9667.372984986638
4176.0	76	9666.402802201219
4177.0	75	9665.43243831757
4178.0	92	9664.461893507036
4179.0	57	9663.49116794088
4180.0	92	9662.520261790249
4181.0	82	9661.549175226271
4182.0	72	9660.577908419951
4183.0	66	9659.606461542215
4184.0	81	9658.634834763916
4185.0	68	9657.663028255842
4186.0	69	9656.69104218866
4187.0	91	9655.718876733008
4188.0	83	9654.746532059393
4189.0	71	9653.774008338278
4190.0	80	9652.801305740039
4191.0	75	9651.828424434947
4192.0	61	9650.855364593226
4193.0	82	9649.882126384991
4194.0	76	9648.90870998031
4195.0	71	9647.93511554912
4196.0	69	9646.961343261346
4197.0	61	9645.987393286761
4198.0	87	9645.013265795113
4199.0	88	9644.038960956035
4200.0	68	9643.0644789391
4201.0	79	9642.089819913805
4202.0	85	9641.114984049533
4203.0	67	9640.139971515622
4204.0	63	9639.164782481326
4205.0	70	9638.189417115791
4206.0	85	9637.213875588122
4207.0	67	9636.238158067314
4208.0	83	9635.262264722287
4209.0	89	9634.286195721907
4210.0	88	9633.309951234929
4211.0	78	9632.333531430033
4212.0	77	9631.356936475839
4213.0	68	9630.380166540852
4214.0	73	9629.403221793542
4215.0	60	9628.426102402269
4216.0	65	9627.448808535317
4217.0	68	9626.471340360895
4218.0	55	9625.493698047132
4219.0	86	9624.515881762074
4220.0	85	9623.537891673697
4221.0	61	9622.559727949878
4222.0	77	9621.581390758436
4223.0	74	9620.602880267112
4224.0	64	9619.624196643537
4225.0	73	9618.64534005529
4226.0	84	9617.666310669867
4227.0	73	9616.687108654682
4228.0	65	9615.707734177062
4229.0	76	9614.72818740427
4230.0	70	9613.748468503465
4231.0	63	9612.768577641762
4232.0	76	9611.788514986172
4233.0	60	9610.808280703624
4234.0	69	9609.827874960987
4235.0	74	9608.847297925035
4236.0	61	9607.866549762468
4237.0	84	9606.885630639916
4238.0	86	9605.904540723905
4239.0	95	9604.923280180914
4240.0	69	9603.941849177307
4241.0	67	9602.96024787943
4242.0	75	9601.978476453463
4243.0	71	9600.996535065586
4244.0	74	9600.014423881845
4245.0	79	9599.03214306824
4246.0	87	9598.049692790693
4247.0	75	9597.067073215023
4248.0	72	9596.084284506987
4249.0	68	9595.101326832273
4250.0	81	9594.118200356454
4251.0	65	9593.134905245059
4252.0	64	9592.151441663542
4253.0	78	9591.167809777242
4254.0	65	9590.184009751447
4255.0	91	9589.20004175138
4256.0	67	9588.21590594213
4257.0	65	9587.231602488777
4258.0	68	9586.24713155628
4259.0	74	9585.26249330953
4260.0	70	9584.277687913342
4261.0	73	9583.292715532432
4262.0	82	9582.307576331476
4263.0	84	9581.322270475046
4264.0	75	9580.336798127631
4265.0	66	9579.351159453663
4266.0	62	9578.365354617483
4267.0	62	9577.379383783367
4268.0	70	9576.393247115475
4269.0	72	9575.40694477794
4270.0	74	9574.42047693478
4271.0	87	9573.433843749946
4272.0	89	9572.447045387333
4273.0	81	9571.460082010712
4274.0	74	9570.47295378381
4275.0	81	9569.485660870281
4276.0	94	9568.498203433672
4277.0	60	9567.51058163748
4278.0	78	9566.5227956451
4279.0	77	9565.534845619877
4280.0	66	9564.546731725059
4281.0	67	9563.55845412381
4282.0	78	9562.570012979239
4283.0	72	9561.581408454353
4284.0	66	9560.59264071211
4285.0	72	9559.603709915358
4286.0	72	9558.614616226905
4287.0	75	9557.625359809443
4288.0	76	9556.635940825607
4289.0	74	9555.646359437955
4290.0	72	9554.656615808948
4291.0	105	9553.666710101019
4292.0	82	9552.676642476456
4293.0	68	9551.686413097525
4294.0	66	9550.69602212639
4295.0	70	9549.70546972514
4296.0	72	9548.714756055777
4297.0	85	9547.723881280252
4298.0	79	9546.732845560417
4299.0	76	9545.741649058062
4300.0	71	9544.750291934886
4301.0	83	9543.758774352507
4302.0	82	9542.767096472493
4303.0	96	9541.775258456299
4304.0	82	9540.783260465347
4305.0	70	9539.791102660936
4306.0	59	9538.798785204313
4307.0	69	9537.806308256648
4308.0	87	9536.813671979024
4309.0	86	9535.820876532463
4310.0	79	9534.827922077893
4311.0	75	9533.834808776177
4312.0	66	9532.841536788093
4313.0	83	9531.848106274343
4314.0	72	9530.854517395557
4315.0	70	9529.8607703123
4316.0	78	9528.866865185037
4317.0	61	9527.872802174166
4318.0	55	9526.878581440007
4319.0	85	9525.884203142825
4320.0	64	9524.889667442752
4321.0	70	9523.894974499919
4322.0	81	9522.900124474323
4323.0	71	9521.905117525906
4324.0	74	9520.909953814536
4325.0	92	9519.914633500002
4326.0	91	9518.919156742002
4327.0	65	9517.923523700172
4328.0	79	9516.927734534096
4329.0	73	9515.931789403232
4330.0	55	9514.935688466989
4331.0	83	9513.939431884704
4332.0	68	9512.94301981562
4333.0	83	9511.946452418935
4334.0	78	9510.949729853734
4335.0	82	9509.95285227905
4336.0	62	9508.955819853816
4337.0	75	9507.958632736927
4338.0	74	9506.961291087173
4339.0	100	9505.96379506327
4340.0	82	9504.966144823882
4341.0	74	9503.968340527557
4342.0	72	9502.970382332807
4343.0	76	9501.972270398028
4344.0	69	9500.97400488159
4345.0	88	9499.975585941747
4346.0	75	9498.977013736689
4347.0	61	9497.978288424532
4348.0	78	9496.97941016332
4349.0	74	9495.980379111013
4350.0	68	9494.981195425502
4351.0	71	9493.9818592646
4352.0	79	9492.982370786043
4353.0	71	9491.982730147496
4354.0	71	9490.98293750655
4355.0	76	9489.98299302071
4356.0	72	9488.982896847414
4357.0	76	9487.98264914402
4358.0	84	9486.982250067807
4359.0	62	9485.981699775995
4360.0	90	9484.980998425734
4361.0	66	9483.980146174048
4362.0	82	9482.979143177954
4363.0	74	9481.977989594332
4364.0	94	9480.976685580026
4365.0	77	9479.975231291812
4366.0	64	9478.973626886362
4367.0	91	9477.971872520278
4368.0	79	9476.9699683501
4369.0	68	9475.967914532284
4370.0	70	9474.965711223218
4371.0	66	9473.963358579198
4372.0	64	9472.960856756474
4373.0	81	9471.958205911194
4374.0	74	9470.955406199453
4375.0	66	9469.952457777235
4376.0	71	9468.949360800507
4377.0	86	9467.946115425104
4378.0	72	9466.94272180683
4379.0	61	9465.939180101375
4380.0	55	9464.93549046438
4381.0	71	9463.931653051419
4382.0	86	9462.927668017961
4383.0	69	9461.923535519429
4384.0	65	9460.91925571115
4385.0	88	9459.914828748397
4386.0	60	9458.910254786353
4387.0	65	9457.90553398013
4388.0	87	9456.900666484758
4389.0	59	9455.895652455223
4390.0	78	9454.890492046397
4391.0	84	9453.885185413103
4392.0	66	9452.879732710084
4393.0	68	9451.874134091997
4394.0	72	9450.868389713443
4395.0	67	9449.862499728943
4396.0	76	9448.856464292932
4397.0	70	9447.85028355979
4398.0	74	9446.843957683805
4399.0	66	9445.837486819202
4400.0	73	9444.830871120132
4401.0	85	9443.824110740657
4402.0	84	9442.817205834795
4403.0	72	9441.81015655645
4404.0	86	9440.802963059501
4405.0	74	9439.795625497694
4406.0	82	9438.788144024755
4407.0	75	9437.780518794305
4408.0	83	9436.772749959902
4409.0	91	9435.764837675028
4410.0	73	9434.7567820931
4411.0	71	9433.748583367438
4412.0	62	9432.740241651303
4413.0	88	9431.73175709789
4414.0	68	9430.72312986031
4415.0	79	9429.714360091602
4416.0	69	9428.70544794474
4417.0	66	9427.696393572602
4418.0	98	9426.68719712801
4419.0	66	9425.677858763727
4420.0	60	9424.668378632405
4421.0	86	9423.658756886649
4422.0	77	9422.648993678975
4423.0	69	9421.63908916186
4424.0	92	9420.629043487657
4425.0	75	9419.618856808675
4426.0	65	9418.608529277162
4427.0	72	9417.598061045248
4428.0	72	9416.587452265036
4429.0	56	9415.576703088536
4430.0	80	9414.56581366769
4431.0	84	9413.554784154363
4432.0	86	9412.543614700337
4433.0	69	9411.532305457315
4434.0	63	9410.520856576992
4435.0	75	9409.509268210904
4436.0	69	9408.497540510554
4437.0	70	9407.485673627372
4438.0	72	9406.47366771272
4439.0	63	9405.461522917865
4440.0	78	9404.449239394027
4441.0	77	9403.43681729233
4442.0	67	9402.424256763841
4443.0	73	9401.411557959556
4444.0	78	9400.39872103037
4445.0	82	9399.385746127153
4446.0	73	9398.372633400655
4447.0	82	9397.359383001585
4448.0	58	9396.345995080572
4449.0	76	9395.33246978815
4450.0	74	9394.318807274814
4451.0	71	9393.305007690979
4452.0	66	9392.291071186957
4453.0	81	9391.276997913026
4454.0	81	9390.262788019374
4455.0	84	9389.24844165611
4456.0	71	9388.233958973282
4457.0	76	9387.219340120875
4458.0	67	9386.204585248772
4459.0	86	9385.189694506807
4460.0	73	9384.17466804473
4461.0	94	9383.159506012236
4462.0	80	9382.144208558937
4463.0	62	9381.128775834348
4464.0	80	9380.113207987944
4465.0	71	9379.097505169137
4466.0	66	9378.081667527234
4467.0	73	9377.065695211482
4468.0	80	9376.049588371063
4469.0	90	9375.033347155078
4470.0	53	9374.016971712561
4471.0	75	9373.000462192487
4472.0	82	9371.983818743727
4473.0	73	9370.967041515103
4474.0	69	9369.950130655367
4475.0	81	9368.933086313182
4476.0	72	9367.91590863715
4477.0	78	9366.89859777581
4478.0	65	9365.881153877606
4479.0	75	9364.86357709094
4480.0	79	9363.84586756411
4481.0	64	9362.828025445373
4482.0	77	9361.81005088289
4483.0	62	9360.791944024762
4484.0	77	9359.773705019014
4485.0	85	9358.755334013602
4486.0	61	9357.73683115642
4487.0	70	9356.718196595255
4488.0	76	9355.699430477873
4489.0	69	9354.680532951941
4490.0	71	9353.661504165044
4491.0	71	9352.64234426471
4492.0	68	9351.623053398403
4493.0	82	9350.603631713502
4494.0	86	9349.584079357319
4495.0	76	9348.564396477084
4496.0	77	9347.544583219984
4497.0	67	9346.524639733105
4498.0	84	9345.50456616349
4499.0	87	9344.484362658077
4500.0	79	9343.464029363751
4501.0	85	9342.443566427333
4502.0	85	9341.422973995559
4503.0	73	9340.402252215097
4504.0	72	9339.381401232557
4505.0	71	9338.360421194468
4506.0	67	9337.339312247273
4507.0	61	9336.318074537374
4508.0	75	9335.29670821108
4509.0	55	9334.275213414629
4510.0	67	9333.253590294213
4511.0	62	9332.231838995916
4512.0	66	9331.209959665775
4513.0	68	9330.187952449758
4514.0	87	9329.16581749374
4515.0	88	9328.14355494356
4516.0	82	9327.12116494495
4517.0	68	9326.098647643606
4518.0	66	9325.076003185115
4519.0	82	9324.053231715025
4520.0	80	9323.030333378796
4521.0	75	9322.007308321836
4522.0	68	9320.984156689443
4523.0	78	9319.960878626905
4524.0	67	9318.937474279386
4525.0	61	9317.913943791997
4526.0	69	9316.890287309787
4527.0	69	9315.866504977734
4528.0	76	9314.842596940724
4529.0	63	9313.818563343604
4530.0	71	9312.794404331122
4531.0	65	9311.770120047971
4532.0	85	9310.74571063878
4533.0	80	9309.721176248093
4534.0	70	9308.696517020384
4535.0	68	9307.671733100075
4536.0	85	9306.646824631498
4537.0	68	9305.621791758922
4538.0	66	9304.596634626545
4539.0	83	9303.571353378491
4540.0	77	9302.545948158831
4541.0	75	9301.520419111554
4542.0	74	9300.49476638057
4543.0	65	9299.468990109723
4544.0	79	9298.443090442806
4545.0	66	9297.417067523507
4546.0	78	9296.39092149549
4547.0	79	9295.364652502312
4548.0	91	9294.33826068747
4549.0	88	9293.311746194393
4550.0	67	9292.285109166449
4551.0	73	9291.258349746917
4552.0	65	9290.231468079017
4553.0	68	9289.2044643059
4554.0	63	9288.17733857066
4555.0	72	9287.150091016287
4556.0	80	9286.12272178574
4557.0	85	9285.095231021874
4558.0	78	9284.067618867504
4559.0	70	9283.039885465356
4560.0	85	9282.012030958094
4561.0	73	9280.984055488314
4562.0	60	9279.955959198542
4563.0	74	9278.927742231212
4564.0	71	9277.899404728729
4565.0	63	9276.870946833411
4566.0	72	9275.8423686875
4567.0	74	9274.813670433157
4568.0	77	9273.784852212517
4569.0	66	9272.755914167581
4570.0	77	9271.72685644036
4571.0	79	9270.697679172717
4572.0	79	9269.668382506508
4573.0	67	9268.638966583494
4574.0	76	9267.609431545345
4575.0	93	9266.579777533703
4576.0	81	9265.550004690125
4577.0	70	9264.520113156084
4578.0	69	9263.49010307299
4579.0	73	9262.459974582203
4580.0	86	9261.429727825007
4581.0	72	9260.399362942588
4582.0	84	9259.368880076108
4583.0	62	9258.33827936661
4584.0	71	9257.307560955134
4585.0	67	9256.276724982588
4586.0	84	9255.245771589849
4587.0	68	9254.2147009177
4588.0	98	9253.183513106878
4589.0	80	9252.152208298037
4590.0	75	9251.120786631765
4591.0	78	9250.089248248578
4592.0	89	9249.057593288959
4593.0	83	9248.025821893241
4594.0	76	9246.993934201779
4595.0	62	9245.961930354808
4596.0	77	9244.929810492498
4597.0	86	9243.897574754968
4598.0	67	9242.865223282255
4599.0	68	9241.832756214317
4600.0	68	9240.800173691097
4601.0	73	9239.76747585239
4602.0	66	9238.734662837986
4603.0	75	9237.70173478757
4604.0	70	9236.668691840783
4605.0	74	9235.635534137191
4606.0	67	9234.602261816266
4607.0	76	9233.568875017456
4608.0	71	9232.535373880106
4609.0	84	9231.501758543516
4610.0	49	9230.4680291469
4611.0	74	9229.434185829408
4612.0	69	9228.400228730134
4613.0	76	9227.366157988083
4614.0	84	9226.331973742206
4615.0	85	9225.297676131395
4616.0	84	9224.263265294461
4617.0	83	9223.22874137013
4618.0	76	9222.194104497094
4619.0	87	9221.159354813968
4620.0	59	9220.124492459283
4621.0	73	9219.089517571507
4622.0	76	9218.054430289061
4623.0	83	9217.019230750262
4624.0	69	9215.983919093402
4625.0	73	9214.948495456661
4626.0	86	9213.912959978185
4627.0	83	9212.877312796052
4628.0	77	9211.841554048233
4629.0	75	9210.805683872684
4630.0	76	9209.769702407253
4631.0	97	9208.733609789742
4632.0	67	9207.69740615789
4633.0	74	9206.661091649328
4634.0	66	9205.62466640168
4635.0	78	9204.588130552462
4636.0	81	9203.55148423913
4637.0	86	9202.514727599075
4638.0	74	9201.477860769619
4639.0	79	9200.44088388801
4640.0	75	9199.40379709146
4641.0	86	9198.366600517076
4642.0	64	9197.329294301906
4643.0	85	9196.291878582955
4644.0	87	9195.254353497123
4645.0	68	9194.216719181275
4646.0	80	9193.178975772198
4647.0	75	9192.141123406594
4648.0	75	9191.103162221141
4649.0	87	9190.065092352392
4650.0	63	9189.02691393688
4651.0	67	9187.988627111059
4652.0	77	9186.950232011302
4653.0	79	9185.91172877393
4654.0	74	9184.87311753519
4655.0	63	9183.834398431258
4656.0	72	9182.795571598263
4657.0	66	9181.75663717224
4658.0	70	9180.71759528917
4659.0	66	9179.678446084987
4660.0	77	9178.639189695507
4661.0	90	9177.599826256539
4662.0	71	9176.560355903777
4663.0	70	9175.520778772876
4664.0	72	9174.481094999428
4665.0	62	9173.441304718926
4666.0	82	9172.401408066824
4667.0	67	9171.361405178517
4668.0	64	9170.321296189291
4669.0	73	9169.281081234414
4670.0	65	9168.240760449067
4671.0	60	9167.200333968343
4672.0	70	9166.159801927319
4673.0	76	9165.11916446097
4674.0	69	9164.078421704187
4675.0	56	9163.037573791844
4676.0	66	9161.996620858716
4677.0	77	9160.955563039504
4678.0	66	9159.914400468875
4679.0	82	9158.873133281417
4680.0	69	9157.83176161163
4681.0	76	9156.790285593966
4682.0	74	9155.748705362823
4683.0	73	9154.707021052502
4684.0	75	9153.665232797262
4685.0	63	9152.6233407313
4686.0	77	9151.581344988717
4687.0	73	9150.539245703581
4688.0	58	9149.497043009866
4689.0	75	9148.4547370415
4690.0	64	9147.412327932345
4691.0	70	9146.369815816182
4692.0	71	9145.327200826736
4693.0	81	9144.28448309766
4694.0	73	9143.241662762563
4695.0	73	9142.198739954943
4696.0	79	9141.155714808287
4697.0	66	9140.112587455968
4698.0	78	9139.069358031327
4699.0	78	9138.026026667627
4700.0	71	9136.982593498062
4701.0	69	9135.939058655753
4702.0	82	9134.89542227377
4703.0	69	9133.851684485115
4704.0	74	9132.807845422734
4705.0	56	9131.763905219483
4706.0	63	9130.719864008157
4707.0	67	9129.675721921505
4708.0	68	9128.631479092188
4709.0	76	9127.587135652822
4710.0	59	9126.542691735945
4711.0	75	9125.498147474036
4712.0	71	9124.453502999493
4713.0	79	9123.408758444675
4714.0	69	9122.363913941852
4715.0	71	9121.318969623231
4716.0	75	9120.273925620979
4717.0	72	9119.22878206716
4718.0	85	9118.183539093796
4719.0	77	9117.138196832844
4720.0	69	9116.092755416188
4721.0	74	9115.047214975655
4722.0	70	9114.001575642995
4723.0	61	9112.955837549896
4724.0	75	9111.91000082801
4725.0	69	9110.864065608865
4726.0	68	9109.818032023974
4727.0	72	9108.771900204756
4728.0	67	9107.72567028259
4729.0	67	9106.679342388781
4730.0	70	9105.632916654564
4731.0	58	9104.58639321108
4732.0	70	9103.539772189475
4733.0	66	9102.493053720778
4734.0	52	9101.446237935952
4735.0	78	9100.39932496592
4736.0	84	9099.352314941538
4737.0	81	9098.305207993568
4738.0	75	9097.258004252744
4739.0	74	9096.210703849698
4740.0	60	9095.163306915045
4741.0	80	9094.115813579287
4742.0	80	9093.068223972892
4743.0	68	9092.020538226261
4744.0	69	9090.972756469704
4745.0	67	9089.924878833503
4746.0	72	9088.876905447854
4747.0	73	9087.828836442884
4748.0	72	9086.780671948669
4749.0	79	9085.732412095222
4750.0	86	9084.684057012482
4751.0	72	9083.635606830318
4752.0	73	9082.587061678556
4753.0	82	9081.538421686942
4754.0	68	9080.489686985162
4755.0	62	9079.44085770282
4756.0	64	9078.391933969495
4757.0	72	9077.342915914667
4758.0	80	9076.293803667755
4759.0	75	9075.244597358153
4760.0	77	9074.19529711512
4761.0	72	9073.145903067929
4762.0	77	9072.096415345715
4763.0	80	9071.046834077615
4764.0	70	9069.997159392646
4765.0	59	9068.947391419808
4766.0	64	9067.897530288006
4767.0	80	9066.847576126098
4768.0	78	9065.797529062862
4769.0	71	9064.74738922702
4770.0	79	9063.697156747234
4771.0	76	9062.646831752096
4772.0	68	9061.59641437014
4773.0	85	9060.545904729828
4774.0	64	9059.495302959576
4775.0	77	9058.44460918771
4776.0	71	9057.393823542518
4777.0	62	9056.342946152197
4778.0	80	9055.291977144903
4779.0	72	9054.240916648721
4780.0	66	9053.189764791668
4781.0	65	9052.138521701703
4782.0	80	9051.087187506719
4783.0	69	9050.035762334557
4784.0	73	9048.984246312955
4785.0	80	9047.932639569646
4786.0	64	9046.88094223226
4787.0	62	9045.829154428358
4788.0	72	9044.777276285478
4789.0	82	9043.725307931041
4790.0	86	9042.673249492449
4791.0	69	9041.62110109703
4792.0	66	9040.56886287202
4793.0	84	9039.51653494464
4794.0	68	9038.464117441994
4795.0	73	9037.411610491175
4796.0	75	9036.359014219177
4797.0	62	9035.30632875294
4798.0	73	9034.253554219356
4799.0	74	9033.200690745238
4800.0	63	9032.147738457315
4801.0	85	9031.094697482298
4802.0	71	9030.04156794682
4803.0	61	9028.98834997742
4804.0	78	9027.93504370062
4805.0	71	9026.881649242847
4806.0	64	9025.828166730467
4807.0	58	9024.77459628981
4808.0	67	9023.720938047103
4809.0	72	9022.667192128556
4810.0	73	9021.613358660268
4811.0	82	9020.559437768316
4812.0	72	9019.505429578678
4813.0	68	9018.451334217305
4814.0	71	9017.397151810053
4815.0	68	9016.342882482748
4816.0	90	9015.288526361119
4817.0	68	9014.234083570846
4818.0	74	9013.179554237575
4819.0	81	9012.124938486832
4820.0	66	9011.070236444128
4821.0	70	9010.01544823489
4822.0	58	9008.960573984485
4823.0	68	9007.90561381823
4824.0	72	9006.850567861355
4825.0	75	9005.795436239056
4826.0	70	9004.740219076446
4827.0	69	9003.684916498563
4828.0	85	9002.62952863043
4829.0	73	9001.574055596975
4830.0	72	9000.518497523042
4831.0	63	8999.462854533467
4832.0	77	8998.407126752969
4833.0	75	8997.351314306245
4834.0	62	8996.295417317926
4835.0	74	8995.239435912546
4836.0	67	8994.183370214603
4837.0	71	8993.127220348562
4838.0	64	8992.070986438739
4839.0	69	8991.01466860949
4840.0	72	8989.958266985042
4841.0	79	8988.901781689578
4842.0	71	8987.845212847225
4843.0	73	8986.788560582041
4844.0	64	8985.731825018016
4845.0	72	8984.675006279107
4846.0	72	8983.618104489171
4847.0	71	8982.561119772019
4848.0	67	8981.50405225142
4849.0	73	8980.446902051033
4850.0	75	8979.389669294505
4851.0	77	8978.3323541054
4852.0	70	8977.274956607202
4853.0	75	8976.217476923382
4854.0	83	8975.159915177286
4855.0	64	8974.102271492258
4856.0	58	8973.044545991537
4857.0	68	8971.986738798321
4858.0	74	8970.928850035745
4859.0	72	8969.87087982687
4860.0	80	8968.812828294705
4861.0	86	8967.75469556222
4862.0	66	8966.696481752273
4863.0	74	8965.638186987704
4864.0	68	8964.579811391259
4865.0	83	8963.52135508565
4866.0	95	8962.462818193517
4867.0	65	8961.404200837424
4868.0	90	8960.345503139899
4869.0	80	8959.2867252234
4870.0	68	8958.227867210315
4871.0	84	8957.168929222971
4872.0	65	8956.109911383644
4873.0	74	8955.050813814541
4874.0	79	8953.991636637815
4875.0	77	8952.932379975542
4876.0	61	8951.873043949758
4877.0	58	8950.813628682425
4878.0	72	8949.754134295428
4879.0	81	8948.69456091063
4880.0	88	8947.634908649812
4881.0	70	8946.57517763468
4882.0	70	8945.515367986894
4883.0	89	8944.455479828055
4884.0	63	8943.395513279698
4885.0	67	8942.335468463309
4886.0	69	8941.275345500282
4887.0	76	8940.215144511974
4888.0	74	8939.154865619697
4889.0	75	8938.09450894466
4890.0	87	8937.034074608036
4891.0	58	8935.973562730946
4892.0	71	8934.912973434413
4893.0	63	8933.85230683946
4894.0	65	8932.791563066989
4895.0	88	8931.730742237869
4896.0	81	8930.669844472908
4897.0	88	8929.608869892858
4898.0	80	8928.54781861839
4899.0	61	8927.486690770125
4900.0	69	8926.42548646863
4901.0	74	8925.364205834421
4902.0	76	8924.302848987914
4903.0	68	8923.241416049512
4904.0	83	8922.179907139516
4905.0	72	8921.118322378192
4906.0	78	8920.056661885736
4907.0	81	8918.994925782301
4908.0	68	8917.933114187947
4909.0	78	8916.871227222708
4910.0	53	8915.809265006508
4911.0	72	8914.747227659274
4912.0	69	8913.685115300837
4913.0	84	8912.622928050969
4914.0	83	8911.56066602937
4915.0	79	8910.498329355725
4916.0	83	8909.435918149615
4917.0	81	8908.37343253056
4918.0	85	8907.310872618056
4919.0	67	8906.2482385315
4920.0	99	8905.185530390263
4921.0	66	8904.122748313623
4922.0	79	8903.059892420815
4923.0	75	8901.996962831021
4924.0	74	8900.93395966335
4925.0	64	8899.870883036852
4926.0	85	8898.807733070527
4927.0	78	8897.744509883298
4928.0	71	8896.681213594044
4929.0	83	8895.617844321583
4930.0	70	8894.554402184662
4931.0	77	8893.490887301974
4932.0	66	8892.42729979215
4933.0	69	8891.363639773768
4934.0	54	8890.299907365337
4935.0	76	8889.236102685316
4936.0	74	8888.172225852099
4937.0	52	8887.10827698402
4938.0	85	8886.044256199342
4939.0	74	8884.980163616301
4940.0	64	8883.915999353032
4941.0	72	8882.851763527637
4942.0	86	8881.787456258166
4943.0	67	8880.723077662567
4944.0	81	8879.658627858784
4945.0	76	8878.594106964647
4946.0	78	8877.529515097978
4947.0	79	8876.464852376506
4948.0	60	8875.400118917893
4949.0	62	8874.335314839787
4950.0	71	8873.27044025973
4951.0	70	8872.205495295217
4952.0	72	8871.140480063703
4953.0	70	8870.075394682553
4954.0	85	8869.010239269104
4955.0	76	8867.945013940613
4956.0	74	8866.879718814265
4957.0	76	8865.814354007234
4958.0	76	8864.748919636582
4959.0	72	8863.683415819354
4960.0	81	8862.617842672496
4961.0	75	8861.552200312928
4962.0	75	8860.48648885748
4963.0	73	8859.420708422975
4964.0	65	8858.354859126104
4965.0	73	8857.288941083541
4966.0	67	8856.222954411936
4967.0	87	8855.156899227788
4968.0	69	8854.090775647635
4969.0	73	8853.024583787887
4970.0	67	8851.958323764922
4971.0	77	8850.891995695058
4972.0	60	8849.825599694548
4973.0	70	8848.759135879593
4974.0	69	8847.692604366348
4975.0	80	8846.626005270864
4976.0	63	8845.55933870919
4977.0	79	8844.492604797259
4978.0	64	8843.425803650998
4979.0	65	8842.358935386243
4980.0	93	8841.29200011879
4981.0	75	8840.224997964355
4982.0	81	8839.157929038623
4983.0	68	8838.090793457177
4984.0	64	8837.023591335585
4985.0	81	8835.956322789349
4986.0	70	8834.888987933897
4987.0	66	8833.8215868846
4988.0	74	8832.754119756763
4989.0	88	8831.686586665663
4990.0	80	8830.618987726513
4991.0	65	8829.551323054417
4992.0	76	8828.483592764482
4993.0	78	8827.415796971745
4994.0	82	8826.34793579115
4995.0	75	8825.280009337608
4996.0	77	8824.212017725966
4997.0	69	8823.143961071031
4998.0	74	8822.075839487527
4999.0	68	8821.00765309012
5000.0	83	8819.939401993443
5001.0	83	8818.871086312045
5002.0	88	8817.802706160424
5003.0	67	8816.734261653024
5004.0	69	8815.665752904235
5005.0	78	8814.597180028366
5006.0	73	8813.52854313971
5007.0	71	8812.45984235245
5008.0	79	8811.39107778074
5009.0	71	8810.322249538698
5010.0	64	8809.25335774033
5011.0	87	8808.184402499623
5012.0	80	8807.115383930506
5013.0	80	8806.046302146828
5014.0	77	8804.977157262392
5015.0	70	8803.907949390952
5016.0	71	8802.838678646187
5017.0	89	8801.769345141725
5018.0	86	8800.699948991138
5019.0	66	8799.630490307954
5020.0	64	8798.560969205606
5021.0	79	8797.491385797508
5022.0	63	8796.421740196998
5023.0	72	8795.352032517361
5024.0	79	8794.282262871808
5025.0	82	8793.212431373518
5026.0	77	8792.142538135591
5027.0	78	8791.072583271094
5028.0	75	8790.002566893016
5029.0	66	8788.932489114282
5030.0	75	8787.862350047779
5031.0	69	8786.792149806337
5032.0	64	8785.721888502701
5033.0	78	8784.651566249595
5034.0	69	8783.581183159655
5035.0	77	8782.510739345485
5036.0	75	8781.440234919612
5037.0	65	8780.369669994512
5038.0	73	8779.299044682612
5039.0	73	8778.228359096256
5040.0	81	8777.157613347756
5041.0	56	8776.086807549382
5042.0	75	8775.015941813295
5043.0	88	8773.945016251631
5044.0	70	8772.874030976483
5045.0	74	8771.802986099856
5046.0	73	8770.73188173371
5047.0	74	8769.660717989957
5048.0	74	8768.589494980435
5049.0	74	8767.518212816949
5050.0	72	8766.446871611208
5051.0	69	8765.375471474896
5052.0	75	8764.304012519646
5053.0	70	8763.232494857002
5054.0	65	8762.160918598476
5055.0	62	8761.089283855523
5056.0	84	8760.017590739511
5057.0	70	8758.945839361792
5058.0	52	8757.87402983363
5059.0	83	8756.80216226626
5060.0	88	8755.730236770838
5061.0	69	8754.65825345846
5062.0	96	8753.586212440183
5063.0	68	8752.514113827006
5064.0	65	8751.441957729845
5065.0	88	8750.369744259608
5066.0	66	8749.297473527087
5067.0	60	8748.22514564306
5068.0	64	8747.152760718245
5069.0	66	8746.080318863273
5070.0	67	8745.007820188755
5071.0	83	8743.935264805232
5072.0	64	8742.86265282317
5073.0	79	8741.789984353001
5074.0	86	8740.717259505102
5075.0	79	8739.644478389777
5076.0	81	8738.571641117289
5077.0	78	8737.498747797832
5078.0	86	8736.425798541535
5079.0	61	8735.352793458514
5080.0	71	8734.279732658786
5081.0	70	8733.206616252312
5082.0	64	8732.133444349021
5083.0	82	8731.060217058766
5084.0	55	8729.986934491373
5085.0	63	8728.913596756562
5086.0	62	8727.840203964046
5087.0	74	8726.766756223447
5088.0	56	8725.693253644353
5089.0	83	8724.619696336275
5090.0	72	8723.546084408697
5091.0	68	8722.47241797103
5092.0	79	8721.398697132614
5093.0	65	8720.32492200275
5094.0	80	8719.25109269069
5095.0	74	8718.177209305619
5096.0	70	8717.103271956654
5097.0	69	8716.02928075288
5098.0	82	8714.95523580332
5099.0	75	8713.881137216933
5100.0	80	8712.806985102625
5101.0	83	8711.732779569229
5102.0	78	8710.658520725574
5103.0	74	8709.58420868037
5104.0	62	8708.509843542313
5105.0	66	8707.435425420024
5106.0	73	8706.360954422084
5107.0	94	8705.286430656999
5108.0	71	8704.21185423323
5109.0	75	8703.137225259175
5110.0	89	8702.062543843193
5111.0	85	8700.987810093573
5112.0	58	8699.913024118556
5113.0	89	8698.838186026303
5114.0	74	8697.763295924968
5115.0	67	8696.688353922604
5116.0	70	8695.613360127223
5117.0	77	8694.538314646796
5118.0	72	8693.463217589213
5119.0	76	8692.388069062335
5120.0	81	8691.312869173942
5121.0	70	8690.237618031766
5122.0	72	8689.162315743504
5123.0	65	8688.086962416774
5124.0	81	8687.01155815915
5125.0	78	8685.936103078135
5126.0	67	8684.860597281197
5127.0	70	8683.785040875748
5128.0	57	8682.709433969118
5129.0	74	8681.633776668617
5130.0	79	8680.55806908148
5131.0	90	8679.48231131488
5132.0	73	8678.406503475957
5133.0	87	8677.330645671776
5134.0	63	8676.254738009353
5135.0	66	8675.178780595654
5136.0	69	8674.10277353758
5137.0	73	8673.026716941997
5138.0	67	8671.950610915696
5139.0	61	8670.874455565401
5140.0	70	8669.798250997817
5141.0	81	8668.72199731958
5142.0	82	8667.645694637245
5143.0	75	8666.569343057361
5144.0	52	8665.492942686365
5145.0	83	8664.416493630692
5146.0	69	8663.339995996694
5147.0	78	8662.26344989066
5148.0	94	8661.186855418846
5149.0	69	8660.110212687447
5150.0	83	8659.033521802598
5151.0	68	8657.956782870373
5152.0	57	8656.879995996815
5153.0	63	8655.80316128788
5154.0	75	8654.726278849503
5155.0	64	8653.649348787532
5156.0	61	8652.572371207792
5157.0	88	8651.495346216025
5158.0	77	8650.41827391793
5159.0	82	8649.341154419153
5160.0	67	8648.263987825292
5161.0	75	8647.186774241865
5162.0	89	8646.109513774378
5163.0	71	8645.032206528242
5164.0	62	8643.954852608822
5165.0	76	8642.877452121456
5166.0	77	8641.800005171384
5167.0	79	8640.722511863829
5168.0	68	8639.644972303939
5169.0	70	8638.567386596815
5170.0	65	8637.48975484751
5171.0	73	8636.412077161001
5172.0	85	8635.334353642233
5173.0	75	8634.25658439609
5174.0	56	8633.178769527394
5175.0	63	8632.100909140916
5176.0	73	8631.023003341388
5177.0	80	8629.945052233465
5178.0	60	8628.867055921764
5179.0	67	8627.78901451083
5180.0	58	8626.710928105174
5181.0	67	8625.632796809252
5182.0	93	8624.554620727446
5183.0	70	8623.476399964093
5184.0	79	8622.398134623489
5185.0	71	8621.319824809863
5186.0	71	8620.2414706274
5187.0	74	8619.16307218021
5188.0	74	8618.084629572377
5189.0	69	8617.006142907914
5190.0	71	8615.927612290769
5191.0	91	8614.849037824852
5192.0	78	8613.770419614044
5193.0	80	8612.691757762112
5194.0	77	8611.613052372819
5195.0	71	8610.534303549874
5196.0	65	8609.455511396876
5197.0	74	8608.376676017439
5198.0	73	8607.297797515086
5199.0	52	8606.218875993298
5200.0	69	8605.139911555498
5201.0	79	8604.060904305046
5202.0	78	8602.981854345266
5203.0	72	8601.902761779433
5204.0	78	8600.823626710733
5205.0	74	8599.744449242335
5206.0	77	8598.665229477347
5207.0	73	8597.585967518802
5208.0	64	8596.506663469703
5209.0	76	8595.427317432985
5210.0	71	8594.347929511545
5211.0	75	8593.268499808215
5212.0	71	8592.189028425768
5213.0	81	8591.109515466944
5214.0	74	8590.0299610344
5215.0	58	8588.950365230769
5216.0	83	8587.87072815862
5217.0	77	8586.791049920454
5218.0	75	8585.711330618742
5219.0	76	8584.631570355898
5220.0	77	8583.551769234246
5221.0	75	8582.471927356124
5222.0	62	8581.392044823755
5223.0	96	8580.312121739342
5224.0	67	8579.232158205015
5225.0	75	8578.152154322883
5226.0	77	8577.072110194962
5227.0	74	8575.99202592324
5228.0	81	8574.911901609636
5229.0	68	8573.831737356044
5230.0	70	8572.751533264267
5231.0	74	8571.671289436092
5232.0	65	8570.591005973221
5233.0	58	8569.510682977321
5234.0	70	8568.430320549998
5235.0	90	8567.349918792817
5236.0	81	8566.269477807287
5237.0	75	8565.188997694837
5238.0	85	8564.108478556891
5239.0	74	8563.02792049477
5240.0	68	8561.947323609784
5241.0	73	8560.86668800317
5242.0	78	8559.786013776109
5243.0	79	8558.70530102974
5244.0	84	8557.624549865135
5245.0	72	8556.543760383334
5246.0	76	8555.462932685321
5247.0	83	8554.382066871987
5248.0	79	8553.301163044238
5249.0	67	8552.22022130287
5250.0	73	8551.13924174865
5251.0	83	8550.0582244823
5252.0	86	8548.977169604472
5253.0	65	8547.896077215777
5254.0	74	8546.814947416762
5255.0	77	8545.733780307935
5256.0	83	8544.652575989756
5257.0	82	8543.571334562614
5258.0	84	8542.490056126842
5259.0	77	8541.40874078274
5260.0	62	8540.327388630558
5261.0	88	8539.245999770472
5262.0	81	8538.16457430263
5263.0	75	8537.083112327091
5264.0	64	8536.001613943914
5265.0	77	8534.920079253052
5266.0	73	8533.83850835444
5267.0	86	8532.756901347957
5268.0	76	8531.675258333427
5269.0	59	8530.5935794106
5270.0	60	8529.511864679214
5271.0	78	8528.430114238914
5272.0	70	8527.34832818933
5273.0	68	8526.266506630018
5274.0	84	8525.184649660472
5275.0	74	8524.102757380168
5276.0	79	8523.020829888495
5277.0	67	8521.938867284809
5278.0	71	8520.856869668423
5279.0	81	8519.774837138557
5280.0	79	8518.692769794434
5281.0	67	8517.610667735187
5282.0	72	8516.528531059897
5283.0	77	8515.44635986762
5284.0	64	8514.36415425734
5285.0	74	8513.28191432799
5286.0	86	8512.199640178458
5287.0	74	8511.117331907568
5288.0	75	8510.03498961411
5289.0	77	8508.952613396812
5290.0	73	8507.870203354336
5291.0	59	8506.78775958534
5292.0	66	8505.705282188352
5293.0	75	8504.622771261927
5294.0	70	8503.540226904533
5295.0	73	8502.457649214577
5296.0	77	8501.375038290429
5297.0	85	8500.2923942304
5298.0	69	8499.209717132764
5299.0	72	8498.127007095722
5300.0	77	8497.044264217455
5301.0	70	8495.961488596036
5302.0	73	8494.878680329548
5303.0	83	8493.795839515991
5304.0	82	8492.712966253317
5305.0	68	8491.630060639436
5306.0	75	8490.547122772188
5307.0	67	8489.464152749384
5308.0	69	8488.38115066876
5309.0	81	8487.298116628017
5310.0	68	8486.215050724804
5311.0	65	8485.131953056713
5312.0	79	8484.048823721288
5313.0	57	8482.965662816026
5314.0	77	8481.882470438359
5315.0	69	8480.799246685678
5316.0	69	8479.715991655317
5317.0	76	8478.632705444565
5318.0	66	8477.54938815067
5319.0	55	8476.4660398708
5320.0	74	8475.382660702091
5321.0	61	8474.299250741631
5322.0	71	8473.215810086449
5323.0	72	8472.132338833515
5324.0	78	8471.048837079778
5325.0	69	8469.965304922094
5326.0	51	8468.881742457308
5327.0	63	8467.79814978217
5328.0	66	8466.71452699343
5329.0	80	8465.630874187751
5330.0	66	8464.547191461756
5331.0	71	8463.463478912017
5332.0	84	8462.379736635057
5333.0	59	8461.295964727346
5334.0	80	8460.2121632853
5335.0	70	8459.128332405286
5336.0	52	8458.044472183625
5337.0	81	8456.960582716585
5338.0	51	8455.876664100375
5339.0	75	8454.79271643117
5340.0	74	8453.708739805072
5341.0	81	8452.624734318155
5342.0	71	8451.540700066424
5343.0	77	8450.45663714585
5344.0	68	8449.372545652335
5345.0	78	8448.288425681749
5346.0	79	8447.20427732989
5347.0	64	8446.120100692531
5348.0	64	8445.035895865378
5349.0	72	8443.951662944077
5350.0	72	8442.867402024267
5351.0	68	8441.78311320147
5352.0	68	8440.698796571203
5353.0	70	8439.614452228934
5354.0	65	8438.530080270062
5355.0	71	8437.445680789942
5356.0	67	8436.36125388389
5357.0	80	8435.276799647136
5358.0	76	8434.1923181749
5359.0	68	8433.107809562345
5360.0	70	8432.023273904566
5361.0	73	8430.93871129661
5362.0	88	8429.854121833489
5363.0	67	8428.769505610153
5364.0	71	8427.684862721513
5365.0	58	8426.600193262404
5366.0	59	8425.515497327639
5367.0	62	8424.430775011973
5368.0	78	8423.346026410101
5369.0	83	8422.26125161669
5370.0	73	8421.176450726318
5371.0	83	8420.091623833547
5372.0	61	8419.006771032886
5373.0	89	8417.921892418773
5374.0	75	8416.83698808563
5375.0	48	8415.752058127784
5376.0	65	8414.667102639556
5377.0	86	8413.582121715186
5378.0	85	8412.49711544888
5379.0	73	8411.412083934789
5380.0	80	8410.327027267009
5381.0	74	8409.2419455396
5382.0	67	8408.156838846562
5383.0	65	8407.07170728185
5384.0	75	8405.986550939353
5385.0	82	8404.901369912934
5386.0	53	8403.8161642964
5387.0	77	8402.730934183495
5388.0	74	8401.64567966794
5389.0	76	8400.560400843355
5390.0	86	8399.47509780336
5391.0	69	8398.38977064153
5392.0	79	8397.304419451335
5393.0	84	8396.219044326246
5394.0	75	8395.133645359678
5395.0	73	8394.048222644966
5396.0	56	8392.962776275428
5397.0	56	8391.87730634431
5398.0	61	8390.791812944837
5399.0	75	8389.70629617016
5400.0	68	8388.620756113374
5401.0	69	8387.535192867545
5402.0	63	8386.44960652569
5403.0	65	8385.36399718075
5404.0	64	8384.278364925653
5405.0	78	8383.192709853256
5406.0	73	8382.107032056361
5407.0	72	8381.021331627739
5408.0	88	8379.935608660091
5409.0	79	8378.849863246092
5410.0	75	8377.764095478351
5411.0	69	8376.678305449426
5412.0	80	8375.592493251848
5413.0	79	8374.506658978076
5414.0	59	8373.420802720515
5415.0	90	8372.334924571549
5416.0	71	8371.249024623488
5417.0	98	8370.163102968592
5418.0	71	8369.077159699113
5419.0	59	8367.991194907187
5420.0	72	8366.905208684955
5421.0	66	8365.819201124483
5422.0	65	8364.733172317794
5423.0	60	8363.647122356871
5424.0	73	8362.561051333627
5425.0	78	8361.474959339948
5426.0	76	8360.388846467662
5427.0	63	8359.302712808532
5428.0	96	8358.216558454315
5429.0	70	8357.130383496673
5430.0	85	8356.044188027241
5431.0	75	8354.957972137605
5432.0	77	8353.871735919294
5433.0	93	8352.7854794638
5434.0	87	8351.699202862557
5435.0	63	8350.612906206956
5436.0	68	8349.526589588326
5437.0	68	8348.440253097971
5438.0	74	8347.353896827119
5439.0	78	8346.267520866977
5440.0	70	8345.181125308665
5441.0	71	8344.094710243302
5442.0	77	8343.008275761938
5443.0	72	8341.921821955555
5444.0	82	8340.835348915098
5445.0	85	8339.748856731492
5446.0	77	8338.66234549556
5447.0	87	8337.575815298133
5448.0	76	8336.489266229955
5449.0	73	8335.402698381728
5450.0	74	8334.316111844115
5451.0	68	8333.229506707725
5452.0	59	8332.142883063118
5453.0	89	8331.056241000808
5454.0	85	8329.969580611261
5455.0	75	8328.882901984893
5456.0	64	8327.79620521207
5457.0	80	8326.70949038311
5458.0	68	8325.622757588293
5459.0	71	8324.536006917817
5460.0	76	8323.449238461884
5461.0	66	8322.362452310614
5462.0	84	8321.275648554069
5463.0	61	8320.188827282302
5464.0	65	8319.101988585278
5465.0	69	8318.015132552946
5466.0	68	8316.928259275172
5467.0	60	8315.841368841791
5468.0	70	8314.754461342602
5469.0	76	8313.66753686736
5470.0	71	8312.58059550572
5471.0	74	8311.493637347363
5472.0	54	8310.406662481877
5473.0	51	8309.319670998793
5474.0	67	8308.232662987633
5475.0	68	8307.145638537831
5476.0	72	8306.058597738795
5477.0	79	8304.971540679897
5478.0	63	8303.884467450433
5479.0	77	8302.797378139654
5480.0	76	8301.710272836792
5481.0	73	8300.623151630993
5482.0	67	8299.536014611393
5483.0	76	8298.448861867048
5484.0	65	8297.361693486977
5485.0	78	8296.274509560177
5486.0	65	8295.187310175537
5487.0	70	8294.100095421962
5488.0	66	8293.012865388275
5489.0	71	8291.925620163249
5490.0	60	8290.838359835636
5491.0	69	8289.751084494108
5492.0	75	8288.663794227306
5493.0	70	8287.576489123834
5494.0	69	8286.489169272225
5495.0	58	8285.401834760978
5496.0	76	8284.314485678546
5497.0	67	8283.227122113314
5498.0	73	8282.139744153648
5499.0	82	8281.052351887867
5500.0	61	8279.964945404205
5501.0	60	8278.877524790898
5502.0	75	8277.790090136083
5503.0	70	8276.702641527892
5504.0	68	8275.615179054408
5505.0	74	8274.527702803613
5506.0	75	8273.440212863517
5507.0	65	8272.352709322036
5508.0	76	8271.265192267043
5509.0	87	8270.17766178638
5510.0	66	8269.090117967815
5511.0	70	8268.002560899096
5512.0	78	8266.914990667927
5513.0	69	8265.827407361929
5514.0	82	8264.739811068697
5515.0	59	8263.65220187581
5516.0	55	8262.564579870734
5517.0	80	8261.47694514094
5518.0	72	8260.389297773832
5519.0	69	8259.301637856768
5520.0	77	8258.213965477065
5521.0	67	8257.126280721981
5522.0	80	8256.038583678743
5523.0	63	8254.950874434515
5524.0	74	8253.863153076427
5525.0	80	8252.77541969155
5526.0	89	8251.687674366929
5527.0	61	8250.599917189533
5528.0	76	8249.512148246291
5529.0	66	8248.424367624119
5530.0	72	8247.336575409834
5531.0	78	8246.248771690249
5532.0	82	8245.160956552105
5533.0	74	8244.073130082097
5534.0	72	8242.985292366897
5535.0	56	8241.897443493099
5536.0	71	8240.809583547283
5537.0	80	8239.721712615934
5538.0	72	8238.633830785539
5539.0	64	8237.54593814252
5540.0	70	8236.458034773243
5541.0	70	8235.37012076404
5542.0	68	8234.282196201197
5543.0	81	8233.194261170942
5544.0	74	8232.10631575947
5545.0	74	8231.018360052914
5546.0	80	8229.93039413736
5547.0	73	8228.842418098877
5548.0	57	8227.754432023446
5549.0	82	8226.666435997035
5550.0	77	8225.578430105556
5551.0	84	8224.490414434857
5552.0	78	8223.402389070769
5553.0	79	8222.314354099035
5554.0	62	8221.226309605405
5555.0	90	8220.138255675538
5556.0	71	8219.050192395069
5557.0	55	8217.962119849582
5558.0	72	8216.874038124608
5559.0	76	8215.785947305641
5560.0	58	8214.697847478134
5561.0	70	8213.609738727464
5562.0	57	8212.521621139005
5563.0	88	8211.43349479805
5564.0	61	8210.345359789848
5565.0	78	8209.257216199621
5566.0	66	8208.169064112548
5567.0	80	8207.080903613729
5568.0	77	8205.992734788246
5569.0	83	8204.90455772113
5570.0	77	8203.81637249736
5571.0	66	8202.728179201868
5572.0	82	8201.639977919542
5573.0	83	8200.55176873523
5574.0	68	8199.463551733728
5575.0	72	8198.375326999787
5576.0	61	8197.287094618114
5577.0	68	8196.198854673365
5578.0	70	8195.11060725015
5579.0	67	8194.02235243304
5580.0	59	8192.934090306548
5581.0	86	8191.845820955168
5582.0	92	8190.757544463316
5583.0	79	8189.669260915378
5584.0	77	8188.5809703956875
5585.0	83	8187.492672988536
5586.0	68	8186.40436877817
5587.0	86	8185.3160578488005
5588.0	82	8184.227740284567
5589.0	65	8183.1394161695835
5590.0	84	8182.051085587909
5591.0	65	8180.962748623563
5592.0	66	8179.874405360519
5593.0	62	8178.786055882703
5594.0	72	8177.697700273979
5595.0	63	8176.609338618206
5596.0	80	8175.520970999146
5597.0	80	8174.432597500556
5598.0	77	8173.34421820614
5599.0	71	8172.255833199537
5600.0	69	8171.16744256435
5601.0	72	8170.079046384161
5602.0	80	8168.990644742461
5603.0	85	8167.902237722723
5604.0	78	8166.813825408374
5605.0	79	8165.7254078828055
5606.0	81	8164.636985229328
5607.0	76	8163.5485575312405
5608.0	71	8162.460124871776
5609.0	50	8161.37168733415
5610.0	63	8160.283245001495
5611.0	63	8159.194797956917
5612.0	78	8158.106346283498
5613.0	61	8157.01789006422
5614.0	69	8155.929429382079
5615.0	77	8154.840964319979
5616.0	66	8153.752494960819
5617.0	71	8152.66402138742
5618.0	84	8151.575543682582
5619.0	68	8150.48706192903
5620.0	62	8149.39857620948
5621.0	70	8148.3100866065615
5622.0	85	8147.221593202912
5623.0	64	8146.133096081074
5624.0	70	8145.044595323573
5625.0	63	8143.956091012878
5626.0	86	8142.867583231411
5627.0	67	8141.779072061566
5628.0	65	8140.690557585673
5629.0	82	8139.60203988603
5630.0	70	8138.51351904487
5631.0	64	8137.424995144409
5632.0	75	8136.336468266799
5633.0	66	8135.247938494154
5634.0	73	8134.159405908541
5635.0	85	8133.070870591969
5636.0	73	8131.982332626436
5637.0	66	8130.893792093866
5638.0	76	8129.805249076153
5639.0	77	8128.71670365512
5640.0	68	8127.628155912583
5641.0	80	8126.539605930285
5642.0	79	8125.451053789943
5643.0	70	8124.362499573215
5644.0	72	8123.273943361716
5645.0	77	8122.1853852370305
5646.0	61	8121.096825280678
5647.0	81	8120.008263574152
5648.0	71	8118.919700198884
5649.0	68	8117.831135236276
5650.0	55	8116.742568767674
5651.0	67	8115.654000874382
5652.0	70	8114.565431637674
5653.0	57	8113.476861138737
5654.0	71	8112.388289458779
5655.0	77	8111.299716678906
5656.0	71	8110.211142880215
5657.0	66	8109.122568143739
5658.0	75	8108.033992550455
5659.0	75	8106.945416181328
5660.0	68	8105.856839117274
5661.0	76	8104.768261439134
5662.0	71	8103.6796832277305
5663.0	63	8102.591104563846
5664.0	61	8101.502525528184
5665.0	71	8100.413946201455
5666.0	72	8099.325366664276
5667.0	67	8098.236786997261
5668.0	89	8097.1482072809395
5669.0	72	8096.059627595825
5670.0	63	8094.971048022394
5671.0	70	8093.8824686410435
5672.0	65	8092.793889532151
5673.0	74	8091.705310776059
5674.0	67	8090.616732453035
5675.0	68	8089.528154643321
5676.0	69	8088.439577427124
5677.0	63	8087.351000884587
5678.0	72	8086.262425095816
5679.0	66	8085.173850140884
5680.0	82	8084.085276099808
5681.0	90	8082.996703052557
5682.0	75	8081.908131079077
5683.0	74	8080.819560259241
5684.0	64	8079.730990672898
5685.0	72	8078.642422399846
5686.0	54	8077.553855519835
5687.0	66	8076.465290112604
5688.0	64	8075.37672625778
5689.0	71	8074.288164035017
5690.0	72	8073.199603523887
5691.0	76	8072.111044803916
5692.0	76	8071.022487954599
5693.0	58	8069.9339330553985
5694.0	86	8068.845380185705
5695.0	70	8067.756829424886
5696.0	67	8066.668280852245
5697.0	66	8065.579734547079
5698.0	77	8064.491190588593
5699.0	68	8063.40264905599
5700.0	77	8062.314110028405
5701.0	73	8061.225573584934
5702.0	67	8060.137039804628
5703.0	54	8059.048508766512
5704.0	89	8057.95998054953
5705.0	61	8056.871455232631
5706.0	77	8055.782932894677
5707.0	75	8054.694413614498
5708.0	75	8053.60589747092
5709.0	80	8052.517384542655
5710.0	67	8051.428874908431
5711.0	83	8050.340368646904
5712.0	65	8049.25186583668
5713.0	72	8048.163366556353
5714.0	67	8047.074870884448
5715.0	61	8045.9863788994435
5716.0	50	8044.897890679791
5717.0	73	8043.809406303902
5718.0	71	8042.720925850114
5719.0	78	8041.632449396759
5720.0	66	8040.543977022096
5721.0	61	8039.455508804354
5722.0	71	8038.367044821732
5723.0	69	8037.278585152346
5724.0	55	8036.190129874316
5725.0	72	8035.101679065684
5726.0	68	8034.013232804463
5727.0	57	8032.924791168628
5728.0	76	8031.83635423609
5729.0	77	8030.747922084746
5730.0	76	8029.659494792424
5731.0	75	8028.571072436921
5732.0	68	8027.4826550959915
5733.0	82	8026.394242847349
5734.0	66	8025.305835768648
5735.0	80	8024.2174339375115
5736.0	60	8023.129037431525
5737.0	58	8022.040646328224
5738.0	82	8020.952260705108
5739.0	65	8019.863880639613
5740.0	63	8018.7755062091555
5741.0	78	8017.687137491106
5742.0	81	8016.598774562767
5743.0	61	8015.510417501442
5744.0	80	8014.422066384346
5745.0	75	8013.333721288689
5746.0	77	8012.245382291596
5747.0	67	8011.157049470197
5748.0	63	8010.068722901547
5749.0	79	8008.980402662668
5750.0	68	8007.89208883054
5751.0	77	8006.803781482088
5752.0	67	8005.715480694224
5753.0	58	8004.627186543782
5754.0	64	8003.5388991075815
5755.0	64	8002.450618462371
5756.0	68	8001.362344684887
5757.0	60	8000.274077851809
5758.0	65	7999.185818039755
5759.0	69	7998.097565325337
5760.0	73	7997.009319785104
5761.0	69	7995.92108149555
5762.0	63	7994.832850533167
5763.0	61	7993.744626974354
5764.0	73	7992.656410895502
5765.0	68	7991.568202372947
5766.0	64	7990.480001482984
5767.0	71	7989.391808301866
5768.0	72	7988.303622905807
5769.0	81	7987.215445370972
5770.0	70	7986.1272757734905
5771.0	65	7985.039114189439
5772.0	58	7983.950960694859
5773.0	78	7982.862815365759
5774.0	72	7981.77467827808
5775.0	56	7980.6865495077445
5776.0	71	7979.598429130632
5777.0	66	7978.510317222552
5778.0	75	7977.422213859295
5779.0	75	7976.334119116619
5780.0	90	7975.24603307021
5781.0	66	7974.157955795743
5782.0	67	7973.069887368814
5783.0	55	7971.981827865022
5784.0	72	7970.893777359885
5785.0	95	7969.805735928897
5786.0	78	7968.71770364751
5787.0	78	7967.629680591126
5788.0	63	7966.54166683511
5789.0	73	7965.453662454785
5790.0	68	7964.365667525422
5791.0	66	7963.277682122273
5792.0	71	7962.189706320529
5793.0	69	7961.1017401953395
5794.0	71	7960.0137838218225
5795.0	71	7958.925837275037
5796.0	59	7957.837900630026
5797.0	70	7956.749973961758
5798.0	60	7955.662057345192
5799.0	75	7954.574150855213
5800.0	75	7953.486254566698
5801.0	74	7952.3983685544545
5802.0	80	7951.3104928932635
5803.0	74	7950.222627657852
5804.0	67	7949.134772922917
5805.0	53	7948.0469287631095
5806.0	65	7946.959095253028
5807.0	82	7945.871272467259
5808.0	64	7944.783460480316
5809.0	90	7943.69565936668
5810.0	86	7942.607869200789
5811.0	60	7941.520090057049
5812.0	88	7940.432322009818
5813.0	65	7939.344565133411
5814.0	82	7938.256819502098
5815.0	77	7937.169085190112
5816.0	73	7936.081362271657
5817.0	58	7934.993650820861
5818.0	82	7933.90595091185
5819.0	70	7932.818262618681
5820.0	73	7931.730586015387
5821.0	62	7930.642921175935
5822.0	73	7929.555268174287
5823.0	86	7928.467627084312
5824.0	70	7927.379997979904
5825.0	75	7926.292380934867
5826.0	77	7925.204776022966
5827.0	66	7924.117183317949
5828.0	79	7923.029602893491
5829.0	69	7921.942034823258
5830.0	67	7920.854479180855
5831.0	81	7919.766936039852
5832.0	71	7918.679405473772
5833.0	67	7917.5918875561
5834.0	73	7916.504382360287
5835.0	68	7915.416889959728
5836.0	73	7914.329410427787
5837.0	84	7913.241943837787
5838.0	70	7912.154490263008
5839.0	57	7911.067049776681
5840.0	62	7909.979622452
5841.0	59	7908.892208362129
5842.0	70	7907.804807580175
5843.0	70	7906.717420179219
5844.0	63	7905.630046232292
5845.0	76	7904.542685812368
5846.0	62	7903.455338992414
5847.0	83	7902.368005845333
5848.0	71	7901.280686443999
5849.0	65	7900.193380861209
5850.0	76	7899.106089169779
5851.0	78	7898.018811442451
5852.0	70	7896.931547751909
5853.0	78	7895.844298170821
5854.0	80	7894.757062771831
5855.0	73	7893.6698416274785
5856.0	71	7892.582634810333
5857.0	79	7891.495442392876
5858.0	71	7890.408264447572
5859.0	79	7889.321101046846
5860.0	58	7888.233952263046
5861.0	71	7887.14681816853
5862.0	71	7886.059698835592
5863.0	76	7884.972594336468
5864.0	71	7883.885504743381
5865.0	73	7882.798430128498
5866.0	82	7881.711370563951
5867.0	69	7880.62432612183
5868.0	70	7879.537296874172
5869.0	86	7878.450282892998
5870.0	56	7877.363284250277
5871.0	68	7876.276301017919
5872.0	70	7875.189333267826
5873.0	64	7874.102381071834
5874.0	86	7873.015444501758
5875.0	63	7871.928523629347
5876.0	70	7870.8416185263295
5877.0	72	7869.75472926439
5878.0	61	7868.667855915178
5879.0	62	7867.580998550275
5880.0	59	7866.494157241251
5881.0	69	7865.407332059633
5882.0	73	7864.320523076888
5883.0	66	7863.233730364471
5884.0	56	7862.146953993762
5885.0	88	7861.060194036135
5886.0	74	7859.973450562903
5887.0	77	7858.886723645333
5888.0	73	7857.800013354675
5889.0	63	7856.713319762127
5890.0	69	7855.62664293882
5891.0	79	7854.539982955903
5892.0	63	7853.453339884435
5893.0	71	7852.366713795446
5894.0	68	7851.2801047599405
5895.0	75	7850.193512848866
5896.0	83	7849.106938133141
5897.0	78	7848.020380683633
5898.0	73	7846.93384057118
5899.0	75	7845.847317866583
5900.0	63	7844.760812640582
5901.0	78	7843.6743249638885
5902.0	82	7842.58785490719
5903.0	72	7841.501402541105
5904.0	77	7840.414967936228
5905.0	69	7839.328551163126
5906.0	70	7838.242152292292
5907.0	80	7837.1557713942075
5908.0	76	7836.069408539299
5909.0	62	7834.983063797964
5910.0	67	7833.896737240549
5911.0	98	7832.810428937362
5912.0	78	7831.724138958686
5913.0	62	7830.637867374747
5914.0	63	7829.551614255737
5915.0	64	7828.465379671807
5916.0	74	7827.379163693071
5917.0	80	7826.2929663895975
5918.0	60	7825.206787831422
5919.0	85	7824.120628088531
5920.0	75	7823.034487230882
5921.0	74	7821.94836532839
5922.0	77	7820.862262450916
5923.0	83	7819.7761786683
5924.0	99	7818.690114050334
5925.0	79	7817.604068666773
5926.0	74	7816.518042587328
5927.0	68	7815.432035881674
5928.0	70	7814.34604861944
5929.0	59	7813.2600808702255
5930.0	58	7812.174132703582
5931.0	76	7811.08820418902
5932.0	75	7810.00229539602
5933.0	82	7808.916406394024
5934.0	60	7807.83053725241
5935.0	69	7806.744688040546
5936.0	59	7805.658858827745
5937.0	55	7804.573049683288
5938.0	75	7803.487260676405
5939.0	73	7802.401491876295
5940.0	71	7801.315743352121
5941.0	75	7800.230015172995
5942.0	78	7799.144307408001
5943.0	80	7798.058620126177
5944.0	67	7796.972953396513
5945.0	72	7795.88730728799
5946.0	54	7794.801681869512
5947.0	81	7793.7160772099705
5948.0	72	7792.6304933781985
5949.0	62	7791.544930442999
5950.0	63	7790.459388473144
5951.0	71	7789.3738675373625
5952.0	75	7788.288367704328
5953.0	66	7787.202889042682
5954.0	88	7786.117431621031
5955.0	74	7785.031995507954
5956.0	72	7783.946580771974
5957.0	86	7782.861187481572
5958.0	64	7781.775815705203
5959.0	62	7780.690465511272
5960.0	50	7779.605136968163
5961.0	75	7778.519830144191
5962.0	50	7777.434545107654
5963.0	67	7776.3492819268
5964.0	66	7775.264040669859
5965.0	58	7774.178821404978
5966.0	82	7773.093624200319
5967.0	67	7772.008449123962
5968.0	81	7770.92329624398
5969.0	72	7769.838165628378
5970.0	67	7768.753057345134
5971.0	60	7767.6679714622
5972.0	76	7766.5829080474605
5973.0	73	7765.497867168798
5974.0	70	7764.412848894014
5975.0	72	7763.327853290914
5976.0	79	7762.242880427223
5977.0	67	7761.157930370669
5978.0	58	7760.0730031888925
5979.0	73	7758.988098949546
5980.0	62	7757.90321772021
5981.0	72	7756.818359568422
5982.0	71	7755.733524561721
5983.0	66	7754.648712767565
5984.0	72	7753.5639242533825
5985.0	68	7752.479159086576
5986.0	59	7751.394417334504
5987.0	60	7750.309699064476
5988.0	75	7749.225004343792
5989.0	80	7748.14033323967
5990.0	86	7747.055685819309
5991.0	89	7745.9710621498825
5992.0	79	7744.886462298517
5993.0	73	7743.801886332296
5994.0	68	7742.71733431826
5995.0	72	7741.632806323433
5996.0	72	7740.548302414764
5997.0	69	7739.463822659185
5998.0	55	7738.379367123608
5999.0	69	7737.294935874883
6000.0	70	7736.210528979805
6001.0	87	7735.126146505165
6002.0	70	7734.041788517701
6003.0	68	7732.957455084111
6004.0	63	7731.873146271051
6005.0	66	7730.788862145158
6006.0	48	7729.704602773002
6007.0	60	7728.6203682211335
6008.0	82	7727.536158556064
6009.0	69	7726.451973844249
6010.0	71	7725.367814152138
6011.0	75	7724.283679546115
6012.0	62	7723.199570092522
6013.0	62	7722.115485857692
6014.0	78	7721.031426907894
6015.0	72	7719.94739330936
6016.0	70	7718.8633851283
6017.0	70	7717.77940243088
6018.0	63	7716.695445283216
6019.0	70	7715.611513751393
6020.0	72	7714.527607901461
6021.0	54	7713.443727799426
6022.0	70	7712.359873511268
6023.0	72	7711.276045102911
6024.0	74	7710.192242640247
6025.0	64	7709.108466189139
6026.0	54	7708.024715815406
6027.0	69	7706.9409915848355
6028.0	90	7705.8572935631455
6029.0	74	7704.773621816057
6030.0	66	7703.689976409233
6031.0	73	7702.606357408305
6032.0	64	7701.522764878857
6033.0	60	7700.439198886444
6034.0	89	7699.355659496587
6035.0	62	7698.272146774739
6036.0	69	7697.1886607863535
6037.0	72	7696.105201596844
6038.0	57	7695.021769271544
6039.0	89	7693.938363875794
6040.0	65	7692.854985474877
6041.0	74	7691.771634134044
6042.0	68	7690.688309918497
6043.0	90	7689.605012893414
6044.0	65	7688.521743123925
6045.0	73	7687.438500675142
6046.0	75	7686.355285612107
6047.0	71	7685.272097999848
6048.0	68	7684.188937903346
6049.0	68	7683.105805387546
6050.0	64	7682.022700517354
6051.0	78	7680.939623357644
6052.0	77	7679.856573973248
6053.0	91	7678.773552428962
6054.0	64	7677.690558789543
6055.0	78	7676.607593119698
6056.0	59	7675.524655484125
6057.0	65	7674.441745947455
6058.0	59	7673.35886457431
6059.0	64	7672.276011429245
6060.0	69	7671.193186576793
6061.0	74	7670.110390081442
6062.0	74	7669.027622007663
6063.0	71	7667.944882419868
6064.0	73	7666.862171382439
6065.0	72	7665.779488959708
6066.0	66	7664.696835215993
6067.0	72	7663.6142102155645
6068.0	80	7662.53161402264
6069.0	72	7661.449046701415
6070.0	77	7660.366508316062
6071.0	64	7659.2839989306885
6072.0	65	7658.20151860937
6073.0	57	7657.119067416152
6074.0	69	7656.036645415046
6075.0	67	7654.954252670026
6076.0	58	7653.871889245014
6077.0	65	7652.78955520391
6078.0	66	7651.707250610566
6079.0	64	7650.624975528802
6080.0	73	7649.542730022407
6081.0	65	7648.460514155116
6082.0	49	7647.378327990642
6083.0	60	7646.296171592663
6084.0	62	7645.214045024796
6085.0	60	7644.131948350652
6086.0	54	7643.04988163379
6087.0	56	7641.96784493772
6088.0	64	7640.885838325941
6089.0	49	7639.803861861888
6090.0	57	7638.721915608979
6091.0	68	7637.639999630581
6092.0	52	7636.558113990035
6093.0	57	7635.476258750648
6094.0	67	7634.394433975666
6095.0	59	7633.312639728317
6096.0	55	7632.23087607181
6097.0	67	7631.1491430692695
6098.0	61	7630.067440783815
6099.0	63	7628.985769278535
6100.0	56	7627.904128616463
6101.0	69	7626.822518860612
6102.0	72	7625.740940073928
6103.0	56	7624.659392319353
6104.0	58	7623.577875659778
6105.0	58	7622.4963901580595
6106.0	59	7621.41493587701
6107.0	68	7620.3335128794215
6108.0	63	7619.252121228027
6109.0	70	7618.170760985547
6110.0	43	7617.089432214646
6111.0	55	7616.008134977965
6112.0	52	7614.926869338087
6113.0	66	7613.8456353575875
6114.0	56	7612.764433098989
6115.0	62	7611.6832626247715
6116.0	51	7610.6021239973825
6117.0	68	7609.521017279254
6118.0	61	7608.439942532754
6119.0	77	7607.358899820212
6120.0	59	7606.277889203957
6121.0	58	7605.196910746238
6122.0	64	7604.115964509289
6123.0	72	7603.035050555299
6124.0	61	7601.954168946439
6125.0	51	7600.8733197448155
6126.0	64	7599.7925030125225
6127.0	53	7598.711718811612
6128.0	63	7597.630967204087
6129.0	75	7596.550248251919
6130.0	61	7595.469562017054
6131.0	75	7594.388908561388
6132.0	61	7593.308287946803
6133.0	62	7592.227700235105
6134.0	52	7591.147145488101
6135.0	65	7590.066623767548
6136.0	71	7588.9861351351565
6137.0	62	7587.905679652618
6138.0	60	7586.825257381567
6139.0	60	7585.744868383632
6140.0	67	7584.664512720382
6141.0	66	7583.584190453339
6142.0	67	7582.503901644028
6143.0	63	7581.4236463539
6144.0	60	7580.343424644383
6145.0	54	7579.263236576883
6146.0	61	7578.183082212743
6147.0	58	7577.102961613284
6148.0	60	7576.022874839809
6149.0	55	7574.942821953535
6150.0	52	7573.8628030157015
6151.0	54	7572.782818087474
6152.0	59	7571.702867229977
6153.0	60	7570.622950504345
6154.0	61	7569.543067971621
6155.0	44	7568.463219692839
6156.0	52	7567.383405728996
6157.0	53	7566.303626141058
6158.0	46	7565.223880989935
6159.0	71	7564.144170336534
6160.0	57	7563.0644942416875
6161.0	71	7561.98485276621
6162.0	74	7560.905245970885
6163.0	69	7559.8256739164635
6164.0	66	7558.746136663638
6165.0	79	7557.666634273084
6166.0	63	7556.587166805438
6167.0	50	7555.507734321304
6168.0	59	7554.428336881242
6169.0	71	7553.348974545767
6170.0	57	7552.269647375384
6171.0	63	7551.190355430554
6172.0	55	7550.111098771669
6173.0	75	7549.031877459145
6174.0	66	7547.952691553306
6175.0	62	7546.873541114479
6176.0	69	7545.794426202923
6177.0	58	7544.715346878907
6178.0	68	7543.636303202615
6179.0	61	7542.557295234213
6180.0	62	7541.47832303384
6181.0	58	7540.399386661599
6182.0	58	7539.3204861775375
6183.0	74	7538.241621641702
6184.0	61	7537.1627931140665
6185.0	63	7536.084000654586
6186.0	62	7535.005244323194
6187.0	49	7533.9265241797575
6188.0	62	7532.847840284139
6189.0	53	7531.769192696139
6190.0	87	7530.690581475536
6191.0	72	7529.612006682088
6192.0	74	7528.533468375467
6193.0	67	7527.454966615377
6194.0	57	7526.376501461429
6195.0	56	7525.298072973234
6196.0	60	7524.219681210357
6197.0	54	7523.141326232317
6198.0	59	7522.063008098607
6199.0	62	7520.984726868694
6200.0	60	7519.906482602001
6201.0	62	7518.828275357904
6202.0	51	7517.750105195751
6203.0	55	7516.671972174869
6204.0	56	7515.593876354533
6205.0	55	7514.515817793988
6206.0	56	7513.437796552444
6207.0	68	7512.359812689084
6208.0	38	7511.281866263029
6209.0	49	7510.2039573333905
6210.0	53	7509.126085959238
6211.0	64	7508.048252199608
6212.0	58	7506.970456113495
6213.0	49	7505.892697759858
6214.0	65	7504.814977197629
6215.0	42	7503.73729448571
6216.0	60	7502.659649682932
6217.0	61	7501.582042848145
6218.0	60	7500.504474040112
6219.0	62	7499.426943317596
6220.0	72	7498.349450739318
6221.0	46	7497.271996363952
6222.0	69	7496.194580250142
6223.0	63	7495.117202456511
6224.0	57	7494.039863041625
6225.0	58	7492.962562064021
6226.0	50	7491.885299582218
6227.0	75	7490.808075654674
6228.0	50	7489.730890339833
6229.0	59	7488.653743696092
6230.0	64	7487.57663578183
6231.0	57	7486.499566655353
6232.0	73	7485.422536374976
6233.0	50	7484.3455449989615
6234.0	57	7483.268592585519
6235.0	67	7482.191679192858
6236.0	57	7481.114804879119
6237.0	63	7480.037969702443
6238.0	56	7478.9611737208925
6239.0	62	7477.884416992544
6240.0	53	7476.8076995753945
6241.0	56	7475.731021527441
6242.0	63	7474.654382906617
6243.0	75	7473.577783770846
6244.0	77	7472.501224177999
6245.0	67	7471.424704185922
6246.0	45	7470.348223852426
6247.0	71	7469.271783235286
6248.0	65	7468.195382392228
6249.0	62	7467.119021380976
6250.0	82	7466.042700259183
6251.0	71	7464.966419084482
6252.0	49	7463.890177914498
6253.0	63	7462.8139768067695
6254.0	40	7461.737815818836
6255.0	68	7460.661695008203
6256.0	46	7459.585614432319
6257.0	66	7458.509574148622
6258.0	66	7457.433574214493
6259.0	55	7456.357614687301
6260.0	59	7455.281695624366
6261.0	60	7454.205817082976
6262.0	74	7453.129979120378
6263.0	65	7452.05418179381
6264.0	79	7450.978425160446
6265.0	53	7449.902709277441
6266.0	72	7448.8270342019005
6267.0	35	7447.751399990924
6268.0	67	7446.6758067015435
6269.0	55	7445.600254390785
6270.0	58	7444.52474311562
6271.0	58	7443.449272933
6272.0	68	7442.3738438998325
6273.0	55	7441.298456072987
6274.0	58	7440.223109509314
6275.0	71	7439.14780426561
6276.0	47	7438.072540398658
6277.0	59	7436.997317965198
6278.0	54	7435.92213702193
6279.0	57	7434.846997625523
6280.0	52	7433.771899832614
6281.0	58	7432.6968436998
6282.0	55	7431.621829283666
6283.0	57	7430.546856640732
6284.0	53	7429.471925827497
6285.0	63	7428.397036900421
6286.0	61	7427.322189915946
6287.0	61	7426.24738493047
6288.0	63	7425.172622000345
6289.0	61	7424.0979011819045
6290.0	54	7423.0232225314485
6291.0	44	7421.9485861052235
6292.0	77	7420.873991959472
6293.0	72	7419.79944015037
6294.0	55	7418.724930734091
6295.0	62	7417.650463766754
6296.0	63	7416.57603930445
6297.0	58	7415.501657403222
6298.0	61	7414.4273181191165
6299.0	68	7413.3530215081
6300.0	72	7412.278767626141
6301.0	57	7411.204556529152
6302.0	60	7410.130388273026
6303.0	51	7409.056262913606
6304.0	50	7407.982180506721
6305.0	68	7406.908141108142
6306.0	62	7405.83414477364
6307.0	61	7404.760191558913
6308.0	69	7403.686281519656
6309.0	58	7402.612414711521
6310.0	63	7401.538591190103
6311.0	58	7400.464811011012
6312.0	65	7399.391074229773
6313.0	62	7398.317380901914
6314.0	70	7397.2437310829155
6315.0	77	7396.1701248282225
6316.0	59	7395.096562193241
6317.0	58	7394.023043233354
6318.0	59	7392.949568003918
6319.0	53	7391.876136560228
6320.0	63	7390.802748957574
6321.0	64	7389.729405251193
6322.0	61	7388.656105496313
6323.0	58	7387.582849748081
6324.0	63	7386.509638061667
6325.0	54	7385.4364704921845
6326.0	71	7384.363347094693
6327.0	60	7383.290267924239
6328.0	61	7382.217233035841
6329.0	64	7381.144242484464
6330.0	72	7380.07129632506
6331.0	65	7378.998394612537
6332.0	47	7377.925537401765
6333.0	66	7376.852724747589
6334.0	54	7375.779956704825
6335.0	50	7374.707233328231
6336.0	60	7373.6345546725715
6337.0	51	7372.561920792539
6338.0	61	7371.489331742814
6339.0	57	7370.416787578036
6340.0	61	7369.3442883528105
6341.0	57	7368.271834121724
6342.0	69	7367.199424939308
6343.0	58	7366.127060860076
6344.0	64	7365.054741938499
6345.0	53	7363.9824682290155
6346.0	67	7362.910239786053
6347.0	57	7361.838056663958
6348.0	55	7360.765918917094
6349.0	73	7359.6938265997605
6350.0	64	7358.6217797662375
6351.0	61	7357.549778470766
6352.0	58	7356.477822767553
6353.0	62	7355.405912710778
6354.0	65	7354.334048354583
6355.0	82	7353.262229753066
6356.0	60	7352.190456960317
6357.0	56	7351.1187300303845
6358.0	66	7350.047049017261
6359.0	59	7348.975413974936
6360.0	60	7347.903824957355
6361.0	52	7346.832282018412
6362.0	54	7345.760785212
6363.0	50	7344.689334591963
6364.0	51	7343.6179302121145
6365.0	60	7342.546572126229
6366.0	75	7341.475260388049
6367.0	62	7340.403995051284
6368.0	65	7339.3327761696255
6369.0	58	7338.261603796721
6370.0	53	7337.190477986177
6371.0	64	7336.119398791569
6372.0	72	7335.048366266463
6373.0	59	7333.977380464358
6374.0	69	7332.906441438741
6375.0	66	7331.835549243062
6376.0	63	7330.764703930751
6377.0	74	7329.693905555166
6378.0	48	7328.623154169671
6379.0	53	7327.552449827588
6380.0	64	7326.4817925822035
6381.0	59	7325.411182486758
6382.0	59	7324.340619594476
6383.0	65	7323.27010395855
6384.0	62	7322.199635632129
6385.0	60	7321.129214668341
6386.0	59	7320.058841120269
6387.0	67	7318.988515040969
6388.0	57	7317.918236483467
6389.0	64	7316.848005500749
6390.0	56	7315.777822145781
6391.0	59	7314.7076864714745
6392.0	52	7313.637598530743
6393.0	64	7312.567558376436
6394.0	64	7311.497566061367
6395.0	56	7310.427621638356
6396.0	74	7309.3577251601555
6397.0	70	7308.287876679488
6398.0	62	7307.218076249062
6399.0	76	7306.148323921532
6400.0	60	7305.078619749533
6401.0	60	7304.0089637856745
6402.0	67	7302.9393560825065
6403.0	51	7301.869796692587
6404.0	61	7300.800285668398
6405.0	55	7299.730823062415
6406.0	52	7298.661408927071
6407.0	74	7297.592043314785
6408.0	72	7296.5227262779235
6409.0	77	7295.453457868821
6410.0	64	7294.384238139787
6411.0	64	7293.315067143099
6412.0	60	7292.2459449310045
6413.0	58	7291.176871555703
6414.0	50	7290.1078470693865
6415.0	59	7289.038871524188
6416.0	58	7287.969944972236
6417.0	53	7286.901067465592
6418.0	67	7285.832239056321
6419.0	59	7284.763459796445
6420.0	67	7283.69472973793
6421.0	59	7282.626048932743
6422.0	53	7281.557417432807
6423.0	59	7280.488835289989
6424.0	79	7279.420302556164
6425.0	60	7278.351819283154
6426.0	69	7277.283385522748
6427.0	68	7276.215001326702
6428.0	65	7275.146666746746
6429.0	68	7274.078381834572
6430.0	60	7273.010146641853
6431.0	52	7271.941961220213
6432.0	54	7270.873825621252
6433.0	55	7269.805739896542
6434.0	67	7268.7377040976035
6435.0	59	7267.669718275953
6436.0	65	7266.60178248305
6437.0	61	7265.533896770346
6438.0	68	7264.466061189246
6439.0	49	7263.398275791117
6440.0	51	7262.3305406273075
6441.0	66	7261.26285574913
6442.0	59	7260.195221207854
6443.0	52	7259.1276370547375
6444.0	76	7258.060103340991
6445.0	55	7256.992620117789
6446.0	60	7255.925187436302
6447.0	65	7254.857805347638
6448.0	75	7253.790473902882
6449.0	50	7252.7231931531005
6450.0	63	7251.655963149305
6451.0	58	7250.588783942495
6452.0	63	7249.52165558363
6453.0	69	7248.454578123641
6454.0	56	7247.387551613419
6455.0	54	7246.320576103835
6456.0	46	7245.253651645714
6457.0	68	7244.186778289873
6458.0	70	7243.119956087066
6459.0	71	7242.053185088042
6460.0	61	7240.986465343497
6461.0	60	7239.919796904116
6462.0	54	7238.8531798205395
6463.0	62	7237.78661414337
6464.0	73	7236.720099923196
6465.0	53	7235.653637210572
6466.0	54	7234.587226056
6467.0	70	7233.520866509975
6468.0	51	7232.454558622949
6469.0	58	7231.3883024453435
6470.0	50	7230.322098027555
6471.0	58	7229.255945419922
6472.0	57	7228.18984467279
6473.0	67	7227.123795836455
6474.0	66	7226.057798961168
6475.0	47	7224.991854097181
6476.0	56	7223.92596129468
6477.0	75	7222.860120603834
6478.0	62	7221.794332074801
6479.0	53	7220.728595757665
6480.0	74	7219.662911702508
6481.0	58	7218.597279959378
6482.0	65	7217.531700578287
6483.0	60	7216.466173609224
6484.0	65	7215.400699102123
6485.0	46	7214.335277106913
6486.0	61	7213.269907673484
6487.0	62	7212.204590851686
6488.0	45	7211.1393266913365
6489.0	69	7210.0741152422415
6490.0	72	7209.008956554166
6491.0	54	7207.943850676834
6492.0	69	7206.878797659945
6493.0	63	7205.813797553161
6494.0	67	7204.748850406128
6495.0	38	7203.683956268455
6496.0	57	7202.619115189707
6497.0	60	7201.55432721944
6498.0	66	7200.4895924071525
6499.0	72	7199.424910802332
6500.0	53	7198.360282454436
6501.0	56	7197.295707412866
6502.0	60	7196.231185727026
6503.0	57	7195.166717446266
