time	whole_blood_radioactivity	plasma_radioactivity
-5361.0	64	0.0
-5360.0	51	0.0
-5359.0	56	0.0
-5358.0	57	0.0
-5357.0	59	0.0
-5356.0	59	0.0
-5355.0	52	0.0
-5354.0	52	0.0
-5353.0	75	0.0
-5352.0	70	0.0
-5351.0	64	0.0
-5350.0	55	0.0
-5349.0	61	0.0
-5348.0	67	0.0
-5347.0	56	0.0
-5346.0	67	0.0
-5345.0	48	0.0
-5344.0	48	0.0
-5343.0	72	0.0
-5342.0	66	0.0
-5341.0	58	0.0
-5340.0	52	0.0
-5339.0	41	0.0
-5338.0	64	0.0
-5337.0	59	0.0
-5336.0	46	0.0
-5335.0	63	0.0
-5334.0	58	0.0
-5333.0	68	0.0
-5332.0	67	0.0
-5331.0	66	0.0
-5330.0	65	0.0
-5329.0	67	0.0
-5328.0	58	0.0
-5327.0	57	0.0
-5326.0	64	0.0
-5325.0	52	0.0
-5324.0	53	0.0
-5323.0	59	0.0
-5322.0	56	0.0
-5321.0	59	0.0
-5320.0	59	0.0
-5319.0	52	0.0
-5318.0	63	0.0
-5317.0	51	0.0
-5316.0	70	0.0
-5315.0	56	0.0
-5314.0	62	0.0
-5313.0	57	0.0
-5312.0	68	0.0
-5311.0	55	0.0
-5310.0	59	0.0
-5309.0	68	0.0
-5308.0	52	0.0
-5307.0	52	0.0
-5306.0	58	0.0
-5305.0	60	0.0
-5304.0	41	0.0
-5303.0	65	0.0
-5302.0	57	0.0
-5301.0	69	0.0
-5300.0	38	0.0
-5299.0	58	0.0
-5298.0	65	0.0
-5297.0	55	0.0
-5296.0	70	0.0
-5295.0	60	0.0
-5294.0	62	0.0
-5293.0	67	0.0
-5292.0	63	0.0
-5291.0	52	0.0
-5290.0	59	0.0
-5289.0	57	0.0
-5288.0	81	0.0
-5287.0	61	0.0
-5286.0	56	0.0
-5285.0	60	0.0
-5284.0	56	0.0
-5283.0	55	0.0
-5282.0	68	0.0
-5281.0	55	0.0
-5280.0	79	0.0
-5279.0	55	0.0
-5278.0	53	0.0
-5277.0	62	0.0
-5276.0	62	0.0
-5275.0	72	0.0
-5274.0	40	0.0
-5273.0	65	0.0
-5272.0	66	0.0
-5271.0	61	0.0
-5270.0	54	0.0
-5269.0	57	0.0
-5268.0	57	0.0
-5267.0	68	0.0
-5266.0	59	0.0
-5265.0	69	0.0
-5264.0	50	0.0
-5263.0	58	0.0
-5262.0	48	0.0
-5261.0	66	0.0
-5260.0	48	0.0
-5259.0	57	0.0
-5258.0	45	0.0
-5257.0	59	0.0
-5256.0	52	0.0
-5255.0	56	0.0
-5254.0	59	0.0
-5253.0	54	0.0
-5252.0	55	0.0
-5251.0	58	0.0
-5250.0	52	0.0
-5249.0	61	0.0
-5248.0	54	0.0
-5247.0	60	0.0
-5246.0	64	0.0
-5245.0	57	0.0
-5244.0	77	0.0
-5243.0	58	0.0
-5242.0	72	0.0
-5241.0	56	0.0
-5240.0	48	0.0
-5239.0	50	0.0
-5238.0	58	0.0
-5237.0	55	0.0
-5236.0	78	0.0
-5235.0	55	0.0
-5234.0	67	0.0
-5233.0	52	0.0
-5232.0	52	0.0
-5231.0	64	0.0
-5230.0	69	0.0
-5229.0	58	0.0
-5228.0	68	0.0
-5227.0	57	0.0
-5226.0	70	0.0
-5225.0	56	0.0
-5224.0	64	0.0
-5223.0	59	0.0
-5222.0	70	0.0
-5221.0	56	0.0
-5220.0	75	0.0
-5219.0	67	0.0
-5218.0	54	0.0
-5217.0	67	0.0
-5216.0	50	0.0
-5215.0	61	0.0
-5214.0	59	0.0
-5213.0	60	0.0
-5212.0	58	0.0
-5211.0	56	0.0
-5210.0	53	0.0
-5209.0	55	0.0
-5208.0	67	0.0
-5207.0	64	0.0
-5206.0	65	0.0
-5205.0	68	0.0
-5204.0	66	0.0
-5203.0	64	0.0
-5202.0	59	0.0
-5201.0	56	0.0
-5200.0	55	0.0
-5199.0	52	0.0
-5198.0	57	0.0
-5197.0	71	0.0
-5196.0	53	0.0
-5195.0	59	0.0
-5194.0	66	0.0
-5193.0	70	0.0
-5192.0	60	0.0
-5191.0	61	0.0
-5190.0	54	0.0
-5189.0	57	0.0
-5188.0	57	0.0
-5187.0	58	0.0
-5186.0	52	0.0
-5185.0	68	0.0
-5184.0	63	0.0
-5183.0	57	0.0
-5182.0	66	0.0
-5181.0	57	0.0
-5180.0	62	0.0
-5179.0	69	0.0
-5178.0	51	0.0
-5177.0	51	0.0
-5176.0	49	0.0
-5175.0	48	0.0
-5174.0	54	0.0
-5173.0	57	0.0
-5172.0	51	0.0
-5171.0	79	0.0
-5170.0	55	0.0
-5169.0	61	0.0
-5168.0	54	0.0
-5167.0	55	0.0
-5166.0	62	0.0
-5165.0	64	0.0
-5164.0	64	0.0
-5163.0	60	0.0
-5162.0	61	0.0
-5161.0	63	0.0
-5160.0	59	0.0
-5159.0	63	0.0
-5158.0	59	0.0
-5157.0	54	0.0
-5156.0	47	0.0
-5155.0	67	0.0
-5154.0	46	0.0
-5153.0	63	0.0
-5152.0	62	0.0
-5151.0	70	0.0
-5150.0	36	0.0
-5149.0	57	0.0
-5148.0	74	0.0
-5147.0	63	0.0
-5146.0	48	0.0
-5145.0	53	0.0
-5144.0	67	0.0
-5143.0	62	0.0
-5142.0	63	0.0
-5141.0	80	0.0
-5140.0	74	0.0
-5139.0	88	0.0
-5138.0	70	0.0
-5137.0	55	0.0
-5136.0	51	0.0
-5135.0	57	0.0
-5134.0	54	0.0
-5133.0	64	0.0
-5132.0	60	0.0
-5131.0	72	0.0
-5130.0	55	0.0
-5129.0	69	0.0
-5128.0	56	0.0
-5127.0	68	0.0
-5126.0	57	0.0
-5125.0	77	0.0
-5124.0	57	0.0
-5123.0	58	0.0
-5122.0	55	0.0
-5121.0	62	0.0
-5120.0	46	0.0
-5119.0	54	0.0
-5118.0	52	0.0
-5117.0	69	0.0
-5116.0	52	0.0
-5115.0	63	0.0
-5114.0	56	0.0
-5113.0	58	0.0
-5112.0	56	0.0
-5111.0	66	0.0
-5110.0	69	0.0
-5109.0	67	0.0
-5108.0	52	0.0
-5107.0	51	0.0
-5106.0	80	0.0
-5105.0	51	0.0
-5104.0	48	0.0
-5103.0	70	0.0
-5102.0	58	0.0
-5101.0	62	0.0
-5100.0	66	0.0
-5099.0	56	0.0
-5098.0	55	0.0
-5097.0	48	0.0
-5096.0	64	0.0
-5095.0	74	0.0
-5094.0	48	0.0
-5093.0	70	0.0
-5092.0	56	0.0
-5091.0	61	0.0
-5090.0	53	0.0
-5089.0	57	0.0
-5088.0	52	0.0
-5087.0	62	0.0
-5086.0	57	0.0
-5085.0	57	0.0
-5084.0	59	0.0
-5083.0	68	0.0
-5082.0	57	0.0
-5081.0	60	0.0
-5080.0	58	0.0
-5079.0	60	0.0
-5078.0	65	0.0
-5077.0	65	0.0
-5076.0	57	0.0
-5075.0	74	0.0
-5074.0	69	0.0
-5073.0	59	0.0
-5072.0	60	0.0
-5071.0	61	0.0
-5070.0	68	0.0
-5069.0	44	0.0
-5068.0	59	0.0
-5067.0	68	0.0
-5066.0	75	0.0
-5065.0	60	0.0
-5064.0	50	0.0
-5063.0	68	0.0
-5062.0	42	0.0
-5061.0	62	0.0
-5060.0	76	0.0
-5059.0	61	0.0
-5058.0	50	0.0
-5057.0	56	0.0
-5056.0	71	0.0
-5055.0	61	0.0
-5054.0	70	0.0
-5053.0	66	0.0
-5052.0	54	0.0
-5051.0	75	0.0
-5050.0	49	0.0
-5049.0	54	0.0
-5048.0	60	0.0
-5047.0	65	0.0
-5046.0	70	0.0
-5045.0	62	0.0
-5044.0	53	0.0
-5043.0	66	0.0
-5042.0	64	0.0
-5041.0	51	0.0
-5040.0	53	0.0
-5039.0	52	0.0
-5038.0	79	0.0
-5037.0	62	0.0
-5036.0	54	0.0
-5035.0	71	0.0
-5034.0	75	0.0
-5033.0	59	0.0
-5032.0	64	0.0
-5031.0	50	0.0
-5030.0	59	0.0
-5029.0	61	0.0
-5028.0	51	0.0
-5027.0	58	0.0
-5026.0	85	0.0
-5025.0	54	0.0
-5024.0	64	0.0
-5023.0	56	0.0
-5022.0	81	0.0
-5021.0	56	0.0
-5020.0	59	0.0
-5019.0	79	0.0
-5018.0	56	0.0
-5017.0	55	0.0
-5016.0	62	0.0
-5015.0	49	0.0
-5014.0	66	0.0
-5013.0	48	0.0
-5012.0	53	0.0
-5011.0	63	0.0
-5010.0	55	0.0
-5009.0	58	0.0
-5008.0	59	0.0
-5007.0	59	0.0
-5006.0	52	0.0
-5005.0	67	0.0
-5004.0	72	0.0
-5003.0	65	0.0
-5002.0	71	0.0
-5001.0	79	0.0
-5000.0	60	0.0
-4999.0	67	0.0
-4998.0	62	0.0
-4997.0	70	0.0
-4996.0	50	0.0
-4995.0	58	0.0
-4994.0	63	0.0
-4993.0	66	0.0
-4992.0	78	0.0
-4991.0	52	0.0
-4990.0	67	0.0
-4989.0	74	0.0
-4988.0	56	0.0
-4987.0	77	0.0
-4986.0	46	0.0
-4985.0	59	0.0
-4984.0	52	0.0
-4983.0	49	0.0
-4982.0	45	0.0
-4981.0	60	0.0
-4980.0	65	0.0
-4979.0	75	0.0
-4978.0	64	0.0
-4977.0	58	0.0
-4976.0	61	0.0
-4975.0	59	0.0
-4974.0	76	0.0
-4973.0	55	0.0
-4972.0	67	0.0
-4971.0	52	0.0
-4970.0	54	0.0
-4969.0	77	0.0
-4968.0	64	0.0
-4967.0	63	0.0
-4966.0	63	0.0
-4965.0	70	0.0
-4964.0	68	0.0
-4963.0	66	0.0
-4962.0	67	0.0
-4961.0	58	0.0
-4960.0	65	0.0
-4959.0	52	0.0
-4958.0	71	0.0
-4957.0	53	0.0
-4956.0	69	0.0
-4955.0	66	0.0
-4954.0	64	0.0
-4953.0	54	0.0
-4952.0	57	0.0
-4951.0	64	0.0
-4950.0	54	0.0
-4949.0	52	0.0
-4948.0	65	0.0
-4947.0	60	0.0
-4946.0	70	0.0
-4945.0	56	0.0
-4944.0	51	0.0
-4943.0	66	0.0
-4942.0	51	0.0
-4941.0	55	0.0
-4940.0	56	0.0
-4939.0	60	0.0
-4938.0	54	0.0
-4937.0	70	0.0
-4936.0	51	0.0
-4935.0	57	0.0
-4934.0	56	0.0
-4933.0	58	0.0
-4932.0	60	0.0
-4931.0	59	0.0
-4930.0	44	0.0
-4929.0	66	0.0
-4928.0	52	0.0
-4927.0	63	0.0
-4926.0	53	0.0
-4925.0	74	0.0
-4924.0	64	0.0
-4923.0	55	0.0
-4922.0	59	0.0
-4921.0	57	0.0
-4920.0	54	0.0
-4919.0	66	0.0
-4918.0	66	0.0
-4917.0	63	0.0
-4916.0	52	0.0
-4915.0	56	0.0
-4914.0	68	0.0
-4913.0	67	0.0
-4912.0	42	0.0
-4911.0	51	0.0
-4910.0	63	0.0
-4909.0	64	0.0
-4908.0	66	0.0
-4907.0	54	0.0
-4906.0	68	0.0
-4905.0	59	0.0
-4904.0	58	0.0
-4903.0	62	0.0
-4902.0	66	0.0
-4901.0	74	0.0
-4900.0	44	0.0
-4899.0	54	0.0
-4898.0	58	0.0
-4897.0	53	0.0
-4896.0	61	0.0
-4895.0	67	0.0
-4894.0	64	0.0
-4893.0	64	0.0
-4892.0	60	0.0
-4891.0	71	0.0
-4890.0	55	0.0
-4889.0	58	0.0
-4888.0	54	0.0
-4887.0	58	0.0
-4886.0	63	0.0
-4885.0	49	0.0
-4884.0	71	0.0
-4883.0	48	0.0
-4882.0	62	0.0
-4881.0	63	0.0
-4880.0	57	0.0
-4879.0	65	0.0
-4878.0	55	0.0
-4877.0	66	0.0
-4876.0	56	0.0
-4875.0	57	0.0
-4874.0	44	0.0
-4873.0	52	0.0
-4872.0	75	0.0
-4871.0	65	0.0
-4870.0	76	0.0
-4869.0	58	0.0
-4868.0	73	0.0
-4867.0	70	0.0
-4866.0	77	0.0
-4865.0	59	0.0
-4864.0	52	0.0
-4863.0	79	0.0
-4862.0	64	0.0
-4861.0	54	0.0
-4860.0	49	0.0
-4859.0	57	0.0
-4858.0	63	0.0
-4857.0	67	0.0
-4856.0	60	0.0
-4855.0	59	0.0
-4854.0	53	0.0
-4853.0	57	0.0
-4852.0	53	0.0
-4851.0	62	0.0
-4850.0	51	0.0
-4849.0	53	0.0
-4848.0	52	0.0
-4847.0	82	0.0
-4846.0	63	0.0
-4845.0	58	0.0
-4844.0	69	0.0
-4843.0	70	0.0
-4842.0	68	0.0
-4841.0	54	0.0
-4840.0	52	0.0
-4839.0	48	0.0
-4838.0	68	0.0
-4837.0	59	0.0
-4836.0	54	0.0
-4835.0	65	0.0
-4834.0	60	0.0
-4833.0	67	0.0
-4832.0	66	0.0
-4831.0	72	0.0
-4830.0	44	0.0
-4829.0	56	0.0
-4828.0	48	0.0
-4827.0	67	0.0
-4826.0	58	0.0
-4825.0	68	0.0
-4824.0	60	0.0
-4823.0	53	0.0
-4822.0	64	0.0
-4821.0	58	0.0
-4820.0	52	0.0
-4819.0	62	0.0
-4818.0	55	0.0
-4817.0	46	0.0
-4816.0	59	0.0
-4815.0	43	0.0
-4814.0	66	0.0
-4813.0	59	0.0
-4812.0	46	0.0
-4811.0	59	0.0
-4810.0	55	0.0
-4809.0	55	0.0
-4808.0	63	0.0
-4807.0	64	0.0
-4806.0	70	0.0
-4805.0	52	0.0
-4804.0	63	0.0
-4803.0	61	0.0
-4802.0	67	0.0
-4801.0	60	0.0
-4800.0	61	0.0
-4799.0	50	0.0
-4798.0	62	0.0
-4797.0	53	0.0
-4796.0	77	0.0
-4795.0	60	0.0
-4794.0	64	0.0
-4793.0	63	0.0
-4792.0	60	0.0
-4791.0	60	0.0
-4790.0	58	0.0
-4789.0	57	0.0
-4788.0	66	0.0
-4787.0	76	0.0
-4786.0	66	0.0
-4785.0	51	0.0
-4784.0	60	0.0
-4783.0	60	0.0
-4782.0	69	0.0
-4781.0	73	0.0
-4780.0	58	0.0
-4779.0	69	0.0
-4778.0	59	0.0
-4777.0	69	0.0
-4776.0	54	0.0
-4775.0	70	0.0
-4774.0	81	0.0
-4773.0	66	0.0
-4772.0	65	0.0
-4771.0	50	0.0
-4770.0	70	0.0
-4769.0	59	0.0
-4768.0	66	0.0
-4767.0	60	0.0
-4766.0	58	0.0
-4765.0	77	0.0
-4764.0	67	0.0
-4763.0	64	0.0
-4762.0	56	0.0
-4761.0	60	0.0
-4760.0	53	0.0
-4759.0	69	0.0
-4758.0	63	0.0
-4757.0	67	0.0
-4756.0	57	0.0
-4755.0	63	0.0
-4754.0	70	0.0
-4753.0	54	0.0
-4752.0	73	0.0
-4751.0	39	0.0
-4750.0	50	0.0
-4749.0	61	0.0
-4748.0	70	0.0
-4747.0	53	0.0
-4746.0	54	0.0
-4745.0	70	0.0
-4744.0	38	0.0
-4743.0	56	0.0
-4742.0	68	0.0
-4741.0	58	0.0
-4740.0	59	0.0
-4739.0	60	0.0
-4738.0	58	0.0
-4737.0	56	0.0
-4736.0	67	0.0
-4735.0	63	0.0
-4734.0	55	0.0
-4733.0	75	0.0
-4732.0	71	0.0
-4731.0	71	0.0
-4730.0	65	0.0
-4729.0	58	0.0
-4728.0	57	0.0
-4727.0	67	0.0
-4726.0	41	0.0
-4725.0	54	0.0
-4724.0	50	0.0
-4723.0	69	0.0
-4722.0	54	0.0
-4721.0	54	0.0
-4720.0	53	0.0
-4719.0	64	0.0
-4718.0	59	0.0
-4717.0	62	0.0
-4716.0	64	0.0
-4715.0	66	0.0
-4714.0	67	0.0
-4713.0	67	0.0
-4712.0	57	0.0
-4711.0	57	0.0
-4710.0	55	0.0
-4709.0	65	0.0
-4708.0	50	0.0
-4707.0	76	0.0
-4706.0	61	0.0
-4705.0	66	0.0
-4704.0	66	0.0
-4703.0	67	0.0
-4702.0	64	0.0
-4701.0	63	0.0
-4700.0	57	0.0
-4699.0	62	0.0
-4698.0	53	0.0
-4697.0	63	0.0
-4696.0	59	0.0
-4695.0	62	0.0
-4694.0	65	0.0
-4693.0	58	0.0
-4692.0	64	0.0
-4691.0	64	0.0
-4690.0	66	0.0
-4689.0	59	0.0
-4688.0	67	0.0
-4687.0	46	0.0
-4686.0	72	0.0
-4685.0	64	0.0
-4684.0	57	0.0
-4683.0	59	0.0
-4682.0	56	0.0
-4681.0	54	0.0
-4680.0	60	0.0
-4679.0	52	0.0
-4678.0	55	0.0
-4677.0	67	0.0
-4676.0	61	0.0
-4675.0	49	0.0
-4674.0	49	0.0
-4673.0	59	0.0
-4672.0	75	0.0
-4671.0	72	0.0
-4670.0	61	0.0
-4669.0	71	0.0
-4668.0	53	0.0
-4667.0	53	0.0
-4666.0	74	0.0
-4665.0	63	0.0
-4664.0	55	0.0
-4663.0	63	0.0
-4662.0	63	0.0
-4661.0	60	0.0
-4660.0	73	0.0
-4659.0	64	0.0
-4658.0	57	0.0
-4657.0	51	0.0
-4656.0	52	0.0
-4655.0	70	0.0
-4654.0	54	0.0
-4653.0	64	0.0
-4652.0	55	0.0
-4651.0	52	0.0
-4650.0	56	0.0
-4649.0	55	0.0
-4648.0	47	0.0
-4647.0	65	0.0
-4646.0	53	0.0
-4645.0	50	0.0
-4644.0	56	0.0
-4643.0	64	0.0
-4642.0	66	0.0
-4641.0	55	0.0
-4640.0	55	0.0
-4639.0	56	0.0
-4638.0	78	0.0
-4637.0	72	0.0
-4636.0	54	0.0
-4635.0	48	0.0
-4634.0	59	0.0
-4633.0	63	0.0
-4632.0	65	0.0
-4631.0	72	0.0
-4630.0	50	0.0
-4629.0	61	0.0
-4628.0	59	0.0
-4627.0	44	0.0
-4626.0	59	0.0
-4625.0	60	0.0
-4624.0	70	0.0
-4623.0	65	0.0
-4622.0	50	0.0
-4621.0	72	0.0
-4620.0	70	0.0
-4619.0	56	0.0
-4618.0	57	0.0
-4617.0	61	0.0
-4616.0	55	0.0
-4615.0	61	0.0
-4614.0	61	0.0
-4613.0	56	0.0
-4612.0	66	0.0
-4611.0	68	0.0
-4610.0	67	0.0
-4609.0	67	0.0
-4608.0	40	0.0
-4607.0	52	0.0
-4606.0	61	0.0
-4605.0	52	0.0
-4604.0	53	0.0
-4603.0	64	0.0
-4602.0	49	0.0
-4601.0	60	0.0
-4600.0	62	0.0
-4599.0	63	0.0
-4598.0	63	0.0
-4597.0	54	0.0
-4596.0	53	0.0
-4595.0	56	0.0
-4594.0	67	0.0
-4593.0	52	0.0
-4592.0	47	0.0
-4591.0	52	0.0
-4590.0	56	0.0
-4589.0	62	0.0
-4588.0	55	0.0
-4587.0	55	0.0
-4586.0	69	0.0
-4585.0	67	0.0
-4584.0	66	0.0
-4583.0	64	0.0
-4582.0	63	0.0
-4581.0	63	0.0
-4580.0	65	0.0
-4579.0	48	0.0
-4578.0	61	0.0
-4577.0	66	0.0
-4576.0	46	0.0
-4575.0	43	0.0
-4574.0	61	0.0
-4573.0	73	0.0
-4572.0	71	0.0
-4571.0	57	0.0
-4570.0	49	0.0
-4569.0	48	0.0
-4568.0	48	0.0
-4567.0	70	0.0
-4566.0	65	0.0
-4565.0	48	0.0
-4564.0	55	0.0
-4563.0	59	0.0
-4562.0	61	0.0
-4561.0	62	0.0
-4560.0	74	0.0
-4559.0	59	0.0
-4558.0	53	0.0
-4557.0	59	0.0
-4556.0	70	0.0
-4555.0	54	0.0
-4554.0	62	0.0
-4553.0	62	0.0
-4552.0	41	0.0
-4551.0	70	0.0
-4550.0	62	0.0
-4549.0	60	0.0
-4548.0	66	0.0
-4547.0	69	0.0
-4546.0	55	0.0
-4545.0	59	0.0
-4544.0	68	0.0
-4543.0	78	0.0
-4542.0	80	0.0
-4541.0	65	0.0
-4540.0	58	0.0
-4539.0	63	0.0
-4538.0	56	0.0
-4537.0	58	0.0
-4536.0	59	0.0
-4535.0	60	0.0
-4534.0	53	0.0
-4533.0	63	0.0
-4532.0	59	0.0
-4531.0	66	0.0
-4530.0	55	0.0
-4529.0	43	0.0
-4528.0	56	0.0
-4527.0	66	0.0
-4526.0	52	0.0
-4525.0	57	0.0
-4524.0	59	0.0
-4523.0	65	0.0
-4522.0	61	0.0
-4521.0	55	0.0
-4520.0	67	0.0
-4519.0	58	0.0
-4518.0	58	0.0
-4517.0	62	0.0
-4516.0	63	0.0
-4515.0	59	0.0
-4514.0	81	0.0
-4513.0	56	0.0
-4512.0	67	0.0
-4511.0	62	0.0
-4510.0	78	0.0
-4509.0	44	0.0
-4508.0	58	0.0
-4507.0	71	0.0
-4506.0	54	0.0
-4505.0	57	0.0
-4504.0	72	0.0
-4503.0	76	0.0
-4502.0	54	0.0
-4501.0	57	0.0
-4500.0	62	0.0
-4499.0	63	0.0
-4498.0	67	0.0
-4497.0	59	0.0
-4496.0	48	0.0
-4495.0	56	0.0
-4494.0	69	0.0
-4493.0	60	0.0
-4492.0	70	0.0
-4491.0	69	0.0
-4490.0	61	0.0
-4489.0	51	0.0
-4488.0	62	0.0
-4487.0	64	0.0
-4486.0	48	0.0
-4485.0	71	0.0
-4484.0	61	0.0
-4483.0	64	0.0
-4482.0	53	0.0
-4481.0	63	0.0
-4480.0	61	0.0
-4479.0	75	0.0
-4478.0	65	0.0
-4477.0	65	0.0
-4476.0	52	0.0
-4475.0	68	0.0
-4474.0	60	0.0
-4473.0	70	0.0
-4472.0	67	0.0
-4471.0	49	0.0
-4470.0	68	0.0
-4469.0	66	0.0
-4468.0	63	0.0
-4467.0	52	0.0
-4466.0	54	0.0
-4465.0	58	0.0
-4464.0	64	0.0
-4463.0	60	0.0
-4462.0	61	0.0
-4461.0	63	0.0
-4460.0	58	0.0
-4459.0	48	0.0
-4458.0	59	0.0
-4457.0	51	0.0
-4456.0	62	0.0
-4455.0	57	0.0
-4454.0	53	0.0
-4453.0	55	0.0
-4452.0	42	0.0
-4451.0	58	0.0
-4450.0	64	0.0
-4449.0	53	0.0
-4448.0	69	0.0
-4447.0	62	0.0
-4446.0	62	0.0
-4445.0	42	0.0
-4444.0	62	0.0
-4443.0	64	0.0
-4442.0	67	0.0
-4441.0	47	0.0
-4440.0	72	0.0
-4439.0	60	0.0
-4438.0	61	0.0
-4437.0	66	0.0
-4436.0	76	0.0
-4435.0	57	0.0
-4434.0	47	0.0
-4433.0	61	0.0
-4432.0	57	0.0
-4431.0	74	0.0
-4430.0	53	0.0
-4429.0	55	0.0
-4428.0	71	0.0
-4427.0	57	0.0
-4426.0	63	0.0
-4425.0	53	0.0
-4424.0	60	0.0
-4423.0	55	0.0
-4422.0	66	0.0
-4421.0	49	0.0
-4420.0	70	0.0
-4419.0	65	0.0
-4418.0	52	0.0
-4417.0	60	0.0
-4416.0	57	0.0
-4415.0	78	0.0
-4414.0	52	0.0
-4413.0	59	0.0
-4412.0	55	0.0
-4411.0	57	0.0
-4410.0	56	0.0
-4409.0	66	0.0
-4408.0	72	0.0
-4407.0	67	0.0
-4406.0	43	0.0
-4405.0	57	0.0
-4404.0	64	0.0
-4403.0	54	0.0
-4402.0	60	0.0
-4401.0	55	0.0
-4400.0	67	0.0
-4399.0	61	0.0
-4398.0	60	0.0
-4397.0	64	0.0
-4396.0	62	0.0
-4395.0	62	0.0
-4394.0	62	0.0
-4393.0	64	0.0
-4392.0	60	0.0
-4391.0	67	0.0
-4390.0	45	0.0
-4389.0	57	0.0
-4388.0	46	0.0
-4387.0	74	0.0
-4386.0	61	0.0
-4385.0	59	0.0
-4384.0	65	0.0
-4383.0	63	0.0
-4382.0	54	0.0
-4381.0	53	0.0
-4380.0	67	0.0
-4379.0	51	0.0
-4378.0	64	0.0
-4377.0	59	0.0
-4376.0	55	0.0
-4375.0	52	0.0
-4374.0	66	0.0
-4373.0	46	0.0
-4372.0	65	0.0
-4371.0	44	0.0
-4370.0	54	0.0
-4369.0	48	0.0
-4368.0	63	0.0
-4367.0	65	0.0
-4366.0	60	0.0
-4365.0	60	0.0
-4364.0	59	0.0
-4363.0	71	0.0
-4362.0	62	0.0
-4361.0	60	0.0
-4360.0	55	0.0
-4359.0	63	0.0
-4358.0	61	0.0
-4357.0	59	0.0
-4356.0	54	0.0
-4355.0	69	0.0
-4354.0	74	0.0
-4353.0	52	0.0
-4352.0	56	0.0
-4351.0	44	0.0
-4350.0	64	0.0
-4349.0	61	0.0
-4348.0	55	0.0
-4347.0	59	0.0
-4346.0	65	0.0
-4345.0	52	0.0
-4344.0	49	0.0
-4343.0	55	0.0
-4342.0	52	0.0
-4341.0	58	0.0
-4340.0	64	0.0
-4339.0	59	0.0
-4338.0	59	0.0
-4337.0	65	0.0
-4336.0	55	0.0
-4335.0	49	0.0
-4334.0	67	0.0
-4333.0	67	0.0
-4332.0	80	0.0
-4331.0	56	0.0
-4330.0	63	0.0
-4329.0	61	0.0
-4328.0	62	0.0
-4327.0	62	0.0
-4326.0	58	0.0
-4325.0	73	0.0
-4324.0	59	0.0
-4323.0	63	0.0
-4322.0	75	0.0
-4321.0	60	0.0
-4320.0	64	0.0
-4319.0	60	0.0
-4318.0	76	0.0
-4317.0	59	0.0
-4316.0	56	0.0
-4315.0	68	0.0
-4314.0	59	0.0
-4313.0	55	0.0
-4312.0	56	0.0
-4311.0	61	0.0
-4310.0	54	0.0
-4309.0	75	0.0
-4308.0	66	0.0
-4307.0	62	0.0
-4306.0	52	0.0
-4305.0	61	0.0
-4304.0	72	0.0
-4303.0	61	0.0
-4302.0	75	0.0
-4301.0	59	0.0
-4300.0	54	0.0
-4299.0	64	0.0
-4298.0	59	0.0
-4297.0	71	0.0
-4296.0	66	0.0
-4295.0	65	0.0
-4294.0	76	0.0
-4293.0	49	0.0
-4292.0	52	0.0
-4291.0	62	0.0
-4290.0	58	0.0
-4289.0	63	0.0
-4288.0	77	0.0
-4287.0	64	0.0
-4286.0	58	0.0
-4285.0	56	0.0
-4284.0	60	0.0
-4283.0	50	0.0
-4282.0	67	0.0
-4281.0	61	0.0
-4280.0	71	0.0
-4279.0	68	0.0
-4278.0	60	0.0
-4277.0	72	0.0
-4276.0	61	0.0
-4275.0	46	0.0
-4274.0	63	0.0
-4273.0	45	0.0
-4272.0	61	0.0
-4271.0	72	0.0
-4270.0	53	0.0
-4269.0	59	0.0
-4268.0	48	0.0
-4267.0	56	0.0
-4266.0	63	0.0
-4265.0	61	0.0
-4264.0	45	0.0
-4263.0	50	0.0
-4262.0	52	0.0
-4261.0	54	0.0
-4260.0	64	0.0
-4259.0	51	0.0
-4258.0	54	0.0
-4257.0	57	0.0
-4256.0	63	0.0
-4255.0	81	0.0
-4254.0	60	0.0
-4253.0	75	0.0
-4252.0	59	0.0
-4251.0	56	0.0
-4250.0	62	0.0
-4249.0	60	0.0
-4248.0	41	0.0
-4247.0	46	0.0
-4246.0	68	0.0
-4245.0	45	0.0
-4244.0	61	0.0
-4243.0	73	0.0
-4242.0	54	0.0
-4241.0	67	0.0
-4240.0	56	0.0
-4239.0	65	0.0
-4238.0	52	0.0
-4237.0	58	0.0
-4236.0	71	0.0
-4235.0	53	0.0
-4234.0	71	0.0
-4233.0	50	0.0
-4232.0	50	0.0
-4231.0	60	0.0
-4230.0	61	0.0
-4229.0	56	0.0
-4228.0	59	0.0
-4227.0	64	0.0
-4226.0	52	0.0
-4225.0	61	0.0
-4224.0	68	0.0
-4223.0	48	0.0
-4222.0	48	0.0
-4221.0	66	0.0
-4220.0	44	0.0
-4219.0	55	0.0
-4218.0	50	0.0
-4217.0	45	0.0
-4216.0	61	0.0
-4215.0	62	0.0
-4214.0	49	0.0
-4213.0	54	0.0
-4212.0	49	0.0
-4211.0	70	0.0
-4210.0	51	0.0
-4209.0	70	0.0
-4208.0	69	0.0
-4207.0	64	0.0
-4206.0	56	0.0
-4205.0	48	0.0
-4204.0	52	0.0
-4203.0	55	0.0
-4202.0	47	0.0
-4201.0	62	0.0
-4200.0	65	0.0
-4199.0	61	0.0
-4198.0	50	0.0
-4197.0	67	0.0
-4196.0	75	0.0
-4195.0	55	0.0
-4194.0	71	0.0
-4193.0	42	0.0
-4192.0	60	0.0
-4191.0	55	0.0
-4190.0	69	0.0
-4189.0	55	0.0
-4188.0	42	0.0
-4187.0	58	0.0
-4186.0	61	0.0
-4185.0	66	0.0
-4184.0	58	0.0
-4183.0	58	0.0
-4182.0	64	0.0
-4181.0	67	0.0
-4180.0	53	0.0
-4179.0	71	0.0
-4178.0	61	0.0
-4177.0	68	0.0
-4176.0	62	0.0
-4175.0	56	0.0
-4174.0	70	0.0
-4173.0	56	0.0
-4172.0	49	0.0
-4171.0	57	0.0
-4170.0	49	0.0
-4169.0	53	0.0
-4168.0	62	0.0
-4167.0	40	0.0
-4166.0	57	0.0
-4165.0	61	0.0
-4164.0	74	0.0
-4163.0	56	0.0
-4162.0	53	0.0
-4161.0	58	0.0
-4160.0	52	0.0
-4159.0	76	0.0
-4158.0	52	0.0
-4157.0	59	0.0
-4156.0	63	0.0
-4155.0	54	0.0
-4154.0	50	0.0
-4153.0	70	0.0
-4152.0	43	0.0
-4151.0	70	0.0
-4150.0	77	0.0
-4149.0	83	0.0
-4148.0	54	0.0
-4147.0	59	0.0
-4146.0	64	0.0
-4145.0	66	0.0
-4144.0	66	0.0
-4143.0	70	0.0
-4142.0	54	0.0
-4141.0	53	0.0
-4140.0	51	0.0
-4139.0	57	0.0
-4138.0	50	0.0
-4137.0	48	0.0
-4136.0	60	0.0
-4135.0	66	0.0
-4134.0	63	0.0
-4133.0	53	0.0
-4132.0	63	0.0
-4131.0	61	0.0
-4130.0	57	0.0
-4129.0	49	0.0
-4128.0	64	0.0
-4127.0	74	0.0
-4126.0	47	0.0
-4125.0	61	0.0
-4124.0	69	0.0
-4123.0	49	0.0
-4122.0	55	0.0
-4121.0	62	0.0
-4120.0	56	0.0
-4119.0	59	0.0
-4118.0	65	0.0
-4117.0	56	0.0
-4116.0	49	0.0
-4115.0	60	0.0
-4114.0	70	0.0
-4113.0	76	0.0
-4112.0	61	0.0
-4111.0	62	0.0
-4110.0	54	0.0
-4109.0	55	0.0
-4108.0	78	0.0
-4107.0	67	0.0
-4106.0	58	0.0
-4105.0	65	0.0
-4104.0	60	0.0
-4103.0	57	0.0
-4102.0	64	0.0
-4101.0	54	0.0
-4100.0	46	0.0
-4099.0	61	0.0
-4098.0	53	0.0
-4097.0	62	0.0
-4096.0	77	0.0
-4095.0	59	0.0
-4094.0	56	0.0
-4093.0	80	0.0
-4092.0	64	0.0
-4091.0	50	0.0
-4090.0	67	0.0
-4089.0	56	0.0
-4088.0	57	0.0
-4087.0	68	0.0
-4086.0	62	0.0
-4085.0	45	0.0
-4084.0	75	0.0
-4083.0	60	0.0
-4082.0	64	0.0
-4081.0	54	0.0
-4080.0	60	0.0
-4079.0	69	0.0
-4078.0	66	0.0
-4077.0	48	0.0
-4076.0	59	0.0
-4075.0	67	0.0
-4074.0	77	0.0
-4073.0	46	0.0
-4072.0	67	0.0
-4071.0	75	0.0
-4070.0	58	0.0
-4069.0	61	0.0
-4068.0	62	0.0
-4067.0	48	0.0
-4066.0	67	0.0
-4065.0	51	0.0
-4064.0	77	0.0
-4063.0	63	0.0
-4062.0	74	0.0
-4061.0	66	0.0
-4060.0	59	0.0
-4059.0	67	0.0
-4058.0	69	0.0
-4057.0	51	0.0
-4056.0	64	0.0
-4055.0	41	0.0
-4054.0	63	0.0
-4053.0	68	0.0
-4052.0	45	0.0
-4051.0	65	0.0
-4050.0	68	0.0
-4049.0	65	0.0
-4048.0	70	0.0
-4047.0	60	0.0
-4046.0	57	0.0
-4045.0	64	0.0
-4044.0	64	0.0
-4043.0	72	0.0
-4042.0	64	0.0
-4041.0	70	0.0
-4040.0	61	0.0
-4039.0	54	0.0
-4038.0	42	0.0
-4037.0	53	0.0
-4036.0	64	0.0
-4035.0	70	0.0
-4034.0	63	0.0
-4033.0	65	0.0
-4032.0	40	0.0
-4031.0	64	0.0
-4030.0	62	0.0
-4029.0	60	0.0
-4028.0	62	0.0
-4027.0	62	0.0
-4026.0	55	0.0
-4025.0	49	0.0
-4024.0	56	0.0
-4023.0	55	0.0
-4022.0	56	0.0
-4021.0	52	0.0
-4020.0	55	0.0
-4019.0	53	0.0
-4018.0	54	0.0
-4017.0	61	0.0
-4016.0	71	0.0
-4015.0	57	0.0
-4014.0	66	0.0
-4013.0	63	0.0
-4012.0	56	0.0
-4011.0	48	0.0
-4010.0	47	0.0
-4009.0	61	0.0
-4008.0	66	0.0
-4007.0	74	0.0
-4006.0	59	0.0
-4005.0	58	0.0
-4004.0	80	0.0
-4003.0	67	0.0
-4002.0	67	0.0
-4001.0	65	0.0
-4000.0	44	0.0
-3999.0	41	0.0
-3998.0	60	0.0
-3997.0	68	0.0
-3996.0	55	0.0
-3995.0	62	0.0
-3994.0	58	0.0
-3993.0	68	0.0
-3992.0	60	0.0
-3991.0	57	0.0
-3990.0	61	0.0
-3989.0	57	0.0
-3988.0	62	0.0
-3987.0	65	0.0
-3986.0	53	0.0
-3985.0	57	0.0
-3984.0	59	0.0
-3983.0	71	0.0
-3982.0	52	0.0
-3981.0	62	0.0
-3980.0	53	0.0
-3979.0	58	0.0
-3978.0	59	0.0
-3977.0	47	0.0
-3976.0	73	0.0
-3975.0	69	0.0
-3974.0	63	0.0
-3973.0	64	0.0
-3972.0	53	0.0
-3971.0	74	0.0
-3970.0	64	0.0
-3969.0	69	0.0
-3968.0	66	0.0
-3967.0	62	0.0
-3966.0	68	0.0
-3965.0	62	0.0
-3964.0	58	0.0
-3963.0	69	0.0
-3962.0	78	0.0
-3961.0	66	0.0
-3960.0	76	0.0
-3959.0	60	0.0
-3958.0	64	0.0
-3957.0	56	0.0
-3956.0	46	0.0
-3955.0	67	0.0
-3954.0	65	0.0
-3953.0	49	0.0
-3952.0	69	0.0
-3951.0	62	0.0
-3950.0	57	0.0
-3949.0	54	0.0
-3948.0	58	0.0
-3947.0	45	0.0
-3946.0	60	0.0
-3945.0	50	0.0
-3944.0	57	0.0
-3943.0	66	0.0
-3942.0	49	0.0
-3941.0	66	0.0
-3940.0	65	0.0
-3939.0	68	0.0
-3938.0	60	0.0
-3937.0	54	0.0
-3936.0	55	0.0
-3935.0	67	0.0
-3934.0	69	0.0
-3933.0	68	0.0
-3932.0	64	0.0
-3931.0	66	0.0
-3930.0	60	0.0
-3929.0	54	0.0
-3928.0	62	0.0
-3927.0	55	0.0
-3926.0	61	0.0
-3925.0	53	0.0
-3924.0	59	0.0
-3923.0	66	0.0
-3922.0	56	0.0
-3921.0	71	0.0
-3920.0	66	0.0
-3919.0	59	0.0
-3918.0	57	0.0
-3917.0	63	0.0
-3916.0	46	0.0
-3915.0	56	0.0
-3914.0	62	0.0
-3913.0	71	0.0
-3912.0	71	0.0
-3911.0	70	0.0
-3910.0	54	0.0
-3909.0	56	0.0
-3908.0	57	0.0
-3907.0	60	0.0
-3906.0	63	0.0
-3905.0	74	0.0
-3904.0	53	0.0
-3903.0	60	0.0
-3902.0	60	0.0
-3901.0	63	0.0
-3900.0	54	0.0
-3899.0	77	0.0
-3898.0	61	0.0
-3897.0	57	0.0
-3896.0	73	0.0
-3895.0	83	0.0
-3894.0	60	0.0
-3893.0	54	0.0
-3892.0	76	0.0
-3891.0	82	0.0
-3890.0	60	0.0
-3889.0	62	0.0
-3888.0	39	0.0
-3887.0	54	0.0
-3886.0	58	0.0
-3885.0	67	0.0
-3884.0	60	0.0
-3883.0	46	0.0
-3882.0	82	0.0
-3881.0	55	0.0
-3880.0	70	0.0
-3879.0	49	0.0
-3878.0	60	0.0
-3877.0	55	0.0
-3876.0	78	0.0
-3875.0	66	0.0
-3874.0	53	0.0
-3873.0	60	0.0
-3872.0	60	0.0
-3871.0	69	0.0
-3870.0	48	0.0
-3869.0	44	0.0
-3868.0	61	0.0
-3867.0	70	0.0
-3866.0	59	0.0
-3865.0	56	0.0
-3864.0	76	0.0
-3863.0	70	0.0
-3862.0	61	0.0
-3861.0	66	0.0
-3860.0	52	0.0
-3859.0	58	0.0
-3858.0	50	0.0
-3857.0	60	0.0
-3856.0	47	0.0
-3855.0	59	0.0
-3854.0	57	0.0
-3853.0	66	0.0
-3852.0	67	0.0
-3851.0	58	0.0
-3850.0	66	0.0
-3849.0	57	0.0
-3848.0	61	0.0
-3847.0	64	0.0
-3846.0	57	0.0
-3845.0	67	0.0
-3844.0	51	0.0
-3843.0	60	0.0
-3842.0	74	0.0
-3841.0	67	0.0
-3840.0	57	0.0
-3839.0	53	0.0
-3838.0	71	0.0
-3837.0	64	0.0
-3836.0	70	0.0
-3835.0	58	0.0
-3834.0	47	0.0
-3833.0	53	0.0
-3832.0	57	0.0
-3831.0	58	0.0
-3830.0	80	0.0
-3829.0	60	0.0
-3828.0	53	0.0
-3827.0	62	0.0
-3826.0	41	0.0
-3825.0	53	0.0
-3824.0	54	0.0
-3823.0	57	0.0
-3822.0	56	0.0
-3821.0	51	0.0
-3820.0	64	0.0
-3819.0	60	0.0
-3818.0	56	0.0
-3817.0	61	0.0
-3816.0	58	0.0
-3815.0	72	0.0
-3814.0	65	0.0
-3813.0	48	0.0
-3812.0	54	0.0
-3811.0	65	0.0
-3810.0	62	0.0
-3809.0	50	0.0
-3808.0	58	0.0
-3807.0	62	0.0
-3806.0	53	0.0
-3805.0	68	0.0
-3804.0	65	0.0
-3803.0	60	0.0
-3802.0	57	0.0
-3801.0	53	0.0
-3800.0	49	0.0
-3799.0	68	0.0
-3798.0	50	0.0
-3797.0	70	0.0
-3796.0	86	0.0
-3795.0	60	0.0
-3794.0	67	0.0
-3793.0	72	0.0
-3792.0	66	0.0
-3791.0	69	0.0
-3790.0	75	0.0
-3789.0	60	0.0
-3788.0	68	0.0
-3787.0	66	0.0
-3786.0	62	0.0
-3785.0	47	0.0
-3784.0	61	0.0
-3783.0	71	0.0
-3782.0	64	0.0
-3781.0	62	0.0
-3780.0	50	0.0
-3779.0	66	0.0
-3778.0	62	0.0
-3777.0	64	0.0
-3776.0	62	0.0
-3775.0	45	0.0
-3774.0	57	0.0
-3773.0	38	0.0
-3772.0	46	0.0
-3771.0	48	0.0
-3770.0	59	0.0
-3769.0	58	0.0
-3768.0	67	0.0
-3767.0	59	0.0
-3766.0	81	0.0
-3765.0	63	0.0
-3764.0	76	0.0
-3763.0	60	0.0
-3762.0	53	0.0
-3761.0	62	0.0
-3760.0	69	0.0
-3759.0	59	0.0
-3758.0	60	0.0
-3757.0	60	0.0
-3756.0	60	0.0
-3755.0	66	0.0
-3754.0	68	0.0
-3753.0	59	0.0
-3752.0	61	0.0
-3751.0	62	0.0
-3750.0	60	0.0
-3749.0	78	0.0
-3748.0	58	0.0
-3747.0	65	0.0
-3746.0	60	0.0
-3745.0	49	0.0
-3744.0	48	0.0
-3743.0	61	0.0
-3742.0	42	0.0
-3741.0	47	0.0
-3740.0	61	0.0
-3739.0	64	0.0
-3738.0	54	0.0
-3737.0	60	0.0
-3736.0	68	0.0
-3735.0	73	0.0
-3734.0	64	0.0
-3733.0	69	0.0
-3732.0	65	0.0
-3731.0	45	0.0
-3730.0	50	0.0
-3729.0	72	0.0
-3728.0	57	0.0
-3727.0	60	0.0
-3726.0	64	0.0
-3725.0	72	0.0
-3724.0	68	0.0
-3723.0	53	0.0
-3722.0	63	0.0
-3721.0	77	0.0
-3720.0	68	0.0
-3719.0	52	0.0
-3718.0	49	0.0
-3717.0	80	0.0
-3716.0	64	0.0
-3715.0	69	0.0
-3714.0	58	0.0
-3713.0	51	0.0
-3712.0	67	0.0
-3711.0	56	0.0
-3710.0	61	0.0
-3709.0	44	0.0
-3708.0	81	0.0
-3707.0	57	0.0
-3706.0	76	0.0
-3705.0	45	0.0
-3704.0	57	0.0
-3703.0	54	0.0
-3702.0	68	0.0
-3701.0	59	0.0
-3700.0	66	0.0
-3699.0	55	0.0
-3698.0	52	0.0
-3697.0	47	0.0
-3696.0	77	0.0
-3695.0	62	0.0
-3694.0	65	0.0
-3693.0	60	0.0
-3692.0	56	0.0
-3691.0	64	0.0
-3690.0	56	0.0
-3689.0	71	0.0
-3688.0	57	0.0
-3687.0	48	0.0
-3686.0	61	0.0
-3685.0	66	0.0
-3684.0	70	0.0
-3683.0	61	0.0
-3682.0	55	0.0
-3681.0	60	0.0
-3680.0	62	0.0
-3679.0	66	0.0
-3678.0	73	0.0
-3677.0	65	0.0
-3676.0	59	0.0
-3675.0	50	0.0
-3674.0	58	0.0
-3673.0	53	0.0
-3672.0	51	0.0
-3671.0	61	0.0
-3670.0	60	0.0
-3669.0	75	0.0
-3668.0	58	0.0
-3667.0	51	0.0
-3666.0	62	0.0
-3665.0	49	0.0
-3664.0	61	0.0
-3663.0	66	0.0
-3662.0	55	0.0
-3661.0	48	0.0
-3660.0	60	0.0
-3659.0	47	0.0
-3658.0	70	0.0
-3657.0	64	0.0
-3656.0	63	0.0
-3655.0	65	0.0
-3654.0	62	0.0
-3653.0	56	0.0
-3652.0	55	0.0
-3651.0	71	0.0
-3650.0	67	0.0
-3649.0	69	0.0
-3648.0	49	0.0
-3647.0	56	0.0
-3646.0	58	0.0
-3645.0	66	0.0
-3644.0	74	0.0
-3643.0	64	0.0
-3642.0	70	0.0
-3641.0	50	0.0
-3640.0	69	0.0
-3639.0	70	0.0
-3638.0	69	0.0
-3637.0	66	0.0
-3636.0	51	0.0
-3635.0	66	0.0
-3634.0	74	0.0
-3633.0	52	0.0
-3632.0	67	0.0
-3631.0	53	0.0
-3630.0	61	0.0
-3629.0	55	0.0
-3628.0	63	0.0
-3627.0	64	0.0
-3626.0	69	0.0
-3625.0	55	0.0
-3624.0	65	0.0
-3623.0	76	0.0
-3622.0	50	0.0
-3621.0	57	0.0
-3620.0	57	0.0
-3619.0	70	0.0
-3618.0	59	0.0
-3617.0	57	0.0
-3616.0	74	0.0
-3615.0	51	0.0
-3614.0	53	0.0
-3613.0	54	0.0
-3612.0	53	0.0
-3611.0	67	0.0
-3610.0	66	0.0
-3609.0	74	0.0
-3608.0	59	0.0
-3607.0	57	0.0
-3606.0	56	0.0
-3605.0	61	0.0
-3604.0	68	0.0
-3603.0	64	0.0
-3602.0	68	0.0
-3601.0	59	0.0
-3600.0	54	0.0
-3599.0	71	0.0
-3598.0	77	0.0
-3597.0	60	0.0
-3596.0	63	0.0
-3595.0	70	0.0
-3594.0	49	0.0
-3593.0	65	0.0
-3592.0	53	0.0
-3591.0	49	0.0
-3590.0	61	0.0
-3589.0	64	0.0
-3588.0	65	0.0
-3587.0	53	0.0
-3586.0	64	0.0
-3585.0	77	0.0
-3584.0	64	0.0
-3583.0	61	0.0
-3582.0	61	0.0
-3581.0	64	0.0
-3580.0	58	0.0
-3579.0	53	0.0
-3578.0	56	0.0
-3577.0	45	0.0
-3576.0	49	0.0
-3575.0	67	0.0
-3574.0	46	0.0
-3573.0	61	0.0
-3572.0	44	0.0
-3571.0	53	0.0
-3570.0	63	0.0
-3569.0	47	0.0
-3568.0	48	0.0
-3567.0	51	0.0
-3566.0	62	0.0
-3565.0	58	0.0
-3564.0	62	0.0
-3563.0	40	0.0
-3562.0	73	0.0
-3561.0	60	0.0
-3560.0	60	0.0
-3559.0	62	0.0
-3558.0	73	0.0
-3557.0	58	0.0
-3556.0	68	0.0
-3555.0	59	0.0
-3554.0	54	0.0
-3553.0	53	0.0
-3552.0	57	0.0
-3551.0	66	0.0
-3550.0	54	0.0
-3549.0	55	0.0
-3548.0	63	0.0
-3547.0	53	0.0
-3546.0	51	0.0
-3545.0	58	0.0
-3544.0	72	0.0
-3543.0	67	0.0
-3542.0	64	0.0
-3541.0	58	0.0
-3540.0	72	0.0
-3539.0	50	0.0
-3538.0	59	0.0
-3537.0	63	0.0
-3536.0	73	0.0
-3535.0	66	0.0
-3534.0	65	0.0
-3533.0	48	0.0
-3532.0	74	0.0
-3531.0	59	0.0
-3530.0	56	0.0
-3529.0	73	0.0
-3528.0	57	0.0
-3527.0	62	0.0
-3526.0	55	0.0
-3525.0	66	0.0
-3524.0	74	0.0
-3523.0	52	0.0
-3522.0	62	0.0
-3521.0	43	0.0
-3520.0	64	0.0
-3519.0	66	0.0
-3518.0	65	0.0
-3517.0	61	0.0
-3516.0	69	0.0
-3515.0	59	0.0
-3514.0	42	0.0
-3513.0	64	0.0
-3512.0	68	0.0
-3511.0	57	0.0
-3510.0	67	0.0
-3509.0	67	0.0
-3508.0	67	0.0
-3507.0	78	0.0
-3506.0	33	0.0
-3505.0	52	0.0
-3504.0	72	0.0
-3503.0	71	0.0
-3502.0	63	0.0
-3501.0	51	0.0
-3500.0	51	0.0
-3499.0	54	0.0
-3498.0	60	0.0
-3497.0	60	0.0
-3496.0	62	0.0
-3495.0	52	0.0
-3494.0	56	0.0
-3493.0	62	0.0
-3492.0	65	0.0
-3491.0	64	0.0
-3490.0	65	0.0
-3489.0	56	0.0
-3488.0	79	0.0
-3487.0	47	0.0
-3486.0	65	0.0
-3485.0	68	0.0
-3484.0	63	0.0
-3483.0	65	0.0
-3482.0	70	0.0
-3481.0	51	0.0
-3480.0	68	0.0
-3479.0	60	0.0
-3478.0	66	0.0
-3477.0	63	0.0
-3476.0	45	0.0
-3475.0	68	0.0
-3474.0	56	0.0
-3473.0	68	0.0
-3472.0	65	0.0
-3471.0	63	0.0
-3470.0	56	0.0
-3469.0	67	0.0
-3468.0	66	0.0
-3467.0	74	0.0
-3466.0	57	0.0
-3465.0	60	0.0
-3464.0	57	0.0
-3463.0	72	0.0
-3462.0	54	0.0
-3461.0	63	0.0
-3460.0	61	0.0
-3459.0	60	0.0
-3458.0	57	0.0
-3457.0	65	0.0
-3456.0	80	0.0
-3455.0	60	0.0
-3454.0	65	0.0
-3453.0	62	0.0
-3452.0	62	0.0
-3451.0	68	0.0
-3450.0	49	0.0
-3449.0	52	0.0
-3448.0	59	0.0
-3447.0	60	0.0
-3446.0	58	0.0
-3445.0	50	0.0
-3444.0	59	0.0
-3443.0	55	0.0
-3442.0	59	0.0
-3441.0	62	0.0
-3440.0	67	0.0
-3439.0	62	0.0
-3438.0	65	0.0
-3437.0	49	0.0
-3436.0	50	0.0
-3435.0	74	0.0
-3434.0	45	0.0
-3433.0	71	0.0
-3432.0	55	0.0
-3431.0	56	0.0
-3430.0	48	0.0
-3429.0	65	0.0
-3428.0	63	0.0
-3427.0	66	0.0
-3426.0	55	0.0
-3425.0	73	0.0
-3424.0	56	0.0
-3423.0	47	0.0
-3422.0	62	0.0
-3421.0	52	0.0
-3420.0	54	0.0
-3419.0	54	0.0
-3418.0	60	0.0
-3417.0	62	0.0
-3416.0	51	0.0
-3415.0	80	0.0
-3414.0	56	0.0
-3413.0	64	0.0
-3412.0	53	0.0
-3411.0	59	0.0
-3410.0	76	0.0
-3409.0	64	0.0
-3408.0	51	0.0
-3407.0	53	0.0
-3406.0	58	0.0
-3405.0	53	0.0
-3404.0	66	0.0
-3403.0	63	0.0
-3402.0	82	0.0
-3401.0	69	0.0
-3400.0	64	0.0
-3399.0	68	0.0
-3398.0	76	0.0
-3397.0	63	0.0
-3396.0	68	0.0
-3395.0	56	0.0
-3394.0	75	0.0
-3393.0	66	0.0
-3392.0	49	0.0
-3391.0	56	0.0
-3390.0	70	0.0
-3389.0	53	0.0
-3388.0	60	0.0
-3387.0	69	0.0
-3386.0	63	0.0
-3385.0	61	0.0
-3384.0	62	0.0
-3383.0	71	0.0
-3382.0	63	0.0
-3381.0	47	0.0
-3380.0	53	0.0
-3379.0	55	0.0
-3378.0	87	0.0
-3377.0	76	0.0
-3376.0	57	0.0
-3375.0	55	0.0
-3374.0	71	0.0
-3373.0	49	0.0
-3372.0	46	0.0
-3371.0	69	0.0
-3370.0	65	0.0
-3369.0	59	0.0
-3368.0	59	0.0
-3367.0	71	0.0
-3366.0	62	0.0
-3365.0	60	0.0
-3364.0	62	0.0
-3363.0	61	0.0
-3362.0	64	0.0
-3361.0	71	0.0
-3360.0	66	0.0
-3359.0	59	0.0
-3358.0	72	0.0
-3357.0	61	0.0
-3356.0	65	0.0
-3355.0	65	0.0
-3354.0	49	0.0
-3353.0	70	0.0
-3352.0	65	0.0
-3351.0	55	0.0
-3350.0	63	0.0
-3349.0	59	0.0
-3348.0	65	0.0
-3347.0	62	0.0
-3346.0	58	0.0
-3345.0	63	0.0
-3344.0	55	0.0
-3343.0	70	0.0
-3342.0	67	0.0
-3341.0	61	0.0
-3340.0	75	0.0
-3339.0	70	0.0
-3338.0	55	0.0
-3337.0	59	0.0
-3336.0	62	0.0
-3335.0	63	0.0
-3334.0	62	0.0
-3333.0	67	0.0
-3332.0	57	0.0
-3331.0	66	0.0
-3330.0	52	0.0
-3329.0	56	0.0
-3328.0	65	0.0
-3327.0	72	0.0
-3326.0	54	0.0
-3325.0	50	0.0
-3324.0	62	0.0
-3323.0	52	0.0
-3322.0	51	0.0
-3321.0	51	0.0
-3320.0	63	0.0
-3319.0	58	0.0
-3318.0	59	0.0
-3317.0	65	0.0
-3316.0	68	0.0
-3315.0	58	0.0
-3314.0	66	0.0
-3313.0	86	0.0
-3312.0	68	0.0
-3311.0	65	0.0
-3310.0	51	0.0
-3309.0	56	0.0
-3308.0	56	0.0
-3307.0	74	0.0
-3306.0	64	0.0
-3305.0	65	0.0
-3304.0	67	0.0
-3303.0	51	0.0
-3302.0	61	0.0
-3301.0	64	0.0
-3300.0	60	0.0
-3299.0	60	0.0
-3298.0	71	0.0
-3297.0	59	0.0
-3296.0	41	0.0
-3295.0	57	0.0
-3294.0	58	0.0
-3293.0	53	0.0
-3292.0	65	0.0
-3291.0	70	0.0
-3290.0	51	0.0
-3289.0	55	0.0
-3288.0	59	0.0
-3287.0	68	0.0
-3286.0	61	0.0
-3285.0	60	0.0
-3284.0	64	0.0
-3283.0	48	0.0
-3282.0	55	0.0
-3281.0	73	0.0
-3280.0	68	0.0
-3279.0	53	0.0
-3278.0	77	0.0
-3277.0	50	0.0
-3276.0	60	0.0
-3275.0	56	0.0
-3274.0	70	0.0
-3273.0	60	0.0
-3272.0	50	0.0
-3271.0	81	0.0
-3270.0	60	0.0
-3269.0	77	0.0
-3268.0	65	0.0
-3267.0	63	0.0
-3266.0	57	0.0
-3265.0	61	0.0
-3264.0	63	0.0
-3263.0	53	0.0
-3262.0	56	0.0
-3261.0	57	0.0
-3260.0	73	0.0
-3259.0	51	0.0
-3258.0	75	0.0
-3257.0	65	0.0
-3256.0	52	0.0
-3255.0	66	0.0
-3254.0	53	0.0
-3253.0	59	0.0
-3252.0	78	0.0
-3251.0	51	0.0
-3250.0	57	0.0
-3249.0	73	0.0
-3248.0	72	0.0
-3247.0	59	0.0
-3246.0	63	0.0
-3245.0	66	0.0
-3244.0	57	0.0
-3243.0	42	0.0
-3242.0	66	0.0
-3241.0	65	0.0
-3240.0	69	0.0
-3239.0	70	0.0
-3238.0	51	0.0
-3237.0	74	0.0
-3236.0	59	0.0
-3235.0	53	0.0
-3234.0	71	0.0
-3233.0	54	0.0
-3232.0	67	0.0
-3231.0	75	0.0
-3230.0	46	0.0
-3229.0	50	0.0
-3228.0	59	0.0
-3227.0	57	0.0
-3226.0	47	0.0
-3225.0	60	0.0
-3224.0	53	0.0
-3223.0	70	0.0
-3222.0	60	0.0
-3221.0	65	0.0
-3220.0	66	0.0
-3219.0	42	0.0
-3218.0	58	0.0
-3217.0	64	0.0
-3216.0	69	0.0
-3215.0	68	0.0
-3214.0	52	0.0
-3213.0	63	0.0
-3212.0	58	0.0
-3211.0	59	0.0
-3210.0	71	0.0
-3209.0	56	0.0
-3208.0	72	0.0
-3207.0	56	0.0
-3206.0	58	0.0
-3205.0	66	0.0
-3204.0	65	0.0
-3203.0	70	0.0
-3202.0	53	0.0
-3201.0	66	0.0
-3200.0	59	0.0
-3199.0	60	0.0
-3198.0	53	0.0
-3197.0	58	0.0
-3196.0	40	0.0
-3195.0	42	0.0
-3194.0	60	0.0
-3193.0	55	0.0
-3192.0	50	0.0
-3191.0	68	0.0
-3190.0	69	0.0
-3189.0	58	0.0
-3188.0	48	0.0
-3187.0	58	0.0
-3186.0	65	0.0
-3185.0	54	0.0
-3184.0	69	0.0
-3183.0	64	0.0
-3182.0	61	0.0
-3181.0	63	0.0
-3180.0	58	0.0
-3179.0	65	0.0
-3178.0	46	0.0
-3177.0	68	0.0
-3176.0	65	0.0
-3175.0	54	0.0
-3174.0	57	0.0
-3173.0	63	0.0
-3172.0	62	0.0
-3171.0	40	0.0
-3170.0	72	0.0
-3169.0	55	0.0
-3168.0	65	0.0
-3167.0	51	0.0
-3166.0	67	0.0
-3165.0	64	0.0
-3164.0	63	0.0
-3163.0	49	0.0
-3162.0	64	0.0
-3161.0	54	0.0
-3160.0	55	0.0
-3159.0	54	0.0
-3158.0	63	0.0
-3157.0	60	0.0
-3156.0	71	0.0
-3155.0	64	0.0
-3154.0	64	0.0
-3153.0	56	0.0
-3152.0	42	0.0
-3151.0	60	0.0
-3150.0	53	0.0
-3149.0	63	0.0
-3148.0	55	0.0
-3147.0	67	0.0
-3146.0	53	0.0
-3145.0	55	0.0
-3144.0	70	0.0
-3143.0	45	0.0
-3142.0	50	0.0
-3141.0	64	0.0
-3140.0	52	0.0
-3139.0	57	0.0
-3138.0	74	0.0
-3137.0	57	0.0
-3136.0	53	0.0
-3135.0	65	0.0
-3134.0	57	0.0
-3133.0	62	0.0
-3132.0	69	0.0
-3131.0	63	0.0
-3130.0	79	0.0
-3129.0	55	0.0
-3128.0	45	0.0
-3127.0	77	0.0
-3126.0	76	0.0
-3125.0	66	0.0
-3124.0	73	0.0
-3123.0	52	0.0
-3122.0	48	0.0
-3121.0	67	0.0
-3120.0	52	0.0
-3119.0	59	0.0
-3118.0	55	0.0
-3117.0	52	0.0
-3116.0	75	0.0
-3115.0	62	0.0
-3114.0	50	0.0
-3113.0	49	0.0
-3112.0	62	0.0
-3111.0	56	0.0
-3110.0	67	0.0
-3109.0	74	0.0
-3108.0	54	0.0
-3107.0	55	0.0
-3106.0	64	0.0
-3105.0	57	0.0
-3104.0	59	0.0
-3103.0	59	0.0
-3102.0	59	0.0
-3101.0	58	0.0
-3100.0	66	0.0
-3099.0	66	0.0
-3098.0	77	0.0
-3097.0	60	0.0
-3096.0	61	0.0
-3095.0	74	0.0
-3094.0	52	0.0
-3093.0	50	0.0
-3092.0	62	0.0
-3091.0	52	0.0
-3090.0	51	0.0
-3089.0	62	0.0
-3088.0	51	0.0
-3087.0	77	0.0
-3086.0	55	0.0
-3085.0	61	0.0
-3084.0	58	0.0
-3083.0	58	0.0
-3082.0	68	0.0
-3081.0	61	0.0
-3080.0	66	0.0
-3079.0	67	0.0
-3078.0	66	0.0
-3077.0	68	0.0
-3076.0	65	0.0
-3075.0	55	0.0
-3074.0	45	0.0
-3073.0	57	0.0
-3072.0	54	0.0
-3071.0	57	0.0
-3070.0	65	0.0
-3069.0	54	0.0
-3068.0	54	0.0
-3067.0	63	0.0
-3066.0	61	0.0
-3065.0	67	0.0
-3064.0	54	0.0
-3063.0	66	0.0
-3062.0	52	0.0
-3061.0	53	0.0
-3060.0	72	0.0
-3059.0	48	0.0
-3058.0	55	0.0
-3057.0	53	0.0
-3056.0	48	0.0
-3055.0	57	0.0
-3054.0	63	0.0
-3053.0	72	0.0
-3052.0	56	0.0
-3051.0	61	0.0
-3050.0	57	0.0
-3049.0	48	0.0
-3048.0	80	0.0
-3047.0	77	0.0
-3046.0	58	0.0
-3045.0	70	0.0
-3044.0	63	0.0
-3043.0	69	0.0
-3042.0	54	0.0
-3041.0	59	0.0
-3040.0	70	0.0
-3039.0	66	0.0
-3038.0	60	0.0
-3037.0	57	0.0
-3036.0	56	0.0
-3035.0	52	0.0
-3034.0	57	0.0
-3033.0	51	0.0
-3032.0	56	0.0
-3031.0	56	0.0
-3030.0	65	0.0
-3029.0	59	0.0
-3028.0	57	0.0
-3027.0	49	0.0
-3026.0	74	0.0
-3025.0	70	0.0
-3024.0	56	0.0
-3023.0	56	0.0
-3022.0	58	0.0
-3021.0	56	0.0
-3020.0	65	0.0
-3019.0	71	0.0
-3018.0	54	0.0
-3017.0	64	0.0
-3016.0	61	0.0
-3015.0	57	0.0
-3014.0	54	0.0
-3013.0	67	0.0
-3012.0	62	0.0
-3011.0	62	0.0
-3010.0	57	0.0
-3009.0	55	0.0
-3008.0	58	0.0
-3007.0	58	0.0
-3006.0	57	0.0
-3005.0	62	0.0
-3004.0	62	0.0
-3003.0	50	0.0
-3002.0	52	0.0
-3001.0	48	0.0
-3000.0	54	0.0
-2999.0	67	0.0
-2998.0	66	0.0
-2997.0	59	0.0
-2996.0	50	0.0
-2995.0	60	0.0
-2994.0	52	0.0
-2993.0	63	0.0
-2992.0	63	0.0
-2991.0	49	0.0
-2990.0	64	0.0
-2989.0	50	0.0
-2988.0	64	0.0
-2987.0	65	0.0
-2986.0	55	0.0
-2985.0	74	0.0
-2984.0	56	0.0
-2983.0	68	0.0
-2982.0	64	0.0
-2981.0	65	0.0
-2980.0	56	0.0
-2979.0	51	0.0
-2978.0	53	0.0
-2977.0	57	0.0
-2976.0	47	0.0
-2975.0	69	0.0
-2974.0	62	0.0
-2973.0	58	0.0
-2972.0	67	0.0
-2971.0	68	0.0
-2970.0	69	0.0
-2969.0	72	0.0
-2968.0	63	0.0
-2967.0	63	0.0
-2966.0	53	0.0
-2965.0	65	0.0
-2964.0	67	0.0
-2963.0	70	0.0
-2962.0	43	0.0
-2961.0	64	0.0
-2960.0	60	0.0
-2959.0	60	0.0
-2958.0	59	0.0
-2957.0	46	0.0
-2956.0	51	0.0
-2955.0	48	0.0
-2954.0	63	0.0
-2953.0	67	0.0
-2952.0	56	0.0
-2951.0	53	0.0
-2950.0	46	0.0
-2949.0	57	0.0
-2948.0	44	0.0
-2947.0	55	0.0
-2946.0	63	0.0
-2945.0	57	0.0
-2944.0	60	0.0
-2943.0	57	0.0
-2942.0	64	0.0
-2941.0	62	0.0
-2940.0	51	0.0
-2939.0	59	0.0
-2938.0	81	0.0
-2937.0	70	0.0
-2936.0	66	0.0
-2935.0	68	0.0
-2934.0	56	0.0
-2933.0	57	0.0
-2932.0	63	0.0
-2931.0	55	0.0
-2930.0	68	0.0
-2929.0	56	0.0
-2928.0	65	0.0
-2927.0	58	0.0
-2926.0	67	0.0
-2925.0	67	0.0
-2924.0	63	0.0
-2923.0	40	0.0
-2922.0	54	0.0
-2921.0	53	0.0
-2920.0	61	0.0
-2919.0	55	0.0
-2918.0	71	0.0
-2917.0	68	0.0
-2916.0	47	0.0
-2915.0	63	0.0
-2914.0	63	0.0
-2913.0	60	0.0
-2912.0	50	0.0
-2911.0	49	0.0
-2910.0	69	0.0
-2909.0	62	0.0
-2908.0	64	0.0
-2907.0	48	0.0
-2906.0	69	0.0
-2905.0	55	0.0
-2904.0	60	0.0
-2903.0	69	0.0
-2902.0	53	0.0
-2901.0	59	0.0
-2900.0	68	0.0
-2899.0	67	0.0
-2898.0	69	0.0
-2897.0	52	0.0
-2896.0	64	0.0
-2895.0	50	0.0
-2894.0	63	0.0
-2893.0	72	0.0
-2892.0	61	0.0
-2891.0	59	0.0
-2890.0	71	0.0
-2889.0	67	0.0
-2888.0	59	0.0
-2887.0	48	0.0
-2886.0	76	0.0
-2885.0	57	0.0
-2884.0	60	0.0
-2883.0	67	0.0
-2882.0	66	0.0
-2881.0	66	0.0
-2880.0	64	0.0
-2879.0	67	0.0
-2878.0	64	0.0
-2877.0	77	0.0
-2876.0	62	0.0
-2875.0	60	0.0
-2874.0	41	0.0
-2873.0	62	0.0
-2872.0	67	0.0
-2871.0	65	0.0
-2870.0	75	0.0
-2869.0	71	0.0
-2868.0	62	0.0
-2867.0	59	0.0
-2866.0	61	0.0
-2865.0	55	0.0
-2864.0	68	0.0
-2863.0	42	0.0
-2862.0	55	0.0
-2861.0	52	0.0
-2860.0	56	0.0
-2859.0	66	0.0
-2858.0	65	0.0
-2857.0	65	0.0
-2856.0	69	0.0
-2855.0	59	0.0
-2854.0	64	0.0
-2853.0	50	0.0
-2852.0	48	0.0
-2851.0	60	0.0
-2850.0	56	0.0
-2849.0	71	0.0
-2848.0	47	0.0
-2847.0	68	0.0
-2846.0	63	0.0
-2845.0	66	0.0
-2844.0	54	0.0
-2843.0	67	0.0
-2842.0	56	0.0
-2841.0	73	0.0
-2840.0	50	0.0
-2839.0	59	0.0
-2838.0	67	0.0
-2837.0	58	0.0
-2836.0	52	0.0
-2835.0	92	0.0
-2834.0	55	0.0
-2833.0	62	0.0
-2832.0	69	0.0
-2831.0	59	0.0
-2830.0	64	0.0
-2829.0	50	0.0
-2828.0	50	0.0
-2827.0	54	0.0
-2826.0	55	0.0
-2825.0	64	0.0
-2824.0	49	0.0
-2823.0	69	0.0
-2822.0	68	0.0
-2821.0	53	0.0
-2820.0	64	0.0
-2819.0	46	0.0
-2818.0	55	0.0
-2817.0	51	0.0
-2816.0	59	0.0
-2815.0	60	0.0
-2814.0	55	0.0
-2813.0	56	0.0
-2812.0	56	0.0
-2811.0	62	0.0
-2810.0	70	0.0
-2809.0	47	0.0
-2808.0	73	0.0
-2807.0	68	0.0
-2806.0	61	0.0
-2805.0	58	0.0
-2804.0	55	0.0
-2803.0	59	0.0
-2802.0	65	0.0
-2801.0	59	0.0
-2800.0	56	0.0
-2799.0	63	0.0
-2798.0	62	0.0
-2797.0	65	0.0
-2796.0	75	0.0
-2795.0	57	0.0
-2794.0	69	0.0
-2793.0	51	0.0
-2792.0	55	0.0
-2791.0	60	0.0
-2790.0	68	0.0
-2789.0	66	0.0
-2788.0	60	0.0
-2787.0	62	0.0
-2786.0	65	0.0
-2785.0	71	0.0
-2784.0	40	0.0
-2783.0	49	0.0
-2782.0	60	0.0
-2781.0	50	0.0
-2780.0	63	0.0
-2779.0	62	0.0
-2778.0	60	0.0
-2777.0	62	0.0
-2776.0	67	0.0
-2775.0	52	0.0
-2774.0	52	0.0
-2773.0	70	0.0
-2772.0	67	0.0
-2771.0	63	0.0
-2770.0	53	0.0
-2769.0	59	0.0
-2768.0	53	0.0
-2767.0	50	0.0
-2766.0	58	0.0
-2765.0	69	0.0
-2764.0	51	0.0
-2763.0	61	0.0
-2762.0	46	0.0
-2761.0	61	0.0
-2760.0	56	0.0
-2759.0	51	0.0
-2758.0	60	0.0
-2757.0	60	0.0
-2756.0	57	0.0
-2755.0	57	0.0
-2754.0	55	0.0
-2753.0	78	0.0
-2752.0	64	0.0
-2751.0	49	0.0
-2750.0	64	0.0
-2749.0	56	0.0
-2748.0	62	0.0
-2747.0	70	0.0
-2746.0	58	0.0
-2745.0	52	0.0
-2744.0	74	0.0
-2743.0	59	0.0
-2742.0	65	0.0
-2741.0	69	0.0
-2740.0	47	0.0
-2739.0	56	0.0
-2738.0	57	0.0
-2737.0	49	0.0
-2736.0	56	0.0
-2735.0	68	0.0
-2734.0	57	0.0
-2733.0	46	0.0
-2732.0	57	0.0
-2731.0	73	0.0
-2730.0	60	0.0
-2729.0	63	0.0
-2728.0	50	0.0
-2727.0	69	0.0
-2726.0	50	0.0
-2725.0	51	0.0
-2724.0	56	0.0
-2723.0	76	0.0
-2722.0	62	0.0
-2721.0	64	0.0
-2720.0	54	0.0
-2719.0	47	0.0
-2718.0	54	0.0
-2717.0	54	0.0
-2716.0	63	0.0
-2715.0	51	0.0
-2714.0	59	0.0
-2713.0	71	0.0
-2712.0	62	0.0
-2711.0	57	0.0
-2710.0	53	0.0
-2709.0	53	0.0
-2708.0	54	0.0
-2707.0	62	0.0
-2706.0	64	0.0
-2705.0	56	0.0
-2704.0	50	0.0
-2703.0	74	0.0
-2702.0	65	0.0
-2701.0	61	0.0
-2700.0	63	0.0
-2699.0	65	0.0
-2698.0	62	0.0
-2697.0	62	0.0
-2696.0	49	0.0
-2695.0	72	0.0
-2694.0	55	0.0
-2693.0	55	0.0
-2692.0	63	0.0
-2691.0	59	0.0
-2690.0	64	0.0
-2689.0	77	0.0
-2688.0	60	0.0
-2687.0	73	0.0
-2686.0	59	0.0
-2685.0	52	0.0
-2684.0	64	0.0
-2683.0	60	0.0
-2682.0	55	0.0
-2681.0	46	0.0
-2680.0	49	0.0
-2679.0	54	0.0
-2678.0	51	0.0
-2677.0	72	0.0
-2676.0	74	0.0
-2675.0	56	0.0
-2674.0	71	0.0
-2673.0	69	0.0
-2672.0	55	0.0
-2671.0	48	0.0
-2670.0	67	0.0
-2669.0	73	0.0
-2668.0	55	0.0
-2667.0	48	0.0
-2666.0	51	0.0
-2665.0	67	0.0
-2664.0	59	0.0
-2663.0	67	0.0
-2662.0	63	0.0
-2661.0	65	0.0
-2660.0	59	0.0
-2659.0	60	0.0
-2658.0	54	0.0
-2657.0	68	0.0
-2656.0	70	0.0
-2655.0	59	0.0
-2654.0	66	0.0
-2653.0	55	0.0
-2652.0	63	0.0
-2651.0	55	0.0
-2650.0	56	0.0
-2649.0	50	0.0
-2648.0	72	0.0
-2647.0	56	0.0
-2646.0	65	0.0
-2645.0	61	0.0
-2644.0	69	0.0
-2643.0	44	0.0
-2642.0	44	0.0
-2641.0	81	0.0
-2640.0	63	0.0
-2639.0	67	0.0
-2638.0	60	0.0
-2637.0	45	0.0
-2636.0	55	0.0
-2635.0	62	0.0
-2634.0	61	0.0
-2633.0	61	0.0
-2632.0	52	0.0
-2631.0	71	0.0
-2630.0	64	0.0
-2629.0	63	0.0
-2628.0	68	0.0
-2627.0	70	0.0
-2626.0	46	0.0
-2625.0	77	0.0
-2624.0	48	0.0
-2623.0	57	0.0
-2622.0	50	0.0
-2621.0	78	0.0
-2620.0	48	0.0
-2619.0	56	0.0
-2618.0	80	0.0
-2617.0	63	0.0
-2616.0	51	0.0
-2615.0	53	0.0
-2614.0	57	0.0
-2613.0	68	0.0
-2612.0	64	0.0
-2611.0	45	0.0
-2610.0	57	0.0
-2609.0	65	0.0
-2608.0	57	0.0
-2607.0	60	0.0
-2606.0	52	0.0
-2605.0	67	0.0
-2604.0	56	0.0
-2603.0	62	0.0
-2602.0	55	0.0
-2601.0	60	0.0
-2600.0	61	0.0
-2599.0	76	0.0
-2598.0	67	0.0
-2597.0	54	0.0
-2596.0	65	0.0
-2595.0	63	0.0
-2594.0	58	0.0
-2593.0	62	0.0
-2592.0	56	0.0
-2591.0	51	0.0
-2590.0	68	0.0
-2589.0	58	0.0
-2588.0	70	0.0
-2587.0	69	0.0
-2586.0	72	0.0
-2585.0	54	0.0
-2584.0	59	0.0
-2583.0	53	0.0
-2582.0	45	0.0
-2581.0	52	0.0
-2580.0	70	0.0
-2579.0	67	0.0
-2578.0	53	0.0
-2577.0	69	0.0
-2576.0	61	0.0
-2575.0	69	0.0
-2574.0	70	0.0
-2573.0	51	0.0
-2572.0	60	0.0
-2571.0	60	0.0
-2570.0	60	0.0
-2569.0	70	0.0
-2568.0	66	0.0
-2567.0	71	0.0
-2566.0	66	0.0
-2565.0	52	0.0
-2564.0	66	0.0
-2563.0	48	0.0
-2562.0	78	0.0
-2561.0	53	0.0
-2560.0	58	0.0
-2559.0	69	0.0
-2558.0	45	0.0
-2557.0	54	0.0
-2556.0	56	0.0
-2555.0	74	0.0
-2554.0	64	0.0
-2553.0	58	0.0
-2552.0	66	0.0
-2551.0	58	0.0
-2550.0	70	0.0
-2549.0	66	0.0
-2548.0	62	0.0
-2547.0	71	0.0
-2546.0	55	0.0
-2545.0	68	0.0
-2544.0	62	0.0
-2543.0	71	0.0
-2542.0	65	0.0
-2541.0	46	0.0
-2540.0	53	0.0
-2539.0	65	0.0
-2538.0	67	0.0
-2537.0	68	0.0
-2536.0	66	0.0
-2535.0	84	0.0
-2534.0	54	0.0
-2533.0	59	0.0
-2532.0	59	0.0
-2531.0	40	0.0
-2530.0	56	0.0
-2529.0	62	0.0
-2528.0	56	0.0
-2527.0	66	0.0
-2526.0	61	0.0
-2525.0	58	0.0
-2524.0	59	0.0
-2523.0	68	0.0
-2522.0	62	0.0
-2521.0	44	0.0
-2520.0	53	0.0
-2519.0	68	0.0
-2518.0	61	0.0
-2517.0	66	0.0
-2516.0	68	0.0
-2515.0	56	0.0
-2514.0	64	0.0
-2513.0	59	0.0
-2512.0	60	0.0
-2511.0	63	0.0
-2510.0	49	0.0
-2509.0	59	0.0
-2508.0	49	0.0
-2507.0	69	0.0
-2506.0	64	0.0
-2505.0	60	0.0
-2504.0	78	0.0
-2503.0	53	0.0
-2502.0	56	0.0
-2501.0	57	0.0
-2500.0	51	0.0
-2499.0	67	0.0
-2498.0	61	0.0
-2497.0	74	0.0
-2496.0	63	0.0
-2495.0	64	0.0
-2494.0	61	0.0
-2493.0	54	0.0
-2492.0	59	0.0
-2491.0	69	0.0
-2490.0	58	0.0
-2489.0	53	0.0
-2488.0	67	0.0
-2487.0	56	0.0
-2486.0	73	0.0
-2485.0	53	0.0
-2484.0	61	0.0
-2483.0	52	0.0
-2482.0	58	0.0
-2481.0	50	0.0
-2480.0	62	0.0
-2479.0	58	0.0
-2478.0	63	0.0
-2477.0	70	0.0
-2476.0	89	0.0
-2475.0	54	0.0
-2474.0	52	0.0
-2473.0	49	0.0
-2472.0	66	0.0
-2471.0	62	0.0
-2470.0	54	0.0
-2469.0	58	0.0
-2468.0	64	0.0
-2467.0	60	0.0
-2466.0	60	0.0
-2465.0	57	0.0
-2464.0	63	0.0
-2463.0	58	0.0
-2462.0	63	0.0
-2461.0	53	0.0
-2460.0	66	0.0
-2459.0	70	0.0
-2458.0	62	0.0
-2457.0	50	0.0
-2456.0	52	0.0
-2455.0	61	0.0
-2454.0	61	0.0
-2453.0	52	0.0
-2452.0	59	0.0
-2451.0	68	0.0
-2450.0	64	0.0
-2449.0	64	0.0
-2448.0	68	0.0
-2447.0	62	0.0
-2446.0	68	0.0
-2445.0	65	0.0
-2444.0	63	0.0
-2443.0	62	0.0
-2442.0	50	0.0
-2441.0	56	0.0
-2440.0	63	0.0
-2439.0	55	0.0
-2438.0	65	0.0
-2437.0	68	0.0
-2436.0	58	0.0
-2435.0	67	0.0
-2434.0	56	0.0
-2433.0	65	0.0
-2432.0	53	0.0
-2431.0	63	0.0
-2430.0	54	0.0
-2429.0	65	0.0
-2428.0	52	0.0
-2427.0	75	0.0
-2426.0	66	0.0
-2425.0	68	0.0
-2424.0	57	0.0
-2423.0	63	0.0
-2422.0	70	0.0
-2421.0	50	0.0
-2420.0	61	0.0
-2419.0	62	0.0
-2418.0	53	0.0
-2417.0	70	0.0
-2416.0	65	0.0
-2415.0	61	0.0
-2414.0	75	0.0
-2413.0	53	0.0
-2412.0	56	0.0
-2411.0	64	0.0
-2410.0	62	0.0
-2409.0	60	0.0
-2408.0	56	0.0
-2407.0	69	0.0
-2406.0	75	0.0
-2405.0	65	0.0
-2404.0	64	0.0
-2403.0	57	0.0
-2402.0	57	0.0
-2401.0	67	0.0
-2400.0	50	0.0
-2399.0	53	0.0
-2398.0	62	0.0
-2397.0	76	0.0
-2396.0	41	0.0
-2395.0	53	0.0
-2394.0	53	0.0
-2393.0	52	0.0
-2392.0	65	0.0
-2391.0	72	0.0
-2390.0	66	0.0
-2389.0	54	0.0
-2388.0	55	0.0
-2387.0	57	0.0
-2386.0	64	0.0
-2385.0	74	0.0
-2384.0	68	0.0
-2383.0	46	0.0
-2382.0	60	0.0
-2381.0	59	0.0
-2380.0	52	0.0
-2379.0	60	0.0
-2378.0	71	0.0
-2377.0	63	0.0
-2376.0	70	0.0
-2375.0	69	0.0
-2374.0	52	0.0
-2373.0	67	0.0
-2372.0	59	0.0
-2371.0	72	0.0
-2370.0	52	0.0
-2369.0	63	0.0
-2368.0	54	0.0
-2367.0	79	0.0
-2366.0	73	0.0
-2365.0	57	0.0
-2364.0	46	0.0
-2363.0	50	0.0
-2362.0	60	0.0
-2361.0	59	0.0
-2360.0	62	0.0
-2359.0	53	0.0
-2358.0	64	0.0
-2357.0	64	0.0
-2356.0	58	0.0
-2355.0	65	0.0
-2354.0	64	0.0
-2353.0	61	0.0
-2352.0	63	0.0
-2351.0	54	0.0
-2350.0	62	0.0
-2349.0	74	0.0
-2348.0	55	0.0
-2347.0	65	0.0
-2346.0	64	0.0
-2345.0	51	0.0
-2344.0	52	0.0
-2343.0	62	0.0
-2342.0	63	0.0
-2341.0	47	0.0
-2340.0	55	0.0
-2339.0	82	0.0
-2338.0	77	0.0
-2337.0	60	0.0
-2336.0	55	0.0
-2335.0	64	0.0
-2334.0	70	0.0
-2333.0	66	0.0
-2332.0	68	0.0
-2331.0	58	0.0
-2330.0	55	0.0
-2329.0	65	0.0
-2328.0	50	0.0
-2327.0	64	0.0
-2326.0	60	0.0
-2325.0	65	0.0
-2324.0	52	0.0
-2323.0	54	0.0
-2322.0	48	0.0
-2321.0	68	0.0
-2320.0	51	0.0
-2319.0	45	0.0
-2318.0	51	0.0
-2317.0	60	0.0
-2316.0	47	0.0
-2315.0	66	0.0
-2314.0	51	0.0
-2313.0	68	0.0
-2312.0	72	0.0
-2311.0	57	0.0
-2310.0	62	0.0
-2309.0	59	0.0
-2308.0	57	0.0
-2307.0	56	0.0
-2306.0	51	0.0
-2305.0	55	0.0
-2304.0	63	0.0
-2303.0	69	0.0
-2302.0	53	0.0
-2301.0	51	0.0
-2300.0	67	0.0
-2299.0	58	0.0
-2298.0	62	0.0
-2297.0	59	0.0
-2296.0	61	0.0
-2295.0	62	0.0
-2294.0	54	0.0
-2293.0	57	0.0
-2292.0	50	0.0
-2291.0	68	0.0
-2290.0	59	0.0
-2289.0	49	0.0
-2288.0	67	0.0
-2287.0	51	0.0
-2286.0	55	0.0
-2285.0	63	0.0
-2284.0	53	0.0
-2283.0	48	0.0
-2282.0	61	0.0
-2281.0	63	0.0
-2280.0	59	0.0
-2279.0	62	0.0
-2278.0	63	0.0
-2277.0	61	0.0
-2276.0	47	0.0
-2275.0	59	0.0
-2274.0	64	0.0
-2273.0	72	0.0
-2272.0	47	0.0
-2271.0	59	0.0
-2270.0	48	0.0
-2269.0	65	0.0
-2268.0	74	0.0
-2267.0	50	0.0
-2266.0	41	0.0
-2265.0	54	0.0
-2264.0	63	0.0
-2263.0	50	0.0
-2262.0	58	0.0
-2261.0	45	0.0
-2260.0	58	0.0
-2259.0	52	0.0
-2258.0	73	0.0
-2257.0	58	0.0
-2256.0	63	0.0
-2255.0	50	0.0
-2254.0	66	0.0
-2253.0	70	0.0
-2252.0	69	0.0
-2251.0	63	0.0
-2250.0	72	0.0
-2249.0	62	0.0
-2248.0	53	0.0
-2247.0	46	0.0
-2246.0	60	0.0
-2245.0	65	0.0
-2244.0	77	0.0
-2243.0	73	0.0
-2242.0	69	0.0
-2241.0	83	0.0
-2240.0	43	0.0
-2239.0	59	0.0
-2238.0	78	0.0
-2237.0	54	0.0
-2236.0	62	0.0
-2235.0	66	0.0
-2234.0	46	0.0
-2233.0	69	0.0
-2232.0	55	0.0
-2231.0	62	0.0
-2230.0	62	0.0
-2229.0	70	0.0
-2228.0	67	0.0
-2227.0	64	0.0
-2226.0	60	0.0
-2225.0	56	0.0
-2224.0	52	0.0
-2223.0	64	0.0
-2222.0	51	0.0
-2221.0	53	0.0
-2220.0	56	0.0
-2219.0	50	0.0
-2218.0	58	0.0
-2217.0	52	0.0
-2216.0	66	0.0
-2215.0	60	0.0
-2214.0	74	0.0
-2213.0	69	0.0
-2212.0	65	0.0
-2211.0	68	0.0
-2210.0	80	0.0
-2209.0	59	0.0
-2208.0	65	0.0
-2207.0	49	0.0
-2206.0	66	0.0
-2205.0	77	0.0
-2204.0	73	0.0
-2203.0	58	0.0
-2202.0	61	0.0
-2201.0	56	0.0
-2200.0	65	0.0
-2199.0	70	0.0
-2198.0	74	0.0
-2197.0	66	0.0
-2196.0	47	0.0
-2195.0	48	0.0
-2194.0	72	0.0
-2193.0	71	0.0
-2192.0	61	0.0
-2191.0	68	0.0
-2190.0	47	0.0
-2189.0	63	0.0
-2188.0	62	0.0
-2187.0	66	0.0
-2186.0	46	0.0
-2185.0	58	0.0
-2184.0	56	0.0
-2183.0	43	0.0
-2182.0	61	0.0
-2181.0	51	0.0
-2180.0	67	0.0
-2179.0	62	0.0
-2178.0	46	0.0
-2177.0	63	0.0
-2176.0	62	0.0
-2175.0	67	0.0
-2174.0	58	0.0
-2173.0	55	0.0
-2172.0	71	0.0
-2171.0	73	0.0
-2170.0	50	0.0
-2169.0	76	0.0
-2168.0	70	0.0
-2167.0	51	0.0
-2166.0	54	0.0
-2165.0	45	0.0
-2164.0	59	0.0
-2163.0	60	0.0
-2162.0	54	0.0
-2161.0	53	0.0
-2160.0	65	0.0
-2159.0	62	0.0
-2158.0	57	0.0
-2157.0	52	0.0
-2156.0	56	0.0
-2155.0	49	0.0
-2154.0	69	0.0
-2153.0	57	0.0
-2152.0	70	0.0
-2151.0	55	0.0
-2150.0	58	0.0
-2149.0	74	0.0
-2148.0	53	0.0
-2147.0	64	0.0
-2146.0	60	0.0
-2145.0	66	0.0
-2144.0	52	0.0
-2143.0	47	0.0
-2142.0	42	0.0
-2141.0	59	0.0
-2140.0	61	0.0
-2139.0	64	0.0
-2138.0	61	0.0
-2137.0	58	0.0
-2136.0	62	0.0
-2135.0	52	0.0
-2134.0	74	0.0
-2133.0	54	0.0
-2132.0	63	0.0
-2131.0	76	0.0
-2130.0	61	0.0
-2129.0	60	0.0
-2128.0	61	0.0
-2127.0	57	0.0
-2126.0	49	0.0
-2125.0	67	0.0
-2124.0	70	0.0
-2123.0	66	0.0
-2122.0	52	0.0
-2121.0	55	0.0
-2120.0	63	0.0
-2119.0	59	0.0
-2118.0	61	0.0
-2117.0	62	0.0
-2116.0	71	0.0
-2115.0	66	0.0
-2114.0	73	0.0
-2113.0	63	0.0
-2112.0	51	0.0
-2111.0	48	0.0
-2110.0	70	0.0
-2109.0	52	0.0
-2108.0	60	0.0
-2107.0	59	0.0
-2106.0	55	0.0
-2105.0	68	0.0
-2104.0	58	0.0
-2103.0	57	0.0
-2102.0	62	0.0
-2101.0	50	0.0
-2100.0	52	0.0
-2099.0	55	0.0
-2098.0	57	0.0
-2097.0	60	0.0
-2096.0	64	0.0
-2095.0	58	0.0
-2094.0	63	0.0
-2093.0	55	0.0
-2092.0	65	0.0
-2091.0	52	0.0
-2090.0	51	0.0
-2089.0	69	0.0
-2088.0	69	0.0
-2087.0	63	0.0
-2086.0	43	0.0
-2085.0	57	0.0
-2084.0	53	0.0
-2083.0	65	0.0
-2082.0	53	0.0
-2081.0	58	0.0
-2080.0	74	0.0
-2079.0	58	0.0
-2078.0	50	0.0
-2077.0	50	0.0
-2076.0	59	0.0
-2075.0	67	0.0
-2074.0	57	0.0
-2073.0	67	0.0
-2072.0	62	0.0
-2071.0	68	0.0
-2070.0	67	0.0
-2069.0	51	0.0
-2068.0	64	0.0
-2067.0	64	0.0
-2066.0	63	0.0
-2065.0	60	0.0
-2064.0	62	0.0
-2063.0	56	0.0
-2062.0	56	0.0
-2061.0	56	0.0
-2060.0	50	0.0
-2059.0	55	0.0
-2058.0	64	0.0
-2057.0	62	0.0
-2056.0	50	0.0
-2055.0	61	0.0
-2054.0	55	0.0
-2053.0	41	0.0
-2052.0	57	0.0
-2051.0	66	0.0
-2050.0	54	0.0
-2049.0	53	0.0
-2048.0	61	0.0
-2047.0	55	0.0
-2046.0	60	0.0
-2045.0	52	0.0
-2044.0	61	0.0
-2043.0	55	0.0
-2042.0	63	0.0
-2041.0	66	0.0
-2040.0	63	0.0
-2039.0	69	0.0
-2038.0	69	0.0
-2037.0	57	0.0
-2036.0	51	0.0
-2035.0	57	0.0
-2034.0	58	0.0
-2033.0	61	0.0
-2032.0	64	0.0
-2031.0	61	0.0
-2030.0	64	0.0
-2029.0	65	0.0
-2028.0	61	0.0
-2027.0	64	0.0
-2026.0	66	0.0
-2025.0	59	0.0
-2024.0	63	0.0
-2023.0	59	0.0
-2022.0	58	0.0
-2021.0	65	0.0
-2020.0	52	0.0
-2019.0	49	0.0
-2018.0	62	0.0
-2017.0	74	0.0
-2016.0	59	0.0
-2015.0	73	0.0
-2014.0	61	0.0
-2013.0	54	0.0
-2012.0	66	0.0
-2011.0	49	0.0
-2010.0	48	0.0
-2009.0	57	0.0
-2008.0	66	0.0
-2007.0	59	0.0
-2006.0	51	0.0
-2005.0	65	0.0
-2004.0	56	0.0
-2003.0	67	0.0
-2002.0	79	0.0
-2001.0	61	0.0
-2000.0	49	0.0
-1999.0	58	0.0
-1998.0	61	0.0
-1997.0	56	0.0
-1996.0	59	0.0
-1995.0	63	0.0
-1994.0	66	0.0
-1993.0	50	0.0
-1992.0	69	0.0
-1991.0	65	0.0
-1990.0	63	0.0
-1989.0	58	0.0
-1988.0	47	0.0
-1987.0	53	0.0
-1986.0	63	0.0
-1985.0	58	0.0
-1984.0	63	0.0
-1983.0	69	0.0
-1982.0	59	0.0
-1981.0	61	0.0
-1980.0	66	0.0
-1979.0	68	0.0
-1978.0	65	0.0
-1977.0	63	0.0
-1976.0	60	0.0
-1975.0	57	0.0
-1974.0	51	0.0
-1973.0	50	0.0
-1972.0	57	0.0
-1971.0	86	0.0
-1970.0	72	0.0
-1969.0	64	0.0
-1968.0	41	0.0
-1967.0	59	0.0
-1966.0	65	0.0
-1965.0	56	0.0
-1964.0	47	0.0
-1963.0	65	0.0
-1962.0	64	0.0
-1961.0	59	0.0
-1960.0	57	0.0
-1959.0	71	0.0
-1958.0	48	0.0
-1957.0	69	0.0
-1956.0	56	0.0
-1955.0	67	0.0
-1954.0	48	0.0
-1953.0	64	0.0
-1952.0	59	0.0
-1951.0	50	0.0
-1950.0	70	0.0
-1949.0	62	0.0
-1948.0	61	0.0
-1947.0	68	0.0
-1946.0	70	0.0
-1945.0	62	0.0
-1944.0	56	0.0
-1943.0	58	0.0
-1942.0	59	0.0
-1941.0	61	0.0
-1940.0	60	0.0
-1939.0	61	0.0
-1938.0	75	0.0
-1937.0	58	0.0
-1936.0	71	0.0
-1935.0	69	0.0
-1934.0	62	0.0
-1933.0	82	0.0
-1932.0	62	0.0
-1931.0	58	0.0
-1930.0	60	0.0
-1929.0	57	0.0
-1928.0	54	0.0
-1927.0	50	0.0
-1926.0	50	0.0
-1925.0	68	0.0
-1924.0	61	0.0
-1923.0	67	0.0
-1922.0	52	0.0
-1921.0	69	0.0
-1920.0	70	0.0
-1919.0	67	0.0
-1918.0	54	0.0
-1917.0	64	0.0
-1916.0	48	0.0
-1915.0	67	0.0
-1914.0	54	0.0
-1913.0	64	0.0
-1912.0	61	0.0
-1911.0	59	0.0
-1910.0	40	0.0
-1909.0	69	0.0
-1908.0	72	0.0
-1907.0	66	0.0
-1906.0	72	0.0
-1905.0	65	0.0
-1904.0	57	0.0
-1903.0	75	0.0
-1902.0	47	0.0
-1901.0	61	0.0
-1900.0	69	0.0
-1899.0	71	0.0
-1898.0	63	0.0
-1897.0	66	0.0
-1896.0	67	0.0
-1895.0	56	0.0
-1894.0	61	0.0
-1893.0	59	0.0
-1892.0	63	0.0
-1891.0	53	0.0
-1890.0	68	0.0
-1889.0	63	0.0
-1888.0	50	0.0
-1887.0	55	0.0
-1886.0	52	0.0
-1885.0	67	0.0
-1884.0	51	0.0
-1883.0	53	0.0
-1882.0	55	0.0
-1881.0	61	0.0
-1880.0	53	0.0
-1879.0	73	0.0
-1878.0	56	0.0
-1877.0	61	0.0
-1876.0	45	0.0
-1875.0	60	0.0
-1874.0	46	0.0
-1873.0	62	0.0
-1872.0	59	0.0
-1871.0	71	0.0
-1870.0	78	0.0
-1869.0	61	0.0
-1868.0	61	0.0
-1867.0	74	0.0
-1866.0	64	0.0
-1865.0	62	0.0
-1864.0	63	0.0
-1863.0	66	0.0
-1862.0	76	0.0
-1861.0	83	0.0
-1860.0	66	0.0
-1859.0	64	0.0
-1858.0	69	0.0
-1857.0	52	0.0
-1856.0	71	0.0
-1855.0	49	0.0
-1854.0	57	0.0
-1853.0	70	0.0
-1852.0	57	0.0
-1851.0	71	0.0
-1850.0	53	0.0
-1849.0	51	0.0
-1848.0	70	0.0
-1847.0	51	0.0
-1846.0	68	0.0
-1845.0	63	0.0
-1844.0	51	0.0
-1843.0	40	0.0
-1842.0	57	0.0
-1841.0	72	0.0
-1840.0	44	0.0
-1839.0	47	0.0
-1838.0	58	0.0
-1837.0	66	0.0
-1836.0	60	0.0
-1835.0	59	0.0
-1834.0	42	0.0
-1833.0	61	0.0
-1832.0	57	0.0
-1831.0	60	0.0
-1830.0	72	0.0
-1829.0	63	0.0
-1828.0	62	0.0
-1827.0	55	0.0
-1826.0	65	0.0
-1825.0	56	0.0
-1824.0	71	0.0
-1823.0	67	0.0
-1822.0	64	0.0
-1821.0	60	0.0
-1820.0	69	0.0
-1819.0	60	0.0
-1818.0	43	0.0
-1817.0	54	0.0
-1816.0	58	0.0
-1815.0	51	0.0
-1814.0	67	0.0
-1813.0	63	0.0
-1812.0	52	0.0
-1811.0	48	0.0
-1810.0	47	0.0
-1809.0	64	0.0
-1808.0	64	0.0
-1807.0	54	0.0
-1806.0	52	0.0
-1805.0	61	0.0
-1804.0	50	0.0
-1803.0	68	0.0
-1802.0	57	0.0
-1801.0	53	0.0
-1800.0	52	0.0
-1799.0	54	0.0
-1798.0	52	0.0
-1797.0	58	0.0
-1796.0	63	0.0
-1795.0	58	0.0
-1794.0	61	0.0
-1793.0	71	0.0
-1792.0	67	0.0
-1791.0	62	0.0
-1790.0	72	0.0
-1789.0	56	0.0
-1788.0	44	0.0
-1787.0	55	0.0
-1786.0	59	0.0
-1785.0	70	0.0
-1784.0	70	0.0
-1783.0	63	0.0
-1782.0	59	0.0
-1781.0	63	0.0
-1780.0	70	0.0
-1779.0	55	0.0
-1778.0	62	0.0
-1777.0	66	0.0
-1776.0	60	0.0
-1775.0	56	0.0
-1774.0	65	0.0
-1773.0	63	0.0
-1772.0	63	0.0
-1771.0	49	0.0
-1770.0	62	0.0
-1769.0	74	0.0
-1768.0	73	0.0
-1767.0	61	0.0
-1766.0	57	0.0
-1765.0	65	0.0
-1764.0	68	0.0
-1763.0	52	0.0
-1762.0	64	0.0
-1761.0	64	0.0
-1760.0	56	0.0
-1759.0	58	0.0
-1758.0	76	0.0
-1757.0	72	0.0
-1756.0	56	0.0
-1755.0	70	0.0
-1754.0	60	0.0
-1753.0	65	0.0
-1752.0	64	0.0
-1751.0	67	0.0
-1750.0	48	0.0
-1749.0	47	0.0
-1748.0	59	0.0
-1747.0	54	0.0
-1746.0	50	0.0
-1745.0	65	0.0
-1744.0	50	0.0
-1743.0	57	0.0
-1742.0	63	0.0
-1741.0	57	0.0
-1740.0	55	0.0
-1739.0	55	0.0
-1738.0	59	0.0
-1737.0	66	0.0
-1736.0	62	0.0
-1735.0	74	0.0
-1734.0	63	0.0
-1733.0	47	0.0
-1732.0	66	0.0
-1731.0	56	0.0
-1730.0	51	0.0
-1729.0	58	0.0
-1728.0	45	0.0
-1727.0	47	0.0
-1726.0	52	0.0
-1725.0	53	0.0
-1724.0	49	0.0
-1723.0	61	0.0
-1722.0	64	0.0
-1721.0	66	0.0
-1720.0	62	0.0
-1719.0	60	0.0
-1718.0	63	0.0
-1717.0	66	0.0
-1716.0	65	0.0
-1715.0	47	0.0
-1714.0	67	0.0
-1713.0	53	0.0
-1712.0	52	0.0
-1711.0	51	0.0
-1710.0	54	0.0
-1709.0	61	0.0
-1708.0	55	0.0
-1707.0	61	0.0
-1706.0	53	0.0
-1705.0	74	0.0
-1704.0	60	0.0
-1703.0	77	0.0
-1702.0	65	0.0
-1701.0	54	0.0
-1700.0	56	0.0
-1699.0	49	0.0
-1698.0	63	0.0
-1697.0	62	0.0
-1696.0	56	0.0
-1695.0	55	0.0
-1694.0	47	0.0
-1693.0	59	0.0
-1692.0	61	0.0
-1691.0	64	0.0
-1690.0	63	0.0
-1689.0	60	0.0
-1688.0	67	0.0
-1687.0	41	0.0
-1686.0	57	0.0
-1685.0	60	0.0
-1684.0	64	0.0
-1683.0	70	0.0
-1682.0	64	0.0
-1681.0	68	0.0
-1680.0	64	0.0
-1679.0	50	0.0
-1678.0	66	0.0
-1677.0	58	0.0
-1676.0	59	0.0
-1675.0	64	0.0
-1674.0	47	0.0
-1673.0	70	0.0
-1672.0	56	0.0
-1671.0	56	0.0
-1670.0	72	0.0
-1669.0	55	0.0
-1668.0	70	0.0
-1667.0	69	0.0
-1666.0	57	0.0
-1665.0	61	0.0
-1664.0	60	0.0
-1663.0	66	0.0
-1662.0	82	0.0
-1661.0	63	0.0
-1660.0	59	0.0
-1659.0	70	0.0
-1658.0	69	0.0
-1657.0	63	0.0
-1656.0	73	0.0
-1655.0	57	0.0
-1654.0	72	0.0
-1653.0	58	0.0
-1652.0	43	0.0
-1651.0	71	0.0
-1650.0	55	0.0
-1649.0	53	0.0
-1648.0	59	0.0
-1647.0	56	0.0
-1646.0	70	0.0
-1645.0	66	0.0
-1644.0	64	0.0
-1643.0	62	0.0
-1642.0	64	0.0
-1641.0	60	0.0
-1640.0	54	0.0
-1639.0	64	0.0
-1638.0	63	0.0
-1637.0	59	0.0
-1636.0	49	0.0
-1635.0	60	0.0
-1634.0	56	0.0
-1633.0	54	0.0
-1632.0	54	0.0
-1631.0	62	0.0
-1630.0	54	0.0
-1629.0	68	0.0
-1628.0	58	0.0
-1627.0	63	0.0
-1626.0	62	0.0
-1625.0	66	0.0
-1624.0	68	0.0
-1623.0	53	0.0
-1622.0	64	0.0
-1621.0	55	0.0
-1620.0	49	0.0
-1619.0	73	0.0
-1618.0	66	0.0
-1617.0	52	0.0
-1616.0	54	0.0
-1615.0	54	0.0
-1614.0	52	0.0
-1613.0	63	0.0
-1612.0	67	0.0
-1611.0	59	0.0
-1610.0	60	0.0
-1609.0	58	0.0
-1608.0	52	0.0
-1607.0	39	0.0
-1606.0	70	0.0
-1605.0	62	0.0
-1604.0	67	0.0
-1603.0	59	0.0
-1602.0	68	0.0
-1601.0	54	0.0
-1600.0	59	0.0
-1599.0	66	0.0
-1598.0	54	0.0
-1597.0	66	0.0
-1596.0	60	0.0
-1595.0	72	0.0
-1594.0	60	0.0
-1593.0	65	0.0
-1592.0	76	0.0
-1591.0	52	0.0
-1590.0	72	0.0
-1589.0	67	0.0
-1588.0	46	0.0
-1587.0	69	0.0
-1586.0	57	0.0
-1585.0	61	0.0
-1584.0	69	0.0
-1583.0	51	0.0
-1582.0	58	0.0
-1581.0	60	0.0
-1580.0	58	0.0
-1579.0	66	0.0
-1578.0	62	0.0
-1577.0	63	0.0
-1576.0	45	0.0
-1575.0	65	0.0
-1574.0	60	0.0
-1573.0	66	0.0
-1572.0	54	0.0
-1571.0	60	0.0
-1570.0	64	0.0
-1569.0	58	0.0
-1568.0	48	0.0
-1567.0	52	0.0
-1566.0	48	0.0
-1565.0	68	0.0
-1564.0	63	0.0
-1563.0	48	0.0
-1562.0	62	0.0
-1561.0	57	0.0
-1560.0	62	0.0
-1559.0	57	0.0
-1558.0	68	0.0
-1557.0	59	0.0
-1556.0	61	0.0
-1555.0	59	0.0
-1554.0	48	0.0
-1553.0	54	0.0
-1552.0	57	0.0
-1551.0	76	0.0
-1550.0	82	0.0
-1549.0	58	0.0
-1548.0	62	0.0
-1547.0	64	0.0
-1546.0	61	0.0
-1545.0	66	0.0
-1544.0	62	0.0
-1543.0	59	0.0
-1542.0	51	0.0
-1541.0	48	0.0
-1540.0	48	0.0
-1539.0	63	0.0
-1538.0	59	0.0
-1537.0	58	0.0
-1536.0	60	0.0
-1535.0	77	0.0
-1534.0	53	0.0
-1533.0	56	0.0
-1532.0	62	0.0
-1531.0	59	0.0
-1530.0	76	0.0
-1529.0	67	0.0
-1528.0	59	0.0
-1527.0	66	0.0
-1526.0	58	0.0
-1525.0	49	0.0
-1524.0	45	0.0
-1523.0	61	0.0
-1522.0	72	0.0
-1521.0	57	0.0
-1520.0	45	0.0
-1519.0	61	0.0
-1518.0	59	0.0
-1517.0	62	0.0
-1516.0	63	0.0
-1515.0	63	0.0
-1514.0	54	0.0
-1513.0	51	0.0
-1512.0	64	0.0
-1511.0	61	0.0
-1510.0	57	0.0
-1509.0	64	0.0
-1508.0	77	0.0
-1507.0	60	0.0
-1506.0	68	0.0
-1505.0	58	0.0
-1504.0	63	0.0
-1503.0	64	0.0
-1502.0	55	0.0
-1501.0	60	0.0
-1500.0	63	0.0
-1499.0	70	0.0
-1498.0	57	0.0
-1497.0	64	0.0
-1496.0	56	0.0
-1495.0	59	0.0
-1494.0	52	0.0
-1493.0	50	0.0
-1492.0	58	0.0
-1491.0	65	0.0
-1490.0	73	0.0
-1489.0	76	0.0
-1488.0	58	0.0
-1487.0	73	0.0
-1486.0	52	0.0
-1485.0	69	0.0
-1484.0	62	0.0
-1483.0	69	0.0
-1482.0	68	0.0
-1481.0	61	0.0
-1480.0	59	0.0
-1479.0	66	0.0
-1478.0	56	0.0
-1477.0	67	0.0
-1476.0	68	0.0
-1475.0	56	0.0
-1474.0	65	0.0
-1473.0	59	0.0
-1472.0	46	0.0
-1471.0	50	0.0
-1470.0	65	0.0
-1469.0	70	0.0
-1468.0	69	0.0
-1467.0	45	0.0
-1466.0	55	0.0
-1465.0	57	0.0
-1464.0	65	0.0
-1463.0	42	0.0
-1462.0	86	0.0
-1461.0	67	0.0
-1460.0	67	0.0
-1459.0	56	0.0
-1458.0	66	0.0
-1457.0	66	0.0
-1456.0	56	0.0
-1455.0	72	0.0
-1454.0	84	0.0
-1453.0	55	0.0
-1452.0	58	0.0
-1451.0	57	0.0
-1450.0	68	0.0
-1449.0	55	0.0
-1448.0	57	0.0
-1447.0	74	0.0
-1446.0	77	0.0
-1445.0	61	0.0
-1444.0	62	0.0
-1443.0	52	0.0
-1442.0	71	0.0
-1441.0	45	0.0
-1440.0	72	0.0
-1439.0	63	0.0
-1438.0	63	0.0
-1437.0	66	0.0
-1436.0	66	0.0
-1435.0	61	0.0
-1434.0	67	0.0
-1433.0	65	0.0
-1432.0	59	0.0
-1431.0	58	0.0
-1430.0	51	0.0
-1429.0	65	0.0
-1428.0	63	0.0
-1427.0	65	0.0
-1426.0	57	0.0
-1425.0	62	0.0
-1424.0	57	0.0
-1423.0	57	0.0
-1422.0	50	0.0
-1421.0	65	0.0
-1420.0	62	0.0
-1419.0	55	0.0
-1418.0	63	0.0
-1417.0	51	0.0
-1416.0	60	0.0
-1415.0	66	0.0
-1414.0	63	0.0
-1413.0	57	0.0
-1412.0	64	0.0
-1411.0	58	0.0
-1410.0	60	0.0
-1409.0	57	0.0
-1408.0	80	0.0
-1407.0	59	0.0
-1406.0	64	0.0
-1405.0	55	0.0
-1404.0	65	0.0
-1403.0	69	0.0
-1402.0	52	0.0
-1401.0	54	0.0
-1400.0	45	0.0
-1399.0	81	0.0
-1398.0	63	0.0
-1397.0	53	0.0
-1396.0	61	0.0
-1395.0	73	0.0
-1394.0	42	0.0
-1393.0	50	0.0
-1392.0	49	0.0
-1391.0	66	0.0
-1390.0	64	0.0
-1389.0	69	0.0
-1388.0	62	0.0
-1387.0	48	0.0
-1386.0	63	0.0
-1385.0	68	0.0
-1384.0	46	0.0
-1383.0	59	0.0
-1382.0	66	0.0
-1381.0	51	0.0
-1380.0	64	0.0
-1379.0	66	0.0
-1378.0	74	0.0
-1377.0	60	0.0
-1376.0	62	0.0
-1375.0	61	0.0
-1374.0	63	0.0
-1373.0	61	0.0
-1372.0	65	0.0
-1371.0	54	0.0
-1370.0	70	0.0
-1369.0	61	0.0
-1368.0	70	0.0
-1367.0	54	0.0
-1366.0	57	0.0
-1365.0	60	0.0
-1364.0	59	0.0
-1363.0	65	0.0
-1362.0	58	0.0
-1361.0	75	0.0
-1360.0	55	0.0
-1359.0	68	0.0
-1358.0	54	0.0
-1357.0	58	0.0
-1356.0	53	0.0
-1355.0	71	0.0
-1354.0	58	0.0
-1353.0	55	0.0
-1352.0	62	0.0
-1351.0	65	0.0
-1350.0	70	0.0
-1349.0	64	0.0
-1348.0	61	0.0
-1347.0	64	0.0
-1346.0	57	0.0
-1345.0	62	0.0
-1344.0	56	0.0
-1343.0	56	0.0
-1342.0	60	0.0
-1341.0	69	0.0
-1340.0	54	0.0
-1339.0	74	0.0
-1338.0	72	0.0
-1337.0	64	0.0
-1336.0	64	0.0
-1335.0	58	0.0
-1334.0	70	0.0
-1333.0	61	0.0
-1332.0	55	0.0
-1331.0	44	0.0
-1330.0	60	0.0
-1329.0	43	0.0
-1328.0	64	0.0
-1327.0	64	0.0
-1326.0	57	0.0
-1325.0	64	0.0
-1324.0	57	0.0
-1323.0	56	0.0
-1322.0	58	0.0
-1321.0	66	0.0
-1320.0	57	0.0
-1319.0	59	0.0
-1318.0	64	0.0
-1317.0	58	0.0
-1316.0	57	0.0
-1315.0	52	0.0
-1314.0	64	0.0
-1313.0	66	0.0
-1312.0	63	0.0
-1311.0	67	0.0
-1310.0	69	0.0
-1309.0	59	0.0
-1308.0	65	0.0
-1307.0	62	0.0
-1306.0	53	0.0
-1305.0	55	0.0
-1304.0	69	0.0
-1303.0	47	0.0
-1302.0	72	0.0
-1301.0	64	0.0
-1300.0	59	0.0
-1299.0	52	0.0
-1298.0	58	0.0
-1297.0	64	0.0
-1296.0	51	0.0
-1295.0	68	0.0
-1294.0	63	0.0
-1293.0	49	0.0
-1292.0	62	0.0
-1291.0	64	0.0
-1290.0	56	0.0
-1289.0	62	0.0
-1288.0	67	0.0
-1287.0	51	0.0
-1286.0	56	0.0
-1285.0	45	0.0
-1284.0	51	0.0
-1283.0	68	0.0
-1282.0	73	0.0
-1281.0	69	0.0
-1280.0	56	0.0
-1279.0	71	0.0
-1278.0	59	0.0
-1277.0	56	0.0
-1276.0	56	0.0
-1275.0	53	0.0
-1274.0	58	0.0
-1273.0	65	0.0
-1272.0	49	0.0
-1271.0	62	0.0
-1270.0	77	0.0
-1269.0	68	0.0
-1268.0	45	0.0
-1267.0	52	0.0
-1266.0	78	0.0
-1265.0	67	0.0
-1264.0	59	0.0
-1263.0	56	0.0
-1262.0	62	0.0
-1261.0	46	0.0
-1260.0	49	0.0
-1259.0	56	0.0
-1258.0	69	0.0
-1257.0	68	0.0
-1256.0	68	0.0
-1255.0	63	0.0
-1254.0	57	0.0
-1253.0	64	0.0
-1252.0	65	0.0
-1251.0	61	0.0
-1250.0	50	0.0
-1249.0	53	0.0
-1248.0	59	0.0
-1247.0	61	0.0
-1246.0	76	0.0
-1245.0	58	0.0
-1244.0	70	0.0
-1243.0	59	0.0
-1242.0	67	0.0
-1241.0	51	0.0
-1240.0	57	0.0
-1239.0	67	0.0
-1238.0	61	0.0
-1237.0	57	0.0
-1236.0	69	0.0
-1235.0	64	0.0
-1234.0	67	0.0
-1233.0	74	0.0
-1232.0	61	0.0
-1231.0	80	0.0
-1230.0	57	0.0
-1229.0	57	0.0
-1228.0	59	0.0
-1227.0	61	0.0
-1226.0	62	0.0
-1225.0	57	0.0
-1224.0	68	0.0
-1223.0	55	0.0
-1222.0	60	0.0
-1221.0	59	0.0
-1220.0	63	0.0
-1219.0	79	0.0
-1218.0	58	0.0
-1217.0	45	0.0
-1216.0	60	0.0
-1215.0	76	0.0
-1214.0	70	0.0
-1213.0	65	0.0
-1212.0	62	0.0
-1211.0	81	0.0
-1210.0	63	0.0
-1209.0	67	0.0
-1208.0	64	0.0
-1207.0	62	0.0
-1206.0	49	0.0
-1205.0	62	0.0
-1204.0	68	0.0
-1203.0	54	0.0
-1202.0	50	0.0
-1201.0	65	0.0
-1200.0	59	0.0
-1199.0	64	0.0
-1198.0	51	0.0
-1197.0	51	0.0
-1196.0	54	0.0
-1195.0	59	0.0
-1194.0	54	0.0
-1193.0	70	0.0
-1192.0	56	0.0
-1191.0	53	0.0
-1190.0	65	0.0
-1189.0	57	0.0
-1188.0	51	0.0
-1187.0	65	0.0
-1186.0	67	0.0
-1185.0	54	0.0
-1184.0	72	0.0
-1183.0	51	0.0
-1182.0	62	0.0
-1181.0	60	0.0
-1180.0	62	0.0
-1179.0	72	0.0
-1178.0	63	0.0
-1177.0	74	0.0
-1176.0	61	0.0
-1175.0	76	0.0
-1174.0	57	0.0
-1173.0	62	0.0
-1172.0	64	0.0
-1171.0	64	0.0
-1170.0	52	0.0
-1169.0	62	0.0
-1168.0	55	0.0
-1167.0	70	0.0
-1166.0	66	0.0
-1165.0	62	0.0
-1164.0	59	0.0
-1163.0	63	0.0
-1162.0	60	0.0
-1161.0	64	0.0
-1160.0	53	0.0
-1159.0	57	0.0
-1158.0	56	0.0
-1157.0	59	0.0
-1156.0	60	0.0
-1155.0	68	0.0
-1154.0	57	0.0
-1153.0	60	0.0
-1152.0	47	0.0
-1151.0	56	0.0
-1150.0	47	0.0
-1149.0	71	0.0
-1148.0	67	0.0
-1147.0	55	0.0
-1146.0	58	0.0
-1145.0	57	0.0
-1144.0	67	0.0
-1143.0	63	0.0
-1142.0	69	0.0
-1141.0	71	0.0
-1140.0	60	0.0
-1139.0	44	0.0
-1138.0	66	0.0
-1137.0	58	0.0
-1136.0	66	0.0
-1135.0	62	0.0
-1134.0	53	0.0
-1133.0	67	0.0
-1132.0	68	0.0
-1131.0	64	0.0
-1130.0	55	0.0
-1129.0	68	0.0
-1128.0	59	0.0
-1127.0	52	0.0
-1126.0	73	0.0
-1125.0	62	0.0
-1124.0	61	0.0
-1123.0	71	0.0
-1122.0	68	0.0
-1121.0	50	0.0
-1120.0	73	0.0
-1119.0	69	0.0
-1118.0	72	0.0
-1117.0	58	0.0
-1116.0	61	0.0
-1115.0	68	0.0
-1114.0	51	0.0
-1113.0	49	0.0
-1112.0	55	0.0
-1111.0	59	0.0
-1110.0	65	0.0
-1109.0	65	0.0
-1108.0	60	0.0
-1107.0	80	0.0
-1106.0	71	0.0
-1105.0	52	0.0
-1104.0	63	0.0
-1103.0	67	0.0
-1102.0	68	0.0
-1101.0	62	0.0
-1100.0	55	0.0
-1099.0	56	0.0
-1098.0	54	0.0
-1097.0	68	0.0
-1096.0	58	0.0
-1095.0	50	0.0
-1094.0	51	0.0
-1093.0	62	0.0
-1092.0	57	0.0
-1091.0	71	0.0
-1090.0	58	0.0
-1089.0	80	0.0
-1088.0	76	0.0
-1087.0	55	0.0
-1086.0	56	0.0
-1085.0	67	0.0
-1084.0	66	0.0
-1083.0	66	0.0
-1082.0	63	0.0
-1081.0	59	0.0
-1080.0	61	0.0
-1079.0	63	0.0
-1078.0	73	0.0
-1077.0	59	0.0
-1076.0	75	0.0
-1075.0	44	0.0
-1074.0	74	0.0
-1073.0	54	0.0
-1072.0	67	0.0
-1071.0	69	0.0
-1070.0	46	0.0
-1069.0	75	0.0
-1068.0	67	0.0
-1067.0	50	0.0
-1066.0	45	0.0
-1065.0	65	0.0
-1064.0	65	0.0
-1063.0	61	0.0
-1062.0	47	0.0
-1061.0	55	0.0
-1060.0	63	0.0
-1059.0	72	0.0
-1058.0	65	0.0
-1057.0	54	0.0
-1056.0	61	0.0
-1055.0	54	0.0
-1054.0	54	0.0
-1053.0	54	0.0
-1052.0	63	0.0
-1051.0	58	0.0
-1050.0	59	0.0
-1049.0	64	0.0
-1048.0	54	0.0
-1047.0	64	0.0
-1046.0	58	0.0
-1045.0	68	0.0
-1044.0	67	0.0
-1043.0	52	0.0
-1042.0	61	0.0
-1041.0	61	0.0
-1040.0	61	0.0
-1039.0	68	0.0
-1038.0	61	0.0
-1037.0	50	0.0
-1036.0	49	0.0
-1035.0	61	0.0
-1034.0	62	0.0
-1033.0	59	0.0
-1032.0	60	0.0
-1031.0	49	0.0
-1030.0	52	0.0
-1029.0	51	0.0
-1028.0	79	0.0
-1027.0	64	0.0
-1026.0	47	0.0
-1025.0	58	0.0
-1024.0	60	0.0
-1023.0	66	0.0
-1022.0	57	0.0
-1021.0	54	0.0
-1020.0	63	0.0
-1019.0	53	0.0
-1018.0	51	0.0
-1017.0	55	0.0
-1016.0	59	0.0
-1015.0	60	0.0
-1014.0	67	0.0
-1013.0	76	0.0
-1012.0	50	0.0
-1011.0	48	0.0
-1010.0	60	0.0
-1009.0	46	0.0
-1008.0	59	0.0
-1007.0	56	0.0
-1006.0	63	0.0
-1005.0	61	0.0
-1004.0	65	0.0
-1003.0	53	0.0
-1002.0	74	0.0
-1001.0	66	0.0
-1000.0	51	0.0
-999.0	64	0.0
-998.0	60	0.0
-997.0	54	0.0
-996.0	56	0.0
-995.0	66	0.0
-994.0	67	0.0
-993.0	65	0.0
-992.0	51	0.0
-991.0	69	0.0
-990.0	66	0.0
-989.0	68	0.0
-988.0	62	0.0
-987.0	57	0.0
-986.0	61	0.0
-985.0	72	0.0
-984.0	65	0.0
-983.0	60	0.0
-982.0	49	0.0
-981.0	52	0.0
-980.0	52	0.0
-979.0	54	0.0
-978.0	59	0.0
-977.0	56	0.0
-976.0	67	0.0
-975.0	48	0.0
-974.0	65	0.0
-973.0	55	0.0
-972.0	54	0.0
-971.0	50	0.0
-970.0	57	0.0
-969.0	57	0.0
-968.0	61	0.0
-967.0	66	0.0
-966.0	61	0.0
-965.0	49	0.0
-964.0	50	0.0
-963.0	60	0.0
-962.0	64	0.0
-961.0	67	0.0
-960.0	66	0.0
-959.0	50	0.0
-958.0	52	0.0
-957.0	69	0.0
-956.0	53	0.0
-955.0	62	0.0
-954.0	56	0.0
-953.0	50	0.0
-952.0	55	0.0
-951.0	60	0.0
-950.0	55	0.0
-949.0	57	0.0
-948.0	63	0.0
-947.0	66	0.0
-946.0	61	0.0
-945.0	66	0.0
-944.0	59	0.0
-943.0	56	0.0
-942.0	68	0.0
-941.0	63	0.0
-940.0	58	0.0
-939.0	48	0.0
-938.0	44	0.0
-937.0	62	0.0
-936.0	61	0.0
-935.0	59	0.0
-934.0	65	0.0
-933.0	61	0.0
-932.0	63	0.0
-931.0	58	0.0
-930.0	54	0.0
-929.0	59	0.0
-928.0	63	0.0
-927.0	61	0.0
-926.0	60	0.0
-925.0	64	0.0
-924.0	74	0.0
-923.0	72	0.0
-922.0	59	0.0
-921.0	60	0.0
-920.0	59	0.0
-919.0	82	0.0
-918.0	61	0.0
-917.0	62	0.0
-916.0	66	0.0
-915.0	56	0.0
-914.0	53	0.0
-913.0	72	0.0
-912.0	69	0.0
-911.0	62	0.0
-910.0	72	0.0
-909.0	67	0.0
-908.0	57	0.0
-907.0	63	0.0
-906.0	58	0.0
-905.0	64	0.0
-904.0	71	0.0
-903.0	45	0.0
-902.0	53	0.0
-901.0	56	0.0
-900.0	52	0.0
-899.0	59	0.0
-898.0	65	0.0
-897.0	59	0.0
-896.0	57	0.0
-895.0	64	0.0
-894.0	67	0.0
-893.0	68	0.0
-892.0	78	0.0
-891.0	58	0.0
-890.0	65	0.0
-889.0	69	0.0
-888.0	46	0.0
-887.0	71	0.0
-886.0	65	0.0
-885.0	60	0.0
-884.0	67	0.0
-883.0	60	0.0
-882.0	66	0.0
-881.0	50	0.0
-880.0	51	0.0
-879.0	60	0.0
-878.0	58	0.0
-877.0	52	0.0
-876.0	58	0.0
-875.0	59	0.0
-874.0	43	0.0
-873.0	56	0.0
-872.0	62	0.0
-871.0	54	0.0
-870.0	67	0.0
-869.0	75	0.0
-868.0	61	0.0
-867.0	57	0.0
-866.0	66	0.0
-865.0	49	0.0
-864.0	60	0.0
-863.0	67	0.0
-862.0	63	0.0
-861.0	66	0.0
-860.0	51	0.0
-859.0	65	0.0
-858.0	57	0.0
-857.0	46	0.0
-856.0	58	0.0
-855.0	56	0.0
-854.0	66	0.0
-853.0	52	0.0
-852.0	65	0.0
-851.0	57	0.0
-850.0	68	0.0
-849.0	53	0.0
-848.0	64	0.0
-847.0	62	0.0
-846.0	56	0.0
-845.0	74	0.0
-844.0	55	0.0
-843.0	67	0.0
-842.0	81	0.0
-841.0	55	0.0
-840.0	63	0.0
-839.0	56	0.0
-838.0	63	0.0
-837.0	57	0.0
-836.0	58	0.0
-835.0	55	0.0
-834.0	59	0.0
-833.0	55	0.0
-832.0	79	0.0
-831.0	63	0.0
-830.0	57	0.0
-829.0	55	0.0
-828.0	68	0.0
-827.0	65	0.0
-826.0	52	0.0
-825.0	68	0.0
-824.0	81	0.0
-823.0	60	0.0
-822.0	58	0.0
-821.0	56	0.0
-820.0	59	0.0
-819.0	56	0.0
-818.0	55	0.0
-817.0	63	0.0
-816.0	72	0.0
-815.0	55	0.0
-814.0	61	0.0
-813.0	72	0.0
-812.0	59	0.0
-811.0	57	0.0
-810.0	56	0.0
-809.0	64	0.0
-808.0	63	0.0
-807.0	43	0.0
-806.0	53	0.0
-805.0	55	0.0
-804.0	59	0.0
-803.0	59	0.0
-802.0	44	0.0
-801.0	57	0.0
-800.0	55	0.0
-799.0	67	0.0
-798.0	61	0.0
-797.0	55	0.0
-796.0	48	0.0
-795.0	65	0.0
-794.0	53	0.0
-793.0	50	0.0
-792.0	62	0.0
-791.0	47	0.0
-790.0	60	0.0
-789.0	61	0.0
-788.0	57	0.0
-787.0	55	0.0
-786.0	65	0.0
-785.0	54	0.0
-784.0	65	0.0
-783.0	64	0.0
-782.0	58	0.0
-781.0	65	0.0
-780.0	70	0.0
-779.0	62	0.0
-778.0	62	0.0
-777.0	64	0.0
-776.0	68	0.0
-775.0	64	0.0
-774.0	60	0.0
-773.0	57	0.0
-772.0	64	0.0
-771.0	51	0.0
-770.0	67	0.0
-769.0	48	0.0
-768.0	55	0.0
-767.0	60	0.0
-766.0	48	0.0
-765.0	58	0.0
-764.0	42	0.0
-763.0	55	0.0
-762.0	57	0.0
-761.0	59	0.0
-760.0	56	0.0
-759.0	49	0.0
-758.0	67	0.0
-757.0	62	0.0
-756.0	68	0.0
-755.0	53	0.0
-754.0	69	0.0
-753.0	62	0.0
-752.0	68	0.0
-751.0	78	0.0
-750.0	63	0.0
-749.0	67	0.0
-748.0	67	0.0
-747.0	52	0.0
-746.0	64	0.0
-745.0	53	0.0
-744.0	67	0.0
-743.0	50	0.0
-742.0	56	0.0
-741.0	53	0.0
-740.0	84	0.0
-739.0	57	0.0
-738.0	62	0.0
-737.0	66	0.0
-736.0	60	0.0
-735.0	71	0.0
-734.0	47	0.0
-733.0	59	0.0
-732.0	52	0.0
-731.0	55	0.0
-730.0	59	0.0
-729.0	63	0.0
-728.0	69	0.0
-727.0	57	0.0
-726.0	59	0.0
-725.0	47	0.0
-724.0	58	0.0
-723.0	63	0.0
-722.0	56	0.0
-721.0	56	0.0
-720.0	53	0.0
-719.0	61	0.0
-718.0	54	0.0
-717.0	70	0.0
-716.0	56	0.0
-715.0	58	0.0
-714.0	63	0.0
-713.0	54	0.0
-712.0	63	0.0
-711.0	59	0.0
-710.0	73	0.0
-709.0	58	0.0
-708.0	58	0.0
-707.0	57	0.0
-706.0	66	0.0
-705.0	58	0.0
-704.0	58	0.0
-703.0	60	0.0
-702.0	60	0.0
-701.0	57	0.0
-700.0	59	0.0
-699.0	64	0.0
-698.0	61	0.0
-697.0	40	0.0
-696.0	69	0.0
-695.0	67	0.0
-694.0	64	0.0
-693.0	63	0.0
-692.0	59	0.0
-691.0	51	0.0
-690.0	70	0.0
-689.0	54	0.0
-688.0	60	0.0
-687.0	64	0.0
-686.0	49	0.0
-685.0	65	0.0
-684.0	56	0.0
-683.0	62	0.0
-682.0	59	0.0
-681.0	64	0.0
-680.0	56	0.0
-679.0	65	0.0
-678.0	62	0.0
-677.0	45	0.0
-676.0	70	0.0
-675.0	66	0.0
-674.0	62	0.0
-673.0	71	0.0
-672.0	71	0.0
-671.0	63	0.0
-670.0	74	0.0
-669.0	71	0.0
-668.0	71	0.0
-667.0	67	0.0
-666.0	47	0.0
-665.0	59	0.0
-664.0	64	0.0
-663.0	65	0.0
-662.0	66	0.0
-661.0	58	0.0
-660.0	57	0.0
-659.0	60	0.0
-658.0	59	0.0
-657.0	72	0.0
-656.0	46	0.0
-655.0	65	0.0
-654.0	47	0.0
-653.0	57	0.0
-652.0	74	0.0
-651.0	50	0.0
-650.0	60	0.0
-649.0	64	0.0
-648.0	60	0.0
-647.0	67	0.0
-646.0	49	0.0
-645.0	71	0.0
-644.0	47	0.0
-643.0	64	0.0
-642.0	49	0.0
-641.0	67	0.0
-640.0	66	0.0
-639.0	57	0.0
-638.0	52	0.0
-637.0	52	0.0
-636.0	55	0.0
-635.0	72	0.0
-634.0	59	0.0
-633.0	68	0.0
-632.0	63	0.0
-631.0	62	0.0
-630.0	68	0.0
-629.0	68	0.0
-628.0	68	0.0
-627.0	65	0.0
-626.0	61	0.0
-625.0	58	0.0
-624.0	48	0.0
-623.0	56	0.0
-622.0	52	0.0
-621.0	64	0.0
-620.0	56	0.0
-619.0	58	0.0
-618.0	53	0.0
-617.0	52	0.0
-616.0	57	0.0
-615.0	59	0.0
-614.0	64	0.0
-613.0	71	0.0
-612.0	58	0.0
-611.0	62	0.0
-610.0	58	0.0
-609.0	65	0.0
-608.0	60	0.0
-607.0	59	0.0
-606.0	44	0.0
-605.0	74	0.0
-604.0	48	0.0
-603.0	60	0.0
-602.0	65	0.0
-601.0	70	0.0
-600.0	66	0.0
-599.0	51	0.0
-598.0	61	0.0
-597.0	64	0.0
-596.0	66	0.0
-595.0	63	0.0
-594.0	65	0.0
-593.0	63	0.0
-592.0	60	0.0
-591.0	65	0.0
-590.0	59	0.0
-589.0	53	0.0
-588.0	60	0.0
-587.0	52	0.0
-586.0	68	0.0
-585.0	62	0.0
-584.0	61	0.0
-583.0	51	0.0
-582.0	54	0.0
-581.0	53	0.0
-580.0	58	0.0
-579.0	63	0.0
-578.0	72	0.0
-577.0	62	0.0
-576.0	74	0.0
-575.0	71	0.0
-574.0	59	0.0
-573.0	76	0.0
-572.0	64	0.0
-571.0	72	0.0
-570.0	65	0.0
-569.0	64	0.0
-568.0	50	0.0
-567.0	48	0.0
-566.0	63	0.0
-565.0	64	0.0
-564.0	71	0.0
-563.0	66	0.0
-562.0	66	0.0
-561.0	64	0.0
-560.0	56	0.0
-559.0	71	0.0
-558.0	62	0.0
-557.0	66	0.0
-556.0	51	0.0
-555.0	79	0.0
-554.0	52	0.0
-553.0	64	0.0
-552.0	53	0.0
-551.0	59	0.0
-550.0	55	0.0
-549.0	64	0.0
-548.0	64	0.0
-547.0	60	0.0
-546.0	53	0.0
-545.0	63	0.0
-544.0	53	0.0
-543.0	57	0.0
-542.0	63	0.0
-541.0	50	0.0
-540.0	70	0.0
-539.0	52	0.0
-538.0	52	0.0
-537.0	65	0.0
-536.0	62	0.0
-535.0	62	0.0
-534.0	47	0.0
-533.0	67	0.0
-532.0	63	0.0
-531.0	47	0.0
-530.0	63	0.0
-529.0	61	0.0
-528.0	74	0.0
-527.0	50	0.0
-526.0	59	0.0
-525.0	61	0.0
-524.0	56	0.0
-523.0	69	0.0
-522.0	52	0.0
-521.0	54	0.0
-520.0	72	0.0
-519.0	61	0.0
-518.0	52	0.0
-517.0	65	0.0
-516.0	55	0.0
-515.0	62	0.0
-514.0	61	0.0
-513.0	59	0.0
-512.0	56	0.0
-511.0	59	0.0
-510.0	53	0.0
-509.0	62	0.0
-508.0	73	0.0
-507.0	51	0.0
-506.0	61	0.0
-505.0	64	0.0
-504.0	72	0.0
-503.0	70	0.0
-502.0	57	0.0
-501.0	54	0.0
-500.0	63	0.0
-499.0	68	0.0
-498.0	51	0.0
-497.0	57	0.0
-496.0	47	0.0
-495.0	55	0.0
-494.0	55	0.0
-493.0	68	0.0
-492.0	57	0.0
-491.0	75	0.0
-490.0	60	0.0
-489.0	67	0.0
-488.0	55	0.0
-487.0	67	0.0
-486.0	59	0.0
-485.0	54	0.0
-484.0	52	0.0
-483.0	63	0.0
-482.0	55	0.0
-481.0	52	0.0
-480.0	55	0.0
-479.0	68	0.0
-478.0	70	0.0
-477.0	60	0.0
-476.0	58	0.0
-475.0	62	0.0
-474.0	64	0.0
-473.0	55	0.0
-472.0	59	0.0
-471.0	64	0.0
-470.0	59	0.0
-469.0	58	0.0
-468.0	69	0.0
-467.0	54	0.0
-466.0	70	0.0
-465.0	62	0.0
-464.0	58	0.0
-463.0	71	0.0
-462.0	58	0.0
-461.0	54	0.0
-460.0	57	0.0
-459.0	62	0.0
-458.0	58	0.0
-457.0	82	0.0
-456.0	67	0.0
-455.0	70	0.0
-454.0	74	0.0
-453.0	64	0.0
-452.0	58	0.0
-451.0	42	0.0
-450.0	61	0.0
-449.0	63	0.0
-448.0	72	0.0
-447.0	74	0.0
-446.0	52	0.0
-445.0	47	0.0
-444.0	63	0.0
-443.0	62	0.0
-442.0	61	0.0
-441.0	64	0.0
-440.0	61	0.0
-439.0	56	0.0
-438.0	60	0.0
-437.0	64	0.0
-436.0	64	0.0
-435.0	56	0.0
-434.0	61	0.0
-433.0	62	0.0
-432.0	60	0.0
-431.0	66	0.0
-430.0	70	0.0
-429.0	56	0.0
-428.0	65	0.0
-427.0	60	0.0
-426.0	55	0.0
-425.0	62	0.0
-424.0	69	0.0
-423.0	53	0.0
-422.0	72	0.0
-421.0	68	0.0
-420.0	64	0.0
-419.0	62	0.0
-418.0	64	0.0
-417.0	55	0.0
-416.0	59	0.0
-415.0	64	0.0
-414.0	55	0.0
-413.0	58	0.0
-412.0	60	0.0
-411.0	53	0.0
-410.0	65	0.0
-409.0	55	0.0
-408.0	56	0.0
-407.0	61	0.0
-406.0	56	0.0
-405.0	62	0.0
-404.0	67	0.0
-403.0	57	0.0
-402.0	56	0.0
-401.0	65	0.0
-400.0	73	0.0
-399.0	57	0.0
-398.0	56	0.0
-397.0	68	0.0
-396.0	58	0.0
-395.0	56	0.0
-394.0	59	0.0
-393.0	54	0.0
-392.0	61	0.0
-391.0	70	0.0
-390.0	42	0.0
-389.0	58	0.0
-388.0	58	0.0
-387.0	47	0.0
-386.0	60	0.0
-385.0	62	0.0
-384.0	68	0.0
-383.0	61	0.0
-382.0	77	0.0
-381.0	53	0.0
-380.0	60	0.0
-379.0	60	0.0
-378.0	60	0.0
-377.0	66	0.0
-376.0	55	0.0
-375.0	58	0.0
-374.0	52	0.0
-373.0	57	0.0
-372.0	56	0.0
-371.0	59	0.0
-370.0	56	0.0
-369.0	53	0.0
-368.0	70	0.0
-367.0	48	0.0
-366.0	61	0.0
-365.0	74	0.0
-364.0	61	0.0
-363.0	59	0.0
-362.0	54	0.0
-361.0	51	0.0
-360.0	81	0.0
-359.0	59	0.0
-358.0	57	0.0
-357.0	57	0.0
-356.0	63	0.0
-355.0	61	0.0
-354.0	60	0.0
-353.0	53	0.0
-352.0	58	0.0
-351.0	76	0.0
-350.0	48	0.0
-349.0	76	0.0
-348.0	61	0.0
-347.0	69	0.0
-346.0	47	0.0
-345.0	75	0.0
-344.0	58	0.0
-343.0	62	0.0
-342.0	81	0.0
-341.0	60	0.0
-340.0	66	0.0
-339.0	55	0.0
-338.0	55	0.0
-337.0	59	0.0
-336.0	62	0.0
-335.0	66	0.0
-334.0	61	0.0
-333.0	71	0.0
-332.0	58	0.0
-331.0	62	0.0
-330.0	75	0.0
-329.0	64	0.0
-328.0	65	0.0
-327.0	71	0.0
-326.0	62	0.0
-325.0	71	0.0
-324.0	61	0.0
-323.0	65	0.0
-322.0	60	0.0
-321.0	57	0.0
-320.0	46	0.0
-319.0	57	0.0
-318.0	62	0.0
-317.0	68	0.0
-316.0	63	0.0
-315.0	68	0.0
-314.0	57	0.0
-313.0	70	0.0
-312.0	61	0.0
-311.0	63	0.0
-310.0	66	0.0
-309.0	66	0.0
-308.0	55	0.0
-307.0	64	0.0
-306.0	56	0.0
-305.0	67	0.0
-304.0	53	0.0
-303.0	64	0.0
-302.0	64	0.0
-301.0	61	0.0
-300.0	58	0.0
-299.0	57	0.0
-298.0	57	0.0
-297.0	75	0.0
-296.0	54	0.0
-295.0	55	0.0
-294.0	58	0.0
-293.0	68	0.0
-292.0	57	0.0
-291.0	53	0.0
-290.0	51	0.0
-289.0	61	0.0
-288.0	64	0.0
-287.0	66	0.0
-286.0	43	0.0
-285.0	66	0.0
-284.0	57	0.0
-283.0	77	0.0
-282.0	74	0.0
-281.0	66	0.0
-280.0	57	0.0
-279.0	66	0.0
-278.0	65	0.0
-277.0	71	0.0
-276.0	53	0.0
-275.0	63	0.0
-274.0	81	0.0
-273.0	71	0.0
-272.0	75	0.0
-271.0	67	0.0
-270.0	61	0.0
-269.0	58	0.0
-268.0	56	0.0
-267.0	49	0.0
-266.0	58	0.0
-265.0	51	0.0
-264.0	67	0.0
-263.0	60	0.0
-262.0	70	0.0
-261.0	60	0.0
-260.0	60	0.0
-259.0	50	0.0
-258.0	78	0.0
-257.0	57	0.0
-256.0	61	0.0
-255.0	59	0.0
-254.0	72	0.0
-253.0	59	0.0
-252.0	70	0.0
-251.0	52	0.0
-250.0	65	0.0
-249.0	49	0.0
-248.0	54	0.0
-247.0	57	0.0
-246.0	44	0.0
-245.0	53	0.0
-244.0	61	0.0
-243.0	50	0.0
-242.0	63	0.0
-241.0	83	0.0
-240.0	59	0.0
-239.0	65	0.0
-238.0	71	0.0
-237.0	48	0.0
-236.0	64	0.0
-235.0	69	0.0
-234.0	65	0.0
-233.0	64	0.0
-232.0	58	0.0
-231.0	57	0.0
-230.0	51	0.0
-229.0	58	0.0
-228.0	51	0.0
-227.0	59	0.0
-226.0	75	0.0
-225.0	66	0.0
-224.0	51	0.0
-223.0	62	0.0
-222.0	60	0.0
-221.0	55	0.0
-220.0	60	0.0
-219.0	52	0.0
-218.0	58	0.0
-217.0	64	0.0
-216.0	57	0.0
-215.0	54	0.0
-214.0	55	0.0
-213.0	67	0.0
-212.0	65	0.0
-211.0	73	0.0
-210.0	43	0.0
-209.0	51	0.0
-208.0	63	0.0
-207.0	57	0.0
-206.0	54	0.0
-205.0	71	0.0
-204.0	53	0.0
-203.0	52	0.0
-202.0	56	0.0
-201.0	64	0.0
-200.0	71	0.0
-199.0	60	0.0
-198.0	48	0.0
-197.0	56	0.0
-196.0	60	0.0
-195.0	44	0.0
-194.0	58	0.0
-193.0	57	0.0
-192.0	69	0.0
-191.0	63	0.0
-190.0	52	0.0
-189.0	52	0.0
-188.0	66	0.0
-187.0	62	0.0
-186.0	53	0.0
-185.0	70	0.0
-184.0	74	0.0
-183.0	60	0.0
-182.0	65	0.0
-181.0	59	0.0
-180.0	51	0.0
-179.0	56	0.0
-178.0	58	0.0
-177.0	45	0.0
-176.0	64	0.0
-175.0	63	0.0
-174.0	58	0.0
-173.0	64	0.0
-172.0	48	0.0
-171.0	63	0.0
-170.0	58	0.0
-169.0	50	0.0
-168.0	61	0.0
-167.0	61	0.0
-166.0	63	0.0
-165.0	54	0.0
-164.0	50	0.0
-163.0	57	0.0
-162.0	62	0.0
-161.0	54	0.0
-160.0	63	0.0
-159.0	72	0.0
-158.0	59	0.0
-157.0	45	0.0
-156.0	70	0.0
-155.0	73	0.0
-154.0	71	0.0
-153.0	62	0.0
-152.0	68	0.0
-151.0	63	0.0
-150.0	51	0.0
-149.0	56	0.0
-148.0	50	0.0
-147.0	64	0.0
-146.0	56	0.0
-145.0	80	0.0
-144.0	68	0.0
-143.0	67	0.0
-142.0	71	0.0
-141.0	50	0.0
-140.0	65	0.0
-139.0	61	0.0
-138.0	59	0.0
-137.0	59	0.0
-136.0	49	0.0
-135.0	75	0.0
-134.0	68	0.0
-133.0	66	0.0
-132.0	42	0.0
-131.0	56	0.0
-130.0	53	0.0
-129.0	68	0.0
-128.0	63	0.0
-127.0	77	0.0
-126.0	60	0.0
-125.0	70	0.0
-124.0	72	0.0
-123.0	57	0.0
-122.0	67	0.0
-121.0	51	0.0
-120.0	63	0.0
-119.0	54	0.0
-118.0	73	0.0
-117.0	50	0.0
-116.0	62	0.0
-115.0	58	0.0
-114.0	76	0.0
-113.0	80	0.0
-112.0	66	0.0
-111.0	62	0.0
-110.0	56	0.0
-109.0	58	0.0
-108.0	71	0.0
-107.0	52	0.0
-106.0	61	0.0
-105.0	61	0.0
-104.0	57	0.0
-103.0	71	0.0
-102.0	57	0.0
-101.0	64	0.0
-100.0	59	0.0
-99.0	46	0.0
-98.0	56	0.0
-97.0	68	0.0
-96.0	42	0.0
-95.0	64	0.0
-94.0	59	0.0
-93.0	62	0.0
-92.0	53	0.0
-91.0	63	0.0
-90.0	58	0.0
-89.0	48	0.0
-88.0	62	0.0
-87.0	55	0.0
-86.0	58	0.0
-85.0	63	0.0
-84.0	60	0.0
-83.0	52	0.0
-82.0	66	0.0
-81.0	60	0.0
-80.0	61	0.0
-79.0	65	0.0
-78.0	53	0.0
-77.0	59	0.0
-76.0	75	0.0
-75.0	71	0.0
-74.0	58	0.0
-73.0	65	0.0
-72.0	54	0.0
-71.0	58	0.0
-70.0	58	0.0
-69.0	66	0.0
-68.0	66	0.0
-67.0	57	0.0
-66.0	64	0.0
-65.0	65	0.0
-64.0	65	0.0
-63.0	68	0.0
-62.0	80	0.0
-61.0	62	0.0
-60.0	59	0.0
-59.0	58	0.0
-58.0	65	0.0
-57.0	54	0.0
-56.0	58	0.0
-55.0	50	0.0
-54.0	56	0.0
-53.0	62	0.0
-52.0	68	0.0
-51.0	62	0.0
-50.0	56	0.0
-49.0	60	0.0
-48.0	64	0.0
-47.0	59	0.0
-46.0	52	0.0
-45.0	73	0.0
-44.0	62	0.0
-43.0	68	0.0
-42.0	54	0.0
-41.0	59	0.0
-40.0	49	0.0
-39.0	59	0.0
-38.0	57	0.0
-37.0	51	0.0
-36.0	59	0.0
-35.0	58	0.0
-34.0	55	0.0
-33.0	46	0.0
-32.0	55	0.0
-31.0	57	0.0
-30.0	72	0.0
-29.0	65	0.0
-28.0	52	0.0
-27.0	60	0.0
-26.0	61	0.0
-25.0	59	0.0
-24.0	56	0.0
-23.0	62	0.0
-22.0	55	0.0
-21.0	60	0.0
-20.0	73	0.0
-19.0	61	0.0
-18.0	70	0.0
-17.0	57	0.0
-16.0	62	0.0
-15.0	61	0.0
-14.0	62	0.0
-13.0	53	0.0
-12.0	48	0.0
-11.0	59	0.0
-10.0	55	0.0
-9.0	66	0.0
-8.0	57	0.0
-7.0	55	0.0
-6.0	60	0.0
-5.0	55	0.0
-4.0	61	0.0
-3.0	67	0.0
-2.0	68	0.0
-1.0	51	0.0
0.0	60	0.0
1.0	53	0.0
2.0	45	0.0
3.0	73	0.0
4.0	64	0.0
5.0	51	0.0
6.0	66	0.0
7.0	73	0.0
8.0	58	0.0
9.0	55	0.0
10.0	59	0.0
11.0	57	0.0
12.0	60	0.0
13.0	58	0.0
14.0	57	0.0
15.0	52	0.0
16.0	62	0.0
17.0	45	0.0
18.0	41	0.0
19.0	61	0.0
20.0	66	0.0
21.0	66	0.0
22.0	77	0.0
23.0	61	0.0
24.0	66	0.0
25.0	63	0.0
26.0	56	0.0
27.0	52	0.0
28.0	64	0.0
29.0	56	0.0
30.0	58	0.0
31.0	67	0.0
32.0	62	0.0
33.0	61	0.0
34.0	66	0.0
35.0	54	0.0
36.0	64	0.0
37.0	64	0.0
38.0	73	0.0
39.0	58	0.0
40.0	71	0.0
41.0	62	0.0
42.0	60	0.0
43.0	72	0.0
44.0	61	0.0
45.0	73	0.0
46.0	68	0.0
47.0	56	0.0
48.0	65	0.0
49.0	75	0.0
50.0	67	0.0
51.0	66	0.0
52.0	56	0.0
53.0	63	0.0
54.0	56	0.0
55.0	53	0.0
56.0	71	0.0
57.0	55	0.0
58.0	59	0.0
59.0	72	0.0
60.0	62	0.0
61.0	66	0.0
62.0	48	0.0
63.0	50	0.0
64.0	59	0.0
65.0	68	0.0
66.0	56	0.0
67.0	73	0.0
68.0	58	0.0
69.0	47	0.0
70.0	65	0.0
71.0	65	0.0
72.0	66	0.0
73.0	45	0.0
74.0	66	0.0
75.0	50	0.0
76.0	48	0.0
77.0	69	0.0
78.0	85	0.0
79.0	57	0.0
80.0	65	0.0
81.0	79	0.0
82.0	53	0.0
83.0	60	0.0
84.0	57	0.0
85.0	64	0.0
86.0	65	0.0
87.0	62	0.0
88.0	65	0.0
89.0	67	0.0
90.0	63	0.0
91.0	75	0.0
92.0	71	0.0
93.0	65	0.0
94.0	66	0.0
95.0	60	0.0
96.0	66	0.0
97.0	59	0.0
98.0	69	0.0
99.0	66	0.0
100.0	61	0.0
101.0	59	0.0
102.0	63	0.0
103.0	76	0.0
104.0	64	0.0
105.0	62	0.0
106.0	71	0.0
107.0	59	0.0
108.0	69	0.0
109.0	58	0.0
110.0	59	0.0
111.0	56	0.0
112.0	54	0.0
113.0	70	0.0
114.0	59	0.0
115.0	47	0.0
116.0	66	0.0
117.0	66	0.0
118.0	58	0.0
119.0	74	0.0
120.0	61	0.0
121.0	64	0.0
122.0	79	0.0
123.0	59	0.0
124.0	63	0.0
125.0	71	0.0
126.0	51	0.0
127.0	56	0.0
128.0	62	0.0
129.0	67	0.0
130.0	62	0.0
131.0	73	0.0
132.0	67	0.0
133.0	67	0.0
134.0	68	0.0
135.0	64	0.0
136.0	62	0.0
137.0	61	0.0
138.0	75	0.0
139.0	69	0.0
140.0	59	0.0
141.0	60	0.0
142.0	58	0.0
143.0	46	0.0
144.0	71	0.0
145.0	64	0.0
146.0	58	0.0
147.0	64	0.0
148.0	61	0.0
149.0	55	0.0
150.0	69	0.0
151.0	72	0.0
152.0	54	0.0
153.0	58	0.0
154.0	77	0.0
155.0	65	0.0
156.0	69	0.0
157.0	58	0.0
158.0	74	0.0
159.0	53	0.0
160.0	62	0.0
161.0	60	0.0
162.0	60	0.0
163.0	48	0.0
164.0	54	0.0
165.0	62	0.0
166.0	61	0.0
167.0	72	0.0
168.0	67	0.0
169.0	72	0.0
170.0	69	0.0
171.0	62	0.0
172.0	55	0.0
173.0	76	0.0
174.0	60	0.0
175.0	71	0.0
176.0	67	0.0
177.0	62	0.0
178.0	68	0.0
179.0	62	0.0
180.0	59	0.0
181.0	62	0.0
182.0	64	0.0
183.0	68	0.0
184.0	65	0.0
185.0	61	0.0
186.0	71	0.0
187.0	69	0.0
188.0	79	0.0
189.0	81	0.0
190.0	55	0.0
191.0	70	0.0
192.0	61	0.0
193.0	60	0.0
194.0	68	0.0
195.0	59	0.0
196.0	50	0.0
197.0	65	0.0
198.0	64	0.0
199.0	53	0.0
200.0	61	0.0
201.0	60	0.0
202.0	85	0.0
203.0	61	0.0
204.0	56	0.0
205.0	66	0.0
206.0	61	0.0
207.0	83	0.0
208.0	66	0.0
209.0	54	0.0
210.0	77	0.0
211.0	58	0.0
212.0	65	0.0
213.0	72	0.0
214.0	62	0.0
215.0	87	0.0
216.0	64	0.0
217.0	62	0.0
218.0	50	0.0
219.0	67	0.0
220.0	52	0.0
221.0	65	0.0
222.0	63	0.0
223.0	60	0.0
224.0	53	0.0
225.0	56	0.0
226.0	65	0.0
227.0	64	0.0
228.0	78	0.0
229.0	70	0.0
230.0	70	0.0
231.0	52	0.0
232.0	80	0.0
233.0	58	0.0
234.0	78	0.0
235.0	61	0.0
236.0	72	0.0
237.0	79	0.0
238.0	60	0.0
239.0	87	0.0
240.0	66	0.0
241.0	65	0.0
242.0	66	0.0
243.0	65	0.0
244.0	62	0.0
245.0	71	0.0
246.0	63	0.0
247.0	58	0.0
248.0	65	0.0
249.0	74	0.0
250.0	56	0.0
251.0	64	0.0
252.0	74	0.0
253.0	58	0.0
254.0	70	0.0
255.0	70	0.0
256.0	54	0.0
257.0	79	0.0
258.0	67	0.0
259.0	70	0.0
260.0	69	0.0
261.0	60	0.0
262.0	50	0.0
263.0	68	0.0
264.0	65	0.0
265.0	68	0.0
266.0	67	0.0
267.0	48	0.0
268.0	67	0.0
269.0	53	0.0
270.0	68	0.0
271.0	68	0.0
272.0	59	0.0
273.0	57	0.0
274.0	70	0.0
275.0	45	0.0
276.0	56	0.0
277.0	64	0.0
278.0	58	0.0
279.0	54	0.0
280.0	57	0.0
281.0	62	0.0
282.0	52	0.0
283.0	71	0.0
284.0	79	0.0
285.0	62	0.0
286.0	62	0.0
287.0	63	0.0
288.0	64	0.0
289.0	79	3539.660055860947
290.0	68	5331.187707832905
291.0	64	6068.168159310873
292.0	63	6195.0985341492815
293.0	63	5991.884069149469
294.0	80	5630.712369199902
295.0	73	5214.104012122456
296.0	78	4800.188671340303
297.0	73	4419.353167926827
298.0	74	4085.0939497657273
299.0	59	3801.0015131648183
300.0	58	3565.182724583331
301.0	71	3373.001452483342
302.0	57	3218.727602975466
303.0	62	3096.4873883139553
304.0	71	3000.7742324533747
305.0	62	2926.6899472784303
306.0	49	2870.025783143476
307.0	56	2827.253103890185
308.0	66	2795.4672053741447
309.0	63	2772.3107116448227
310.0	83	2755.8919992211527
311.0	66	2744.7071549919488
312.0	75	2737.569677314275
313.0	63	2733.549551804293
314.0	60	2731.921853617277
315.0	75	2732.1242378923293
316.0	73	2733.7223123590084
317.0	49	2736.3817684644287
318.0	65	2739.84617018121
319.0	66	2743.9193946491905
320.0	58	2748.451844627461
321.0	74	2753.3296852888
322.0	69	2758.4664840001924
323.0	78	2763.796744941964
324.0	65	2769.270928302408
325.0	62	2774.8516262269636
326.0	76	2780.510635799918
327.0	67	2786.2267247534255
328.0	82	2791.9839301642114
329.0	62	2797.770265894221
330.0	83	2803.5767425770023
331.0	68	2809.396625962951
332.0	66	2815.2248766134667
333.0	58	2821.057727270379
334.0	58	2826.8923645387085
335.0	56	2832.726689461311
336.0	76	2838.559137661208
337.0	77	2844.388544389548
338.0	59	2850.214043379853
339.0	78	2856.034991117534
340.0	71	2861.8509101934974
341.0	69	2867.661446971473
342.0	60	2873.4663399789715
343.0	70	2879.2653963249854
344.0	60	2885.058474118868
345.0	51	2890.8454693736994
346.0	55	2896.6263062558796
347.0	58	2902.4009298319097
348.0	71	2908.1693006748983
349.0	57	2913.931390857487
350.0	62	2919.687180975611
351.0	57	2925.4366579396687
352.0	61	2931.179813335629
353.0	61	2936.9166422101093
354.0	56	2942.647142169535
355.0	61	2948.371312713226
356.0	54	2954.0891547392494
357.0	69	2959.8006701786144
358.0	52	2965.5058617250415
359.0	78	2971.2047326344023
360.0	64	2976.8972865771834
361.0	73	2982.5835275289583
362.0	64	2988.263459689488
363.0	57	2993.9370874232586
364.0	55	2999.604415215336
365.0	73	3005.26544763889
366.0	63	3010.9201893310697
367.0	57	3016.5686449754853
368.0	55	3022.210819289054
369.0	55	3027.8467170122767
370.0	66	3033.476342902444
371.0	70	3039.099701728118
372.0	70	3044.716798265391
373.0	66	3050.3276372950854
374.0	65	3055.932223600566
375.0	52	3061.530561966249
376.0	64	3067.122657176696
377.0	76	3072.708514015398
378.0	66	3078.2881372642796
379.0	50	3083.861531703478
380.0	81	3089.4287021107516
381.0	62	3094.9896532613902
382.0	56	3100.5443899279903
383.0	68	3106.092916880213
384.0	49	3111.635238884934
385.0	68	3117.1713607059046
386.0	60	3122.70128710397
387.0	65	3128.2250228367243
388.0	65	3133.742572658855
389.0	62	3139.253941321738
390.0	67	3144.759133573718
391.0	66	3150.258154159921
392.0	72	3155.751007822443
393.0	61	3161.2376993000676
394.0	85	3166.7182333285477
395.0	71	3172.19261464039
396.0	55	3177.660847964942
397.0	71	3183.122938028462
398.0	72	3188.578889553834
399.0	64	3194.028707261192
400.0	58	3199.4723958670493
401.0	58	3204.909960085044
402.0	62	3210.3414046256294
403.0	78	3215.7667341960114
404.0	63	3221.185953500273
405.0	58	3226.5990672394055
406.0	59	3232.006080111215
407.0	53	3237.4069968102604
408.0	53	3242.8018220281665
409.0	58	3248.190560453217
410.0	64	3253.573216770667
411.0	60	3258.949795662587
412.0	51	3264.3203018079894
413.0	55	3269.684739882546
414.0	73	3275.043114559025
415.0	59	3280.3954305069187
416.0	73	3285.7416923927217
417.0	67	3291.0819048796207
418.0	63	3296.416072627837
419.0	62	3301.7442002943158
420.0	51	3307.066292533101
421.0	62	3312.382353994896
422.0	63	3317.692389327377
423.0	71	3322.996403175101
424.0	62	3328.294400179537
425.0	63	3333.586384979001
426.0	83	3338.87236220869
427.0	61	3344.152336500712
428.0	63	3349.4263124841186
429.0	70	3354.694294784748
430.0	66	3359.9562880254116
431.0	60	3365.2122968258036
432.0	66	3370.46232580256
433.0	67	3375.706379569136
434.0	62	3380.9444627359308
435.0	76	3386.1765799102545
436.0	64	3391.4027356963634
437.0	55	3396.6229346953305
438.0	75	3401.8371815052687
439.0	57	3407.0454807210162
440.0	70	3412.247836934572
441.0	76	3417.4442547346966
442.0	69	3422.634738706996
443.0	61	3427.8192934342133
444.0	56	3432.9979234959087
445.0	82	3438.1706334684636
446.0	66	3443.337427925422
447.0	55	3448.498311437057
448.0	61	3453.653288570616
449.0	67	3458.802363890324
450.0	60	3463.945541957322
451.0	74	3469.0828273297234
452.0	70	3474.2142245625305
453.0	74	3479.3397382076905
454.0	73	3484.459372814124
455.0	53	3489.573132927641
456.0	65	3494.6810230910864
457.0	71	3499.7830478441947
458.0	73	3504.879211723642
459.0	63	3509.9695192630547
460.0	61	3515.0539749930986
461.0	62	3520.132583441292
462.0	63	3525.205349132134
463.0	50	3530.2722765871617
464.0	77	3535.333370324801
465.0	76	3540.3886348604196
466.0	79	3545.438074706403
467.0	65	3550.4816943721394
468.0	65	3555.519498363846
469.0	70	3560.551491184935
470.0	82	3565.577677335486
471.0	80	3570.5980613129327
472.0	64	3575.612647611315
473.0	65	3580.6214407218395
474.0	63	3585.6244451327857
475.0	61	3590.6216653292267
476.0	83	3595.6131057933085
477.0	66	3600.5987710041263
478.0	68	3605.57866543779
479.0	86	3610.5527935675404
480.0	67	3615.521159863292
481.0	80	3620.4837687921568
482.0	66	3625.44062481832
483.0	78	3630.391732402826
484.0	73	3635.337096003761
485.0	65	3640.276720076192
486.0	73	3645.2106090721986
487.0	87	3650.138767440907
488.0	53	3655.0611996283915
489.0	64	3659.9779100778023
490.0	79	3664.888903229209
491.0	69	3669.7941835198203
492.0	65	3674.693755383734
493.0	77	3679.5876232520886
494.0	70	3684.475791553167
495.0	59	3689.3582647121048
496.0	67	3694.2350471511472
497.0	77	3699.1061432895863
498.0	69	3703.971557543633
499.0	56	3708.831294326667
500.0	75	3713.6853580489615
501.0	85	3718.5337531179557
502.0	59	3723.3764839379833
503.0	71	3728.2135549105146
504.0	70	3733.044970434065
505.0	56	3737.870734904107
506.0	72	3742.6908527132164
507.0	70	3747.505328250959
508.0	58	3752.314165904004
509.0	60	3757.11737005607
510.0	76	3761.9149450878617
511.0	60	3766.7068953771272
512.0	57	3771.49322529882
513.0	74	3776.2739392247545
514.0	67	3781.0490415238824
515.0	64	3785.818536562238
516.0	71	3790.5824287028995
517.0	66	3795.3407223059976
518.0	60	3800.093421728707
519.0	57	3804.840531325252
520.0	60	3809.5820554470292
521.0	57	3814.3179984423887
522.0	68	3819.0483646567936
523.0	62	3823.7731584328176
524.0	72	3828.492384110019
525.0	64	3833.206046025099
526.0	82	3837.914148511871
527.0	83	3842.6166959011025
528.0	70	3847.3136925207996
529.0	87	3852.0051426958885
530.0	73	3856.6910507485354
531.0	57	3861.371420997864
532.0	58	3866.046257760197
533.0	62	3870.71556534885
534.0	53	3875.379348074311
535.0	70	3880.0376102440896
536.0	72	3884.690356162865
537.0	80	3889.337590132341
538.0	68	3893.9793164513612
539.0	76	3898.6155394159146
540.0	86	3903.24626331904
541.0	68	3907.8714924507985
542.0	63	3912.491231098579
543.0	65	3917.105483546638
544.0	78	3921.7142540764967
545.0	67	3926.3175469667626
546.0	56	3930.9153664931237
547.0	67	3935.507716928415
548.0	57	3940.0946025424882
549.0	79	3944.6760276024984
550.0	73	3949.2519963725604
551.0	80	3953.822513114026
552.0	73	3958.3875820852986
553.0	52	3962.94720754196
554.0	69	3967.5013937366125
555.0	83	3972.0501449191293
556.0	64	3976.5934653364648
557.0	68	3981.1313592326624
558.0	64	3985.6638308489387
559.0	70	3990.190884423625
560.0	62	3994.7125241922977
561.0	59	3999.2287543875173
562.0	61	4003.739579239059
563.0	65	4008.245002973874
564.0	55	4012.7450298159656
565.0	78	4017.239663986611
566.0	62	4021.7289097041403
567.0	65	4026.212771184125
568.0	66	4030.691252639158
569.0	78	4035.1643582791366
570.0	73	4039.632092310982
571.0	76	4044.094458938856
572.0	60	4048.551462364066
573.0	57	4053.0031067850737
574.0	68	4057.449396397513
575.0	65	4061.890335394202
576.0	72	4066.325927965042
577.0	65	4070.7561782972107
578.0	64	4075.1810905750017
579.0	69	4079.6006689798874
580.0	83	4084.0149176905534
581.0	84	4088.4238408827705
582.0	63	4092.827442729615
583.0	69	4097.22572740119
584.0	66	4101.618699064899
585.0	59	4106.006361885363
586.0	64	4110.388720024254
587.0	63	4114.765777640492
588.0	64	4119.137538890202
589.0	70	4123.504007926702
590.0	66	4127.8651889005105
591.0	63	4132.221085959302
592.0	66	4136.571703247902
593.0	66	4140.917044908532
594.0	69	4145.2571150803815
595.0	71	4149.591917899975
596.0	54	4153.921457500987
597.0	67	4158.245738014341
598.0	60	4162.564763568105
599.0	65	4166.878538287567
600.0	69	4171.187066295286
601.0	72	4175.490351711068
602.0	59	4179.788398651745
603.0	78	4184.081211231492
604.0	83	4188.3687935618145
605.0	73	4192.6511497511265
606.0	73	4196.9282839054285
607.0	64	4201.200200127595
608.0	61	4205.466902518025
609.0	78	4209.72839517408
610.0	75	4213.984682190651
611.0	94	4218.235767659534
612.0	69	4222.481655670017
613.0	66	4226.722350308418
614.0	67	4230.9578556584565
615.0	68	4235.188175800973
616.0	79	4239.413314814121
617.0	81	4243.633276773232
618.0	68	4247.848065750922
619.0	64	4252.05768581708
620.0	82	4256.262141038722
621.0	62	4260.461435480232
622.0	70	4264.655573203151
623.0	74	4268.844558266388
624.0	87	4273.028394726012
625.0	71	4277.207086635303
626.0	79	4281.380638044918
627.0	71	4285.549053002695
628.0	77	4289.712335553723
629.0	67	4293.870489740432
630.0	70	4298.023519602407
631.0	69	4302.171429176576
632.0	63	4306.31422249708
633.0	60	4310.451903595376
634.0	71	4314.584476500168
635.0	70	4318.711945237408
636.0	66	4322.834313830329
637.0	73	4326.951586299474
638.0	55	4331.063766662606
639.0	66	4335.17085893483
640.0	74	4339.272867128562
641.0	69	4343.369795253281
642.0	88	4347.461647315998
643.0	71	4351.548427320939
644.0	67	4355.6301392695195
645.0	81	4359.706787160561
646.0	65	4363.7783749901055
647.0	71	4367.844906751504
648.0	88	4371.906386435454
649.0	64	4375.962818029806
650.0	64	4380.014205519824
651.0	83	4384.060552888141
652.0	65	4388.1018641144865
653.0	59	4392.13814317603
654.0	56	4396.169394047221
655.0	82	4400.195620699854
656.0	69	4404.216827102852
657.0	65	4408.2330172226975
658.0	66	4412.244195023002
659.0	67	4416.250364464754
660.0	68	4420.251529506252
661.0	55	4424.2476941031155
662.0	62	4428.238862208302
663.0	62	4432.225037771963
664.0	67	4436.206224741751
665.0	68	4440.1824270625075
666.0	75	4444.153648676453
667.0	79	4448.11989352315
668.0	71	4452.081165539447
669.0	75	4456.037468659479
670.0	69	4459.988806814878
671.0	66	4463.935183934377
672.0	61	4467.876603944211
673.0	55	4471.813070767926
674.0	63	4475.744588326358
675.0	69	4479.67116053775
676.0	81	4483.592791317506
677.0	75	4487.509484578655
678.0	75	4491.421244231325
679.0	83	4495.3280741831495
680.0	66	4499.229978338979
681.0	68	4503.126960601082
682.0	67	4507.019024869131
683.0	72	4510.9061750400215
684.0	81	4514.788415008093
685.0	68	4518.665748665031
686.0	63	4522.538179899904
687.0	63	4526.4057125989975
688.0	58	4530.268350646106
689.0	61	4534.1260979223725
690.0	63	4537.978958306254
691.0	80	4541.82693567359
692.0	79	4545.670033897536
693.0	85	4549.508256848753
694.0	66	4553.341608395128
695.0	86	4557.170092401955
696.0	73	4560.993712731975
697.0	61	4564.812473245246
698.0	57	4568.626377799172
699.0	74	4572.435430248604
700.0	80	4576.239634445739
701.0	80	4580.0389942401
702.0	58	4583.833513478736
703.0	73	4587.623196005961
704.0	70	4591.408045663561
705.0	84	4595.188066290514
706.0	80	4598.963261723432
707.0	72	4602.733635796276
708.0	64	4606.4991923402
709.0	69	4610.2599351840245
710.0	69	4614.015868153791
711.0	81	4617.76699507299
712.0	65	4621.513319762489
713.0	78	4625.254846040574
714.0	70	4628.9915777229735
715.0	67	4632.723518622764
716.0	52	4636.450672550441
717.0	58	4640.173043313909
718.0	73	4643.890634718459
719.0	59	4647.6034505669195
720.0	79	4651.311494659344
721.0	65	4655.014770793298
722.0	65	4658.713282763818
723.0	70	4662.407034363205
724.0	64	4666.096029381325
725.0	70	4669.780271605369
726.0	70	4673.459764820033
727.0	57	4677.134512807432
728.0	73	4680.804519346997
729.0	65	4684.469788215642
730.0	74	4688.130323187757
731.0	65	4691.786128035173
732.0	63	4695.43720652705
733.0	55	4699.083562430052
734.0	63	4702.725199508325
735.0	82	4706.362121523335
736.0	61	4709.994332234088
737.0	62	4713.621835396975
738.0	83	4717.244634765836
739.0	62	4720.862734091955
740.0	73	4724.476137124129
741.0	76	4728.084847608475
742.0	79	4731.688869288653
743.0	68	4735.288205905769
744.0	74	4738.882861198286
745.0	57	4742.4728389022675
746.0	81	4746.058142751103
747.0	65	4749.638776475755
748.0	71	4753.214743804505
749.0	60	4756.786048463212
750.0	66	4760.352694175151
751.0	72	4763.9146846610465
752.0	71	4767.4720236391
753.0	76	4771.024714824997
754.0	69	4774.572761931868
755.0	62	4778.1161686702935
756.0	75	4781.654938748428
757.0	59	4785.189075871722
758.0	64	4788.718583743257
759.0	51	4792.243466063506
760.0	74	4795.763726530481
761.0	74	4799.279368839649
762.0	64	4802.790396683859
763.0	71	4806.296813753599
764.0	72	4809.798623736715
765.0	61	4813.295830318624
766.0	61	4816.788437182227
767.0	77	4820.276448007873
768.0	64	4823.759866473366
769.0	63	4827.2386962541095
770.0	73	4830.712941022838
771.0	61	4834.182604449984
772.0	61	4837.647690203336
773.0	58	4841.108201948201
774.0	61	4844.56414334742
775.0	67	4848.015518061266
776.0	66	4851.462329747642
777.0	62	4854.904582061843
778.0	81	4858.342278656644
779.0	64	4861.775423182463
780.0	63	4865.2040192871655
781.0	60	4868.628070616037
782.0	76	4872.047580811974
783.0	71	4875.462553515385
784.0	56	4878.872992364131
785.0	85	4882.27890099365
786.0	72	4885.680283036923
787.0	60	4889.077142124325
788.0	79	4892.469481883869
789.0	71	4895.85730594105
790.0	71	4899.240617918878
791.0	71	4902.619421437913
792.0	77	4905.993720116254
793.0	71	4909.363517569492
794.0	64	4912.728817410696
795.0	70	4916.089623250643
796.0	67	4919.445938697431
797.0	64	4922.797767356869
798.0	71	4926.145112832212
799.0	70	4929.487978724236
800.0	65	4932.826368631384
801.0	74	4936.160286149436
802.0	65	4939.489734871894
803.0	72	4942.814718389696
804.0	68	4946.135240291413
805.0	70	4949.4513041631
806.0	66	4952.762913588364
807.0	79	4956.070072148422
808.0	74	4959.3727834219435
809.0	63	4962.671050985239
810.0	73	4965.964878412168
811.0	67	4969.254269274046
812.0	62	4972.539227139921
813.0	62	4975.819755576235
814.0	66	4979.095858147073
815.0	74	4982.367538414096
816.0	72	4985.634799936458
817.0	67	4988.897646270949
818.0	70	4992.1560809719085
819.0	76	4995.41010759126
820.0	79	4998.659729678411
821.0	82	5001.904950780505
822.0	82	5005.145774442016
823.0	61	5008.3822042052825
824.0	65	5011.614243610033
825.0	79	5014.841896193579
826.0	66	5018.065165490872
827.0	79	5021.284055034417
828.0	75	5024.498568354328
829.0	62	5027.7087089782735
830.0	62	5030.914480431511
831.0	63	5034.115886236905
832.0	87	5037.312929914893
833.0	71	5040.505614983497
834.0	60	5043.693944958369
835.0	72	5046.877923352708
836.0	66	5050.057553677284
837.0	66	5053.232839440521
838.0	71	5056.40378414854
839.0	90	5059.570391304787
840.0	74	5062.732664410565
841.0	60	5065.890606964644
842.0	70	5069.044222463484
843.0	68	5072.1935144010695
844.0	68	5075.33848626903
845.0	72	5078.47914155665
846.0	71	5081.615483750709
847.0	68	5084.7475163356785
848.0	63	5087.875242793654
849.0	61	5090.9986666043205
850.0	74	5094.117791244988
851.0	71	5097.232620190539
852.0	63	5100.343156913575
853.0	65	5103.449404884203
854.0	70	5106.551367570261
855.0	77	5109.649048437084
856.0	59	5112.742450947767
857.0	67	5115.831578562923
858.0	70	5118.916434740879
859.0	63	5121.997022937525
860.0	78	5125.073346606447
861.0	66	5128.145409198784
862.0	84	5131.213214163383
863.0	77	5134.2767649466605
864.0	68	5137.336064992758
865.0	67	5140.391117743322
866.0	71	5143.441926637835
867.0	75	5146.4884951131935
868.0	84	5149.530826604141
869.0	72	5152.568924542929
870.0	75	5155.60279235949
871.0	63	5158.632433481433
872.0	73	5161.657851334028
873.0	70	5164.679049340121
874.0	59	5167.69603092031
875.0	64	5170.708799492717
876.0	76	5173.717358473266
877.0	68	5176.721711275396
878.0	60	5179.721861310357
879.0	71	5182.717811986928
880.0	63	5185.709566711582
881.0	61	5188.69712888853
882.0	58	5191.680501919529
883.0	68	5194.659689204074
884.0	54	5197.634694139341
885.0	74	5200.605520120109
886.0	69	5203.572170538867
887.0	63	5206.534648785768
888.0	62	5209.492958248676
889.0	62	5212.447102313095
890.0	78	5215.397084362152
891.0	69	5218.342907776742
892.0	62	5221.284575935436
893.0	77	5224.222092214392
894.0	76	5227.155459987514
895.0	65	5230.0846826264
896.0	56	5233.009763500283
897.0	66	5235.930705976203
898.0	73	5238.8475134187065
899.0	65	5241.760189190168
900.0	73	5244.668736650604
901.0	67	5247.573159157702
902.0	77	5250.473460066864
903.0	70	5253.369642731231
904.0	77	5256.261710501582
905.0	81	5259.1496667263755
906.0	64	5262.033514751818
907.0	51	5264.913257921844
908.0	68	5267.788899578006
909.0	63	5270.66044305963
910.0	53	5273.5278917036685
911.0	82	5276.391248844876
912.0	61	5279.250517815691
913.0	63	5282.105701946174
914.0	60	5284.956804564206
915.0	61	5287.803828995334
916.0	71	5290.646778562871
917.0	69	5293.485656587685
918.0	69	5296.32046638856
919.0	79	5299.1512112818555
920.0	84	5301.977894581769
921.0	64	5304.8005196000895
922.0	68	5307.619089646429
923.0	76	5310.433608028082
924.0	76	5313.244078050091
925.0	71	5316.050503015164
926.0	94	5318.852886223836
927.0	67	5321.651230974276
928.0	66	5324.445540562451
929.0	54	5327.235818281991
930.0	61	5330.022067424367
931.0	60	5332.804291278709
932.0	58	5335.582493131852
933.0	70	5338.356676268466
934.0	63	5341.126843970885
935.0	58	5343.892999519158
936.0	60	5346.6551461912395
937.0	62	5349.413287262628
938.0	86	5352.167426006644
939.0	70	5354.91756569444
940.0	67	5357.663709594797
941.0	63	5360.405860974301
942.0	70	5363.144023097246
943.0	65	5365.878199225742
944.0	80	5368.608392619628
945.0	68	5371.334606536474
946.0	73	5374.056844231603
947.0	64	5376.775108958158
948.0	68	5379.489403967002
949.0	67	5382.199732506716
950.0	71	5384.9060978237685
951.0	68	5387.60850316222
952.0	64	5390.306951764021
953.0	66	5393.001446868837
954.0	63	5395.691991714164
955.0	58	5398.378589535148
956.0	61	5401.061243564831
957.0	68	5403.739957033983
958.0	72	5406.414733171109
959.0	69	5409.085575202571
960.0	71	5411.752486352373
961.0	71	5414.41546984241
962.0	64	5417.074528892384
963.0	69	5419.729666719688
964.0	62	5422.38088653948
965.0	63	5425.028191564804
966.0	73	5427.671585006444
967.0	76	5430.311070072944
968.0	74	5432.946649970648
969.0	46	5435.578327903711
970.0	81	5438.206107074073
971.0	50	5440.829990681418
972.0	62	5443.449981923277
973.0	62	5446.066083994993
974.0	77	5448.678300089631
975.0	64	5451.286633398096
976.0	95	5453.891087109138
977.0	85	5456.491664409232
978.0	72	5459.08836848267
979.0	65	5461.6812025115705
980.0	59	5464.270169675873
981.0	65	5466.855273153222
982.0	66	5469.4365161192645
983.0	67	5472.013901747229
984.0	66	5474.587433208336
985.0	64	5477.157113671461
986.0	81	5479.722946303425
987.0	89	5482.284934268846
988.0	77	5484.843080730039
989.0	65	5487.397388847284
990.0	66	5489.947861778597
991.0	78	5492.494502679841
992.0	62	5495.037314704695
993.0	60	5497.57630100466
994.0	63	5500.111464729016
995.0	53	5502.642809024975
996.0	60	5505.170337037472
997.0	67	5507.694051909304
998.0	78	5510.2139567811455
999.0	56	5512.730054791408
1000.0	67	5515.2423490764395
1001.0	61	5517.750842770332
1002.0	68	5520.255539005079
1003.0	71	5522.756440910462
1004.0	69	5525.253551614093
1005.0	65	5527.746874241492
1006.0	58	5530.236411915982
1007.0	69	5532.722167758682
1008.0	84	5535.204144888639
1009.0	77	5537.682346422684
1010.0	68	5540.156775475461
1011.0	67	5542.627435159603
1012.0	65	5545.094328585423
1013.0	61	5547.557458861215
1014.0	67	5550.01682909305
1015.0	64	5552.4724423848365
1016.0	88	5554.9243018384195
1017.0	55	5557.372410553435
1018.0	70	5559.816771627422
1019.0	65	5562.2573881557155
1020.0	70	5564.6942632315295
1021.0	82	5567.127399945976
1022.0	78	5569.556801388044
1023.0	74	5571.982470644461
1024.0	78	5574.404410799991
1025.0	68	5576.8226249371355
1026.0	60	5579.2371161363135
1027.0	72	5581.647887475814
1028.0	78	5584.0549420317975
1029.0	79	5586.458282878285
1030.0	65	5588.857913087178
1031.0	84	5591.253835728226
1032.0	69	5593.646053869126
1033.0	78	5596.03457057534
1034.0	63	5598.419388910353
1035.0	77	5600.800511935391
1036.0	60	5603.177942709591
1037.0	68	5605.551684290093
1038.0	56	5607.921739731766
1039.0	68	5610.2881120874345
1040.0	60	5612.65080440779
1041.0	64	5615.0098197414645
1042.0	78	5617.365161134959
1043.0	57	5619.716831632558
1044.0	66	5622.064834276603
1045.0	74	5624.409172107204
1046.0	79	5626.749848162417
1047.0	74	5629.086865478223
1048.0	68	5631.420227088444
1049.0	68	5633.7499360248385
1050.0	66	5636.07599531702
1051.0	65	5638.398407992558
1052.0	66	5640.717177076894
1053.0	72	5643.032305593375
1054.0	63	5645.3437965633
1055.0	70	5647.651653005752
1056.0	47	5649.955877937868
1057.0	74	5652.256474374607
1058.0	66	5654.553445328883
1059.0	75	5656.846793811437
1060.0	74	5659.136522831058
1061.0	62	5661.422635394359
1062.0	80	5663.705134505849
1063.0	55	5665.984023168015
1064.0	71	5668.25930438124
1065.0	75	5670.530981143871
1066.0	54	5672.799056452073
1067.0	77	5675.063533300004
1068.0	66	5677.324414679752
1069.0	104	5679.5817035813025
1070.0	72	5681.835402992604
1071.0	79	5684.085515899442
1072.0	70	5686.332045285668
1073.0	79	5688.574994132962
1074.0	71	5690.81436542096
1075.0	90	5693.05016212726
1076.0	72	5695.282387227346
1077.0	66	5697.511043694645
1078.0	65	5699.736134500583
1079.0	66	5701.957662614462
1080.0	61	5704.175631003539
1081.0	63	5706.390042633039
1082.0	76	5708.600900466078
1083.0	66	5710.8082074637205
1084.0	68	5713.011966585064
1085.0	67	5715.212180787066
1086.0	82	5717.408853024626
1087.0	63	5719.601986250607
1088.0	69	5721.791583415871
1089.0	79	5723.977647469172
1090.0	75	5726.160181357281
1091.0	78	5728.339188024771
1092.0	79	5730.5146704144
1093.0	63	5732.6866314667295
1094.0	66	5734.855074120287
1095.0	68	5737.020001311594
1096.0	63	5739.181415975133
1097.0	63	5741.339321043337
1098.0	73	5743.493719446586
1099.0	59	5745.644614113255
1100.0	73	5747.792007969664
1101.0	86	5749.935903940118
1102.0	70	5752.076304946896
1103.0	72	5754.213213910197
1104.0	63	5756.346633748231
1105.0	79	5758.476567377171
1106.0	72	5760.603017711198
1107.0	81	5762.725987662369
1108.0	65	5764.845480140889
1109.0	63	5766.961498054711
1110.0	59	5769.0740443099685
1111.0	62	5771.183121810683
1112.0	64	5773.288733458901
1113.0	68	5775.390882154562
1114.0	75	5777.489570795686
1115.0	55	5779.584802278214
1116.0	75	5781.676579496134
1117.0	81	5783.764905341363
1118.0	81	5785.849782703833
1119.0	73	5787.931214471486
1120.0	62	5790.009203530229
1121.0	64	5792.0837527639505
1122.0	70	5794.154865054584
1123.0	56	5796.2225432819605
1124.0	68	5798.286790324026
1125.0	76	5800.347609056638
1126.0	62	5802.405002353697
1127.0	67	5804.458973087152
1128.0	89	5806.509524126791
1129.0	71	5808.556658340539
1130.0	88	5810.600378594336
1131.0	64	5812.640687752034
1132.0	77	5814.6775886755695
1133.0	80	5816.711084224856
1134.0	69	5818.741177257822
1135.0	60	5820.767870630406
1136.0	65	5822.791167196531
1137.0	73	5824.811069808196
1138.0	71	5826.827581315351
1139.0	67	5828.840704566003
1140.0	71	5830.850442406177
1141.0	65	5832.85679767986
1142.0	82	5834.859773229106
1143.0	72	5836.859371894021
1144.0	61	5838.855596512687
1145.0	78	5840.848449921162
1146.0	69	5842.837934953645
1147.0	80	5844.824054442288
1148.0	69	5846.80681121724
1149.0	80	5848.786208106711
1150.0	64	5850.7622479370175
1151.0	58	5852.734933532416
1152.0	70	5854.704267715208
1153.0	66	5856.670253305735
1154.0	65	5858.632893122345
1155.0	87	5860.592189981477
1156.0	65	5862.548146697608
1157.0	66	5864.500766083195
1158.0	73	5866.4500509487825
1159.0	66	5868.39600410291
1160.0	62	5870.338628352216
1161.0	82	5872.277926501384
1162.0	68	5874.213901353047
1163.0	67	5876.146555707954
1164.0	84	5878.075892364986
1165.0	72	5880.001914120873
1166.0	74	5881.924623770576
1167.0	76	5883.844024107027
1168.0	68	5885.760117921156
1169.0	80	5887.672908002099
1170.0	79	5889.582397136893
1171.0	75	5891.488588110707
1172.0	62	5893.391483706766
1173.0	76	5895.291086706333
1174.0	76	5897.187399888775
1175.0	76	5899.080426031401
1176.0	57	5900.970167909737
1177.0	56	5902.856628297248
1178.0	72	5904.739809965525
1179.0	79	5906.619715684283
1180.0	66	5908.496348221145
1181.0	72	5910.36971034191
1182.0	68	5912.23980481048
1183.0	76	5914.106634388704
1184.0	75	5915.970201836613
1185.0	73	5917.830509912288
1186.0	67	5919.687561371846
1187.0	70	5921.541358969494
1188.0	82	5923.3919054575335
1189.0	64	5925.23920358632
1190.0	60	5927.0832561043635
1191.0	76	5928.924065758099
1192.0	60	5930.761635292224
1193.0	76	5932.595967449365
1194.0	63	5934.427064970338
1195.0	66	5936.254930594001
1196.0	68	5938.079567057283
1197.0	65	5939.900977095255
1198.0	62	5941.719163441005
1199.0	68	5943.534128825775
1200.0	64	5945.345875978863
1201.0	66	5947.15440762766
1202.0	64	5948.959726497666
1203.0	75	5950.7618353125
1204.0	80	5952.560736793821
1205.0	69	5954.356433661378
1206.0	67	5956.1489286331025
1207.0	64	5957.93822442498
1208.0	78	5959.724323751046
1209.0	84	5961.507229323492
1210.0	73	5963.2869438526395
1211.0	64	5965.0634700468745
1212.0	50	5966.836810612712
1213.0	84	5968.606968254688
1214.0	69	5970.373945675553
1215.0	73	5972.137745576163
1216.0	81	5973.8983706554345
1217.0	68	5975.655823610386
1218.0	65	5977.410107136203
1219.0	57	5979.161223926148
1220.0	73	5980.909176671618
1221.0	75	5982.653968062128
1222.0	60	5984.3956007852785
1223.0	67	5986.134077526851
1224.0	75	5987.869400970656
1225.0	80	5989.601573798675
1226.0	48	5991.330598691129
1227.0	84	5993.056478326103
1228.0	65	5994.779215380047
1229.0	59	5996.498812527397
1230.0	71	5998.2152724408115
1231.0	71	5999.928597791004
1232.0	70	6001.638791246845
1233.0	74	6003.345855475306
1234.0	80	6005.049793141611
1235.0	65	6006.750606908912
1236.0	79	6008.448299438709
1237.0	88	6010.1428733904595
1238.0	71	6011.834331421877
1239.0	62	6013.522676188789
1240.0	69	6015.207910345151
1241.0	79	6016.890036543004
1242.0	73	6018.569057432627
1243.0	83	6020.244975662417
1244.0	76	6021.917793878834
1245.0	57	6023.587514726627
1246.0	71	6025.254140848536
1247.0	69	6026.917674885554
1248.0	68	6028.5781194768215
1249.0	76	6030.235477259546
1250.0	75	6031.889750869164
1251.0	83	6033.540942939282
1252.0	60	6035.189056101565
1253.0	67	6036.834092985871
1254.0	52	6038.476056220309
1255.0	79	6040.114948431031
1256.0	79	6041.750772242352
1257.0	77	6043.383530276819
1258.0	70	6045.0132251550895
1259.0	85	6046.639859495962
1260.0	65	6048.263435916508
1261.0	73	6049.883957031758
1262.0	68	6051.501425455125
1263.0	82	6053.11584379811
1264.0	80	6054.727214670323
1265.0	62	6056.335540679618
1266.0	63	6057.940824431952
1267.0	71	6059.543068531537
1268.0	71	6061.142275580702
1269.0	86	6062.738448179953
1270.0	75	6064.331588927945
1271.0	61	6065.921700421603
1272.0	65	6067.50878525593
1273.0	81	6069.092846024176
1274.0	65	6070.673885317713
1275.0	69	6072.25190572614
1276.0	74	6073.8269098372175
1277.0	77	6075.3989002368535
1278.0	61	6076.967879509216
1279.0	65	6078.533850236649
1280.0	70	6080.096814999605
1281.0	67	6081.65677637677
1282.0	66	6083.213736945029
1283.0	73	6084.7676992794795
1284.0	54	6086.318665953351
1285.0	70	6087.866639538101
1286.0	55	6089.411622603363
1287.0	72	6090.953617717048
1288.0	64	6092.492627445073
1289.0	74	6094.028654351788
1290.0	75	6095.561700999518
1291.0	61	6097.091769948972
1292.0	77	6098.618863758975
1293.0	58	6100.14298498649
1294.0	68	6101.664136186797
1295.0	64	6103.182319913358
1296.0	78	6104.697538717816
1297.0	82	6106.209795149963
1298.0	58	6107.719091757897
1299.0	67	6109.2254310878825
1300.0	69	6110.728815684408
1301.0	61	6112.229248090085
1302.0	68	6113.726730845921
1303.0	76	6115.22126649092
1304.0	78	6116.712857562532
1305.0	79	6118.201506596182
1306.0	61	6119.687216125685
1307.0	65	6121.169988682988
1308.0	81	6122.649826798297
1309.0	64	6124.126733000043
1310.0	79	6125.600709814829
1311.0	70	6127.071759767518
1312.0	80	6128.539885381226
1313.0	78	6130.0050891771925
1314.0	69	6131.467373674998
1315.0	68	6132.926741392367
1316.0	76	6134.383194845321
1317.0	63	6135.836736548045
1318.0	79	6137.287369012986
1319.0	79	6138.735094750834
1320.0	76	6140.1799162704765
1321.0	72	6141.621836079094
1322.0	78	6143.060856682001
1323.0	72	6144.496980582838
1324.0	80	6145.930210283489
1325.0	64	6147.360548284003
1326.0	80	6148.787997082659
1327.0	85	6150.212559176123
1328.0	82	6151.634237059121
1329.0	65	6153.053033224759
1330.0	69	6154.468950164283
1331.0	72	6155.881990367279
1332.0	62	6157.292156321481
1333.0	84	6158.699450512967
1334.0	66	6160.103875426008
1335.0	67	6161.505433543066
1336.0	60	6162.904127345057
1337.0	69	6164.299959310886
1338.0	86	6165.692931917887
1339.0	68	6167.083047641612
1340.0	71	6168.470308955825
1341.0	66	6169.854718332567
1342.0	78	6171.23627824219
1343.0	68	6172.614991153211
1344.0	73	6173.99085953249
1345.0	75	6175.363885845101
1346.0	85	6176.734072554348
1347.0	64	6178.101422121905
1348.0	84	6179.465937007603
1349.0	59	6180.82761966961
1350.0	63	6182.18647256428
1351.0	64	6183.542498146319
1352.0	80	6184.895698868689
1353.0	75	6186.246077182554
1354.0	70	6187.593635537429
1355.0	69	6188.9383763810265
1356.0	68	6190.280302159385
1357.0	67	6191.619415316817
1358.0	73	6192.955718295903
1359.0	63	6194.289213537451
1360.0	75	6195.6199034806305
1361.0	82	6196.947790562817
1362.0	61	6198.272877219695
1363.0	68	6199.595165885247
1364.0	71	6200.914658991708
1365.0	73	6202.231358969605
1366.0	76	6203.545268247763
1367.0	76	6204.85638925322
1368.0	54	6206.164724411436
1369.0	63	6207.470276146084
1370.0	65	6208.773046879044
1371.0	89	6210.073039030642
1372.0	68	6211.37025501936
1373.0	73	6212.664697262068
1374.0	70	6213.956368173871
1375.0	77	6215.245270168163
1376.0	76	6216.531405656718
1377.0	77	6217.814777049508
1378.0	68	6219.095386754785
1379.0	85	6220.3732371792385
1380.0	65	6221.64833072774
1381.0	68	6222.920669803447
1382.0	83	6224.1902568079
1383.0	65	6225.457094140922
1384.0	62	6226.721184200586
1385.0	64	6227.9825293833055
1386.0	56	6229.241132083837
1387.0	77	6230.496994695187
1388.0	68	6231.750119608704
1389.0	76	6233.000509213985
1390.0	69	6234.248165899018
1391.0	65	6235.49309205004
1392.0	62	6236.735290051675
1393.0	71	6237.97476228677
1394.0	58	6239.211511136571
1395.0	55	6240.445538980549
1396.0	56	6241.676848196592
1397.0	69	6242.9054411607785
1398.0	65	6244.131320247681
1399.0	75	6245.354487830001
1400.0	57	6246.574946278909
1401.0	69	6247.792697963791
1402.0	80	6249.007745252472
1403.0	70	6250.220090510997
1404.0	77	6251.429736103734
1405.0	70	6252.636684393511
1406.0	78	6253.840937741337
1407.0	81	6255.0424985065865
1408.0	69	6256.241369046974
1409.0	71	6257.437551718603
1410.0	63	6258.631048875819
1411.0	73	6259.821862871335
1412.0	64	6261.009996056198
1413.0	87	6262.195450779813
1414.0	89	6263.378229389895
1415.0	69	6264.558334232447
1416.0	65	6265.735767651935
1417.0	65	6266.910531991065
1418.0	66	6268.0826295908855
1419.0	67	6269.252062790869
1420.0	68	6270.418833928702
1421.0	77	6271.58294534058
1422.0	82	6272.744399360838
1423.0	77	6273.903198322353
1424.0	70	6275.059344556215
1425.0	79	6276.212840391945
1426.0	67	6277.363688157323
1427.0	71	6278.511890178559
1428.0	71	6279.6574487802445
1429.0	75	6280.800366285209
1430.0	77	6281.940645014669
1431.0	71	6283.07828728825
1432.0	68	6284.213295423912
1433.0	71	6285.345671737969
1434.0	60	6286.475418545037
1435.0	69	6287.602538158159
1436.0	72	6288.727032888716
1437.0	67	6289.8489050464705
1438.0	73	6290.968156939456
1439.0	70	6292.08479087423
1440.0	73	6293.198809155562
1441.0	68	6294.310214086664
1442.0	60	6295.419007969083
1443.0	76	6296.525193102754
1444.0	77	6297.628771785953
1445.0	75	6298.729746315334
1446.0	68	6299.828118985975
1447.0	68	6300.923892091241
1448.0	77	6302.017067922883
1449.0	67	6303.107648771131
1450.0	59	6304.195636924445
1451.0	64	6305.281034669718
1452.0	73	6306.363844292246
1453.0	68	6307.444068075624
1454.0	75	6308.52170830197
1455.0	77	6309.596767251635
1456.0	80	6310.669247203414
1457.0	83	6311.739150434476
1458.0	63	6312.806479220373
1459.0	61	6313.8712358350795
1460.0	84	6314.933422550852
1461.0	59	6315.993041638408
1462.0	90	6317.050095366887
1463.0	75	6318.104586003702
1464.0	69	6319.156515814778
1465.0	74	6320.205887064345
1466.0	77	6321.252702015057
1467.0	59	6322.296962927904
1468.0	63	6323.338672062402
1469.0	75	6324.3778316763455
1470.0	78	6325.414444025964
1471.0	61	6326.448511365838
1472.0	73	6327.4800359490055
1473.0	68	6328.509020026896
1474.0	75	6329.535465849306
1475.0	82	6330.559375664453
1476.0	57	6331.580751718938
1477.0	75	6332.599596257773
1478.0	66	6333.61591152439
1479.0	70	6334.629699760609
1480.0	65	6335.640963206654
1481.0	70	6336.649704101115
1482.0	72	6337.655924681133
1483.0	74	6338.659627182074
1484.0	66	6339.660813837853
1485.0	66	6340.659486880657
1486.0	77	6341.655648541255
1487.0	68	6342.649301048686
1488.0	74	6343.640446630463
1489.0	56	6344.6290875125105
1490.0	89	6345.615225919195
1491.0	68	6346.598864073235
1492.0	57	6347.580004195799
1493.0	75	6348.558648506475
1494.0	71	6349.534799223305
1495.0	85	6350.508458562665
1496.0	73	6351.479628739425
1497.0	66	6352.448311966858
1498.0	66	6353.4145104567015
1499.0	64	6354.378226419011
1500.0	83	6355.339462062362
1501.0	72	6356.298219593725
1502.0	77	6357.254501218515
1503.0	68	6358.208309140527
1504.0	75	6359.159645562045
1505.0	69	6360.1085126837515
1506.0	63	6361.0549127047725
1507.0	68	6361.998847822676
1508.0	61	6362.940320233396
1509.0	70	6363.879332131432
1510.0	78	6364.815885709593
1511.0	72	6365.749983159188
1512.0	83	6366.681626669939
1513.0	70	6367.610818429972
1514.0	75	6368.537560626017
1515.0	63	6369.461855443053
1516.0	58	6370.38370506458
1517.0	61	6371.303111672523
1518.0	64	6372.220077447258
1519.0	77	6373.134604567639
1520.0	63	6374.046695210945
1521.0	83	6374.956351552833
1522.0	84	6375.863575767527
1523.0	86	6376.76837002762
1524.0	71	6377.670736504195
1525.0	68	6378.570677366779
1526.0	84	6379.46819478325
1527.0	76	6380.363290920132
1528.0	82	6381.255967942287
1529.0	69	6382.146228012975
1530.0	85	6383.034073294008
1531.0	71	6383.9195059456715
1532.0	70	6384.802528126638
1533.0	92	6385.683141994055
1534.0	78	6386.561349703513
1535.0	73	6387.437153409158
1536.0	74	6388.310555263488
1537.0	82	6389.181557417505
1538.0	81	6390.050162020709
1539.0	69	6390.9163712209765
1540.0	63	6391.780187164757
1541.0	65	6392.641611996914
1542.0	68	6393.500647860743
1543.0	72	6394.357296898057
1544.0	61	6395.211561249119
1545.0	65	6396.063443052699
1546.0	65	6396.912944445998
1547.0	64	6397.760067564688
1548.0	92	6398.604814542942
1549.0	73	6399.447187513374
1550.0	78	6400.287188607136
1551.0	67	6401.124819953799
1552.0	77	6401.960083681375
1553.0	75	6402.792981916451
1554.0	79	6403.623516784058
1555.0	66	6404.451690407657
1556.0	73	6405.277504909296
1557.0	76	6406.100962409409
1558.0	57	6406.922065026902
1559.0	66	6407.740814879271
1560.0	75	6408.557214082459
1561.0	84	6409.37126475078
1562.0	70	6410.182968997188
1563.0	96	6410.992328933062
1564.0	61	6411.799346668268
1565.0	87	6412.604024311141
1566.0	77	6413.406363968593
1567.0	62	6414.2063677459255
1568.0	70	6415.004037746987
1569.0	66	6415.799376074109
1570.0	65	6416.592384828136
1571.0	72	6417.383066108394
1572.0	70	6418.171422012666
1573.0	72	6418.957454637296
1574.0	72	6419.7411660771195
1575.0	70	6420.5225584254495
1576.0	68	6421.301633774094
1577.0	76	6422.078394213355
1578.0	69	6422.852841832124
1579.0	91	6423.624978717673
1580.0	87	6424.394806955854
1581.0	84	6425.162328630988
1582.0	73	6425.92754582599
1583.0	72	6426.690460622111
1584.0	74	6427.4510750993
1585.0	62	6428.209391335895
1586.0	69	6428.965411408766
1587.0	58	6429.71913739335
1588.0	70	6430.470571363526
1589.0	86	6431.219715391714
1590.0	60	6431.966571548848
1591.0	67	6432.711141904433
1592.0	60	6433.453428526358
1593.0	72	6434.193433481182
1594.0	61	6434.931158833877
1595.0	65	6435.666606647916
1596.0	69	6436.39977898546
1597.0	75	6437.130677906989
1598.0	94	6437.859305471595
1599.0	75	6438.585663736914
1600.0	89	6439.3097547590805
1601.0	76	6440.031580592706
1602.0	81	6440.751143291051
1603.0	64	6441.468444905797
1604.0	74	6442.183487487151
1605.0	60	6442.896273083971
1606.0	59	6443.606803743458
1607.0	77	6444.31508151152
1608.0	82	6445.021108432475
1609.0	67	6445.724886549224
1610.0	59	6446.4264179032
1611.0	76	6447.125704534388
1612.0	80	6447.822748481278
1613.0	87	6448.517551780891
1614.0	73	6449.210116468788
1615.0	71	6449.900444579109
1616.0	77	6450.588538144511
1617.0	73	6451.274399196178
1618.0	56	6451.9580297638195
1619.0	78	6452.639431875736
1620.0	76	6453.3186075587255
1621.0	68	6453.99555883819
1622.0	51	6454.670287737997
1623.0	79	6455.342796280603
1624.0	71	6456.01308648701
1625.0	81	6456.68116037681
1626.0	92	6457.347019968041
1627.0	66	6458.0106672774
1628.0	79	6458.672104320029
1629.0	75	6459.331333109739
1630.0	83	6459.988355658777
1631.0	60	6460.643173978011
1632.0	75	6461.295790076883
1633.0	81	6461.946205963334
1634.0	61	6462.594423643893
1635.0	86	6463.24044512362
1636.0	75	6463.884272406165
1637.0	68	6464.525907493735
1638.0	75	6465.165352387054
1639.0	80	6465.802609085478
1640.0	70	6466.437679586853
1641.0	60	6467.070565887639
1642.0	64	6467.701269982845
1643.0	68	6468.329793866037
1644.0	72	6468.956139529345
1645.0	78	6469.580308963468
1646.0	66	6470.202304157705
1647.0	68	6470.82212709983
1648.0	71	6471.439779776336
1649.0	86	6472.05526417212
1650.0	79	6472.668582270793
1651.0	70	6473.279736054452
1652.0	52	6473.888727503799
1653.0	73	6474.495558598064
1654.0	66	6475.100231315151
1655.0	86	6475.702747631458
1656.0	64	6476.3031095219285
1657.0	87	6476.901318960209
1658.0	70	6477.49737791841
1659.0	72	6478.0912883673
1660.0	68	6478.683052276142
1661.0	66	6479.272671612887
1662.0	75	6479.860148343969
1663.0	60	6480.445484434444
1664.0	62	6481.028681847976
1665.0	80	6481.609742546807
1666.0	77	6482.188668491707
1667.0	69	6482.765461642087
1668.0	53	6483.340123955978
1669.0	61	6483.912657389916
1670.0	72	6484.483063899099
1671.0	72	6485.051345437247
1672.0	80	6485.617503956746
1673.0	80	6486.181541408515
1674.0	77	6486.743459742098
1675.0	80	6487.303260905625
1676.0	89	6487.860946845811
1677.0	80	6488.416519507989
1678.0	73	6488.969980836071
1679.0	69	6489.5213327725505
1680.0	79	6490.070577258602
1681.0	83	6490.617716233871
1682.0	85	6491.16275163675
1683.0	73	6491.705685404042
1684.0	72	6492.246519471353
1685.0	95	6492.7852557728
1686.0	59	6493.321896241065
1687.0	65	6493.856442807512
1688.0	57	6494.388897402061
1689.0	84	6494.919261953274
1690.0	70	6495.447538388278
1691.0	75	6495.973728632866
1692.0	78	6496.497834611366
1693.0	67	6497.019858246791
1694.0	74	6497.539801460733
1695.0	65	6498.057666173379
1696.0	71	6498.573454303556
1697.0	61	6499.087167768713
1698.0	70	6499.598808484864
1699.0	83	6500.108378366665
1700.0	77	6500.615879327442
1701.0	62	6501.121313279053
1702.0	83	6501.624682132042
1703.0	61	6502.125987795519
1704.0	72	6502.625232177266
1705.0	70	6503.122417183624
1706.0	76	6503.6175447196265
1707.0	68	6504.110616688866
1708.0	55	6504.60163499361
1709.0	70	6505.0906015347355
1710.0	76	6505.5775182117295
1711.0	86	6506.062386922735
1712.0	57	6506.545209564489
1713.0	76	6507.025988032343
1714.0	64	6507.504724220344
1715.0	58	6507.981420021096
1716.0	66	6508.456077325948
1717.0	83	6508.92869802472
1718.0	74	6509.399284005953
1719.0	77	6509.86783715689
1720.0	72	6510.334359363247
1721.0	67	6510.798852509533
1722.0	70	6511.261318478765
1723.0	75	6511.721759152703
1724.0	70	6512.18017641168
1725.0	80	6512.636572134694
1726.0	76	6513.090948199387
1727.0	78	6513.543306482001
1728.0	63	6513.993648857491
1729.0	78	6514.441977199368
1730.0	85	6514.888293379858
1731.0	70	6515.33259926981
1732.0	74	6515.774896738697
1733.0	80	6516.215187654666
1734.0	86	6516.6534738845
1735.0	83	6517.089757293625
1736.0	82	6517.524039746148
1737.0	75	6517.956323104767
1738.0	64	6518.386609230875
1739.0	84	6518.814899984499
1740.0	79	6519.24119722432
1741.0	68	6519.66550280771
1742.0	71	6520.087818590609
1743.0	59	6520.5081464277
1744.0	85	6520.926488172273
1745.0	76	6521.342845676284
1746.0	81	6521.757220790366
1747.0	79	6522.169615363766
1748.0	54	6522.580031244462
1749.0	78	6522.988470279002
1750.0	65	6523.394934312685
1751.0	57	6523.799425189376
1752.0	69	6524.201944751705
1753.0	81	6524.602494840901
1754.0	82	6525.001077296911
1755.0	67	6525.3976939582535
1756.0	72	6525.792346662162
1757.0	65	6526.1850372445815
1758.0	80	6526.575767540064
1759.0	73	6526.964539381902
1760.0	63	6527.351354601982
1761.0	89	6527.736215030854
1762.0	86	6528.119122497846
1763.0	55	6528.500078830826
1764.0	72	6528.879085856415
1765.0	77	6529.256145399905
1766.0	91	6529.631259285265
1767.0	70	6530.004429335059
1768.0	66	6530.375657370672
1769.0	67	6530.744945212004
1770.0	70	6531.1122946777705
1771.0	72	6531.47770758533
1772.0	83	6531.841185750629
1773.0	90	6532.202730988422
1774.0	73	6532.562345112097
1775.0	73	6532.9200299337
1776.0	64	6533.2757872639695
1777.0	75	6533.629618912379
1778.0	78	6533.981526686989
1779.0	61	6534.3315123946695
1780.0	78	6534.679577840878
1781.0	69	6535.025724829776
1782.0	59	6535.369955164296
1783.0	79	6535.7122706459195
1784.0	71	6536.052673074963
1785.0	83	6536.391164250309
1786.0	78	6536.727745969667
1787.0	76	6537.062420029273
1788.0	50	6537.395188224209
1789.0	74	6537.726052348152
1790.0	80	6538.05501419352
1791.0	83	6538.382075551438
1792.0	83	6538.707238211695
1793.0	67	6539.030503962807
1794.0	75	6539.351874591938
1795.0	74	6539.671351885021
1796.0	80	6539.988937626676
1797.0	73	6540.304633600142
1798.0	69	6540.618441587486
1799.0	81	6540.930363369384
1800.0	67	6541.240400725252
1801.0	78	6541.548555433197
1802.0	64	6541.85482927005
1803.0	76	6542.159224011365
1804.0	64	6542.461741431359
1805.0	83	6542.762383302955
1806.0	62	6543.061151397834
1807.0	75	6543.3580474863475
1808.0	75	6543.653073337579
1809.0	82	6543.9462307193135
1810.0	68	6544.237521398016
1811.0	72	6544.526947138937
1812.0	72	6544.814509706022
1813.0	78	6545.100210861874
1814.0	47	6545.384052367856
1815.0	85	6545.666035984048
1816.0	83	6545.946163469232
1817.0	61	6546.224436580921
1818.0	65	6546.500857075359
1819.0	76	6546.775426707479
1820.0	58	6547.048147230955
1821.0	66	6547.31902039817
1822.0	64	6547.588047960248
1823.0	72	6547.85523166702
1824.0	77	6548.1205732670405
1825.0	66	6548.384074507637
1826.0	84	6548.64573713474
1827.0	78	6548.905562893168
1828.0	73	6549.163553526331
1829.0	65	6549.419710776487
1830.0	82	6549.67403638449
1831.0	64	6549.926532090032
1832.0	89	6550.177199631484
1833.0	76	6550.426040745983
1834.0	73	6550.673057169333
1835.0	71	6550.918250636157
1836.0	89	6551.161622879785
1837.0	74	6551.403175632208
1838.0	71	6551.642910624273
1839.0	68	6551.880829585453
1840.0	80	6552.116934244056
1841.0	76	6552.351226327026
1842.0	87	6552.583707560149
1843.0	89	6552.814379667884
1844.0	63	6553.043244373439
1845.0	66	6553.27030339881
1846.0	79	6553.495558464676
1847.0	80	6553.719011290484
1848.0	66	6553.94066359441
1849.0	77	6554.160517093398
1850.0	80	6554.378573503153
1851.0	60	6554.594834538058
1852.0	102	6554.809301911331
1853.0	60	6555.021977334865
1854.0	66	6555.232862519346
1855.0	67	6555.441959174197
1856.0	87	6555.6492690075565
1857.0	82	6555.854793726395
1858.0	68	6556.058535036345
1859.0	73	6556.260494641879
1860.0	69	6556.460674246127
1861.0	79	6556.659075551074
1862.0	64	6556.855700257354
1863.0	73	6557.050550064494
1864.0	72	6557.243626670643
1865.0	64	6557.434931772796
1866.0	65	6557.624467066662
1867.0	59	6557.812234246679
1868.0	72	6557.998235006146
1869.0	69	6558.182471037059
1870.0	100	6558.364944030158
1871.0	69	6558.545655675015
1872.0	79	6558.724607659856
1873.0	71	6558.901801671802
1874.0	77	6559.0772393966345
1875.0	71	6559.250922518947
1876.0	60	6559.422852722088
1877.0	82	6559.5930316881895
1878.0	71	6559.7614610981345
1879.0	75	6559.928142631608
1880.0	54	6560.093077967002
1881.0	69	6560.25626878155
1882.0	74	6560.4177167511925
1883.0	61	6560.57742355068
1884.0	69	6560.735390853547
1885.0	60	6560.8916203320605
1886.0	85	6561.046113657303
1887.0	62	6561.198872499119
1888.0	69	6561.349898526125
1889.0	74	6561.499193405696
1890.0	63	6561.646758804047
1891.0	65	6561.792596386083
1892.0	69	6561.93670781555
1893.0	76	6562.079094754982
1894.0	76	6562.219758865657
1895.0	66	6562.358701807643
1896.0	75	6562.4959252398285
1897.0	70	6562.631430819812
1898.0	65	6562.765220204064
1899.0	71	6562.897295047749
1900.0	69	6563.027657004899
1901.0	66	6563.156307728293
1902.0	67	6563.2832488695085
1903.0	73	6563.408482078893
1904.0	58	6563.532009005604
1905.0	63	6563.653831297565
1906.0	67	6563.773950601549
1907.0	78	6563.892368563031
1908.0	79	6564.009086826345
1909.0	76	6564.124107034609
1910.0	75	6564.237430829679
1911.0	68	6564.349059852332
1912.0	63	6564.458995741988
1913.0	59	6564.567240136972
1914.0	69	6564.67379467435
1915.0	70	6564.778660990029
1916.0	75	6564.881840718671
1917.0	77	6564.983335493764
1918.0	72	6565.083146947583
1919.0	75	6565.181276711231
1920.0	67	6565.2777264145625
1921.0	77	6565.372497686277
1922.0	76	6565.465592153874
1923.0	76	6565.557011443638
1924.0	55	6565.646757180696
1925.0	86	6565.73483098891
1926.0	74	6565.821234491027
1927.0	70	6565.90596930855
1928.0	82	6565.989037061779
1929.0	60	6566.070439369907
1930.0	77	6566.150177850865
1931.0	73	6566.22825412138
1932.0	64	6566.304669797043
1933.0	74	6566.379426492232
1934.0	76	6566.452525820116
1935.0	78	6566.523969392733
1936.0	76	6566.593758820885
1937.0	75	6566.661895714222
1938.0	78	6566.7283816811905
1939.0	72	6566.793218329045
1940.0	74	6566.856407263874
1941.0	83	6566.9179500906075
1942.0	74	6566.97784841292
1943.0	69	6567.036103833404
1944.0	72	6567.092717953361
1945.0	77	6567.147692373078
1946.0	69	6567.2010286914265
1947.0	82	6567.252728506353
1948.0	91	6567.302793414454
1949.0	79	6567.351225011214
1950.0	84	6567.398024890939
1951.0	71	6567.443194646744
1952.0	76	6567.486735870611
1953.0	72	6567.528650153303
1954.0	75	6567.5689390844345
1955.0	76	6567.607604252446
1956.0	68	6567.644647244584
1957.0	65	6567.680069647012
1958.0	86	6567.7138730445795
1959.0	80	6567.74605902111
1960.0	76	6567.77662915918
1961.0	82	6567.805585040215
1962.0	56	6567.83292824447
1963.0	73	6567.858660351078
1964.0	78	6567.882782937953
1965.0	69	6567.905297581871
1966.0	75	6567.926205858421
1967.0	75	6567.945509342087
1968.0	70	6567.963209606136
1969.0	70	6567.979308222701
1970.0	76	6567.9938067627345
1971.0	63	6568.006706796039
1972.0	60	6568.0180098913
1973.0	68	6568.027717616
1974.0	70	6568.035831536453
1975.0	75	6568.042353217854
1976.0	67	6568.047284224212
1977.0	72	6568.0506261184355
1978.0	82	6568.052380462196
1979.0	68	6568.052548816098
1980.0	65	6568.051132739525
1981.0	72	6568.048133790791
1982.0	68	6568.04355352693
1983.0	82	6568.037393503982
1984.0	57	6568.029655276708
1985.0	59	6568.020340398785
1986.0	77	6568.0094504227445
1987.0	85	6567.9969868999615
1988.0	79	6567.982951380649
1989.0	68	6567.967345413859
1990.0	87	6567.950170547584
1991.0	75	6567.93142832857
1992.0	62	6567.911120302505
1993.0	75	6567.889248013864
1994.0	83	6567.86581300603
1995.0	71	6567.840816821211
1996.0	70	6567.814261000514
1997.0	63	6567.786147083875
1998.0	70	6567.756476610101
1999.0	74	6567.725251116871
2000.0	74	6567.692472140719
2001.0	70	6567.65814121702
2002.0	80	6567.622259880071
2003.0	92	6567.584829662959
2004.0	63	6567.545852097709
2005.0	71	6567.505328715155
2006.0	62	6567.463261045063
2007.0	71	6567.419650616012
2008.0	57	6567.374498955438
2009.0	74	6567.327807589739
2010.0	69	6567.279578044049
2011.0	81	6567.229811842483
2012.0	74	6567.178510507996
2013.0	66	6567.125675562369
2014.0	79	6567.071308526349
2015.0	86	6567.015410919481
2016.0	75	6566.9579842602225
2017.0	60	6566.899030065894
2018.0	77	6566.838549852673
2019.0	61	6566.776545135621
2020.0	69	6566.713017428752
2021.0	75	6566.647968244833
2022.0	59	6566.581399095621
2023.0	87	6566.513311491672
2024.0	63	6566.443706942478
2025.0	77	6566.372586956385
2026.0	75	6566.299953040617
2027.0	62	6566.225806701327
2028.0	80	6566.15014944347
2029.0	70	6566.072982770995
2030.0	70	6565.994308186583
2031.0	77	6565.914127191993
2032.0	78	6565.8324412877155
2033.0	60	6565.749251973209
2034.0	70	6565.66456074676
2035.0	55	6565.578369105602
2036.0	82	6565.49067854586
2037.0	67	6565.401490562454
2038.0	63	6565.310806649318
2039.0	77	6565.218628299246
2040.0	79	6565.12495700384
2041.0	61	6565.029794253717
2042.0	72	6564.933141538306
2043.0	58	6564.8350003459545
2044.0	73	6564.735372163901
2045.0	69	6564.634258478303
2046.0	72	6564.531660774195
2047.0	71	6564.427580535496
2048.0	75	6564.322019245051
2049.0	73	6564.214978384606
2050.0	65	6564.106459434781
2051.0	78	6563.9964638751035
2052.0	74	6563.8849931840205
2053.0	67	6563.772048838853
2054.0	65	6563.657632315843
2055.0	87	6563.54174509017
2056.0	74	6563.424388635836
2057.0	76	6563.305564425818
2058.0	74	6563.185273931963
2059.0	56	6563.063518625069
2060.0	78	6562.9402999747335
2061.0	78	6562.81561944963
2062.0	68	6562.6894785171635
2063.0	63	6562.561878643791
2064.0	68	6562.432821294773
2065.0	64	6562.302307934377
2066.0	85	6562.170340025677
2067.0	65	6562.0369190307965
2068.0	84	6561.90204641064
2069.0	66	6561.76572362503
2070.0	67	6561.627952132839
2071.0	65	6561.488733391688
2072.0	67	6561.348068858258
2073.0	60	6561.20595998803
2074.0	83	6561.0624082354825
2075.0	69	6560.917415053953
2076.0	55	6560.770981895733
2077.0	65	6560.6231102120655
2078.0	82	6560.4738014530085
2079.0	85	6560.323057067663
2080.0	75	6560.170878503961
2081.0	81	6560.017267208801
2082.0	73	6559.862224627992
2083.0	52	6559.705752206258
2084.0	85	6559.547851387298
2085.0	77	6559.388523613651
2086.0	54	6559.2277703268555
2087.0	78	6559.065592967316
2088.0	65	6558.901992974428
2089.0	66	6558.736971786469
2090.0	81	6558.570530840652
2091.0	72	6558.402671573144
2092.0	60	6558.233395418984
2093.0	73	6558.062703812232
2094.0	78	6557.890598185806
2095.0	72	6557.717079971574
2096.0	74	6557.542150600333
2097.0	77	6557.365811501857
2098.0	77	6557.1880641047865
2099.0	75	6557.008909836743
2100.0	80	6556.828350124273
2101.0	84	6556.646386392845
2102.0	69	6556.4630200668935
2103.0	77	6556.2782525697785
2104.0	65	6556.092085323739
2105.0	65	6555.904519750101
2106.0	101	6555.715557268946
2107.0	76	6555.52519929942
2108.0	76	6555.333447259587
2109.0	76	6555.140302566455
2110.0	87	6554.945766635919
2111.0	71	6554.749840882907
2112.0	64	6554.552526721224
2113.0	65	6554.353825563631
2114.0	74	6554.153738821869
2115.0	74	6553.952267906578
2116.0	64	6553.749414227361
2117.0	67	6553.545179192809
2118.0	66	6553.3395642103915
2119.0	70	6553.132570686576
2120.0	61	6552.924200026773
2121.0	57	6552.71445363534
2122.0	74	6552.503332915562
2123.0	61	6552.290839269699
2124.0	80	6552.076974098974
2125.0	64	6551.861738803534
2126.0	81	6551.645134782483
2127.0	66	6551.427163433941
2128.0	64	6551.207826154876
2129.0	92	6550.987124341301
2130.0	81	6550.765059388118
2131.0	67	6550.541632689271
2132.0	69	6550.316845637557
2133.0	48	6550.090699624843
2134.0	60	6549.863196041882
2135.0	70	6549.634336278372
2136.0	67	6549.404121723025
2137.0	64	6549.172553763511
2138.0	96	6548.939633786421
2139.0	72	6548.705363177331
2140.0	69	6548.469743320791
2141.0	71	6548.232775600306
2142.0	74	6547.9944613983325
2143.0	85	6547.754802096318
2144.0	73	6547.51379907466
2145.0	83	6547.271453712715
2146.0	70	6547.027767388826
2147.0	72	6546.782741480306
2148.0	60	6546.536377363392
2149.0	58	6546.288676413353
2150.0	69	6546.039640004415
2151.0	74	6545.789269509727
2152.0	77	6545.537566301458
2153.0	85	6545.284531750732
2154.0	78	6545.030167227672
2155.0	77	6544.774474101283
2156.0	76	6544.517453739695
2157.0	84	6544.259107509884
2158.0	81	6543.999436777829
2159.0	70	6543.738442908559
2160.0	65	6543.476127265979
2161.0	69	6543.212491213059
2162.0	73	6542.947536111636
2163.0	68	6542.681263322666
2164.0	74	6542.413674205975
2165.0	79	6542.144770120449
2166.0	95	6541.874552423886
2167.0	81	6541.603022473084
2168.0	62	6541.330181623848
2169.0	62	6541.05603123095
2170.0	79	6540.780572648168
2171.0	63	6540.503807228218
2172.0	81	6540.2257363228355
2173.0	63	6539.946361282731
2174.0	74	6539.665683457613
2175.0	86	6539.383704196164
2176.0	63	6539.100424846038
2177.0	77	6538.815846753939
2178.0	64	6538.529971265496
2179.0	67	6538.242799725343
2180.0	81	6537.954333477144
2181.0	71	6537.664573863492
2182.0	93	6537.3735222259975
2183.0	67	6537.081179905275
2184.0	76	6536.787548240973
2185.0	71	6536.4926285716165
2186.0	82	6536.196422234847
2187.0	90	6535.898930567197
2188.0	72	6535.600154904298
2189.0	86	6535.300096580689
2190.0	82	6534.998756929976
2191.0	59	6534.6961372846945
2192.0	76	6534.392238976456
2193.0	65	6534.087063335814
2194.0	73	6533.780611692313
2195.0	74	6533.472885374558
2196.0	61	6533.16388571009
2197.0	57	6532.853614025502
2198.0	68	6532.542071646358
2199.0	59	6532.22925989723
2200.0	80	6531.9151801017015
2201.0	74	6531.599833582387
2202.0	78	6531.283221660844
2203.0	47	6530.965345657679
2204.0	64	6530.646206892506
2205.0	80	6530.325806683922
2206.0	73	6530.004146349558
2207.0	82	6529.68122720602
2208.0	55	6529.357050568953
2209.0	64	6529.0316177530185
2210.0	75	6528.704930071861
2211.0	79	6528.376988838119
2212.0	71	6528.047795363521
2213.0	78	6527.717350958723
2214.0	63	6527.385656933421
2215.0	66	6527.052714596373
2216.0	83	6526.718525255279
2217.0	71	6526.383090216869
2218.0	73	6526.046410786951
2219.0	74	6525.708488270248
2220.0	82	6525.369323970627
2221.0	65	6525.028919190839
2222.0	74	6524.687275232745
2223.0	74	6524.344393397164
2224.0	94	6524.000274984
2225.0	81	6523.6549212921145
2226.0	76	6523.308333619443
2227.0	78	6522.960513262898
2228.0	80	6522.611461518446
2229.0	78	6522.261179681046
2230.0	82	6521.90966904471
2231.0	80	6521.556930902449
2232.0	62	6521.202966546332
2233.0	82	6520.8477772674205
2234.0	71	6520.491364355817
2235.0	82	6520.133729100644
2236.0	66	6519.774872790047
2237.0	63	6519.41479671122
2238.0	79	6519.053502150376
2239.0	67	6518.6909903927335
2240.0	84	6518.327262722582
2241.0	79	6517.962320423233
2242.0	71	6517.596164776968
2243.0	61	6517.2287970652105
2244.0	66	6516.860218568292
2245.0	65	6516.490430565693
2246.0	78	6516.119434335857
2247.0	77	6515.747231156265
2248.0	81	6515.373822303476
2249.0	77	6514.999209053028
2250.0	71	6514.62339267955
2251.0	85	6514.246374456649
2252.0	84	6513.868155657041
2253.0	61	6513.488737552406
2254.0	68	6513.108121413527
2255.0	75	6512.726308510185
2256.0	82	6512.343300111218
2257.0	82	6511.959097484501
2258.0	69	6511.573701896924
2259.0	78	6511.187114614505
2260.0	64	6510.799336902166
2261.0	68	6510.410370024027
2262.0	66	6510.02021524312
2263.0	76	6509.628873821599
2264.0	74	6509.23634702065
2265.0	65	6508.842636100487
2266.0	75	6508.447742320389
2267.0	61	6508.05166693864
2268.0	71	6507.654411212662
2269.0	73	6507.255976398796
2270.0	82	6506.8563637525785
2271.0	71	6506.455574528467
2272.0	73	6506.053609980062
2273.0	67	6505.650471359964
2274.0	47	6505.246159919827
2275.0	65	6504.840676910358
2276.0	66	6504.434023581353
2277.0	71	6504.026201181611
2278.0	78	6503.617210959036
2279.0	62	6503.2070541605535
2280.0	75	6502.7957320321275
2281.0	85	6502.38324581882
2282.0	78	6501.969596764728
2283.0	72	6501.554786113016
2284.0	71	6501.1388151058745
2285.0	89	6500.721684984581
2286.0	77	6500.303396989493
2287.0	71	6499.883952359992
2288.0	76	6499.463352334523
2289.0	72	6499.041598150579
2290.0	60	6498.618691044772
2291.0	67	6498.194632252724
2292.0	56	6497.769423009141
2293.0	86	6497.343064547789
2294.0	72	6496.915558101456
2295.0	65	6496.486904902076
2296.0	67	6496.057106180593
2297.0	78	6495.626163167037
2298.0	78	6495.194077090485
2299.0	75	6494.760849179091
2300.0	70	6494.3264806601
2301.0	69	6493.8909727597875
2302.0	68	6493.454326703539
2303.0	69	6493.016543715731
2304.0	69	6492.5776250199315
2305.0	76	6492.137571838689
2306.0	65	6491.696385393633
2307.0	65	6491.254066905488
2308.0	71	6490.810617594063
2309.0	73	6490.366038678188
2310.0	91	6489.920331375813
2311.0	68	6489.4734969039555
2312.0	73	6489.025536478702
2313.0	65	6488.576451315233
2314.0	78	6488.126242627735
2315.0	63	6487.6749116295605
2316.0	72	6487.2224595331145
2317.0	76	6486.768887549848
2318.0	63	6486.314196890313
2319.0	59	6485.858388764139
2320.0	73	6485.401464380036
2321.0	76	6484.943424945803
2322.0	67	6484.484271668311
2323.0	72	6484.024005753509
2324.0	62	6483.562628406454
2325.0	95	6483.100140831235
2326.0	80	6482.6365442310735
2327.0	73	6482.171839808267
2328.0	74	6481.706028764169
2329.0	75	6481.239112299245
2330.0	65	6480.771091613046
2331.0	61	6480.301967904201
2332.0	72	6479.831742370445
2333.0	83	6479.360416208559
2334.0	72	6478.887990614453
2335.0	75	6478.414466783118
2336.0	78	6477.939845908623
2337.0	79	6477.464129184121
2338.0	62	6476.987317801906
2339.0	80	6476.509412953285
2340.0	66	6476.030415828751
2341.0	65	6475.550327617788
2342.0	69	6475.069149509033
2343.0	68	6474.58688269025
2344.0	55	6474.1035283481615
2345.0	72	6473.619087668789
2346.0	70	6473.1335618370895
2347.0	80	6472.646952037177
2348.0	83	6472.159259452252
2349.0	77	6471.670485264601
2350.0	67	6471.180630655633
2351.0	72	6470.689696805861
2352.0	62	6470.197684894842
2353.0	64	6469.7045961013055
2354.0	63	6469.21043160307
2355.0	61	6468.715192576955
2356.0	77	6468.218880199033
2357.0	66	6467.721495644376
2358.0	61	6467.223040087216
2359.0	84	6466.723514700833
2360.0	66	6466.222920657649
2361.0	77	6465.721259129206
2362.0	67	6465.218531286108
2363.0	76	6464.7147382980875
2364.0	73	6464.209881333986
2365.0	77	6463.70396156176
2366.0	65	6463.196980148428
2367.0	80	6462.688938260201
2368.0	93	6462.179837062319
2369.0	77	6461.669677719169
2370.0	69	6461.158461394248
2371.0	75	6460.646189250125
2372.0	73	6460.132862448589
2373.0	68	6459.61848215038
2374.0	71	6459.103049515494
2375.0	48	6458.586565702965
2376.0	56	6458.069031870941
2377.0	67	6457.550449176735
2378.0	83	6457.030818776698
2379.0	63	6456.510141826391
2380.0	74	6455.9884194804
2381.0	72	6455.465652892512
2382.0	74	6454.941843215557
2383.0	66	6454.4169916015
2384.0	61	6453.8910992014835
2385.0	83	6453.364167165701
2386.0	71	6452.836196643467
2387.0	66	6452.3071887832875
2388.0	78	6451.777144732698
2389.0	76	6451.246065638415
2390.0	85	6450.713952646276
2391.0	62	6450.180806901187
2392.0	70	6449.646629547245
2393.0	69	6449.111421727649
2394.0	70	6448.5751845847035
2395.0	62	6448.0379192598275
2396.0	65	6447.499626893611
2397.0	75	6446.960308625774
2398.0	73	6446.419965595087
2399.0	69	6445.878598939533
2400.0	84	6445.336209796143
2401.0	87	6444.792799301188
2402.0	68	6444.248368589944
2403.0	81	6443.702918796896
2404.0	57	6443.1564510556545
2405.0	63	6442.608966498906
2406.0	71	6442.060466258546
2407.0	64	6441.510951465522
2408.0	77	6440.960423249975
2409.0	66	6440.408882741163
2410.0	72	6439.85633106748
2411.0	70	6439.302769356443
2412.0	85	6438.7481987346655
2413.0	72	6438.192620327994
2414.0	61	6437.636035261349
2415.0	77	6437.078444658788
2416.0	65	6436.519849643512
2417.0	83	6435.960251337863
2418.0	77	6435.399650863309
2419.0	77	6434.838049340496
2420.0	59	6434.275447889146
2421.0	68	6433.711847628185
2422.0	72	6433.147249675631
2423.0	79	6432.581655148675
2424.0	71	6432.015065163648
2425.0	76	6431.447480835987
2426.0	72	6430.87890328032
2427.0	76	6430.309333610393
2428.0	62	6429.7387729390875
2429.0	76	6429.167222378475
2430.0	61	6428.594683039699
2431.0	64	6428.021156033129
2432.0	74	6427.446642468212
2433.0	69	6426.871143453598
2434.0	83	6426.294660097031
2435.0	73	6425.717193505445
2436.0	81	6425.138744784918
2437.0	64	6424.559315040669
2438.0	70	6423.978905377048
2439.0	63	6423.39751689757
2440.0	62	6422.8151507049415
2441.0	69	6422.231807900937
2442.0	84	6421.647489586575
2443.0	68	6421.062196861934
2444.0	74	6420.475930826328
2445.0	77	6419.888692578191
2446.0	74	6419.300483215067
2447.0	81	6418.711303833752
2448.0	78	6418.121155530135
2449.0	69	6417.530039399253
2450.0	71	6416.937956535332
2451.0	70	6416.34490803172
2452.0	65	6415.750894980951
2453.0	65	6415.155918474719
2454.0	77	6414.559979603869
2455.0	80	6413.963079458401
2456.0	74	6413.365219127463
2457.0	72	6412.766399699386
2458.0	76	6412.166622261678
2459.0	61	6411.5658879009725
2460.0	83	6410.964197703064
2461.0	58	6410.361552752918
2462.0	66	6409.757954134708
2463.0	82	6409.153402931718
2464.0	77	6408.5479002263955
2465.0	81	6407.941447100361
2466.0	83	6407.334044634464
2467.0	79	6406.725693908632
2468.0	65	6406.116396001989
2469.0	68	6405.506151992826
2470.0	63	6404.894962958604
2471.0	70	6404.28282997598
2472.0	72	6403.669754120755
2473.0	63	6403.0557364678625
2474.0	75	6402.440778091479
2475.0	81	6401.824880064897
2476.0	72	6401.208043460623
2477.0	66	6400.590269350284
2478.0	91	6399.97155880473
2479.0	62	6399.351912893911
2480.0	66	6398.731332687071
2481.0	59	6398.109819252539
2482.0	75	6397.4873736578065
2483.0	84	6396.863996969586
2484.0	57	6396.2396902537785
2485.0	70	6395.614454575394
2486.0	78	6394.988290998673
2487.0	65	6394.361200587019
2488.0	74	6393.733184403001
2489.0	85	6393.10424350841
2490.0	79	6392.474378964179
2491.0	76	6391.843591830409
2492.0	66	6391.2118831663865
2493.0	93	6390.5792540306375
2494.0	84	6389.94570548079
2495.0	66	6389.311238573698
2496.0	77	6388.675854365366
2497.0	83	6388.039553911022
2498.0	71	6387.402338265061
2499.0	72	6386.764208481051
2500.0	67	6386.12516561176
2501.0	69	6385.4852107091
2502.0	77	6384.84434482424
2503.0	77	6384.202569007493
2504.0	68	6383.559884308339
2505.0	55	6382.916291775493
2506.0	80	6382.271792456804
2507.0	63	6381.62638739938
2508.0	67	6380.980077649455
2509.0	73	6380.3328642524675
2510.0	72	6379.684748253071
2511.0	61	6379.035730695066
2512.0	65	6378.385812621493
2513.0	83	6377.734995074562
2514.0	56	6377.0832790956465
2515.0	69	6376.430665725355
2516.0	81	6375.777156003505
2517.0	74	6375.122750969039
2518.0	59	6374.467451660142
2519.0	88	6373.811259114201
2520.0	77	6373.154174367725
2521.0	59	6372.496198456561
2522.0	78	6371.837332415604
2523.0	72	6371.177577279032
2524.0	71	6370.516934080162
2525.0	76	6369.855403851617
2526.0	69	6369.1929876251
2527.0	71	6368.529686431551
2528.0	59	6367.865501301141
2529.0	74	6367.200433263196
2530.0	79	6366.534483346291
2531.0	67	6365.867652578181
2532.0	78	6365.199941985778
2533.0	58	6364.531352595257
2534.0	85	6363.861885432012
2535.0	77	6363.191541520556
2536.0	89	6362.520321884684
2537.0	78	6361.848227547347
2538.0	55	6361.175259530727
2539.0	78	6360.501418856205
2540.0	77	6359.826706544388
2541.0	101	6359.151123615035
2542.0	66	6358.474671087169
2543.0	75	6357.79734997899
2544.0	67	6357.119161307952
2545.0	71	6356.440106090632
2546.0	69	6355.760185342887
2547.0	64	6355.079400079718
2548.0	85	6354.397751315466
2549.0	76	6353.715240063546
2550.0	65	6353.031867336651
2551.0	68	6352.347634146651
2552.0	88	6351.662541504682
2553.0	59	6350.976590421037
2554.0	69	6350.289781905269
2555.0	64	6349.602116966095
2556.0	81	6348.913596611442
2557.0	92	6348.224221848583
2558.0	54	6347.533993683843
2559.0	64	6346.842913122822
2560.0	67	6346.150981170342
2561.0	81	6345.458198830496
2562.0	56	6344.764567106476
2563.0	64	6344.070087000801
2564.0	68	6343.374759515168
2565.0	88	6342.678585650444
2566.0	62	6341.9815664068165
2567.0	69	6341.283702783622
2568.0	67	6340.58499577945
2569.0	57	6339.885446392065
2570.0	82	6339.185055618511
2571.0	72	6338.483824455032
2572.0	76	6337.781753897096
2573.0	72	6337.078844939397
2574.0	70	6336.375098575798
2575.0	61	6335.670515799505
2576.0	83	6334.96509760286
2577.0	72	6334.258844977447
2578.0	80	6333.551758914068
2579.0	74	6332.843840402773
2580.0	66	6332.135090432851
2581.0	61	6331.425509992783
2582.0	65	6330.715100070295
2583.0	64	6330.0038616523425
2584.0	65	6329.291795725107
2585.0	68	6328.578903274031
2586.0	84	6327.865185283725
2587.0	67	6327.150642738079
2588.0	55	6326.435276620186
2589.0	59	6325.7190879124055
2590.0	86	6325.002077596303
2591.0	72	6324.284246652678
2592.0	76	6323.565596061547
2593.0	68	6322.846126802219
2594.0	64	6322.125839853193
2595.0	77	6321.404736192204
2596.0	79	6320.68281679624
2597.0	70	6319.960082641482
2598.0	61	6319.236534703419
2599.0	72	6318.512173956712
2600.0	70	6317.787001375299
2601.0	77	6317.061017932335
2602.0	78	6316.334224600229
2603.0	80	6315.606622350629
2604.0	74	6314.878212154408
2605.0	85	6314.148994981681
2606.0	74	6313.418971801808
2607.0	66	6312.688143583393
2608.0	73	6311.956511294313
2609.0	85	6311.224075901616
2610.0	69	6310.490838371635
2611.0	65	6309.756799669957
2612.0	70	6309.021960761397
2613.0	76	6308.286322610033
2614.0	94	6307.549886179141
2615.0	79	6306.812652431248
2616.0	67	6306.074622328229
2617.0	69	6305.335796831089
2618.0	67	6304.596176900107
2619.0	62	6303.855763494819
2620.0	70	6303.114557574048
2621.0	77	6302.372560095778
2622.0	58	6301.629772017352
2623.0	64	6300.886194295249
2624.0	60	6300.141827885267
2625.0	77	6299.396673742441
2626.0	60	6298.650732821078
2627.0	63	6297.904006074678
2628.0	72	6297.156494456052
2629.0	75	6296.408198917236
2630.0	83	6295.659120409507
2631.0	62	6294.909259883439
2632.0	71	6294.158618288814
2633.0	80	6293.407196574678
2634.0	68	6292.654995689369
2635.0	55	6291.902016580427
2636.0	69	6291.1482601946955
2637.0	82	6290.393727478236
2638.0	69	6289.638419376362
2639.0	59	6288.88233683372
2640.0	88	6288.125480794127
2641.0	70	6287.367852200704
2642.0	74	6286.609451995804
2643.0	69	6285.850281121052
2644.0	68	6285.09034051737
2645.0	65	6284.329631124873
2646.0	69	6283.568153882984
2647.0	66	6282.80590973035
2648.0	79	6282.042899604947
2649.0	58	6281.279124443935
2650.0	68	6280.514585183773
2651.0	84	6279.749282760186
2652.0	77	6278.983218108178
2653.0	91	6278.216392161999
2654.0	71	6277.448805855158
2655.0	56	6276.6804601204185
2656.0	66	6275.911355889832
2657.0	72	6275.141494094721
2658.0	76	6274.370875665677
2659.0	96	6273.5995015325225
2660.0	81	6272.827372624383
2661.0	87	6272.054489869647
2662.0	63	6271.280854195976
2663.0	58	6270.50646653028
2664.0	83	6269.731327798736
2665.0	75	6268.955438926837
2666.0	64	6268.178800839299
2667.0	87	6267.401414460133
2668.0	72	6266.623280712616
2669.0	69	6265.844400519298
2670.0	78	6265.064774802002
2671.0	86	6264.284404481829
2672.0	75	6263.503290479124
2673.0	51	6262.721433713578
2674.0	73	6261.938835104059
2675.0	74	6261.155495568802
2676.0	71	6260.371416025265
2677.0	73	6259.586597390188
2678.0	79	6258.8010405795785
2679.0	67	6258.014746508759
2680.0	70	6257.2277160923395
2681.0	68	6256.439950244137
2682.0	78	6255.651449877277
2683.0	73	6254.862215904194
2684.0	69	6254.072249236599
2685.0	85	6253.281550785447
2686.0	70	6252.490121461008
2687.0	78	6251.697962172793
2688.0	59	6250.905073829649
2689.0	65	6250.1114573396735
2690.0	71	6249.317113610264
2691.0	63	6248.522043548039
2692.0	82	6247.726248058972
2693.0	73	6246.929728048337
2694.0	77	6246.132484420617
2695.0	71	6245.334518079624
2696.0	70	6244.535829928438
2697.0	77	6243.73642086945
2698.0	71	6242.936291804329
2699.0	72	6242.135443634014
2700.0	80	6241.333877258763
2701.0	71	6240.531593578048
2702.0	68	6239.7285934907595
2703.0	66	6238.924877894948
2704.0	78	6238.12044768802
2705.0	59	6237.31530376668
2706.0	70	6236.509447026853
2707.0	70	6235.702878363864
2708.0	72	6234.89559867223
2709.0	71	6234.08760884581
2710.0	70	6233.278909777736
2711.0	71	6232.4695023604645
2712.0	74	6231.6593874856935
2713.0	74	6230.848566044458
2714.0	66	6230.037038927088
2715.0	61	6229.224807023163
2716.0	66	6228.411871221609
2717.0	79	6227.598232410615
2718.0	64	6226.783891477675
2719.0	76	6225.968849309601
2720.0	70	6225.153106792475
2721.0	100	6224.336664811678
2722.0	81	6223.519524251918
2723.0	76	6222.701685997145
2724.0	67	6221.883150930673
2725.0	73	6221.063919935082
2726.0	63	6220.243993892262
2727.0	74	6219.423373683375
2728.0	66	6218.602060188909
2729.0	62	6217.780054288661
2730.0	71	6216.95735686173
2731.0	68	6216.133968786487
2732.0	73	6215.309890940641
2733.0	65	6214.485124201167
2734.0	55	6213.659669444406
2735.0	74	6212.833527545927
2736.0	63	6212.006699380663
2737.0	68	6211.179185822825
2738.0	65	6210.350987745905
2739.0	59	6209.522106022789
2740.0	79	6208.69254152557
2741.0	69	6207.8622951257
2742.0	76	6207.031367693915
2743.0	59	6206.199760100294
2744.0	74	6205.367473214186
2745.0	72	6204.534507904278
2746.0	66	6203.700865038549
2747.0	86	6202.866545484286
2748.0	72	6202.031550108098
2749.0	72	6201.195879775913
2750.0	71	6200.359535352963
2751.0	65	6199.522517703747
2752.0	63	6198.6848276921355
2753.0	68	6197.846466181318
2754.0	64	6197.007434033759
2755.0	62	6196.167732111219
2756.0	59	6195.327361274844
2757.0	68	6194.486322385044
2758.0	73	6193.644616301536
2759.0	67	6192.802243883386
2760.0	62	6191.959205988924
2761.0	60	6191.115503475909
2762.0	92	6190.271137201267
2763.0	74	6189.426108021365
2764.0	72	6188.580416791819
2765.0	84	6187.734064367553
2766.0	89	6186.887051602893
2767.0	67	6186.039379351404
2768.0	67	6185.191048465988
2769.0	62	6184.342059798881
2770.0	66	6183.49241420165
2771.0	72	6182.642112525181
2772.0	69	6181.791155619635
2773.0	68	6180.939544334553
2774.0	64	6180.087279518751
2775.0	75	6179.2343620204165
2776.0	76	6178.380792687019
2777.0	66	6177.526572365375
2778.0	68	6176.671701901618
2779.0	67	6175.81618214122
2780.0	81	6174.960013928943
2781.0	71	6174.1031981089245
2782.0	60	6173.245735524587
2783.0	55	6172.387627018666
2784.0	74	6171.528873433296
2785.0	90	6170.669475609883
2786.0	83	6169.8094343891535
2787.0	74	6168.948750611205
2788.0	83	6168.0874251154255
2789.0	79	6167.225458740563
2790.0	70	6166.362852324661
2791.0	69	6165.499606705161
2792.0	67	6164.635722718712
2793.0	77	6163.77120120143
2794.0	57	6162.906042988667
2795.0	82	6162.04024891517
2796.0	66	6161.173819814963
2797.0	59	6160.306756521442
2798.0	81	6159.439059867342
2799.0	81	6158.570730684693
2800.0	80	6157.701769804898
2801.0	71	6156.832178058644
2802.0	72	6155.961956276034
2803.0	81	6155.0911052864385
2804.0	57	6154.2196259186085
2805.0	67	6153.3475190005665
2806.0	60	6152.474785359749
2807.0	61	6151.601425822881
2808.0	60	6150.727441216065
2809.0	70	6149.852832364689
2810.0	70	6148.977600093504
2811.0	71	6148.101745226645
2812.0	75	6147.2252685875155
2813.0	67	6146.348170998913
2814.0	56	6145.470453282927
2815.0	71	6144.592116261038
2816.0	80	6143.713160754041
2817.0	73	6142.83358758206
2818.0	74	6141.953397564605
2819.0	75	6141.072591520476
2820.0	72	6140.191170267861
2821.0	64	6139.309134624279
2822.0	65	6138.426485406594
2823.0	83	6137.543223430998
2824.0	84	6136.659349513016
2825.0	58	6135.774864467568
2826.0	67	6134.88976910891
2827.0	63	6134.0040642506065
2828.0	81	6133.117750705587
2829.0	72	6132.230829286158
2830.0	78	6131.343300803926
2831.0	81	6130.455166069888
2832.0	91	6129.566425894345
2833.0	58	6128.677081086975
2834.0	84	6127.78713245686
2835.0	61	6126.896580812313
2836.0	83	6126.005426961087
2837.0	76	6125.11367171024
2838.0	69	6124.221315866216
2839.0	65	6123.328360234811
2840.0	76	6122.4348056211375
2841.0	56	6121.5406528296935
2842.0	70	6120.645902664295
2843.0	61	6119.750555928155
2844.0	62	6118.854613423836
2845.0	66	6117.958075953209
2846.0	78	6117.060944317545
2847.0	69	6116.163219317462
2848.0	79	6115.264901752929
2849.0	68	6114.365992423256
2850.0	74	6113.466492127145
2851.0	71	6112.566401662586
2852.0	65	6111.665721827047
2853.0	77	6110.764453417233
2854.0	83	6109.862597229279
2855.0	70	6108.960154058645
2856.0	73	6108.057124700159
2857.0	66	6107.153509948027
2858.0	71	6106.249310595808
2859.0	77	6105.3445274364
2860.0	72	6104.439161262047
2861.0	79	6103.533212864432
2862.0	81	6102.626683034541
2863.0	71	6101.719572562722
2864.0	76	6100.811882238708
2865.0	77	6099.90361285156
2866.0	67	6098.994765189767
2867.0	66	6098.08534004112
2868.0	80	6097.175338192791
2869.0	64	6096.264760431329
2870.0	72	6095.353607542672
2871.0	71	6094.441880312065
2872.0	69	6093.529579524143
2873.0	86	6092.616705962934
2874.0	75	6091.703260411806
2875.0	65	6090.789243653496
2876.0	72	6089.874656470125
2877.0	62	6088.959499643178
2878.0	76	6088.043773953471
2879.0	74	6087.127480181276
2880.0	74	6086.210619106151
2881.0	63	6085.293191507052
2882.0	71	6084.375198162305
2883.0	62	6083.45663984962
2884.0	71	6082.537517346073
2885.0	83	6081.617831428106
2886.0	82	6080.697582871534
2887.0	74	6079.77677245153
2888.0	70	6078.855400942675
2889.0	73	6077.9334691189115
2890.0	54	6077.010977753539
2891.0	59	6076.087927619247
2892.0	82	6075.16431948809
2893.0	70	6074.240154131497
2894.0	53	6073.315432320312
2895.0	83	6072.390154824679
2896.0	76	6071.464322414198
2897.0	90	6070.537935857795
2898.0	96	6069.610995923797
2899.0	72	6068.683503379877
2900.0	77	6067.755458993155
2901.0	69	6066.826863530039
2902.0	70	6065.89771775638
2903.0	60	6064.968022437402
2904.0	71	6064.037778337723
2905.0	83	6063.1069862212335
2906.0	69	6062.17564685138
2907.0	66	6061.243760990863
2908.0	70	6060.311329401782
2909.0	60	6059.378352845662
2910.0	67	6058.44483208337
2911.0	64	6057.510767875204
2912.0	83	6056.576160980771
2913.0	59	6055.641012159157
2914.0	78	6054.705322168727
2915.0	74	6053.76909176731
2916.0	60	6052.832321712099
2917.0	73	6051.895012759658
2918.0	71	6050.957165665975
2919.0	83	6050.018781186339
2920.0	82	6049.079860075526
2921.0	53	6048.1404030876665
2922.0	74	6047.200410976233
2923.0	79	6046.259884494154
2924.0	59	6045.318824393692
2925.0	67	6044.377231426555
2926.0	55	6043.435106343756
2927.0	64	6042.4924498958
2928.0	82	6041.549262832486
2929.0	86	6040.605545903091
2930.0	78	6039.66129985622
2931.0	66	6038.716525439884
2932.0	71	6037.771223401504
2933.0	71	6036.825394487867
2934.0	63	6035.879039445201
2935.0	57	6034.932159019064
2936.0	61	6033.984753954431
2937.0	82	6033.036824995684
2938.0	68	6032.088372886619
2939.0	66	6031.139398370394
2940.0	76	6030.18990218954
2941.0	62	6029.23988508603
2942.0	77	6028.289347801203
2943.0	57	6027.338291075831
2944.0	88	6026.386715650053
2945.0	62	6025.434622263399
2946.0	56	6024.482011654805
2947.0	82	6023.5288845626355
2948.0	72	6022.575241724619
2949.0	83	6021.621083877886
2950.0	86	6020.666411758962
2951.0	68	6019.711226103771
2952.0	83	6018.755527647702
2953.0	61	6017.799317125446
2954.0	63	6016.842595271164
2955.0	69	6015.88536281837
2956.0	61	6014.927620500005
2957.0	71	6013.969369048457
2958.0	76	6013.010609195433
2959.0	80	6012.051341672079
2960.0	81	6011.091567208964
2961.0	82	6010.131286536049
2962.0	63	6009.17050038268
2963.0	66	6008.209209477618
2964.0	85	6007.247414549041
2965.0	57	6006.285116324531
2966.0	71	6005.322315531074
2967.0	76	6004.359012895038
2968.0	83	6003.395209142245
2969.0	73	6002.430904997864
2970.0	56	6001.466101186543
2971.0	65	6000.500798432272
2972.0	70	5999.534997458482
2973.0	63	5998.568698988013
2974.0	70	5997.601903743134
2975.0	86	5996.634612445474
2976.0	68	5995.666825816085
2977.0	73	5994.69854457547
2978.0	76	5993.729769443487
2979.0	76	5992.760501139469
2980.0	80	5991.790740382094
2981.0	75	5990.820487889508
2982.0	77	5989.8497443792185
2983.0	86	5988.878510568169
2984.0	68	5987.906787172753
2985.0	74	5986.934574908731
2986.0	71	5985.961874491278
2987.0	57	5984.988686634999
2988.0	72	5984.015012053923
2989.0	73	5983.040851461454
2990.0	67	5982.066205570491
2991.0	75	5981.091075093261
2992.0	69	5980.115460741422
2993.0	60	5979.13936322614
2994.0	69	5978.162783257878
2995.0	94	5977.185721546592
2996.0	63	5976.2081788015985
2997.0	67	5975.230155731713
2998.0	82	5974.2516530450985
2999.0	81	5973.2726714493765
3000.0	61	5972.293211651562
3001.0	78	5971.313274358091
3002.0	69	5970.33286027486
3003.0	73	5969.351970107139
3004.0	78	5968.370604559653
3005.0	75	5967.388764336522
3006.0	74	5966.406450141313
3007.0	96	5965.423662676995
3008.0	67	5964.4404026459515
3009.0	75	5963.4566707500435
3010.0	85	5962.472467690467
3011.0	73	5961.48779416794
3012.0	79	5960.502650882548
3013.0	76	5959.517038533812
3014.0	79	5958.530957820638
3015.0	77	5957.544409441441
3016.0	85	5956.557394094026
3017.0	73	5955.569912475582
3018.0	76	5954.581965282784
3019.0	69	5953.593553211692
3020.0	67	5952.604676957839
3021.0	71	5951.615337216147
3022.0	82	5950.625534680969
3023.0	64	5949.63527004609
3024.0	69	5948.644544004747
3025.0	73	5947.653357249601
3026.0	59	5946.661710472721
3027.0	88	5945.669604365615
3028.0	73	5944.677039619226
3029.0	78	5943.684016923917
3030.0	72	5942.6905369695105
3031.0	69	5941.696600445242
3032.0	63	5940.702208039776
3033.0	70	5939.7073604412035
3034.0	68	5938.712058337094
3035.0	82	5937.716302414368
3036.0	64	5936.7200933594695
3037.0	76	5935.723431858202
3038.0	80	5934.726318595883
3039.0	51	5933.728754257177
3040.0	68	5932.730739526233
3041.0	58	5931.732275086644
3042.0	74	5930.733361621419
3043.0	79	5929.733999813024
3044.0	76	5928.734190343326
3045.0	70	5927.7339338936545
3046.0	61	5926.733231144776
3047.0	76	5925.732082776905
3048.0	57	5924.730489469669
3049.0	62	5923.728451902162
3050.0	82	5922.725970752892
3051.0	80	5921.723046699803
3052.0	78	5920.719680420321
3053.0	65	5919.715872591292
3054.0	61	5918.711623888981
3055.0	64	5917.706934989089
3056.0	72	5916.70180656683
3057.0	76	5915.696239296778
3058.0	70	5914.69023385299
3059.0	80	5913.683790908967
3060.0	75	5912.676911137615
3061.0	83	5911.669595211343
3062.0	62	5910.661843801965
3063.0	72	5909.653657580761
3064.0	58	5908.645037218422
3065.0	70	5907.635983385094
3066.0	71	5906.626496750423
3067.0	77	5905.61657798343
3068.0	69	5904.60622775262
3069.0	83	5903.595446725917
3070.0	67	5902.584235570737
3071.0	65	5901.572594953903
3072.0	76	5900.560525541712
3073.0	63	5899.548027999881
3074.0	75	5898.535102993582
3075.0	76	5897.521751187492
3076.0	76	5896.507973245646
3077.0	64	5895.493769831597
3078.0	79	5894.479141608294
3079.0	80	5893.464089238222
3080.0	61	5892.448613383227
3081.0	60	5891.432714704647
3082.0	69	5890.416393863263
3083.0	69	5889.399651519331
3084.0	80	5888.382488332517
3085.0	66	5887.36490496198
3086.0	79	5886.346902066313
3087.0	89	5885.328480303545
3088.0	65	5884.309640331223
3089.0	69	5883.290382806275
3090.0	72	5882.270708385104
3091.0	75	5881.250617723584
3092.0	59	5880.2301114770535
3093.0	64	5879.209190300286
3094.0	61	5878.187854847525
3095.0	79	5877.166105772434
3096.0	60	5876.143943728178
3097.0	72	5875.121369367377
3098.0	69	5874.09838334208
3099.0	85	5873.074986303814
3100.0	67	5872.051178903552
3101.0	74	5871.026961791729
3102.0	77	5870.002335618272
3103.0	71	5868.97730103252
3104.0	66	5867.95185868328
3105.0	73	5866.926009218842
3106.0	75	5865.899753286965
3107.0	69	5864.873091534816
3108.0	65	5863.846024609088
3109.0	76	5862.818553155888
3110.0	80	5861.7906778208
3111.0	82	5860.762399248876
3112.0	76	5859.733718084639
3113.0	56	5858.704634972059
3114.0	77	5857.675150554556
3115.0	72	5856.645265475062
3116.0	77	5855.614980375934
3117.0	69	5854.584295899005
3118.0	72	5853.553212685571
3119.0	52	5852.521731376375
3120.0	94	5851.489852611692
3121.0	77	5850.4575770311885
3122.0	57	5849.42490527404
3123.0	67	5848.39183797885
3124.0	74	5847.358375783755
3125.0	65	5846.324519326286
3126.0	81	5845.290269243489
3127.0	83	5844.255626171876
3128.0	76	5843.220590747392
3129.0	61	5842.185163605512
3130.0	74	5841.149345381121
3131.0	64	5840.113136708611
3132.0	63	5839.07653822183
3133.0	69	5838.03955055408
3134.0	77	5837.002174338169
3135.0	66	5835.964410206369
3136.0	63	5834.9262587904095
3137.0	67	5833.887720721474
3138.0	66	5832.848796630292
3139.0	72	5831.809487146971
3140.0	76	5830.76979290118
3141.0	56	5829.729714521968
3142.0	74	5828.6892526379415
3143.0	62	5827.648407877161
3144.0	69	5826.607180867121
3145.0	65	5825.565572234836
3146.0	84	5824.523582606772
3147.0	77	5823.481212608894
3148.0	75	5822.438462866635
3149.0	71	5821.395334004861
3150.0	79	5820.351826647984
3151.0	77	5819.307941419855
3152.0	71	5818.263678943805
3153.0	59	5817.219039842645
3154.0	65	5816.174024738687
3155.0	75	5815.128634253663
3156.0	97	5814.082869008864
3157.0	61	5813.036729624996
3158.0	87	5811.990216722286
3159.0	62	5810.9433309204005
3160.0	67	5809.896072838508
3161.0	74	5808.848443095283
3162.0	59	5807.800442308857
3163.0	63	5806.7520710968265
3164.0	71	5805.7033300763005
3165.0	52	5804.654219863862
3166.0	77	5803.604741075556
3167.0	70	5802.5548943269505
3168.0	73	5801.504680233039
3169.0	79	5800.454099408358
3170.0	70	5799.403152466908
3171.0	73	5798.351840022164
3172.0	72	5797.300162687084
3173.0	67	5796.248121074119
3174.0	79	5795.195715795226
3175.0	78	5794.142947461801
3176.0	83	5793.089816684783
3177.0	60	5792.0363240745355
3178.0	66	5790.982470240952
3179.0	86	5789.928255793423
3180.0	68	5788.873681340783
3181.0	73	5787.818747491395
3182.0	67	5786.763454853073
3183.0	72	5785.707804033171
3184.0	71	5784.651795638475
3185.0	76	5783.595430275314
3186.0	77	5782.538708549445
3187.0	67	5781.481631066169
3188.0	69	5780.42419843028
3189.0	72	5779.366411246023
3190.0	69	5778.30827011715
3191.0	71	5777.249775646906
3192.0	74	5776.190928438042
3193.0	83	5775.131729092785
3194.0	84	5774.0721782128785
3195.0	56	5773.012276399508
3196.0	62	5771.952024253408
3197.0	69	5770.891422374781
3198.0	83	5769.830471363328
3199.0	64	5768.769171818232
3200.0	68	5767.707524338181
3201.0	66	5766.64552952138
3202.0	69	5765.5831879654825
3203.0	72	5764.520500267694
3204.0	67	5763.457467024659
3205.0	56	5762.394088832553
3206.0	78	5761.330366287057
3207.0	59	5760.266299983317
3208.0	55	5759.201890516016
3209.0	64	5758.137138479302
3210.0	64	5757.072044466797
3211.0	73	5756.006609071718
3212.0	64	5754.940832886678
3213.0	71	5753.874716503867
3214.0	72	5752.808260514882
3215.0	62	5751.741465510938
3216.0	72	5750.674332082667
3217.0	73	5749.606860820224
3218.0	68	5748.539052313257
3219.0	71	5747.470907150932
3220.0	70	5746.4024259219295
3221.0	73	5745.3336092143945
3222.0	78	5744.264457615979
3223.0	68	5743.194971713877
3224.0	66	5742.125152094733
3225.0	72	5741.054999344751
3226.0	61	5739.984514049612
3227.0	66	5738.913696794474
3228.0	77	5737.842548164012
3229.0	61	5736.771068742487
3230.0	73	5735.6992591135395
3231.0	78	5734.6271198604
3232.0	78	5733.554651565758
3233.0	66	5732.481854811856
3234.0	70	5731.408730180391
3235.0	61	5730.335278252634
3236.0	70	5729.261499609277
3237.0	99	5728.187394830582
3238.0	72	5727.112964496309
3239.0	68	5726.038209185731
3240.0	78	5724.963129477615
3241.0	75	5723.887725950208
3242.0	76	5722.811999181357
3243.0	66	5721.735949748321
3244.0	73	5720.659578227924
3245.0	84	5719.582885196482
3246.0	78	5718.505871229831
3247.0	63	5717.428536903305
3248.0	79	5716.350882791775
3249.0	81	5715.272909469601
3250.0	77	5714.194617510646
3251.0	81	5713.11600748833
3252.0	64	5712.037079975536
3253.0	71	5710.957835544698
3254.0	61	5709.878274767721
3255.0	75	5708.798398216051
3256.0	67	5707.718206460688
3257.0	65	5706.637700072062
3258.0	87	5705.556879620187
3259.0	72	5704.475745674567
3260.0	56	5703.394298804204
3261.0	75	5702.312539577626
3262.0	66	5701.230468562915
3263.0	74	5700.148086327629
3264.0	68	5699.065393438853
3265.0	76	5697.982390463195
3266.0	72	5696.899077966771
3267.0	64	5695.815456515217
3268.0	75	5694.731526673685
3269.0	65	5693.647289006847
3270.0	69	5692.562744078933
3271.0	80	5691.477892453619
3272.0	78	5690.392734694163
3273.0	90	5689.30727136329
3274.0	55	5688.221503023294
3275.0	66	5687.135430235987
3276.0	74	5686.049053562653
3277.0	93	5684.962373564154
3278.0	62	5683.875390800824
3279.0	84	5682.788105832567
3280.0	83	5681.700519218767
3281.0	65	5680.612631518371
3282.0	70	5679.524443289798
3283.0	65	5678.435955091062
3284.0	63	5677.347167479626
3285.0	67	5676.258081012534
3286.0	59	5675.168696246323
3287.0	71	5674.079013737047
3288.0	74	5672.989034040306
3289.0	66	5671.898757711242
3290.0	42	5670.808185304481
3291.0	66	5669.717317374188
3292.0	57	5668.626154474079
3293.0	57	5667.534697157381
3294.0	73	5666.442945976819
3295.0	83	5665.35090148472
3296.0	77	5664.2585642328095
3297.0	65	5663.165934772512
3298.0	80	5662.073013654652
3299.0	73	5660.979801429619
3300.0	61	5659.886298647324
3301.0	71	5658.7925058572455
3302.0	70	5657.698423608356
3303.0	62	5656.6040524491455
3304.0	56	5655.509392927681
3305.0	71	5654.414445591505
3306.0	66	5653.3192109877455
3307.0	77	5652.22368966303
3308.0	68	5651.1278821635115
3309.0	69	5650.031789034891
3310.0	83	5648.935410822415
3311.0	77	5647.838748070842
3312.0	74	5646.7418013244505
3313.0	73	5645.644571127073
3314.0	56	5644.547058022071
3315.0	68	5643.449262552367
3316.0	68	5642.35118526036
3317.0	66	5641.25282668803
3318.0	90	5640.1541873768565
3319.0	63	5639.055267867905
3320.0	63	5637.95606870173
3321.0	65	5636.856590418446
3322.0	60	5635.756833557691
3323.0	56	5634.656798658638
3324.0	62	5633.556486260024
3325.0	74	5632.455896900074
3326.0	68	5631.355031116614
3327.0	73	5630.2538894469435
3328.0	49	5629.152472427934
3329.0	59	5628.050780596
3330.0	72	5626.948814487085
3331.0	75	5625.846574636677
3332.0	88	5624.7440615797905
3333.0	72	5623.641275851003
3334.0	65	5622.538217984413
3335.0	56	5621.434888513655
3336.0	73	5620.331287971916
3337.0	82	5619.227416891919
3338.0	80	5618.123275805948
3339.0	68	5617.018865245806
3340.0	85	5615.914185742831
3341.0	64	5614.809237827924
3342.0	53	5613.70402203153
3343.0	60	5612.598538883626
3344.0	88	5611.492788913729
3345.0	76	5610.386772650908
3346.0	72	5609.280490623766
3347.0	85	5608.17394336047
3348.0	71	5607.06713138871
3349.0	65	5605.960055235737
3350.0	75	5604.852715428329
3351.0	67	5603.74511249284
3352.0	63	5602.637246955154
3353.0	60	5601.529119340671
3354.0	81	5600.420730174388
3355.0	84	5599.31207998082
3356.0	60	5598.203169284033
3357.0	55	5597.093998607647
3358.0	58	5595.98456847482
3359.0	59	5594.87487940827
3360.0	66	5593.764931930256
3361.0	58	5592.654726562578
3362.0	66	5591.544263826616
3363.0	73	5590.433544243264
3364.0	75	5589.322568332952
3365.0	72	5588.2113366157455
3366.0	73	5587.099849611158
3367.0	62	5585.988107838327
3368.0	72	5584.876111815891
3369.0	64	5583.763862062057
3370.0	69	5582.651359094616
3371.0	62	5581.53860343086
3372.0	76	5580.425595587661
3373.0	87	5579.312336081434
3374.0	83	5578.198825428159
3375.0	60	5577.0850641433735
3376.0	56	5575.971052742134
3377.0	67	5574.856791739072
3378.0	59	5573.742281648401
3379.0	75	5572.627522983837
3380.0	73	5571.512516258703
3381.0	55	5570.397261985827
3382.0	60	5569.281760677627
3383.0	64	5568.1660128460535
3384.0	77	5567.050019002654
3385.0	74	5565.9337796584805
3386.0	72	5564.817295324153
3387.0	95	5563.700566509895
3388.0	70	5562.583593725435
3389.0	74	5561.4663774800865
3390.0	51	5560.348918282694
3391.0	73	5559.231216641688
3392.0	73	5558.113273065049
3393.0	77	5556.9950880603155
3394.0	53	5555.876662134578
3395.0	67	5554.757995794503
3396.0	60	5553.639089546281
3397.0	68	5552.519943895726
3398.0	76	5551.400559348153
3399.0	77	5550.280936408473
3400.0	76	5549.161075581119
3401.0	79	5548.04097737014
3402.0	80	5546.920642279107
3403.0	76	5545.800070811154
3404.0	72	5544.679263469013
3405.0	58	5543.558220754905
3406.0	73	5542.436943170709
3407.0	85	5541.315431217805
3408.0	66	5540.193685397148
3409.0	59	5539.071706209254
3410.0	72	5537.949494154202
3411.0	64	5536.827049731672
3412.0	65	5535.704373440862
3413.0	79	5534.581465780552
3414.0	73	5533.458327249095
3415.0	71	5532.334958344397
3416.0	74	5531.211359563929
3417.0	85	5530.087531404749
3418.0	67	5528.9634743634515
3419.0	60	5527.839188936228
3420.0	82	5526.714675618816
3421.0	98	5525.58993490654
3422.0	74	5524.464967294253
3423.0	65	5523.339773276419
3424.0	53	5522.214353347067
3425.0	79	5521.088707999768
3426.0	62	5519.962837727679
3427.0	102	5518.836743023502
3428.0	59	5517.710424379563
3429.0	60	5516.583882287728
3430.0	59	5515.457117239405
3431.0	65	5514.330129725617
3432.0	73	5513.2029202368985
3433.0	66	5512.075489263449
3434.0	69	5510.947837294972
3435.0	75	5509.819964820752
3436.0	86	5508.691872329636
3437.0	74	5507.563560310075
3438.0	73	5506.435029250072
3439.0	88	5505.306279637207
3440.0	81	5504.177311958625
3441.0	72	5503.048126701063
3442.0	95	5501.918724350813
3443.0	66	5500.789105393759
3444.0	82	5499.659270315343
3445.0	62	5498.529219600579
3446.0	75	5497.398953734095
3447.0	72	5496.268473200039
3448.0	66	5495.137778482178
3449.0	79	5494.006870063815
3450.0	74	5492.875748427873
3451.0	63	5491.744414056833
3452.0	70	5490.612867432735
3453.0	77	5489.481109037218
3454.0	66	5488.349139351505
3455.0	80	5487.216958856361
3456.0	67	5486.084568032173
3457.0	73	5484.951967358874
3458.0	88	5483.819157316004
3459.0	74	5482.686138382642
3460.0	59	5481.552911037487
3461.0	65	5480.419475758796
3462.0	66	5479.285833024412
3463.0	89	5478.1519833117545
3464.0	81	5477.017927097804
3465.0	84	5475.883664859186
3466.0	75	5474.749197072045
3467.0	77	5473.614524212116
3468.0	68	5472.479646754739
3469.0	52	5471.344565174812
3470.0	69	5470.209279946846
3471.0	76	5469.073791544906
3472.0	73	5467.938100442632
3473.0	71	5466.802207113284
3474.0	76	5465.666112029674
3475.0	66	5464.5298156642175
3476.0	67	5463.393318488901
3477.0	76	5462.256620975301
3478.0	79	5461.119723594567
3479.0	79	5459.982626817467
3480.0	74	5458.845331114319
3481.0	73	5457.707836955037
3482.0	71	5456.570144809109
3483.0	64	5455.432255145663
3484.0	55	5454.294168433328
3485.0	65	5453.155885140397
3486.0	71	5452.0174057347085
3487.0	69	5450.878730683684
3488.0	66	5449.739860454362
3489.0	70	5448.60079551335
3490.0	53	5447.461536326846
3491.0	67	5446.322083360628
3492.0	75	5445.182437080097
3493.0	63	5444.042597950188
3494.0	69	5442.9025664354795
3495.0	92	5441.762343000097
3496.0	73	5440.621928107782
3497.0	79	5439.481322221864
3498.0	68	5438.340525805246
3499.0	73	5437.199539320441
3500.0	66	5436.058363229538
3501.0	73	5434.916997994242
3502.0	77	5433.775444075828
3503.0	78	5432.633701935161
3504.0	86	5431.491772032692
3505.0	78	5430.349654828494
3506.0	61	5429.20735078222
3507.0	79	5428.064860353104
3508.0	62	5426.9221839999755
3509.0	74	5425.779322181265
3510.0	67	5424.636275355008
3511.0	77	5423.493043978812
3512.0	83	5422.349628509908
3513.0	77	5421.20602940507
3514.0	89	5420.062247120706
3515.0	69	5418.918282112844
3516.0	67	5417.7741348370655
3517.0	64	5416.629805748541
3518.0	70	5415.485295302053
3519.0	70	5414.340603952005
3520.0	68	5413.195732152382
3521.0	73	5412.050680356742
3522.0	69	5410.905449018259
3523.0	60	5409.76003858969
3524.0	82	5408.614449523447
3525.0	74	5407.468682271459
3526.0	60	5406.322737285311
3527.0	79	5405.176615016163
3528.0	64	5404.0303159147725
3529.0	63	5402.883840431515
3530.0	65	5401.737189016352
3531.0	88	5400.590362118836
3532.0	71	5399.443360188128
3533.0	67	5398.2961836730055
3534.0	65	5397.148833021831
3535.0	74	5396.00130868257
3536.0	69	5394.853611102782
3537.0	58	5393.705740729641
3538.0	68	5392.557698009935
3539.0	68	5391.409483390013
3540.0	79	5390.2610973158635
3541.0	71	5389.112540233056
3542.0	80	5387.96381258678
3543.0	81	5386.814914821823
3544.0	63	5385.665847382569
3545.0	53	5384.516610713016
3546.0	75	5383.367205256745
3547.0	64	5382.217631456976
3548.0	62	5381.067889756511
3549.0	63	5379.917980597771
3550.0	77	5378.7679044227425
3551.0	82	5377.617661673096
3552.0	63	5376.467252790015
3553.0	68	5375.316678214364
3554.0	77	5374.165938386565
3555.0	74	5373.015033746674
3556.0	67	5371.863964734355
3557.0	67	5370.712731788851
3558.0	65	5369.561335349061
3559.0	64	5368.409775853431
3560.0	72	5367.258053740066
3561.0	59	5366.10616944667
3562.0	71	5364.954123410524
3563.0	75	5363.801916068561
3564.0	66	5362.64954785727
3565.0	64	5361.49701921283
3566.0	85	5360.344330570948
3567.0	55	5359.191482366983
3568.0	78	5358.038475035903
3569.0	81	5356.885309012279
3570.0	58	5355.731984730296
3571.0	61	5354.578502623749
3572.0	61	5353.424863126038
3573.0	52	5352.271066670186
3574.0	77	5351.117113688816
3575.0	66	5349.963004614197
3576.0	77	5348.8087398781545
3577.0	83	5347.654319912157
3578.0	71	5346.499745147304
3579.0	72	5345.345016014288
3580.0	83	5344.1901329434095
3581.0	60	5343.035096364598
3582.0	67	5341.8799067073705
3583.0	54	5340.724564400911
3584.0	64	5339.569069873964
3585.0	70	5338.41342355493
3586.0	65	5337.257625871771
3587.0	72	5336.101677252133
3588.0	63	5334.94557812324
3589.0	61	5333.789328911929
3590.0	73	5332.632930044646
3591.0	68	5331.476381947503
3592.0	69	5330.319685046171
3593.0	75	5329.162839765978
3594.0	64	5328.00584653184
3595.0	69	5326.8487057683105
3596.0	65	5325.691417899556
3597.0	81	5324.533983349361
3598.0	61	5323.376402541131
3599.0	61	5322.21867589789
3600.0	70	5321.060803842257
3601.0	69	5319.902786796517
3602.0	70	5318.744625182563
3603.0	64	5317.586319421864
3604.0	62	5316.42786993556
3605.0	77	5315.269277144379
3606.0	77	5314.110541468701
3607.0	77	5312.951663328497
3608.0	85	5311.792643143378
3609.0	69	5310.633481332558
3610.0	59	5309.47417831491
3611.0	61	5308.31473450889
3612.0	56	5307.155150332592
3613.0	56	5305.995426203731
3614.0	62	5304.83556253964
3615.0	69	5303.675559757301
3616.0	67	5302.51541827329
3617.0	74	5301.355138503819
3618.0	75	5300.1947208647
3619.0	70	5299.034165771427
3620.0	70	5297.873473639053
3621.0	85	5296.712644882313
3622.0	88	5295.551679915518
3623.0	72	5294.390579152637
3624.0	69	5293.229343007253
3625.0	56	5292.0679718925885
3626.0	82	5290.906466221449
3627.0	68	5289.74482640632
3628.0	73	5288.583052859296
3629.0	79	5287.4211459920825
3630.0	63	5286.259106216024
3631.0	67	5285.096933942095
3632.0	71	5283.934629580895
3633.0	77	5282.772193542655
3634.0	78	5281.609626237236
3635.0	83	5280.446928074099
3636.0	75	5279.284099462378
3637.0	95	5278.121140810829
3638.0	57	5276.9580525278
3639.0	70	5275.79483502132
3640.0	77	5274.63148869898
3641.0	84	5273.468013968068
3642.0	68	5272.304411235479
3643.0	55	5271.140680907733
3644.0	76	5269.976823391
3645.0	70	5268.812839091029
3646.0	73	5267.648728413269
3647.0	75	5266.484491762772
3648.0	74	5265.320129544193
3649.0	66	5264.1556421618725
3650.0	76	5262.991030019744
3651.0	80	5261.826293521387
3652.0	71	5260.661433070024
3653.0	69	5259.496449068487
3654.0	84	5258.331341919267
3655.0	61	5257.166112024483
3656.0	62	5256.0007597858685
3657.0	79	5254.835285604815
3658.0	85	5253.669689882339
3659.0	82	5252.50397301909
3660.0	68	5251.338135415361
3661.0	61	5250.1721774710695
3662.0	60	5249.006099585789
3663.0	72	5247.839902158689
3664.0	90	5246.673585588609
3665.0	65	5245.507150274038
3666.0	68	5244.340596613059
3667.0	73	5243.1739250034325
3668.0	70	5242.007135842509
3669.0	65	5240.840229527339
3670.0	67	5239.673206454544
3671.0	63	5238.506067020438
3672.0	61	5237.338811620968
3673.0	77	5236.171440651666
3674.0	80	5235.003954507778
3675.0	76	5233.836353584115
3676.0	63	5232.668638275201
3677.0	59	5231.500808975136
3678.0	70	5230.332866077707
3679.0	69	5229.164809976303
3680.0	69	5227.996641063991
3681.0	76	5226.828359733446
3682.0	88	5225.659966376982
3683.0	67	5224.4914613866185
3684.0	82	5223.322845153928
3685.0	74	5222.154118070189
3686.0	75	5220.985280526264
3687.0	68	5219.816332912728
3688.0	65	5218.647275619744
3689.0	73	5217.47810903714
3690.0	83	5216.30883355438
3691.0	69	5215.139449560576
3692.0	91	5213.969957444486
3693.0	74	5212.800357594505
3694.0	72	5211.630650398673
3695.0	67	5210.460836244668
3696.0	62	5209.290915519841
3697.0	67	5208.120888611163
3698.0	62	5206.950755905241
3699.0	60	5205.780517788364
3700.0	63	5204.610174646399
3701.0	73	5203.439726864958
3702.0	54	5202.269174829212
3703.0	65	5201.098518924015
3704.0	64	5199.927759533873
3705.0	83	5198.756897042919
3706.0	73	5197.585931834978
3707.0	75	5196.414864293434
3708.0	80	5195.243694801412
3709.0	66	5194.07242374162
3710.0	69	5192.901051496467
3711.0	77	5191.72957844797
3712.0	69	5190.558004977803
3713.0	57	5189.386331467303
3714.0	76	5188.214558297434
3715.0	68	5187.042685848846
3716.0	72	5185.870714501805
3717.0	56	5184.698644636227
3718.0	64	5183.526476631684
3719.0	62	5182.354210867436
3720.0	65	5181.181847722324
3721.0	57	5180.009387574906
3722.0	56	5178.836830803335
3723.0	92	5177.664177785467
3724.0	72	5176.491428898769
3725.0	56	5175.318584520364
3726.0	73	5174.14564502708
3727.0	85	5172.972610795316
3728.0	70	5171.799482201193
3729.0	66	5170.626259620444
3730.0	70	5169.452943428466
3731.0	69	5168.2795340003
3732.0	75	5167.106031710677
3733.0	63	5165.93243693395
3734.0	83	5164.758750044124
3735.0	70	5163.5849714148535
3736.0	53	5162.411101419495
3737.0	63	5161.237140431006
3738.0	77	5160.063088822019
3739.0	62	5158.888946964825
3740.0	66	5157.714715231381
3741.0	63	5156.5403939932785
3742.0	69	5155.365983621768
3743.0	74	5154.191484487771
3744.0	62	5153.016896961849
3745.0	70	5151.842221414247
3746.0	64	5150.66745821482
3747.0	84	5149.492607733138
3748.0	75	5148.317670338373
3749.0	69	5147.142646399418
3750.0	60	5145.967536284728
3751.0	61	5144.792340362548
3752.0	54	5143.617059000672
3753.0	67	5142.441692566599
3754.0	88	5141.266241427464
3755.0	66	5140.090705950096
3756.0	69	5138.915086500963
3757.0	59	5137.739383446196
3758.0	66	5136.563597151566
3759.0	74	5135.3877279825265
3760.0	56	5134.211776304217
3761.0	69	5133.035742481388
3762.0	61	5131.859626878465
3763.0	58	5130.683429859547
3764.0	69	5129.507151788411
3765.0	63	5128.330793028437
3766.0	71	5127.1543539427375
3767.0	76	5125.977834894049
3768.0	61	5124.801236244757
3769.0	66	5123.624558356951
3770.0	70	5122.447801592343
3771.0	64	5121.27096631234
3772.0	65	5120.094052877991
3773.0	73	5118.91706165003
3774.0	79	5117.739992988833
3775.0	56	5116.56284725446
3776.0	78	5115.385624806612
3777.0	71	5114.208326004674
3778.0	84	5113.030951207691
3779.0	66	5111.8535007743685
3780.0	66	5110.675975063101
3781.0	48	5109.498374431892
3782.0	68	5108.320699238486
3783.0	86	5107.142949840235
3784.0	76	5105.965126594187
3785.0	57	5104.7872298570555
3786.0	66	5103.609259985187
3787.0	61	5102.43121733465
3788.0	78	5101.2531022611365
3789.0	54	5100.074915120037
3790.0	76	5098.896656266365
3791.0	85	5097.718326054883
3792.0	74	5096.539924839932
3793.0	72	5095.361452975572
3794.0	66	5094.182910815526
3795.0	73	5093.004298713161
3796.0	70	5091.825617021564
3797.0	88	5090.646866093447
3798.0	66	5089.468046281197
3799.0	80	5088.289157936896
3800.0	68	5087.110201412276
3801.0	76	5085.931177058736
3802.0	51	5084.7520852273665
3803.0	68	5083.5729262689065
3804.0	67	5082.393700533776
3805.0	62	5081.214408372082
3806.0	77	5080.035050133572
3807.0	79	5078.855626167678
3808.0	54	5077.676136823534
3809.0	70	5076.496582449891
3810.0	62	5075.31696339523
3811.0	60	5074.137280007659
3812.0	81	5072.957532634971
3813.0	70	5071.777721624661
3814.0	70	5070.59784732386
3815.0	76	5069.4179100794045
3816.0	65	5068.23791023777
3817.0	78	5067.057848145139
3818.0	77	5065.877724147336
3819.0	66	5064.697538589901
3820.0	68	5063.517291818029
3821.0	63	5062.336984176581
3822.0	73	5061.156616010097
3823.0	70	5059.976187662795
3824.0	74	5058.795699478575
3825.0	67	5057.615151801032
3826.0	84	5056.434544973401
3827.0	80	5055.253879338587
3828.0	63	5054.073155239225
3829.0	75	5052.892373017567
3830.0	87	5051.711533015601
3831.0	71	5050.5306355749335
3832.0	68	5049.3496810369
3833.0	69	5048.168669742483
3834.0	80	5046.987602032354
3835.0	53	5045.806478246871
3836.0	71	5044.625298726034
3837.0	68	5043.444063809584
3838.0	70	5042.262773836887
3839.0	71	5041.081429147008
3840.0	69	5039.9000300787
3841.0	52	5038.718576970373
3842.0	55	5037.537070160158
3843.0	85	5036.355509985841
3844.0	66	5035.173896784871
3845.0	80	5033.992230894396
3846.0	90	5032.810512651249
3847.0	77	5031.628742391958
3848.0	62	5030.446920452699
3849.0	68	5029.26504716934
3850.0	65	5028.0831228774405
3851.0	62	5026.901147912255
3852.0	70	5025.719122608693
3853.0	74	5024.537047301355
3854.0	69	5023.354922324542
3855.0	52	5022.172748012207
3856.0	70	5020.990524698013
3857.0	70	5019.808252715299
3858.0	74	5018.625932397088
3859.0	73	5017.443564076087
3860.0	65	5016.261148084672
3861.0	69	5015.078684754945
3862.0	60	5013.896174418639
3863.0	72	5012.713617407215
3864.0	78	5011.531014051792
3865.0	70	5010.348364683189
3866.0	60	5009.165669631928
3867.0	67	5007.982929228166
3868.0	79	5006.8001438017845
3869.0	66	5005.617313682377
3870.0	71	5004.434439199157
3871.0	102	5003.251520681061
3872.0	85	5002.0685584567145
3873.0	80	5000.885552854437
3874.0	61	4999.702504202203
3875.0	74	4998.51941282773
3876.0	80	4997.336279058372
3877.0	74	4996.153103221178
3878.0	64	4994.969885642916
3879.0	61	4993.786626650023
3880.0	75	4992.603326568619
3881.0	57	4991.419985724537
3882.0	73	4990.236604443249
3883.0	68	4989.053183049975
3884.0	60	4987.869721869606
3885.0	57	4986.686221226693
3886.0	70	4985.502681445534
3887.0	67	4984.319102850068
3888.0	73	4983.135485763942
3889.0	71	4981.951830510507
3890.0	58	4980.768137412769
3891.0	56	4979.584406793468
3892.0	70	4978.400638975018
3893.0	81	4977.216834279513
3894.0	67	4976.032993028773
3895.0	72	4974.849115544244
3896.0	71	4973.665202147161
3897.0	71	4972.481253158366
3898.0	69	4971.297268898439
3899.0	77	4970.113249687639
3900.0	70	4968.92919584591
3901.0	62	4967.7451076929265
3902.0	66	4966.560985548013
3903.0	69	4965.376829730209
3904.0	62	4964.1926405582435
3905.0	70	4963.008418350553
3906.0	76	4961.824163425254
3907.0	65	4960.639876100157
3908.0	64	4959.455556692769
3909.0	67	4958.271205520312
3910.0	70	4957.086822899687
3911.0	84	4955.902409147487
3912.0	63	4954.717964580007
3913.0	88	4953.533489513234
3914.0	75	4952.34898426288
3915.0	72	4951.164449144303
3916.0	72	4949.97988447259
3917.0	77	4948.795290562533
3918.0	67	4947.610667728577
3919.0	65	4946.426016284945
3920.0	75	4945.241336545476
3921.0	67	4944.056628823757
3922.0	89	4942.8718934330345
3923.0	50	4941.687130686303
3924.0	74	4940.502340896217
3925.0	83	4939.317524375147
3926.0	78	4938.13268143515
3927.0	52	4936.947812387992
3928.0	76	4935.762917545142
3929.0	59	4934.577997217773
3930.0	79	4933.393051716735
3931.0	76	4932.208081352594
3932.0	59	4931.023086435624
3933.0	63	4929.838067275805
3934.0	71	4928.653024182764
3935.0	70	4927.467957465892
3936.0	69	4926.282867434281
3937.0	79	4925.0977543966665
3938.0	56	4923.912618661554
3939.0	59	4922.72746053709
3940.0	71	4921.542280331172
3941.0	67	4920.3570783513815
3942.0	68	4919.171854905001
3943.0	63	4917.986610299006
3944.0	72	4916.801344840109
3945.0	71	4915.616058834679
3946.0	76	4914.430752588833
3947.0	65	4913.245426408362
3948.0	73	4912.060080598774
3949.0	69	4910.874715465279
3950.0	85	4909.68933131279
3951.0	65	4908.503928445938
3952.0	70	4907.318507169036
3953.0	75	4906.133067786109
3954.0	64	4904.947610600902
3955.0	74	4903.762135916845
3956.0	58	4902.576644037095
3957.0	81	4901.391135264515
3958.0	67	4900.205609901638
3959.0	70	4899.020068250723
3960.0	87	4897.834510613779
3961.0	53	4896.648937292471
3962.0	64	4895.463348588165
3963.0	68	4894.277744801962
3964.0	73	4893.092126234684
3965.0	54	4891.906493186832
3966.0	53	4890.720845958604
3967.0	62	4889.535184849941
3968.0	62	4888.349510160472
3969.0	62	4887.163822189546
3970.0	68	4885.978121236212
3971.0	60	4884.792407599224
3972.0	75	4883.606681577047
3973.0	80	4882.420943467861
3974.0	63	4881.23519356959
3975.0	68	4880.049432179774
3976.0	67	4878.863659595766
3977.0	80	4877.67787611456
3978.0	68	4876.492082032903
3979.0	84	4875.306277647242
3980.0	70	4874.120463253699
3981.0	102	4872.934639148159
3982.0	70	4871.7488056261855
3983.0	60	4870.562962983077
3984.0	70	4869.377111513815
3985.0	66	4868.191251513129
3986.0	49	4867.005383275424
3987.0	63	4865.819507094841
3988.0	73	4864.633623265231
3989.0	60	4863.447732080136
3990.0	62	4862.261833832853
3991.0	61	4861.0759288163545
3992.0	91	4859.890017323361
3993.0	72	4858.7040996462565
3994.0	69	4857.518176077187
3995.0	79	4856.332246907976
3996.0	70	4855.1463124302045
3997.0	81	4853.960372935145
3998.0	83	4852.774428713761
3999.0	71	4851.588480056761
4000.0	69	4850.402527254575
4001.0	73	4849.216570597318
4002.0	58	4848.030610374855
4003.0	66	4846.844646876726
4004.0	68	4845.658680392216
4005.0	74	4844.472711210338
4006.0	61	4843.286739619794
4007.0	66	4842.100765909003
4008.0	68	4840.914790366115
4009.0	77	4839.728813279012
4010.0	73	4838.542834935245
4011.0	80	4837.356855622129
4012.0	88	4836.170875626676
4013.0	73	4834.984895235614
4014.0	63	4833.798914735425
4015.0	68	4832.612934412226
4016.0	74	4831.426954551945
4017.0	68	4830.240975440182
4018.0	55	4829.0549973622465
4019.0	76	4827.869020603192
4020.0	65	4826.683045447798
4021.0	55	4825.497072180536
4022.0	62	4824.3111010856
4023.0	81	4823.1251324469395
4024.0	71	4821.939166548183
4025.0	85	4820.753203672698
4026.0	66	4819.567244103563
4027.0	69	4818.381288123604
4028.0	60	4817.195336015337
4029.0	69	4816.009388060997
4030.0	80	4814.823444542582
4031.0	63	4813.637505741758
4032.0	73	4812.451571939959
4033.0	71	4811.26564341831
4034.0	56	4810.079720457668
4035.0	70	4808.893803338619
4036.0	52	4807.707892341458
4037.0	70	4806.5219877462305
4038.0	73	4805.336089832666
4039.0	62	4804.150198880244
4040.0	67	4802.964315168155
4041.0	66	4801.778438975341
4042.0	68	4800.592570580419
4043.0	64	4799.4067102617755
4044.0	78	4798.2208582974945
4045.0	71	4797.035014965387
4046.0	68	4795.849180543011
4047.0	62	4794.663355307628
4048.0	76	4793.477539536216
4049.0	57	4792.291733505511
4050.0	70	4791.105937491938
4051.0	70	4789.920151771677
4052.0	73	4788.734376620637
4053.0	75	4787.548612314408
4054.0	77	4786.362859128348
4055.0	60	4785.177117337545
4056.0	59	4783.9913872167845
4057.0	71	4782.805669040596
4058.0	66	4781.61996308324
4059.0	87	4780.434269618682
4060.0	73	4779.248588920661
4061.0	73	4778.062921262594
4062.0	73	4776.87726691765
4063.0	56	4775.691626158715
4064.0	61	4774.505999258419
4065.0	61	4773.320386489125
4066.0	72	4772.134788122893
4067.0	60	4770.949204431528
4068.0	68	4769.763635686593
4069.0	71	4768.578082159332
4070.0	63	4767.392544120749
4071.0	75	4766.207021841582
4072.0	67	4765.021515592267
4073.0	69	4763.8360256430005
4074.0	83	4762.650552263703
4075.0	70	4761.46509572401
4076.0	60	4760.27965629331
4077.0	68	4759.094234240707
4078.0	68	4757.908829835051
4079.0	61	4756.723443344907
4080.0	65	4755.538075038592
4081.0	75	4754.352725184112
4082.0	74	4753.167394049255
4083.0	68	4751.982081901527
4084.0	77	4750.796789008147
4085.0	67	4749.611515636068
4086.0	65	4748.426262052017
4087.0	71	4747.241028522408
4088.0	77	4746.055815313409
4089.0	60	4744.870622690923
4090.0	57	4743.6854509205505
4091.0	71	4742.500300267695
4092.0	58	4741.315170997439
4093.0	75	4740.130063374602
4094.0	82	4738.9449776637675
4095.0	71	4737.759914129232
4096.0	86	4736.574873035038
4097.0	64	4735.389854644943
4098.0	68	4734.204859222467
4099.0	65	4733.0198870308395
4100.0	67	4731.834938333049
4101.0	71	4730.650013391803
4102.0	69	4729.465112469549
4103.0	70	4728.280235828483
4104.0	66	4727.095383730506
4105.0	71	4725.910556437302
4106.0	61	4724.725754210243
4107.0	72	4723.540977310471
4108.0	76	4722.35622599886
4109.0	62	4721.171500536006
4110.0	65	4719.986801182267
4111.0	82	4718.802128197709
4112.0	64	4717.617481842157
4113.0	83	4716.432862375155
4114.0	62	4715.248270056031
4115.0	77	4714.063705143796
4116.0	76	4712.879167897229
4117.0	77	4711.69465857483
4118.0	66	4710.510177434879
4119.0	64	4709.32572473534
4120.0	56	4708.1413007339515
4121.0	76	4706.956905688184
4122.0	62	4705.772539855237
4123.0	57	4704.588203492075
4124.0	44	4703.403896855373
4125.0	63	4702.21962020158
4126.0	69	4701.035373786844
4127.0	73	4699.851157867089
4128.0	65	4698.666972697977
4129.0	73	4697.482818534879
4130.0	61	4696.2986956329505
4131.0	56	4695.11460424705
4132.0	61	4693.930544631814
4133.0	65	4692.746517041586
4134.0	49	4691.562521730483
4135.0	74	4690.378558952353
4136.0	67	4689.194628960754
4137.0	70	4688.01073200905
4138.0	72	4686.826868350283
4139.0	66	4685.643038237311
4140.0	73	4684.459241922649
4141.0	72	4683.275479658644
4142.0	67	4682.0917516973
4143.0	71	4680.908058290442
4144.0	73	4679.724399689575
4145.0	71	4678.540776145999
4146.0	56	4677.357187910739
4147.0	78	4676.173635234549
4148.0	63	4674.990118367963
4149.0	53	4673.80663756122
4150.0	69	4672.623193064317
4151.0	66	4671.439785127032
4152.0	71	4670.256413998831
4153.0	59	4669.073079928978
4154.0	74	4667.889783166438
4155.0	65	4666.706523959954
4156.0	77	4665.523302558009
4157.0	65	4664.340119208828
4158.0	65	4663.156974160357
4159.0	76	4661.973867660361
4160.0	72	4660.79079995627
4161.0	52	4659.60777129532
4162.0	67	4658.424781924436
4163.0	65	4657.241832090381
4164.0	78	4656.058922039568
4165.0	78	4654.876052018217
4166.0	71	4653.693222272284
4167.0	76	4652.5104330474605
4168.0	77	4651.3276845892115
4169.0	83	4650.144977142721
4170.0	62	4648.96231095294
4171.0	63	4647.779686264583
4172.0	69	4646.597103322065
4173.0	64	4645.4145623696095
4174.0	60	4644.232063651154
4175.0	58	4643.049607410391
4176.0	63	4641.867193890754
4177.0	63	4640.6848233354685
4178.0	73	4639.502495987455
4179.0	76	4638.32021208943
4180.0	81	4637.137971883838
4181.0	81	4635.955775612855
4182.0	67	4634.773623518468
4183.0	58	4633.591515842367
4184.0	65	4632.409452825995
4185.0	55	4631.227434710551
4186.0	69	4630.045461737017
4187.0	59	4628.86353414608
4188.0	70	4627.681652178227
4189.0	77	4626.499816073656
4190.0	58	4625.318026072326
4191.0	72	4624.136282413976
4192.0	66	4622.954585338066
4193.0	59	4621.772935083834
4194.0	67	4620.591331890247
4195.0	58	4619.4097759960605
4196.0	65	4618.228267639733
4197.0	69	4617.046807059533
4198.0	72	4615.865394493442
4199.0	70	4614.684030179206
4200.0	76	4613.502714354345
4201.0	69	4612.321447256123
4202.0	79	4611.140229121531
4203.0	66	4609.959060187342
4204.0	61	4608.777940690104
4205.0	64	4607.5968708660785
4206.0	77	4606.415850951315
4207.0	63	4605.2348811816
4208.0	84	4604.053961792477
4209.0	77	4602.87309301925
4210.0	62	4601.6922750969825
4211.0	68	4600.5115082605
4212.0	59	4599.330792744369
4213.0	52	4598.150128782922
4214.0	72	4596.969516610246
4215.0	61	4595.788956460195
4216.0	72	4594.608448566372
4217.0	79	4593.427993162114
4218.0	64	4592.247590480571
4219.0	85	4591.067240754623
4220.0	68	4589.886944216876
4221.0	67	4588.706701099733
4222.0	78	4587.5265116353585
4223.0	60	4586.346376055657
4224.0	77	4585.166294592303
4225.0	76	4583.98626747671
4226.0	64	4582.806294940094
4227.0	63	4581.626377213377
4228.0	68	4580.446514527275
4229.0	53	4579.26670711226
4230.0	65	4578.086955198566
4231.0	70	4576.907259016165
4232.0	62	4575.727618794821
4233.0	70	4574.548034764027
4234.0	61	4573.3685071530645
4235.0	74	4572.189036190955
4236.0	50	4571.009622106509
4237.0	70	4569.83026512827
4238.0	82	4568.650965484529
4239.0	78	4567.471723403406
4240.0	86	4566.292539112696
4241.0	68	4565.113412840045
4242.0	71	4563.9343448127765
4243.0	72	4562.7553352580335
4244.0	66	4561.576384402702
4245.0	73	4560.397492473422
4246.0	63	4559.218659696624
4247.0	70	4558.039886298465
4248.0	60	4556.861172504903
4249.0	74	4555.682518541634
4250.0	62	4554.503924634119
4251.0	54	4553.3253910076
4252.0	72	4552.146917887058
4253.0	56	4550.968505497267
4254.0	78	4549.790154062732
4255.0	67	4548.611863807751
4256.0	69	4547.433634956388
4257.0	69	4546.255467732435
4258.0	71	4545.077362359493
4259.0	66	4543.899319060899
4260.0	67	4542.721338059784
4261.0	61	4541.543419579003
4262.0	75	4540.365563841214
4263.0	48	4539.187771068831
4264.0	72	4538.010041484019
4265.0	67	4536.832375308708
4266.0	64	4535.654772764641
4267.0	56	4534.477234073268
4268.0	67	4533.299759455855
4269.0	68	4532.122349133377
4270.0	68	4530.945003326655
4271.0	72	4529.767722256193
4272.0	57	4528.590506142323
4273.0	70	4527.41335520513
4274.0	81	4526.236269664443
4275.0	79	4525.05924973989
4276.0	64	4523.882295650847
4277.0	73	4522.705407616475
4278.0	69	4521.528585855687
4279.0	72	4520.351830587183
4280.0	70	4519.175142029401
4281.0	69	4517.998520400584
4282.0	67	4516.821965918731
4283.0	83	4515.6454788016035
4284.0	64	4514.4690592667375
4285.0	68	4513.2927075314365
4286.0	79	4512.116423812771
4287.0	64	4510.940208327593
4288.0	67	4509.764061292528
4289.0	59	4508.587982923955
4290.0	67	4507.411973438016
4291.0	64	4506.23603305067
4292.0	61	4505.060161977592
4293.0	56	4503.884360434251
4294.0	56	4502.708628635904
4295.0	63	4501.532966797556
4296.0	64	4500.357375133994
4297.0	76	4499.181853859778
4298.0	65	4498.006403189233
4299.0	63	4496.831023336449
4300.0	69	4495.655714515308
4301.0	59	4494.480476939476
4302.0	60	4493.305310822345
4303.0	70	4492.130216377117
4304.0	46	4490.955193816748
4305.0	63	4489.780243353996
4306.0	66	4488.605365201356
4307.0	68	4487.430559571115
4308.0	70	4486.255826675332
4309.0	49	4485.081166725846
4310.0	77	4483.906579934268
4311.0	76	4482.732066511966
4312.0	60	4481.557626670096
4313.0	75	4480.383260619598
4314.0	67	4479.208968571178
4315.0	70	4478.034750735301
4316.0	74	4476.860607322236
4317.0	62	4475.68653854201
4318.0	77	4474.512544604438
4319.0	69	4473.338625719083
4320.0	53	4472.164782095316
4321.0	75	4470.991013942272
4322.0	59	4469.817321468836
4323.0	80	4468.643704883722
4324.0	70	4467.4701643954
4325.0	63	4466.296700212087
4326.0	45	4465.123312541797
4327.0	65	4463.950001592327
4328.0	87	4462.776767571267
4329.0	67	4461.603610685955
4330.0	65	4460.430531143489
4331.0	78	4459.257529150783
4332.0	65	4458.084604914548
4333.0	61	4456.911758641228
4334.0	55	4455.738990537061
4335.0	63	4454.566300808042
4336.0	61	4453.393689659979
4337.0	67	4452.221157298446
4338.0	66	4451.0487039288
4339.0	65	4449.8763297561545
4340.0	71	4448.704034985434
4341.0	68	4447.531819821324
4342.0	72	4446.359684468295
4343.0	68	4445.187629130578
4344.0	74	4444.015654012222
4345.0	82	4442.843759317012
4346.0	62	4441.67194524858
4347.0	62	4440.500212010255
4348.0	66	4439.3285598051925
4349.0	64	4438.156988836332
4350.0	56	4436.985499306378
4351.0	75	4435.814091417828
4352.0	68	4434.642765372951
4353.0	72	4433.4715213737945
4354.0	64	4432.300359622214
4355.0	57	4431.129280319808
4356.0	76	4429.958283667988
4357.0	90	4428.787369867918
4358.0	72	4427.6165391205805
4359.0	68	4426.44579162672
4360.0	78	4425.275127586858
4361.0	62	4424.104547201311
4362.0	69	4422.934050670177
4363.0	67	4421.763638193317
4364.0	77	4420.593309970404
4365.0	66	4419.423066200877
4366.0	63	4418.25290708397
4367.0	64	4417.0828328186935
4368.0	67	4415.9128436038345
4369.0	63	4414.742939637976
4370.0	60	4413.573121119485
4371.0	63	4412.403388246498
4372.0	51	4411.233741216966
4373.0	73	4410.064180228591
4374.0	73	4408.894705478865
4375.0	56	4407.725317165108
4376.0	61	4406.556015484345
4377.0	93	4405.3868006334815
4378.0	76	4404.217672809126
4379.0	68	4403.048632207726
4380.0	70	4401.879679025487
4381.0	59	4400.7108134584
4382.0	73	4399.542035702265
4383.0	88	4398.37334595265
4384.0	63	4397.20474440492
4385.0	70	4396.036231254204
4386.0	63	4394.867806695461
4387.0	59	4393.69947092337
4388.0	72	4392.531224132482
4389.0	65	4391.363066517063
4390.0	72	4390.194998271196
4391.0	67	4389.02701958876
4392.0	66	4387.859130663409
4393.0	66	4386.691331688583
4394.0	59	4385.523622857515
4395.0	58	4384.3560043632315
4396.0	80	4383.188476398534
4397.0	65	4382.021039156027
4398.0	68	4380.8536928281
4399.0	77	4379.686437606911
4400.0	59	4378.519273684435
4401.0	66	4377.352201252433
4402.0	60	4376.185220502446
4403.0	72	4375.018331625802
4404.0	66	4373.851534813615
4405.0	57	4372.684830256815
4406.0	63	4371.518218146104
4407.0	70	4370.351698671955
4408.0	70	4369.185272024669
4409.0	74	4368.018938394311
4410.0	68	4366.852697970748
4411.0	57	4365.686550943643
4412.0	78	4364.52049750242
4413.0	87	4363.354537836331
4414.0	66	4362.188672134402
4415.0	63	4361.02290058546
4416.0	66	4359.857223378106
4417.0	61	4358.691640700744
4418.0	64	4357.526152741579
4419.0	66	4356.360759688581
4420.0	70	4355.195461729554
4421.0	74	4354.030259052055
4422.0	97	4352.865151843444
4423.0	82	4351.700140290878
4424.0	58	4350.535224581334
4425.0	73	4349.370404901523
4426.0	61	4348.20568143798
4427.0	69	4347.041054377071
4428.0	66	4345.876523904886
4429.0	66	4344.712090207359
4430.0	61	4343.547753470183
4431.0	63	4342.383513878884
4432.0	75	4341.219371618747
4433.0	71	4340.055326874879
4434.0	73	4338.891379832158
4435.0	73	4337.727530675262
4436.0	73	4336.563779588687
4437.0	66	4335.400126756686
4438.0	72	4334.236572363335
4439.0	61	4333.073116592493
4440.0	70	4331.909759627818
4441.0	64	4330.746501652776
4442.0	76	4329.583342850603
4443.0	69	4328.420283404353
4444.0	58	4327.257323496855
4445.0	78	4326.094463310755
4446.0	68	4324.931703028503
4447.0	64	4323.769042832294
4448.0	66	4322.606482904185
4449.0	76	4321.444023425985
4450.0	69	4320.28166457932
4451.0	68	4319.119406545619
4452.0	67	4317.957249506085
4453.0	71	4316.795193641718
4454.0	64	4315.633239133351
4455.0	73	4314.471386161599
4456.0	68	4313.309634906847
4457.0	80	4312.147985549299
4458.0	69	4310.98643826897
4459.0	75	4309.82499324565
4460.0	75	4308.663650658953
4461.0	50	4307.502410688276
4462.0	84	4306.341273512799
4463.0	80	4305.180239311526
4464.0	62	4304.019308263264
4465.0	64	4302.858480546599
4466.0	66	4301.697756339924
4467.0	76	4300.537135821418
4468.0	60	4299.3766191691
4469.0	65	4298.21620656075
4470.0	76	4297.055898173975
4471.0	67	4295.895694186156
4472.0	66	4294.735594774487
4473.0	60	4293.575600115972
4474.0	57	4292.415710387395
4475.0	63	4291.25592576536
4476.0	71	4290.096246426258
4477.0	61	4288.936672546292
4478.0	61	4287.777204301464
4479.0	71	4286.617841867572
4480.0	43	4285.458585420215
4481.0	76	4284.299435134799
4482.0	72	4283.14039118654
4483.0	67	4281.981453750442
4484.0	68	4280.82262300131
4485.0	61	4279.6638991137515
4486.0	70	4278.505282262202
4487.0	78	4277.346772620871
4488.0	51	4276.188370363776
4489.0	72	4275.030075664739
4490.0	83	4273.871888697399
4491.0	63	4272.713809635183
4492.0	80	4271.555838651309
4493.0	72	4270.397975918832
4494.0	65	4269.240221610594
4495.0	78	4268.082575899241
4496.0	65	4266.925038957209
4497.0	53	4265.767610956757
4498.0	67	4264.610292069952
4499.0	76	4263.4530824686535
4500.0	61	4262.295982324516
4501.0	74	4261.138991809031
4502.0	62	4259.982111093468
4503.0	83	4258.825340348887
4504.0	64	4257.668679746209
4505.0	61	4256.51212945612
4506.0	66	4255.355689649103
4507.0	58	4254.199360495469
4508.0	76	4253.04314216533
4509.0	77	4251.887034828602
4510.0	62	4250.731038655002
4511.0	95	4249.575153814074
4512.0	65	4248.41938047513
4513.0	69	4247.263718807322
4514.0	70	4246.108168979606
4515.0	72	4244.952731160727
4516.0	76	4243.797405519249
4517.0	75	4242.642192223538
4518.0	59	4241.4870914417825
4519.0	77	4240.332103341949
4520.0	72	4239.177228091846
4521.0	57	4238.022465859066
4522.0	71	4236.867816811017
4523.0	49	4235.713281114906
4524.0	70	4234.558858937779
4525.0	58	4233.40455044645
4526.0	80	4232.25035580756
4527.0	70	4231.096275187574
4528.0	71	4229.942308752734
4529.0	82	4228.788456669111
4530.0	80	4227.63471910258
4531.0	79	4226.481096218829
4532.0	65	4225.327588183366
4533.0	70	4224.174195161477
4534.0	64	4223.020917318282
4535.0	76	4221.867754818703
4536.0	55	4220.714707827482
4537.0	77	4219.561776509154
4538.0	76	4218.408961028094
4539.0	59	4217.256261548436
4540.0	60	4216.103678234185
4541.0	71	4214.9512112491175
4542.0	66	4213.798860756827
4543.0	53	4212.646626920712
4544.0	82	4211.494509904017
4545.0	69	4210.34250986976
4546.0	65	4209.190626980784
4547.0	73	4208.0388613997375
4548.0	64	4206.88721328909
4549.0	78	4205.735682811131
4550.0	81	4204.584270127931
4551.0	67	4203.432975401414
4552.0	69	4202.28179879328
4553.0	63	4201.13074046506
4554.0	66	4199.9798005780785
4555.0	61	4198.828979293518
4556.0	67	4197.678276772319
4557.0	78	4196.527693175269
4558.0	84	4195.377228662965
4559.0	66	4194.226883395808
4560.0	73	4193.0766575340185
4561.0	71	4191.926551237617
4562.0	75	4190.776564666459
4563.0	79	4189.626697980211
4564.0	84	4188.476951338333
4565.0	72	4187.327324900132
4566.0	87	4186.177818824685
4567.0	76	4185.028433270934
4568.0	83	4183.879168397596
4569.0	53	4182.730024363235
4570.0	72	4181.581001326183
4571.0	66	4180.432099444652
4572.0	75	4179.283318876596
4573.0	81	4178.134659779855
4574.0	78	4176.986122312037
4575.0	57	4175.8377066305875
4576.0	82	4174.689412892755
4577.0	82	4173.541241255612
4578.0	81	4172.393191876048
4579.0	77	4171.245264910766
4580.0	66	4170.097460516272
4581.0	72	4168.949778848922
4582.0	62	4167.802220064861
4583.0	52	4166.654784320054
4584.0	73	4165.507471770287
4585.0	84	4164.360282571154
4586.0	66	4163.213216878115
4587.0	69	4162.066274846356
4588.0	58	4160.919456630971
4589.0	71	4159.772762386813
4590.0	76	4158.6261922685935
4591.0	71	4157.479746430792
4592.0	70	4156.333425027762
4593.0	63	4155.187228213636
4594.0	71	4154.041156142376
4595.0	64	4152.895208967771
4596.0	73	4151.749386843413
4597.0	61	4150.603689922742
4598.0	69	4149.45811835897
4599.0	81	4148.312672305168
4600.0	79	4147.167351914221
4601.0	64	4146.022157338816
4602.0	77	4144.877088731467
4603.0	69	4143.732146244501
4604.0	87	4142.587330030095
4605.0	61	4141.44264024022
4606.0	73	4140.298077026648
4607.0	70	4139.153640541037
4608.0	82	4138.009330934779
4609.0	63	4136.865148359169
4610.0	69	4135.721092965248
4611.0	68	4134.577164903933
4612.0	63	4133.4333643259515
4613.0	54	4132.289691381809
4614.0	79	4131.146146221912
4615.0	79	4130.002728996413
4616.0	57	4128.85943985532
4617.0	72	4127.716278948472
4618.0	71	4126.573246425492
4619.0	63	4125.430342435877
4620.0	67	4124.287567128897
4621.0	75	4123.144920653676
4622.0	72	4122.002403159152
4623.0	64	4120.860014794057
4624.0	71	4119.717755707008
4625.0	68	4118.575626046391
4626.0	75	4117.433625960431
4627.0	79	4116.291755597184
4628.0	70	4115.150015104517
4629.0	74	4114.008404630122
4630.0	77	4112.866924321528
4631.0	82	4111.72557432607
4632.0	68	4110.584354790921
4633.0	63	4109.443265863066
4634.0	59	4108.302307689322
4635.0	78	4107.161480416319
4636.0	72	4106.020784190527
4637.0	62	4104.88021915823
4638.0	59	4103.739785465554
4639.0	85	4102.599483258406
4640.0	60	4101.459312682587
4641.0	78	4100.319273883634
4642.0	75	4099.179367006988
4643.0	75	4098.039592197885
4644.0	69	4096.899949601376
4645.0	68	4095.760439362364
4646.0	61	4094.621061625537
4647.0	56	4093.4818165354473
4648.0	87	4092.3427042364724
4649.0	67	4091.203724872768
4650.0	59	4090.064878588396
4651.0	56	4088.9261655271607
4652.0	62	4087.787585832733
4653.0	74	4086.6491396486376
4654.0	70	4085.5108271181693
4655.0	63	4084.3726483844935
4656.0	81	4083.2346035905803
4657.0	64	4082.0966928792222
4658.0	71	4080.958916393068
4659.0	79	4079.8212742745627
4660.0	73	4078.683766665993
4661.0	83	4077.5463937094864
4662.0	58	4076.4091555469618
4663.0	81	4075.2720523202106
4664.0	72	4074.135084170798
4665.0	68	4072.9982512401843
4666.0	64	4071.8615536696157
4667.0	58	4070.7249916001456
4668.0	64	4069.5885651727167
4669.0	78	4068.452274528044
4670.0	69	4067.316119806716
4671.0	74	4066.1801011491207
4672.0	62	4065.044218695476
4673.0	75	4063.908472585848
4674.0	68	4062.7728629601215
4675.0	75	4061.6373899579985
4676.0	60	4060.502053719056
4677.0	87	4059.366854382626
4678.0	81	4058.2317920879364
4679.0	59	4057.0968669740173
4680.0	81	4055.9620791797292
4681.0	76	4054.827428843775
4682.0	64	4053.6929161046623
4683.0	66	4052.5585411007537
4684.0	57	4051.4243039702596
4685.0	73	4050.2902048511614
4686.0	64	4049.156243881329
4687.0	62	4048.0224211984173
4688.0	75	4046.888736939959
4689.0	80	4045.7551912433055
4690.0	71	4044.6217842456053
4691.0	59	4043.488516083885
4692.0	77	4042.3553868949534
4693.0	59	4041.222396815505
4694.0	63	4040.0895459820254
4695.0	68	4038.9568345308608
4696.0	73	4037.824262598171
4697.0	69	4036.6918303199495
4698.0	71	4035.5595378320318
4699.0	73	4034.427385270079
4700.0	72	4033.2953727695867
4701.0	70	4032.1635004658774
4702.0	52	4031.031768494143
4703.0	73	4029.9001769893225
4704.0	61	4028.7687260863077
4705.0	79	4027.637415919726
4706.0	55	4026.5062466240697
4707.0	59	4025.375218333682
4708.0	91	4024.244331182719
4709.0	65	4023.1135853052033
4710.0	63	4021.9829808349214
4711.0	65	4020.8525179055696
4712.0	86	4019.7221966506554
4713.0	76	4018.5920172034757
4714.0	51	4017.461979697246
4715.0	71	4016.332084264946
4716.0	57	4015.2023310394115
4717.0	63	4014.072720153346
4718.0	68	4012.9432517392147
4719.0	76	4011.8139259294035
4720.0	75	4010.6847428560786
4721.0	89	4009.5557026512474
4722.0	64	4008.4268054467752
4723.0	71	4007.2980513743364
4724.0	67	4006.1694405654657
4725.0	71	4005.040973151521
4726.0	76	4003.9126492636983
4727.0	78	4002.7844690330303
4728.0	75	4001.6564325903882
4729.0	67	4000.5285400664757
4730.0	79	3999.4007915918323
4731.0	87	3998.2731872968275
4732.0	72	3997.1457273117003
4733.0	61	3996.018411766506
4734.0	76	3994.8912407911107
4735.0	72	3993.7642145152704
4736.0	59	3992.637333068522
4737.0	68	3991.510596580293
4738.0	71	3990.3840051798147
4739.0	75	3989.257558996167
4740.0	55	3988.1312581582633
4741.0	70	3987.005102794862
4742.0	67	3985.8790930345676
4743.0	90	3984.753229005806
4744.0	59	3983.627510836835
4745.0	62	3982.5019386557956
4746.0	76	3981.376512590598
4747.0	74	3980.251232769052
4748.0	68	3979.126099318783
4749.0	65	3978.0011123672457
4750.0	68	3976.8762720417562
4751.0	79	3975.7515784694538
4752.0	87	3974.627031777323
4753.0	68	3973.5026320922016
4754.0	69	3972.3783795407294
4755.0	83	3971.2542742494124
4756.0	70	3970.1303163446264
4757.0	80	3969.0065059525155
4758.0	80	3967.882843199132
4759.0	71	3966.759328210312
4760.0	64	3965.635961111777
4761.0	54	3964.5127420290905
4762.0	61	3963.3896710876065
4763.0	74	3962.266748412581
4764.0	73	3961.143974129064
4765.0	75	3960.0213483619686
4766.0	85	3958.8988712360647
4767.0	73	3957.776542875911
4768.0	52	3956.6543634059854
4769.0	83	3955.5323329505213
4770.0	54	3954.41045163366
4771.0	68	3953.2887195793714
4772.0	56	3952.167136911435
4773.0	73	3951.0457037535043
4774.0	64	3949.9244202290806
4775.0	68	3948.8032864614647
4776.0	84	3947.682302573849
4777.0	67	3946.561468689241
4778.0	68	3945.440784930509
4779.0	65	3944.3202514203385
4780.0	80	3943.199868281274
4781.0	74	3942.0796356357364
4782.0	81	3940.9595536059032
4783.0	78	3939.8396223138725
4784.0	72	3938.7198418815788
4785.0	58	3937.600212430753
4786.0	60	3936.48073408303
4787.0	67	3935.361406959831
4788.0	59	3934.2422311824607
4789.0	65	3933.123206872069
4790.0	54	3932.0043341496157
4791.0	83	3930.8856131359344
4792.0	65	3929.7670439517215
4793.0	85	3928.6486267174505
4794.0	69	3927.5303615535095
4795.0	73	3926.412248580086
4796.0	72	3925.294287917252
4797.0	86	3924.1764796848956
4798.0	78	3923.0588240027346
4799.0	71	3921.9413209904023
4800.0	62	3920.823970767279
4801.0	70	3919.70677345268
4802.0	75	3918.589729165716
4803.0	77	3917.4728380253514
4804.0	56	3916.35610015041
4805.0	65	3915.239515659553
4806.0	67	3914.1230846712842
4807.0	62	3913.0068073039647
4808.0	62	3911.8906836757806
4809.0	74	3910.7747139048015
4810.0	74	3909.658898108912
4811.0	81	3908.543236405844
4812.0	53	3907.4277289132283
4813.0	64	3906.3123757484345
4814.0	65	3905.1971770287932
4815.0	58	3904.082132871427
4816.0	77	3902.9672433933047
4817.0	66	3901.8525087112644
4818.0	60	3900.7379289419528
4819.0	80	3899.6235042019293
4820.0	53	3898.5092346075394
4821.0	63	3897.3951202750127
4822.0	70	3896.281161320411
4823.0	75	3895.167357859639
4824.0	80	3894.0537100084653
4825.0	68	3892.94021788252
4826.0	85	3891.8268815972383
4827.0	70	3890.7137012679514
4828.0	65	3889.6006770097947
4829.0	84	3888.4878089377826
4830.0	74	3887.3750971667964
4831.0	73	3886.262541811505
4832.0	83	3885.150142986482
4833.0	68	3884.03790080614
4834.0	82	3882.9258153847104
4835.0	78	3881.8138868363417
4836.0	69	3880.702115274933
4837.0	78	3879.5905008143204
4838.0	69	3878.4790435681693
4839.0	56	3877.367743649956
4840.0	72	3876.256601173061
4841.0	73	3875.1456162506743
4842.0	63	3874.034788995862
4843.0	62	3872.9241195215304
4844.0	67	3871.8136079404294
4845.0	74	3870.703254365193
4846.0	61	3869.5930589082527
4847.0	79	3868.483021681934
4848.0	66	3867.3731427984117
4849.0	74	3866.263422369674
4850.0	59	3865.1538605076107
4851.0	65	3864.0444573239415
4852.0	68	3862.9352129302188
4853.0	70	3861.826127437884
4854.0	69	3860.7172009581955
4855.0	67	3859.6084336022823
4856.0	73	3858.4998254811476
4857.0	84	3857.391376705589
4858.0	66	3856.2830873863195
4859.0	68	3855.1749576338493
4860.0	70	3854.0669875585854
4861.0	69	3852.959177270769
4862.0	66	3851.851526880491
4863.0	63	3850.7440364977156
4864.0	87	3849.6367062322106
4865.0	62	3848.5295361936724
4866.0	80	3847.42252649159
4867.0	57	3846.3156772353154
4868.0	65	3845.208988534091
4869.0	77	3844.102460496961
4870.0	69	3842.9960932328677
4871.0	76	3841.8898868505994
4872.0	69	3840.783841458749
4873.0	87	3839.6779571658503
4874.0	89	3838.5722340802236
4875.0	65	3837.466672310051
4876.0	60	3836.3612719634084
4877.0	68	3835.2560331481914
4878.0	57	3834.15095597216
4879.0	66	3833.0460405429344
4880.0	75	3831.9412869679827
4881.0	67	3830.8366953546324
4882.0	75	3829.7322658100597
4883.0	76	3828.6279984412995
4884.0	63	3827.523893355266
4885.0	71	3826.419950658689
4886.0	71	3825.3161704581807
4887.0	70	3824.212552860186
4888.0	53	3823.1090979710357
4889.0	66	3822.0058058969103
4890.0	61	3820.9026767438177
4891.0	64	3819.7997106176563
4892.0	66	3818.69690762418
4893.0	58	3817.5942678689626
4894.0	76	3816.491791457482
4895.0	67	3815.389478495028
4896.0	81	3814.287329086779
4897.0	70	3813.185343337787
4898.0	63	3812.083521352891
4899.0	81	3810.981863236874
4900.0	68	3809.880369094306
4901.0	72	3808.779039029648
4902.0	47	3807.677873147239
4903.0	71	3806.5768715512268
4904.0	63	3805.4760343456405
4905.0	78	3804.3753616343733
4906.0	78	3803.2748535211736
4907.0	63	3802.174510109663
4908.0	58	3801.0743315032605
4909.0	79	3799.9743178053204
4910.0	72	3798.874469119021
4911.0	76	3797.7747855473863
4912.0	69	3796.6752671933414
4913.0	55	3795.575914159611
4914.0	82	3794.476726548815
4915.0	67	3793.377704463459
4916.0	79	3792.278848005842
4917.0	61	3791.180157278188
4918.0	57	3790.081632382522
4919.0	77	3788.983273420765
4920.0	72	3787.885080494702
4921.0	71	3786.7870537059453
4922.0	79	3785.6891931560144
4923.0	91	3784.591498946229
4924.0	71	3783.4939711778366
4925.0	78	3782.396609951891
4926.0	52	3781.2994153693185
4927.0	74	3780.2023875309233
4928.0	80	3779.1055265373716
4929.0	66	3778.008832489163
4930.0	89	3776.9123054866695
4931.0	71	3775.8159456301437
4932.0	80	3774.71975301967
4933.0	83	3773.623727755236
4934.0	66	3772.5278699366286
4935.0	59	3771.432179663551
4936.0	76	3770.336657035543
4937.0	62	3769.2413021520024
4938.0	60	3768.1461151122153
4939.0	72	3767.0510960152874
4940.0	76	3765.9562449602354
4941.0	83	3764.8615620458904
4942.0	72	3763.7670473709836
4943.0	57	3762.6727010340855
4944.0	90	3761.578523133642
4945.0	62	3760.484513767963
4946.0	69	3759.390673035198
4947.0	77	3758.2970010333847
4948.0	83	3757.2034978604274
4949.0	52	3756.1101636140584
4950.0	64	3755.0169983919054
4951.0	63	3753.924002291461
4952.0	75	3752.831175410054
4953.0	66	3751.738517844903
4954.0	60	3750.646029693066
4955.0	65	3749.5537110514847
4956.0	63	3748.4615620169793
4957.0	65	3747.3695826861795
4958.0	67	3746.2777731556353
4959.0	71	3745.1861335217222
4960.0	75	3744.094663880707
4961.0	73	3743.0033643287115
4962.0	82	3741.9122349617114
4963.0	75	3740.821275875567
4964.0	84	3739.730487165971
4965.0	76	3738.6398689285224
4966.0	61	3737.54942125866
4967.0	68	3736.4591442516853
4968.0	67	3735.369038002774
4969.0	69	3734.2791026069826
4970.0	81	3733.189338159182
4971.0	66	3732.0997447541654
4972.0	70	3731.0103224865584
4973.0	73	3729.9210714508645
4974.0	71	3728.8319917414615
4975.0	72	3727.7430834525617
4976.0	67	3726.6543466782837
4977.0	71	3725.565781512563
4978.0	58	3724.4773880492644
4979.0	69	3723.389166382062
4980.0	68	3722.3011166045235
4981.0	75	3721.2132388100913
4982.0	62	3720.125533092042
4983.0	74	3719.0379995435496
4984.0	67	3717.9506382576533
4985.0	78	3716.8634493272352
4986.0	75	3715.7764328450653
4987.0	62	3714.689588903781
4988.0	71	3713.602917595876
4989.0	73	3712.516419013721
4990.0	68	3711.430093249539
4991.0	68	3710.3439403954317
4992.0	64	3709.2579605433866
4993.0	73	3708.1721537852213
4994.0	74	3707.0865202126615
4995.0	75	3706.0010599172497
4996.0	84	3704.9157729904427
4997.0	67	3703.830659523568
4998.0	67	3702.745719607769
4999.0	84	3701.6609533341343
5000.0	63	3700.576360793532
5001.0	81	3699.4919420767746
5002.0	74	3698.407697274522
5003.0	61	3697.323626477267
5004.0	73	3696.2397297754233
5005.0	66	3695.15600725923
5006.0	72	3694.0724590188333
5007.0	61	3692.9890851442337
5008.0	72	3691.9058857252785
5009.0	55	3690.822860851724
5010.0	76	3689.740010613178
5011.0	52	3688.657335099093
5012.0	61	3687.5748343988453
5013.0	76	3686.492508601625
5014.0	63	3685.4103577965366
5015.0	63	3684.3283820725433
5016.0	83	3683.2465815184446
5017.0	58	3682.1649562229686
5018.0	76	3681.0835062746596
5019.0	75	3680.0022317619623
5020.0	59	3678.921132773198
5021.0	64	3677.8402093965296
5022.0	76	3676.759461720018
5023.0	55	3675.6788898315867
5024.0	78	3674.598493819014
5025.0	78	3673.5182737699924
5026.0	70	3672.438229772034
5027.0	49	3671.358361912548
5028.0	76	3670.2786702788367
5029.0	82	3669.1991549580116
5030.0	77	3668.1198160371323
5031.0	78	3667.040653603071
5032.0	68	3665.9616677425943
5033.0	69	3664.882858542355
5034.0	64	3663.804226088851
5035.0	56	3662.725770468473
5036.0	64	3661.647491767461
5037.0	70	3660.5693900719657
5038.0	65	3659.4914654679746
5039.0	63	3658.4137180413577
5040.0	63	3657.336147877877
5041.0	82	3656.258755063121
5042.0	89	3655.1815396826146
5043.0	72	3654.104501821708
5044.0	66	3653.0276415656335
5045.0	71	3651.9509589995046
5046.0	69	3650.8744542083273
5047.0	76	3649.7981272769352
5048.0	71	3648.721978290075
5049.0	83	3647.6460073323447
5050.0	65	3646.5702144882207
5051.0	69	3645.4945998420712
5052.0	58	3644.419163478121
5053.0	59	3643.343905480456
5054.0	75	3642.2688259330703
5055.0	72	3641.193924919811
5056.0	68	3640.1192025244045
5057.0	63	3639.0446588304385
5058.0	63	3637.9702939214103
5059.0	74	3636.89610788064
5060.0	59	3635.8221007913767
5061.0	65	3634.7482727367205
5062.0	69	3633.6746237996163
5063.0	66	3632.6011540629534
5064.0	68	3631.5278636094267
5065.0	73	3630.4547525216435
5066.0	69	3629.381820882095
5067.0	75	3628.3090687731155
5068.0	72	3627.236496276938
5069.0	54	3626.1641034756653
5070.0	76	3625.0918904512846
5071.0	70	3624.0198572856393
5072.0	65	3622.9480040604644
5073.0	84	3621.876330857357
5074.0	70	3620.8048377578243
5075.0	72	3619.73352484321
5076.0	67	3618.6623921947676
5077.0	72	3617.591439893583
5078.0	50	3616.520668020648
5079.0	61	3615.4500766568704
5080.0	62	3614.379665882948
5081.0	74	3613.309435779534
5082.0	72	3612.239386427103
5083.0	64	3611.1695179060416
5084.0	86	3610.09983029661
5085.0	81	3609.03032367892
5086.0	64	3607.9609981329927
5087.0	67	3606.891853738719
5088.0	69	3605.822890575838
5089.0	61	3604.7541087240184
5090.0	68	3603.685508262761
5091.0	77	3602.617089271467
5092.0	73	3601.548851829416
5093.0	73	3600.480796015756
5094.0	67	3599.4129219095294
5095.0	62	3598.3452295896323
5096.0	78	3597.2777191348546
5097.0	54	3596.210390623878
5098.0	62	3595.14324413524
5099.0	72	3594.0762797473703
5100.0	69	3593.009497538561
5101.0	73	3591.942897586997
5102.0	70	3590.8764799707637
5103.0	69	3589.8102447677716
5104.0	76	3588.744192055861
5105.0	75	3587.678321912728
5106.0	68	3586.612634415952
5107.0	65	3585.5471296429932
5108.0	83	3584.481807671195
5109.0	86	3583.416668577771
5110.0	67	3582.351712439813
5111.0	88	3581.2869393343194
5112.0	75	3580.222349338137
5113.0	76	3579.1579425280074
5114.0	72	3578.0937189805463
5115.0	64	3577.029678772271
5116.0	76	3575.965821979541
5117.0	69	3574.9021486786355
5118.0	59	3573.838658945691
5119.0	64	3572.775352856727
5120.0	54	3571.7122304876434
5121.0	79	3570.6492919142465
5122.0	68	3569.5865372121766
5123.0	69	3568.5239664570086
5124.0	79	3567.461579724153
5125.0	79	3566.3993770889274
5126.0	62	3565.3373586265125
5127.0	75	3564.275524411995
5128.0	72	3563.2138745203347
5129.0	88	3562.1524090263583
5130.0	54	3561.091128004789
5131.0	70	3560.030031530225
5132.0	87	3558.969119677143
5133.0	72	3557.908392519936
5134.0	75	3556.8478501328204
5135.0	81	3555.787492589953
5136.0	57	3554.727319965328
5137.0	67	3553.667332332842
5138.0	66	3552.607529766291
5139.0	73	3551.5479123393116
5140.0	75	3550.4884801254707
5141.0	69	3549.4292331981833
5142.0	65	3548.3701716307505
5143.0	79	3547.311295496393
5144.0	67	3546.2526048681675
5145.0	76	3545.194099819031
5146.0	72	3544.1357804218537
5147.0	74	3543.077646749318
5148.0	62	3542.0196988740745
5149.0	81	3540.961936868596
5150.0	58	3539.904360805276
5151.0	74	3538.84697075638
5152.0	68	3537.789766794026
5153.0	65	3536.732748990276
5154.0	74	3535.6759174170306
5155.0	78	3534.619272146092
5156.0	70	3533.562813249149
5157.0	64	3532.5065407977595
5158.0	70	3531.4504548633904
5159.0	70	3530.3945555173627
5160.0	70	3529.3388428309117
5161.0	73	3528.2833168751476
5162.0	73	3527.2279777210542
5163.0	68	3526.1728254395034
5164.0	64	3525.117860101287
5165.0	72	3524.0630817770184
5166.0	82	3523.0084905372682
5167.0	87	3521.9540864524133
5168.0	72	3520.899869592795
5169.0	64	3519.8458400285754
5170.0	81	3518.79199782986
5171.0	68	3517.7383430665964
5172.0	78	3516.6848758086244
5173.0	84	3515.6315961256914
5174.0	71	3514.578504087424
5175.0	81	3513.5255997633108
5176.0	78	3512.472883222764
5177.0	76	3511.420354535042
5178.0	70	3510.368013769329
5179.0	69	3509.315860994685
5180.0	55	3508.26389628002
5181.0	69	3507.2121196941885
5182.0	64	3506.1605313058985
5183.0	67	3505.1091311837395
5184.0	61	3504.0579193962144
5185.0	62	3503.0068960116814
5186.0	63	3501.9560610984167
5187.0	60	3500.9054147245643
5188.0	66	3499.8549569581633
5189.0	78	3498.8046878671507
5190.0	78	3497.754607519315
5191.0	70	3496.704715982365
5192.0	63	3495.6550133239107
5193.0	89	3494.6054996113967
5194.0	61	3493.556174912211
5195.0	61	3492.507039293591
5196.0	81	3491.458092822682
5197.0	63	3490.4093355665295
5198.0	69	3489.3607675920202
5199.0	81	3488.312388965985
5200.0	78	3487.264199755113
5201.0	71	3486.216200025976
5202.0	74	3485.1683898450715
5203.0	84	3484.1207692787425
5204.0	73	3483.073338393242
5205.0	72	3482.0260972547017
5206.0	87	3480.9790459291653
5207.0	64	3479.932184482552
5208.0	68	3478.885512980649
5209.0	81	3477.8390314891735
5210.0	81	3476.792740073715
5211.0	67	3475.7466387997238
5212.0	65	3474.7007277326
5213.0	79	3473.655006937558
5214.0	67	3472.609476479781
5215.0	67	3471.5641364242797
5216.0	67	3470.518986835995
5217.0	72	3469.47402777975
5218.0	61	3468.4292593202294
5219.0	73	3467.3846815220436
5220.0	81	3466.3402944496834
5221.0	76	3465.2960981675105
5222.0	72	3464.2520927398014
5223.0	76	3463.208278230725
5224.0	72	3462.1646547043165
5225.0	69	3461.1212222245385
5226.0	65	3460.077980855197
5227.0	73	3459.034930660033
5228.0	71	3457.9920717026534
5229.0	65	3456.9494040465656
5230.0	57	3455.9069277551766
5231.0	68	3454.8646428917496
5232.0	59	3453.8225495194865
5233.0	78	3452.780647701467
5234.0	76	3451.7389375006337
5235.0	56	3450.697418979861
5236.0	69	3449.656092201878
5237.0	78	3448.614957229338
5238.0	71	3447.574014124771
5239.0	67	3446.533262950586
5240.0	69	3445.4927037691255
5241.0	78	3444.4523366425906
5242.0	71	3443.4121616330635
5243.0	76	3442.372178802564
5244.0	72	3441.3323882129607
5245.0	70	3440.292789926045
5246.0	61	3439.253384003479
5247.0	64	3438.2141705068334
5248.0	77	3437.1751494975806
5249.0	73	3436.136321037038
5250.0	82	3435.097685186488
5251.0	80	3434.0592420070434
5252.0	69	3433.0209915597425
5253.0	66	3431.9829339055223
5254.0	72	3430.945069105169
5255.0	69	3429.90739721943
5256.0	59	3428.8699183089025
5257.0	76	3427.8326324340724
5258.0	70	3426.7955396553525
5259.0	68	3425.7586400330133
5260.0	59	3424.7219336272437
5261.0	56	3423.685420498137
5262.0	64	3422.649100705633
5263.0	60	3421.6129743096185
5264.0	60	3420.5770413698433
5265.0	77	3419.5413019459666
5266.0	53	3418.5057560975392
5267.0	56	3417.470403883998
5268.0	62	3416.4352453646748
5269.0	47	3415.4002805988307
5270.0	52	3414.3655096455614
5271.0	68	3413.3309325639143
5272.0	60	3412.296549412788
5273.0	73	3411.2623602510093
5274.0	52	3410.2283651372927
5275.0	58	3409.1945641302295
5276.0	65	3408.1609572883362
5277.0	71	3407.127544669976
5278.0	61	3406.094326333474
5279.0	64	3405.061302337019
5280.0	67	3404.0284727386625
5281.0	53	3402.995837596425
5282.0	54	3401.963396968145
5283.0	63	3400.931150911615
5284.0	43	3399.8990994844903
5285.0	52	3398.86724274435
5286.0	78	3397.8355807486446
5287.0	58	3396.8041135547464
5288.0	58	3395.7728412198862
5289.0	46	3394.741763801238
5290.0	62	3393.7108813558198
5291.0	61	3392.6801939406078
5292.0	54	3391.649701612429
5293.0	54	3390.619404428016
5294.0	72	3389.589302444021
5295.0	58	3388.559395716949
5296.0	56	3387.529684303253
5297.0	48	3386.500168259264
5298.0	69	3385.47084764119
5299.0	66	3384.441722505159
5300.0	61	3383.4127929072024
5301.0	56	3382.3840589032106
5302.0	59	3381.355520549036
5303.0	66	3380.3271779003694
5304.0	67	3379.2990310128253
5305.0	61	3378.271079941915
5306.0	63	3377.243324743039
5307.0	53	3376.2157654715247
5308.0	62	3375.1884021825604
5309.0	59	3374.1612349312463
5310.0	62	3373.134263772595
5311.0	59	3372.1074887614923
5312.0	50	3371.080909952762
5313.0	59	3370.054527401077
5314.0	82	3369.028341161047
5315.0	56	3368.002351287164
5316.0	59	3366.976557833823
5317.0	58	3365.950960855319
5318.0	55	3364.9255604058426
5319.0	67	3363.9003565394805
5320.0	64	3362.8753493102436
5321.0	55	3361.850538771998
5322.0	71	3360.825924978562
5323.0	59	3359.8015079835973
5324.0	65	3358.7772878407113
5325.0	80	3357.7532646033965
5326.0	57	3356.729438325032
5327.0	43	3355.7058090589126
5328.0	62	3354.6823768582362
5329.0	76	3353.659141776076
5330.0	57	3352.63610386544
5331.0	66	3351.6132631792043
5332.0	54	3350.590619770163
5333.0	58	3349.568173691024
5334.0	57	3348.545924994355
5335.0	61	3347.523873732675
5336.0	59	3346.5020199583514
5337.0	54	3345.480363723691
5338.0	61	3344.458905080902
5339.0	53	3343.437644082055
5340.0	63	3342.4165807791696
5341.0	60	3341.3957152241323
5342.0	58	3340.375047468743
5343.0	49	3339.3545775647212
5344.0	58	3338.3343055636446
5345.0	61	3337.3142315170303
5346.0	49	3336.2943554762865
5347.0	68	3335.27467749271
5348.0	75	3334.255197617528
5349.0	80	3333.2359159018392
5350.0	50	3332.2168323966575
5351.0	64	3331.197947152899
5352.0	65	3330.179260221373
5353.0	47	3329.1607716528283
5354.0	57	3328.142481497854
5355.0	61	3327.1243898070006
5356.0	62	3326.1064966306753
5357.0	53	3325.0888020192087
5358.0	80	3324.071306022855
5359.0	71	3323.0540086917176
5360.0	54	3322.036910075846
5361.0	57	3321.0200102251974
5362.0	60	3320.003309189587
5363.0	58	3318.986807018783
5364.0	60	3317.9705037624244
5365.0	66	3316.9543994700593
5366.0	84	3315.938494191167
5367.0	64	3314.922787975076
5368.0	59	3313.9072808710685
5369.0	65	3312.891972928312
5370.0	65	3311.8768641958545
5371.0	65	3310.8619547227104
5372.0	71	3309.847244557709
5373.0	81	3308.832733749659
5374.0	59	3307.818422347251
5375.0	70	3306.8043103990526
5376.0	68	3305.7903979535804
5377.0	63	3304.776685059211
5378.0	56	3303.763171764264
5379.0	70	3302.7498581169325
5380.0	58	3301.736744165332
5381.0	48	3300.723829957483
5382.0	58	3299.711115541292
5383.0	57	3298.6986009645993
5384.0	44	3297.6862862751223
5385.0	63	3296.674171520503
5386.0	54	3295.662256748268
5387.0	51	3294.6505420058793
5388.0	58	3293.639027340673
5389.0	58	3292.6277127999183
5390.0	68	3291.61659843075
5391.0	67	3290.605684280248
5392.0	67	3289.5949703953843
5393.0	44	3288.5844568230355
5394.0	76	3287.5741436099843
5395.0	61	3286.564030802902
5396.0	62	3285.5541184483964
5397.0	60	3284.5444065929723
5398.0	59	3283.5348952830095
5399.0	58	3282.525584564853
5400.0	56	3281.516474484686
5401.0	65	3280.5075650886483
5402.0	64	3279.4988564227788
5403.0	70	3278.490348532989
5404.0	52	3277.482041465138
5405.0	75	3276.473935264976
5406.0	60	3275.4660299781403
5407.0	61	3274.458325650224
5408.0	75	3273.450822326654
5409.0	65	3272.4435200528233
5410.0	49	3271.436418874036
5411.0	53	3270.429518835461
5412.0	55	3269.422819982188
5413.0	54	3268.416322359227
5414.0	59	3267.4100260114933
5415.0	54	3266.403930983813
5416.0	60	3265.3980373208774
5417.0	56	3264.3923450673587
5418.0	58	3263.3868542677733
5419.0	69	3262.381564966574
5420.0	71	3261.37647720811
5421.0	42	3260.371591036661
5422.0	61	3259.3669064963847
5423.0	65	3258.362423631372
5424.0	66	3257.358142485592
5425.0	53	3256.354063102967
5426.0	48	3255.3501855272625
5427.0	57	3254.346509802226
5428.0	67	3253.3430359714553
5429.0	74	3252.339764078487
5430.0	61	3251.336694166766
5431.0	75	3250.333826279618
5432.0	62	3249.3311604603055
5433.0	61	3248.3286967520003
5434.0	56	3247.3264351977555
5435.0	68	3246.3243758405756
5436.0	65	3245.3225187233293
5437.0	48	3244.3208638888195
5438.0	53	3243.3194113797695
5439.0	72	3242.3181612387693
5440.0	50	3241.317113508369
5441.0	56	3240.3162682309835
5442.0	59	3239.3156254489745
5443.0	77	3238.315185204596
5444.0	57	3237.314947539998
5445.0	57	3236.3149124972683
5446.0	55	3235.3150801183892
5447.0	63	3234.3154504452377
5448.0	65	3233.3160235196365
5449.0	51	3232.316799383294
5450.0	64	3231.317778077823
5451.0	82	3230.318959644765
5452.0	58	3229.3203441255646
5453.0	60	3228.3219315615743
5454.0	61	3227.323721994065
5455.0	64	3226.3257154642
5456.0	49	3225.327912013068
5457.0	59	3224.330311681664
5458.0	59	3223.332914510904
5459.0	65	3222.3357205415955
5460.0	67	3221.338729814461
5461.0	67	3220.341942370166
5462.0	62	3219.3453582492293
5463.0	72	3218.3489774921254
5464.0	68	3217.3528001392447
5465.0	57	3216.3568262308427
5466.0	66	3215.361055807128
5467.0	69	3214.365488908197
5468.0	59	3213.370125574076
5469.0	68	3212.3749658447086
5470.0	46	3211.380009759912
5471.0	44	3210.3852573594463
5472.0	76	3209.390708682983
5473.0	52	3208.3963637700813
5474.0	61	3207.4022226602597
5475.0	57	3206.4082853928876
5476.0	89	3205.4145520073007
5477.0	66	3204.421022542704
5478.0	76	3203.4276970382443
5479.0	53	3202.4345755329805
5480.0	47	3201.4416580658626
5481.0	63	3200.4489446757534
5482.0	67	3199.456435401468
5483.0	58	3198.464130281685
5484.0	54	3197.4720293550245
5485.0	61	3196.480132660005
5486.0	65	3195.4884402350644
5487.0	56	3194.4969521185653
5488.0	48	3193.505668348752
5489.0	62	3192.514588963822
5490.0	72	3191.523714001855
5491.0	68	3190.5330435008423
5492.0	65	3189.542577498729
5493.0	53	3188.5523160333146
5494.0	47	3187.5622591423707
5495.0	52	3186.572406863525
5496.0	63	3185.582759234366
5497.0	60	3184.5933162923843
5498.0	53	3183.604078074957
5499.0	57	3182.615044619409
5500.0	62	3181.6262159629655
5501.0	72	3180.637592142762
5502.0	56	3179.6491731958567
5503.0	51	3178.6609591592123
5504.0	64	3177.672950069713
5505.0	64	3176.6851459641684
5506.0	58	3175.6975468792602
5507.0	60	3174.710152851646
5508.0	62	3173.722963917848
5509.0	57	3172.7359801143125
5510.0	52	3171.749201477426
5511.0	51	3170.762628043468
5512.0	61	3169.7762598486356
5513.0	55	3168.7900969290345
5514.0	48	3167.804139320703
5515.0	64	3166.818387059588
5516.0	68	3165.8328401815306
5517.0	61	3164.8474987223262
5518.0	60	3163.8623627176507
5519.0	55	3162.8774322031168
5520.0	77	3161.892707214235
5521.0	60	3160.908187786451
5522.0	55	3159.923873955101
5523.0	52	3158.939765755474
5524.0	63	3157.9558632227295
5525.0	67	3156.9721663919822
5526.0	75	3155.988675298228
5527.0	50	3155.0053899764216
5528.0	57	3154.0223104613992
5529.0	59	3153.0394367879057
5530.0	51	3152.0567689906543
5531.0	79	3151.0743071042093
5532.0	72	3150.0920511630798
5533.0	64	3149.1100012017314
5534.0	52	3148.1281572544626
5535.0	52	3147.1465193555637
5536.0	61	3146.1650875391906
5537.0	54	3145.1838618394518
5538.0	45	3144.2028422903586
5539.0	63	3143.222028925825
5540.0	56	3142.241421779702
5541.0	66	3141.261020885767
5542.0	56	3140.280826277669
5543.0	64	3139.300837989018
5544.0	71	3138.3210560533266
5545.0	61	3137.3414805040243
5546.0	55	3136.3621113744643
5547.0	60	3135.3829486978943
5548.0	67	3134.4039925075163
5549.0	52	3133.4252428364207
5550.0	48	3132.4466997176132
5551.0	52	3131.468363184053
5552.0	66	3130.4902332685742
5553.0	54	3129.512310003955
5554.0	45	3128.5345934228767
5555.0	65	3127.5570835579524
5556.0	67	3126.5797804417048
5557.0	56	3125.602684106587
5558.0	68	3124.6257945849493
5559.0	58	3123.6491119090647
5560.0	58	3122.672636111144
5561.0	70	3121.696367223296
5562.0	57	3120.7203052775585
5563.0	59	3119.744450305888
5564.0	53	3118.7688023401493
5565.0	56	3117.7933614121325
5566.0	61	3116.8181275535585
5567.0	55	3115.8431007960435
5568.0	47	3114.868281171136
5569.0	64	3113.893668710307
5570.0	54	3112.9192634449396
5571.0	54	3111.945065406347
5572.0	68	3110.9710746257374
5573.0	60	3109.9972911342584
5574.0	79	3109.0237149629897
5575.0	53	3108.0503461428834
5576.0	43	3107.0771847048745
5577.0	67	3106.104230679748
5578.0	62	3105.1314840982686
5579.0	58	3104.1589449910985
5580.0	62	3103.186613388805
5581.0	54	3102.2144893218942
5582.0	63	3101.2425728207872
5583.0	61	3100.2708639158186
5584.0	58	3099.2993626372586
5585.0	50	3098.3280690152815
5586.0	53	3097.356983079985
5587.0	50	3096.3861048613994
5588.0	60	3095.415434389451
5589.0	61	3094.444971694016
5590.0	58	3093.474716804872
5591.0	47	3092.5046697517137
5592.0	71	3091.534830564187
5593.0	71	3090.5651992718113
5594.0	60	3089.5957759040707
5595.0	60	3088.6265604903324
5596.0	58	3087.65755305991
5597.0	62	3086.6887536420486
5598.0	47	3085.720162265873
5599.0	72	3084.7517789604617
5600.0	60	3083.783603754819
5601.0	61	3082.815636677844
5602.0	73	3081.8478777583737
5603.0	62	3080.880327025156
5604.0	55	3079.9129845068846
5605.0	60	3078.945850232142
5606.0	67	3077.9789242294564
5607.0	62	3077.012206527281
5608.0	57	3076.045697153955
5609.0	58	3075.079396137782
5610.0	58	3074.1133035069656
5611.0	60	3073.147419289634
5612.0	69	3072.181743513834
5613.0	56	3071.216276207551
5614.0	69	3070.2510173986643
5615.0	56	3069.2859671150163
5616.0	55	3068.321125384321
5617.0	73	3067.356492234255
5618.0	69	3066.392067692411
5619.0	64	3065.4278517862845
5620.0	63	3064.463844543319
5621.0	60	3063.5000459908574
5622.0	63	3062.5364561561696
5623.0	51	3061.5730750664643
5624.0	68	3060.609902748867
5625.0	60	3059.6469392304216
5626.0	52	3058.6841845380945
5627.0	51	3057.72163869877
5628.0	51	3056.759301739274
5629.0	60	3055.797173686331
5630.0	43	3054.8352545666157
5631.0	69	3053.873544406703
5632.0	47	3052.912043233093
5633.0	52	3051.9507510722397
5634.0	68	3050.989667950479
5635.0	66	3050.0287938940996
5636.0	51	3049.068128929292
5637.0	55	3048.1076730821956
5638.0	57	3047.147426378864
5639.0	64	3046.187388845241
5640.0	51	3045.227560507261
5641.0	57	3044.267941390723
5642.0	63	3043.308531521381
5643.0	71	3042.3493309249143
5644.0	55	3041.390339626896
5645.0	68	3040.431557652868
5646.0	58	3039.4729850282533
5647.0	54	3038.5146217784377
5648.0	43	3037.5564679286986
5649.0	75	3036.5985235042567
5650.0	73	3035.6407885302624
5651.0	68	3034.6832630317767
5652.0	49	3033.7259470337926
5653.0	61	3032.7688405612207
5654.0	66	3031.8119436389024
5655.0	56	3030.8552562916134
5656.0	65	3029.8987785440445
5657.0	53	3028.94251042079
5658.0	63	3027.9864519464213
5659.0	59	3027.030603145389
5660.0	58	3026.074964042083
5661.0	66	3025.119534660841
5662.0	65	3024.1643150258815
5663.0	61	3023.2093051613833
5664.0	61	3022.2545050914505
5665.0	49	3021.2999148400895
5666.0	63	3020.345534431255
5667.0	54	3019.3913638888093
5668.0	72	3018.437403236556
5669.0	48	3017.483652498223
5670.0	54	3016.5301116974542
5671.0	70	3015.5767808578353
5672.0	72	3014.623660002854
5673.0	55	3013.670749155943
5674.0	62	3012.7180483404704
5675.0	66	3011.7655575796953
5676.0	50	3010.8132768968358
5677.0	56	3009.8612063150313
5678.0	64	3008.9093458573316
5679.0	53	3007.9576955467346
5680.0	51	3007.006255406142
5681.0	53	3006.0550254584064
5682.0	54	3005.1040057263
5683.0	71	3004.153196232497
5684.0	56	3003.202596999634
5685.0	72	3002.2522080502495
5686.0	65	3001.3020294068215
5687.0	67	3000.3520610917612
5688.0	72	2999.402303127388
5689.0	67	2998.452755535979
5690.0	72	2997.503418339687
5691.0	59	2996.554291560646
5692.0	58	2995.605375220889
5693.0	61	2994.65666934239
5694.0	53	2993.7081739470427
5695.0	55	2992.7598890566537
5696.0	60	2991.8118146929883
5697.0	58	2990.8639508777255
5698.0	64	2989.916297632473
5699.0	64	2988.9688549787447
5700.0	57	2988.0216229380267
5701.0	59	2987.0746015316986
5702.0	64	2986.1277907810804
5703.0	63	2985.181190707417
5704.0	66	2984.2348013318774
5705.0	60	2983.2886226755795
5706.0	61	2982.3426547595477
5707.0	76	2981.396897604743
5708.0	63	2980.4513512320414
5709.0	59	2979.5060156622726
5710.0	60	2978.560890916186
5711.0	58	2977.615977014454
5712.0	67	2976.6712739776685
5713.0	62	2975.7267818263804
5714.0	52	2974.782500581031
5715.0	59	2973.83843026203
5716.0	54	2972.8945708896827
5717.0	58	2971.950922484241
5718.0	62	2971.0074850658893
5719.0	53	2970.064258654722
5720.0	52	2969.1212432707953
5721.0	53	2968.178438934054
5722.0	77	2967.235845664404
5723.0	67	2966.2934634816693
5724.0	64	2965.3512924055985
5725.0	49	2964.4093324558944
5726.0	55	2963.467583652141
5727.0	59	2962.5260460138984
5728.0	49	2961.584719560654
5729.0	73	2960.643604311777
5730.0	61	2959.702700286636
5731.0	66	2958.762007504468
5732.0	67	2957.8215259844796
5733.0	61	2956.881255745788
5734.0	72	2955.9411968074596
5735.0	58	2955.0013491884597
5736.0	79	2954.061712907719
5737.0	52	2953.1222879840693
5738.0	69	2952.183074436297
5739.0	51	2951.2440722831066
5740.0	63	2950.305281543127
5741.0	69	2949.3667022349346
5742.0	58	2948.428334377016
5743.0	68	2947.4901779878132
5744.0	61	2946.5522330856766
5745.0	65	2945.6144996888966
5746.0	55	2944.6769778157054
5747.0	62	2943.7396674842435
5748.0	75	2942.8025687126064
5749.0	60	2941.865681518801
5750.0	50	2940.929005920764
5751.0	59	2939.992541936397
5752.0	58	2939.056289583488
5753.0	62	2938.120248879794
5754.0	70	2937.1844198429685
5755.0	74	2936.2488024906274
5756.0	57	2935.313396840302
5757.0	58	2934.378202909466
5758.0	58	2933.44322071551
5759.0	69	2932.5084502757627
5760.0	75	2931.5738916074943
5761.0	68	2930.6395447279006
5762.0	71	2929.7054096540937
5763.0	54	2928.7714864031395
5764.0	65	2927.8377749920405
5765.0	64	2926.904275437704
5766.0	56	2925.970987756989
5767.0	53	2925.037911966683
5768.0	61	2924.1050480834942
5769.0	59	2923.1723961241078
5770.0	53	2922.239956105073
5771.0	89	2921.3077280429243
5772.0	60	2920.375711954105
5773.0	56	2919.4439078550085
5774.0	57	2918.5123157619364
5775.0	61	2917.580935691145
5776.0	58	2916.649767658809
5777.0	69	2915.7188116810507
5778.0	60	2914.7880677739086
5779.0	59	2913.8575359533697
5780.0	63	2912.9272162353395
5781.0	69	2911.9971086356754
5782.0	56	2911.067213170148
5783.0	66	2910.1375298544735
5784.0	64	2909.2080587042938
5785.0	69	2908.278799735199
5786.0	53	2907.349752962687
5787.0	55	2906.4209184022125
5788.0	55	2905.492296069163
5789.0	51	2904.563885978849
5790.0	63	2903.635688146502
5791.0	53	2902.7077025873264
5792.0	60	2901.7799293164335
5793.0	59	2900.852368348856
5794.0	68	2899.925019699592
5795.0	80	2898.9978833835557
5796.0	72	2898.0709594156006
5797.0	55	2897.144247810515
5798.0	56	2896.21774858301
5799.0	60	2895.2914617477377
5800.0	43	2894.3653873193057
5801.0	67	2893.4395253122225
5802.0	56	2892.5138757409545
5803.0	56	2891.5884386198745
5804.0	70	2890.6632139633284
5805.0	55	2889.7382017855707
5806.0	65	2888.8134021008036
5807.0	63	2887.888814923154
5808.0	54	2886.9644402666827
5809.0	48	2886.040278145388
5810.0	60	2885.1163285732277
5811.0	55	2884.1925915640495
5812.0	49	2883.26906713166
5813.0	58	2882.3457552898176
5814.0	79	2881.42265605218
5815.0	48	2880.4997694323774
5816.0	70	2879.5770954439326
5817.0	51	2878.654634100349
5818.0	58	2877.7323854150363
5819.0	64	2876.8103494013426
5820.0	57	2875.88852607257
5821.0	58	2874.966915441917
5822.0	48	2874.0455175225757
5823.0	70	2873.124332327622
5824.0	73	2872.2033598700996
5825.0	61	2871.2826001629655
5826.0	63	2870.3620532191194
5827.0	48	2869.441719051415
5828.0	69	2868.5215976726154
5829.0	65	2867.60168909544
5830.0	62	2866.68199333254
5831.0	56	2865.762510396487
5832.0	63	2864.8432402998096
5833.0	67	2863.924183054966
5834.0	49	2863.0053386743384
5835.0	54	2862.086707170264
5836.0	67	2861.1682885550204
5837.0	68	2860.250082840786
5838.0	59	2859.33209003972
5839.0	47	2858.414310163889
5840.0	72	2857.496743225301
5841.0	61	2856.579389235926
5842.0	60	2855.6622482076227
5843.0	48	2854.745320152241
5844.0	58	2853.828605081528
5845.0	59	2852.9121030071674
5846.0	72	2851.9958139408245
5847.0	65	2851.0797378940424
5848.0	50	2850.163874878357
5849.0	61	2849.2482249051927
5850.0	70	2848.3327879859435
5851.0	57	2847.417564131928
5852.0	56	2846.5025533544062
5853.0	55	2845.5877556645632
5854.0	63	2844.67317107356
5855.0	69	2843.758799592439
5856.0	65	2842.8446412322282
5857.0	49	2841.9306960038584
5858.0	60	2841.0169639182354
5859.0	64	2840.103444986149
5860.0	51	2839.1901392183945
5861.0	59	2838.277046625661
5862.0	66	2837.3641672185745
5863.0	59	2836.4515010077116
5864.0	54	2835.539048003592
5865.0	61	2834.6268082166675
5866.0	55	2833.7147816573215
5867.0	48	2832.8029683358864
5868.0	59	2831.8913682626185
5869.0	63	2830.979981447746
5870.0	64	2830.068807901375
5871.0	68	2829.157847633622
5872.0	65	2828.247100654496
5873.0	57	2827.3365669739487
5874.0	53	2826.426246601899
5875.0	64	2825.51613954815
5876.0	58	2824.6062458225
5877.0	62	2823.6965654346627
5878.0	50	2822.7870983942885
5879.0	54	2821.8778447109694
5880.0	66	2820.9688043942283
5881.0	59	2820.0599774535467
5882.0	60	2819.1513638983433
5883.0	59	2818.2429637379487
5884.0	59	2817.3347769816696
5885.0	54	2816.426803638717
5886.0	44	2815.519043718265
5887.0	57	2814.611497229425
5888.0	56	2813.7041641812366
5889.0	44	2812.797044582694
5890.0	70	2811.890138442715
5891.0	68	2810.9834457701677
5892.0	63	2810.076966573866
5893.0	57	2809.1707008625413
5894.0	53	2808.264648644875
5895.0	64	2807.358809929523
5896.0	65	2806.4531847250178
5897.0	48	2805.5477730398807
5898.0	59	2804.6425748825545
5899.0	66	2803.7375902614185
5900.0	65	2802.83281918481
5901.0	64	2801.92826166099
5902.0	65	2801.023917698169
5903.0	57	2800.1197873044725
5904.0	75	2799.2158704880153
5905.0	50	2798.31216725681
5906.0	58	2797.4086776188283
5907.0	46	2796.5054015819883
5908.0	47	2795.6023391541257
5909.0	63	2794.6994903430395
5910.0	68	2793.7968551564604
5911.0	60	2792.894433602061
5912.0	58	2791.992225687445
5913.0	66	2791.090231420188
5914.0	65	2790.1884508077605
5915.0	60	2789.286883857616
5916.0	66	2788.385530577121
5917.0	67	2787.484390973604
5918.0	58	2786.5834650543266
5919.0	63	2785.682752826474
5920.0	67	2784.7822542972035
5921.0	66	2783.8819694735985
5922.0	65	2782.9818983626715
5923.0	61	2782.0820409714083
5924.0	64	2781.1823973067053
5925.0	67	2780.282967375427
5926.0	46	2779.383751184336
5927.0	62	2778.484748740191
5928.0	55	2777.5859600496656
5929.0	59	2776.6873851193714
5930.0	55	2775.789023955875
5931.0	49	2774.8908765656693
5932.0	58	2773.992942955202
5933.0	69	2773.095223130862
5934.0	53	2772.1977170989608
5935.0	56	2771.300424865798
5936.0	59	2770.403346437554
5937.0	51	2769.506481820406
5938.0	55	2768.6098310204447
5939.0	52	2767.7133940437084
5940.0	58	2766.8171708961736
5941.0	57	2765.9211615837753
5942.0	54	2765.025366112377
5943.0	50	2764.1297844877945
5944.0	52	2763.2344167157507
5945.0	56	2762.3392628019783
5946.0	52	2761.4443227521047
5947.0	70	2760.5495965716896
5948.0	56	2759.6550842662864
5949.0	58	2758.760785841343
5950.0	59	2757.8667013022714
5951.0	64	2756.972830654437
5952.0	64	2756.0791739031247
5953.0	59	2755.1857310535747
5954.0	57	2754.292502110973
5955.0	49	2753.399487080435
5956.0	58	2752.5066859670424
5957.0	69	2751.614098775811
5958.0	75	2750.721725511676
5959.0	63	2749.8295661795632
5960.0	61	2748.937620784295
5961.0	59	2748.0458893306795
5962.0	63	2747.154371823419
5963.0	48	2746.263068267203
5964.0	67	2745.371978666658
5965.0	63	2744.481103026333
5966.0	62	2743.590441350743
5967.0	74	2742.699993644331
5968.0	65	2741.8097599114803
5969.0	57	2740.919740156566
5970.0	63	2740.0299343838287
5971.0	65	2739.1403425975095
5972.0	70	2738.250964801791
5973.0	50	2737.36180100078
5974.0	56	2736.4728511985304
5975.0	77	2735.5841153990395
5976.0	47	2734.6955936062714
5977.0	55	2733.80728582411
5978.0	66	2732.919192056395
5979.0	54	2732.031312306906
5980.0	63	2731.143646579368
5981.0	61	2730.256194877452
5982.0	63	2729.3689572047792
5983.0	53	2728.4819335649063
5984.0	69	2727.5951239613364
5985.0	61	2726.7085283975225
5986.0	69	2725.8221468768566
5987.0	64	2724.935979402693
5988.0	54	2724.050025978298
5989.0	57	2723.164286606908
5990.0	64	2722.278761291705
5991.0	59	2721.393450035801
5992.0	54	2720.5083528422733
5993.0	58	2719.623469714121
5994.0	54	2718.738800654319
5995.0	55	2717.8543456657467
5996.0	64	2716.970104751267
5997.0	63	2716.0860779136783
5998.0	60	2715.202265155701
5999.0	61	2714.3186664800282
6000.0	55	2713.4352818893094
6001.0	56	2712.5521113860873
6002.0	52	2711.66915497292
6003.0	56	2710.786412652242
6004.0	59	2709.9038844264824
6005.0	58	2709.0215702980167
6006.0	78	2708.1394702691186
6007.0	52	2707.2575843420673
6008.0	49	2706.3759125190463
6009.0	76	2705.4944548022
6010.0	61	2704.6132111936327
6011.0	63	2703.7321816953745
6012.0	67	2702.851366309404
6013.0	54	2701.970765037656
6014.0	63	2701.0903778819966
6015.0	73	2700.2102048442634
6016.0	65	2699.3302459262195
6017.0	63	2698.4505011295755
6018.0	88	2697.5709704560045
6019.0	58	2696.691653907107
6020.0	76	2695.812551484444
6021.0	63	2694.9336631895194
6022.0	63	2694.054989023775
6023.0	61	2693.1765289886175
6024.0	67	2692.298283085379
6025.0	52	2691.420251315368
6026.0	48	2690.542433679806
6027.0	66	2689.6648301798828
6028.0	58	2688.787440816736
6029.0	59	2687.9102655914303
6030.0	65	2687.033304505015
6031.0	69	2686.1565575584436
6032.0	52	2685.280024752645
6033.0	63	2684.403706088491
6034.0	71	2683.5276015667932
6035.0	76	2682.651711188318
6036.0	51	2681.776034953781
6037.0	63	2680.9005728638363
6038.0	51	2680.025324919089
6039.0	71	2679.1502911200964
6040.0	70	2678.275471467352
6041.0	51	2677.4008659613323
6042.0	62	2676.5264746024027
6043.0	56	2675.652297390937
6044.0	79	2674.778334327203
6045.0	73	2673.9045854114647
6046.0	54	2673.0310506439073
6047.0	59	2672.157730024661
6048.0	54	2671.2846235538223
6049.0	52	2670.411731231409
6050.0	54	2669.539053057423
6051.0	56	2668.666589031798
6052.0	64	2667.794339154397
6053.0	62	2666.922303425057
6054.0	62	2666.0504818435566
6055.0	81	2665.178874409617
6056.0	65	2664.307481122928
6057.0	47	2663.4363019830807
6058.0	60	2662.565336989672
6059.0	60	2661.694586142227
6060.0	69	2660.8240494401975
6061.0	61	2659.9537268830004
6062.0	73	2659.08361847002
6063.0	61	2658.2137242005538
6064.0	57	2657.3440440738827
6065.0	55	2656.4745780892013
6066.0	59	2655.605326245693
6067.0	53	2654.736288542462
6068.0	67	2653.8674649785676
6069.0	68	2652.998855553025
6070.0	55	2652.1304602647883
6071.0	44	2651.262279112777
6072.0	63	2650.3943120958334
6073.0	65	2649.526559212781
6074.0	50	2648.659020462374
6075.0	85	2647.791695843315
6076.0	59	2646.9245853542643
6077.0	61	2646.0576889938347
6078.0	58	2645.191006760566
6079.0	63	2644.32453865299
6080.0	66	2643.4582846695375
6081.0	64	2642.5922448086276
6082.0	67	2641.726419068616
6083.0	62	2640.8608074478047
6084.0	50	2639.9954099444526
6085.0	54	2639.130226556765
6086.0	69	2638.2652572828815
6087.0	67	2637.4005021209423
6088.0	54	2636.535961068982
6089.0	66	2635.6716341250153
6090.0	63	2634.8075212869876
6091.0	62	2633.9436225528093
6092.0	60	2633.0799379203527
6093.0	57	2632.216467387409
6094.0	55	2631.3532109517473
6095.0	61	2630.4901686110697
6096.0	48	2629.6273403630407
6097.0	58	2628.764726205282
6098.0	52	2627.9023261353236
6099.0	56	2627.040140150705
6100.0	64	2626.178168248885
6101.0	58	2625.316410427269
6102.0	53	2624.454866683232
6103.0	47	2623.5935370140846
6104.0	76	2622.732421417083
6105.0	62	2621.8715198894633
6106.0	67	2621.01083242838
6107.0	63	2620.150359030971
6108.0	66	2619.2900996942794
6109.0	59	2618.4300544153475
6110.0	67	2617.5702231911528
6111.0	56	2616.71060601861
6112.0	68	2615.8512028945856
6113.0	68	2614.992013815929
6114.0	56	2614.133038779417
6115.0	63	2613.2742777817657
6116.0	63	2612.4157308196627
6117.0	62	2611.55739788975
6118.0	57	2610.699278988613
6119.0	62	2609.841374112781
