time	whole_blood_radioactivity	plasma_radioactivity
-681.0	28	0.0
-680.0	32	0.0
-679.0	31	0.0
-678.0	26	0.0
-677.0	33	0.0
-676.0	40	0.0
-675.0	32	0.0
-674.0	32	0.0
-673.0	22	0.0
-672.0	29	0.0
-671.0	35	0.0
-670.0	27	0.0
-669.0	33	0.0
-668.0	32	0.0
-667.0	38	0.0
-666.0	29	0.0
-665.0	31	0.0
-664.0	46	0.0
-663.0	22	0.0
-662.0	31	0.0
-661.0	25	0.0
-660.0	31	0.0
-659.0	33	0.0
-658.0	28	0.0
-657.0	41	0.0
-656.0	33	0.0
-655.0	29	0.0
-654.0	30	0.0
-653.0	34	0.0
-652.0	36	0.0
-651.0	31	0.0
-650.0	29	0.0
-649.0	26	0.0
-648.0	26	0.0
-647.0	33	0.0
-646.0	26	0.0
-645.0	40	0.0
-644.0	36	0.0
-643.0	25	0.0
-642.0	26	0.0
-641.0	36	0.0
-640.0	31	0.0
-639.0	30	0.0
-638.0	37	0.0
-637.0	36	0.0
-636.0	37	0.0
-635.0	25	0.0
-634.0	33	0.0
-633.0	33	0.0
-632.0	29	0.0
-631.0	24	0.0
-630.0	31	0.0
-629.0	31	0.0
-628.0	23	0.0
-627.0	20	0.0
-626.0	30	0.0
-625.0	34	0.0
-624.0	22	0.0
-623.0	27	0.0
-622.0	31	0.0
-621.0	40	0.0
-620.0	27	0.0
-619.0	26	0.0
-618.0	24	0.0
-617.0	25	0.0
-616.0	37	0.0
-615.0	27	0.0
-614.0	21	0.0
-613.0	28	0.0
-612.0	43	0.0
-611.0	24	0.0
-610.0	35	0.0
-609.0	32	0.0
-608.0	30	0.0
-607.0	33	0.0
-606.0	34	0.0
-605.0	28	0.0
-604.0	24	0.0
-603.0	38	0.0
-602.0	28	0.0
-601.0	29	0.0
-600.0	33	0.0
-599.0	26	0.0
-598.0	30	0.0
-597.0	33	0.0
-596.0	30	0.0
-595.0	39	0.0
-594.0	31	0.0
-593.0	43	0.0
-592.0	38	0.0
-591.0	34	0.0
-590.0	32	0.0
-589.0	35	0.0
-588.0	27	0.0
-587.0	34	0.0
-586.0	25	0.0
-585.0	26	0.0
-584.0	26	0.0
-583.0	36	0.0
-582.0	25	0.0
-581.0	19	0.0
-580.0	35	0.0
-579.0	29	0.0
-578.0	37	0.0
-577.0	35	0.0
-576.0	26	0.0
-575.0	28	0.0
-574.0	40	0.0
-573.0	28	0.0
-572.0	32	0.0
-571.0	32	0.0
-570.0	20	0.0
-569.0	37	0.0
-568.0	24	0.0
-567.0	29	0.0
-566.0	30	0.0
-565.0	28	0.0
-564.0	27	0.0
-563.0	33	0.0
-562.0	28	0.0
-561.0	26	0.0
-560.0	28	0.0
-559.0	26	0.0
-558.0	35	0.0
-557.0	39	0.0
-556.0	33	0.0
-555.0	32	0.0
-554.0	37	0.0
-553.0	31	0.0
-552.0	34	0.0
-551.0	31	0.0
-550.0	34	0.0
-549.0	23	0.0
-548.0	38	0.0
-547.0	36	0.0
-546.0	42	0.0
-545.0	34	0.0
-544.0	34	0.0
-543.0	28	0.0
-542.0	35	0.0
-541.0	22	0.0
-540.0	32	0.0
-539.0	36	0.0
-538.0	42	0.0
-537.0	29	0.0
-536.0	33	0.0
-535.0	28	0.0
-534.0	29	0.0
-533.0	24	0.0
-532.0	30	0.0
-531.0	30	0.0
-530.0	29	0.0
-529.0	31	0.0
-528.0	27	0.0
-527.0	36	0.0
-526.0	38	0.0
-525.0	39	0.0
-524.0	30	0.0
-523.0	38	0.0
-522.0	30	0.0
-521.0	22	0.0
-520.0	38	0.0
-519.0	41	0.0
-518.0	40	0.0
-517.0	29	0.0
-516.0	26	0.0
-515.0	31	0.0
-514.0	34	0.0
-513.0	34	0.0
-512.0	33	0.0
-511.0	23	0.0
-510.0	41	0.0
-509.0	41	0.0
-508.0	21	0.0
-507.0	34	0.0
-506.0	43	0.0
-505.0	43	0.0
-504.0	35	0.0
-503.0	30	0.0
-502.0	30	0.0
-501.0	35	0.0
-500.0	34	0.0
-499.0	38	0.0
-498.0	28	0.0
-497.0	31	0.0
-496.0	34	0.0
-495.0	29	0.0
-494.0	24	0.0
-493.0	28	0.0
-492.0	36	0.0
-491.0	27	0.0
-490.0	32	0.0
-489.0	32	0.0
-488.0	24	0.0
-487.0	29	0.0
-486.0	38	0.0
-485.0	28	0.0
-484.0	30	0.0
-483.0	44	0.0
-482.0	40	0.0
-481.0	36	0.0
-480.0	29	0.0
-479.0	43	0.0
-478.0	36	0.0
-477.0	28	0.0
-476.0	36	0.0
-475.0	29	0.0
-474.0	31	0.0
-473.0	43	0.0
-472.0	36	0.0
-471.0	28	0.0
-470.0	33	0.0
-469.0	35	0.0
-468.0	37	0.0
-467.0	37	0.0
-466.0	30	0.0
-465.0	34	0.0
-464.0	29	0.0
-463.0	31	0.0
-462.0	39	0.0
-461.0	23	0.0
-460.0	31	0.0
-459.0	42	0.0
-458.0	26	0.0
-457.0	43	0.0
-456.0	38	0.0
-455.0	26	0.0
-454.0	30	0.0
-453.0	27	0.0
-452.0	31	0.0
-451.0	30	0.0
-450.0	31	0.0
-449.0	33	0.0
-448.0	31	0.0
-447.0	29	0.0
-446.0	25	0.0
-445.0	32	0.0
-444.0	40	0.0
-443.0	35	0.0
-442.0	30	0.0
-441.0	25	0.0
-440.0	36	0.0
-439.0	28	0.0
-438.0	35	0.0
-437.0	33	0.0
-436.0	21	0.0
-435.0	31	0.0
-434.0	27	0.0
-433.0	37	0.0
-432.0	34	0.0
-431.0	26	0.0
-430.0	40	0.0
-429.0	31	0.0
-428.0	24	0.0
-427.0	44	0.0
-426.0	30	0.0
-425.0	32	0.0
-424.0	25	0.0
-423.0	46	0.0
-422.0	28	0.0
-421.0	28	0.0
-420.0	24	0.0
-419.0	27	0.0
-418.0	40	0.0
-417.0	36	0.0
-416.0	37	0.0
-415.0	30	0.0
-414.0	34	0.0
-413.0	30	0.0
-412.0	23	0.0
-411.0	29	0.0
-410.0	41	0.0
-409.0	24	0.0
-408.0	32	0.0
-407.0	34	0.0
-406.0	26	0.0
-405.0	30	0.0
-404.0	29	0.0
-403.0	31	0.0
-402.0	23	0.0
-401.0	35	0.0
-400.0	33	0.0
-399.0	29	0.0
-398.0	31	0.0
-397.0	33	0.0
-396.0	29	0.0
-395.0	35	0.0
-394.0	33	0.0
-393.0	29	0.0
-392.0	29	0.0
-391.0	34	0.0
-390.0	26	0.0
-389.0	33	0.0
-388.0	27	0.0
-387.0	45	0.0
-386.0	27	0.0
-385.0	31	0.0
-384.0	37	0.0
-383.0	28	0.0
-382.0	39	0.0
-381.0	31	0.0
-380.0	27	0.0
-379.0	28	0.0
-378.0	33	0.0
-377.0	25	0.0
-376.0	45	0.0
-375.0	36	0.0
-374.0	34	0.0
-373.0	34	0.0
-372.0	35	0.0
-371.0	32	0.0
-370.0	22	0.0
-369.0	36	0.0
-368.0	30	0.0
-367.0	31	0.0
-366.0	29	0.0
-365.0	32	0.0
-364.0	26	0.0
-363.0	36	0.0
-362.0	24	0.0
-361.0	19	0.0
-360.0	42	0.0
-359.0	20	0.0
-358.0	28	0.0
-357.0	38	0.0
-356.0	37	0.0
-355.0	28	0.0
-354.0	40	0.0
-353.0	33	0.0
-352.0	28	0.0
-351.0	31	0.0
-350.0	37	0.0
-349.0	30	0.0
-348.0	28	0.0
-347.0	39	0.0
-346.0	31	0.0
-345.0	23	0.0
-344.0	40	0.0
-343.0	21	0.0
-342.0	32	0.0
-341.0	36	0.0
-340.0	36	0.0
-339.0	32	0.0
-338.0	32	0.0
-337.0	38	0.0
-336.0	40	0.0
-335.0	28	0.0
-334.0	35	0.0
-333.0	32	0.0
-332.0	27	0.0
-331.0	28	0.0
-330.0	25	0.0
-329.0	32	0.0
-328.0	27	0.0
-327.0	39	0.0
-326.0	32	0.0
-325.0	33	0.0
-324.0	26	0.0
-323.0	35	0.0
-322.0	19	0.0
-321.0	29	0.0
-320.0	26	0.0
-319.0	23	0.0
-318.0	34	0.0
-317.0	32	0.0
-316.0	40	0.0
-315.0	27	0.0
-314.0	35	0.0
-313.0	30	0.0
-312.0	26	0.0
-311.0	34	0.0
-310.0	48	0.0
-309.0	35	0.0
-308.0	33	0.0
-307.0	32	0.0
-306.0	31	0.0
-305.0	35	0.0
-304.0	23	0.0
-303.0	35	0.0
-302.0	43	0.0
-301.0	34	0.0
-300.0	36	0.0
-299.0	35	0.0
-298.0	23	0.0
-297.0	29	0.0
-296.0	38	0.0
-295.0	29	0.0
-294.0	34	0.0
-293.0	26	0.0
-292.0	28	0.0
-291.0	41	0.0
-290.0	31	0.0
-289.0	19	0.0
-288.0	32	0.0
-287.0	35	0.0
-286.0	31	0.0
-285.0	28	0.0
-284.0	24	0.0
-283.0	33	0.0
-282.0	36	0.0
-281.0	24	0.0
-280.0	36	0.0
-279.0	28	0.0
-278.0	29	0.0
-277.0	30	0.0
-276.0	19	0.0
-275.0	37	0.0
-274.0	30	0.0
-273.0	37	0.0
-272.0	33	0.0
-271.0	30	0.0
-270.0	26	0.0
-269.0	26	0.0
-268.0	21	0.0
-267.0	37	0.0
-266.0	34	0.0
-265.0	30	0.0
-264.0	22	0.0
-263.0	21	0.0
-262.0	35	0.0
-261.0	29	0.0
-260.0	37	0.0
-259.0	28	0.0
-258.0	35	0.0
-257.0	31	0.0
-256.0	31	0.0
-255.0	31	0.0
-254.0	37	0.0
-253.0	26	0.0
-252.0	34	0.0
-251.0	38	0.0
-250.0	23	0.0
-249.0	32	0.0
-248.0	38	0.0
-247.0	29	0.0
-246.0	29	0.0
-245.0	25	0.0
-244.0	35	0.0
-243.0	22	0.0
-242.0	28	0.0
-241.0	26	0.0
-240.0	42	0.0
-239.0	29	0.0
-238.0	28	0.0
-237.0	34	0.0
-236.0	25	0.0
-235.0	26	0.0
-234.0	29	0.0
-233.0	33	0.0
-232.0	33	0.0
-231.0	31	0.0
-230.0	39	0.0
-229.0	22	0.0
-228.0	28	0.0
-227.0	38	0.0
-226.0	26	0.0
-225.0	27	0.0
-224.0	29	0.0
-223.0	41	0.0
-222.0	39	0.0
-221.0	25	0.0
-220.0	33	0.0
-219.0	35	0.0
-218.0	37	0.0
-217.0	36	0.0
-216.0	35	0.0
-215.0	23	0.0
-214.0	30	0.0
-213.0	30	0.0
-212.0	35	0.0
-211.0	26	0.0
-210.0	28	0.0
-209.0	33	0.0
-208.0	30	0.0
-207.0	32	0.0
-206.0	28	0.0
-205.0	40	0.0
-204.0	29	0.0
-203.0	31	0.0
-202.0	24	0.0
-201.0	22	0.0
-200.0	21	0.0
-199.0	24	0.0
-198.0	42	0.0
-197.0	33	0.0
-196.0	41	0.0
-195.0	26	0.0
-194.0	32	0.0
-193.0	16	0.0
-192.0	36	0.0
-191.0	25	0.0
-190.0	29	0.0
-189.0	36	0.0
-188.0	32	0.0
-187.0	31	0.0
-186.0	25	0.0
-185.0	23	0.0
-184.0	19	0.0
-183.0	41	0.0
-182.0	32	0.0
-181.0	30	0.0
-180.0	33	0.0
-179.0	28	0.0
-178.0	32	0.0
-177.0	31	0.0
-176.0	27	0.0
-175.0	29	0.0
-174.0	36	0.0
-173.0	35	0.0
-172.0	32	0.0
-171.0	34	0.0
-170.0	22	0.0
-169.0	32	0.0
-168.0	25	0.0
-167.0	33	0.0
-166.0	29	0.0
-165.0	37	0.0
-164.0	29	0.0
-163.0	24	0.0
-162.0	22	0.0
-161.0	21	0.0
-160.0	30	0.0
-159.0	29	0.0
-158.0	25	0.0
-157.0	33	0.0
-156.0	27	0.0
-155.0	39	0.0
-154.0	25	0.0
-153.0	36	0.0
-152.0	37	0.0
-151.0	34	0.0
-150.0	28	0.0
-149.0	42	0.0
-148.0	44	0.0
-147.0	25	0.0
-146.0	28	0.0
-145.0	25	0.0
-144.0	37	0.0
-143.0	32	0.0
-142.0	32	0.0
-141.0	27	0.0
-140.0	26	0.0
-139.0	25	0.0
-138.0	36	0.0
-137.0	34	0.0
-136.0	26	0.0
-135.0	35	0.0
-134.0	22	0.0
-133.0	24	0.0
-132.0	28	0.0
-131.0	29	0.0
-130.0	30	0.0
-129.0	32	0.0
-128.0	31	0.0
-127.0	29	0.0
-126.0	36	0.0
-125.0	28	0.0
-124.0	26	0.0
-123.0	39	0.0
-122.0	30	0.0
-121.0	29	0.0
-120.0	31	0.0
-119.0	26	0.0
-118.0	32	0.0
-117.0	38	0.0
-116.0	31	0.0
-115.0	27	0.0
-114.0	26	0.0
-113.0	32	0.0
-112.0	34	0.0
-111.0	37	0.0
-110.0	36	0.0
-109.0	29	0.0
-108.0	33	0.0
-107.0	29	0.0
-106.0	26	0.0
-105.0	37	0.0
-104.0	30	0.0
-103.0	42	0.0
-102.0	31	0.0
-101.0	27	0.0
-100.0	44	0.0
-99.0	38	0.0
-98.0	40	0.0
-97.0	23	0.0
-96.0	26	0.0
-95.0	37	0.0
-94.0	33	0.0
-93.0	27	0.0
-92.0	31	0.0
-91.0	21	0.0
-90.0	30	0.0
-89.0	35	0.0
-88.0	30	0.0
-87.0	38	0.0
-86.0	39	0.0
-85.0	37	0.0
-84.0	30	0.0
-83.0	32	0.0
-82.0	24	0.0
-81.0	35	0.0
-80.0	36	0.0
-79.0	35	0.0
-78.0	35	0.0
-77.0	35	0.0
-76.0	32	0.0
-75.0	33	0.0
-74.0	22	0.0
-73.0	34	0.0
-72.0	29	0.0
-71.0	27	0.0
-70.0	28	0.0
-69.0	33	0.0
-68.0	32	0.0
-67.0	36	0.0
-66.0	35	0.0
-65.0	35	0.0
-64.0	34	0.0
-63.0	36	0.0
-62.0	26	0.0
-61.0	16	0.0
-60.0	29	0.0
-59.0	42	0.0
-58.0	34	0.0
-57.0	22	0.0
-56.0	31	0.0
-55.0	23	0.0
-54.0	25	0.0
-53.0	35	0.0
-52.0	42	0.0
-51.0	27	0.0
-50.0	43	0.0
-49.0	36	0.0
-48.0	47	0.0
-47.0	31	0.0
-46.0	25	0.0
-45.0	21	0.0
-44.0	33	0.0
-43.0	38	0.0
-42.0	33	0.0
-41.0	31	0.0
-40.0	45	0.0
-39.0	25	0.0
-38.0	33	0.0
-37.0	30	0.0
-36.0	36	0.0
-35.0	30	0.0
-34.0	36	0.0
-33.0	23	0.0
-32.0	31	0.0
-31.0	24	0.0
-30.0	26	0.0
-29.0	41	0.0
-28.0	19	0.0
-27.0	25	0.0
-26.0	26	0.0
-25.0	21	0.0
-24.0	27	0.0
-23.0	32	0.0
-22.0	31	0.0
-21.0	28	0.0
-20.0	29	0.0
-19.0	45	0.0
-18.0	35	0.0
-17.0	24	0.0
-16.0	28	0.0
-15.0	33	0.0
-14.0	29	0.0
-13.0	36	0.0
-12.0	30	0.0
-11.0	20	0.0
-10.0	31	0.0
-9.0	31	0.0
-8.0	34	0.0
-7.0	43	0.0
-6.0	38	0.0
-5.0	36	0.0
-4.0	35	0.0
-3.0	37	0.0
-2.0	39	0.0
-1.0	29	0.0
0.0	35	0.0
1.0	32	0.0
2.0	38	0.0
3.0	31	0.0
4.0	32	0.0
5.0	36	0.0
6.0	23	0.0
7.0	31	0.0
8.0	24	0.0
9.0	30	0.0
10.0	32	0.0
11.0	33	0.0
12.0	41	0.0
13.0	20	0.0
14.0	31	0.0
15.0	30	0.0
16.0	27	0.0
17.0	33	0.0
18.0	37	0.0
19.0	37	0.0
20.0	37	0.0
21.0	31	0.0
22.0	33	0.0
23.0	40	0.0
24.0	36	0.0
25.0	32	0.0
26.0	22	0.0
27.0	28	0.0
28.0	30	0.0
29.0	38	0.0
30.0	35	0.0
31.0	33	0.0
32.0	24	0.0
33.0	41	0.0
34.0	27	0.0
35.0	29	0.0
36.0	31	0.0
37.0	22	0.0
38.0	20	0.0
39.0	31	0.0
40.0	34	0.0
41.0	44	0.0
42.0	29	0.0
43.0	25	0.0
44.0	34	0.0
45.0	33	0.0
46.0	31	0.0
47.0	27	0.0
48.0	30	0.0
49.0	27	0.0
50.0	31	0.0
51.0	31	0.0
52.0	31	0.0
53.0	24	0.0
54.0	27	0.0
55.0	21	0.0
56.0	23	0.0
57.0	41	0.0
58.0	29	0.0
59.0	24	0.0
60.0	31	0.0
61.0	30	0.0
62.0	28	0.0
63.0	26	0.0
64.0	21	0.0
65.0	28	0.0
66.0	36	0.0
67.0	36	0.0
68.0	37	0.0
69.0	29	0.0
70.0	30	0.0
71.0	37	4.866697540719579e-11
72.0	29	2522.642792247517
73.0	27	4809.913338808669
74.0	32	6878.349385764972
75.0	38	8743.469423295839
76.0	32	10419.830823858842
77.0	25	11921.084831098093
78.0	39	13260.028563864427
79.0	37	14448.654191395377
80.0	50	15498.195427764133
81.0	41	16419.17148617393
82.0	49	17221.428626517874
83.0	40	17914.179422811452
84.0	47	18506.039870644952
85.0	68	19005.064448663165
86.0	51	19418.779242235814
87.0	46	19754.213231947877
88.0	49	20017.927844263828
89.0	70	20216.04485672242
90.0	55	20354.272745266684
91.0	54	20437.93155679715
92.0	57	20471.976385752518
93.0	55	20461.01952945043
94.0	44	20409.35139305397
95.0	55	20320.96021136045
96.0	50	20199.550651121608
97.0	42	20048.56135429289
98.0	47	19871.181479472612
99.0	62	19670.366295800253
100.0	72	19448.851880760267
101.0	53	19209.168970640763
102.0	55	18953.656009849088
103.0	62	18684.471442865528
104.0	45	18403.605290311978
105.0	52	18112.890048437126
106.0	54	17814.01094924505
107.0	57	17508.515616530694
108.0	52	17197.82315122423
109.0	47	16883.23267767346
110.0	60	16565.93138081858
111.0	44	16247.002062623438
112.0	45	15927.43024461229
113.0	61	15608.11084193512
114.0	44	15289.854433022834
115.0	46	14973.393147606983
116.0	35	14659.386194656056
117.0	56	14348.425050624373
118.0	43	14041.038327309177
119.0	49	13737.696337572224
120.0	50	13438.815376194027
121.0	45	13144.761732194038
122.0	47	12855.855448063478
123.0	41	12572.373840516393
124.0	35	12294.554796569093
125.0	50	12022.59985800191
126.0	32	11756.6771065447
127.0	40	11496.923861446496
128.0	42	11243.449200451825
129.0	27	10996.336314594946
130.0	36	10755.644706649276
131.0	51	10521.412242523918
132.0	30	10293.657064381492
133.0	35	10072.379373763877
134.0	31	9857.56309254943
135.0	43	9649.177409125028
136.0	52	9447.178216744627
137.0	39	9251.50945065025
138.0	43	9062.104330161867
139.0	35	8878.886511589948
140.0	34	8701.771157491346
141.0	39	8530.665927476402
142.0	41	8365.471895474362
143.0	38	8206.084398085522
144.0	32	8052.3938183801365
145.0	27	7904.2863092532225
146.0	39	7761.644460205944
147.0	42	7624.347911199389
148.0	34	7492.273917013344
149.0	32	7365.297865342321
150.0	34	7243.293751669879
151.0	52	7126.134613784088
152.0	37	7013.6929286262775
153.0	37	6905.840974005643
154.0	38	6802.451157560598
155.0	39	6703.3963152050555
156.0	36	6608.549981162991
157.0	26	6517.7866315670235
158.0	45	6430.98190347687
159.0	35	6348.0127910600295
160.0	39	6268.757820569836
161.0	32	6193.097205655471
162.0	39	6120.912984442953
163.0	28	6052.089139736522
164.0	45	5986.511703605519
165.0	43	5924.068847541141
166.0	35	5864.650959293561
167.0	39	5808.150707427918
168.0	33	5754.463094571747
169.0	37	5703.4855002629665
170.0	39	5655.1177142490415
171.0	40	5609.261961031364
172.0	41	5565.822916397412
173.0	40	5524.70771663319
174.0	42	5485.825961062366
175.0	35	5449.089708514801
176.0	39	5414.413468286279
177.0	36	5381.714186112406
178.0	38	5350.911225643615
179.0	36	5321.92634587416
180.0	40	5294.683674945929
181.0	43	5269.109680717921
182.0	44	5245.1331384640525
183.0	27	5222.685096035659
184.0	45	5201.698836800053
185.0	31	5182.109840643482
186.0	37	5163.855743304782
187.0	47	5146.87629428605
188.0	37	5131.11331356708
189.0	42	5116.510647332752
190.0	50	5103.014122905716
191.0	40	5090.5715030610445
192.0	35	5079.13243988498
193.0	45	5068.648428326238
194.0	29	5059.07275957537
195.0	33	5050.360474396129
196.0	28	5042.468316521391
197.0	35	5035.354686215867
198.0	51	5028.979594098431
199.0	38	5023.304615307459
200.0	38	5018.292844084708
201.0	39	5013.908848845203
202.0	43	5010.11862779335
203.0	42	5006.889565138984
204.0	36	5004.190387960732
205.0	31	5001.991123758239
206.0	38	5000.263058729678
207.0	32	4998.978696805791
208.0	36	4998.111719467363
209.0	36	4997.636946368613
210.0	39	4997.530296785354
211.0	55	4997.768751902953
212.0	32	4998.3303179560335
213.0	33	4999.1939902287695
214.0	38	5000.339717921829
215.0	37	5001.7483698895485
216.0	38	5003.401701248685
217.0	33	5005.282320857809
218.0	34	5007.3736596646195
219.0	34	5009.659939916768
220.0	26	5012.126145230101
221.0	41	5014.75799150689
222.0	32	5017.541898695317
223.0	35	5020.464963380422
224.0	31	5023.514932195597
225.0	29	5026.680176042928
226.0	47	5029.949665109784
227.0	30	5033.312944668552
228.0	28	5036.760111645506
229.0	43	5040.281791944747
230.0	45	5043.869118512101
231.0	37	5047.513710124249
232.0	30	5051.207650887316
233.0	38	5054.943470429472
234.0	53	5058.714124771616
235.0	50	5062.51297786029
236.0	31	5066.333783746612
237.0	35	5070.170669395342
238.0	40	5074.0181181078715
239.0	46	5077.870953543151
240.0	44	5081.724324320656
241.0	41	5085.573689189396
242.0	43	5089.414802747339
243.0	39	5093.243701695673
244.0	34	5097.056691612429
245.0	46	5100.850334230255
246.0	41	5104.621435203429
247.0	24	5108.367032349192
248.0	38	5112.084384348944
249.0	27	5115.770959894974
250.0	36	5119.42442726867
251.0	35	5123.042644336458
252.0	38	5126.6236489499615
253.0	52	5130.165649737111
254.0	41	5133.667017271363
255.0	36	5137.126275606303
256.0	28	5140.542094163278
257.0	37	5143.913279959987
258.0	41	5147.238770168357
259.0	48	5150.517624990022
260.0	41	5153.749020838433
261.0	33	5156.932243816545
262.0	47	5160.066683479553
263.0	27	5163.151826872358
264.0	36	5166.187252831686
265.0	45	5169.1726265431535
266.0	45	5172.107694343834
267.0	40	5174.992278761026
268.0	46	5177.826273778458
269.0	35	5180.609640321134
270.0	35	5183.342401950491
271.0	49	5186.0246407618215
272.0	37	5188.65649347588
273.0	40	5191.238147717264
274.0	30	5193.769838472052
275.0	34	5196.251844717632
276.0	37	5198.684486217714
277.0	31	5201.068120475977
278.0	32	5203.403139841796
279.0	33	5205.6899687618325
280.0	40	5207.929061171477
281.0	38	5210.120898020369
282.0	34	5212.265984926235
283.0	35	5214.364849951822
284.0	35	5216.418041499514
285.0	42	5218.426126318761
286.0	42	5220.389687621314
287.0	34	5222.309323299668
288.0	35	5224.185644244226
289.0	32	5226.01927275469
290.0	41	5227.810841041755
291.0	29	5229.560989814786
292.0	39	5231.2703669518205
293.0	36	5232.939626248105
294.0	46	5234.569426239504
295.0	40	5236.160429097462
296.0	47	5237.713299592159
297.0	36	5239.22870412055
298.0	42	5240.707309796532
299.0	40	5242.149783599912
300.0	41	5243.556791581721
301.0	34	5244.928998122906
302.0	52	5246.267065243952
303.0	49	5247.571651962903
304.0	39	5248.843413699322
305.0	42	5250.083001722031
306.0	35	5251.291062638354
307.0	39	5252.468237922724
308.0	26	5253.615163482788
309.0	44	5254.732469260852
310.0	45	5255.820778869053
311.0	40	5256.880709256345
312.0	28	5257.912870405628
313.0	36	5258.917865059469
314.0	32	5259.896288472765
315.0	39	5260.848728190927
316.0	44	5261.775763852228
317.0	44	5262.677967012836
318.0	38	5263.555900993295
319.0	31	5264.410120745312
320.0	34	5265.241172737531
321.0	33	5266.049594859259
322.0	45	5266.835916341034
323.0	31	5267.600657691071
324.0	44	5268.344330646521
325.0	39	5269.067438138749
326.0	42	5269.77047427155
327.0	33	5270.453924311696
328.0	50	5271.11826469084
329.0	45	5271.7639630180765
330.0	33	5272.391478102451
331.0	35	5273.001259984665
332.0	41	5273.593749977442
333.0	46	5274.169380713801
334.0	41	5274.728576202698
335.0	39	5275.271751891532
336.0	29	5275.7993147348925
337.0	34	5276.311663269109
338.0	27	5276.809187692065
339.0	46	5277.292269947924
340.0	34	5277.761283816213
341.0	53	5278.216595004969
342.0	44	5278.658561247484
343.0	34	5279.087532402348
344.0	37	5279.503850556399
345.0	34	5279.907850130292
346.0	39	5280.299857986369
347.0	27	5280.680193538524
348.0	36	5281.049168863844
349.0	39	5281.40708881573
350.0	38	5281.754251138227
351.0	36	5282.090946581454
352.0	33	5282.417459017783
353.0	33	5282.7340655586595
354.0	40	5283.041036671868
355.0	39	5283.338636299013
356.0	34	5283.627121973162
357.0	32	5283.906744936359
358.0	40	5284.177750256991
359.0	42	5284.440376946804
360.0	42	5284.69485807746
361.0	33	5284.941420896568
362.0	35	5285.180286942997
363.0	41	5285.411672161455
364.0	39	5285.635787016168
365.0	38	5285.852836603708
366.0	30	5286.06302076468
367.0	37	5286.266534194449
368.0	50	5286.463566552626
369.0	35	5286.654302571375
370.0	35	5286.838922162494
371.0	48	5287.017600523156
372.0	30	5287.190508240283
373.0	24	5287.357811393582
374.0	35	5287.51967165713
375.0	37	5287.67624639951
376.0	33	5287.827688782464
377.0	31	5287.9741478580945
378.0	29	5288.115768664472
379.0	40	5288.252692319762
380.0	40	5288.385056114824
381.0	38	5288.512993604163
382.0	43	5288.636634695443
383.0	43	5288.756105737332
384.0	43	5288.871529605826
385.0	28	5288.983025788983
386.0	52	5289.090710470099
387.0	50	5289.194696609289
388.0	41	5289.295094023577
389.0	34	5289.392009465347
390.0	38	5289.485546699278
391.0	32	5289.575806577773
392.0	44	5289.662887114842
393.0	47	5289.746883558426
394.0	29	5289.8278884612955
395.0	36	5289.90599175043
396.0	39	5289.981280794879
397.0	44	5290.05384047227
398.0	34	5290.123753233762
399.0	36	5290.191099167655
400.0	37	5290.255956061587
401.0	38	5290.318399463276
402.0	31	5290.378502740002
403.0	26	5290.436337136661
404.0	25	5290.491971832486
405.0	35	5290.545473996535
406.0	44	5290.596908841819
407.0	33	5290.646339678181
408.0	37	5290.693827963909
409.0	36	5290.739433356219
410.0	33	5290.783213760359
411.0	29	5290.825225377708
412.0	37	5290.865522752561
413.0	26	5290.904158817922
414.0	34	5290.941184940001
415.0	27	5290.97665096177
416.0	28	5291.010605245335
417.0	24	5291.043094713314
418.0	41	5291.074164889116
419.0	30	5291.103859936271
420.0	32	5291.132222696696
421.0	32	5291.1592947280305
422.0	34	5291.185116340008
423.0	33	5291.209726629868
424.0	27	5291.233163516879
425.0	36	5291.255463775964
426.0	37	5291.27666307041
427.0	40	5291.2967959837715
428.0	45	5291.315896050898
429.0	37	5291.333995788175
430.0	39	5291.351126722918
431.0	34	5291.367319422007
432.0	32	5291.382603519781
433.0	46	5291.397007745114
434.0	33	5291.410559947853
435.0	45	5291.4232871244685
436.0	54	5291.435215443015
437.0	41	5291.446370267466
438.0	37	5291.4567761813005
439.0	37	5291.466457010546
440.0	34	5291.475435846084
441.0	36	5291.483735065396
442.0	20	5291.491376353711
443.0	41	5291.4983807245335
444.0	34	5291.5047685396385
445.0	30	5291.510559528472
446.0	26	5291.515772807026
447.0	45	5291.520426896174
448.0	34	5291.524539739501
449.0	38	5291.528128720635
450.0	33	5291.531210680069
451.0	40	5291.533801931483
452.0	51	5291.53591827768
453.0	42	5291.537575025997
454.0	33	5291.538787003258
455.0	34	5291.539568570422
456.0	32	5291.539933636624
457.0	44	5291.539895672958
458.0	29	5291.5394677258355
459.0	39	5291.538662429883
460.0	40	5291.537492020552
461.0	38	5291.53596834631
462.0	32	5291.5341028804905
463.0	36	5291.531906732814
464.0	29	5291.529390660539
465.0	28	5291.526565079308
466.0	48	5291.523440073684
467.0	36	5291.520025407321
468.0	41	5291.516330532909
469.0	38	5291.512364601792
470.0	46	5291.508136473256
471.0	34	5291.503654723651
472.0	37	5291.49892765511
473.0	34	5291.493963304094
474.0	48	5291.4887694497
475.0	43	5291.483353621602
476.0	36	5291.4777231079
477.0	37	5291.471884962629
478.0	40	5291.465846013101
479.0	39	5291.459612866975
480.0	32	5291.453191919174
481.0	40	5291.446589358528
482.0	37	5291.439811174287
483.0	38	5291.432863162358
484.0	41	5291.425750931426
485.0	32	5291.418479908821
486.0	36	5291.411055346278
487.0	29	5291.403482325459
488.0	38	5291.395765763338
489.0	34	5291.3879104174
490.0	34	5291.379920890736
491.0	32	5291.3718016368875
492.0	42	5291.363556964624
493.0	42	5291.355191042556
494.0	32	5291.346707903553
495.0	35	5291.338111449109
496.0	44	5291.329405453504
497.0	37	5291.320593567886
498.0	36	5291.311679324169
499.0	42	5291.302666138877
500.0	31	5291.293557316812
501.0	44	5291.284356054661
502.0	30	5291.275065444431
503.0	37	5291.265688476811
504.0	35	5291.256228044464
505.0	23	5291.246686945116
506.0	51	5291.237067884675
507.0	34	5291.227373480116
508.0	36	5291.2176062624285
509.0	35	5291.207768679301
510.0	38	5291.197863097891
511.0	24	5291.187891807377
512.0	31	5291.177857021491
513.0	36	5291.167760880963
514.0	37	5291.15760545588
515.0	30	5291.147392747982
516.0	36	5291.137124692887
517.0	45	5291.126803162193
518.0	29	5291.116429965634
519.0	34	5291.106006853011
520.0	45	5291.095535516191
521.0	32	5291.085017590987
522.0	39	5291.074454658966
523.0	43	5291.063848249231
524.0	26	5291.053199840141
525.0	37	5291.042510860958
526.0	35	5291.03178269342
527.0	36	5291.021016673365
528.0	35	5291.010214092178
529.0	32	5290.999376198253
530.0	31	5290.988504198433
531.0	35	5290.977599259325
532.0	32	5290.9666625086675
533.0	39	5290.95569503657
534.0	42	5290.944697896754
535.0	39	5290.933672107799
536.0	28	5290.922618654217
537.0	40	5290.911538487635
538.0	28	5290.900432527853
539.0	38	5290.889301663895
540.0	37	5290.878146755045
541.0	33	5290.866968631785
542.0	32	5290.855768096788
543.0	44	5290.8445459258255
544.0	31	5290.833302868645
545.0	33	5290.822039649823
546.0	35	5290.81075696964
547.0	33	5290.799455504846
548.0	36	5290.788135909448
549.0	36	5290.776798815476
550.0	37	5290.765444833697
551.0	42	5290.754074554335
552.0	39	5290.74268854775
553.0	34	5290.731287365088
554.0	42	5290.719871538918
555.0	32	5290.708441583884
556.0	39	5290.696997997252
557.0	41	5290.685541259537
558.0	32	5290.674071835003
559.0	49	5290.6625901722755
560.0	26	5290.651096704808
561.0	43	5290.639591851401
562.0	41	5290.628076016721
563.0	36	5290.616549591725
564.0	45	5290.6050129541545
565.0	39	5290.59346646897
566.0	33	5290.581910488758
567.0	47	5290.570345354181
568.0	32	5290.55877139434
569.0	29	5290.547188927205
570.0	42	5290.535598259923
571.0	35	5290.523999689265
572.0	40	5290.512393501897
573.0	35	5290.500779974761
574.0	33	5290.489159375399
575.0	28	5290.477531962261
576.0	35	5290.465897985012
577.0	37	5290.454257684814
578.0	49	5290.442611294646
579.0	32	5290.430959039545
580.0	44	5290.419301136905
581.0	31	5290.4076377966885
582.0	34	5290.39596922173
583.0	47	5290.384295607947
584.0	34	5290.372617144573
585.0	35	5290.360934014396
586.0	44	5290.349246393954
587.0	39	5290.337554453782
588.0	39	5290.325858358574
589.0	49	5290.314158267414
590.0	43	5290.30245433395
591.0	46	5290.290746706565
592.0	45	5290.2790355285915
593.0	39	5290.267320938442
594.0	33	5290.255603069814
595.0	39	5290.243882051821
596.0	33	5290.232158009149
597.0	44	5290.220431062222
598.0	27	5290.208701327342
599.0	45	5290.196968916837
600.0	53	5290.185233939157
601.0	38	5290.173496499061
602.0	33	5290.161756697701
603.0	46	5290.150014632773
604.0	35	5290.138270398598
605.0	35	5290.126524086283
606.0	37	5290.114775783796
607.0	24	5290.103025576086
608.0	36	5290.091273545182
609.0	27	5290.079519770288
610.0	36	5290.067764327909
611.0	32	5290.056007291892
612.0	38	5290.044248733558
613.0	37	5290.032488721775
614.0	25	5290.020727323036
615.0	36	5290.008964601542
616.0	33	5289.99720061929
617.0	38	5289.985435436142
618.0	33	5289.973669109894
619.0	41	5289.96190169636
620.0	39	5289.950133249408
621.0	41	5289.938363821074
622.0	36	5289.926593461571
623.0	42	5289.914822219415
624.0	32	5289.903050141422
625.0	44	5289.891277272791
626.0	36	5289.879503657176
627.0	42	5289.86772933672
628.0	38	5289.855954352093
629.0	32	5289.844178742584
630.0	38	5289.832402546099
631.0	30	5289.82062579926
632.0	43	5289.8088485374055
633.0	34	5289.797070794648
634.0	45	5289.785292603927
635.0	47	5289.773513997061
636.0	29	5289.761735004726
637.0	35	5289.749955656562
638.0	48	5289.738175981185
639.0	34	5289.726396006204
640.0	26	5289.714615758295
641.0	42	5289.702835263176
642.0	42	5289.6910545457
643.0	50	5289.679273629858
644.0	33	5289.667492538788
645.0	35	5289.655711294841
646.0	32	5289.643929919587
647.0	36	5289.632148433859
648.0	30	5289.620366857747
649.0	33	5289.608585210663
650.0	29	5289.596803511327
651.0	32	5289.58502177782
652.0	33	5289.573240027587
653.0	37	5289.561458277473
654.0	33	5289.549676543739
655.0	46	5289.537894842071
656.0	40	5289.526113187615
657.0	31	5289.514331594996
658.0	38	5289.5025500783195
659.0	41	5289.490768651201
660.0	33	5289.47898732679
661.0	48	5289.467206117769
662.0	44	5289.455425036396
663.0	25	5289.4436440944655
664.0	48	5289.431863303404
665.0	33	5289.420082674213
666.0	35	5289.408302217514
667.0	35	5289.396521943564
668.0	42	5289.384741862255
669.0	40	5289.372961983144
670.0	31	5289.361182315449
671.0	30	5289.349402868064
672.0	35	5289.337623649575
673.0	41	5289.325844668274
674.0	38	5289.31406593214
675.0	40	5289.302287448905
676.0	43	5289.290509226006
677.0	35	5289.2787312706305
678.0	36	5289.266953589725
679.0	34	5289.255176189969
680.0	43	5289.243399077823
681.0	32	5289.231622259527
682.0	41	5289.2198457410905
683.0	34	5289.208069528326
684.0	43	5289.196293626816
685.0	46	5289.184518041976
686.0	32	5289.172742779021
687.0	38	5289.16096784298
688.0	38	5289.149193238719
689.0	37	5289.137418970906
690.0	33	5289.125645044078
691.0	27	5289.113871462587
692.0	35	5289.10209823065
693.0	38	5289.090325352325
694.0	45	5289.078552831539
695.0	31	5289.0667806720585
696.0	41	5289.055008877542
697.0	44	5289.043237451509
698.0	36	5289.031466397359
699.0	43	5289.019695718363
700.0	28	5289.007925417693
701.0	32	5288.996155498387
702.0	41	5288.984385963401
703.0	29	5288.972616815566
704.0	41	5288.960848057626
705.0	25	5288.949079692227
706.0	48	5288.937311721914
707.0	30	5288.925544149153
708.0	39	5288.913776976309
709.0	42	5288.902010205684
710.0	39	5288.89024383948
711.0	39	5288.878477879827
712.0	40	5288.866712328786
713.0	42	5288.85494718834
714.0	44	5288.843182460397
715.0	35	5288.831418146815
716.0	45	5288.8196542493615
717.0	43	5288.807890769751
718.0	35	5288.796127709664
719.0	33	5288.784365070678
720.0	38	5288.772602854334
721.0	45	5288.760841062136
722.0	41	5288.749079695502
723.0	38	5288.737318755827
724.0	30	5288.7255582444395
725.0	32	5288.713798162623
726.0	32	5288.702038511628
727.0	44	5288.690279292647
728.0	44	5288.678520506838
729.0	24	5288.666762155308
730.0	37	5288.655004239142
731.0	31	5288.643246759372
732.0	31	5288.631489716995
733.0	39	5288.6197331129715
734.0	24	5288.607976948235
735.0	32	5288.596221223691
736.0	42	5288.58446594018
737.0	36	5288.572711098564
738.0	40	5288.560956699624
739.0	41	5288.549202744146
740.0	33	5288.537449232877
741.0	35	5288.5256961665345
742.0	39	5288.5139435458195
743.0	42	5288.502191371389
744.0	32	5288.490439643896
745.0	34	5288.478688363965
746.0	32	5288.466937532204
747.0	50	5288.455187149169
748.0	31	5288.443437215443
749.0	42	5288.4316877315505
750.0	42	5288.419938698011
751.0	42	5288.408190115324
752.0	50	5288.396441983978
753.0	31	5288.384694304434
754.0	35	5288.372947077134
755.0	34	5288.361200302514
756.0	36	5288.3494539809835
757.0	38	5288.337708112955
758.0	39	5288.325962698811
759.0	29	5288.314217738919
760.0	37	5288.302473233645
761.0	36	5288.290729183327
762.0	33	5288.278985588293
763.0	34	5288.267242448883
764.0	23	5288.255499765388
765.0	36	5288.2437575381155
766.0	41	5288.23201576735
767.0	36	5288.220274453363
768.0	38	5288.208533596433
769.0	33	5288.196793196798
770.0	42	5288.185053254721
771.0	28	5288.1733137704305
772.0	41	5288.161574744164
773.0	31	5288.149836176134
774.0	31	5288.138098066556
775.0	30	5288.126360415636
776.0	40	5288.11462322357
777.0	40	5288.102886490543
778.0	37	5288.091150216737
779.0	38	5288.079414402336
780.0	18	5288.06767904751
781.0	39	5288.055944152406
782.0	37	5288.044209717193
783.0	38	5288.032475742025
784.0	43	5288.020742227037
785.0	27	5288.009009172366
786.0	31	5287.997276578157
787.0	39	5287.9855444445275
788.0	35	5287.973812771617
789.0	35	5287.96208155953
790.0	29	5287.9503508083835
791.0	32	5287.938620518286
792.0	39	5287.926890689356
793.0	39	5287.915161321684
794.0	40	5287.90343241536
795.0	31	5287.891703970498
796.0	26	5287.879975987169
797.0	50	5287.86824846548
798.0	31	5287.85652140549
799.0	35	5287.844794807298
800.0	38	5287.833068670967
801.0	26	5287.821342996575
802.0	46	5287.809617784204
803.0	35	5287.797893033901
804.0	33	5287.786168745744
805.0	32	5287.7744449197935
806.0	35	5287.762721556104
807.0	38	5287.750998654738
808.0	43	5287.7392762157415
809.0	32	5287.727554239177
810.0	42	5287.715832725098
811.0	29	5287.704111673528
812.0	40	5287.692391084539
813.0	40	5287.68067095817
814.0	41	5287.66895129445
815.0	46	5287.657232093429
816.0	32	5287.645513355138
817.0	34	5287.633795079624
818.0	37	5287.622077266909
819.0	34	5287.610359917044
820.0	47	5287.598643030037
821.0	39	5287.586926605942
822.0	35	5287.575210644767
823.0	35	5287.563495146548
824.0	45	5287.551780111313
825.0	42	5287.540065539082
826.0	31	5287.528351429877
827.0	38	5287.516637783725
828.0	33	5287.504924600649
829.0	39	5287.493211880658
830.0	36	5287.4814996237865
831.0	48	5287.469787830034
832.0	32	5287.458076499428
833.0	32	5287.446365631983
834.0	47	5287.434655227717
835.0	46	5287.422945286631
836.0	39	5287.411235808752
837.0	32	5287.399526794083
838.0	33	5287.387818242635
839.0	34	5287.376110154423
840.0	33	5287.364402529457
841.0	39	5287.352695367743
842.0	30	5287.340988669293
843.0	44	5287.329282434111
844.0	39	5287.317576662203
845.0	47	5287.305871353572
846.0	27	5287.294166508236
847.0	30	5287.282462126184
848.0	42	5287.270758207436
849.0	41	5287.259054751985
850.0	51	5287.247351759844
851.0	41	5287.235649231
852.0	36	5287.223947165475
853.0	45	5287.212245563256
854.0	38	5287.200544424346
855.0	33	5287.188843748756
856.0	31	5287.177143536478
857.0	35	5287.165443787516
858.0	40	5287.153744501871
859.0	42	5287.142045679533
860.0	39	5287.130347320507
861.0	25	5287.118649424802
862.0	38	5287.106951992397
863.0	27	5287.095255023302
864.0	36	5287.083558517513
865.0	35	5287.071862475031
866.0	28	5287.060166895843
867.0	29	5287.048471779954
868.0	45	5287.036777127355
869.0	43	5287.02508293805
870.0	37	5287.013389212027
871.0	29	5287.001695949286
872.0	39	5286.990003149825
873.0	48	5286.978310813628
874.0	48	5286.966618940699
875.0	29	5286.954927531041
876.0	45	5286.943236584632
877.0	35	5286.931546101478
878.0	32	5286.919856081561
879.0	43	5286.908166524894
880.0	43	5286.896477431456
881.0	30	5286.8847888012415
882.0	39	5286.873100634254
883.0	28	5286.8614129304715
884.0	46	5286.849725689905
885.0	42	5286.838038912535
886.0	38	5286.826352598355
887.0	27	5286.8146667473675
888.0	38	5286.802981359552
889.0	33	5286.7912964349125
890.0	40	5286.779611973435
891.0	38	5286.767927975115
892.0	35	5286.756244439939
893.0	40	5286.744561367909
894.0	33	5286.732878759007
895.0	39	5286.721196613232
896.0	30	5286.709514930565
897.0	33	5286.697833711019
898.0	30	5286.686152954561
899.0	38	5286.674472661198
900.0	33	5286.6627928309135
901.0	24	5286.651113463707
902.0	33	5286.639434559562
903.0	30	5286.627756118475
904.0	32	5286.616078140438
905.0	37	5286.604400625434
906.0	42	5286.592723573458
907.0	25	5286.581046984503
908.0	39	5286.569370858563
909.0	28	5286.557695195622
910.0	36	5286.54601999567
911.0	32	5286.534345258698
912.0	43	5286.522670984707
913.0	39	5286.510997173676
914.0	34	5286.499323825601
915.0	36	5286.487650940476
916.0	41	5286.475978518282
917.0	34	5286.464306559013
918.0	38	5286.452635062656
919.0	54	5286.440964029206
920.0	43	5286.429293458657
921.0	37	5286.417623350992
922.0	36	5286.405953706203
923.0	37	5286.3942845242855
924.0	27	5286.382615805222
925.0	41	5286.370947549002
926.0	37	5286.359279755625
927.0	28	5286.3476124250665
928.0	33	5286.3359455573345
929.0	30	5286.3242791524035
930.0	34	5286.312613210272
931.0	28	5286.300947730924
932.0	34	5286.289282714358
933.0	35	5286.277618160552
934.0	35	5286.265954069501
935.0	27	5286.254290441199
936.0	24	5286.242627275636
937.0	42	5286.23096457279
938.0	35	5286.219302332663
939.0	42	5286.207640555242
940.0	41	5286.195979240515
941.0	39	5286.18431838847
942.0	35	5286.172657999101
943.0	47	5286.160998072389
944.0	54	5286.149338608335
945.0	28	5286.13767960692
946.0	30	5286.126021068138
947.0	30	5286.114362991976
948.0	29	5286.102705378431
949.0	43	5286.091048227481
950.0	33	5286.079391539113
951.0	37	5286.06773531334
952.0	27	5286.0560795501215
953.0	42	5286.0444242494705
954.0	38	5286.03276941136
955.0	37	5286.021115035793
956.0	49	5286.009461122745
957.0	40	5285.9978076722155
958.0	29	5285.986154684191
959.0	37	5285.974502158665
960.0	26	5285.962850095619
961.0	40	5285.951198495053
962.0	38	5285.93954735694
963.0	33	5285.9278966812835
964.0	28	5285.916246468063
965.0	45	5285.9045967172815
966.0	44	5285.892947428916
967.0	27	5285.881298602958
968.0	33	5285.8696502394005
969.0	36	5285.85800233823
970.0	41	5285.846354899442
971.0	35	5285.834707923018
972.0	41	5285.8230614089425
973.0	36	5285.811415357219
974.0	27	5285.7997697678275
975.0	32	5285.788124640764
976.0	37	5285.776479976007
977.0	37	5285.764835773559
978.0	35	5285.753192033393
979.0	37	5285.741548755509
980.0	28	5285.7299059399
981.0	29	5285.718263586556
982.0	32	5285.706621695449
983.0	36	5285.694980266584
984.0	19	5285.683339299948
985.0	35	5285.67169879552
986.0	37	5285.660058753309
987.0	37	5285.6484191732825
988.0	31	5285.636780055441
989.0	30	5285.625141399779
990.0	33	5285.61350320627
991.0	40	5285.601865474917
992.0	37	5285.590228205705
993.0	34	5285.578591398624
994.0	33	5285.5669550536595
995.0	47	5285.555319170808
996.0	33	5285.543683750047
997.0	43	5285.532048791375
998.0	40	5285.520414294783
999.0	32	5285.508780260253
1000.0	37	5285.497146687771
1001.0	31	5285.485513577342
1002.0	42	5285.473880928944
1003.0	42	5285.462248742558
1004.0	34	5285.45061701819
1005.0	38	5285.438985755825
1006.0	30	5285.427354955442
1007.0	36	5285.41572461704
1008.0	39	5285.40409474061
1009.0	40	5285.3924653261365
1010.0	30	5285.3808363736025
1011.0	34	5285.369207883007
1012.0	46	5285.357579854342
1013.0	37	5285.345952287582
1014.0	46	5285.3343251827255
1015.0	50	5285.322698539766
1016.0	47	5285.311072358684
1017.0	29	5285.299446639474
1018.0	36	5285.287821382123
1019.0	43	5285.276196586613
1020.0	24	5285.2645722529505
1021.0	35	5285.2529483811095
1022.0	34	5285.241324971086
1023.0	32	5285.229702022867
1024.0	36	5285.218079536438
1025.0	33	5285.206457511805
1026.0	33	5285.194835948937
1027.0	35	5285.183214847829
1028.0	38	5285.171594208478
1029.0	40	5285.159974030863
1030.0	32	5285.148354314971
1031.0	39	5285.136735060804
1032.0	28	5285.125116268343
1033.0	36	5285.113497937583
1034.0	26	5285.101880068502
1035.0	40	5285.090262661106
1036.0	29	5285.078645715372
1037.0	32	5285.067029231287
1038.0	28	5285.055413208839
1039.0	39	5285.0437976480325
1040.0	30	5285.0321825488445
1041.0	47	5285.020567911265
1042.0	48	5285.008953735286
1043.0	38	5284.997340020896
1044.0	50	5284.985726768077
1045.0	39	5284.974113976829
1046.0	45	5284.962501647141
1047.0	40	5284.950889778992
1048.0	41	5284.939278372383
1049.0	35	5284.927667427297
1050.0	39	5284.916056943719
1051.0	44	5284.904446921645
1052.0	31	5284.892837361062
1053.0	40	5284.881228261957
1054.0	32	5284.86961962432
1055.0	41	5284.858011448149
1056.0	25	5284.84640373342
1057.0	45	5284.834796480124
1058.0	33	5284.823189688255
1059.0	33	5284.811583357802
1060.0	34	5284.799977488762
1061.0	25	5284.788372081108
1062.0	36	5284.776767134832
1063.0	35	5284.765162649935
1064.0	32	5284.753558626389
1065.0	24	5284.7419550642035
1066.0	42	5284.730351963352
1067.0	40	5284.718749323828
1068.0	33	5284.707147145622
1069.0	24	5284.6955454287245
1070.0	38	5284.68394417312
1071.0	45	5284.6723433788065
1072.0	38	5284.660743045761
1073.0	37	5284.6491431739805
1074.0	34	5284.6375437634515
1075.0	40	5284.625944814169
1076.0	31	5284.614346326113
1077.0	30	5284.602748299271
1078.0	41	5284.591150733646
1079.0	38	5284.579553629216
1080.0	32	5284.567956985978
1081.0	32	5284.556360803909
1082.0	36	5284.544765083009
1083.0	27	5284.533169823268
1084.0	34	5284.521575024668
1085.0	33	5284.509980687198
1086.0	33	5284.4983868108575
1087.0	36	5284.486793395618
1088.0	35	5284.475200441487
1089.0	39	5284.463607948448
1090.0	25	5284.45201591648
1091.0	39	5284.440424345583
1092.0	31	5284.428833235746
1093.0	39	5284.417242586953
1094.0	32	5284.405652399198
1095.0	33	5284.394062672467
1096.0	34	5284.3824734067475
1097.0	33	5284.370884602037
1098.0	36	5284.359296258313
1099.0	44	5284.3477083755715
1100.0	46	5284.336120953806
1101.0	26	5284.324533992992
1102.0	38	5284.312947493136
1103.0	42	5284.3013614542115
1104.0	33	5284.289775876214
1105.0	37	5284.278190759138
1106.0	42	5284.266606102965
1107.0	47	5284.255021907688
1108.0	47	5284.2434381732955
1109.0	38	5284.231854899773
1110.0	30	5284.220272087116
1111.0	39	5284.208689735308
1112.0	40	5284.197107844348
1113.0	29	5284.185526414209
1114.0	38	5284.1739454448925
1115.0	35	5284.16236493638
1116.0	33	5284.150784888673
1117.0	50	5284.139205301747
1118.0	42	5284.127626175599
1119.0	29	5284.11604751022
1120.0	37	5284.10446930559
1121.0	33	5284.092891561702
1122.0	40	5284.081314278553
1123.0	50	5284.069737456121
1124.0	33	5284.058161094403
1125.0	37	5284.046585193384
1126.0	40	5284.035009753053
1127.0	32	5284.023434773397
1128.0	34	5284.011860254412
1129.0	36	5284.000286196086
1130.0	40	5283.988712598403
1131.0	33	5283.97713946136
1132.0	42	5283.965566784937
1133.0	37	5283.953994569129
1134.0	41	5283.942422813923
1135.0	42	5283.930851519308
1136.0	34	5283.919280685277
1137.0	40	5283.907710311818
1138.0	46	5283.896140398911
1139.0	45	5283.884570946558
1140.0	52	5283.873001954738
1141.0	35	5283.861433423458
1142.0	34	5283.8498653526785
1143.0	41	5283.838297742411
1144.0	30	5283.826730592643
1145.0	47	5283.815163903352
1146.0	34	5283.803597674537
1147.0	32	5283.792031906183
1148.0	36	5283.780466598278
1149.0	42	5283.768901750817
1150.0	37	5283.757337363787
1151.0	33	5283.745773437176
1152.0	25	5283.734209970971
1153.0	29	5283.722646965161
1154.0	39	5283.711084419739
1155.0	32	5283.699522334692
1156.0	28	5283.687960710016
1157.0	45	5283.676399545692
1158.0	37	5283.664838841706
1159.0	30	5283.6532785980535
1160.0	37	5283.641718814722
1161.0	32	5283.630159491712
1162.0	29	5283.618600628994
1163.0	33	5283.607042226564
1164.0	42	5283.595484284412
1165.0	39	5283.5839268025275
1166.0	31	5283.57236978091
1167.0	38	5283.560813219524
1168.0	52	5283.549257118382
1169.0	43	5283.537701477462
1170.0	48	5283.526146296754
1171.0	38	5283.5145915762505
1172.0	31	5283.50303731594
1173.0	38	5283.491483515809
1174.0	26	5283.479930175855
1175.0	28	5283.468377296054
1176.0	41	5283.456824876404
1177.0	26	5283.4452729168925
1178.0	43	5283.433721417504
1179.0	31	5283.422170378237
1180.0	38	5283.410619799068
1181.0	31	5283.399069680003
1182.0	38	5283.38752002102
1183.0	25	5283.375970822105
1184.0	33	5283.364422083257
1185.0	31	5283.352873804461
1186.0	41	5283.341325985703
1187.0	43	5283.32977862698
1188.0	33	5283.318231728273
1189.0	36	5283.306685289575
1190.0	44	5283.295139310873
1191.0	51	5283.283593792164
1192.0	46	5283.272048733425
1193.0	31	5283.260504134648
1194.0	38	5283.248959995831
1195.0	36	5283.237416316957
1196.0	35	5283.225873098019
1197.0	31	5283.214330338998
1198.0	32	5283.202788039889
1199.0	43	5283.191246200686
1200.0	43	5283.179704821369
1201.0	47	5283.168163901935
1202.0	36	5283.156623442361
1203.0	40	5283.145083442652
1204.0	33	5283.133543902779
1205.0	33	5283.122004822753
1206.0	51	5283.1104662025455
1207.0	27	5283.09892804216
1208.0	39	5283.087390341569
1209.0	31	5283.0758531007805
1210.0	39	5283.064316319767
1211.0	38	5283.052779998527
1212.0	29	5283.0412441370445
1213.0	45	5283.029708735308
1214.0	42	5283.018173793321
1215.0	33	5283.006639311055
1216.0	35	5282.995105288504
1217.0	35	5282.983571725665
1218.0	33	5282.972038622524
1219.0	46	5282.960505979062
1220.0	40	5282.9489737952745
1221.0	36	5282.937442071154
1222.0	29	5282.925910806681
1223.0	34	5282.914380001854
1224.0	37	5282.902849656657
1225.0	44	5282.891319771077
1226.0	35	5282.879790345112
1227.0	42	5282.868261378739
1228.0	28	5282.856732871961
1229.0	35	5282.845204824753
1230.0	34	5282.833677237116
1231.0	31	5282.822150109036
1232.0	44	5282.810623440495
1233.0	35	5282.799097231495
1234.0	39	5282.787571482014
1235.0	36	5282.776046192042
1236.0	30	5282.764521361581
1237.0	34	5282.752996990602
1238.0	45	5282.74147307911
1239.0	40	5282.729949627082
1240.0	39	5282.718426634515
1241.0	34	5282.706904101396
1242.0	42	5282.695382027712
1243.0	46	5282.683860413452
1244.0	29	5282.672339258609
1245.0	32	5282.660818563172
1246.0	32	5282.649298327136
1247.0	47	5282.637778550472
1248.0	32	5282.626259233183
1249.0	38	5282.614740375258
1250.0	41	5282.603221976682
1251.0	39	5282.5917040374525
1252.0	33	5282.580186557548
1253.0	39	5282.568669536957
1254.0	34	5282.55715297568
1255.0	41	5282.545636873698
1256.0	25	5282.5341212309995
1257.0	37	5282.522606047579
1258.0	41	5282.511091323423
1259.0	43	5282.4995770585265
1260.0	35	5282.488063252865
1261.0	48	5282.476549906437
1262.0	38	5282.465037019232
1263.0	19	5282.4535245912375
1264.0	33	5282.442012622448
1265.0	34	5282.430501112844
1266.0	46	5282.418990062418
1267.0	44	5282.407479471155
1268.0	37	5282.39596933906
1269.0	32	5282.384459666101
1270.0	41	5282.372950452287
1271.0	48	5282.361441697591
1272.0	34	5282.349933402006
1273.0	36	5282.33842556553
1274.0	31	5282.32691818815
1275.0	39	5282.315411269843
1276.0	44	5282.303904810616
1277.0	22	5282.292398810444
1278.0	41	5282.280893269318
1279.0	48	5282.26938818724
1280.0	45	5282.257883564182
1281.0	51	5282.246379400145
1282.0	39	5282.234875695111
1283.0	43	5282.223372449076
1284.0	35	5282.2118696620255
1285.0	34	5282.200367333947
1286.0	36	5282.188865464827
1287.0	28	5282.1773640546735
1288.0	41	5282.1658631034525
1289.0	35	5282.1543626111625
1290.0	40	5282.142862577796
1291.0	28	5282.131363003343
1292.0	36	5282.119863887782
1293.0	42	5282.108365231109
1294.0	41	5282.096867033319
1295.0	30	5282.08536929439
1296.0	32	5282.073872014319
1297.0	36	5282.062375193093
1298.0	35	5282.050878830701
1299.0	36	5282.039382927135
1300.0	45	5282.027887482377
1301.0	32	5282.016392496423
1302.0	41	5282.004897969266
1303.0	29	5281.993403900885
1304.0	29	5281.981910291269
1305.0	30	5281.970417140421
1306.0	33	5281.958924448314
1307.0	38	5281.947432214948
1308.0	41	5281.935940440312
1309.0	42	5281.924449124387
1310.0	30	5281.912958267168
1311.0	46	5281.901467868648
1312.0	40	5281.889977928809
1313.0	23	5281.8784884476445
1314.0	34	5281.866999425135
1315.0	52	5281.855510861291
1316.0	39	5281.844022756077
1317.0	50	5281.8325351094945
1318.0	42	5281.821047921533
1319.0	49	5281.809561192179
1320.0	39	5281.798074921428
1321.0	30	5281.78658910926
1322.0	51	5281.77510375567
1323.0	38	5281.763618860645
1324.0	35	5281.7521344241795
1325.0	25	5281.740650446255
1326.0	35	5281.729166926857
1327.0	37	5281.717683865991
1328.0	41	5281.706201263634
1329.0	40	5281.694719119775
1330.0	37	5281.6832374344085
1331.0	35	5281.671756207524
1332.0	34	5281.660275439105
1333.0	44	5281.648795129151
1334.0	42	5281.6373152776405
1335.0	33	5281.625835884567
1336.0	31	5281.614356949917
1337.0	43	5281.60287847369
1338.0	37	5281.591400455862
1339.0	40	5281.579922896429
1340.0	40	5281.568445795379
1341.0	47	5281.556969152702
1342.0	30	5281.545492968387
1343.0	38	5281.53401724242
1344.0	40	5281.522541974793
1345.0	44	5281.511067165502
1346.0	37	5281.499592814526
1347.0	35	5281.488118921861
1348.0	36	5281.476645487487
1349.0	44	5281.465172511406
1350.0	52	5281.453699993597
1351.0	36	5281.442227934058
1352.0	39	5281.430756332767
1353.0	37	5281.419285189717
1354.0	28	5281.407814504907
1355.0	43	5281.396344278323
1356.0	33	5281.384874509944
1357.0	35	5281.373405199768
1358.0	28	5281.361936347778
1359.0	34	5281.350467953973
1360.0	27	5281.339000018331
1361.0	32	5281.327532540856
1362.0	39	5281.316065521525
1363.0	42	5281.304598960321
1364.0	34	5281.293132857252
1365.0	39	5281.2816672122935
1366.0	35	5281.270202025445
1367.0	44	5281.258737296687
1368.0	40	5281.24727302601
1369.0	35	5281.235809213405
1370.0	42	5281.224345858869
1371.0	25	5281.212882962374
1372.0	42	5281.201420523923
1373.0	34	5281.189958543498
1374.0	32	5281.178497021096
1375.0	31	5281.1670359567015
1376.0	30	5281.155575350303
1377.0	46	5281.14411520189
1378.0	33	5281.132655511455
1379.0	42	5281.121196278984
1380.0	34	5281.1097375044665
1381.0	38	5281.098279187894
1382.0	50	5281.086821329249
1383.0	32	5281.075363928532
1384.0	42	5281.063906985724
1385.0	34	5281.052450500822
1386.0	33	5281.040994473802
1387.0	34	5281.029538904662
1388.0	43	5281.018083793397
1389.0	52	5281.006629139986
1390.0	41	5280.995174944417
1391.0	44	5280.983721206693
1392.0	36	5280.972267926786
1393.0	27	5280.960815104699
1394.0	45	5280.949362740418
1395.0	28	5280.937910833932
1396.0	35	5280.926459385221
1397.0	47	5280.915008394288
1398.0	37	5280.90355786111
1399.0	31	5280.892107785693
1400.0	39	5280.880658168008
1401.0	35	5280.869209008052
1402.0	38	5280.8577603058175
1403.0	28	5280.846312061293
1404.0	41	5280.834864274467
1405.0	31	5280.823416945316
1406.0	24	5280.811970073855
1407.0	49	5280.800523660045
1408.0	49	5280.789077703898
1409.0	30	5280.777632205394
1410.0	41	5280.766187164521
1411.0	27	5280.754742581274
1412.0	40	5280.743298455638
1413.0	34	5280.731854787596
1414.0	44	5280.720411577149
1415.0	37	5280.708968824285
1416.0	48	5280.697526528985
1417.0	37	5280.686084691243
1418.0	39	5280.674643311047
1419.0	33	5280.663202388389
1420.0	48	5280.651761923262
1421.0	31	5280.640321915643
1422.0	38	5280.628882365533
1423.0	37	5280.6174432729085
1424.0	31	5280.606004637778
1425.0	29	5280.594566460113
1426.0	50	5280.583128739915
1427.0	34	5280.571691477167
1428.0	49	5280.560254671856
1429.0	41	5280.548818323975
1430.0	37	5280.537382433511
1431.0	33	5280.525947000456
1432.0	37	5280.514512024803
1433.0	34	5280.503077506536
1434.0	39	5280.491643445641
1435.0	29	5280.480209842117
1436.0	28	5280.468776695936
1437.0	34	5280.45734400711
1438.0	47	5280.445911775618
1439.0	42	5280.434480001441
1440.0	42	5280.42304868458
1441.0	26	5280.411617825024
1442.0	33	5280.4001874227515
1443.0	39	5280.388757477759
1444.0	41	5280.377327990042
1445.0	33	5280.365898959585
1446.0	41	5280.354470386366
1447.0	43	5280.34304227039
1448.0	37	5280.3316146116385
1449.0	38	5280.320187410108
1450.0	36	5280.308760665777
1451.0	42	5280.297334378641
1452.0	34	5280.285908548687
1453.0	41	5280.274483175911
1454.0	31	5280.263058260292
1455.0	35	5280.251633801828
1456.0	31	5280.240209800502
1457.0	37	5280.2287862563135
1458.0	39	5280.217363169239
1459.0	33	5280.205940539268
1460.0	26	5280.194518366403
1461.0	29	5280.183096650624
1462.0	44	5280.171675391917
1463.0	33	5280.160254590287
1464.0	33	5280.148834245704
1465.0	33	5280.137414358165
1466.0	43	5280.125994927665
1467.0	44	5280.114575954183
1468.0	29	5280.103157437715
1469.0	32	5280.091739378249
1470.0	36	5280.080321775778
1471.0	32	5280.068904630284
1472.0	38	5280.057487941762
1473.0	41	5280.046071710198
1474.0	35	5280.034655935581
1475.0	38	5280.023240617906
1476.0	35	5280.011825757152
1477.0	46	5280.000411353322
1478.0	38	5279.988997406397
1479.0	43	5279.977583916364
1480.0	38	5279.966170883211
1481.0	45	5279.95475830694
1482.0	39	5279.943346187531
1483.0	36	5279.931934524971
1484.0	34	5279.920523319256
1485.0	39	5279.909112570366
1486.0	28	5279.897702278304
1487.0	39	5279.88629244305
1488.0	33	5279.87488306459
1489.0	41	5279.863474142927
1490.0	43	5279.852065678036
1491.0	29	5279.840657669909
1492.0	36	5279.829250118543
1493.0	30	5279.817843023925
1494.0	34	5279.806436386043
1495.0	50	5279.795030204876
1496.0	36	5279.7836244804275
1497.0	41	5279.772219212686
1498.0	35	5279.760814401636
1499.0	29	5279.749410047268
1500.0	39	5279.738006149568
1501.0	43	5279.726602708524
1502.0	35	5279.71519972414
1503.0	34	5279.703797196387
1504.0	38	5279.692395125267
1505.0	37	5279.680993510761
1506.0	32	5279.669592352864
1507.0	29	5279.658191651565
1508.0	41	5279.64679140685
1509.0	38	5279.635391618713
1510.0	39	5279.6239922871355
1511.0	45	5279.612593412113
1512.0	37	5279.601194993639
1513.0	33	5279.589797031688
1514.0	44	5279.578399526263
1515.0	31	5279.56700247735
1516.0	28	5279.555605884944
1517.0	36	5279.544209749017
1518.0	40	5279.532814069574
1519.0	56	5279.521418846601
1520.0	36	5279.510024080077
1521.0	34	5279.498629770007
1522.0	44	5279.487235916376
1523.0	40	5279.475842519168
1524.0	29	5279.464449578373
1525.0	42	5279.453057093982
1526.0	49	5279.441665065983
1527.0	36	5279.430273494378
1528.0	37	5279.418882379136
1529.0	48	5279.407491720258
1530.0	37	5279.396101517736
1531.0	36	5279.384711771549
1532.0	36	5279.373322481693
1533.0	34	5279.361933648149
1534.0	34	5279.350545270926
1535.0	35	5279.33915734999
1536.0	32	5279.327769885353
1537.0	39	5279.316382876982
1538.0	42	5279.304996324884
1539.0	35	5279.29361022904
1540.0	34	5279.282224589433
1541.0	37	5279.270839406069
1542.0	31	5279.2594546789205
1543.0	45	5279.248070407997
1544.0	42	5279.236686593263
1545.0	31	5279.225303234729
1546.0	36	5279.213920332367
1547.0	31	5279.202537886181
1548.0	45	5279.191155896151
1549.0	32	5279.179774362271
1550.0	39	5279.168393284537
1551.0	40	5279.15701266292
1552.0	41	5279.145632497426
1553.0	27	5279.1342527880315
1554.0	34	5279.12287353474
1555.0	31	5279.111494737526
1556.0	42	5279.10011639639
1557.0	28	5279.08873851132
1558.0	29	5279.077361082297
1559.0	35	5279.065984109322
1560.0	36	5279.054607592378
1561.0	44	5279.04323153145
1562.0	34	5279.031855926541
1563.0	45	5279.020480777625
1564.0	28	5279.009106084702
1565.0	38	5278.997731847754
1566.0	38	5278.986358066769
1567.0	41	5278.974984741748
1568.0	31	5278.963611872672
1569.0	32	5278.952239459537
1570.0	29	5278.940867502321
1571.0	33	5278.929496001022
1572.0	41	5278.918124955624
1573.0	46	5278.9067543661195
1574.0	34	5278.895384232498
1575.0	33	5278.88401455475
1576.0	37	5278.8726453328645
1577.0	31	5278.861276566827
1578.0	36	5278.84990825663
1579.0	46	5278.838540402267
1580.0	36	5278.827173003714
1581.0	41	5278.815806060976
1582.0	41	5278.804439574032
1583.0	36	5278.793073542878
1584.0	40	5278.781707967499
1585.0	41	5278.770342847887
1586.0	45	5278.758978184032
1587.0	29	5278.7476139759165
1588.0	42	5278.73625022353
1589.0	39	5278.7248869268715
1590.0	55	5278.713524085932
1591.0	41	5278.702161700688
1592.0	40	5278.690799771139
1593.0	46	5278.67943829726
1594.0	47	5278.668077279059
1595.0	37	5278.656716716519
1596.0	33	5278.645356609625
1597.0	48	5278.633996958369
1598.0	46	5278.622637762744
1599.0	38	5278.611279022726
1600.0	44	5278.599920738324
1601.0	35	5278.588562909518
1602.0	45	5278.5772055362895
1603.0	34	5278.5658486186385
1604.0	35	5278.554492156548
1605.0	44	5278.543136150019
1606.0	41	5278.5317805990235
1607.0	40	5278.520425503566
1608.0	41	5278.509070863624
1609.0	41	5278.497716679197
1610.0	30	5278.486362950267
1611.0	44	5278.475009676826
1612.0	31	5278.463656858868
1613.0	31	5278.452304496371
1614.0	47	5278.440952589341
1615.0	41	5278.429601137748
1616.0	37	5278.418250141595
1617.0	47	5278.406899600873
1618.0	31	5278.395549515557
1619.0	42	5278.384199885652
1620.0	27	5278.372850711139
1621.0	35	5278.361501992004
1622.0	41	5278.350153728244
1623.0	44	5278.338805919843
1624.0	35	5278.327458566801
1625.0	39	5278.316111669095
1626.0	39	5278.3047652267205
1627.0	35	5278.293419239659
1628.0	45	5278.28207370791
1629.0	35	5278.270728631466
1630.0	33	5278.259384010304
1631.0	28	5278.248039844419
1632.0	38	5278.236696133799
1633.0	44	5278.22535287843
1634.0	46	5278.214010078311
1635.0	33	5278.202667733428
1636.0	38	5278.191325843767
1637.0	44	5278.179984409317
1638.0	34	5278.168643430075
1639.0	39	5278.157302906024
1640.0	43	5278.145962837148
1641.0	36	5278.134623223447
1642.0	36	5278.123284064903
1643.0	40	5278.111945361512
1644.0	43	5278.100607113258
1645.0	37	5278.089269320133
1646.0	37	5278.0779319821295
1647.0	35	5278.066595099227
1648.0	38	5278.055258671423
1649.0	32	5278.043922698704
1650.0	46	5278.032587181057
1651.0	30	5278.021252118478
1652.0	32	5278.009917510954
1653.0	41	5277.998583358474
1654.0	37	5277.987249661024
1655.0	41	5277.975916418601
1656.0	37	5277.964583631182
1657.0	34	5277.9532512987735
1658.0	49	5277.941919421345
1659.0	40	5277.930587998901
1660.0	37	5277.919257031427
1661.0	25	5277.907926518907
1662.0	39	5277.89659646134
1663.0	36	5277.885266858706
1664.0	39	5277.873937711004
1665.0	42	5277.862609018218
1666.0	44	5277.85128078033
1667.0	33	5277.839952997343
1668.0	35	5277.828625669242
1669.0	40	5277.817298796009
1670.0	27	5277.80597237764
1671.0	30	5277.794646414127
1672.0	42	5277.783320905453
1673.0	43	5277.771995851606
1674.0	29	5277.760671252588
1675.0	39	5277.749347108377
1676.0	36	5277.738023418962
1677.0	33	5277.726700184341
1678.0	38	5277.715377404491
1679.0	40	5277.704055079421
1680.0	45	5277.6927332091
1681.0	37	5277.68141179352
1682.0	36	5277.670090832684
1683.0	31	5277.658770326574
1684.0	34	5277.647450275175
1685.0	31	5277.636130678478
1686.0	34	5277.624811536477
1687.0	39	5277.613492849157
1688.0	41	5277.602174616516
1689.0	27	5277.590856838534
1690.0	32	5277.579539515197
1691.0	40	5277.568222646502
1692.0	53	5277.556906232442
1693.0	45	5277.545590273
1694.0	31	5277.534274768161
1695.0	31	5277.522959717929
1696.0	38	5277.5116451222775
1697.0	29	5277.500330981206
1698.0	49	5277.489017294698
1699.0	41	5277.477704062754
1700.0	50	5277.4663912853475
1701.0	32	5277.455078962475
1702.0	52	5277.44376709413
1703.0	48	5277.432455680293
1704.0	34	5277.4211447209655
1705.0	34	5277.409834216131
1706.0	35	5277.398524165773
1707.0	40	5277.387214569889
1708.0	38	5277.375905428459
1709.0	33	5277.364596741487
1710.0	46	5277.35328850895
1711.0	42	5277.341980730845
1712.0	32	5277.330673407152
1713.0	36	5277.319366537874
1714.0	26	5277.30806012299
1715.0	33	5277.2967541624885
1716.0	36	5277.285448656373
1717.0	40	5277.274143604614
1718.0	33	5277.26283900721
1719.0	37	5277.251534864152
1720.0	36	5277.240231175423
1721.0	40	5277.228927941025
1722.0	32	5277.217625160932
1723.0	46	5277.2063228351435
1724.0	42	5277.195020963649
1725.0	42	5277.1837195464295
1726.0	42	5277.1724185834855
1727.0	36	5277.1611180748
1728.0	26	5277.149818020359
1729.0	41	5277.138518420157
1730.0	31	5277.127219274189
1731.0	31	5277.115920582431
1732.0	35	5277.104622344881
1733.0	39	5277.09332456153
1734.0	38	5277.082027232365
1735.0	34	5277.070730357365
1736.0	31	5277.059433936534
1737.0	32	5277.048137969867
1738.0	38	5277.036842457327
1739.0	42	5277.025547398929
1740.0	53	5277.014252794647
1741.0	32	5277.0029586444825
1742.0	36	5276.991664948417
1743.0	41	5276.980371706444
1744.0	45	5276.969078918547
1745.0	36	5276.957786584722
1746.0	44	5276.946494704951
1747.0	43	5276.935203279234
1748.0	34	5276.923912307546
1749.0	28	5276.912621789887
1750.0	33	5276.901331726249
1751.0	42	5276.890042116616
1752.0	39	5276.878752960976
1753.0	34	5276.867464259318
1754.0	47	5276.856176011638
1755.0	43	5276.844888217915
1756.0	39	5276.833600878148
1757.0	29	5276.822313992325
1758.0	38	5276.811027560433
1759.0	37	5276.799741582465
1760.0	35	5276.788456058401
1761.0	30	5276.777170988241
1762.0	32	5276.765886371974
1763.0	36	5276.75460220958
1764.0	40	5276.743318501056
1765.0	32	5276.732035246387
1766.0	33	5276.720752445571
1767.0	38	5276.709470098584
1768.0	33	5276.698188205425
1769.0	34	5276.686906766088
1770.0	35	5276.675625780552
1771.0	49	5276.664345248805
1772.0	39	5276.653065170845
1773.0	32	5276.641785546664
1774.0	38	5276.630506376237
1775.0	41	5276.619227659564
1776.0	45	5276.6079493966345
1777.0	34	5276.5966715874365
1778.0	46	5276.585394231957
1779.0	34	5276.574117330191
1780.0	35	5276.562840882119
1781.0	34	5276.551564887736
1782.0	49	5276.540289347037
1783.0	30	5276.529014260003
1784.0	37	5276.517739626621
1785.0	34	5276.506465446894
1786.0	33	5276.495191720794
1787.0	42	5276.483918448324
1788.0	38	5276.472645629465
1789.0	51	5276.461373264212
1790.0	38	5276.45010135256
1791.0	35	5276.4388298944805
1792.0	37	5276.427558889978
1793.0	34	5276.416288339039
1794.0	40	5276.405018241651
1795.0	40	5276.393748597804
1796.0	40	5276.382479407482
1797.0	30	5276.371210670683
1798.0	40	5276.359942387401
1799.0	30	5276.34867455761
1800.0	39	5276.337407181304
1801.0	38	5276.326140258486
1802.0	31	5276.3148737891215
1803.0	30	5276.303607773228
1804.0	41	5276.292342210769
1805.0	35	5276.281077101749
1806.0	38	5276.269812446156
1807.0	40	5276.25854824397
1808.0	35	5276.247284495193
1809.0	32	5276.236021199812
1810.0	34	5276.22475835781
1811.0	52	5276.213495969179
1812.0	41	5276.202234033916
1813.0	33	5276.190972552003
1814.0	32	5276.179711523424
1815.0	46	5276.168450948184
1816.0	34	5276.157190826253
1817.0	45	5276.145931157637
1818.0	40	5276.1346719423145
1819.0	47	5276.12341318028
1820.0	41	5276.112154871531
1821.0	37	5276.100897016039
1822.0	43	5276.089639613807
1823.0	38	5276.07838266482
1824.0	36	5276.067126169071
1825.0	38	5276.0558701265445
1826.0	32	5276.044614537235
1827.0	36	5276.033359401124
1828.0	31	5276.022104718207
1829.0	30	5276.01085048847
1830.0	32	5275.999596711909
1831.0	30	5275.988343388506
1832.0	48	5275.977090518261
1833.0	51	5275.965838101149
1834.0	42	5275.954586137171
1835.0	43	5275.943334626309
1836.0	37	5275.932083568557
1837.0	30	5275.920832963901
1838.0	47	5275.909582812332
1839.0	35	5275.898333113843
1840.0	34	5275.887083868415
1841.0	30	5275.875835076051
1842.0	40	5275.864586736723
1843.0	29	5275.853338850441
1844.0	32	5275.842091417179
1845.0	31	5275.830844436924
1846.0	40	5275.819597909678
1847.0	39	5275.808351835423
1848.0	44	5275.797106214153
1849.0	36	5275.785861045855
1850.0	42	5275.774616330511
1851.0	29	5275.763372068122
1852.0	22	5275.752128258677
1853.0	42	5275.740884902156
1854.0	34	5275.729641998553
1855.0	38	5275.7183995478645
1856.0	35	5275.70715755007
1857.0	41	5275.695916005166
1858.0	34	5275.684674913139
1859.0	41	5275.673434273969
1860.0	34	5275.6621940876685
1861.0	31	5275.650954354205
1862.0	40	5275.639715073573
1863.0	48	5275.62847624577
1864.0	46	5275.617237870779
1865.0	36	5275.605999948592
1866.0	27	5275.594762479202
1867.0	39	5275.583525462593
1868.0	28	5275.572288898754
1869.0	29	5275.5610527876715
1870.0	34	5275.549817129341
1871.0	38	5275.538581923753
1872.0	36	5275.527347170898
1873.0	44	5275.516112870758
1874.0	42	5275.504879023322
1875.0	48	5275.493645628593
1876.0	39	5275.4824126865415
1877.0	35	5275.4711801971725
1878.0	33	5275.459948160473
1879.0	46	5275.448716576422
1880.0	38	5275.437485445023
1881.0	31	5275.426254766258
1882.0	38	5275.4150245401115
1883.0	35	5275.40379476659
1884.0	38	5275.392565445662
1885.0	37	5275.381336577326
1886.0	41	5275.3701081615745
1887.0	24	5275.358880198399
1888.0	38	5275.347652687783
1889.0	43	5275.336425629717
1890.0	29	5275.325199024189
1891.0	34	5275.313972871192
1892.0	47	5275.302747170715
1893.0	51	5275.291521922745
1894.0	30	5275.280297127272
1895.0	30	5275.269072784289
1896.0	38	5275.257848893784
1897.0	44	5275.2466254557385
1898.0	48	5275.235402470161
1899.0	43	5275.224179937018
1900.0	44	5275.212957856319
1901.0	39	5275.201736228038
1902.0	26	5275.190515052174
1903.0	28	5275.179294328713
1904.0	41	5275.1680740576385
1905.0	44	5275.156854238955
1906.0	28	5275.145634872642
1907.0	34	5275.134415958688
1908.0	34	5275.123197497086
1909.0	33	5275.111979487827
1910.0	38	5275.100761930896
1911.0	40	5275.089544826282
1912.0	40	5275.07832817398
1913.0	32	5275.06711197398
1914.0	38	5275.055896226258
1915.0	52	5275.044680930819
1916.0	30	5275.033466087651
1917.0	45	5275.022251696734
1918.0	42	5275.011037758064
1919.0	37	5274.999824271626
1920.0	34	5274.988611237417
1921.0	39	5274.977398655426
1922.0	41	5274.966186525632
1923.0	38	5274.954974848037
1924.0	37	5274.943763622623
1925.0	39	5274.932552849376
1926.0	45	5274.9213425282915
1927.0	35	5274.910132659365
1928.0	36	5274.898923242579
1929.0	29	5274.887714277919
1930.0	39	5274.87650576538
1931.0	30	5274.86529770495
1932.0	34	5274.854090096617
1933.0	36	5274.842882940376
1934.0	40	5274.831676236215
1935.0	50	5274.820469984114
1936.0	34	5274.809264184078
1937.0	43	5274.798058836083
1938.0	42	5274.786853940127
1939.0	41	5274.775649496197
1940.0	44	5274.764445504275
1941.0	37	5274.753241964367
1942.0	37	5274.742038876443
1943.0	39	5274.73083624051
1944.0	31	5274.719634056544
1945.0	36	5274.7084323245435
1946.0	31	5274.697231044499
1947.0	33	5274.686030216391
1948.0	31	5274.674829840214
1949.0	31	5274.663629915955
1950.0	31	5274.652430443612
1951.0	41	5274.641231423168
1952.0	36	5274.630032854608
1953.0	32	5274.618834737932
1954.0	37	5274.607637073121
1955.0	50	5274.596439860169
1956.0	44	5274.585243099059
1957.0	33	5274.574046789791
1958.0	54	5274.562850932348
1959.0	41	5274.551655526716
1960.0	29	5274.540460572897
1961.0	41	5274.529266070866
1962.0	35	5274.518072020617
1963.0	42	5274.506878422152
1964.0	36	5274.495685275445
1965.0	36	5274.48449258049
1966.0	38	5274.473300337269
1967.0	20	5274.462108545792
1968.0	23	5274.45091720603
1969.0	28	5274.439726317979
1970.0	45	5274.428535881635
1971.0	29	5274.417345896972
1972.0	44	5274.40615636399
1973.0	32	5274.394967282677
1974.0	40	5274.383778653023
1975.0	37	5274.372590475021
1976.0	43	5274.361402748653
1977.0	33	5274.350215473904
1978.0	33	5274.339028650782
1979.0	39	5274.327842279261
1980.0	46	5274.31665635934
1981.0	28	5274.305470891
1982.0	43	5274.294285874234
1983.0	25	5274.28310130903
1984.0	47	5274.271917195384
1985.0	33	5274.260733533284
1986.0	36	5274.249550322709
1987.0	33	5274.2383675636565
1988.0	43	5274.227185256119
1989.0	34	5274.216003400079
1990.0	41	5274.204821995538
1991.0	34	5274.19364104247
1992.0	38	5274.182460540868
1993.0	38	5274.171280490728
1994.0	45	5274.160100892042
1995.0	42	5274.148921744792
1996.0	33	5274.137743048968
1997.0	51	5274.126564804566
1998.0	32	5274.115387011564
1999.0	35	5274.104209669961
2000.0	37	5274.093032779741
2001.0	49	5274.081856340902
2002.0	36	5274.070680353423
2003.0	43	5274.059504817298
2004.0	31	5274.048329732519
2005.0	37	5274.037155099077
2006.0	33	5274.025980916953
2007.0	38	5274.014807186144
2008.0	43	5274.003633906636
2009.0	34	5273.992461078419
2010.0	32	5273.981288701485
2011.0	26	5273.970116775824
2012.0	44	5273.958945301417
2013.0	34	5273.947774278265
2014.0	36	5273.936603706348
2015.0	34	5273.925433585663
2016.0	26	5273.91426391619
2017.0	43	5273.903094697932
2018.0	29	5273.891925930869
2019.0	38	5273.880757614994
2020.0	39	5273.869589750296
2021.0	40	5273.858422336765
2022.0	43	5273.847255374387
2023.0	39	5273.83608886315
2024.0	46	5273.824922803056
2025.0	39	5273.81375719408
2026.0	33	5273.8025920362215
2027.0	28	5273.791427329463
2028.0	34	5273.780263073799
2029.0	39	5273.769099269213
2030.0	37	5273.757935915703
2031.0	46	5273.7467730132585
2032.0	35	5273.73561056186
2033.0	43	5273.724448561504
2034.0	31	5273.713287012175
2035.0	36	5273.702125913865
2036.0	29	5273.690965266566
2037.0	39	5273.6798050702655
2038.0	34	5273.668645324955
2039.0	45	5273.657486030619
2040.0	42	5273.646327187254
2041.0	37	5273.635168794842
2042.0	31	5273.624010853381
2043.0	39	5273.612853362849
2044.0	34	5273.601696323245
2045.0	40	5273.590539734558
2046.0	40	5273.579383596776
2047.0	35	5273.568227909887
2048.0	46	5273.55707267388
2049.0	32	5273.545917888748
2050.0	32	5273.534763554479
2051.0	38	5273.523609671063
2052.0	49	5273.512456238484
2053.0	32	5273.501303256742
2054.0	31	5273.490150725821
2055.0	40	5273.478998645703
2056.0	40	5273.467847016391
2057.0	40	5273.456695837871
2058.0	45	5273.445545110125
2059.0	44	5273.434394833148
2060.0	25	5273.423245006934
2061.0	41	5273.412095631458
2062.0	29	5273.400946706731
2063.0	34	5273.389798232723
2064.0	45	5273.378650209436
2065.0	37	5273.367502636854
2066.0	41	5273.356355514961
2067.0	29	5273.3452088437625
2068.0	41	5273.334062623231
2069.0	30	5273.322916853367
2070.0	36	5273.311771534154
2071.0	47	5273.300626665595
2072.0	33	5273.289482247659
2073.0	30	5273.2783382803445
2074.0	41	5273.267194763645
2075.0	38	5273.256051697549
2076.0	40	5273.244909082039
2077.0	30	5273.233766917114
2078.0	31	5273.222625202755
2079.0	26	5273.211483938961
2080.0	43	5273.200343125714
2081.0	37	5273.189202762999
2082.0	49	5273.178062850825
2083.0	32	5273.166923389164
2084.0	35	5273.155784378006
2085.0	46	5273.144645817349
2086.0	48	5273.133507707178
2087.0	46	5273.1223700474875
2088.0	28	5273.111232838256
2089.0	33	5273.100096079479
2090.0	24	5273.088959771155
2091.0	45	5273.07782391326
2092.0	33	5273.0666885057835
2093.0	35	5273.055553548729
2094.0	43	5273.044419042077
2095.0	44	5273.033284985813
2096.0	33	5273.022151379936
2097.0	31	5273.011018224423
2098.0	38	5272.999885519279
2099.0	37	5272.988753264484
2100.0	33	5272.9776214600315
2101.0	43	5272.966490105912
2102.0	37	5272.955359202102
2103.0	31	5272.944228748608
2104.0	32	5272.933098745415
2105.0	23	5272.921969192506
2106.0	38	5272.910840089876
2107.0	36	5272.899711437511
2108.0	30	5272.888583235407
2109.0	41	5272.877455483553
2110.0	38	5272.866328181926
2111.0	43	5272.855201330534
2112.0	43	5272.844074929353
2113.0	35	5272.832948978373
2114.0	36	5272.821823477594
2115.0	43	5272.810698426992
2116.0	31	5272.79957382657
2117.0	45	5272.788449676306
2118.0	35	5272.777325976204
2119.0	51	5272.766202726237
2120.0	38	5272.755079926399
2121.0	43	5272.743957576687
2122.0	42	5272.732835677088
2123.0	29	5272.7217142275895
2124.0	48	5272.710593228173
2125.0	28	5272.699472678847
2126.0	37	5272.688352579586
2127.0	42	5272.677232930385
2128.0	40	5272.666113731232
2129.0	41	5272.654994982113
2130.0	36	5272.643876683026
2131.0	47	5272.632758833956
2132.0	34	5272.621641434894
2133.0	35	5272.610524485825
2134.0	39	5272.599407986746
2135.0	29	5272.588291937636
2136.0	41	5272.5771763385
2137.0	47	5272.566061189308
2138.0	35	5272.554946490064
2139.0	38	5272.543832240758
2140.0	31	5272.532718441375
2141.0	39	5272.521605091911
2142.0	36	5272.510492192339
2143.0	47	5272.499379742662
2144.0	34	5272.488267742868
2145.0	33	5272.477156192944
2146.0	42	5272.466045092886
2147.0	34	5272.454934442674
2148.0	44	5272.443824242303
2149.0	41	5272.4327144917615
2150.0	42	5272.421605191039
2151.0	46	5272.410496340127
2152.0	34	5272.399387939009
2153.0	35	5272.3882799876865
2154.0	44	5272.377172486132
2155.0	30	5272.366065434357
2156.0	34	5272.354958832325
2157.0	42	5272.343852680048
2158.0	26	5272.332746977506
2159.0	41	5272.321641724693
2160.0	43	5272.310536921593
2161.0	43	5272.299432568197
2162.0	32	5272.288328664494
2163.0	37	5272.277225210473
2164.0	35	5272.26612220613
2165.0	46	5272.255019651451
2166.0	45	5272.243917546416
2167.0	49	5272.232815891038
2168.0	35	5272.221714685279
2169.0	48	5272.2106139291445
2170.0	31	5272.199513622629
2171.0	39	5272.188413765704
2172.0	37	5272.177314358374
2173.0	41	5272.166215400627
2174.0	47	5272.155116892442
2175.0	42	5272.144018833822
2176.0	39	5272.132921224748
2177.0	32	5272.121824065209
2178.0	39	5272.110727355205
2179.0	40	5272.099631094712
2180.0	37	5272.0885352837295
2181.0	48	5272.077439922248
2182.0	35	5272.066345010246
2183.0	31	5272.055250547721
2184.0	51	5272.044156534665
2185.0	36	5272.0330629710625
2186.0	33	5272.021969856897
2187.0	45	5272.010877192176
2188.0	37	5271.999784976876
2189.0	43	5271.988693210988
2190.0	44	5271.977601894504
2191.0	43	5271.966511027414
2192.0	40	5271.955420609705
2193.0	32	5271.944330641364
2194.0	37	5271.933241122396
2195.0	38	5271.922152052765
2196.0	37	5271.9110634324825
2197.0	41	5271.899975261527
2198.0	41	5271.888887539897
2199.0	39	5271.877800267575
2200.0	41	5271.866713444547
2201.0	34	5271.855627070812
2202.0	44	5271.844541146354
2203.0	49	5271.833455671163
2204.0	33	5271.822370645231
2205.0	45	5271.811286068546
2206.0	30	5271.800201941093
2207.0	38	5271.789118262877
2208.0	31	5271.7780350338635
2209.0	26	5271.766952254069
2210.0	43	5271.7558699234605
2211.0	39	5271.7447880420395
2212.0	41	5271.733706609794
2213.0	45	5271.722625626712
2214.0	36	5271.711545092782
2215.0	38	5271.700465007997
2216.0	41	5271.689385372342
2217.0	36	5271.678306185815
2218.0	37	5271.667227448399
2219.0	35	5271.6561491600805
2220.0	47	5271.64507132085
2221.0	35	5271.633993930706
2222.0	34	5271.622916989632
2223.0	30	5271.611840497623
2224.0	31	5271.60076445466
2225.0	34	5271.589688860728
2226.0	34	5271.578613715834
2227.0	34	5271.567539019961
2228.0	37	5271.556464773086
2229.0	39	5271.545390975218
2230.0	40	5271.534317626336
2231.0	34	5271.523244726429
2232.0	35	5271.512172275485
2233.0	45	5271.501100273507
2234.0	48	5271.490028720467
2235.0	37	5271.478957616362
2236.0	38	5271.467886961186
2237.0	38	5271.456816754927
2238.0	52	5271.445746997565
2239.0	38	5271.434677689104
2240.0	40	5271.423608829525
2241.0	33	5271.412540418813
2242.0	34	5271.4014724569715
2243.0	38	5271.390404943976
2244.0	41	5271.379337879826
2245.0	37	5271.368271264513
2246.0	31	5271.357205098016
2247.0	32	5271.346139380327
2248.0	36	5271.3350741114455
2249.0	43	5271.324009291344
2250.0	43	5271.3129449200305
2251.0	32	5271.301880997488
2252.0	42	5271.290817523702
2253.0	36	5271.279754498661
2254.0	38	5271.2686919223615
2255.0	45	5271.257629794791
2256.0	32	5271.246568115937
2257.0	38	5271.235506885788
2258.0	35	5271.224446104338
2259.0	35	5271.213385771576
2260.0	28	5271.20232588749
2261.0	38	5271.191266452066
2262.0	34	5271.1802074653015
2263.0	37	5271.169148927176
2264.0	34	5271.158090837694
2265.0	33	5271.147033196833
2266.0	38	5271.135976004582
2267.0	27	5271.1249192609375
2268.0	48	5271.113862965886
2269.0	30	5271.102807119417
2270.0	42	5271.091751721523
2271.0	48	5271.0806967721865
2272.0	42	5271.0696422714045
2273.0	41	5271.058588219161
2274.0	35	5271.047534615453
2275.0	25	5271.036481460254
2276.0	41	5271.025428753581
2277.0	34	5271.014376495395
2278.0	39	5271.003324685708
2279.0	37	5270.992273324498
2280.0	33	5270.981222411751
2281.0	30	5270.97017194747
2282.0	29	5270.959121931634
2283.0	38	5270.948072364234
2284.0	44	5270.937023245262
2285.0	41	5270.925974574707
2286.0	36	5270.914926352559
2287.0	31	5270.903878578811
2288.0	39	5270.892831253443
2289.0	36	5270.881784376452
2290.0	30	5270.8707379478265
2291.0	36	5270.859691967552
2292.0	44	5270.8486464356265
2293.0	41	5270.837601352035
2294.0	42	5270.826556716766
2295.0	41	5270.81551252981
2296.0	35	5270.804468791159
2297.0	42	5270.793425500797
2298.0	38	5270.782382658723
2299.0	39	5270.771340264913
2300.0	43	5270.760298319376
2301.0	32	5270.749256822076
2302.0	37	5270.738215773026
2303.0	38	5270.727175172206
2304.0	45	5270.716135019603
2305.0	33	5270.705095315212
2306.0	32	5270.694056059022
2307.0	45	5270.68301725102
2308.0	33	5270.671978891193
2309.0	30	5270.660940979538
2310.0	34	5270.649903516037
2311.0	32	5270.63886650069
2312.0	45	5270.627829933477
2313.0	43	5270.616793814389
2314.0	39	5270.605758143418
2315.0	36	5270.594722920554
2316.0	51	5270.583688145784
2317.0	22	5270.572653819105
2318.0	38	5270.561619940496
2319.0	32	5270.5505865099585
2320.0	30	5270.539553527467
2321.0	45	5270.528520993023
2322.0	34	5270.517488906611
2323.0	35	5270.50645726823
2324.0	33	5270.495426077855
2325.0	35	5270.484395335487
2326.0	44	5270.473365041106
2327.0	30	5270.46233519471
2328.0	38	5270.451305796288
2329.0	42	5270.440276845822
2330.0	45	5270.42924834331
2331.0	41	5270.418220288736
2332.0	33	5270.407192682099
2333.0	35	5270.3961655233725
2334.0	38	5270.38513881256
2335.0	39	5270.374112549651
2336.0	35	5270.36308673463
2337.0	41	5270.352061367486
2338.0	42	5270.34103644821
2339.0	42	5270.330011976794
2340.0	33	5270.318987953218
2341.0	33	5270.307964377486
2342.0	33	5270.2969412495795
2343.0	27	5270.285918569486
2344.0	31	5270.274896337208
2345.0	35	5270.263874552718
2346.0	40	5270.252853216011
2347.0	42	5270.241832327084
2348.0	32	5270.230811885924
2349.0	38	5270.219791892518
2350.0	41	5270.208772346855
2351.0	36	5270.197753248924
2352.0	39	5270.1867345987175
2353.0	43	5270.175716396226
2354.0	33	5270.164698641435
2355.0	43	5270.1536813343355
2356.0	39	5270.142664474921
2357.0	38	5270.131648063172
2358.0	43	5270.120632099091
2359.0	36	5270.109616582659
2360.0	33	5270.098601513872
2361.0	34	5270.08758689271
2362.0	40	5270.076572719176
2363.0	30	5270.065558993241
2364.0	39	5270.054545714911
2365.0	37	5270.04353288417
2366.0	36	5270.03252050101
2367.0	34	5270.021508565411
2368.0	34	5270.010497077381
2369.0	37	5269.999486036894
2370.0	34	5269.988475443938
2371.0	31	5269.977465298515
2372.0	47	5269.966455600607
2373.0	31	5269.95544635021
2374.0	33	5269.944437547309
2375.0	39	5269.933429191892
2376.0	30	5269.922421283951
2377.0	33	5269.911413823471
2378.0	34	5269.900406810446
2379.0	40	5269.889400244875
2380.0	45	5269.878394126729
2381.0	38	5269.86738845601
2382.0	25	5269.856383232707
2383.0	52	5269.845378456802
2384.0	36	5269.834374128294
2385.0	32	5269.823370247166
2386.0	39	5269.812366813414
2387.0	30	5269.801363827017
2388.0	42	5269.790361287979
2389.0	38	5269.77935919628
2390.0	37	5269.768357551905
2391.0	41	5269.757356354863
2392.0	39	5269.7463556051225
2393.0	48	5269.735355302687
2394.0	35	5269.724355447537
2395.0	33	5269.71335603967
2396.0	38	5269.702357079071
2397.0	35	5269.691358565729
2398.0	38	5269.680360499639
2399.0	38	5269.669362880784
2400.0	27	5269.658365709157
2401.0	44	5269.647368984745
2402.0	37	5269.636372707545
2403.0	44	5269.62537687754
2404.0	41	5269.614381494726
2405.0	39	5269.6033865590825
2406.0	40	5269.592392070609
2407.0	57	5269.581398029288
2408.0	39	5269.570404435112
2409.0	42	5269.559411288072
2410.0	41	5269.548418588154
2411.0	46	5269.537426335355
2412.0	46	5269.526434529655
2413.0	42	5269.515443171055
2414.0	29	5269.504452259529
2415.0	36	5269.493461795083
2416.0	44	5269.482471777699
2417.0	28	5269.471482207369
2418.0	32	5269.460493084074
2419.0	42	5269.449504407822
2420.0	50	5269.438516178587
2421.0	46	5269.427528396357
2422.0	43	5269.416541061134
2423.0	37	5269.4055541729
2424.0	40	5269.394567731642
2425.0	42	5269.383581737363
2426.0	36	5269.372596190037
2427.0	32	5269.361611089665
2428.0	38	5269.350626436228
2429.0	53	5269.339642229723
2430.0	39	5269.328658470136
2431.0	31	5269.317675157456
2432.0	31	5269.30669229167
2433.0	39	5269.295709872774
2434.0	38	5269.284727900757
2435.0	31	5269.273746375605
2436.0	40	5269.262765297314
2437.0	35	5269.251784665865
2438.0	30	5269.240804481254
2439.0	54	5269.229824743467
2440.0	46	5269.218845452495
2441.0	38	5269.20786660833
2442.0	39	5269.196888210961
2443.0	35	5269.18591026037
2444.0	31	5269.174932756559
2445.0	49	5269.163955699507
2446.0	52	5269.152979089211
2447.0	28	5269.14200292566
2448.0	31	5269.131027208847
2449.0	33	5269.120051938747
2450.0	32	5269.109077115361
2451.0	38	5269.098102738685
2452.0	43	5269.087128808693
2453.0	31	5269.076155325387
2454.0	55	5269.065182288748
2455.0	35	5269.054209698771
2456.0	49	5269.043237555445
2457.0	34	5269.032265858756
2458.0	42	5269.0212946087
2459.0	43	5269.010323805266
2460.0	38	5268.999353448442
2461.0	33	5268.988383538215
2462.0	32	5268.977414074574
2463.0	36	5268.966445057512
2464.0	32	5268.95547648702
2465.0	40	5268.944508363092
2466.0	31	5268.933540685701
2467.0	38	5268.922573454848
2468.0	34	5268.911606670533
2469.0	36	5268.900640332726
2470.0	48	5268.889674441429
2471.0	35	5268.8787089966245
2472.0	44	5268.867743998308
2473.0	28	5268.856779446467
2474.0	40	5268.845815341096
2475.0	31	5268.834851682168
2476.0	27	5268.823888469694
2477.0	32	5268.812925703654
2478.0	34	5268.801963384039
2479.0	29	5268.791001510831
2480.0	38	5268.780040084031
2481.0	39	5268.769079103623
2482.0	42	5268.758118569598
2483.0	28	5268.747158481951
2484.0	42	5268.736198840662
2485.0	41	5268.725239645724
2486.0	34	5268.7142808971275
2487.0	26	5268.703322594869
2488.0	36	5268.692364738925
2489.0	28	5268.681407329295
2490.0	50	5268.670450365966
2491.0	47	5268.659493848924
2492.0	28	5268.6485377781655
2493.0	51	5268.637582153672
2494.0	36	5268.626626975446
2495.0	35	5268.61567224346
2496.0	40	5268.604717957725
2497.0	33	5268.593764118205
2498.0	35	5268.582810724913
2499.0	35	5268.571857777826
2500.0	32	5268.560905276942
2501.0	32	5268.54995322224
2502.0	29	5268.539001613711
2503.0	32	5268.528050451355
2504.0	34	5268.517099735153
2505.0	36	5268.5061494651
2506.0	41	5268.495199641186
2507.0	32	5268.484250263397
2508.0	39	5268.473301331723
2509.0	39	5268.462352846149
2510.0	37	5268.451404806673
2511.0	46	5268.440457213288
2512.0	38	5268.429510065969
2513.0	39	5268.4185633647185
2514.0	51	5268.4076171095185
2515.0	43	5268.396671300368
2516.0	43	5268.3857259372435
2517.0	49	5268.374781020147
2518.0	46	5268.363836549065
2519.0	30	5268.352892523981
2520.0	47	5268.341948944894
2521.0	40	5268.331005811788
2522.0	44	5268.32006312465
2523.0	27	5268.309120883481
2524.0	46	5268.298179088257
2525.0	42	5268.287237738971
2526.0	30	5268.276296835627
2527.0	24	5268.2653563781905
2528.0	55	5268.2544163666735
2529.0	28	5268.243476801054
2530.0	32	5268.232537681327
2531.0	30	5268.221599007469
2532.0	29	5268.210660779494
2533.0	44	5268.1997229973695
2534.0	36	5268.188785661092
2535.0	36	5268.177848770654
2536.0	44	5268.166912326046
2537.0	30	5268.155976327263
2538.0	44	5268.145040774277
2539.0	33	5268.13410566709
2540.0	47	5268.1231710056945
2541.0	38	5268.112236790074
2542.0	38	5268.101303020212
2543.0	40	5268.090369696116
2544.0	38	5268.079436817761
2545.0	32	5268.068504385148
2546.0	42	5268.057572398253
2547.0	28	5268.046640857077
2548.0	33	5268.035709761601
2549.0	48	5268.024779111827
2550.0	39	5268.013848907729
2551.0	53	5268.002919149311
2552.0	45	5267.99198983656
2553.0	38	5267.981060969455
2554.0	32	5267.970132547999
2555.0	32	5267.959204572177
2556.0	34	5267.948277041971
2557.0	36	5267.93734995738
2558.0	50	5267.926423318391
2559.0	35	5267.915497125
2560.0	36	5267.904571377187
2561.0	23	5267.89364607494
2562.0	34	5267.8827212182605
2563.0	37	5267.871796807133
2564.0	32	5267.860872841542
2565.0	36	5267.849949321483
2566.0	23	5267.839026246939
2567.0	39	5267.8281036179105
2568.0	42	5267.817181434387
2569.0	30	5267.80625969635
2570.0	36	5267.795338403783
2571.0	41	5267.7844175566925
2572.0	40	5267.77349715506
2573.0	44	5267.762577198879
2574.0	39	5267.751657688136
2575.0	34	5267.740738622815
2576.0	32	5267.729820002917
2577.0	52	5267.7189018284225
2578.0	48	5267.707984099327
2579.0	49	5267.69706681562
2580.0	42	5267.686149977287
2581.0	38	5267.675233584318
2582.0	35	5267.664317636708
2583.0	33	5267.653402134451
2584.0	32	5267.642487077524
2585.0	42	5267.631572465917
2586.0	38	5267.620658299628
2587.0	44	5267.609744578646
2588.0	42	5267.598831302959
2589.0	41	5267.587918472562
2590.0	41	5267.5770060874265
2591.0	38	5267.566094147564
2592.0	41	5267.555182652956
2593.0	45	5267.544271603589
2594.0	36	5267.533360999451
2595.0	39	5267.522450840539
2596.0	39	5267.511541126842
2597.0	46	5267.500631858344
2598.0	35	5267.489723035042
2599.0	49	5267.478814656925
2600.0	37	5267.467906723974
2601.0	35	5267.456999236184
2602.0	35	5267.446092193549
2603.0	43	5267.43518559605
2604.0	42	5267.424279443685
2605.0	40	5267.413373736438
2606.0	47	5267.402468474307
2607.0	37	5267.391563657274
2608.0	26	5267.380659285331
2609.0	45	5267.369755358467
2610.0	46	5267.358851876672
2611.0	36	5267.347948839932
2612.0	38	5267.3370462482435
2613.0	35	5267.326144101594
2614.0	35	5267.315242399979
2615.0	35	5267.304341143378
2616.0	34	5267.293440331781
2617.0	30	5267.282539965182
2618.0	39	5267.271640043578
2619.0	40	5267.260740566948
2620.0	50	5267.249841535281
2621.0	33	5267.238942948572
2622.0	23	5267.228044806808
2623.0	47	5267.217147109987
2624.0	39	5267.206249858087
2625.0	35	5267.195353051106
2626.0	36	5267.1844566890295
2627.0	37	5267.173560771847
2628.0	40	5267.162665299546
2629.0	43	5267.151770272122
2630.0	30	5267.140875689571
2631.0	28	5267.129981551865
2632.0	33	5267.119087859008
2633.0	38	5267.108194610987
2634.0	36	5267.097301807786
2635.0	42	5267.0864094493945
2636.0	34	5267.075517535813
2637.0	36	5267.064626067018
2638.0	37	5267.053735043016
2639.0	31	5267.042844463778
2640.0	38	5267.031954329303
2641.0	39	5267.021064639581
2642.0	55	5267.010175394603
2643.0	39	5266.999286594358
2644.0	26	5266.988398238831
2645.0	36	5266.977510328021
2646.0	55	5266.966622861904
2647.0	38	5266.955735840481
2648.0	33	5266.944849263744
2649.0	35	5266.933963131667
2650.0	29	5266.9230774442585
2651.0	37	5266.912192201496
2652.0	35	5266.901307403378
2653.0	33	5266.890423049881
2654.0	37	5266.879539141013
2655.0	31	5266.868655676748
2656.0	33	5266.857772657081
2657.0	46	5266.846890082008
2658.0	37	5266.83600795151
2659.0	35	5266.825126265574
2660.0	35	5266.814245024204
2661.0	35	5266.803364227379
2662.0	32	5266.792483875096
2663.0	50	5266.781603967335
2664.0	34	5266.770724504092
2665.0	44	5266.759845485353
2666.0	46	5266.748966911118
2667.0	30	5266.738088781362
2668.0	42	5266.727211096093
2669.0	37	5266.716333855279
2670.0	32	5266.70545705892
2671.0	42	5266.694580707015
2672.0	38	5266.683704799542
2673.0	37	5266.672829336492
2674.0	28	5266.661954317855
2675.0	38	5266.651079743627
2676.0	41	5266.640205613794
2677.0	40	5266.6293319283395
2678.0	29	5266.618458687264
2679.0	27	5266.607585890556
2680.0	31	5266.596713538198
2681.0	30	5266.585841630182
2682.0	43	5266.574970166498
2683.0	38	5266.564099147142
2684.0	28	5266.553228572094
2685.0	30	5266.54235844135
2686.0	36	5266.531488754897
2687.0	43	5266.520619512729
2688.0	32	5266.509750714832
2689.0	27	5266.498882361197
2690.0	28	5266.488014451813
2691.0	42	5266.477146986669
2692.0	45	5266.46627996576
2693.0	41	5266.455413389064
2694.0	35	5266.444547256588
2695.0	31	5266.433681568302
2696.0	31	5266.422816324219
2697.0	36	5266.411951524309
2698.0	24	5266.401087168564
2699.0	29	5266.390223256993
2700.0	46	5266.379359789558
2701.0	35	5266.368496766268
2702.0	41	5266.357634187107
2703.0	35	5266.346772052063
2704.0	31	5266.3359103611265
2705.0	39	5266.325049114291
2706.0	39	5266.314188311544
2707.0	33	5266.303327952876
2708.0	44	5266.292468038274
2709.0	40	5266.281608567725
2710.0	39	5266.270749541231
2711.0	36	5266.2598909587705
2712.0	38	5266.249032820342
2713.0	43	5266.238175125926
2714.0	37	5266.227317875511
2715.0	42	5266.2164610691025
2716.0	34	5266.205604706676
2717.0	43	5266.194748788224
2718.0	35	5266.183893313741
2719.0	28	5266.173038283214
2720.0	38	5266.162183696625
2721.0	29	5266.151329553983
2722.0	38	5266.1404758552535
2723.0	38	5266.12962260045
2724.0	42	5266.118769789549
2725.0	37	5266.107917422533
2726.0	39	5266.0970654994135
2727.0	30	5266.086214020162
2728.0	35	5266.075362984773
2729.0	23	5266.064512393237
2730.0	36	5266.053662245549
2731.0	32	5266.042812541696
2732.0	52	5266.03196328166
2733.0	35	5266.021114465442
2734.0	41	5266.010266093025
2735.0	36	5265.999418164395
2736.0	41	5265.988570679557
2737.0	40	5265.97772363849
2738.0	42	5265.966877041182
2739.0	40	5265.956030887621
2740.0	30	5265.945185177811
2741.0	34	5265.934339911723
2742.0	35	5265.923495089364
2743.0	40	5265.912650710711
2744.0	41	5265.9018067757615
2745.0	42	5265.890963284493
2746.0	26	5265.88012023692
2747.0	40	5265.869277633007
2748.0	40	5265.858435472764
2749.0	32	5265.8475937561625
2750.0	37	5265.8367524832
2751.0	33	5265.825911653871
2752.0	31	5265.815071268159
2753.0	42	5265.804231326061
2754.0	41	5265.793391827557
2755.0	46	5265.7825527726445
2756.0	28	5265.7717141613075
2757.0	43	5265.760875993541
2758.0	37	5265.750038269331
2759.0	36	5265.739200988675
2760.0	30	5265.728364151552
2761.0	39	5265.717527757952
2762.0	37	5265.706691807877
2763.0	42	5265.695856301309
2764.0	23	5265.685021238232
2765.0	44	5265.674186618646
2766.0	32	5265.663352442538
2767.0	44	5265.652518709901
2768.0	31	5265.641685420711
2769.0	34	5265.630852574971
2770.0	40	5265.620020172667
2771.0	37	5265.609188213788
2772.0	30	5265.5983566983305
2773.0	39	5265.5875256262725
2774.0	32	5265.576694997612
2775.0	34	5265.565864812337
2776.0	38	5265.555035070434
2777.0	39	5265.5442057719
2778.0	44	5265.533376916717
2779.0	41	5265.522548504884
2780.0	43	5265.511720536377
2781.0	31	5265.500893011204
2782.0	36	5265.4900659293335
2783.0	37	5265.479239290777
2784.0	41	5265.468413095509
2785.0	41	5265.457587343523
2786.0	38	5265.446762034813
2787.0	39	5265.435937169368
2788.0	36	5265.425112747174
2789.0	43	5265.414288768221
2790.0	42	5265.4034652325045
2791.0	31	5265.39264214001
2792.0	40	5265.381819490728
2793.0	40	5265.370997284638
2794.0	35	5265.360175521752
2795.0	50	5265.349354202042
2796.0	37	5265.338533325511
2797.0	48	5265.327712892133
2798.0	40	5265.316892901909
2799.0	45	5265.306073354822
2800.0	41	5265.295254250873
2801.0	41	5265.284435590045
2802.0	26	5265.273617372322
2803.0	37	5265.262799597705
2804.0	34	5265.25198226617
2805.0	31	5265.241165377723
2806.0	40	5265.230348932342
2807.0	29	5265.219532930025
2808.0	25	5265.2087173707505
2809.0	39	5265.197902254523
2810.0	41	5265.187087581315
2811.0	33	5265.176273351137
2812.0	39	5265.165459563963
2813.0	43	5265.154646219788
2814.0	44	5265.143833318599
2815.0	37	5265.133020860394
2816.0	38	5265.122208845151
2817.0	37	5265.111397272867
2818.0	38	5265.100586143537
2819.0	36	5265.089775457142
2820.0	55	5265.078965213676
2821.0	41	5265.068155413123
2822.0	30	5265.057346055476
2823.0	39	5265.046537140731
2824.0	33	5265.035728668876
2825.0	29	5265.024920639891
2826.0	28	5265.014113053774
2827.0	27	5265.003305910518
2828.0	38	5264.992499210105
2829.0	31	5264.98169295253
2830.0	57	5264.970887137781
2831.0	38	5264.960081765846
2832.0	44	5264.949276836713
2833.0	53	5264.938472350385
2834.0	38	5264.927668306837
2835.0	41	5264.916864706062
2836.0	48	5264.906061548057
2837.0	32	5264.895258832803
2838.0	36	5264.884456560299
2839.0	37	5264.873654730525
2840.0	33	5264.862853343473
2841.0	30	5264.852052399145
2842.0	29	5264.841251897515
2843.0	33	5264.830451838578
2844.0	39	5264.819652222332
2845.0	45	5264.808853048748
2846.0	41	5264.798054317835
2847.0	36	5264.787256029577
2848.0	37	5264.776458183961
2849.0	35	5264.765660780974
2850.0	45	5264.7548638206135
2851.0	36	5264.744067302865
2852.0	37	5264.733271227727
2853.0	26	5264.722475595169
2854.0	29	5264.711680405197
2855.0	42	5264.700885657805
2856.0	39	5264.690091352968
2857.0	35	5264.679297490681
2858.0	30	5264.668504070945
2859.0	38	5264.657711093729
2860.0	35	5264.646918559047
2861.0	43	5264.636126466868
2862.0	44	5264.625334817194
2863.0	26	5264.614543610006
2864.0	27	5264.603752845305
2865.0	27	5264.592962523074
2866.0	35	5264.5821726433
2867.0	29	5264.571383205979
2868.0	38	5264.560594211098
2869.0	48	5264.5498056586475
2870.0	38	5264.539017548621
2871.0	40	5264.528229881
2872.0	31	5264.517442655779
2873.0	43	5264.506655872948
2874.0	45	5264.495869532493
2875.0	34	5264.4850836344185
2876.0	44	5264.474298178697
2877.0	39	5264.463513165316
2878.0	44	5264.452728594289
2879.0	39	5264.441944465579
2880.0	44	5264.431160779194
2881.0	43	5264.42037753512
2882.0	39	5264.409594733337
2883.0	41	5264.398812373852
2884.0	34	5264.388030456633
2885.0	37	5264.377248981688
2886.0	34	5264.366467949003
2887.0	37	5264.355687358568
2888.0	37	5264.344907210365
2889.0	40	5264.334127504393
2890.0	55	5264.323348240636
2891.0	40	5264.31256941909
2892.0	39	5264.301791039738
2893.0	42	5264.291013102576
2894.0	47	5264.280235607581
2895.0	31	5264.269458554767
2896.0	48	5264.258681944097
2897.0	39	5264.247905775583
2898.0	36	5264.237130049205
2899.0	31	5264.2263547649445
2900.0	36	5264.215579922811
2901.0	36	5264.204805522779
2902.0	36	5264.194031564835
2903.0	50	5264.18325804899
2904.0	62	5264.172484975213
2905.0	26	5264.161712343501
2906.0	44	5264.150940153847
2907.0	39	5264.140168406236
2908.0	41	5264.129397100665
2909.0	40	5264.118626237116
2910.0	30	5264.1078558155805
2911.0	35	5264.0970858360515
2912.0	39	5264.086316298514
2913.0	42	5264.075547202964
2914.0	29	5264.064778549384
2915.0	32	5264.054010337774
2916.0	36	5264.043242568117
2917.0	38	5264.032475240402
2918.0	40	5264.021708354622
2919.0	33	5264.010941910766
2920.0	31	5264.000175908821
2921.0	35	5263.989410348785
2922.0	37	5263.978645230638
2923.0	33	5263.967880554374
2924.0	35	5263.957116319989
2925.0	31	5263.946352527459
2926.0	36	5263.935589176783
2927.0	45	5263.924826267951
2928.0	28	5263.914063800953
2929.0	39	5263.903301775783
2930.0	39	5263.892540192419
2931.0	35	5263.881779050853
2932.0	24	5263.871018351087
2933.0	35	5263.8602580931
2934.0	34	5263.849498276889
2935.0	31	5263.838738902434
2936.0	29	5263.827979969732
2937.0	36	5263.81722147877
2938.0	39	5263.806463429543
2939.0	31	5263.795705822034
2940.0	36	5263.784948656244
2941.0	34	5263.774191932146
2942.0	49	5263.763435649745
2943.0	37	5263.752679809019
2944.0	37	5263.741924409973
2945.0	33	5263.731169452579
2946.0	42	5263.720414936843
2947.0	36	5263.709660862741
2948.0	33	5263.698907230271
2949.0	37	5263.688154039415
2950.0	45	5263.677401290182
2951.0	25	5263.6666489825375
2952.0	42	5263.655897116494
2953.0	36	5263.64514569202
2954.0	41	5263.6343947091245
2955.0	28	5263.623644167784
2956.0	47	5263.612894067989
2957.0	34	5263.6021444097405
2958.0	40	5263.591395193013
2959.0	31	5263.580646417818
2960.0	44	5263.569898084118
2961.0	33	5263.559150191927
2962.0	33	5263.548402741217
2963.0	41	5263.53765573199
2964.0	38	5263.526909164228
2965.0	45	5263.516163037933
2966.0	33	5263.50541735308
2967.0	34	5263.494672109669
2968.0	37	5263.483927307676
2969.0	35	5263.473182947111
2970.0	31	5263.462439027954
2971.0	33	5263.451695550193
2972.0	32	5263.440952513819
2973.0	38	5263.430209918822
2974.0	45	5263.419467765194
2975.0	38	5263.408726052923
2976.0	31	5263.3979847819965
2977.0	31	5263.38724395241
2978.0	43	5263.376503564152
2979.0	39	5263.36576361721
2980.0	39	5263.355024111573
2981.0	28	5263.344285047237
2982.0	34	5263.333546424187
2983.0	41	5263.3228082424075
2984.0	41	5263.312070501901
2985.0	37	5263.301333202654
2986.0	38	5263.290596344647
2987.0	46	5263.279859927879
2988.0	40	5263.269123952334
2989.0	35	5263.258388418008
2990.0	44	5263.247653324885
2991.0	37	5263.236918672965
2992.0	29	5263.226184462222
2993.0	39	5263.21545069266
2994.0	28	5263.204717364259
2995.0	43	5263.193984477022
2996.0	27	5263.183252030922
2997.0	28	5263.172520025963
2998.0	36	5263.161788462124
2999.0	42	5263.151057339404
3000.0	37	5263.140326657794
3001.0	30	5263.12959641727
3002.0	38	5263.118866617833
3003.0	40	5263.108137259475
3004.0	30	5263.097408342174
3005.0	34	5263.086679865934
3006.0	36	5263.075951830735
3007.0	46	5263.065224236572
3008.0	29	5263.054497083435
3009.0	36	5263.0437703713105
3010.0	36	5263.033044100187
3011.0	31	5263.022318270068
3012.0	45	5263.011592880919
3013.0	39	5263.00086793275
3014.0	25	5262.990143425552
3015.0	46	5262.979419359302
3016.0	42	5262.968695733989
3017.0	32	5262.957972549619
3018.0	41	5262.947249806168
3019.0	33	5262.936527503634
3020.0	35	5262.9258056419985
3021.0	37	5262.9150842212575
3022.0	42	5262.904363241405
3023.0	36	5262.893642702415
3024.0	39	5262.882922604296
3025.0	34	5262.872202947031
3026.0	30	5262.8614837306
3027.0	28	5262.850764955007
3028.0	42	5262.84004662024
3029.0	30	5262.829328726286
3030.0	36	5262.818611273134
3031.0	35	5262.807894260763
3032.0	44	5262.797177689185
3033.0	40	5262.786461558382
3034.0	44	5262.775745868334
3035.0	31	5262.765030619042
3036.0	37	5262.754315810486
3037.0	39	5262.743601442668
3038.0	49	5262.732887515568
3039.0	34	5262.722174029181
3040.0	40	5262.7114609835
3041.0	43	5262.700748378505
3042.0	32	5262.690036214197
3043.0	40	5262.679324490554
3044.0	49	5262.668613207576
3045.0	27	5262.657902365253
3046.0	41	5262.647191963564
3047.0	30	5262.636482002512
3048.0	43	5262.625772482079
3049.0	41	5262.615063402252
3050.0	38	5262.604354763029
3051.0	39	5262.593646564404
3052.0	42	5262.582938806349
3053.0	40	5262.572231488868
3054.0	36	5262.5615246119505
3055.0	29	5262.550818175583
3056.0	36	5262.540112179755
3057.0	39	5262.5294066244605
3058.0	26	5262.518701509682
3059.0	31	5262.507996835413
3060.0	45	5262.49729260165
3061.0	38	5262.486588808376
3062.0	38	5262.475885455576
3063.0	46	5262.465182543256
3064.0	38	5262.454480071386
3065.0	32	5262.443778039969
3066.0	34	5262.4330764489905
3067.0	37	5262.422375298443
3068.0	41	5262.41167458832
3069.0	42	5262.400974318606
3070.0	36	5262.390274489286
3071.0	42	5262.379575100358
3072.0	29	5262.36887615181
3073.0	45	5262.358177643628
3074.0	48	5262.347479575803
3075.0	34	5262.336781948337
3076.0	56	5262.326084761204
3077.0	33	5262.315388014396
3078.0	36	5262.304691707913
3079.0	30	5262.293995841742
3080.0	54	5262.283300415869
3081.0	39	5262.272605430278
3082.0	38	5262.261910884969
3083.0	42	5262.251216779933
3084.0	40	5262.240523115149
3085.0	22	5262.2298298906135
3086.0	38	5262.219137106323
3087.0	37	5262.208444762254
3088.0	52	5262.197752858414
3089.0	41	5262.187061394774
3090.0	28	5262.176370371331
3091.0	37	5262.165679788081
3092.0	48	5262.154989645003
3093.0	35	5262.1442999421015
3094.0	39	5262.133610679354
3095.0	26	5262.122921856754
3096.0	38	5262.112233474293
3097.0	33	5262.101545531954
3098.0	33	5262.09085802974
3099.0	33	5262.080170967631
3100.0	45	5262.069484345622
3101.0	33	5262.0587981637
3102.0	32	5262.048112421858
3103.0	37	5262.037427120079
3104.0	46	5262.026742258356
3105.0	40	5262.016057836687
3106.0	31	5262.005373855047
3107.0	41	5261.994690313442
3108.0	32	5261.9840072118495
3109.0	36	5261.9733245502675
3110.0	50	5261.962642328683
3111.0	39	5261.951960547083
3112.0	43	5261.941279205458
3113.0	49	5261.930598303808
3114.0	29	5261.919917842111
3115.0	39	5261.909237820358
3116.0	30	5261.898558238546
3117.0	40	5261.887879096656
3118.0	37	5261.877200394686
3119.0	36	5261.866522132621
3120.0	30	5261.855844310457
3121.0	32	5261.845166928178
3122.0	46	5261.834489985775
3123.0	31	5261.823813483232
3124.0	41	5261.813137420557
3125.0	38	5261.802461797718
3126.0	18	5261.7917866147245
3127.0	26	5261.78111187155
3128.0	28	5261.770437568199
3129.0	40	5261.759763704649
3130.0	38	5261.749090280899
3131.0	29	5261.738417296928
3132.0	36	5261.727744752739
3133.0	32	5261.717072648314
3134.0	41	5261.706400983648
3135.0	48	5261.695729758728
3136.0	45	5261.685058973545
3137.0	30	5261.674388628083
3138.0	42	5261.663718722341
3139.0	33	5261.6530492563
3140.0	45	5261.6423802299605
3141.0	37	5261.631711643306
3142.0	46	5261.621043496322
3143.0	37	5261.610375789007
3144.0	33	5261.599708521347
3145.0	37	5261.589041693333
3146.0	29	5261.578375304955
3147.0	32	5261.567709356207
3148.0	45	5261.557043847067
3149.0	32	5261.546378777538
3150.0	36	5261.535714147603
3151.0	44	5261.5250499572485
3152.0	37	5261.514386206477
3153.0	26	5261.503722895262
3154.0	23	5261.493060023608
3155.0	51	5261.482397591502
3156.0	31	5261.471735598927
3157.0	32	5261.461074045877
3158.0	49	5261.450412932344
3159.0	29	5261.439752258322
3160.0	36	5261.429092023782
3161.0	43	5261.418432228741
3162.0	38	5261.407772873166
3163.0	39	5261.397113957053
3164.0	42	5261.386455480405
3165.0	37	5261.375797443194
3166.0	45	5261.365139845418
3167.0	45	5261.3544826870775
3168.0	35	5261.34382596814
3169.0	38	5261.333169688615
3170.0	25	5261.322513848477
3171.0	37	5261.311858447728
3172.0	37	5261.301203486357
3173.0	31	5261.290548964345
3174.0	42	5261.279894881688
3175.0	29	5261.2692412383785
3176.0	40	5261.258588034401
3177.0	48	5261.24793526975
3178.0	43	5261.237282944414
3179.0	43	5261.226631058387
3180.0	35	5261.215979611652
3181.0	46	5261.205328604196
3182.0	36	5261.194678036015
3183.0	32	5261.184027907103
3184.0	32	5261.173378217443
3185.0	42	5261.162728967031
3186.0	32	5261.152080155845
3187.0	28	5261.141431783891
3188.0	32	5261.130783851148
3189.0	34	5261.120136357614
3190.0	54	5261.109489303273
3191.0	42	5261.098842688109
3192.0	39	5261.088196512126
3193.0	37	5261.077550775309
3194.0	36	5261.066905477641
3195.0	35	5261.056260619116
3196.0	34	5261.045616199731
3197.0	33	5261.034972219467
3198.0	27	5261.024328678319
3199.0	35	5261.0136855762685
3200.0	41	5261.003042913317
3201.0	40	5260.992400689455
3202.0	35	5260.981758904662
3203.0	19	5260.971117558933
3204.0	45	5260.960476652256
3205.0	29	5260.949836184623
3206.0	41	5260.939196156024
3207.0	38	5260.928556566451
3208.0	37	5260.917917415892
3209.0	35	5260.907278704341
3210.0	30	5260.896640431781
3211.0	38	5260.8860025981985
3212.0	27	5260.875365203596
3213.0	34	5260.864728247956
3214.0	38	5260.854091731274
3215.0	23	5260.84345565353
3216.0	41	5260.832820014721
3217.0	41	5260.822184814841
3218.0	31	5260.8115500538715
3219.0	40	5260.800915731801
3220.0	44	5260.79028184863
3221.0	36	5260.779648404337
3222.0	39	5260.769015398929
3223.0	36	5260.758382832373
3224.0	41	5260.74775070468
3225.0	31	5260.737119015827
3226.0	38	5260.726487765802
3227.0	33	5260.715856954608
3228.0	29	5260.705226582229
3229.0	31	5260.694596648648
3230.0	25	5260.683967153865
3231.0	38	5260.673338097863
3232.0	25	5260.6627094806345
3233.0	45	5260.6520813021725
3234.0	34	5260.64145356246
3235.0	56	5260.630826261497
3236.0	36	5260.620199399261
3237.0	42	5260.60957297575
3238.0	36	5260.598946990959
3239.0	42	5260.588321444869
3240.0	33	5260.5776963374665
3241.0	28	5260.567071668756
3242.0	49	5260.556447438712
3243.0	38	5260.545823647337
3244.0	46	5260.535200294611
3245.0	34	5260.524577380537
3246.0	37	5260.513954905088
3247.0	42	5260.503332868268
3248.0	43	5260.492711270059
3249.0	37	5260.482090110456
3250.0	41	5260.471469389446
3251.0	45	5260.460849107017
3252.0	39	5260.450229263165
3253.0	42	5260.439609857873
3254.0	37	5260.428990891134
3255.0	33	5260.418372362945
3256.0	35	5260.407754273288
3257.0	33	5260.397136622148
3258.0	37	5260.386519409531
3259.0	42	5260.375902635408
3260.0	38	5260.365286299784
3261.0	35	5260.354670402648
3262.0	36	5260.344054943977
3263.0	35	5260.333439923772
3264.0	39	5260.322825342024
3265.0	33	5260.312211198724
3266.0	32	5260.30159749385
3267.0	25	5260.290984227401
3268.0	30	5260.280371399365
3269.0	39	5260.269759009735
3270.0	39	5260.259147058494
3271.0	39	5260.248535545644
3272.0	29	5260.237924471167
3273.0	43	5260.227313835051
3274.0	46	5260.21670363729
3275.0	42	5260.206093877866
3276.0	32	5260.1954845567825
3277.0	33	5260.184875674027
3278.0	37	5260.174267229581
3279.0	44	5260.1636592234345
3280.0	39	5260.153051655588
3281.0	39	5260.142444526022
3282.0	37	5260.131837834732
3283.0	32	5260.121231581702
3284.0	41	5260.110625766932
3285.0	30	5260.100020390405
3286.0	34	5260.089415452107
3287.0	41	5260.078810952035
3288.0	32	5260.068206890177
3289.0	38	5260.057603266522
3290.0	32	5260.047000081065
3291.0	29	5260.036397333787
3292.0	32	5260.025795024683
3293.0	33	5260.01519315375
3294.0	40	5260.004591720968
3295.0	40	5259.993990726326
3296.0	33	5259.9833901698175
3297.0	29	5259.972790051442
3298.0	39	5259.962190371169
3299.0	32	5259.95159112901
3300.0	40	5259.940992324941
3301.0	41	5259.9303939589545
3302.0	37	5259.919796031041
3303.0	28	5259.909198541202
3304.0	36	5259.898601489406
3305.0	35	5259.888004875659
3306.0	41	5259.877408699947
3307.0	31	5259.866812962256
3308.0	40	5259.856217662579
3309.0	34	5259.845622800909
3310.0	33	5259.835028377239
3311.0	34	5259.824434391542
3312.0	32	5259.813840843831
3313.0	41	5259.803247734077
3314.0	45	5259.792655062276
3315.0	33	5259.782062828418
3316.0	36	5259.771471032505
3317.0	33	5259.76087967451
3318.0	41	5259.75028875443
3319.0	28	5259.739698272251
3320.0	46	5259.72910822797
3321.0	37	5259.718518621577
3322.0	34	5259.7079294530495
3323.0	31	5259.697340722392
3324.0	32	5259.686752429594
3325.0	33	5259.6761645746365
3326.0	41	5259.665577157512
3327.0	46	5259.654990178214
3328.0	29	5259.644403636733
3329.0	37	5259.633817533052
3330.0	37	5259.623231867167
3331.0	39	5259.612646639072
3332.0	43	5259.602061848751
3333.0	39	5259.59147749619
3334.0	37	5259.580893581385
3335.0	40	5259.5703101043255
3336.0	34	5259.559727065004
3337.0	35	5259.549144463405
3338.0	18	5259.538562299524
3339.0	35	5259.527980573347
3340.0	36	5259.517399284863
3341.0	39	5259.506818434068
3342.0	40	5259.496238020942
3343.0	37	5259.4856580454825
3344.0	41	5259.475078507684
3345.0	38	5259.464499407528
3346.0	35	5259.45392074501
3347.0	36	5259.44334252011
3348.0	41	5259.432764732831
3349.0	47	5259.4221873831575
3350.0	48	5259.411610471081
3351.0	42	5259.401033996584
3352.0	41	5259.390457959668
3353.0	34	5259.379882360316
3354.0	35	5259.369307198523
3355.0	39	5259.35873247427
3356.0	35	5259.34815818756
3357.0	35	5259.337584338366
3358.0	26	5259.327010926691
3359.0	38	5259.316437952525
3360.0	45	5259.305865415855
3361.0	24	5259.29529331667
3362.0	40	5259.2847216549635
3363.0	42	5259.274150430718
3364.0	47	5259.26357964393
3365.0	44	5259.253009294594
3366.0	36	5259.242439382691
3367.0	31	5259.231869908211
3368.0	33	5259.221300871146
3369.0	38	5259.210732271494
3370.0	32	5259.200164109237
3371.0	33	5259.189596384363
3372.0	39	5259.1790290968665
3373.0	31	5259.1684622467355
3374.0	39	5259.157895833966
3375.0	29	5259.147329858539
3376.0	39	5259.136764320452
3377.0	32	5259.126199219682
3378.0	41	5259.115634556237
3379.0	39	5259.105070330101
3380.0	38	5259.094506541257
3381.0	51	5259.0839431897
3382.0	35	5259.073380275426
3383.0	41	5259.062817798409
3384.0	40	5259.052255758658
3385.0	31	5259.04169415615
3386.0	24	5259.031132990876
3387.0	28	5259.020572262834
3388.0	51	5259.010011972006
3389.0	31	5258.9994521183935
3390.0	31	5258.98889270197
3391.0	31	5258.978333722739
3392.0	35	5258.967775180682
3393.0	31	5258.957217075794
3394.0	42	5258.946659408063
3395.0	39	5258.936102177478
3396.0	24	5258.925545384026
3397.0	36	5258.914989027713
3398.0	27	5258.904433108511
3399.0	28	5258.89387762642
3400.0	35	5258.883322581425
3401.0	44	5258.872767973514
3402.0	54	5258.8622138026885
3403.0	36	5258.85166006893
3404.0	38	5258.841106772219
3405.0	33	5258.830553912566
3406.0	36	5258.820001489955
3407.0	43	5258.809449504361
3408.0	38	5258.798897955793
3409.0	42	5258.788346844234
3410.0	45	5258.777796169669
3411.0	40	5258.767245932099
3412.0	32	5258.7566961315
3413.0	34	5258.74614676787
3414.0	37	5258.735597841203
3415.0	23	5258.725049351485
3416.0	43	5258.714501298704
3417.0	37	5258.703953682856
3418.0	41	5258.693406503921
3419.0	31	5258.682859761897
3420.0	49	5258.672313456769
3421.0	33	5258.661767588535
3422.0	31	5258.6512221571775
3423.0	23	5258.640677162696
3424.0	27	5258.630132605066
3425.0	38	5258.619588484283
3426.0	25	5258.609044800349
3427.0	41	5258.598501553239
3428.0	47	5258.587958742949
3429.0	32	5258.577416369466
3430.0	45	5258.566874432786
3431.0	32	5258.556332932899
3432.0	39	5258.545791869789
3433.0	37	5258.535251243442
3434.0	35	5258.524711053866
3435.0	35	5258.514171301034
3436.0	31	5258.503631984943
3437.0	41	5258.4930931055815
3438.0	30	5258.482554662944
3439.0	31	5258.472016657011
3440.0	43	5258.46147908778
3441.0	32	5258.45094195524
3442.0	37	5258.440405259384
3443.0	43	5258.429869000194
3444.0	34	5258.419333177667
3445.0	45	5258.408797791797
3446.0	31	5258.398262842558
3447.0	27	5258.3877283299535
3448.0	36	5258.377194253971
3449.0	32	5258.366660614599
3450.0	39	5258.356127411828
3451.0	40	5258.345594645643
3452.0	29	5258.3350623160495
3453.0	43	5258.3245304230195
3454.0	31	5258.313998966552
3455.0	33	5258.303467946636
3456.0	45	5258.2929373632605
3457.0	31	5258.282407216423
3458.0	32	5258.271877506107
3459.0	34	5258.261348232291
3460.0	42	5258.250819394988
3461.0	32	5258.240290994171
3462.0	46	5258.229763029843
3463.0	47	5258.219235501983
3464.0	33	5258.208708410583
3465.0	39	5258.198181755643
3466.0	42	5258.187655537138
3467.0	38	5258.177129755063
3468.0	41	5258.166604409416
3469.0	36	5258.1560795001815
3470.0	37	5258.1455550273495
3471.0	40	5258.135030990909
3472.0	32	5258.12450739085
3473.0	39	5258.113984227165
3474.0	33	5258.103461499843
3475.0	38	5258.09293920888
3476.0	33	5258.0824173542505
3477.0	53	5258.071895935957
3478.0	35	5258.061374953995
3479.0	31	5258.050854408339
3480.0	38	5258.040334298983
3481.0	33	5258.029814625923
3482.0	26	5258.019295389157
3483.0	31	5258.008776588649
3484.0	35	5257.9982582244165
3485.0	37	5257.987740296436
3486.0	32	5257.977222804692
3487.0	33	5257.966705749191
3488.0	33	5257.956189129911
3489.0	36	5257.945672946843
3490.0	39	5257.9351571999805
3491.0	37	5257.924641889314
3492.0	34	5257.91412701483
3493.0	43	5257.903612576524
3494.0	28	5257.893098574379
3495.0	35	5257.8825850083895
3496.0	37	5257.872071878545
3497.0	35	5257.861559184838
3498.0	40	5257.851046927253
3499.0	27	5257.840535105784
3500.0	24	5257.830023720428
3501.0	25	5257.819512771157
3502.0	26	5257.809002257974
3503.0	30	5257.798492180869
3504.0	40	5257.7879825398295
3505.0	40	5257.777473334843
3506.0	38	5257.766964565899
3507.0	43	5257.756456233002
3508.0	30	5257.745948336123
3509.0	33	5257.735440875257
3510.0	39	5257.724933850402
3511.0	42	5257.714427261548
3512.0	35	5257.703921108672
3513.0	34	5257.693415391777
3514.0	49	5257.682910110848
3515.0	38	5257.672405265877
3516.0	24	5257.661900856849
3517.0	36	5257.651396883761
3518.0	43	5257.6408933466
3519.0	38	5257.630390245352
3520.0	30	5257.619887580012
3521.0	37	5257.609385350576
3522.0	35	5257.598883557019
3523.0	26	5257.58838219935
3524.0	38	5257.577881277542
3525.0	39	5257.567380791585
3526.0	37	5257.556880741489
3527.0	43	5257.546381127219
3528.0	31	5257.535881948782
3529.0	38	5257.525383206169
3530.0	33	5257.514884899357
3531.0	39	5257.504387028346
3532.0	43	5257.493889593119
3533.0	56	5257.48339259368
3534.0	33	5257.47289603
3535.0	31	5257.462399902084
3536.0	30	5257.451904209912
3537.0	30	5257.441408953481
3538.0	41	5257.430914132785
3539.0	30	5257.420419747798
3540.0	37	5257.409925798526
3541.0	32	5257.399432284953
3542.0	42	5257.388939207071
3543.0	28	5257.378446564866
3544.0	38	5257.367954358336
3545.0	40	5257.357462587458
3546.0	45	5257.346971252231
3547.0	44	5257.33648035265
3548.0	34	5257.325989888696
3549.0	30	5257.315499860357
3550.0	30	5257.305010267638
3551.0	39	5257.294521110516
3552.0	27	5257.284032388983
3553.0	37	5257.273544103026
3554.0	37	5257.263056252649
3555.0	48	5257.2525688378255
3556.0	49	5257.242081858557
3557.0	30	5257.231595314825
3558.0	39	5257.221109206626
3559.0	46	5257.210623533955
3560.0	45	5257.200138296787
3561.0	32	5257.189653495124
3562.0	37	5257.179169128955
3563.0	41	5257.168685198268
3564.0	36	5257.1582017030505
3565.0	37	5257.147718643292
3566.0	47	5257.137236018988
3567.0	42	5257.126753830128
3568.0	36	5257.116272076704
3569.0	46	5257.105790758694
3570.0	33	5257.095309876098
3571.0	39	5257.084829428907
3572.0	31	5257.074349417108
3573.0	48	5257.0638698406965
3574.0	50	5257.0533906996525
3575.0	28	5257.042911993975
3576.0	27	5257.03243372365
3577.0	36	5257.0219558886665
3578.0	32	5257.011478489021
3579.0	41	5257.001001524698
3580.0	33	5256.990524995684
3581.0	37	5256.980048901978
3582.0	36	5256.969573243563
3583.0	41	5256.959098020435
3584.0	36	5256.948623232581
3585.0	26	5256.938148879991
3586.0	38	5256.927674962658
3587.0	43	5256.917201480565
3588.0	47	5256.90672843371
3589.0	27	5256.8962558220765
3590.0	47	5256.885783645665
3591.0	44	5256.875311904451
3592.0	27	5256.864840598436
3593.0	37	5256.8543697276045
3594.0	33	5256.843899291948
3595.0	41	5256.833429291459
3596.0	39	5256.822959726128
3597.0	45	5256.812490595941
3598.0	48	5256.8020219008895
3599.0	28	5256.791553640962
3600.0	30	5256.781085816158
3601.0	41	5256.770618426454
3602.0	36	5256.760151471846
3603.0	38	5256.749684952329
3604.0	38	5256.739218867888
3605.0	48	5256.72875321851
3606.0	37	5256.718288004194
3607.0	26	5256.707823224923
3608.0	44	5256.697358880684
3609.0	49	5256.686894971483
3610.0	42	5256.676431497297
3611.0	39	5256.66596845811
3612.0	34	5256.655505853931
3613.0	35	5256.645043684733
3614.0	31	5256.634581950521
3615.0	34	5256.624120651267
3616.0	42	5256.613659786976
3617.0	46	5256.603199357635
3618.0	45	5256.592739363232
3619.0	26	5256.582279803757
3620.0	43	5256.571820679205
3621.0	40	5256.561361989556
3622.0	37	5256.550903734807
3623.0	33	5256.540445914954
3624.0	37	5256.529988529978
3625.0	48	5256.519531579866
3626.0	33	5256.509075064622
3627.0	31	5256.498618984219
3628.0	41	5256.48816333866
3629.0	32	5256.47770812793
3630.0	38	5256.467253352026
3631.0	47	5256.456799010926
3632.0	41	5256.446345104631
3633.0	37	5256.435891633124
3634.0	42	5256.425438596398
3635.0	38	5256.414985994443
3636.0	38	5256.404533827248
3637.0	30	5256.394082094808
3638.0	36	5256.383630797104
3639.0	35	5256.373179934139
3640.0	32	5256.362729505887
3641.0	33	5256.352279512358
3642.0	45	5256.34182995352
3643.0	40	5256.331380829381
3644.0	36	5256.320932139923
3645.0	40	5256.310483885134
3646.0	38	5256.300036065012
3647.0	45	5256.289588679537
3648.0	48	5256.27914172871
3649.0	34	5256.268695212514
3650.0	38	5256.258249130945
3651.0	38	5256.247803483982
3652.0	33	5256.237358271631
3653.0	38	5256.226913493871
3654.0	41	5256.21646915069
3655.0	32	5256.206025242085
3656.0	42	5256.1955817680455
3657.0	29	5256.185138728558
3658.0	40	5256.174696123619
3659.0	42	5256.164253953215
3660.0	42	5256.1538122173315
3661.0	29	5256.14337091596
3662.0	39	5256.132930049098
3663.0	41	5256.122489616733
3664.0	37	5256.112049618848
3665.0	34	5256.101610055444
3666.0	35	5256.091170926503
3667.0	48	5256.080732232014
3668.0	42	5256.0702939719795
3669.0	30	5256.059856146373
3670.0	35	5256.049418755197
3671.0	33	5256.038981798434
3672.0	33	5256.02854527608
3673.0	49	5256.018109188122
3674.0	34	5256.007673534556
3675.0	28	5255.9972383153545
3676.0	33	5255.986803530532
3677.0	38	5255.976369180059
3678.0	36	5255.965935263939
3679.0	38	5255.955501782153
3680.0	26	5255.945068734698
3681.0	34	5255.93463612156
3682.0	41	5255.9242039427245
3683.0	30	5255.91377219819
3684.0	31	5255.903340887954
3685.0	33	5255.892910011983
3686.0	30	5255.882479570287
3687.0	39	5255.872049562847
3688.0	35	5255.8616199896605
3689.0	32	5255.851190850707
3690.0	37	5255.84076214599
3691.0	39	5255.830333875483
3692.0	34	5255.819906039195
3693.0	24	5255.809478637103
3694.0	25	5255.799051669202
3695.0	38	5255.7886251354785
3696.0	41	5255.778199035929
3697.0	34	5255.767773370533
3698.0	37	5255.757348139297
3699.0	34	5255.746923342195
3700.0	32	5255.736498979227
3701.0	36	5255.726075050376
3702.0	29	5255.7156515556435
3703.0	43	5255.705228495004
3704.0	32	5255.694805868461
3705.0	36	5255.6843836760045
3706.0	41	5255.6739619176105
3707.0	36	5255.663540593288
3708.0	35	5255.653119703009
3709.0	31	5255.642699246773
3710.0	46	5255.632279224574
3711.0	44	5255.621859636396
3712.0	38	5255.611440482237
3713.0	37	5255.60102176207
3714.0	29	5255.590603475906
3715.0	21	5255.5801856237185
3716.0	38	5255.569768205511
3717.0	35	5255.559351221263
3718.0	36	5255.548934670971
3719.0	45	5255.538518554618
3720.0	37	5255.528102872204
3721.0	24	5255.517687623714
3722.0	49	5255.507272809139
3723.0	33	5255.496858428472
3724.0	35	5255.4864444816985
3725.0	47	5255.4760309688
3726.0	39	5255.465617889788
3727.0	29	5255.455205244635
3728.0	42	5255.4447930333445
3729.0	28	5255.434381255899
3730.0	28	5255.423969912285
3731.0	33	5255.413559002499
3732.0	38	5255.40314852653
3733.0	41	5255.392738484366
3734.0	44	5255.382328876003
3735.0	41	5255.371919701422
3736.0	31	5255.361510960617
3737.0	41	5255.351102653587
3738.0	47	5255.340694780304
3739.0	36	5255.330287340777
3740.0	33	5255.319880334982
3741.0	40	5255.309473762923
3742.0	34	5255.299067624578
3743.0	33	5255.288661919938
3744.0	63	5255.278256649004
3745.0	24	5255.267851811751
3746.0	29	5255.257447408183
3747.0	37	5255.247043438279
3748.0	33	5255.236639902038
3749.0	39	5255.226236799444
3750.0	43	5255.215834130489
3751.0	33	5255.205431895168
3752.0	37	5255.19503009346
3753.0	39	5255.184628725365
3754.0	32	5255.174227790874
3755.0	46	5255.163827289971
3756.0	39	5255.153427222652
3757.0	31	5255.143027588896
3758.0	38	5255.132628388708
3759.0	28	5255.1222296220685
3760.0	40	5255.111831288975
3761.0	38	5255.1014333894045
3762.0	35	5255.091035923362
3763.0	37	5255.08063889083
3764.0	34	5255.070242291804
3765.0	43	5255.059846126263
3766.0	37	5255.049450394214
3767.0	37	5255.039055095625
3768.0	32	5255.028660230506
3769.0	24	5255.018265798841
3770.0	37	5255.00787180062
3771.0	34	5254.997478235837
3772.0	44	5254.987085104467
3773.0	30	5254.976692406513
3774.0	38	5254.966300141973
3775.0	32	5254.955908310817
3776.0	26	5254.945516913049
3777.0	40	5254.93512594866
3778.0	35	5254.924735417629
3779.0	22	5254.914345319951
3780.0	25	5254.903955655631
3781.0	34	5254.893566424636
3782.0	32	5254.883177626968
3783.0	28	5254.872789262613
3784.0	35	5254.86240133157
3785.0	43	5254.85201383382
3786.0	48	5254.841626769357
3787.0	33	5254.831240138171
3788.0	36	5254.8208539402585
3789.0	34	5254.81046817559
3790.0	31	5254.800082844179
3791.0	39	5254.789697945998
3792.0	26	5254.779313481052
3793.0	55	5254.768929449319
3794.0	27	5254.758545850799
3795.0	30	5254.748162685469
3796.0	32	5254.7377799533315
3797.0	35	5254.727397654371
3798.0	44	5254.717015788583
3799.0	42	5254.7066343559545
3800.0	38	5254.696253356474
3801.0	23	5254.685872790132
3802.0	43	5254.675492656914
3803.0	45	5254.665112956825
3804.0	29	5254.654733689838
3805.0	29	5254.644354855958
3806.0	38	5254.633976455171
3807.0	34	5254.623598487458
3808.0	35	5254.613220952818
3809.0	36	5254.602843851236
3810.0	30	5254.592467182708
3811.0	33	5254.582090947218
3812.0	33	5254.571715144768
3813.0	35	5254.561339775329
3814.0	39	5254.550964838908
3815.0	40	5254.54059033549
3816.0	39	5254.530216265067
3817.0	34	5254.519842627619
3818.0	31	5254.509469423148
3819.0	26	5254.4990966516425
3820.0	37	5254.488724313085
3821.0	34	5254.478352407476
3822.0	41	5254.467980934799
3823.0	36	5254.457609895043
3824.0	32	5254.447239288202
3825.0	37	5254.436869114273
3826.0	40	5254.426499373228
3827.0	28	5254.416130065073
3828.0	36	5254.405761189794
3829.0	46	5254.395392747374
3830.0	31	5254.385024737815
3831.0	29	5254.374657161097
3832.0	23	5254.364290017219
3833.0	32	5254.3539233061665
3834.0	37	5254.343557027929
3835.0	34	5254.3331911825035
3836.0	40	5254.322825769869
3837.0	34	5254.312460790021
3838.0	45	5254.302096242953
3839.0	38	5254.291732128654
3840.0	32	5254.281368447109
3841.0	43	5254.271005198307
3842.0	28	5254.260642382249
3843.0	37	5254.250279998917
3844.0	28	5254.239918048307
3845.0	32	5254.229556530399
3846.0	29	5254.219195445199
3847.0	38	5254.208834792677
3848.0	34	5254.19847457284
3849.0	36	5254.188114785674
3850.0	40	5254.1777554311675
3851.0	40	5254.1673965093105
3852.0	43	5254.15703802009
3853.0	29	5254.146679963503
3854.0	34	5254.136322339536
3855.0	38	5254.125965148187
3856.0	35	5254.115608389428
3857.0	37	5254.105252063264
3858.0	46	5254.094896169681
3859.0	39	5254.084540708672
3860.0	38	5254.0741856802215
3861.0	33	5254.063831084326
3862.0	35	5254.0534769209735
3863.0	48	5254.0431231901475
3864.0	37	5254.032769891849
3865.0	46	5254.022417026067
3866.0	30	5254.012064592783
3867.0	44	5254.001712591991
3868.0	52	5253.991361023683
3869.0	27	5253.981009887852
3870.0	33	5253.970659184489
3871.0	40	5253.960308913573
3872.0	43	5253.9499590751075
3873.0	37	5253.9396096690725
3874.0	33	5253.92926069546
3875.0	34	5253.9189121542695
3876.0	49	5253.908564045484
3877.0	35	5253.898216369092
3878.0	44	5253.88786912508
3879.0	40	5253.877522313454
3880.0	34	5253.867175934187
3881.0	46	5253.856829987281
3882.0	34	5253.846484472719
3883.0	36	5253.836139390496
3884.0	34	5253.825794740599
3885.0	40	5253.815450523025
3886.0	34	5253.80510673775
3887.0	34	5253.794763384781
3888.0	29	5253.784420464093
3889.0	31	5253.774077975689
3890.0	31	5253.7637359195505
3891.0	47	5253.753394295675
3892.0	33	5253.743053104048
3893.0	36	5253.732712344659
3894.0	36	5253.722372017499
3895.0	39	5253.712032122559
3896.0	45	5253.701692659824
3897.0	24	5253.691353629297
3898.0	34	5253.6810150309575
3899.0	35	5253.670676864801
3900.0	38	5253.660339130811
3901.0	28	5253.650001828988
3902.0	29	5253.639664959308
3903.0	29	5253.62932852178
3904.0	44	5253.618992516379
3905.0	43	5253.608656943102
3906.0	42	5253.598321801934
3907.0	41	5253.587987092873
3908.0	38	5253.5776528159
3909.0	50	5253.56731897101
3910.0	31	5253.556985558201
3911.0	39	5253.54665257745
3912.0	27	5253.536320028751
3913.0	34	5253.525987912102
3914.0	43	5253.515656227488
3915.0	33	5253.505324974888
3916.0	40	5253.494994154314
3917.0	45	5253.484663765738
3918.0	23	5253.474333809165
3919.0	30	5253.464004284575
3920.0	34	5253.453675191956
3921.0	36	5253.443346531307
3922.0	35	5253.433018302612
3923.0	41	5253.42269050587
3924.0	24	5253.412363141053
3925.0	36	5253.402036208173
3926.0	37	5253.391709707211
3927.0	38	5253.381383638147
3928.0	43	5253.371058000992
3929.0	36	5253.360732795714
3930.0	39	5253.350408022321
3931.0	42	5253.340083680796
3932.0	34	5253.3297597711335
3933.0	39	5253.319436293316
3934.0	31	5253.30911324734
3935.0	29	5253.298790633184
3936.0	35	5253.288468450861
3937.0	32	5253.2781467003415
3938.0	41	5253.267825381618
3939.0	31	5253.257504494692
3940.0	41	5253.247184039545
3941.0	44	5253.236864016172
3942.0	34	5253.226544424555
3943.0	37	5253.2162252646895
3944.0	35	5253.205906536571
3945.0	31	5253.195588240182
3946.0	34	5253.185270375516
3947.0	41	5253.174952942562
3948.0	36	5253.164635941312
3949.0	42	5253.154319371752
3950.0	40	5253.144003233877
3951.0	28	5253.133687527675
3952.0	35	5253.123372253138
3953.0	43	5253.113057410251
3954.0	37	5253.102742999012
3955.0	40	5253.092429019408
3956.0	34	5253.082115471429
3957.0	20	5253.071802355061
3958.0	32	5253.061489670304
3959.0	40	5253.051177417142
3960.0	37	5253.040865595559
3961.0	23	5253.030554205558
3962.0	47	5253.020243247126
3963.0	38	5253.009932720245
3964.0	41	5252.999622624913
3965.0	28	5252.989312961124
3966.0	35	5252.979003728858
3967.0	34	5252.968694928104
3968.0	35	5252.958386558865
3969.0	24	5252.948078621118
3970.0	22	5252.937771114862
3971.0	39	5252.927464040088
3972.0	42	5252.917157396783
3973.0	33	5252.90685118493
3974.0	40	5252.896545404533
3975.0	35	5252.886240055576
3976.0	31	5252.875935138044
3977.0	21	5252.865630651941
3978.0	43	5252.855326597243
3979.0	25	5252.845022973944
3980.0	30	5252.834719782037
3981.0	37	5252.8244170215185
3982.0	30	5252.814114692363
3983.0	37	5252.803812794573
3984.0	30	5252.7935113281355
3985.0	31	5252.783210293035
3986.0	35	5252.772909689274
3987.0	35	5252.762609516832
3988.0	34	5252.752309775704
3989.0	33	5252.742010465882
3990.0	40	5252.731711587352
3991.0	52	5252.721413140102
3992.0	40	5252.711115124138
3993.0	39	5252.700817539432
3994.0	38	5252.690520385972
3995.0	40	5252.6802236637695
3996.0	26	5252.669927372798
3997.0	38	5252.6596315130555
3998.0	40	5252.649336084521
3999.0	47	5252.639041087195
4000.0	36	5252.628746521072
4001.0	42	5252.618452386128
4002.0	37	5252.60815868237
4003.0	41	5252.59786540977
4004.0	34	5252.587572568331
4005.0	33	5252.5772801580415
4006.0	41	5252.566988178889
4007.0	36	5252.556696630866
4008.0	35	5252.546405513958
4009.0	50	5252.536114828162
4010.0	29	5252.525824573465
4011.0	34	5252.515534749858
4012.0	32	5252.5052453573335
4013.0	36	5252.494956395867
4014.0	33	5252.484667865478
4015.0	41	5252.474379766124
4016.0	28	5252.464092097823
4017.0	40	5252.453804860549
4018.0	38	5252.44351805429
4019.0	29	5252.433231679051
4020.0	41	5252.422945734811
4021.0	44	5252.41266022156
4022.0	32	5252.402375139302
4023.0	35	5252.392090488007
4024.0	38	5252.3818062676755
4025.0	35	5252.371522478301
4026.0	47	5252.361239119865
4027.0	25	5252.350956192369
4028.0	31	5252.340673695799
4029.0	42	5252.330391630138
4030.0	41	5252.3201099953785
4031.0	42	5252.309828791522
4032.0	40	5252.29954801855
4033.0	37	5252.28926767645
4034.0	27	5252.278987765222
4035.0	35	5252.268708284842
4036.0	27	5252.258429235315
4037.0	39	5252.248150616622
4038.0	32	5252.237872428753
4039.0	37	5252.227594671703
4040.0	27	5252.21731734546
4041.0	38	5252.20704045002
4042.0	39	5252.196763985366
4043.0	37	5252.1864879514915
4044.0	32	5252.1762123483795
4045.0	30	5252.1659371760325
4046.0	40	5252.155662434438
4047.0	45	5252.145388123573
4048.0	40	5252.13511424345
4049.0	46	5252.124840794033
4050.0	35	5252.114567775338
4051.0	41	5252.10429518734
4052.0	31	5252.094023030033
4053.0	44	5252.083751303407
4054.0	21	5252.073480007457
4055.0	39	5252.063209142166
4056.0	37	5252.052938707522
4057.0	30	5252.042668703526
4058.0	39	5252.03239913016
4059.0	30	5252.022129987423
4060.0	44	5252.0118612752985
4061.0	38	5252.001592993772
4062.0	30	5251.991325142844
4063.0	38	5251.981057722497
4064.0	38	5251.970790732727
4065.0	39	5251.960524173522
4066.0	35	5251.9502580448725
4067.0	31	5251.939992346764
4068.0	39	5251.929727079194
4069.0	38	5251.919462242151
4070.0	41	5251.90919783563
4071.0	39	5251.898933859606
4072.0	36	5251.8886703140815
4073.0	32	5251.878407199053
4074.0	34	5251.868144514494
4075.0	51	5251.8578822603995
4076.0	34	5251.847620436767
4077.0	43	5251.837359043586
4078.0	39	5251.827098080842
4079.0	31	5251.816837548525
4080.0	36	5251.806577446631
4081.0	43	5251.796317775142
4082.0	31	5251.7860585340595
4083.0	29	5251.775799723358
4084.0	39	5251.765541343043
4085.0	30	5251.755283393099
4086.0	47	5251.745025873517
4087.0	34	5251.734768784286
4088.0	31	5251.724512125393
4089.0	35	5251.714255896835
4090.0	41	5251.7040000986
4091.0	28	5251.693744730676
4092.0	40	5251.683489793055
4093.0	43	5251.673235285728
4094.0	45	5251.662981208686
4095.0	39	5251.652727561917
4096.0	30	5251.642474345412
4097.0	39	5251.632221559162
4098.0	39	5251.621969203154
4099.0	27	5251.611717277386
4100.0	38	5251.601465781842
4101.0	37	5251.591214716512
4102.0	28	5251.580964081387
4103.0	46	5251.57071387646
4104.0	38	5251.560464101726
4105.0	34	5251.550214757158
4106.0	46	5251.539965842766
4107.0	47	5251.529717358527
4108.0	37	5251.519469304432
4109.0	34	5251.509221680481
4110.0	36	5251.498974486661
4111.0	37	5251.488727722954
4112.0	31	5251.478481389362
4113.0	32	5251.468235485867
4114.0	47	5251.457990012458
4115.0	30	5251.44774496913
4116.0	21	5251.437500355879
4117.0	41	5251.4272561726875
4118.0	43	5251.4170124195425
4119.0	29	5251.406769096439
4120.0	30	5251.396526203369
4121.0	36	5251.386283740319
4122.0	36	5251.376041707285
4123.0	26	5251.365800104249
4124.0	34	5251.355558931212
4125.0	38	5251.34531818815
4126.0	33	5251.335077875066
4127.0	38	5251.324837991948
4128.0	38	5251.314598538785
4129.0	30	5251.304359515565
4130.0	32	5251.294120922276
4131.0	40	5251.283882758918
4132.0	41	5251.273645025466
4133.0	32	5251.263407721929
4134.0	43	5251.253170848285
4135.0	33	5251.242934404529
4136.0	33	5251.232698390645
4137.0	45	5251.222462806633
4138.0	34	5251.212227652481
4139.0	34	5251.201992928169
4140.0	39	5251.191758633698
4141.0	34	5251.181524769062
4142.0	37	5251.171291334235
4143.0	40	5251.161058329222
4144.0	34	5251.1508257540045
4145.0	28	5251.140593608583
4146.0	34	5251.130361892939
4147.0	36	5251.120130607063
4148.0	38	5251.10989975095
4149.0	38	5251.09966932459
4150.0	32	5251.0894393279605
4151.0	36	5251.0792097610765
4152.0	35	5251.068980623902
4153.0	34	5251.058751916447
4154.0	38	5251.048523638696
4155.0	31	5251.038295790634
4156.0	37	5251.02806837226
4157.0	30	5251.017841383552
4158.0	35	5251.007614824516
4159.0	31	5250.997388695132
4160.0	41	5250.987162995388
4161.0	39	5250.9769377252815
4162.0	32	5250.9667128848005
4163.0	40	5250.956488473939
4164.0	38	5250.946264492674
4165.0	17	5250.936040941015
4166.0	45	5250.925817818936
4167.0	32	5250.915595126439
4168.0	39	5250.905372863506
4169.0	29	5250.895151030133
4170.0	38	5250.884929626302
4171.0	29	5250.874708652014
4172.0	43	5250.864488107254
4173.0	40	5250.854267992016
4174.0	45	5250.84404830628
4175.0	27	5250.833829050049
4176.0	39	5250.823610223307
4177.0	36	5250.813391826041
4178.0	29	5250.803173858246
4179.0	33	5250.792956319921
4180.0	38	5250.782739211037
4181.0	42	5250.772522531598
4182.0	29	5250.762306281593
4183.0	34	5250.75209046101
4184.0	32	5250.741875069838
4185.0	40	5250.731660108065
4186.0	27	5250.721445575688
4187.0	42	5250.7112314726955
4188.0	37	5250.701017799082
4189.0	41	5250.6908045548225
4190.0	43	5250.680591739921
4191.0	32	5250.670379354373
4192.0	45	5250.660167398152
4193.0	35	5250.649955871261
4194.0	43	5250.639744773681
4195.0	34	5250.629534105408
4196.0	23	5250.619323866433
4197.0	26	5250.60911405675
4198.0	26	5250.598904676339
4199.0	35	5250.58869572519
4200.0	31	5250.578487203306
4201.0	31	5250.568279110669
4202.0	29	5250.5580714472735
4203.0	33	5250.547864213104
4204.0	40	5250.537657408153
4205.0	44	5250.527451032416
4206.0	34	5250.517245085877
4207.0	39	5250.507039568524
4208.0	29	5250.496834480359
4209.0	33	5250.4866298213565
4210.0	31	5250.47642559152
4211.0	31	5250.466221790836
4212.0	35	5250.456018419298
4213.0	34	5250.44581547689
4214.0	27	5250.435612963596
4215.0	47	5250.425410879427
4216.0	39	5250.415209224359
4217.0	33	5250.40500799838
4218.0	44	5250.39480720149
4219.0	30	5250.38460683367
4220.0	36	5250.374406894917
4221.0	38	5250.364207385218
4222.0	36	5250.354008304571
4223.0	36	5250.343809652955
4224.0	37	5250.333611430363
4225.0	38	5250.323413636795
4226.0	36	5250.313216272223
4227.0	30	5250.303019336654
4228.0	25	5250.292822830075
4229.0	46	5250.282626752474
4230.0	29	5250.272431103841
4231.0	37	5250.262235884163
4232.0	42	5250.252041093438
4233.0	37	5250.241846731653
4234.0	44	5250.231652798797
4235.0	40	5250.2214592948585
4236.0	42	5250.211266219834
4237.0	45	5250.201073573705
4238.0	31	5250.190881356476
4239.0	47	5250.180689568122
4240.0	36	5250.170498208639
4241.0	31	5250.160307278028
4242.0	22	5250.15011677626
4243.0	34	5250.139926703335
4244.0	41	5250.129737059247
4245.0	37	5250.119547843985
4246.0	37	5250.109359057537
4247.0	38	5250.099170699892
4248.0	37	5250.088982771039
4249.0	32	5250.078795270975
4250.0	32	5250.0686081996855
4251.0	32	5250.058421557154
4252.0	35	5250.048235343392
4253.0	40	5250.0380495583695
4254.0	42	5250.027864202079
4255.0	40	5250.017679274523
4256.0	28	5250.007494775689
4257.0	48	5249.997310705559
4258.0	42	5249.987127064122
4259.0	41	5249.976943851382
4260.0	30	5249.96676106731
4261.0	28	5249.956578711919
4262.0	30	5249.946396785184
4263.0	27	5249.936215287096
4264.0	46	5249.926034217657
4265.0	27	5249.915853576845
4266.0	34	5249.9056733646485
4267.0	39	5249.895493581072
4268.0	34	5249.885314226096
4269.0	19	5249.87513529971
4270.0	36	5249.864956801908
4271.0	60	5249.854778732673
4272.0	48	5249.84460109201
4273.0	35	5249.834423879897
4274.0	34	5249.8242470963305
4275.0	27	5249.8140707413
4276.0	33	5249.803894814794
4277.0	29	5249.793719316803
4278.0	30	5249.7835442473115
4279.0	38	5249.773369606325
4280.0	24	5249.763195393818
4281.0	32	5249.753021609794
4282.0	28	5249.742848254233
4283.0	30	5249.732675327131
4284.0	33	5249.722502828478
4285.0	27	5249.712330758269
4286.0	39	5249.7021591164785
4287.0	38	5249.691987903115
4288.0	34	5249.681817118155
4289.0	36	5249.671646761594
4290.0	28	5249.661476833427
4291.0	47	5249.651307333643
4292.0	32	5249.641138262225
4293.0	42	5249.630969619172
4294.0	42	5249.620801404471
4295.0	28	5249.6106336181065
4296.0	46	5249.600466260084
4297.0	35	5249.590299330376
4298.0	28	5249.580132828985
4299.0	34	5249.569966755896
4300.0	31	5249.559801111101
4301.0	34	5249.5496358945975
4302.0	41	5249.53947110636
4303.0	44	5249.529306746391
4304.0	36	5249.519142814672
4305.0	36	5249.508979311208
4306.0	49	5249.498816235977
4307.0	24	5249.48865358897
4308.0	31	5249.4784913701815
4309.0	31	5249.468329579601
4310.0	36	5249.458168217219
4311.0	29	5249.448007283028
4312.0	37	5249.437846777011
4313.0	34	5249.427686699164
4314.0	35	5249.417527049475
4315.0	38	5249.407367827941
4316.0	33	5249.397209034543
4317.0	26	5249.3870506692765
4318.0	32	5249.376892732132
4319.0	38	5249.366735223095
4320.0	42	5249.356578142162
4321.0	50	5249.346421489324
4322.0	30	5249.33626526456
4323.0	39	5249.326109467883
4324.0	34	5249.315954099257
4325.0	34	5249.305799158686
4326.0	30	5249.295644646161
4327.0	31	5249.285490561675
4328.0	37	5249.275336905211
4329.0	37	5249.265183676757
4330.0	32	5249.255030876316
4331.0	40	5249.244878503864
4332.0	36	5249.234726559401
4333.0	35	5249.224575042917
4334.0	28	5249.214423954395
4335.0	39	5249.204273293836
4336.0	29	5249.194123061223
4337.0	36	5249.183973256551
4338.0	39	5249.173823879802
4339.0	43	5249.163674930978
4340.0	41	5249.153526410055
4341.0	33	5249.143378317041
4342.0	29	5249.133230651914
4343.0	35	5249.123083414666
4344.0	47	5249.112936605286
4345.0	24	5249.102790223773
4346.0	38	5249.092644270113
4347.0	39	5249.082498744295
4348.0	28	5249.072353646302
4349.0	44	5249.0622089761355
4350.0	35	5249.052064733784
4351.0	29	5249.041920919238
4352.0	34	5249.031777532485
4353.0	31	5249.02163457352
4354.0	44	5249.011492042326
4355.0	24	5249.001349938898
4356.0	33	5248.991208263225
4357.0	36	5248.981067015296
4358.0	29	5248.970926195106
4359.0	37	5248.960785802645
4360.0	33	5248.950645837901
4361.0	32	5248.940506300862
4362.0	45	5248.930367191518
4363.0	40	5248.92022850987
4364.0	33	5248.910090255893
4365.0	37	5248.899952429594
4366.0	44	5248.889815030949
4367.0	44	5248.879678059957
4368.0	34	5248.869541516606
4369.0	41	5248.859405400883
4370.0	36	5248.849269712786
4371.0	39	5248.839134452297
4372.0	35	5248.82899961941
4373.0	34	5248.818865214122
4374.0	36	5248.808731236407
4375.0	30	5248.798597686275
4376.0	36	5248.7884645637005
4377.0	35	5248.77833186868
4378.0	24	5248.768199601208
4379.0	34	5248.758067761267
4380.0	41	5248.747936348852
4381.0	41	5248.737805363954
4382.0	28	5248.727674806566
4383.0	38	5248.7175446766705
4384.0	41	5248.707414974258
4385.0	35	5248.697285699331
4386.0	39	5248.687156851867
4387.0	27	5248.677028431867
4388.0	27	5248.666900439311
4389.0	46	5248.656772874193
4390.0	47	5248.646645736503
4391.0	29	5248.636519026238
4392.0	38	5248.626392743377
4393.0	40	5248.616266887926
4394.0	26	5248.606141459857
4395.0	35	5248.596016459175
4396.0	37	5248.585891885867
4397.0	42	5248.575767739914
4398.0	28	5248.565644021322
4399.0	25	5248.55552073007
4400.0	34	5248.545397866147
4401.0	29	5248.535275429551
4402.0	39	5248.525153420275
4403.0	44	5248.515031838295
4404.0	43	5248.504910683613
4405.0	33	5248.494789956218
4406.0	38	5248.484669656101
4407.0	44	5248.474549783247
4408.0	37	5248.4644303376535
4409.0	58	5248.454311319304
4410.0	45	5248.444192728199
4411.0	32	5248.434074564313
4412.0	43	5248.423956827649
4413.0	27	5248.413839518197
4414.0	48	5248.403722635939
4415.0	31	5248.393606180875
4416.0	37	5248.383490152991
4417.0	36	5248.373374552278
4418.0	32	5248.363259378729
4419.0	43	5248.353144632322
4420.0	35	5248.343030313063
4421.0	42	5248.332916420939
4422.0	35	5248.322802955931
4423.0	33	5248.312689918044
4424.0	44	5248.302577307251
4425.0	42	5248.2924651235635
4426.0	32	5248.282353366953
4427.0	40	5248.27224203742
4428.0	40	5248.262131134948
4429.0	41	5248.252020659537
4430.0	37	5248.241910611167
4431.0	30	5248.231800989841
4432.0	47	5248.221691795534
4433.0	33	5248.211583028247
4434.0	40	5248.201474687971
4435.0	47	5248.191366774694
4436.0	35	5248.181259288404
4437.0	30	5248.1711522290925
4438.0	32	5248.161045596751
4439.0	46	5248.150939391365
4440.0	30	5248.140833612933
4441.0	40	5248.1307282614425
4442.0	43	5248.120623336887
4443.0	38	5248.110518839253
4444.0	39	5248.1004147685235
4445.0	41	5248.090311124701
4446.0	38	5248.080207907768
4447.0	45	5248.07010511772
4448.0	35	5248.060002754554
4449.0	30	5248.049900818243
4450.0	34	5248.03979930879
4451.0	35	5248.029698226177
4452.0	26	5248.019597570408
4453.0	38	5248.009497341464
4454.0	40	5247.999397539331
4455.0	33	5247.98929816401
4456.0	34	5247.979199215485
4457.0	38	5247.969100693741
4458.0	40	5247.959002598785
4459.0	28	5247.948904930594
4460.0	48	5247.938807689156
4461.0	43	5247.928710874474
4462.0	41	5247.91861448653
4463.0	31	5247.908518525318
4464.0	29	5247.898422990828
4465.0	40	5247.8883278830435
4466.0	29	5247.878233201966
4467.0	43	5247.868138947582
4468.0	38	5247.858045119876
4469.0	38	5247.847951718843
4470.0	32	5247.837858744472
4471.0	36	5247.827766196765
4472.0	35	5247.817674075691
4473.0	37	5247.807582381258
4474.0	26	5247.797491113449
4475.0	41	5247.787400272252
4476.0	32	5247.777309857665
4477.0	38	5247.767219869667
4478.0	39	5247.757130308263
4479.0	45	5247.747041173439
4480.0	34	5247.73695246518
4481.0	41	5247.726864183479
4482.0	31	5247.716776328327
4483.0	47	5247.7066888997115
4484.0	33	5247.696601897628
4485.0	28	5247.68651532206
4486.0	24	5247.676429173008
4487.0	31	5247.666343450454
4488.0	41	5247.6562581543885
4489.0	33	5247.646173284816
4490.0	30	5247.636088841706
4491.0	42	5247.626004825057
4492.0	37	5247.615921234865
4493.0	34	5247.605838071119
4494.0	45	5247.595755333807
4495.0	36	5247.585673022918
4496.0	25	5247.575591138441
4497.0	35	5247.565509680371
4498.0	43	5247.555428648699
4499.0	39	5247.545348043412
4500.0	39	5247.535267864499
4501.0	32	5247.525188111955
4502.0	32	5247.5151087857685
4503.0	27	5247.505029885931
4504.0	33	5247.494951412437
4505.0	39	5247.48487336526
4506.0	34	5247.47479574441
4507.0	39	5247.464718549871
4508.0	35	5247.454641781629
4509.0	42	5247.444565439675
4510.0	40	5247.434489524009
4511.0	30	5247.424414034611
4512.0	36	5247.414338971479
4513.0	39	5247.404264334596
4514.0	42	5247.394190123957
4515.0	40	5247.3841163395455
4516.0	42	5247.374042981363
4517.0	35	5247.363970049393
4518.0	41	5247.353897543636
4519.0	34	5247.343825464061
4520.0	39	5247.333753810685
4521.0	36	5247.3236825834765
4522.0	30	5247.313611782437
4523.0	37	5247.303541407554
4524.0	37	5247.293471458819
4525.0	41	5247.283401936227
4526.0	28	5247.273332839759
4527.0	33	5247.263264169411
4528.0	35	5247.253195925165
4529.0	35	5247.243128107031
4530.0	37	5247.233060714976
4531.0	40	5247.22299374901
4532.0	35	5247.212927209111
4533.0	39	5247.202861095276
4534.0	48	5247.19279540749
4535.0	36	5247.182730145751
4536.0	35	5247.172665310044
4537.0	46	5247.162600900358
4538.0	33	5247.152536916683
4539.0	40	5247.142473359016
4540.0	36	5247.132410227344
4541.0	41	5247.122347521657
4542.0	33	5247.1122852419485
4543.0	42	5247.102223388203
4544.0	26	5247.092161960416
4545.0	35	5247.082100958581
4546.0	36	5247.0720403826745
4547.0	38	5247.0619802327
4548.0	38	5247.051920508645
4549.0	37	5247.041861210499
4550.0	39	5247.031802338249
4551.0	36	5247.0217438918935
4552.0	42	5247.01168587142
4553.0	43	5247.00162827681
4554.0	30	5246.991571108068
4555.0	38	5246.981514365173
4556.0	37	5246.971458048122
4557.0	38	5246.961402156906
4558.0	43	5246.95134669151
4559.0	36	5246.941291651932
4560.0	47	5246.931237038154
4561.0	46	5246.921182850171
4562.0	30	5246.911129087981
4563.0	32	5246.901075751562
4564.0	38	5246.891022840904
4565.0	28	5246.8809703560055
4566.0	24	5246.870918296858
4567.0	32	5246.860866663441
4568.0	40	5246.850815455753
4569.0	32	5246.840764673792
4570.0	30	5246.8307143175325
4571.0	37	5246.820664386972
4572.0	27	5246.810614882103
4573.0	36	5246.800565802916
4574.0	40	5246.7905171494
4575.0	40	5246.780468921544
4576.0	35	5246.770421119335
4577.0	32	5246.760373742772
4578.0	35	5246.750326791841
4579.0	32	5246.740280266538
4580.0	38	5246.730234166847
4581.0	28	5246.7201884927545
4582.0	42	5246.710143244265
4583.0	32	5246.700098421353
4584.0	43	5246.6900540240185
4585.0	34	5246.680010052255
4586.0	34	5246.6699665060405
4587.0	33	5246.659923385379
4588.0	42	5246.649880690247
4589.0	37	5246.639838420651
4590.0	34	5246.62979657657
4591.0	33	5246.6197551580035
4592.0	44	5246.609714164927
4593.0	36	5246.59967359735
4594.0	47	5246.589633455249
4595.0	43	5246.579593738618
4596.0	30	5246.569554447447
4597.0	33	5246.559515581732
4598.0	27	5246.549477141452
4599.0	39	5246.5394391266145
4600.0	38	5246.529401537191
4601.0	44	5246.519364373185
4602.0	52	5246.509327634585
4603.0	37	5246.499291321381
4604.0	34	5246.489255433554
4605.0	31	5246.479219971114
4606.0	31	5246.469184934034
4607.0	31	5246.459150322306
4608.0	38	5246.449116135932
4609.0	35	5246.439082374892
4610.0	45	5246.429049039182
4611.0	23	5246.419016128795
4612.0	39	5246.408983643713
4613.0	30	5246.398951583932
4614.0	33	5246.388919949434
4615.0	35	5246.37888874022
4616.0	24	5246.368857956284
4617.0	35	5246.358827597599
4618.0	31	5246.348797664171
4619.0	37	5246.338768155987
4620.0	27	5246.328739073037
4621.0	22	5246.318710415308
4622.0	35	5246.308682182789
4623.0	47	5246.298654375485
4624.0	38	5246.288626993369
4625.0	30	5246.278600036439
4626.0	29	5246.268573504687
4627.0	36	5246.258547398097
4628.0	33	5246.248521716665
4629.0	29	5246.23849646038
4630.0	41	5246.228471629237
4631.0	42	5246.218447223218
4632.0	34	5246.208423242319
4633.0	38	5246.19839968653
4634.0	33	5246.188376555838
4635.0	28	5246.1783538502405
4636.0	28	5246.168331569724
4637.0	36	5246.158309714278
4638.0	26	5246.1482882838945
4639.0	35	5246.138267278558
4640.0	38	5246.128246698274
4641.0	31	5246.118226543015
4642.0	37	5246.108206812781
4643.0	42	5246.098187507563
4644.0	38	5246.088168627352
4645.0	50	5246.07815017213
4646.0	29	5246.0681321419015
4647.0	30	5246.058114536645
4648.0	36	5246.048097356357
4649.0	30	5246.038080601023
4650.0	34	5246.028064270641
4651.0	26	5246.018048365194
4652.0	25	5246.00803288468
4653.0	52	5245.998017829085
4654.0	41	5245.988003198395
4655.0	39	5245.977988992608
4656.0	34	5245.9679752117145
4657.0	34	5245.957961855697
4658.0	36	5245.947948924552
4659.0	39	5245.937936418275
4660.0	36	5245.927924336847
4661.0	29	5245.917912680264
4662.0	41	5245.907901448515
4663.0	46	5245.897890641588
4664.0	32	5245.887880259474
4665.0	32	5245.877870302165
4666.0	44	5245.867860769655
4667.0	35	5245.857851661936
4668.0	50	5245.847842978983
4669.0	33	5245.83783472081
4670.0	41	5245.827826887386
4671.0	30	5245.817819478711
4672.0	39	5245.807812494779
4673.0	49	5245.797805935571
4674.0	36	5245.7877998010845
4675.0	38	5245.777794091315
4676.0	40	5245.767788806238
4677.0	39	5245.757783945861
4678.0	34	5245.747779510155
4679.0	34	5245.737775499127
4680.0	40	5245.727771912768
4681.0	37	5245.717768751058
4682.0	37	5245.7077660139885
4683.0	26	5245.697763701558
4684.0	37	5245.687761813746
4685.0	28	5245.6777603505525
4686.0	35	5245.6677593119675
4687.0	54	5245.657758697979
4688.0	36	5245.647758508576
4689.0	39	5245.6377587437555
4690.0	34	5245.627759403498
4691.0	37	5245.617760487799
4692.0	34	5245.60776199665
4693.0	41	5245.597763930037
4694.0	38	5245.5877662879575
4695.0	27	5245.5777690704
4696.0	38	5245.567772277353
4697.0	39	5245.557775908811
4698.0	42	5245.547779964759
4699.0	26	5245.537784445183
4700.0	38	5245.527789350086
4701.0	39	5245.517794679452
4702.0	39	5245.507800433276
4703.0	48	5245.49780661154
4704.0	34	5245.487813214246
4705.0	41	5245.47782024137
4706.0	37	5245.467827692912
4707.0	44	5245.457835568864
4708.0	35	5245.447843869213
4709.0	35	5245.437852593949
4710.0	39	5245.427861743061
4711.0	33	5245.417871316545
4712.0	40	5245.407881314386
4713.0	42	5245.397891736579
4714.0	30	5245.387902583109
4715.0	34	5245.377913853974
4716.0	31	5245.36792554916
4717.0	46	5245.357937668658
4718.0	43	5245.347950212464
4719.0	33	5245.337963180557
4720.0	37	5245.32797657293
4721.0	32	5245.317990389583
4722.0	35	5245.3080046304985
4723.0	36	5245.298019295674
4724.0	34	5245.288034385088
4725.0	27	5245.278049898739
4726.0	40	5245.2680658366235
4727.0	41	5245.258082198721
4728.0	39	5245.248098985028
4729.0	37	5245.2381161955345
4730.0	33	5245.228133830227
4731.0	25	5245.218151889097
4732.0	36	5245.208170372139
4733.0	33	5245.198189279342
4734.0	40	5245.188208610695
4735.0	34	5245.178228366195
4736.0	44	5245.168248545822
4737.0	38	5245.158269149571
4738.0	37	5245.148290177435
4739.0	38	5245.1383116294
4740.0	37	5245.128333505461
4741.0	47	5245.118355805609
4742.0	38	5245.1083785298315
4743.0	42	5245.098401678117
4744.0	38	5245.088425250462
4745.0	40	5245.078449246857
4746.0	35	5245.068473667282
4747.0	33	5245.05849851174
4748.0	37	5245.048523780212
4749.0	37	5245.038549472697
4750.0	31	5245.028575589181
4751.0	42	5245.018602129652
4752.0	22	5245.00862909411
4753.0	39	5244.998656482533
4754.0	41	5244.988684294926
4755.0	32	5244.978712531262
4756.0	35	5244.9687411915465
4757.0	32	5244.958770275759
4758.0	26	5244.948799783896
4759.0	30	5244.938829715954
4760.0	26	5244.928860071915
4761.0	34	5244.918890851765
4762.0	39	5244.908922055504
4763.0	29	5244.898953683126
4764.0	38	5244.888985734606
4765.0	38	5244.8790182099465
4766.0	31	5244.869051109138
4767.0	42	5244.859084432166
4768.0	37	5244.849118179023
4769.0	26	5244.839152349702
4770.0	31	5244.829186944187
4771.0	39	5244.81922196248
4772.0	33	5244.809257404556
4773.0	39	5244.799293270417
4774.0	34	5244.789329560054
4775.0	46	5244.779366273455
4776.0	39	5244.769403410606
4777.0	34	5244.759440971499
4778.0	38	5244.749478956131
4779.0	46	5244.739517364487
4780.0	44	5244.729556196558
4781.0	41	5244.719595452334
4782.0	37	5244.70963513181
4783.0	36	5244.699675234965
4784.0	46	5244.689715761806
4785.0	35	5244.679756712313
4786.0	40	5244.669798086485
4787.0	33	5244.659839884297
4788.0	37	5244.649882105757
4789.0	43	5244.639924750847
4790.0	36	5244.629967819554
4791.0	40	5244.620011311874
4792.0	40	5244.610055227796
4793.0	35	5244.60009956731
4794.0	39	5244.590144330412
4795.0	35	5244.580189517082
4796.0	39	5244.570235127324
4797.0	31	5244.560281161113
4798.0	38	5244.550327618453
4799.0	34	5244.54037449933
4800.0	51	5244.530421803727
4801.0	40	5244.520469531648
4802.0	45	5244.510517683075
4803.0	44	5244.500566257996
4804.0	40	5244.490615256414
4805.0	36	5244.48066467831
4806.0	30	5244.470714523667
4807.0	31	5244.460764792496
4808.0	29	5244.450815484768
4809.0	33	5244.440866600491
4810.0	32	5244.430918139636
4811.0	30	5244.420970102207
4812.0	32	5244.411022488193
4813.0	37	5244.401075297584
4814.0	34	5244.391128530367
4815.0	42	5244.381182186538
4816.0	31	5244.371236266082
4817.0	34	5244.36129076899
4818.0	35	5244.351345695261
4819.0	47	5244.3414010448705
4820.0	33	5244.331456817827
4821.0	41	5244.321513014104
4822.0	34	5244.311569633707
4823.0	39	5244.301626676618
4824.0	35	5244.291684142829
4825.0	39	5244.281742032326
4826.0	28	5244.271800345111
4827.0	41	5244.261859081165
4828.0	37	5244.251918240477
4829.0	40	5244.241977823044
4830.0	31	5244.2320378288605
4831.0	40	5244.222098257902
4832.0	31	5244.212159110171
4833.0	37	5244.202220385657
4834.0	34	5244.192282084349
4835.0	35	5244.182344206242
4836.0	32	5244.172406751311
4837.0	36	5244.162469719567
4838.0	41	5244.152533110985
4839.0	43	5244.142596925566
4840.0	42	5244.132661163294
4841.0	31	5244.122725824156
4842.0	35	5244.112790908155
4843.0	41	5244.102856415276
4844.0	31	5244.092922345504
4845.0	36	5244.082988698837
4846.0	37	5244.0730554752545
4847.0	32	5244.063122674764
4848.0	36	5244.05319029735
4849.0	36	5244.043258342989
4850.0	36	5244.033326811691
4851.0	31	5244.023395703439
4852.0	33	5244.01346501822
4853.0	40	5244.003534756024
4854.0	36	5243.993604916846
4855.0	37	5243.9836755006845
4856.0	40	5243.97374650751
4857.0	26	5243.963817937329
4858.0	36	5243.9538897901275
4859.0	34	5243.943962065898
4860.0	25	5243.934034764627
4861.0	25	5243.924107886303
4862.0	44	5243.9141814309305
4863.0	45	5243.904255398476
4864.0	38	5243.894329788958
4865.0	34	5243.884404602344
4866.0	32	5243.8744798386415
4867.0	49	5243.8645554978275
4868.0	43	5243.854631579899
4869.0	35	5243.844708084849
4870.0	32	5243.834785012663
4871.0	35	5243.824862363333
4872.0	41	5243.814940136858
4873.0	41	5243.805018333212
4874.0	49	5243.795096952396
4875.0	33	5243.785175994403
4876.0	21	5243.775255459217
4877.0	39	5243.76533534683
4878.0	34	5243.755415657238
4879.0	34	5243.745496390421
4880.0	43	5243.735577546384
4881.0	34	5243.725659125108
4882.0	30	5243.715741126582
4883.0	28	5243.705823550801
4884.0	51	5243.6959063977465
4885.0	34	5243.685989667433
4886.0	34	5243.676073359823
4887.0	25	5243.666157474922
4888.0	33	5243.6562420127175
4889.0	52	5243.646326973199
4890.0	33	5243.636412356357
4891.0	35	5243.626498162193
4892.0	29	5243.616584390681
4893.0	35	5243.606671041818
4894.0	21	5243.596758115593
4895.0	47	5243.5868456120015
4896.0	40	5243.576933531033
4897.0	34	5243.567021872669
4898.0	37	5243.55711063692
4899.0	36	5243.5471998237535
4900.0	27	5243.537289433178
4901.0	33	5243.52737946517
4902.0	21	5243.517469919733
4903.0	32	5243.507560796847
4904.0	37	5243.497652096508
4905.0	42	5243.487743818709
4906.0	35	5243.477835963433
4907.0	42	5243.467928530673
4908.0	29	5243.458021520423
4909.0	39	5243.448114932674
4910.0	31	5243.43820876742
4911.0	38	5243.428303024635
4912.0	38	5243.418397704324
4913.0	35	5243.408492806483
4914.0	30	5243.398588331085
4915.0	42	5243.388684278128
4916.0	40	5243.378780647606
4917.0	33	5243.368877439516
4918.0	23	5243.358974653833
4919.0	25	5243.349072290553
4920.0	37	5243.339170349672
