time	whole_blood_radioactivity	plasma_radioactivity
-6290.0	25	0.0
-6289.0	24	0.0
-6288.0	36	0.0
-6287.0	20	0.0
-6286.0	33	0.0
-6285.0	40	0.0
-6284.0	32	0.0
-6283.0	38	0.0
-6282.0	31	0.0
-6281.0	21	0.0
-6280.0	38	0.0
-6279.0	35	0.0
-6278.0	32	0.0
-6277.0	30	0.0
-6276.0	31	0.0
-6275.0	34	0.0
-6274.0	38	0.0
-6273.0	32	0.0
-6272.0	24	0.0
-6271.0	39	0.0
-6270.0	25	0.0
-6269.0	26	0.0
-6268.0	30	0.0
-6267.0	30	0.0
-6266.0	39	0.0
-6265.0	34	0.0
-6264.0	31	0.0
-6263.0	32	0.0
-6262.0	33	0.0
-6261.0	34	0.0
-6260.0	30	0.0
-6259.0	37	0.0
-6258.0	27	0.0
-6257.0	27	0.0
-6256.0	46	0.0
-6255.0	31	0.0
-6254.0	30	0.0
-6253.0	29	0.0
-6252.0	36	0.0
-6251.0	32	0.0
-6250.0	37	0.0
-6249.0	29	0.0
-6248.0	31	0.0
-6247.0	30	0.0
-6246.0	44	0.0
-6245.0	39	0.0
-6244.0	40	0.0
-6243.0	28	0.0
-6242.0	32	0.0
-6241.0	30	0.0
-6240.0	33	0.0
-6239.0	37	0.0
-6238.0	37	0.0
-6237.0	33	0.0
-6236.0	40	0.0
-6235.0	24	0.0
-6234.0	29	0.0
-6233.0	29	0.0
-6232.0	46	0.0
-6231.0	33	0.0
-6230.0	23	0.0
-6229.0	35	0.0
-6228.0	35	0.0
-6227.0	38	0.0
-6226.0	32	0.0
-6225.0	31	0.0
-6224.0	28	0.0
-6223.0	32	0.0
-6222.0	45	0.0
-6221.0	44	0.0
-6220.0	38	0.0
-6219.0	29	0.0
-6218.0	39	0.0
-6217.0	35	0.0
-6216.0	31	0.0
-6215.0	43	0.0
-6214.0	29	0.0
-6213.0	27	0.0
-6212.0	35	0.0
-6211.0	29	0.0
-6210.0	32	0.0
-6209.0	25	0.0
-6208.0	35	0.0
-6207.0	29	0.0
-6206.0	36	0.0
-6205.0	34	0.0
-6204.0	39	0.0
-6203.0	39	0.0
-6202.0	20	0.0
-6201.0	30	0.0
-6200.0	31	0.0
-6199.0	31	0.0
-6198.0	39	0.0
-6197.0	30	0.0
-6196.0	27	0.0
-6195.0	24	0.0
-6194.0	50	0.0
-6193.0	22	0.0
-6192.0	42	0.0
-6191.0	40	0.0
-6190.0	25	0.0
-6189.0	31	0.0
-6188.0	30	0.0
-6187.0	25	0.0
-6186.0	35	0.0
-6185.0	26	0.0
-6184.0	47	0.0
-6183.0	27	0.0
-6182.0	39	0.0
-6181.0	27	0.0
-6180.0	49	0.0
-6179.0	32	0.0
-6178.0	37	0.0
-6177.0	33	0.0
-6176.0	32	0.0
-6175.0	41	0.0
-6174.0	31	0.0
-6173.0	34	0.0
-6172.0	31	0.0
-6171.0	29	0.0
-6170.0	35	0.0
-6169.0	31	0.0
-6168.0	44	0.0
-6167.0	25	0.0
-6166.0	30	0.0
-6165.0	30	0.0
-6164.0	38	0.0
-6163.0	35	0.0
-6162.0	35	0.0
-6161.0	32	0.0
-6160.0	39	0.0
-6159.0	32	0.0
-6158.0	29	0.0
-6157.0	39	0.0
-6156.0	38	0.0
-6155.0	32	0.0
-6154.0	34	0.0
-6153.0	29	0.0
-6152.0	32	0.0
-6151.0	39	0.0
-6150.0	29	0.0
-6149.0	32	0.0
-6148.0	40	0.0
-6147.0	29	0.0
-6146.0	29	0.0
-6145.0	25	0.0
-6144.0	45	0.0
-6143.0	34	0.0
-6142.0	27	0.0
-6141.0	36	0.0
-6140.0	35	0.0
-6139.0	23	0.0
-6138.0	34	0.0
-6137.0	35	0.0
-6136.0	32	0.0
-6135.0	47	0.0
-6134.0	27	0.0
-6133.0	35	0.0
-6132.0	36	0.0
-6131.0	36	0.0
-6130.0	39	0.0
-6129.0	29	0.0
-6128.0	46	0.0
-6127.0	23	0.0
-6126.0	25	0.0
-6125.0	28	0.0
-6124.0	25	0.0
-6123.0	37	0.0
-6122.0	29	0.0
-6121.0	34	0.0
-6120.0	34	0.0
-6119.0	29	0.0
-6118.0	36	0.0
-6117.0	36	0.0
-6116.0	31	0.0
-6115.0	29	0.0
-6114.0	40	0.0
-6113.0	29	0.0
-6112.0	35	0.0
-6111.0	36	0.0
-6110.0	31	0.0
-6109.0	29	0.0
-6108.0	26	0.0
-6107.0	40	0.0
-6106.0	30	0.0
-6105.0	33	0.0
-6104.0	30	0.0
-6103.0	29	0.0
-6102.0	35	0.0
-6101.0	45	0.0
-6100.0	33	0.0
-6099.0	38	0.0
-6098.0	29	0.0
-6097.0	34	0.0
-6096.0	32	0.0
-6095.0	33	0.0
-6094.0	33	0.0
-6093.0	30	0.0
-6092.0	32	0.0
-6091.0	32	0.0
-6090.0	33	0.0
-6089.0	30	0.0
-6088.0	33	0.0
-6087.0	39	0.0
-6086.0	37	0.0
-6085.0	32	0.0
-6084.0	34	0.0
-6083.0	35	0.0
-6082.0	44	0.0
-6081.0	35	0.0
-6080.0	28	0.0
-6079.0	40	0.0
-6078.0	26	0.0
-6077.0	31	0.0
-6076.0	47	0.0
-6075.0	36	0.0
-6074.0	25	0.0
-6073.0	33	0.0
-6072.0	28	0.0
-6071.0	36	0.0
-6070.0	33	0.0
-6069.0	37	0.0
-6068.0	35	0.0
-6067.0	27	0.0
-6066.0	39	0.0
-6065.0	32	0.0
-6064.0	31	0.0
-6063.0	28	0.0
-6062.0	30	0.0
-6061.0	24	0.0
-6060.0	32	0.0
-6059.0	39	0.0
-6058.0	29	0.0
-6057.0	25	0.0
-6056.0	29	0.0
-6055.0	34	0.0
-6054.0	33	0.0
-6053.0	43	0.0
-6052.0	33	0.0
-6051.0	38	0.0
-6050.0	27	0.0
-6049.0	32	0.0
-6048.0	44	0.0
-6047.0	38	0.0
-6046.0	30	0.0
-6045.0	30	0.0
-6044.0	24	0.0
-6043.0	32	0.0
-6042.0	26	0.0
-6041.0	41	0.0
-6040.0	33	0.0
-6039.0	35	0.0
-6038.0	35	0.0
-6037.0	29	0.0
-6036.0	25	0.0
-6035.0	31	0.0
-6034.0	27	0.0
-6033.0	30	0.0
-6032.0	36	0.0
-6031.0	35	0.0
-6030.0	33	0.0
-6029.0	33	0.0
-6028.0	41	0.0
-6027.0	28	0.0
-6026.0	30	0.0
-6025.0	52	0.0
-6024.0	32	0.0
-6023.0	37	0.0
-6022.0	22	0.0
-6021.0	32	0.0
-6020.0	40	0.0
-6019.0	29	0.0
-6018.0	33	0.0
-6017.0	29	0.0
-6016.0	37	0.0
-6015.0	27	0.0
-6014.0	37	0.0
-6013.0	27	0.0
-6012.0	27	0.0
-6011.0	26	0.0
-6010.0	32	0.0
-6009.0	28	0.0
-6008.0	30	0.0
-6007.0	24	0.0
-6006.0	31	0.0
-6005.0	29	0.0
-6004.0	41	0.0
-6003.0	31	0.0
-6002.0	34	0.0
-6001.0	38	0.0
-6000.0	38	0.0
-5999.0	41	0.0
-5998.0	28	0.0
-5997.0	33	0.0
-5996.0	24	0.0
-5995.0	22	0.0
-5994.0	25	0.0
-5993.0	27	0.0
-5992.0	38	0.0
-5991.0	42	0.0
-5990.0	40	0.0
-5989.0	47	0.0
-5988.0	26	0.0
-5987.0	30	0.0
-5986.0	39	0.0
-5985.0	37	0.0
-5984.0	35	0.0
-5983.0	25	0.0
-5982.0	28	0.0
-5981.0	38	0.0
-5980.0	37	0.0
-5979.0	33	0.0
-5978.0	32	0.0
-5977.0	32	0.0
-5976.0	37	0.0
-5975.0	32	0.0
-5974.0	38	0.0
-5973.0	32	0.0
-5972.0	27	0.0
-5971.0	35	0.0
-5970.0	17	0.0
-5969.0	39	0.0
-5968.0	24	0.0
-5967.0	39	0.0
-5966.0	20	0.0
-5965.0	23	0.0
-5964.0	29	0.0
-5963.0	27	0.0
-5962.0	28	0.0
-5961.0	33	0.0
-5960.0	20	0.0
-5959.0	30	0.0
-5958.0	34	0.0
-5957.0	35	0.0
-5956.0	35	0.0
-5955.0	39	0.0
-5954.0	30	0.0
-5953.0	29	0.0
-5952.0	41	0.0
-5951.0	24	0.0
-5950.0	26	0.0
-5949.0	27	0.0
-5948.0	32	0.0
-5947.0	37	0.0
-5946.0	29	0.0
-5945.0	30	0.0
-5944.0	27	0.0
-5943.0	33	0.0
-5942.0	32	0.0
-5941.0	37	0.0
-5940.0	28	0.0
-5939.0	40	0.0
-5938.0	39	0.0
-5937.0	33	0.0
-5936.0	35	0.0
-5935.0	24	0.0
-5934.0	28	0.0
-5933.0	37	0.0
-5932.0	32	0.0
-5931.0	33	0.0
-5930.0	34	0.0
-5929.0	41	0.0
-5928.0	34	0.0
-5927.0	38	0.0
-5926.0	39	0.0
-5925.0	43	0.0
-5924.0	37	0.0
-5923.0	38	0.0
-5922.0	35	0.0
-5921.0	19	0.0
-5920.0	37	0.0
-5919.0	35	0.0
-5918.0	37	0.0
-5917.0	38	0.0
-5916.0	30	0.0
-5915.0	30	0.0
-5914.0	29	0.0
-5913.0	30	0.0
-5912.0	32	0.0
-5911.0	39	0.0
-5910.0	39	0.0
-5909.0	31	0.0
-5908.0	29	0.0
-5907.0	28	0.0
-5906.0	35	0.0
-5905.0	25	0.0
-5904.0	28	0.0
-5903.0	26	0.0
-5902.0	33	0.0
-5901.0	39	0.0
-5900.0	27	0.0
-5899.0	32	0.0
-5898.0	41	0.0
-5897.0	33	0.0
-5896.0	17	0.0
-5895.0	43	0.0
-5894.0	36	0.0
-5893.0	32	0.0
-5892.0	29	0.0
-5891.0	29	0.0
-5890.0	31	0.0
-5889.0	31	0.0
-5888.0	33	0.0
-5887.0	32	0.0
-5886.0	31	0.0
-5885.0	39	0.0
-5884.0	36	0.0
-5883.0	33	0.0
-5882.0	39	0.0
-5881.0	28	0.0
-5880.0	37	0.0
-5879.0	32	0.0
-5878.0	30	0.0
-5877.0	37	0.0
-5876.0	30	0.0
-5875.0	31	0.0
-5874.0	22	0.0
-5873.0	31	0.0
-5872.0	25	0.0
-5871.0	32	0.0
-5870.0	25	0.0
-5869.0	26	0.0
-5868.0	36	0.0
-5867.0	37	0.0
-5866.0	27	0.0
-5865.0	30	0.0
-5864.0	38	0.0
-5863.0	32	0.0
-5862.0	37	0.0
-5861.0	29	0.0
-5860.0	33	0.0
-5859.0	42	0.0
-5858.0	30	0.0
-5857.0	38	0.0
-5856.0	33	0.0
-5855.0	46	0.0
-5854.0	40	0.0
-5853.0	26	0.0
-5852.0	25	0.0
-5851.0	29	0.0
-5850.0	27	0.0
-5849.0	32	0.0
-5848.0	36	0.0
-5847.0	30	0.0
-5846.0	32	0.0
-5845.0	37	0.0
-5844.0	35	0.0
-5843.0	51	0.0
-5842.0	32	0.0
-5841.0	24	0.0
-5840.0	31	0.0
-5839.0	36	0.0
-5838.0	33	0.0
-5837.0	31	0.0
-5836.0	38	0.0
-5835.0	27	0.0
-5834.0	30	0.0
-5833.0	26	0.0
-5832.0	23	0.0
-5831.0	36	0.0
-5830.0	38	0.0
-5829.0	36	0.0
-5828.0	36	0.0
-5827.0	26	0.0
-5826.0	32	0.0
-5825.0	35	0.0
-5824.0	38	0.0
-5823.0	25	0.0
-5822.0	26	0.0
-5821.0	29	0.0
-5820.0	24	0.0
-5819.0	38	0.0
-5818.0	39	0.0
-5817.0	31	0.0
-5816.0	34	0.0
-5815.0	29	0.0
-5814.0	40	0.0
-5813.0	44	0.0
-5812.0	34	0.0
-5811.0	45	0.0
-5810.0	33	0.0
-5809.0	30	0.0
-5808.0	34	0.0
-5807.0	33	0.0
-5806.0	36	0.0
-5805.0	35	0.0
-5804.0	17	0.0
-5803.0	31	0.0
-5802.0	37	0.0
-5801.0	31	0.0
-5800.0	33	0.0
-5799.0	39	0.0
-5798.0	31	0.0
-5797.0	33	0.0
-5796.0	31	0.0
-5795.0	29	0.0
-5794.0	29	0.0
-5793.0	26	0.0
-5792.0	32	0.0
-5791.0	40	0.0
-5790.0	24	0.0
-5789.0	38	0.0
-5788.0	29	0.0
-5787.0	32	0.0
-5786.0	39	0.0
-5785.0	33	0.0
-5784.0	39	0.0
-5783.0	32	0.0
-5782.0	28	0.0
-5781.0	28	0.0
-5780.0	23	0.0
-5779.0	30	0.0
-5778.0	27	0.0
-5777.0	32	0.0
-5776.0	31	0.0
-5775.0	30	0.0
-5774.0	36	0.0
-5773.0	32	0.0
-5772.0	31	0.0
-5771.0	34	0.0
-5770.0	29	0.0
-5769.0	45	0.0
-5768.0	37	0.0
-5767.0	25	0.0
-5766.0	35	0.0
-5765.0	31	0.0
-5764.0	31	0.0
-5763.0	34	0.0
-5762.0	31	0.0
-5761.0	22	0.0
-5760.0	36	0.0
-5759.0	29	0.0
-5758.0	31	0.0
-5757.0	44	0.0
-5756.0	37	0.0
-5755.0	27	0.0
-5754.0	33	0.0
-5753.0	36	0.0
-5752.0	18	0.0
-5751.0	37	0.0
-5750.0	31	0.0
-5749.0	40	0.0
-5748.0	32	0.0
-5747.0	36	0.0
-5746.0	32	0.0
-5745.0	39	0.0
-5744.0	34	0.0
-5743.0	36	0.0
-5742.0	39	0.0
-5741.0	33	0.0
-5740.0	34	0.0
-5739.0	31	0.0
-5738.0	24	0.0
-5737.0	31	0.0
-5736.0	26	0.0
-5735.0	29	0.0
-5734.0	32	0.0
-5733.0	23	0.0
-5732.0	27	0.0
-5731.0	41	0.0
-5730.0	28	0.0
-5729.0	41	0.0
-5728.0	44	0.0
-5727.0	27	0.0
-5726.0	23	0.0
-5725.0	27	0.0
-5724.0	27	0.0
-5723.0	31	0.0
-5722.0	32	0.0
-5721.0	33	0.0
-5720.0	39	0.0
-5719.0	32	0.0
-5718.0	42	0.0
-5717.0	30	0.0
-5716.0	42	0.0
-5715.0	27	0.0
-5714.0	33	0.0
-5713.0	34	0.0
-5712.0	40	0.0
-5711.0	32	0.0
-5710.0	40	0.0
-5709.0	41	0.0
-5708.0	42	0.0
-5707.0	20	0.0
-5706.0	29	0.0
-5705.0	29	0.0
-5704.0	41	0.0
-5703.0	31	0.0
-5702.0	38	0.0
-5701.0	33	0.0
-5700.0	42	0.0
-5699.0	25	0.0
-5698.0	25	0.0
-5697.0	39	0.0
-5696.0	31	0.0
-5695.0	26	0.0
-5694.0	29	0.0
-5693.0	47	0.0
-5692.0	26	0.0
-5691.0	29	0.0
-5690.0	28	0.0
-5689.0	43	0.0
-5688.0	33	0.0
-5687.0	36	0.0
-5686.0	33	0.0
-5685.0	31	0.0
-5684.0	37	0.0
-5683.0	35	0.0
-5682.0	34	0.0
-5681.0	39	0.0
-5680.0	35	0.0
-5679.0	31	0.0
-5678.0	24	0.0
-5677.0	24	0.0
-5676.0	33	0.0
-5675.0	29	0.0
-5674.0	27	0.0
-5673.0	35	0.0
-5672.0	41	0.0
-5671.0	43	0.0
-5670.0	26	0.0
-5669.0	44	0.0
-5668.0	37	0.0
-5667.0	25	0.0
-5666.0	38	0.0
-5665.0	40	0.0
-5664.0	30	0.0
-5663.0	38	0.0
-5662.0	26	0.0
-5661.0	38	0.0
-5660.0	36	0.0
-5659.0	43	0.0
-5658.0	29	0.0
-5657.0	38	0.0
-5656.0	34	0.0
-5655.0	28	0.0
-5654.0	42	0.0
-5653.0	26	0.0
-5652.0	22	0.0
-5651.0	30	0.0
-5650.0	34	0.0
-5649.0	33	0.0
-5648.0	33	0.0
-5647.0	27	0.0
-5646.0	27	0.0
-5645.0	41	0.0
-5644.0	23	0.0
-5643.0	36	0.0
-5642.0	27	0.0
-5641.0	45	0.0
-5640.0	35	0.0
-5639.0	37	0.0
-5638.0	28	0.0
-5637.0	25	0.0
-5636.0	42	0.0
-5635.0	28	0.0
-5634.0	38	0.0
-5633.0	25	0.0
-5632.0	26	0.0
-5631.0	42	0.0
-5630.0	39	0.0
-5629.0	26	0.0
-5628.0	30	0.0
-5627.0	33	0.0
-5626.0	27	0.0
-5625.0	35	0.0
-5624.0	30	0.0
-5623.0	25	0.0
-5622.0	28	0.0
-5621.0	34	0.0
-5620.0	35	0.0
-5619.0	36	0.0
-5618.0	34	0.0
-5617.0	29	0.0
-5616.0	38	0.0
-5615.0	32	0.0
-5614.0	29	0.0
-5613.0	23	0.0
-5612.0	30	0.0
-5611.0	35	0.0
-5610.0	35	0.0
-5609.0	34	0.0
-5608.0	35	0.0
-5607.0	36	0.0
-5606.0	32	0.0
-5605.0	26	0.0
-5604.0	39	0.0
-5603.0	31	0.0
-5602.0	27	0.0
-5601.0	42	0.0
-5600.0	27	0.0
-5599.0	16	0.0
-5598.0	34	0.0
-5597.0	34	0.0
-5596.0	45	0.0
-5595.0	37	0.0
-5594.0	25	0.0
-5593.0	26	0.0
-5592.0	28	0.0
-5591.0	34	0.0
-5590.0	42	0.0
-5589.0	31	0.0
-5588.0	32	0.0
-5587.0	31	0.0
-5586.0	30	0.0
-5585.0	28	0.0
-5584.0	30	0.0
-5583.0	47	0.0
-5582.0	27	0.0
-5581.0	30	0.0
-5580.0	34	0.0
-5579.0	34	0.0
-5578.0	31	0.0
-5577.0	35	0.0
-5576.0	33	0.0
-5575.0	30	0.0
-5574.0	38	0.0
-5573.0	25	0.0
-5572.0	37	0.0
-5571.0	22	0.0
-5570.0	47	0.0
-5569.0	39	0.0
-5568.0	35	0.0
-5567.0	39	0.0
-5566.0	25	0.0
-5565.0	47	0.0
-5564.0	31	0.0
-5563.0	30	0.0
-5562.0	31	0.0
-5561.0	40	0.0
-5560.0	36	0.0
-5559.0	40	0.0
-5558.0	39	0.0
-5557.0	25	0.0
-5556.0	30	0.0
-5555.0	33	0.0
-5554.0	36	0.0
-5553.0	23	0.0
-5552.0	30	0.0
-5551.0	31	0.0
-5550.0	31	0.0
-5549.0	33	0.0
-5548.0	30	0.0
-5547.0	34	0.0
-5546.0	41	0.0
-5545.0	42	0.0
-5544.0	34	0.0
-5543.0	38	0.0
-5542.0	26	0.0
-5541.0	29	0.0
-5540.0	35	0.0
-5539.0	26	0.0
-5538.0	38	0.0
-5537.0	33	0.0
-5536.0	27	0.0
-5535.0	26	0.0
-5534.0	39	0.0
-5533.0	30	0.0
-5532.0	28	0.0
-5531.0	41	0.0
-5530.0	34	0.0
-5529.0	49	0.0
-5528.0	32	0.0
-5527.0	33	0.0
-5526.0	30	0.0
-5525.0	40	0.0
-5524.0	32	0.0
-5523.0	31	0.0
-5522.0	31	0.0
-5521.0	33	0.0
-5520.0	38	0.0
-5519.0	33	0.0
-5518.0	31	0.0
-5517.0	29	0.0
-5516.0	31	0.0
-5515.0	41	0.0
-5514.0	24	0.0
-5513.0	33	0.0
-5512.0	29	0.0
-5511.0	34	0.0
-5510.0	29	0.0
-5509.0	30	0.0
-5508.0	22	0.0
-5507.0	32	0.0
-5506.0	17	0.0
-5505.0	29	0.0
-5504.0	36	0.0
-5503.0	30	0.0
-5502.0	29	0.0
-5501.0	35	0.0
-5500.0	39	0.0
-5499.0	41	0.0
-5498.0	53	0.0
-5497.0	36	0.0
-5496.0	27	0.0
-5495.0	29	0.0
-5494.0	29	0.0
-5493.0	19	0.0
-5492.0	32	0.0
-5491.0	32	0.0
-5490.0	25	0.0
-5489.0	37	0.0
-5488.0	26	0.0
-5487.0	33	0.0
-5486.0	21	0.0
-5485.0	39	0.0
-5484.0	38	0.0
-5483.0	31	0.0
-5482.0	25	0.0
-5481.0	42	0.0
-5480.0	35	0.0
-5479.0	44	0.0
-5478.0	41	0.0
-5477.0	43	0.0
-5476.0	31	0.0
-5475.0	35	0.0
-5474.0	24	0.0
-5473.0	37	0.0
-5472.0	33	0.0
-5471.0	42	0.0
-5470.0	29	0.0
-5469.0	23	0.0
-5468.0	29	0.0
-5467.0	29	0.0
-5466.0	31	0.0
-5465.0	34	0.0
-5464.0	35	0.0
-5463.0	30	0.0
-5462.0	33	0.0
-5461.0	34	0.0
-5460.0	24	0.0
-5459.0	33	0.0
-5458.0	31	0.0
-5457.0	39	0.0
-5456.0	34	0.0
-5455.0	28	0.0
-5454.0	30	0.0
-5453.0	34	0.0
-5452.0	24	0.0
-5451.0	32	0.0
-5450.0	36	0.0
-5449.0	23	0.0
-5448.0	28	0.0
-5447.0	30	0.0
-5446.0	38	0.0
-5445.0	43	0.0
-5444.0	31	0.0
-5443.0	27	0.0
-5442.0	38	0.0
-5441.0	36	0.0
-5440.0	29	0.0
-5439.0	35	0.0
-5438.0	42	0.0
-5437.0	31	0.0
-5436.0	28	0.0
-5435.0	29	0.0
-5434.0	28	0.0
-5433.0	16	0.0
-5432.0	40	0.0
-5431.0	30	0.0
-5430.0	28	0.0
-5429.0	30	0.0
-5428.0	17	0.0
-5427.0	38	0.0
-5426.0	38	0.0
-5425.0	29	0.0
-5424.0	33	0.0
-5423.0	28	0.0
-5422.0	32	0.0
-5421.0	39	0.0
-5420.0	38	0.0
-5419.0	24	0.0
-5418.0	28	0.0
-5417.0	30	0.0
-5416.0	27	0.0
-5415.0	32	0.0
-5414.0	28	0.0
-5413.0	40	0.0
-5412.0	28	0.0
-5411.0	36	0.0
-5410.0	35	0.0
-5409.0	27	0.0
-5408.0	33	0.0
-5407.0	30	0.0
-5406.0	28	0.0
-5405.0	39	0.0
-5404.0	32	0.0
-5403.0	32	0.0
-5402.0	26	0.0
-5401.0	38	0.0
-5400.0	32	0.0
-5399.0	25	0.0
-5398.0	27	0.0
-5397.0	37	0.0
-5396.0	39	0.0
-5395.0	37	0.0
-5394.0	38	0.0
-5393.0	28	0.0
-5392.0	30	0.0
-5391.0	24	0.0
-5390.0	26	0.0
-5389.0	24	0.0
-5388.0	33	0.0
-5387.0	34	0.0
-5386.0	37	0.0
-5385.0	34	0.0
-5384.0	33	0.0
-5383.0	25	0.0
-5382.0	41	0.0
-5381.0	44	0.0
-5380.0	27	0.0
-5379.0	36	0.0
-5378.0	36	0.0
-5377.0	33	0.0
-5376.0	23	0.0
-5375.0	38	0.0
-5374.0	42	0.0
-5373.0	31	0.0
-5372.0	27	0.0
-5371.0	38	0.0
-5370.0	31	0.0
-5369.0	28	0.0
-5368.0	38	0.0
-5367.0	33	0.0
-5366.0	26	0.0
-5365.0	28	0.0
-5364.0	39	0.0
-5363.0	31	0.0
-5362.0	39	0.0
-5361.0	27	0.0
-5360.0	37	0.0
-5359.0	32	0.0
-5358.0	29	0.0
-5357.0	32	0.0
-5356.0	32	0.0
-5355.0	33	0.0
-5354.0	32	0.0
-5353.0	29	0.0
-5352.0	35	0.0
-5351.0	40	0.0
-5350.0	29	0.0
-5349.0	19	0.0
-5348.0	41	0.0
-5347.0	26	0.0
-5346.0	33	0.0
-5345.0	29	0.0
-5344.0	26	0.0
-5343.0	29	0.0
-5342.0	26	0.0
-5341.0	32	0.0
-5340.0	44	0.0
-5339.0	21	0.0
-5338.0	31	0.0
-5337.0	28	0.0
-5336.0	28	0.0
-5335.0	33	0.0
-5334.0	32	0.0
-5333.0	28	0.0
-5332.0	32	0.0
-5331.0	33	0.0
-5330.0	27	0.0
-5329.0	33	0.0
-5328.0	39	0.0
-5327.0	29	0.0
-5326.0	31	0.0
-5325.0	28	0.0
-5324.0	40	0.0
-5323.0	32	0.0
-5322.0	38	0.0
-5321.0	28	0.0
-5320.0	34	0.0
-5319.0	35	0.0
-5318.0	40	0.0
-5317.0	34	0.0
-5316.0	30	0.0
-5315.0	36	0.0
-5314.0	25	0.0
-5313.0	42	0.0
-5312.0	39	0.0
-5311.0	35	0.0
-5310.0	33	0.0
-5309.0	29	0.0
-5308.0	40	0.0
-5307.0	31	0.0
-5306.0	24	0.0
-5305.0	38	0.0
-5304.0	38	0.0
-5303.0	36	0.0
-5302.0	29	0.0
-5301.0	37	0.0
-5300.0	28	0.0
-5299.0	27	0.0
-5298.0	27	0.0
-5297.0	33	0.0
-5296.0	42	0.0
-5295.0	24	0.0
-5294.0	34	0.0
-5293.0	32	0.0
-5292.0	25	0.0
-5291.0	30	0.0
-5290.0	32	0.0
-5289.0	25	0.0
-5288.0	27	0.0
-5287.0	38	0.0
-5286.0	38	0.0
-5285.0	32	0.0
-5284.0	40	0.0
-5283.0	28	0.0
-5282.0	26	0.0
-5281.0	29	0.0
-5280.0	42	0.0
-5279.0	27	0.0
-5278.0	33	0.0
-5277.0	29	0.0
-5276.0	35	0.0
-5275.0	36	0.0
-5274.0	37	0.0
-5273.0	35	0.0
-5272.0	37	0.0
-5271.0	31	0.0
-5270.0	27	0.0
-5269.0	31	0.0
-5268.0	35	0.0
-5267.0	26	0.0
-5266.0	33	0.0
-5265.0	41	0.0
-5264.0	41	0.0
-5263.0	33	0.0
-5262.0	38	0.0
-5261.0	28	0.0
-5260.0	38	0.0
-5259.0	32	0.0
-5258.0	27	0.0
-5257.0	34	0.0
-5256.0	34	0.0
-5255.0	26	0.0
-5254.0	28	0.0
-5253.0	33	0.0
-5252.0	24	0.0
-5251.0	31	0.0
-5250.0	31	0.0
-5249.0	29	0.0
-5248.0	36	0.0
-5247.0	31	0.0
-5246.0	25	0.0
-5245.0	35	0.0
-5244.0	34	0.0
-5243.0	29	0.0
-5242.0	31	0.0
-5241.0	39	0.0
-5240.0	35	0.0
-5239.0	30	0.0
-5238.0	32	0.0
-5237.0	34	0.0
-5236.0	35	0.0
-5235.0	33	0.0
-5234.0	40	0.0
-5233.0	31	0.0
-5232.0	38	0.0
-5231.0	39	0.0
-5230.0	34	0.0
-5229.0	31	0.0
-5228.0	24	0.0
-5227.0	32	0.0
-5226.0	29	0.0
-5225.0	30	0.0
-5224.0	36	0.0
-5223.0	31	0.0
-5222.0	30	0.0
-5221.0	38	0.0
-5220.0	32	0.0
-5219.0	32	0.0
-5218.0	29	0.0
-5217.0	27	0.0
-5216.0	32	0.0
-5215.0	25	0.0
-5214.0	21	0.0
-5213.0	34	0.0
-5212.0	37	0.0
-5211.0	41	0.0
-5210.0	33	0.0
-5209.0	34	0.0
-5208.0	35	0.0
-5207.0	33	0.0
-5206.0	28	0.0
-5205.0	44	0.0
-5204.0	28	0.0
-5203.0	40	0.0
-5202.0	34	0.0
-5201.0	37	0.0
-5200.0	35	0.0
-5199.0	28	0.0
-5198.0	33	0.0
-5197.0	39	0.0
-5196.0	35	0.0
-5195.0	18	0.0
-5194.0	32	0.0
-5193.0	40	0.0
-5192.0	24	0.0
-5191.0	35	0.0
-5190.0	25	0.0
-5189.0	23	0.0
-5188.0	31	0.0
-5187.0	30	0.0
-5186.0	29	0.0
-5185.0	32	0.0
-5184.0	27	0.0
-5183.0	46	0.0
-5182.0	49	0.0
-5181.0	26	0.0
-5180.0	44	0.0
-5179.0	29	0.0
-5178.0	33	0.0
-5177.0	31	0.0
-5176.0	32	0.0
-5175.0	32	0.0
-5174.0	29	0.0
-5173.0	31	0.0
-5172.0	34	0.0
-5171.0	27	0.0
-5170.0	33	0.0
-5169.0	38	0.0
-5168.0	33	0.0
-5167.0	26	0.0
-5166.0	28	0.0
-5165.0	38	0.0
-5164.0	25	0.0
-5163.0	33	0.0
-5162.0	41	0.0
-5161.0	28	0.0
-5160.0	37	0.0
-5159.0	19	0.0
-5158.0	38	0.0
-5157.0	29	0.0
-5156.0	30	0.0
-5155.0	28	0.0
-5154.0	27	0.0
-5153.0	29	0.0
-5152.0	26	0.0
-5151.0	27	0.0
-5150.0	44	0.0
-5149.0	43	0.0
-5148.0	32	0.0
-5147.0	22	0.0
-5146.0	29	0.0
-5145.0	22	0.0
-5144.0	43	0.0
-5143.0	34	0.0
-5142.0	30	0.0
-5141.0	34	0.0
-5140.0	31	0.0
-5139.0	27	0.0
-5138.0	32	0.0
-5137.0	40	0.0
-5136.0	31	0.0
-5135.0	24	0.0
-5134.0	29	0.0
-5133.0	26	0.0
-5132.0	37	0.0
-5131.0	50	0.0
-5130.0	21	0.0
-5129.0	33	0.0
-5128.0	40	0.0
-5127.0	24	0.0
-5126.0	18	0.0
-5125.0	34	0.0
-5124.0	27	0.0
-5123.0	37	0.0
-5122.0	25	0.0
-5121.0	31	0.0
-5120.0	27	0.0
-5119.0	27	0.0
-5118.0	25	0.0
-5117.0	38	0.0
-5116.0	22	0.0
-5115.0	29	0.0
-5114.0	31	0.0
-5113.0	32	0.0
-5112.0	24	0.0
-5111.0	45	0.0
-5110.0	32	0.0
-5109.0	23	0.0
-5108.0	37	0.0
-5107.0	44	0.0
-5106.0	28	0.0
-5105.0	27	0.0
-5104.0	38	0.0
-5103.0	33	0.0
-5102.0	26	0.0
-5101.0	29	0.0
-5100.0	28	0.0
-5099.0	30	0.0
-5098.0	30	0.0
-5097.0	31	0.0
-5096.0	33	0.0
-5095.0	42	0.0
-5094.0	41	0.0
-5093.0	38	0.0
-5092.0	30	0.0
-5091.0	31	0.0
-5090.0	33	0.0
-5089.0	39	0.0
-5088.0	25	0.0
-5087.0	30	0.0
-5086.0	25	0.0
-5085.0	28	0.0
-5084.0	31	0.0
-5083.0	29	0.0
-5082.0	21	0.0
-5081.0	29	0.0
-5080.0	31	0.0
-5079.0	31	0.0
-5078.0	31	0.0
-5077.0	41	0.0
-5076.0	25	0.0
-5075.0	43	0.0
-5074.0	20	0.0
-5073.0	36	0.0
-5072.0	31	0.0
-5071.0	27	0.0
-5070.0	27	0.0
-5069.0	33	0.0
-5068.0	34	0.0
-5067.0	30	0.0
-5066.0	37	0.0
-5065.0	31	0.0
-5064.0	32	0.0
-5063.0	27	0.0
-5062.0	25	0.0
-5061.0	37	0.0
-5060.0	34	0.0
-5059.0	44	0.0
-5058.0	27	0.0
-5057.0	40	0.0
-5056.0	29	0.0
-5055.0	40	0.0
-5054.0	27	0.0
-5053.0	37	0.0
-5052.0	36	0.0
-5051.0	36	0.0
-5050.0	29	0.0
-5049.0	20	0.0
-5048.0	33	0.0
-5047.0	24	0.0
-5046.0	41	0.0
-5045.0	30	0.0
-5044.0	36	0.0
-5043.0	34	0.0
-5042.0	25	0.0
-5041.0	39	0.0
-5040.0	39	0.0
-5039.0	31	0.0
-5038.0	18	0.0
-5037.0	33	0.0
-5036.0	37	0.0
-5035.0	41	0.0
-5034.0	31	0.0
-5033.0	24	0.0
-5032.0	38	0.0
-5031.0	30	0.0
-5030.0	33	0.0
-5029.0	28	0.0
-5028.0	34	0.0
-5027.0	38	0.0
-5026.0	27	0.0
-5025.0	27	0.0
-5024.0	30	0.0
-5023.0	29	0.0
-5022.0	24	0.0
-5021.0	30	0.0
-5020.0	37	0.0
-5019.0	31	0.0
-5018.0	37	0.0
-5017.0	39	0.0
-5016.0	29	0.0
-5015.0	26	0.0
-5014.0	39	0.0
-5013.0	28	0.0
-5012.0	29	0.0
-5011.0	32	0.0
-5010.0	29	0.0
-5009.0	28	0.0
-5008.0	30	0.0
-5007.0	39	0.0
-5006.0	25	0.0
-5005.0	40	0.0
-5004.0	25	0.0
-5003.0	42	0.0
-5002.0	29	0.0
-5001.0	27	0.0
-5000.0	38	0.0
-4999.0	38	0.0
-4998.0	36	0.0
-4997.0	37	0.0
-4996.0	35	0.0
-4995.0	34	0.0
-4994.0	30	0.0
-4993.0	31	0.0
-4992.0	38	0.0
-4991.0	36	0.0
-4990.0	39	0.0
-4989.0	26	0.0
-4988.0	33	0.0
-4987.0	46	0.0
-4986.0	31	0.0
-4985.0	39	0.0
-4984.0	30	0.0
-4983.0	26	0.0
-4982.0	30	0.0
-4981.0	31	0.0
-4980.0	29	0.0
-4979.0	38	0.0
-4978.0	29	0.0
-4977.0	20	0.0
-4976.0	25	0.0
-4975.0	27	0.0
-4974.0	30	0.0
-4973.0	22	0.0
-4972.0	32	0.0
-4971.0	21	0.0
-4970.0	32	0.0
-4969.0	27	0.0
-4968.0	35	0.0
-4967.0	38	0.0
-4966.0	33	0.0
-4965.0	35	0.0
-4964.0	21	0.0
-4963.0	26	0.0
-4962.0	29	0.0
-4961.0	26	0.0
-4960.0	24	0.0
-4959.0	34	0.0
-4958.0	35	0.0
-4957.0	36	0.0
-4956.0	25	0.0
-4955.0	30	0.0
-4954.0	37	0.0
-4953.0	25	0.0
-4952.0	29	0.0
-4951.0	29	0.0
-4950.0	39	0.0
-4949.0	31	0.0
-4948.0	29	0.0
-4947.0	33	0.0
-4946.0	23	0.0
-4945.0	39	0.0
-4944.0	31	0.0
-4943.0	40	0.0
-4942.0	38	0.0
-4941.0	42	0.0
-4940.0	26	0.0
-4939.0	30	0.0
-4938.0	34	0.0
-4937.0	35	0.0
-4936.0	30	0.0
-4935.0	20	0.0
-4934.0	35	0.0
-4933.0	25	0.0
-4932.0	36	0.0
-4931.0	27	0.0
-4930.0	33	0.0
-4929.0	29	0.0
-4928.0	26	0.0
-4927.0	22	0.0
-4926.0	32	0.0
-4925.0	34	0.0
-4924.0	28	0.0
-4923.0	31	0.0
-4922.0	31	0.0
-4921.0	34	0.0
-4920.0	28	0.0
-4919.0	35	0.0
-4918.0	35	0.0
-4917.0	34	0.0
-4916.0	33	0.0
-4915.0	31	0.0
-4914.0	29	0.0
-4913.0	30	0.0
-4912.0	38	0.0
-4911.0	29	0.0
-4910.0	32	0.0
-4909.0	22	0.0
-4908.0	28	0.0
-4907.0	23	0.0
-4906.0	28	0.0
-4905.0	34	0.0
-4904.0	41	0.0
-4903.0	27	0.0
-4902.0	30	0.0
-4901.0	31	0.0
-4900.0	29	0.0
-4899.0	38	0.0
-4898.0	32	0.0
-4897.0	38	0.0
-4896.0	45	0.0
-4895.0	34	0.0
-4894.0	27	0.0
-4893.0	24	0.0
-4892.0	28	0.0
-4891.0	31	0.0
-4890.0	35	0.0
-4889.0	48	0.0
-4888.0	37	0.0
-4887.0	33	0.0
-4886.0	32	0.0
-4885.0	44	0.0
-4884.0	30	0.0
-4883.0	31	0.0
-4882.0	28	0.0
-4881.0	35	0.0
-4880.0	33	0.0
-4879.0	33	0.0
-4878.0	29	0.0
-4877.0	30	0.0
-4876.0	36	0.0
-4875.0	35	0.0
-4874.0	39	0.0
-4873.0	35	0.0
-4872.0	27	0.0
-4871.0	43	0.0
-4870.0	32	0.0
-4869.0	34	0.0
-4868.0	30	0.0
-4867.0	37	0.0
-4866.0	32	0.0
-4865.0	31	0.0
-4864.0	33	0.0
-4863.0	36	0.0
-4862.0	35	0.0
-4861.0	35	0.0
-4860.0	31	0.0
-4859.0	25	0.0
-4858.0	34	0.0
-4857.0	35	0.0
-4856.0	33	0.0
-4855.0	34	0.0
-4854.0	26	0.0
-4853.0	36	0.0
-4852.0	34	0.0
-4851.0	33	0.0
-4850.0	33	0.0
-4849.0	32	0.0
-4848.0	35	0.0
-4847.0	36	0.0
-4846.0	37	0.0
-4845.0	36	0.0
-4844.0	30	0.0
-4843.0	37	0.0
-4842.0	33	0.0
-4841.0	38	0.0
-4840.0	46	0.0
-4839.0	27	0.0
-4838.0	20	0.0
-4837.0	32	0.0
-4836.0	28	0.0
-4835.0	43	0.0
-4834.0	41	0.0
-4833.0	29	0.0
-4832.0	28	0.0
-4831.0	28	0.0
-4830.0	34	0.0
-4829.0	35	0.0
-4828.0	32	0.0
-4827.0	33	0.0
-4826.0	44	0.0
-4825.0	41	0.0
-4824.0	25	0.0
-4823.0	32	0.0
-4822.0	32	0.0
-4821.0	37	0.0
-4820.0	20	0.0
-4819.0	41	0.0
-4818.0	50	0.0
-4817.0	26	0.0
-4816.0	22	0.0
-4815.0	37	0.0
-4814.0	38	0.0
-4813.0	32	0.0
-4812.0	34	0.0
-4811.0	26	0.0
-4810.0	33	0.0
-4809.0	28	0.0
-4808.0	22	0.0
-4807.0	30	0.0
-4806.0	27	0.0
-4805.0	36	0.0
-4804.0	30	0.0
-4803.0	39	0.0
-4802.0	29	0.0
-4801.0	36	0.0
-4800.0	42	0.0
-4799.0	27	0.0
-4798.0	18	0.0
-4797.0	28	0.0
-4796.0	27	0.0
-4795.0	35	0.0
-4794.0	28	0.0
-4793.0	32	0.0
-4792.0	48	0.0
-4791.0	45	0.0
-4790.0	26	0.0
-4789.0	38	0.0
-4788.0	34	0.0
-4787.0	28	0.0
-4786.0	32	0.0
-4785.0	31	0.0
-4784.0	29	0.0
-4783.0	35	0.0
-4782.0	41	0.0
-4781.0	40	0.0
-4780.0	27	0.0
-4779.0	26	0.0
-4778.0	43	0.0
-4777.0	39	0.0
-4776.0	19	0.0
-4775.0	37	0.0
-4774.0	33	0.0
-4773.0	40	0.0
-4772.0	32	0.0
-4771.0	40	0.0
-4770.0	24	0.0
-4769.0	30	0.0
-4768.0	31	0.0
-4767.0	33	0.0
-4766.0	28	0.0
-4765.0	38	0.0
-4764.0	42	0.0
-4763.0	37	0.0
-4762.0	20	0.0
-4761.0	35	0.0
-4760.0	30	0.0
-4759.0	40	0.0
-4758.0	38	0.0
-4757.0	39	0.0
-4756.0	25	0.0
-4755.0	32	0.0
-4754.0	31	0.0
-4753.0	39	0.0
-4752.0	37	0.0
-4751.0	32	0.0
-4750.0	24	0.0
-4749.0	27	0.0
-4748.0	35	0.0
-4747.0	41	0.0
-4746.0	27	0.0
-4745.0	34	0.0
-4744.0	25	0.0
-4743.0	33	0.0
-4742.0	33	0.0
-4741.0	25	0.0
-4740.0	26	0.0
-4739.0	32	0.0
-4738.0	24	0.0
-4737.0	32	0.0
-4736.0	32	0.0
-4735.0	28	0.0
-4734.0	36	0.0
-4733.0	34	0.0
-4732.0	39	0.0
-4731.0	14	0.0
-4730.0	33	0.0
-4729.0	28	0.0
-4728.0	25	0.0
-4727.0	40	0.0
-4726.0	39	0.0
-4725.0	32	0.0
-4724.0	40	0.0
-4723.0	27	0.0
-4722.0	26	0.0
-4721.0	37	0.0
-4720.0	40	0.0
-4719.0	34	0.0
-4718.0	38	0.0
-4717.0	37	0.0
-4716.0	27	0.0
-4715.0	31	0.0
-4714.0	28	0.0
-4713.0	47	0.0
-4712.0	36	0.0
-4711.0	32	0.0
-4710.0	31	0.0
-4709.0	39	0.0
-4708.0	43	0.0
-4707.0	35	0.0
-4706.0	29	0.0
-4705.0	26	0.0
-4704.0	27	0.0
-4703.0	35	0.0
-4702.0	31	0.0
-4701.0	36	0.0
-4700.0	37	0.0
-4699.0	28	0.0
-4698.0	35	0.0
-4697.0	41	0.0
-4696.0	32	0.0
-4695.0	27	0.0
-4694.0	33	0.0
-4693.0	27	0.0
-4692.0	49	0.0
-4691.0	27	0.0
-4690.0	29	0.0
-4689.0	20	0.0
-4688.0	27	0.0
-4687.0	32	0.0
-4686.0	31	0.0
-4685.0	31	0.0
-4684.0	26	0.0
-4683.0	23	0.0
-4682.0	30	0.0
-4681.0	37	0.0
-4680.0	39	0.0
-4679.0	26	0.0
-4678.0	24	0.0
-4677.0	34	0.0
-4676.0	39	0.0
-4675.0	27	0.0
-4674.0	40	0.0
-4673.0	31	0.0
-4672.0	27	0.0
-4671.0	35	0.0
-4670.0	32	0.0
-4669.0	36	0.0
-4668.0	30	0.0
-4667.0	36	0.0
-4666.0	44	0.0
-4665.0	36	0.0
-4664.0	34	0.0
-4663.0	28	0.0
-4662.0	40	0.0
-4661.0	41	0.0
-4660.0	32	0.0
-4659.0	34	0.0
-4658.0	33	0.0
-4657.0	39	0.0
-4656.0	34	0.0
-4655.0	37	0.0
-4654.0	31	0.0
-4653.0	46	0.0
-4652.0	34	0.0
-4651.0	35	0.0
-4650.0	36	0.0
-4649.0	33	0.0
-4648.0	35	0.0
-4647.0	42	0.0
-4646.0	34	0.0
-4645.0	34	0.0
-4644.0	28	0.0
-4643.0	36	0.0
-4642.0	35	0.0
-4641.0	39	0.0
-4640.0	25	0.0
-4639.0	31	0.0
-4638.0	45	0.0
-4637.0	28	0.0
-4636.0	43	0.0
-4635.0	34	0.0
-4634.0	29	0.0
-4633.0	41	0.0
-4632.0	37	0.0
-4631.0	22	0.0
-4630.0	34	0.0
-4629.0	30	0.0
-4628.0	33	0.0
-4627.0	33	0.0
-4626.0	33	0.0
-4625.0	31	0.0
-4624.0	37	0.0
-4623.0	29	0.0
-4622.0	40	0.0
-4621.0	27	0.0
-4620.0	33	0.0
-4619.0	31	0.0
-4618.0	22	0.0
-4617.0	27	0.0
-4616.0	34	0.0
-4615.0	44	0.0
-4614.0	44	0.0
-4613.0	40	0.0
-4612.0	47	0.0
-4611.0	35	0.0
-4610.0	34	0.0
-4609.0	32	0.0
-4608.0	20	0.0
-4607.0	29	0.0
-4606.0	26	0.0
-4605.0	45	0.0
-4604.0	37	0.0
-4603.0	39	0.0
-4602.0	26	0.0
-4601.0	24	0.0
-4600.0	32	0.0
-4599.0	37	0.0
-4598.0	38	0.0
-4597.0	31	0.0
-4596.0	31	0.0
-4595.0	26	0.0
-4594.0	31	0.0
-4593.0	32	0.0
-4592.0	37	0.0
-4591.0	34	0.0
-4590.0	32	0.0
-4589.0	38	0.0
-4588.0	37	0.0
-4587.0	39	0.0
-4586.0	38	0.0
-4585.0	28	0.0
-4584.0	27	0.0
-4583.0	31	0.0
-4582.0	33	0.0
-4581.0	25	0.0
-4580.0	34	0.0
-4579.0	32	0.0
-4578.0	40	0.0
-4577.0	28	0.0
-4576.0	38	0.0
-4575.0	33	0.0
-4574.0	40	0.0
-4573.0	35	0.0
-4572.0	30	0.0
-4571.0	43	0.0
-4570.0	39	0.0
-4569.0	31	0.0
-4568.0	34	0.0
-4567.0	40	0.0
-4566.0	26	0.0
-4565.0	41	0.0
-4564.0	33	0.0
-4563.0	33	0.0
-4562.0	34	0.0
-4561.0	30	0.0
-4560.0	34	0.0
-4559.0	24	0.0
-4558.0	32	0.0
-4557.0	27	0.0
-4556.0	29	0.0
-4555.0	28	0.0
-4554.0	36	0.0
-4553.0	30	0.0
-4552.0	37	0.0
-4551.0	33	0.0
-4550.0	21	0.0
-4549.0	29	0.0
-4548.0	24	0.0
-4547.0	42	0.0
-4546.0	39	0.0
-4545.0	30	0.0
-4544.0	43	0.0
-4543.0	29	0.0
-4542.0	34	0.0
-4541.0	44	0.0
-4540.0	26	0.0
-4539.0	37	0.0
-4538.0	42	0.0
-4537.0	44	0.0
-4536.0	32	0.0
-4535.0	41	0.0
-4534.0	41	0.0
-4533.0	40	0.0
-4532.0	27	0.0
-4531.0	35	0.0
-4530.0	31	0.0
-4529.0	42	0.0
-4528.0	21	0.0
-4527.0	25	0.0
-4526.0	27	0.0
-4525.0	34	0.0
-4524.0	35	0.0
-4523.0	42	0.0
-4522.0	36	0.0
-4521.0	31	0.0
-4520.0	25	0.0
-4519.0	38	0.0
-4518.0	35	0.0
-4517.0	23	0.0
-4516.0	39	0.0
-4515.0	31	0.0
-4514.0	33	0.0
-4513.0	29	0.0
-4512.0	23	0.0
-4511.0	29	0.0
-4510.0	33	0.0
-4509.0	34	0.0
-4508.0	42	0.0
-4507.0	32	0.0
-4506.0	31	0.0
-4505.0	18	0.0
-4504.0	28	0.0
-4503.0	33	0.0
-4502.0	29	0.0
-4501.0	24	0.0
-4500.0	37	0.0
-4499.0	35	0.0
-4498.0	28	0.0
-4497.0	29	0.0
-4496.0	22	0.0
-4495.0	26	0.0
-4494.0	31	0.0
-4493.0	30	0.0
-4492.0	35	0.0
-4491.0	48	0.0
-4490.0	29	0.0
-4489.0	41	0.0
-4488.0	43	0.0
-4487.0	26	0.0
-4486.0	39	0.0
-4485.0	39	0.0
-4484.0	35	0.0
-4483.0	23	0.0
-4482.0	22	0.0
-4481.0	36	0.0
-4480.0	35	0.0
-4479.0	34	0.0
-4478.0	29	0.0
-4477.0	30	0.0
-4476.0	31	0.0
-4475.0	31	0.0
-4474.0	35	0.0
-4473.0	32	0.0
-4472.0	33	0.0
-4471.0	40	0.0
-4470.0	27	0.0
-4469.0	38	0.0
-4468.0	22	0.0
-4467.0	35	0.0
-4466.0	44	0.0
-4465.0	28	0.0
-4464.0	34	0.0
-4463.0	38	0.0
-4462.0	24	0.0
-4461.0	31	0.0
-4460.0	37	0.0
-4459.0	34	0.0
-4458.0	37	0.0
-4457.0	46	0.0
-4456.0	37	0.0
-4455.0	34	0.0
-4454.0	39	0.0
-4453.0	36	0.0
-4452.0	30	0.0
-4451.0	25	0.0
-4450.0	34	0.0
-4449.0	32	0.0
-4448.0	33	0.0
-4447.0	34	0.0
-4446.0	35	0.0
-4445.0	31	0.0
-4444.0	30	0.0
-4443.0	32	0.0
-4442.0	42	0.0
-4441.0	25	0.0
-4440.0	32	0.0
-4439.0	26	0.0
-4438.0	30	0.0
-4437.0	47	0.0
-4436.0	40	0.0
-4435.0	31	0.0
-4434.0	36	0.0
-4433.0	25	0.0
-4432.0	36	0.0
-4431.0	38	0.0
-4430.0	27	0.0
-4429.0	34	0.0
-4428.0	28	0.0
-4427.0	30	0.0
-4426.0	30	0.0
-4425.0	46	0.0
-4424.0	42	0.0
-4423.0	49	0.0
-4422.0	31	0.0
-4421.0	37	0.0
-4420.0	32	0.0
-4419.0	33	0.0
-4418.0	24	0.0
-4417.0	36	0.0
-4416.0	38	0.0
-4415.0	39	0.0
-4414.0	32	0.0
-4413.0	31	0.0
-4412.0	35	0.0
-4411.0	34	0.0
-4410.0	22	0.0
-4409.0	27	0.0
-4408.0	31	0.0
-4407.0	39	0.0
-4406.0	33	0.0
-4405.0	34	0.0
-4404.0	34	0.0
-4403.0	29	0.0
-4402.0	21	0.0
-4401.0	29	0.0
-4400.0	40	0.0
-4399.0	29	0.0
-4398.0	31	0.0
-4397.0	35	0.0
-4396.0	26	0.0
-4395.0	36	0.0
-4394.0	32	0.0
-4393.0	32	0.0
-4392.0	34	0.0
-4391.0	22	0.0
-4390.0	35	0.0
-4389.0	25	0.0
-4388.0	33	0.0
-4387.0	36	0.0
-4386.0	34	0.0
-4385.0	26	0.0
-4384.0	35	0.0
-4383.0	24	0.0
-4382.0	38	0.0
-4381.0	25	0.0
-4380.0	27	0.0
-4379.0	17	0.0
-4378.0	29	0.0
-4377.0	27	0.0
-4376.0	36	0.0
-4375.0	36	0.0
-4374.0	36	0.0
-4373.0	42	0.0
-4372.0	36	0.0
-4371.0	27	0.0
-4370.0	29	0.0
-4369.0	32	0.0
-4368.0	32	0.0
-4367.0	42	0.0
-4366.0	37	0.0
-4365.0	30	0.0
-4364.0	31	0.0
-4363.0	28	0.0
-4362.0	35	0.0
-4361.0	27	0.0
-4360.0	34	0.0
-4359.0	34	0.0
-4358.0	33	0.0
-4357.0	33	0.0
-4356.0	42	0.0
-4355.0	43	0.0
-4354.0	43	0.0
-4353.0	34	0.0
-4352.0	31	0.0
-4351.0	42	0.0
-4350.0	25	0.0
-4349.0	37	0.0
-4348.0	31	0.0
-4347.0	26	0.0
-4346.0	29	0.0
-4345.0	26	0.0
-4344.0	39	0.0
-4343.0	27	0.0
-4342.0	25	0.0
-4341.0	43	0.0
-4340.0	38	0.0
-4339.0	37	0.0
-4338.0	39	0.0
-4337.0	33	0.0
-4336.0	36	0.0
-4335.0	35	0.0
-4334.0	27	0.0
-4333.0	26	0.0
-4332.0	39	0.0
-4331.0	29	0.0
-4330.0	37	0.0
-4329.0	23	0.0
-4328.0	18	0.0
-4327.0	40	0.0
-4326.0	25	0.0
-4325.0	34	0.0
-4324.0	32	0.0
-4323.0	39	0.0
-4322.0	43	0.0
-4321.0	27	0.0
-4320.0	32	0.0
-4319.0	38	0.0
-4318.0	26	0.0
-4317.0	52	0.0
-4316.0	33	0.0
-4315.0	28	0.0
-4314.0	40	0.0
-4313.0	36	0.0
-4312.0	29	0.0
-4311.0	31	0.0
-4310.0	26	0.0
-4309.0	49	0.0
-4308.0	23	0.0
-4307.0	34	0.0
-4306.0	37	0.0
-4305.0	38	0.0
-4304.0	29	0.0
-4303.0	32	0.0
-4302.0	30	0.0
-4301.0	22	0.0
-4300.0	35	0.0
-4299.0	39	0.0
-4298.0	50	0.0
-4297.0	22	0.0
-4296.0	33	0.0
-4295.0	25	0.0
-4294.0	34	0.0
-4293.0	34	0.0
-4292.0	31	0.0
-4291.0	37	0.0
-4290.0	29	0.0
-4289.0	23	0.0
-4288.0	35	0.0
-4287.0	30	0.0
-4286.0	36	0.0
-4285.0	38	0.0
-4284.0	18	0.0
-4283.0	28	0.0
-4282.0	32	0.0
-4281.0	37	0.0
-4280.0	34	0.0
-4279.0	33	0.0
-4278.0	34	0.0
-4277.0	40	0.0
-4276.0	32	0.0
-4275.0	28	0.0
-4274.0	40	0.0
-4273.0	31	0.0
-4272.0	28	0.0
-4271.0	43	0.0
-4270.0	34	0.0
-4269.0	30	0.0
-4268.0	23	0.0
-4267.0	41	0.0
-4266.0	30	0.0
-4265.0	32	0.0
-4264.0	33	0.0
-4263.0	35	0.0
-4262.0	25	0.0
-4261.0	27	0.0
-4260.0	38	0.0
-4259.0	33	0.0
-4258.0	35	0.0
-4257.0	29	0.0
-4256.0	37	0.0
-4255.0	39	0.0
-4254.0	27	0.0
-4253.0	40	0.0
-4252.0	21	0.0
-4251.0	41	0.0
-4250.0	21	0.0
-4249.0	45	0.0
-4248.0	27	0.0
-4247.0	31	0.0
-4246.0	24	0.0
-4245.0	35	0.0
-4244.0	41	0.0
-4243.0	34	0.0
-4242.0	37	0.0
-4241.0	26	0.0
-4240.0	40	0.0
-4239.0	32	0.0
-4238.0	32	0.0
-4237.0	50	0.0
-4236.0	28	0.0
-4235.0	37	0.0
-4234.0	31	0.0
-4233.0	31	0.0
-4232.0	31	0.0
-4231.0	39	0.0
-4230.0	32	0.0
-4229.0	28	0.0
-4228.0	31	0.0
-4227.0	33	0.0
-4226.0	42	0.0
-4225.0	38	0.0
-4224.0	36	0.0
-4223.0	37	0.0
-4222.0	40	0.0
-4221.0	31	0.0
-4220.0	37	0.0
-4219.0	34	0.0
-4218.0	45	0.0
-4217.0	37	0.0
-4216.0	26	0.0
-4215.0	32	0.0
-4214.0	27	0.0
-4213.0	33	0.0
-4212.0	33	0.0
-4211.0	28	0.0
-4210.0	25	0.0
-4209.0	41	0.0
-4208.0	35	0.0
-4207.0	37	0.0
-4206.0	32	0.0
-4205.0	37	0.0
-4204.0	25	0.0
-4203.0	36	0.0
-4202.0	39	0.0
-4201.0	41	0.0
-4200.0	36	0.0
-4199.0	35	0.0
-4198.0	29	0.0
-4197.0	32	0.0
-4196.0	32	0.0
-4195.0	26	0.0
-4194.0	41	0.0
-4193.0	25	0.0
-4192.0	27	0.0
-4191.0	30	0.0
-4190.0	30	0.0
-4189.0	25	0.0
-4188.0	45	0.0
-4187.0	33	0.0
-4186.0	29	0.0
-4185.0	35	0.0
-4184.0	44	0.0
-4183.0	35	0.0
-4182.0	34	0.0
-4181.0	31	0.0
-4180.0	30	0.0
-4179.0	34	0.0
-4178.0	24	0.0
-4177.0	38	0.0
-4176.0	30	0.0
-4175.0	37	0.0
-4174.0	32	0.0
-4173.0	44	0.0
-4172.0	30	0.0
-4171.0	26	0.0
-4170.0	39	0.0
-4169.0	39	0.0
-4168.0	29	0.0
-4167.0	39	0.0
-4166.0	36	0.0
-4165.0	37	0.0
-4164.0	41	0.0
-4163.0	30	0.0
-4162.0	24	0.0
-4161.0	31	0.0
-4160.0	29	0.0
-4159.0	41	0.0
-4158.0	33	0.0
-4157.0	37	0.0
-4156.0	37	0.0
-4155.0	37	0.0
-4154.0	33	0.0
-4153.0	34	0.0
-4152.0	32	0.0
-4151.0	29	0.0
-4150.0	35	0.0
-4149.0	31	0.0
-4148.0	39	0.0
-4147.0	32	0.0
-4146.0	39	0.0
-4145.0	28	0.0
-4144.0	30	0.0
-4143.0	36	0.0
-4142.0	29	0.0
-4141.0	39	0.0
-4140.0	37	0.0
-4139.0	43	0.0
-4138.0	34	0.0
-4137.0	33	0.0
-4136.0	38	0.0
-4135.0	39	0.0
-4134.0	32	0.0
-4133.0	41	0.0
-4132.0	32	0.0
-4131.0	28	0.0
-4130.0	41	0.0
-4129.0	42	0.0
-4128.0	36	0.0
-4127.0	30	0.0
-4126.0	25	0.0
-4125.0	43	0.0
-4124.0	31	0.0
-4123.0	31	0.0
-4122.0	31	0.0
-4121.0	26	0.0
-4120.0	35	0.0
-4119.0	33	0.0
-4118.0	35	0.0
-4117.0	25	0.0
-4116.0	40	0.0
-4115.0	33	0.0
-4114.0	39	0.0
-4113.0	33	0.0
-4112.0	28	0.0
-4111.0	45	0.0
-4110.0	44	0.0
-4109.0	32	0.0
-4108.0	27	0.0
-4107.0	38	0.0
-4106.0	39	0.0
-4105.0	37	0.0
-4104.0	41	0.0
-4103.0	37	0.0
-4102.0	29	0.0
-4101.0	40	0.0
-4100.0	21	0.0
-4099.0	24	0.0
-4098.0	34	0.0
-4097.0	31	0.0
-4096.0	32	0.0
-4095.0	34	0.0
-4094.0	33	0.0
-4093.0	35	0.0
-4092.0	23	0.0
-4091.0	28	0.0
-4090.0	33	0.0
-4089.0	35	0.0
-4088.0	29	0.0
-4087.0	22	0.0
-4086.0	37	0.0
-4085.0	30	0.0
-4084.0	29	0.0
-4083.0	30	0.0
-4082.0	30	0.0
-4081.0	33	0.0
-4080.0	30	0.0
-4079.0	35	0.0
-4078.0	39	0.0
-4077.0	31	0.0
-4076.0	38	0.0
-4075.0	32	0.0
-4074.0	36	0.0
-4073.0	27	0.0
-4072.0	36	0.0
-4071.0	32	0.0
-4070.0	28	0.0
-4069.0	25	0.0
-4068.0	15	0.0
-4067.0	33	0.0
-4066.0	32	0.0
-4065.0	31	0.0
-4064.0	34	0.0
-4063.0	34	0.0
-4062.0	34	0.0
-4061.0	37	0.0
-4060.0	43	0.0
-4059.0	38	0.0
-4058.0	39	0.0
-4057.0	33	0.0
-4056.0	32	0.0
-4055.0	25	0.0
-4054.0	40	0.0
-4053.0	37	0.0
-4052.0	29	0.0
-4051.0	29	0.0
-4050.0	38	0.0
-4049.0	34	0.0
-4048.0	34	0.0
-4047.0	36	0.0
-4046.0	31	0.0
-4045.0	30	0.0
-4044.0	25	0.0
-4043.0	36	0.0
-4042.0	34	0.0
-4041.0	33	0.0
-4040.0	36	0.0
-4039.0	42	0.0
-4038.0	26	0.0
-4037.0	36	0.0
-4036.0	27	0.0
-4035.0	35	0.0
-4034.0	35	0.0
-4033.0	30	0.0
-4032.0	31	0.0
-4031.0	34	0.0
-4030.0	35	0.0
-4029.0	19	0.0
-4028.0	37	0.0
-4027.0	25	0.0
-4026.0	24	0.0
-4025.0	19	0.0
-4024.0	23	0.0
-4023.0	24	0.0
-4022.0	36	0.0
-4021.0	30	0.0
-4020.0	35	0.0
-4019.0	34	0.0
-4018.0	23	0.0
-4017.0	40	0.0
-4016.0	33	0.0
-4015.0	32	0.0
-4014.0	31	0.0
-4013.0	32	0.0
-4012.0	32	0.0
-4011.0	31	0.0
-4010.0	23	0.0
-4009.0	28	0.0
-4008.0	21	0.0
-4007.0	36	0.0
-4006.0	21	0.0
-4005.0	28	0.0
-4004.0	34	0.0
-4003.0	31	0.0
-4002.0	31	0.0
-4001.0	37	0.0
-4000.0	34	0.0
-3999.0	35	0.0
-3998.0	29	0.0
-3997.0	27	0.0
-3996.0	30	0.0
-3995.0	31	0.0
-3994.0	24	0.0
-3993.0	37	0.0
-3992.0	40	0.0
-3991.0	25	0.0
-3990.0	35	0.0
-3989.0	44	0.0
-3988.0	37	0.0
-3987.0	36	0.0
-3986.0	42	0.0
-3985.0	30	0.0
-3984.0	29	0.0
-3983.0	25	0.0
-3982.0	30	0.0
-3981.0	29	0.0
-3980.0	34	0.0
-3979.0	39	0.0
-3978.0	21	0.0
-3977.0	24	0.0
-3976.0	25	0.0
-3975.0	31	0.0
-3974.0	31	0.0
-3973.0	26	0.0
-3972.0	37	0.0
-3971.0	31	0.0
-3970.0	34	0.0
-3969.0	33	0.0
-3968.0	31	0.0
-3967.0	33	0.0
-3966.0	36	0.0
-3965.0	31	0.0
-3964.0	36	0.0
-3963.0	21	0.0
-3962.0	39	0.0
-3961.0	29	0.0
-3960.0	23	0.0
-3959.0	27	0.0
-3958.0	24	0.0
-3957.0	32	0.0
-3956.0	39	0.0
-3955.0	34	0.0
-3954.0	35	0.0
-3953.0	40	0.0
-3952.0	33	0.0
-3951.0	27	0.0
-3950.0	42	0.0
-3949.0	36	0.0
-3948.0	27	0.0
-3947.0	37	0.0
-3946.0	32	0.0
-3945.0	35	0.0
-3944.0	31	0.0
-3943.0	41	0.0
-3942.0	45	0.0
-3941.0	33	0.0
-3940.0	31	0.0
-3939.0	34	0.0
-3938.0	31	0.0
-3937.0	36	0.0
-3936.0	32	0.0
-3935.0	30	0.0
-3934.0	41	0.0
-3933.0	30	0.0
-3932.0	28	0.0
-3931.0	35	0.0
-3930.0	28	0.0
-3929.0	35	0.0
-3928.0	36	0.0
-3927.0	29	0.0
-3926.0	34	0.0
-3925.0	34	0.0
-3924.0	31	0.0
-3923.0	27	0.0
-3922.0	39	0.0
-3921.0	33	0.0
-3920.0	31	0.0
-3919.0	34	0.0
-3918.0	33	0.0
-3917.0	34	0.0
-3916.0	29	0.0
-3915.0	31	0.0
-3914.0	33	0.0
-3913.0	34	0.0
-3912.0	33	0.0
-3911.0	23	0.0
-3910.0	24	0.0
-3909.0	36	0.0
-3908.0	37	0.0
-3907.0	27	0.0
-3906.0	37	0.0
-3905.0	46	0.0
-3904.0	40	0.0
-3903.0	28	0.0
-3902.0	26	0.0
-3901.0	31	0.0
-3900.0	40	0.0
-3899.0	24	0.0
-3898.0	34	0.0
-3897.0	26	0.0
-3896.0	39	0.0
-3895.0	40	0.0
-3894.0	26	0.0
-3893.0	41	0.0
-3892.0	34	0.0
-3891.0	37	0.0
-3890.0	33	0.0
-3889.0	36	0.0
-3888.0	29	0.0
-3887.0	37	0.0
-3886.0	34	0.0
-3885.0	28	0.0
-3884.0	29	0.0
-3883.0	39	0.0
-3882.0	26	0.0
-3881.0	26	0.0
-3880.0	34	0.0
-3879.0	32	0.0
-3878.0	36	0.0
-3877.0	29	0.0
-3876.0	29	0.0
-3875.0	32	0.0
-3874.0	30	0.0
-3873.0	27	0.0
-3872.0	27	0.0
-3871.0	26	0.0
-3870.0	40	0.0
-3869.0	28	0.0
-3868.0	33	0.0
-3867.0	33	0.0
-3866.0	39	0.0
-3865.0	37	0.0
-3864.0	31	0.0
-3863.0	32	0.0
-3862.0	27	0.0
-3861.0	38	0.0
-3860.0	37	0.0
-3859.0	38	0.0
-3858.0	26	0.0
-3857.0	36	0.0
-3856.0	36	0.0
-3855.0	29	0.0
-3854.0	24	0.0
-3853.0	24	0.0
-3852.0	36	0.0
-3851.0	38	0.0
-3850.0	27	0.0
-3849.0	36	0.0
-3848.0	29	0.0
-3847.0	38	0.0
-3846.0	33	0.0
-3845.0	32	0.0
-3844.0	30	0.0
-3843.0	32	0.0
-3842.0	39	0.0
-3841.0	33	0.0
-3840.0	29	0.0
-3839.0	28	0.0
-3838.0	39	0.0
-3837.0	38	0.0
-3836.0	42	0.0
-3835.0	48	0.0
-3834.0	36	0.0
-3833.0	27	0.0
-3832.0	31	0.0
-3831.0	27	0.0
-3830.0	41	0.0
-3829.0	46	0.0
-3828.0	32	0.0
-3827.0	33	0.0
-3826.0	40	0.0
-3825.0	34	0.0
-3824.0	28	0.0
-3823.0	43	0.0
-3822.0	39	0.0
-3821.0	23	0.0
-3820.0	32	0.0
-3819.0	37	0.0
-3818.0	28	0.0
-3817.0	30	0.0
-3816.0	35	0.0
-3815.0	36	0.0
-3814.0	31	0.0
-3813.0	34	0.0
-3812.0	28	0.0
-3811.0	36	0.0
-3810.0	33	0.0
-3809.0	28	0.0
-3808.0	30	0.0
-3807.0	37	0.0
-3806.0	29	0.0
-3805.0	25	0.0
-3804.0	36	0.0
-3803.0	36	0.0
-3802.0	36	0.0
-3801.0	25	0.0
-3800.0	23	0.0
-3799.0	44	0.0
-3798.0	29	0.0
-3797.0	30	0.0
-3796.0	37	0.0
-3795.0	33	0.0
-3794.0	36	0.0
-3793.0	35	0.0
-3792.0	31	0.0
-3791.0	29	0.0
-3790.0	33	0.0
-3789.0	30	0.0
-3788.0	34	0.0
-3787.0	36	0.0
-3786.0	22	0.0
-3785.0	26	0.0
-3784.0	36	0.0
-3783.0	35	0.0
-3782.0	28	0.0
-3781.0	21	0.0
-3780.0	28	0.0
-3779.0	40	0.0
-3778.0	36	0.0
-3777.0	22	0.0
-3776.0	23	0.0
-3775.0	37	0.0
-3774.0	35	0.0
-3773.0	26	0.0
-3772.0	33	0.0
-3771.0	31	0.0
-3770.0	36	0.0
-3769.0	25	0.0
-3768.0	27	0.0
-3767.0	25	0.0
-3766.0	36	0.0
-3765.0	33	0.0
-3764.0	38	0.0
-3763.0	40	0.0
-3762.0	31	0.0
-3761.0	42	0.0
-3760.0	46	0.0
-3759.0	26	0.0
-3758.0	38	0.0
-3757.0	32	0.0
-3756.0	26	0.0
-3755.0	38	0.0
-3754.0	35	0.0
-3753.0	28	0.0
-3752.0	36	0.0
-3751.0	26	0.0
-3750.0	35	0.0
-3749.0	38	0.0
-3748.0	27	0.0
-3747.0	33	0.0
-3746.0	29	0.0
-3745.0	32	0.0
-3744.0	31	0.0
-3743.0	35	0.0
-3742.0	30	0.0
-3741.0	34	0.0
-3740.0	26	0.0
-3739.0	29	0.0
-3738.0	41	0.0
-3737.0	23	0.0
-3736.0	30	0.0
-3735.0	23	0.0
-3734.0	31	0.0
-3733.0	41	0.0
-3732.0	33	0.0
-3731.0	32	0.0
-3730.0	40	0.0
-3729.0	33	0.0
-3728.0	33	0.0
-3727.0	37	0.0
-3726.0	39	0.0
-3725.0	32	0.0
-3724.0	28	0.0
-3723.0	29	0.0
-3722.0	39	0.0
-3721.0	32	0.0
-3720.0	27	0.0
-3719.0	30	0.0
-3718.0	25	0.0
-3717.0	34	0.0
-3716.0	39	0.0
-3715.0	20	0.0
-3714.0	23	0.0
-3713.0	35	0.0
-3712.0	39	0.0
-3711.0	29	0.0
-3710.0	31	0.0
-3709.0	39	0.0
-3708.0	30	0.0
-3707.0	36	0.0
-3706.0	34	0.0
-3705.0	27	0.0
-3704.0	43	0.0
-3703.0	30	0.0
-3702.0	27	0.0
-3701.0	44	0.0
-3700.0	40	0.0
-3699.0	37	0.0
-3698.0	23	0.0
-3697.0	32	0.0
-3696.0	26	0.0
-3695.0	32	0.0
-3694.0	33	0.0
-3693.0	33	0.0
-3692.0	31	0.0
-3691.0	28	0.0
-3690.0	28	0.0
-3689.0	27	0.0
-3688.0	39	0.0
-3687.0	27	0.0
-3686.0	33	0.0
-3685.0	39	0.0
-3684.0	26	0.0
-3683.0	36	0.0
-3682.0	30	0.0
-3681.0	43	0.0
-3680.0	29	0.0
-3679.0	34	0.0
-3678.0	34	0.0
-3677.0	33	0.0
-3676.0	34	0.0
-3675.0	39	0.0
-3674.0	31	0.0
-3673.0	39	0.0
-3672.0	44	0.0
-3671.0	28	0.0
-3670.0	35	0.0
-3669.0	35	0.0
-3668.0	36	0.0
-3667.0	37	0.0
-3666.0	32	0.0
-3665.0	24	0.0
-3664.0	34	0.0
-3663.0	37	0.0
-3662.0	32	0.0
-3661.0	38	0.0
-3660.0	23	0.0
-3659.0	34	0.0
-3658.0	22	0.0
-3657.0	33	0.0
-3656.0	38	0.0
-3655.0	31	0.0
-3654.0	30	0.0
-3653.0	38	0.0
-3652.0	22	0.0
-3651.0	46	0.0
-3650.0	30	0.0
-3649.0	36	0.0
-3648.0	36	0.0
-3647.0	30	0.0
-3646.0	31	0.0
-3645.0	17	0.0
-3644.0	34	0.0
-3643.0	38	0.0
-3642.0	38	0.0
-3641.0	28	0.0
-3640.0	36	0.0
-3639.0	30	0.0
-3638.0	31	0.0
-3637.0	41	0.0
-3636.0	33	0.0
-3635.0	55	0.0
-3634.0	42	0.0
-3633.0	38	0.0
-3632.0	41	0.0
-3631.0	39	0.0
-3630.0	26	0.0
-3629.0	24	0.0
-3628.0	30	0.0
-3627.0	27	0.0
-3626.0	30	0.0
-3625.0	31	0.0
-3624.0	27	0.0
-3623.0	32	0.0
-3622.0	35	0.0
-3621.0	28	0.0
-3620.0	22	0.0
-3619.0	31	0.0
-3618.0	23	0.0
-3617.0	32	0.0
-3616.0	27	0.0
-3615.0	23	0.0
-3614.0	29	0.0
-3613.0	35	0.0
-3612.0	24	0.0
-3611.0	33	0.0
-3610.0	34	0.0
-3609.0	24	0.0
-3608.0	32	0.0
-3607.0	40	0.0
-3606.0	37	0.0
-3605.0	26	0.0
-3604.0	23	0.0
-3603.0	28	0.0
-3602.0	33	0.0
-3601.0	32	0.0
-3600.0	40	0.0
-3599.0	36	0.0
-3598.0	29	0.0
-3597.0	34	0.0
-3596.0	33	0.0
-3595.0	35	0.0
-3594.0	38	0.0
-3593.0	23	0.0
-3592.0	39	0.0
-3591.0	36	0.0
-3590.0	28	0.0
-3589.0	28	0.0
-3588.0	32	0.0
-3587.0	37	0.0
-3586.0	32	0.0
-3585.0	33	0.0
-3584.0	35	0.0
-3583.0	40	0.0
-3582.0	33	0.0
-3581.0	34	0.0
-3580.0	28	0.0
-3579.0	20	0.0
-3578.0	29	0.0
-3577.0	31	0.0
-3576.0	37	0.0
-3575.0	34	0.0
-3574.0	18	0.0
-3573.0	41	0.0
-3572.0	31	0.0
-3571.0	26	0.0
-3570.0	33	0.0
-3569.0	32	0.0
-3568.0	34	0.0
-3567.0	38	0.0
-3566.0	24	0.0
-3565.0	34	0.0
-3564.0	44	0.0
-3563.0	37	0.0
-3562.0	31	0.0
-3561.0	21	0.0
-3560.0	35	0.0
-3559.0	37	0.0
-3558.0	29	0.0
-3557.0	41	0.0
-3556.0	40	0.0
-3555.0	37	0.0
-3554.0	41	0.0
-3553.0	26	0.0
-3552.0	24	0.0
-3551.0	32	0.0
-3550.0	28	0.0
-3549.0	31	0.0
-3548.0	43	0.0
-3547.0	27	0.0
-3546.0	44	0.0
-3545.0	34	0.0
-3544.0	36	0.0
-3543.0	40	0.0
-3542.0	38	0.0
-3541.0	33	0.0
-3540.0	37	0.0
-3539.0	37	0.0
-3538.0	33	0.0
-3537.0	42	0.0
-3536.0	29	0.0
-3535.0	33	0.0
-3534.0	29	0.0
-3533.0	30	0.0
-3532.0	38	0.0
-3531.0	40	0.0
-3530.0	36	0.0
-3529.0	35	0.0
-3528.0	31	0.0
-3527.0	50	0.0
-3526.0	34	0.0
-3525.0	29	0.0
-3524.0	19	0.0
-3523.0	23	0.0
-3522.0	33	0.0
-3521.0	31	0.0
-3520.0	29	0.0
-3519.0	36	0.0
-3518.0	38	0.0
-3517.0	37	0.0
-3516.0	29	0.0
-3515.0	28	0.0
-3514.0	26	0.0
-3513.0	38	0.0
-3512.0	28	0.0
-3511.0	35	0.0
-3510.0	34	0.0
-3509.0	24	0.0
-3508.0	37	0.0
-3507.0	34	0.0
-3506.0	28	0.0
-3505.0	22	0.0
-3504.0	23	0.0
-3503.0	35	0.0
-3502.0	30	0.0
-3501.0	18	0.0
-3500.0	41	0.0
-3499.0	37	0.0
-3498.0	28	0.0
-3497.0	40	0.0
-3496.0	24	0.0
-3495.0	35	0.0
-3494.0	38	0.0
-3493.0	44	0.0
-3492.0	28	0.0
-3491.0	37	0.0
-3490.0	24	0.0
-3489.0	31	0.0
-3488.0	24	0.0
-3487.0	48	0.0
-3486.0	32	0.0
-3485.0	29	0.0
-3484.0	35	0.0
-3483.0	27	0.0
-3482.0	26	0.0
-3481.0	28	0.0
-3480.0	24	0.0
-3479.0	42	0.0
-3478.0	35	0.0
-3477.0	36	0.0
-3476.0	31	0.0
-3475.0	31	0.0
-3474.0	32	0.0
-3473.0	26	0.0
-3472.0	45	0.0
-3471.0	28	0.0
-3470.0	30	0.0
-3469.0	30	0.0
-3468.0	26	0.0
-3467.0	24	0.0
-3466.0	35	0.0
-3465.0	38	0.0
-3464.0	36	0.0
-3463.0	34	0.0
-3462.0	36	0.0
-3461.0	23	0.0
-3460.0	40	0.0
-3459.0	30	0.0
-3458.0	39	0.0
-3457.0	30	0.0
-3456.0	43	0.0
-3455.0	26	0.0
-3454.0	37	0.0
-3453.0	23	0.0
-3452.0	26	0.0
-3451.0	34	0.0
-3450.0	35	0.0
-3449.0	23	0.0
-3448.0	28	0.0
-3447.0	36	0.0
-3446.0	32	0.0
-3445.0	35	0.0
-3444.0	32	0.0
-3443.0	32	0.0
-3442.0	34	0.0
-3441.0	29	0.0
-3440.0	32	0.0
-3439.0	26	0.0
-3438.0	27	0.0
-3437.0	25	0.0
-3436.0	38	0.0
-3435.0	28	0.0
-3434.0	40	0.0
-3433.0	38	0.0
-3432.0	25	0.0
-3431.0	43	0.0
-3430.0	31	0.0
-3429.0	28	0.0
-3428.0	31	0.0
-3427.0	38	0.0
-3426.0	32	0.0
-3425.0	37	0.0
-3424.0	26	0.0
-3423.0	36	0.0
-3422.0	29	0.0
-3421.0	43	0.0
-3420.0	35	0.0
-3419.0	32	0.0
-3418.0	32	0.0
-3417.0	22	0.0
-3416.0	22	0.0
-3415.0	34	0.0
-3414.0	25	0.0
-3413.0	40	0.0
-3412.0	37	0.0
-3411.0	29	0.0
-3410.0	26	0.0
-3409.0	36	0.0
-3408.0	38	0.0
-3407.0	29	0.0
-3406.0	30	0.0
-3405.0	37	0.0
-3404.0	33	0.0
-3403.0	25	0.0
-3402.0	29	0.0
-3401.0	31	0.0
-3400.0	29	0.0
-3399.0	42	0.0
-3398.0	37	0.0
-3397.0	22	0.0
-3396.0	35	0.0
-3395.0	29	0.0
-3394.0	31	0.0
-3393.0	41	0.0
-3392.0	30	0.0
-3391.0	39	0.0
-3390.0	35	0.0
-3389.0	21	0.0
-3388.0	35	0.0
-3387.0	35	0.0
-3386.0	24	0.0
-3385.0	27	0.0
-3384.0	32	0.0
-3383.0	22	0.0
-3382.0	29	0.0
-3381.0	31	0.0
-3380.0	34	0.0
-3379.0	37	0.0
-3378.0	32	0.0
-3377.0	25	0.0
-3376.0	32	0.0
-3375.0	35	0.0
-3374.0	34	0.0
-3373.0	35	0.0
-3372.0	37	0.0
-3371.0	33	0.0
-3370.0	36	0.0
-3369.0	34	0.0
-3368.0	38	0.0
-3367.0	32	0.0
-3366.0	33	0.0
-3365.0	34	0.0
-3364.0	27	0.0
-3363.0	38	0.0
-3362.0	26	0.0
-3361.0	33	0.0
-3360.0	34	0.0
-3359.0	30	0.0
-3358.0	35	0.0
-3357.0	32	0.0
-3356.0	42	0.0
-3355.0	36	0.0
-3354.0	31	0.0
-3353.0	25	0.0
-3352.0	34	0.0
-3351.0	35	0.0
-3350.0	34	0.0
-3349.0	28	0.0
-3348.0	41	0.0
-3347.0	27	0.0
-3346.0	35	0.0
-3345.0	29	0.0
-3344.0	36	0.0
-3343.0	47	0.0
-3342.0	34	0.0
-3341.0	21	0.0
-3340.0	41	0.0
-3339.0	32	0.0
-3338.0	33	0.0
-3337.0	28	0.0
-3336.0	25	0.0
-3335.0	36	0.0
-3334.0	35	0.0
-3333.0	35	0.0
-3332.0	31	0.0
-3331.0	32	0.0
-3330.0	25	0.0
-3329.0	33	0.0
-3328.0	39	0.0
-3327.0	39	0.0
-3326.0	38	0.0
-3325.0	34	0.0
-3324.0	32	0.0
-3323.0	37	0.0
-3322.0	35	0.0
-3321.0	27	0.0
-3320.0	35	0.0
-3319.0	30	0.0
-3318.0	40	0.0
-3317.0	39	0.0
-3316.0	33	0.0
-3315.0	30	0.0
-3314.0	31	0.0
-3313.0	30	0.0
-3312.0	38	0.0
-3311.0	32	0.0
-3310.0	36	0.0
-3309.0	30	0.0
-3308.0	31	0.0
-3307.0	23	0.0
-3306.0	39	0.0
-3305.0	19	0.0
-3304.0	27	0.0
-3303.0	37	0.0
-3302.0	38	0.0
-3301.0	38	0.0
-3300.0	33	0.0
-3299.0	39	0.0
-3298.0	29	0.0
-3297.0	31	0.0
-3296.0	30	0.0
-3295.0	30	0.0
-3294.0	28	0.0
-3293.0	47	0.0
-3292.0	32	0.0
-3291.0	28	0.0
-3290.0	39	0.0
-3289.0	36	0.0
-3288.0	35	0.0
-3287.0	27	0.0
-3286.0	32	0.0
-3285.0	38	0.0
-3284.0	30	0.0
-3283.0	22	0.0
-3282.0	37	0.0
-3281.0	32	0.0
-3280.0	25	0.0
-3279.0	38	0.0
-3278.0	23	0.0
-3277.0	25	0.0
-3276.0	24	0.0
-3275.0	39	0.0
-3274.0	38	0.0
-3273.0	35	0.0
-3272.0	24	0.0
-3271.0	31	0.0
-3270.0	30	0.0
-3269.0	33	0.0
-3268.0	32	0.0
-3267.0	40	0.0
-3266.0	35	0.0
-3265.0	27	0.0
-3264.0	27	0.0
-3263.0	38	0.0
-3262.0	28	0.0
-3261.0	33	0.0
-3260.0	30	0.0
-3259.0	37	0.0
-3258.0	29	0.0
-3257.0	32	0.0
-3256.0	33	0.0
-3255.0	38	0.0
-3254.0	28	0.0
-3253.0	28	0.0
-3252.0	28	0.0
-3251.0	28	0.0
-3250.0	43	0.0
-3249.0	37	0.0
-3248.0	39	0.0
-3247.0	29	0.0
-3246.0	32	0.0
-3245.0	32	0.0
-3244.0	39	0.0
-3243.0	31	0.0
-3242.0	35	0.0
-3241.0	22	0.0
-3240.0	45	0.0
-3239.0	36	0.0
-3238.0	34	0.0
-3237.0	36	0.0
-3236.0	26	0.0
-3235.0	29	0.0
-3234.0	37	0.0
-3233.0	27	0.0
-3232.0	30	0.0
-3231.0	33	0.0
-3230.0	38	0.0
-3229.0	36	0.0
-3228.0	26	0.0
-3227.0	39	0.0
-3226.0	30	0.0
-3225.0	32	0.0
-3224.0	27	0.0
-3223.0	27	0.0
-3222.0	32	0.0
-3221.0	35	0.0
-3220.0	27	0.0
-3219.0	45	0.0
-3218.0	29	0.0
-3217.0	36	0.0
-3216.0	39	0.0
-3215.0	26	0.0
-3214.0	32	0.0
-3213.0	40	0.0
-3212.0	34	0.0
-3211.0	27	0.0
-3210.0	33	0.0
-3209.0	28	0.0
-3208.0	37	0.0
-3207.0	34	0.0
-3206.0	36	0.0
-3205.0	39	0.0
-3204.0	38	0.0
-3203.0	34	0.0
-3202.0	32	0.0
-3201.0	33	0.0
-3200.0	37	0.0
-3199.0	32	0.0
-3198.0	32	0.0
-3197.0	29	0.0
-3196.0	27	0.0
-3195.0	35	0.0
-3194.0	26	0.0
-3193.0	27	0.0
-3192.0	34	0.0
-3191.0	33	0.0
-3190.0	42	0.0
-3189.0	29	0.0
-3188.0	38	0.0
-3187.0	44	0.0
-3186.0	39	0.0
-3185.0	25	0.0
-3184.0	40	0.0
-3183.0	25	0.0
-3182.0	27	0.0
-3181.0	23	0.0
-3180.0	31	0.0
-3179.0	37	0.0
-3178.0	27	0.0
-3177.0	28	0.0
-3176.0	42	0.0
-3175.0	31	0.0
-3174.0	39	0.0
-3173.0	24	0.0
-3172.0	40	0.0
-3171.0	26	0.0
-3170.0	36	0.0
-3169.0	32	0.0
-3168.0	43	0.0
-3167.0	29	0.0
-3166.0	28	0.0
-3165.0	46	0.0
-3164.0	35	0.0
-3163.0	32	0.0
-3162.0	37	0.0
-3161.0	36	0.0
-3160.0	32	0.0
-3159.0	30	0.0
-3158.0	16	0.0
-3157.0	38	0.0
-3156.0	45	0.0
-3155.0	28	0.0
-3154.0	35	0.0
-3153.0	26	0.0
-3152.0	28	0.0
-3151.0	30	0.0
-3150.0	34	0.0
-3149.0	36	0.0
-3148.0	34	0.0
-3147.0	41	0.0
-3146.0	33	0.0
-3145.0	37	0.0
-3144.0	31	0.0
-3143.0	32	0.0
-3142.0	30	0.0
-3141.0	37	0.0
-3140.0	29	0.0
-3139.0	34	0.0
-3138.0	30	0.0
-3137.0	45	0.0
-3136.0	30	0.0
-3135.0	17	0.0
-3134.0	35	0.0
-3133.0	44	0.0
-3132.0	33	0.0
-3131.0	24	0.0
-3130.0	41	0.0
-3129.0	30	0.0
-3128.0	38	0.0
-3127.0	38	0.0
-3126.0	38	0.0
-3125.0	36	0.0
-3124.0	32	0.0
-3123.0	32	0.0
-3122.0	29	0.0
-3121.0	30	0.0
-3120.0	32	0.0
-3119.0	26	0.0
-3118.0	23	0.0
-3117.0	29	0.0
-3116.0	41	0.0
-3115.0	34	0.0
-3114.0	21	0.0
-3113.0	27	0.0
-3112.0	40	0.0
-3111.0	25	0.0
-3110.0	33	0.0
-3109.0	31	0.0
-3108.0	35	0.0
-3107.0	26	0.0
-3106.0	36	0.0
-3105.0	25	0.0
-3104.0	20	0.0
-3103.0	44	0.0
-3102.0	29	0.0
-3101.0	35	0.0
-3100.0	34	0.0
-3099.0	24	0.0
-3098.0	38	0.0
-3097.0	31	0.0
-3096.0	38	0.0
-3095.0	34	0.0
-3094.0	36	0.0
-3093.0	21	0.0
-3092.0	43	0.0
-3091.0	31	0.0
-3090.0	22	0.0
-3089.0	31	0.0
-3088.0	43	0.0
-3087.0	34	0.0
-3086.0	32	0.0
-3085.0	31	0.0
-3084.0	30	0.0
-3083.0	33	0.0
-3082.0	26	0.0
-3081.0	27	0.0
-3080.0	35	0.0
-3079.0	34	0.0
-3078.0	38	0.0
-3077.0	44	0.0
-3076.0	34	0.0
-3075.0	27	0.0
-3074.0	35	0.0
-3073.0	32	0.0
-3072.0	31	0.0
-3071.0	21	0.0
-3070.0	31	0.0
-3069.0	38	0.0
-3068.0	36	0.0
-3067.0	33	0.0
-3066.0	43	0.0
-3065.0	28	0.0
-3064.0	31	0.0
-3063.0	33	0.0
-3062.0	29	0.0
-3061.0	34	0.0
-3060.0	34	0.0
-3059.0	24	0.0
-3058.0	29	0.0
-3057.0	37	0.0
-3056.0	28	0.0
-3055.0	27	0.0
-3054.0	39	0.0
-3053.0	40	0.0
-3052.0	30	0.0
-3051.0	31	0.0
-3050.0	37	0.0
-3049.0	36	0.0
-3048.0	34	0.0
-3047.0	30	0.0
-3046.0	40	0.0
-3045.0	21	0.0
-3044.0	31	0.0
-3043.0	44	0.0
-3042.0	39	0.0
-3041.0	28	0.0
-3040.0	26	0.0
-3039.0	34	0.0
-3038.0	39	0.0
-3037.0	53	0.0
-3036.0	30	0.0
-3035.0	34	0.0
-3034.0	29	0.0
-3033.0	25	0.0
-3032.0	22	0.0
-3031.0	29	0.0
-3030.0	26	0.0
-3029.0	36	0.0
-3028.0	38	0.0
-3027.0	26	0.0
-3026.0	33	0.0
-3025.0	33	0.0
-3024.0	44	0.0
-3023.0	31	0.0
-3022.0	33	0.0
-3021.0	33	0.0
-3020.0	28	0.0
-3019.0	29	0.0
-3018.0	40	0.0
-3017.0	39	0.0
-3016.0	37	0.0
-3015.0	45	0.0
-3014.0	34	0.0
-3013.0	23	0.0
-3012.0	42	0.0
-3011.0	39	0.0
-3010.0	52	0.0
-3009.0	26	0.0
-3008.0	42	0.0
-3007.0	24	0.0
-3006.0	27	0.0
-3005.0	49	0.0
-3004.0	34	0.0
-3003.0	49	0.0
-3002.0	23	0.0
-3001.0	33	0.0
-3000.0	35	0.0
-2999.0	32	0.0
-2998.0	36	0.0
-2997.0	33	0.0
-2996.0	36	0.0
-2995.0	31	0.0
-2994.0	28	0.0
-2993.0	31	0.0
-2992.0	25	0.0
-2991.0	48	0.0
-2990.0	31	0.0
-2989.0	35	0.0
-2988.0	28	0.0
-2987.0	31	0.0
-2986.0	32	0.0
-2985.0	33	0.0
-2984.0	25	0.0
-2983.0	38	0.0
-2982.0	30	0.0
-2981.0	25	0.0
-2980.0	36	0.0
-2979.0	35	0.0
-2978.0	32	0.0
-2977.0	32	0.0
-2976.0	29	0.0
-2975.0	28	0.0
-2974.0	23	0.0
-2973.0	36	0.0
-2972.0	43	0.0
-2971.0	35	0.0
-2970.0	29	0.0
-2969.0	35	0.0
-2968.0	30	0.0
-2967.0	38	0.0
-2966.0	24	0.0
-2965.0	34	0.0
-2964.0	38	0.0
-2963.0	38	0.0
-2962.0	28	0.0
-2961.0	29	0.0
-2960.0	31	0.0
-2959.0	36	0.0
-2958.0	41	0.0
-2957.0	35	0.0
-2956.0	38	0.0
-2955.0	30	0.0
-2954.0	33	0.0
-2953.0	28	0.0
-2952.0	33	0.0
-2951.0	31	0.0
-2950.0	43	0.0
-2949.0	32	0.0
-2948.0	44	0.0
-2947.0	44	0.0
-2946.0	31	0.0
-2945.0	38	0.0
-2944.0	48	0.0
-2943.0	28	0.0
-2942.0	32	0.0
-2941.0	25	0.0
-2940.0	36	0.0
-2939.0	35	0.0
-2938.0	27	0.0
-2937.0	23	0.0
-2936.0	43	0.0
-2935.0	26	0.0
-2934.0	36	0.0
-2933.0	41	0.0
-2932.0	26	0.0
-2931.0	30	0.0
-2930.0	38	0.0
-2929.0	38	0.0
-2928.0	29	0.0
-2927.0	35	0.0
-2926.0	31	0.0
-2925.0	21	0.0
-2924.0	23	0.0
-2923.0	35	0.0
-2922.0	40	0.0
-2921.0	28	0.0
-2920.0	27	0.0
-2919.0	22	0.0
-2918.0	30	0.0
-2917.0	35	0.0
-2916.0	40	0.0
-2915.0	31	0.0
-2914.0	44	0.0
-2913.0	32	0.0
-2912.0	35	0.0
-2911.0	27	0.0
-2910.0	43	0.0
-2909.0	21	0.0
-2908.0	35	0.0
-2907.0	25	0.0
-2906.0	52	0.0
-2905.0	42	0.0
-2904.0	44	0.0
-2903.0	39	0.0
-2902.0	28	0.0
-2901.0	37	0.0
-2900.0	34	0.0
-2899.0	32	0.0
-2898.0	28	0.0
-2897.0	32	0.0
-2896.0	32	0.0
-2895.0	27	0.0
-2894.0	30	0.0
-2893.0	37	0.0
-2892.0	29	0.0
-2891.0	36	0.0
-2890.0	31	0.0
-2889.0	35	0.0
-2888.0	31	0.0
-2887.0	42	0.0
-2886.0	35	0.0
-2885.0	32	0.0
-2884.0	43	0.0
-2883.0	39	0.0
-2882.0	39	0.0
-2881.0	34	0.0
-2880.0	25	0.0
-2879.0	20	0.0
-2878.0	36	0.0
-2877.0	29	0.0
-2876.0	28	0.0
-2875.0	40	0.0
-2874.0	43	0.0
-2873.0	30	0.0
-2872.0	26	0.0
-2871.0	37	0.0
-2870.0	33	0.0
-2869.0	38	0.0
-2868.0	31	0.0
-2867.0	34	0.0
-2866.0	37	0.0
-2865.0	41	0.0
-2864.0	37	0.0
-2863.0	34	0.0
-2862.0	24	0.0
-2861.0	40	0.0
-2860.0	24	0.0
-2859.0	24	0.0
-2858.0	32	0.0
-2857.0	29	0.0
-2856.0	35	0.0
-2855.0	28	0.0
-2854.0	29	0.0
-2853.0	23	0.0
-2852.0	31	0.0
-2851.0	34	0.0
-2850.0	38	0.0
-2849.0	33	0.0
-2848.0	42	0.0
-2847.0	36	0.0
-2846.0	33	0.0
-2845.0	28	0.0
-2844.0	36	0.0
-2843.0	39	0.0
-2842.0	30	0.0
-2841.0	42	0.0
-2840.0	28	0.0
-2839.0	29	0.0
-2838.0	31	0.0
-2837.0	28	0.0
-2836.0	28	0.0
-2835.0	44	0.0
-2834.0	31	0.0
-2833.0	36	0.0
-2832.0	31	0.0
-2831.0	35	0.0
-2830.0	37	0.0
-2829.0	16	0.0
-2828.0	35	0.0
-2827.0	23	0.0
-2826.0	22	0.0
-2825.0	40	0.0
-2824.0	33	0.0
-2823.0	33	0.0
-2822.0	42	0.0
-2821.0	37	0.0
-2820.0	30	0.0
-2819.0	32	0.0
-2818.0	31	0.0
-2817.0	29	0.0
-2816.0	39	0.0
-2815.0	24	0.0
-2814.0	20	0.0
-2813.0	40	0.0
-2812.0	37	0.0
-2811.0	30	0.0
-2810.0	34	0.0
-2809.0	40	0.0
-2808.0	34	0.0
-2807.0	37	0.0
-2806.0	41	0.0
-2805.0	34	0.0
-2804.0	34	0.0
-2803.0	22	0.0
-2802.0	30	0.0
-2801.0	34	0.0
-2800.0	32	0.0
-2799.0	37	0.0
-2798.0	34	0.0
-2797.0	24	0.0
-2796.0	33	0.0
-2795.0	34	0.0
-2794.0	28	0.0
-2793.0	39	0.0
-2792.0	44	0.0
-2791.0	31	0.0
-2790.0	32	0.0
-2789.0	21	0.0
-2788.0	34	0.0
-2787.0	34	0.0
-2786.0	37	0.0
-2785.0	26	0.0
-2784.0	39	0.0
-2783.0	32	0.0
-2782.0	29	0.0
-2781.0	28	0.0
-2780.0	42	0.0
-2779.0	34	0.0
-2778.0	43	0.0
-2777.0	33	0.0
-2776.0	43	0.0
-2775.0	39	0.0
-2774.0	31	0.0
-2773.0	31	0.0
-2772.0	29	0.0
-2771.0	25	0.0
-2770.0	32	0.0
-2769.0	39	0.0
-2768.0	39	0.0
-2767.0	31	0.0
-2766.0	38	0.0
-2765.0	38	0.0
-2764.0	33	0.0
-2763.0	39	0.0
-2762.0	40	0.0
-2761.0	37	0.0
-2760.0	39	0.0
-2759.0	21	0.0
-2758.0	39	0.0
-2757.0	34	0.0
-2756.0	40	0.0
-2755.0	27	0.0
-2754.0	30	0.0
-2753.0	23	0.0
-2752.0	26	0.0
-2751.0	25	0.0
-2750.0	29	0.0
-2749.0	41	0.0
-2748.0	30	0.0
-2747.0	36	0.0
-2746.0	37	0.0
-2745.0	32	0.0
-2744.0	29	0.0
-2743.0	29	0.0
-2742.0	46	0.0
-2741.0	28	0.0
-2740.0	45	0.0
-2739.0	32	0.0
-2738.0	36	0.0
-2737.0	24	0.0
-2736.0	38	0.0
-2735.0	23	0.0
-2734.0	32	0.0
-2733.0	24	0.0
-2732.0	31	0.0
-2731.0	26	0.0
-2730.0	27	0.0
-2729.0	40	0.0
-2728.0	39	0.0
-2727.0	27	0.0
-2726.0	39	0.0
-2725.0	36	0.0
-2724.0	38	0.0
-2723.0	32	0.0
-2722.0	27	0.0
-2721.0	30	0.0
-2720.0	37	0.0
-2719.0	33	0.0
-2718.0	30	0.0
-2717.0	33	0.0
-2716.0	43	0.0
-2715.0	26	0.0
-2714.0	42	0.0
-2713.0	30	0.0
-2712.0	32	0.0
-2711.0	33	0.0
-2710.0	20	0.0
-2709.0	27	0.0
-2708.0	21	0.0
-2707.0	44	0.0
-2706.0	49	0.0
-2705.0	35	0.0
-2704.0	27	0.0
-2703.0	26	0.0
-2702.0	21	0.0
-2701.0	29	0.0
-2700.0	38	0.0
-2699.0	22	0.0
-2698.0	33	0.0
-2697.0	23	0.0
-2696.0	36	0.0
-2695.0	33	0.0
-2694.0	35	0.0
-2693.0	32	0.0
-2692.0	32	0.0
-2691.0	32	0.0
-2690.0	34	0.0
-2689.0	37	0.0
-2688.0	34	0.0
-2687.0	26	0.0
-2686.0	36	0.0
-2685.0	33	0.0
-2684.0	27	0.0
-2683.0	33	0.0
-2682.0	28	0.0
-2681.0	30	0.0
-2680.0	30	0.0
-2679.0	41	0.0
-2678.0	30	0.0
-2677.0	25	0.0
-2676.0	29	0.0
-2675.0	32	0.0
-2674.0	33	0.0
-2673.0	24	0.0
-2672.0	27	0.0
-2671.0	23	0.0
-2670.0	36	0.0
-2669.0	35	0.0
-2668.0	34	0.0
-2667.0	30	0.0
-2666.0	44	0.0
-2665.0	38	0.0
-2664.0	24	0.0
-2663.0	37	0.0
-2662.0	39	0.0
-2661.0	30	0.0
-2660.0	34	0.0
-2659.0	37	0.0
-2658.0	30	0.0
-2657.0	33	0.0
-2656.0	32	0.0
-2655.0	29	0.0
-2654.0	34	0.0
-2653.0	36	0.0
-2652.0	31	0.0
-2651.0	37	0.0
-2650.0	29	0.0
-2649.0	28	0.0
-2648.0	36	0.0
-2647.0	29	0.0
-2646.0	33	0.0
-2645.0	23	0.0
-2644.0	30	0.0
-2643.0	27	0.0
-2642.0	27	0.0
-2641.0	39	0.0
-2640.0	31	0.0
-2639.0	33	0.0
-2638.0	32	0.0
-2637.0	38	0.0
-2636.0	31	0.0
-2635.0	36	0.0
-2634.0	30	0.0
-2633.0	36	0.0
-2632.0	36	0.0
-2631.0	33	0.0
-2630.0	31	0.0
-2629.0	31	0.0
-2628.0	31	0.0
-2627.0	26	0.0
-2626.0	29	0.0
-2625.0	33	0.0
-2624.0	29	0.0
-2623.0	28	0.0
-2622.0	31	0.0
-2621.0	45	0.0
-2620.0	41	0.0
-2619.0	28	0.0
-2618.0	34	0.0
-2617.0	40	0.0
-2616.0	32	0.0
-2615.0	26	0.0
-2614.0	33	0.0
-2613.0	42	0.0
-2612.0	34	0.0
-2611.0	41	0.0
-2610.0	35	0.0
-2609.0	34	0.0
-2608.0	44	0.0
-2607.0	49	0.0
-2606.0	31	0.0
-2605.0	33	0.0
-2604.0	35	0.0
-2603.0	38	0.0
-2602.0	31	0.0
-2601.0	23	0.0
-2600.0	40	0.0
-2599.0	31	0.0
-2598.0	51	0.0
-2597.0	35	0.0
-2596.0	27	0.0
-2595.0	31	0.0
-2594.0	28	0.0
-2593.0	30	0.0
-2592.0	31	0.0
-2591.0	39	0.0
-2590.0	35	0.0
-2589.0	32	0.0
-2588.0	29	0.0
-2587.0	22	0.0
-2586.0	37	0.0
-2585.0	30	0.0
-2584.0	26	0.0
-2583.0	35	0.0
-2582.0	41	0.0
-2581.0	31	0.0
-2580.0	32	0.0
-2579.0	37	0.0
-2578.0	34	0.0
-2577.0	28	0.0
-2576.0	35	0.0
-2575.0	36	0.0
-2574.0	33	0.0
-2573.0	31	0.0
-2572.0	37	0.0
-2571.0	25	0.0
-2570.0	33	0.0
-2569.0	39	0.0
-2568.0	25	0.0
-2567.0	34	0.0
-2566.0	31	0.0
-2565.0	36	0.0
-2564.0	27	0.0
-2563.0	29	0.0
-2562.0	40	0.0
-2561.0	32	0.0
-2560.0	26	0.0
-2559.0	18	0.0
-2558.0	27	0.0
-2557.0	25	0.0
-2556.0	33	0.0
-2555.0	40	0.0
-2554.0	34	0.0
-2553.0	31	0.0
-2552.0	32	0.0
-2551.0	30	0.0
-2550.0	32	0.0
-2549.0	28	0.0
-2548.0	37	0.0
-2547.0	18	0.0
-2546.0	32	0.0
-2545.0	35	0.0
-2544.0	41	0.0
-2543.0	33	0.0
-2542.0	36	0.0
-2541.0	32	0.0
-2540.0	31	0.0
-2539.0	31	0.0
-2538.0	37	0.0
-2537.0	32	0.0
-2536.0	28	0.0
-2535.0	30	0.0
-2534.0	29	0.0
-2533.0	34	0.0
-2532.0	48	0.0
-2531.0	40	0.0
-2530.0	39	0.0
-2529.0	27	0.0
-2528.0	30	0.0
-2527.0	24	0.0
-2526.0	42	0.0
-2525.0	31	0.0
-2524.0	37	0.0
-2523.0	18	0.0
-2522.0	39	0.0
-2521.0	37	0.0
-2520.0	36	0.0
-2519.0	32	0.0
-2518.0	30	0.0
-2517.0	40	0.0
-2516.0	33	0.0
-2515.0	43	0.0
-2514.0	27	0.0
-2513.0	41	0.0
-2512.0	37	0.0
-2511.0	28	0.0
-2510.0	30	0.0
-2509.0	27	0.0
-2508.0	29	0.0
-2507.0	36	0.0
-2506.0	26	0.0
-2505.0	32	0.0
-2504.0	30	0.0
-2503.0	40	0.0
-2502.0	32	0.0
-2501.0	42	0.0
-2500.0	46	0.0
-2499.0	29	0.0
-2498.0	24	0.0
-2497.0	27	0.0
-2496.0	24	0.0
-2495.0	26	0.0
-2494.0	32	0.0
-2493.0	31	0.0
-2492.0	35	0.0
-2491.0	32	0.0
-2490.0	39	0.0
-2489.0	28	0.0
-2488.0	34	0.0
-2487.0	33	0.0
-2486.0	45	0.0
-2485.0	28	0.0
-2484.0	44	0.0
-2483.0	33	0.0
-2482.0	28	0.0
-2481.0	33	0.0
-2480.0	23	0.0
-2479.0	24	0.0
-2478.0	28	0.0
-2477.0	35	0.0
-2476.0	20	0.0
-2475.0	29	0.0
-2474.0	26	0.0
-2473.0	26	0.0
-2472.0	40	0.0
-2471.0	37	0.0
-2470.0	35	0.0
-2469.0	42	0.0
-2468.0	46	0.0
-2467.0	36	0.0
-2466.0	32	0.0
-2465.0	29	0.0
-2464.0	36	0.0
-2463.0	36	0.0
-2462.0	34	0.0
-2461.0	34	0.0
-2460.0	33	0.0
-2459.0	37	0.0
-2458.0	35	0.0
-2457.0	23	0.0
-2456.0	31	0.0
-2455.0	33	0.0
-2454.0	37	0.0
-2453.0	35	0.0
-2452.0	35	0.0
-2451.0	33	0.0
-2450.0	31	0.0
-2449.0	24	0.0
-2448.0	24	0.0
-2447.0	27	0.0
-2446.0	30	0.0
-2445.0	28	0.0
-2444.0	29	0.0
-2443.0	26	0.0
-2442.0	37	0.0
-2441.0	31	0.0
-2440.0	32	0.0
-2439.0	27	0.0
-2438.0	37	0.0
-2437.0	27	0.0
-2436.0	35	0.0
-2435.0	26	0.0
-2434.0	25	0.0
-2433.0	37	0.0
-2432.0	26	0.0
-2431.0	38	0.0
-2430.0	30	0.0
-2429.0	35	0.0
-2428.0	26	0.0
-2427.0	36	0.0
-2426.0	29	0.0
-2425.0	34	0.0
-2424.0	35	0.0
-2423.0	21	0.0
-2422.0	30	0.0
-2421.0	32	0.0
-2420.0	29	0.0
-2419.0	37	0.0
-2418.0	30	0.0
-2417.0	31	0.0
-2416.0	36	0.0
-2415.0	34	0.0
-2414.0	30	0.0
-2413.0	35	0.0
-2412.0	29	0.0
-2411.0	28	0.0
-2410.0	20	0.0
-2409.0	35	0.0
-2408.0	39	0.0
-2407.0	31	0.0
-2406.0	37	0.0
-2405.0	32	0.0
-2404.0	47	0.0
-2403.0	39	0.0
-2402.0	34	0.0
-2401.0	31	0.0
-2400.0	29	0.0
-2399.0	36	0.0
-2398.0	33	0.0
-2397.0	23	0.0
-2396.0	35	0.0
-2395.0	35	0.0
-2394.0	30	0.0
-2393.0	34	0.0
-2392.0	35	0.0
-2391.0	30	0.0
-2390.0	33	0.0
-2389.0	32	0.0
-2388.0	32	0.0
-2387.0	31	0.0
-2386.0	36	0.0
-2385.0	34	0.0
-2384.0	34	0.0
-2383.0	38	0.0
-2382.0	27	0.0
-2381.0	41	0.0
-2380.0	15	0.0
-2379.0	28	0.0
-2378.0	27	0.0
-2377.0	35	0.0
-2376.0	26	0.0
-2375.0	38	0.0
-2374.0	28	0.0
-2373.0	36	0.0
-2372.0	32	0.0
-2371.0	29	0.0
-2370.0	38	0.0
-2369.0	36	0.0
-2368.0	29	0.0
-2367.0	33	0.0
-2366.0	27	0.0
-2365.0	33	0.0
-2364.0	38	0.0
-2363.0	46	0.0
-2362.0	34	0.0
-2361.0	33	0.0
-2360.0	29	0.0
-2359.0	24	0.0
-2358.0	29	0.0
-2357.0	44	0.0
-2356.0	27	0.0
-2355.0	33	0.0
-2354.0	23	0.0
-2353.0	32	0.0
-2352.0	33	0.0
-2351.0	31	0.0
-2350.0	28	0.0
-2349.0	46	0.0
-2348.0	36	0.0
-2347.0	27	0.0
-2346.0	35	0.0
-2345.0	30	0.0
-2344.0	29	0.0
-2343.0	37	0.0
-2342.0	29	0.0
-2341.0	34	0.0
-2340.0	33	0.0
-2339.0	24	0.0
-2338.0	51	0.0
-2337.0	29	0.0
-2336.0	34	0.0
-2335.0	37	0.0
-2334.0	33	0.0
-2333.0	32	0.0
-2332.0	24	0.0
-2331.0	39	0.0
-2330.0	37	0.0
-2329.0	35	0.0
-2328.0	35	0.0
-2327.0	35	0.0
-2326.0	34	0.0
-2325.0	36	0.0
-2324.0	35	0.0
-2323.0	30	0.0
-2322.0	37	0.0
-2321.0	31	0.0
-2320.0	31	0.0
-2319.0	40	0.0
-2318.0	27	0.0
-2317.0	21	0.0
-2316.0	31	0.0
-2315.0	39	0.0
-2314.0	37	0.0
-2313.0	18	0.0
-2312.0	32	0.0
-2311.0	32	0.0
-2310.0	37	0.0
-2309.0	38	0.0
-2308.0	32	0.0
-2307.0	34	0.0
-2306.0	25	0.0
-2305.0	34	0.0
-2304.0	32	0.0
-2303.0	39	0.0
-2302.0	22	0.0
-2301.0	24	0.0
-2300.0	29	0.0
-2299.0	22	0.0
-2298.0	31	0.0
-2297.0	35	0.0
-2296.0	30	0.0
-2295.0	30	0.0
-2294.0	34	0.0
-2293.0	39	0.0
-2292.0	43	0.0
-2291.0	34	0.0
-2290.0	30	0.0
-2289.0	27	0.0
-2288.0	26	0.0
-2287.0	32	0.0
-2286.0	23	0.0
-2285.0	28	0.0
-2284.0	28	0.0
-2283.0	36	0.0
-2282.0	34	0.0
-2281.0	34	0.0
-2280.0	33	0.0
-2279.0	31	0.0
-2278.0	38	0.0
-2277.0	43	0.0
-2276.0	37	0.0
-2275.0	35	0.0
-2274.0	33	0.0
-2273.0	26	0.0
-2272.0	34	0.0
-2271.0	33	0.0
-2270.0	27	0.0
-2269.0	35	0.0
-2268.0	31	0.0
-2267.0	44	0.0
-2266.0	29	0.0
-2265.0	34	0.0
-2264.0	38	0.0
-2263.0	34	0.0
-2262.0	27	0.0
-2261.0	41	0.0
-2260.0	32	0.0
-2259.0	30	0.0
-2258.0	33	0.0
-2257.0	36	0.0
-2256.0	25	0.0
-2255.0	19	0.0
-2254.0	27	0.0
-2253.0	25	0.0
-2252.0	32	0.0
-2251.0	18	0.0
-2250.0	28	0.0
-2249.0	28	0.0
-2248.0	29	0.0
-2247.0	24	0.0
-2246.0	22	0.0
-2245.0	34	0.0
-2244.0	34	0.0
-2243.0	36	0.0
-2242.0	36	0.0
-2241.0	30	0.0
-2240.0	38	0.0
-2239.0	41	0.0
-2238.0	34	0.0
-2237.0	31	0.0
-2236.0	37	0.0
-2235.0	27	0.0
-2234.0	29	0.0
-2233.0	33	0.0
-2232.0	27	0.0
-2231.0	35	0.0
-2230.0	33	0.0
-2229.0	29	0.0
-2228.0	29	0.0
-2227.0	35	0.0
-2226.0	37	0.0
-2225.0	34	0.0
-2224.0	31	0.0
-2223.0	20	0.0
-2222.0	31	0.0
-2221.0	49	0.0
-2220.0	28	0.0
-2219.0	32	0.0
-2218.0	35	0.0
-2217.0	40	0.0
-2216.0	28	0.0
-2215.0	35	0.0
-2214.0	43	0.0
-2213.0	29	0.0
-2212.0	30	0.0
-2211.0	42	0.0
-2210.0	27	0.0
-2209.0	29	0.0
-2208.0	25	0.0
-2207.0	25	0.0
-2206.0	36	0.0
-2205.0	32	0.0
-2204.0	39	0.0
-2203.0	35	0.0
-2202.0	24	0.0
-2201.0	35	0.0
-2200.0	49	0.0
-2199.0	30	0.0
-2198.0	25	0.0
-2197.0	47	0.0
-2196.0	35	0.0
-2195.0	39	0.0
-2194.0	45	0.0
-2193.0	34	0.0
-2192.0	27	0.0
-2191.0	37	0.0
-2190.0	36	0.0
-2189.0	32	0.0
-2188.0	28	0.0
-2187.0	30	0.0
-2186.0	28	0.0
-2185.0	26	0.0
-2184.0	36	0.0
-2183.0	23	0.0
-2182.0	31	0.0
-2181.0	32	0.0
-2180.0	36	0.0
-2179.0	37	0.0
-2178.0	37	0.0
-2177.0	23	0.0
-2176.0	25	0.0
-2175.0	33	0.0
-2174.0	27	0.0
-2173.0	41	0.0
-2172.0	30	0.0
-2171.0	26	0.0
-2170.0	38	0.0
-2169.0	38	0.0
-2168.0	31	0.0
-2167.0	32	0.0
-2166.0	27	0.0
-2165.0	37	0.0
-2164.0	27	0.0
-2163.0	41	0.0
-2162.0	32	0.0
-2161.0	25	0.0
-2160.0	33	0.0
-2159.0	31	0.0
-2158.0	34	0.0
-2157.0	24	0.0
-2156.0	47	0.0
-2155.0	26	0.0
-2154.0	30	0.0
-2153.0	44	0.0
-2152.0	37	0.0
-2151.0	31	0.0
-2150.0	39	0.0
-2149.0	25	0.0
-2148.0	29	0.0
-2147.0	37	0.0
-2146.0	35	0.0
-2145.0	28	0.0
-2144.0	40	0.0
-2143.0	28	0.0
-2142.0	34	0.0
-2141.0	28	0.0
-2140.0	26	0.0
-2139.0	36	0.0
-2138.0	36	0.0
-2137.0	25	0.0
-2136.0	39	0.0
-2135.0	30	0.0
-2134.0	35	0.0
-2133.0	28	0.0
-2132.0	36	0.0
-2131.0	26	0.0
-2130.0	34	0.0
-2129.0	30	0.0
-2128.0	35	0.0
-2127.0	27	0.0
-2126.0	26	0.0
-2125.0	38	0.0
-2124.0	38	0.0
-2123.0	42	0.0
-2122.0	28	0.0
-2121.0	49	0.0
-2120.0	45	0.0
-2119.0	35	0.0
-2118.0	32	0.0
-2117.0	16	0.0
-2116.0	32	0.0
-2115.0	42	0.0
-2114.0	44	0.0
-2113.0	27	0.0
-2112.0	33	0.0
-2111.0	38	0.0
-2110.0	32	0.0
-2109.0	37	0.0
-2108.0	35	0.0
-2107.0	29	0.0
-2106.0	27	0.0
-2105.0	40	0.0
-2104.0	32	0.0
-2103.0	29	0.0
-2102.0	20	0.0
-2101.0	39	0.0
-2100.0	36	0.0
-2099.0	34	0.0
-2098.0	27	0.0
-2097.0	32	0.0
-2096.0	32	0.0
-2095.0	33	0.0
-2094.0	32	0.0
-2093.0	30	0.0
-2092.0	36	0.0
-2091.0	26	0.0
-2090.0	30	0.0
-2089.0	30	0.0
-2088.0	41	0.0
-2087.0	39	0.0
-2086.0	34	0.0
-2085.0	36	0.0
-2084.0	28	0.0
-2083.0	28	0.0
-2082.0	33	0.0
-2081.0	31	0.0
-2080.0	36	0.0
-2079.0	28	0.0
-2078.0	34	0.0
-2077.0	34	0.0
-2076.0	30	0.0
-2075.0	34	0.0
-2074.0	32	0.0
-2073.0	27	0.0
-2072.0	26	0.0
-2071.0	36	0.0
-2070.0	24	0.0
-2069.0	39	0.0
-2068.0	32	0.0
-2067.0	29	0.0
-2066.0	32	0.0
-2065.0	40	0.0
-2064.0	36	0.0
-2063.0	40	0.0
-2062.0	31	0.0
-2061.0	40	0.0
-2060.0	41	0.0
-2059.0	35	0.0
-2058.0	41	0.0
-2057.0	28	0.0
-2056.0	25	0.0
-2055.0	39	0.0
-2054.0	36	0.0
-2053.0	37	0.0
-2052.0	28	0.0
-2051.0	28	0.0
-2050.0	41	0.0
-2049.0	32	0.0
-2048.0	34	0.0
-2047.0	34	0.0
-2046.0	34	0.0
-2045.0	29	0.0
-2044.0	35	0.0
-2043.0	34	0.0
-2042.0	47	0.0
-2041.0	31	0.0
-2040.0	32	0.0
-2039.0	27	0.0
-2038.0	34	0.0
-2037.0	30	0.0
-2036.0	35	0.0
-2035.0	28	0.0
-2034.0	32	0.0
-2033.0	39	0.0
-2032.0	38	0.0
-2031.0	30	0.0
-2030.0	35	0.0
-2029.0	42	0.0
-2028.0	25	0.0
-2027.0	40	0.0
-2026.0	36	0.0
-2025.0	40	0.0
-2024.0	36	0.0
-2023.0	33	0.0
-2022.0	39	0.0
-2021.0	30	0.0
-2020.0	41	0.0
-2019.0	27	0.0
-2018.0	31	0.0
-2017.0	35	0.0
-2016.0	47	0.0
-2015.0	26	0.0
-2014.0	32	0.0
-2013.0	42	0.0
-2012.0	24	0.0
-2011.0	34	0.0
-2010.0	37	0.0
-2009.0	36	0.0
-2008.0	38	0.0
-2007.0	26	0.0
-2006.0	31	0.0
-2005.0	28	0.0
-2004.0	23	0.0
-2003.0	26	0.0
-2002.0	32	0.0
-2001.0	42	0.0
-2000.0	35	0.0
-1999.0	26	0.0
-1998.0	34	0.0
-1997.0	39	0.0
-1996.0	34	0.0
-1995.0	31	0.0
-1994.0	28	0.0
-1993.0	35	0.0
-1992.0	29	0.0
-1991.0	25	0.0
-1990.0	26	0.0
-1989.0	25	0.0
-1988.0	38	0.0
-1987.0	35	0.0
-1986.0	41	0.0
-1985.0	33	0.0
-1984.0	32	0.0
-1983.0	21	0.0
-1982.0	28	0.0
-1981.0	34	0.0
-1980.0	27	0.0
-1979.0	34	0.0
-1978.0	30	0.0
-1977.0	29	0.0
-1976.0	25	0.0
-1975.0	36	0.0
-1974.0	30	0.0
-1973.0	33	0.0
-1972.0	48	0.0
-1971.0	35	0.0
-1970.0	31	0.0
-1969.0	23	0.0
-1968.0	34	0.0
-1967.0	24	0.0
-1966.0	36	0.0
-1965.0	20	0.0
-1964.0	36	0.0
-1963.0	35	0.0
-1962.0	37	0.0
-1961.0	30	0.0
-1960.0	32	0.0
-1959.0	29	0.0
-1958.0	29	0.0
-1957.0	34	0.0
-1956.0	30	0.0
-1955.0	46	0.0
-1954.0	27	0.0
-1953.0	23	0.0
-1952.0	38	0.0
-1951.0	27	0.0
-1950.0	36	0.0
-1949.0	21	0.0
-1948.0	36	0.0
-1947.0	41	0.0
-1946.0	34	0.0
-1945.0	38	0.0
-1944.0	28	0.0
-1943.0	27	0.0
-1942.0	18	0.0
-1941.0	33	0.0
-1940.0	35	0.0
-1939.0	33	0.0
-1938.0	43	0.0
-1937.0	32	0.0
-1936.0	36	0.0
-1935.0	46	0.0
-1934.0	35	0.0
-1933.0	29	0.0
-1932.0	16	0.0
-1931.0	34	0.0
-1930.0	37	0.0
-1929.0	34	0.0
-1928.0	27	0.0
-1927.0	37	0.0
-1926.0	27	0.0
-1925.0	31	0.0
-1924.0	36	0.0
-1923.0	33	0.0
-1922.0	28	0.0
-1921.0	29	0.0
-1920.0	26	0.0
-1919.0	31	0.0
-1918.0	28	0.0
-1917.0	29	0.0
-1916.0	31	0.0
-1915.0	42	0.0
-1914.0	29	0.0
-1913.0	26	0.0
-1912.0	36	0.0
-1911.0	23	0.0
-1910.0	30	0.0
-1909.0	33	0.0
-1908.0	29	0.0
-1907.0	31	0.0
-1906.0	35	0.0
-1905.0	31	0.0
-1904.0	39	0.0
-1903.0	41	0.0
-1902.0	37	0.0
-1901.0	30	0.0
-1900.0	23	0.0
-1899.0	35	0.0
-1898.0	36	0.0
-1897.0	34	0.0
-1896.0	20	0.0
-1895.0	39	0.0
-1894.0	41	0.0
-1893.0	35	0.0
-1892.0	33	0.0
-1891.0	41	0.0
-1890.0	33	0.0
-1889.0	27	0.0
-1888.0	40	0.0
-1887.0	38	0.0
-1886.0	30	0.0
-1885.0	37	0.0
-1884.0	32	0.0
-1883.0	41	0.0
-1882.0	34	0.0
-1881.0	33	0.0
-1880.0	30	0.0
-1879.0	21	0.0
-1878.0	29	0.0
-1877.0	33	0.0
-1876.0	32	0.0
-1875.0	32	0.0
-1874.0	45	0.0
-1873.0	30	0.0
-1872.0	32	0.0
-1871.0	34	0.0
-1870.0	30	0.0
-1869.0	33	0.0
-1868.0	30	0.0
-1867.0	31	0.0
-1866.0	29	0.0
-1865.0	42	0.0
-1864.0	35	0.0
-1863.0	24	0.0
-1862.0	36	0.0
-1861.0	28	0.0
-1860.0	36	0.0
-1859.0	25	0.0
-1858.0	34	0.0
-1857.0	28	0.0
-1856.0	29	0.0
-1855.0	31	0.0
-1854.0	33	0.0
-1853.0	30	0.0
-1852.0	32	0.0
-1851.0	35	0.0
-1850.0	36	0.0
-1849.0	32	0.0
-1848.0	30	0.0
-1847.0	31	0.0
-1846.0	41	0.0
-1845.0	30	0.0
-1844.0	42	0.0
-1843.0	34	0.0
-1842.0	27	0.0
-1841.0	19	0.0
-1840.0	33	0.0
-1839.0	30	0.0
-1838.0	33	0.0
-1837.0	27	0.0
-1836.0	36	0.0
-1835.0	28	0.0
-1834.0	29	0.0
-1833.0	27	0.0
-1832.0	30	0.0
-1831.0	31	0.0
-1830.0	29	0.0
-1829.0	28	0.0
-1828.0	37	0.0
-1827.0	28	0.0
-1826.0	29	0.0
-1825.0	40	0.0
-1824.0	41	0.0
-1823.0	32	0.0
-1822.0	29	0.0
-1821.0	28	0.0
-1820.0	28	0.0
-1819.0	30	0.0
-1818.0	37	0.0
-1817.0	32	0.0
-1816.0	31	0.0
-1815.0	41	0.0
-1814.0	39	0.0
-1813.0	32	0.0
-1812.0	37	0.0
-1811.0	27	0.0
-1810.0	37	0.0
-1809.0	29	0.0
-1808.0	31	0.0
-1807.0	39	0.0
-1806.0	33	0.0
-1805.0	30	0.0
-1804.0	37	0.0
-1803.0	37	0.0
-1802.0	35	0.0
-1801.0	36	0.0
-1800.0	35	0.0
-1799.0	31	0.0
-1798.0	34	0.0
-1797.0	22	0.0
-1796.0	33	0.0
-1795.0	34	0.0
-1794.0	43	0.0
-1793.0	37	0.0
-1792.0	40	0.0
-1791.0	33	0.0
-1790.0	39	0.0
-1789.0	31	0.0
-1788.0	36	0.0
-1787.0	33	0.0
-1786.0	24	0.0
-1785.0	36	0.0
-1784.0	22	0.0
-1783.0	30	0.0
-1782.0	27	0.0
-1781.0	32	0.0
-1780.0	40	0.0
-1779.0	24	0.0
-1778.0	34	0.0
-1777.0	35	0.0
-1776.0	36	0.0
-1775.0	35	0.0
-1774.0	31	0.0
-1773.0	28	0.0
-1772.0	37	0.0
-1771.0	22	0.0
-1770.0	25	0.0
-1769.0	41	0.0
-1768.0	31	0.0
-1767.0	36	0.0
-1766.0	27	0.0
-1765.0	34	0.0
-1764.0	30	0.0
-1763.0	34	0.0
-1762.0	39	0.0
-1761.0	30	0.0
-1760.0	28	0.0
-1759.0	31	0.0
-1758.0	24	0.0
-1757.0	36	0.0
-1756.0	34	0.0
-1755.0	26	0.0
-1754.0	31	0.0
-1753.0	33	0.0
-1752.0	30	0.0
-1751.0	40	0.0
-1750.0	31	0.0
-1749.0	31	0.0
-1748.0	35	0.0
-1747.0	41	0.0
-1746.0	34	0.0
-1745.0	33	0.0
-1744.0	39	0.0
-1743.0	31	0.0
-1742.0	37	0.0
-1741.0	32	0.0
-1740.0	35	0.0
-1739.0	47	0.0
-1738.0	32	0.0
-1737.0	25	0.0
-1736.0	28	0.0
-1735.0	26	0.0
-1734.0	38	0.0
-1733.0	36	0.0
-1732.0	36	0.0
-1731.0	35	0.0
-1730.0	29	0.0
-1729.0	25	0.0
-1728.0	31	0.0
-1727.0	27	0.0
-1726.0	20	0.0
-1725.0	31	0.0
-1724.0	32	0.0
-1723.0	19	0.0
-1722.0	33	0.0
-1721.0	34	0.0
-1720.0	38	0.0
-1719.0	33	0.0
-1718.0	38	0.0
-1717.0	35	0.0
-1716.0	32	0.0
-1715.0	33	0.0
-1714.0	31	0.0
-1713.0	32	0.0
-1712.0	27	0.0
-1711.0	31	0.0
-1710.0	32	0.0
-1709.0	27	0.0
-1708.0	47	0.0
-1707.0	38	0.0
-1706.0	36	0.0
-1705.0	33	0.0
-1704.0	36	0.0
-1703.0	32	0.0
-1702.0	30	0.0
-1701.0	29	0.0
-1700.0	32	0.0
-1699.0	36	0.0
-1698.0	34	0.0
-1697.0	31	0.0
-1696.0	35	0.0
-1695.0	32	0.0
-1694.0	35	0.0
-1693.0	27	0.0
-1692.0	32	0.0
-1691.0	32	0.0
-1690.0	40	0.0
-1689.0	28	0.0
-1688.0	39	0.0
-1687.0	35	0.0
-1686.0	36	0.0
-1685.0	34	0.0
-1684.0	36	0.0
-1683.0	35	0.0
-1682.0	37	0.0
-1681.0	39	0.0
-1680.0	33	0.0
-1679.0	30	0.0
-1678.0	39	0.0
-1677.0	26	0.0
-1676.0	34	0.0
-1675.0	28	0.0
-1674.0	25	0.0
-1673.0	27	0.0
-1672.0	31	0.0
-1671.0	27	0.0
-1670.0	32	0.0
-1669.0	30	0.0
-1668.0	37	0.0
-1667.0	34	0.0
-1666.0	29	0.0
-1665.0	33	0.0
-1664.0	33	0.0
-1663.0	29	0.0
-1662.0	44	0.0
-1661.0	31	0.0
-1660.0	29	0.0
-1659.0	35	0.0
-1658.0	21	0.0
-1657.0	38	0.0
-1656.0	44	0.0
-1655.0	32	0.0
-1654.0	34	0.0
-1653.0	28	0.0
-1652.0	41	0.0
-1651.0	31	0.0
-1650.0	32	0.0
-1649.0	31	0.0
-1648.0	46	0.0
-1647.0	30	0.0
-1646.0	23	0.0
-1645.0	37	0.0
-1644.0	28	0.0
-1643.0	25	0.0
-1642.0	37	0.0
-1641.0	36	0.0
-1640.0	40	0.0
-1639.0	36	0.0
-1638.0	30	0.0
-1637.0	29	0.0
-1636.0	28	0.0
-1635.0	32	0.0
-1634.0	28	0.0
-1633.0	38	0.0
-1632.0	24	0.0
-1631.0	29	0.0
-1630.0	29	0.0
-1629.0	21	0.0
-1628.0	31	0.0
-1627.0	23	0.0
-1626.0	24	0.0
-1625.0	30	0.0
-1624.0	30	0.0
-1623.0	31	0.0
-1622.0	28	0.0
-1621.0	34	0.0
-1620.0	28	0.0
-1619.0	26	0.0
-1618.0	34	0.0
-1617.0	36	0.0
-1616.0	38	0.0
-1615.0	36	0.0
-1614.0	33	0.0
-1613.0	34	0.0
-1612.0	31	0.0
-1611.0	34	0.0
-1610.0	32	0.0
-1609.0	39	0.0
-1608.0	37	0.0
-1607.0	32	0.0
-1606.0	44	0.0
-1605.0	35	0.0
-1604.0	32	0.0
-1603.0	22	0.0
-1602.0	37	0.0
-1601.0	30	0.0
-1600.0	31	0.0
-1599.0	35	0.0
-1598.0	35	0.0
-1597.0	32	0.0
-1596.0	29	0.0
-1595.0	32	0.0
-1594.0	32	0.0
-1593.0	37	0.0
-1592.0	38	0.0
-1591.0	24	0.0
-1590.0	43	0.0
-1589.0	33	0.0
-1588.0	38	0.0
-1587.0	34	0.0
-1586.0	35	0.0
-1585.0	29	0.0
-1584.0	39	0.0
-1583.0	34	0.0
-1582.0	36	0.0
-1581.0	35	0.0
-1580.0	33	0.0
-1579.0	42	0.0
-1578.0	42	0.0
-1577.0	37	0.0
-1576.0	28	0.0
-1575.0	32	0.0
-1574.0	36	0.0
-1573.0	34	0.0
-1572.0	29	0.0
-1571.0	34	0.0
-1570.0	27	0.0
-1569.0	23	0.0
-1568.0	45	0.0
-1567.0	34	0.0
-1566.0	32	0.0
-1565.0	37	0.0
-1564.0	40	0.0
-1563.0	27	0.0
-1562.0	43	0.0
-1561.0	24	0.0
-1560.0	49	0.0
-1559.0	32	0.0
-1558.0	36	0.0
-1557.0	32	0.0
-1556.0	30	0.0
-1555.0	30	0.0
-1554.0	31	0.0
-1553.0	32	0.0
-1552.0	32	0.0
-1551.0	20	0.0
-1550.0	31	0.0
-1549.0	31	0.0
-1548.0	36	0.0
-1547.0	34	0.0
-1546.0	32	0.0
-1545.0	28	0.0
-1544.0	42	0.0
-1543.0	31	0.0
-1542.0	36	0.0
-1541.0	29	0.0
-1540.0	30	0.0
-1539.0	35	0.0
-1538.0	35	0.0
-1537.0	35	0.0
-1536.0	32	0.0
-1535.0	37	0.0
-1534.0	28	0.0
-1533.0	30	0.0
-1532.0	42	0.0
-1531.0	29	0.0
-1530.0	37	0.0
-1529.0	30	0.0
-1528.0	27	0.0
-1527.0	30	0.0
-1526.0	32	0.0
-1525.0	30	0.0
-1524.0	39	0.0
-1523.0	28	0.0
-1522.0	32	0.0
-1521.0	23	0.0
-1520.0	21	0.0
-1519.0	35	0.0
-1518.0	34	0.0
-1517.0	27	0.0
-1516.0	36	0.0
-1515.0	44	0.0
-1514.0	34	0.0
-1513.0	42	0.0
-1512.0	31	0.0
-1511.0	42	0.0
-1510.0	42	0.0
-1509.0	27	0.0
-1508.0	32	0.0
-1507.0	30	0.0
-1506.0	37	0.0
-1505.0	33	0.0
-1504.0	34	0.0
-1503.0	34	0.0
-1502.0	24	0.0
-1501.0	33	0.0
-1500.0	38	0.0
-1499.0	34	0.0
-1498.0	35	0.0
-1497.0	24	0.0
-1496.0	33	0.0
-1495.0	26	0.0
-1494.0	41	0.0
-1493.0	40	0.0
-1492.0	34	0.0
-1491.0	43	0.0
-1490.0	38	0.0
-1489.0	39	0.0
-1488.0	38	0.0
-1487.0	30	0.0
-1486.0	41	0.0
-1485.0	26	0.0
-1484.0	42	0.0
-1483.0	33	0.0
-1482.0	24	0.0
-1481.0	30	0.0
-1480.0	32	0.0
-1479.0	47	0.0
-1478.0	31	0.0
-1477.0	30	0.0
-1476.0	26	0.0
-1475.0	25	0.0
-1474.0	33	0.0
-1473.0	29	0.0
-1472.0	32	0.0
-1471.0	32	0.0
-1470.0	29	0.0
-1469.0	42	0.0
-1468.0	23	0.0
-1467.0	40	0.0
-1466.0	32	0.0
-1465.0	31	0.0
-1464.0	28	0.0
-1463.0	29	0.0
-1462.0	27	0.0
-1461.0	33	0.0
-1460.0	34	0.0
-1459.0	32	0.0
-1458.0	25	0.0
-1457.0	20	0.0
-1456.0	36	0.0
-1455.0	25	0.0
-1454.0	23	0.0
-1453.0	29	0.0
-1452.0	38	0.0
-1451.0	30	0.0
-1450.0	30	0.0
-1449.0	33	0.0
-1448.0	35	0.0
-1447.0	32	0.0
-1446.0	30	0.0
-1445.0	36	0.0
-1444.0	38	0.0
-1443.0	35	0.0
-1442.0	31	0.0
-1441.0	31	0.0
-1440.0	33	0.0
-1439.0	41	0.0
-1438.0	33	0.0
-1437.0	33	0.0
-1436.0	37	0.0
-1435.0	39	0.0
-1434.0	49	0.0
-1433.0	35	0.0
-1432.0	31	0.0
-1431.0	34	0.0
-1430.0	31	0.0
-1429.0	31	0.0
-1428.0	15	0.0
-1427.0	37	0.0
-1426.0	35	0.0
-1425.0	30	0.0
-1424.0	28	0.0
-1423.0	34	0.0
-1422.0	38	0.0
-1421.0	32	0.0
-1420.0	39	0.0
-1419.0	34	0.0
-1418.0	35	0.0
-1417.0	44	0.0
-1416.0	27	0.0
-1415.0	30	0.0
-1414.0	22	0.0
-1413.0	26	0.0
-1412.0	27	0.0
-1411.0	33	0.0
-1410.0	23	0.0
-1409.0	32	0.0
-1408.0	29	0.0
-1407.0	39	0.0
-1406.0	30	0.0
-1405.0	26	0.0
-1404.0	28	0.0
-1403.0	36	0.0
-1402.0	33	0.0
-1401.0	34	0.0
-1400.0	34	0.0
-1399.0	30	0.0
-1398.0	34	0.0
-1397.0	29	0.0
-1396.0	41	0.0
-1395.0	36	0.0
-1394.0	29	0.0
-1393.0	33	0.0
-1392.0	20	0.0
-1391.0	27	0.0
-1390.0	24	0.0
-1389.0	35	0.0
-1388.0	33	0.0
-1387.0	27	0.0
-1386.0	35	0.0
-1385.0	22	0.0
-1384.0	32	0.0
-1383.0	27	0.0
-1382.0	34	0.0
-1381.0	43	0.0
-1380.0	38	0.0
-1379.0	33	0.0
-1378.0	39	0.0
-1377.0	30	0.0
-1376.0	30	0.0
-1375.0	23	0.0
-1374.0	21	0.0
-1373.0	36	0.0
-1372.0	30	0.0
-1371.0	26	0.0
-1370.0	37	0.0
-1369.0	36	0.0
-1368.0	41	0.0
-1367.0	40	0.0
-1366.0	35	0.0
-1365.0	40	0.0
-1364.0	35	0.0
-1363.0	35	0.0
-1362.0	35	0.0
-1361.0	37	0.0
-1360.0	30	0.0
-1359.0	29	0.0
-1358.0	39	0.0
-1357.0	36	0.0
-1356.0	29	0.0
-1355.0	31	0.0
-1354.0	31	0.0
-1353.0	33	0.0
-1352.0	29	0.0
-1351.0	36	0.0
-1350.0	41	0.0
-1349.0	37	0.0
-1348.0	36	0.0
-1347.0	32	0.0
-1346.0	27	0.0
-1345.0	40	0.0
-1344.0	33	0.0
-1343.0	28	0.0
-1342.0	42	0.0
-1341.0	27	0.0
-1340.0	37	0.0
-1339.0	48	0.0
-1338.0	25	0.0
-1337.0	30	0.0
-1336.0	37	0.0
-1335.0	38	0.0
-1334.0	33	0.0
-1333.0	36	0.0
-1332.0	42	0.0
-1331.0	30	0.0
-1330.0	30	0.0
-1329.0	37	0.0
-1328.0	31	0.0
-1327.0	40	0.0
-1326.0	33	0.0
-1325.0	31	0.0
-1324.0	26	0.0
-1323.0	27	0.0
-1322.0	43	0.0
-1321.0	30	0.0
-1320.0	39	0.0
-1319.0	41	0.0
-1318.0	29	0.0
-1317.0	25	0.0
-1316.0	38	0.0
-1315.0	27	0.0
-1314.0	32	0.0
-1313.0	32	0.0
-1312.0	35	0.0
-1311.0	32	0.0
-1310.0	36	0.0
-1309.0	35	0.0
-1308.0	40	0.0
-1307.0	37	0.0
-1306.0	41	0.0
-1305.0	34	0.0
-1304.0	34	0.0
-1303.0	34	0.0
-1302.0	35	0.0
-1301.0	43	0.0
-1300.0	29	0.0
-1299.0	38	0.0
-1298.0	29	0.0
-1297.0	32	0.0
-1296.0	28	0.0
-1295.0	33	0.0
-1294.0	37	0.0
-1293.0	32	0.0
-1292.0	22	0.0
-1291.0	34	0.0
-1290.0	28	0.0
-1289.0	36	0.0
-1288.0	33	0.0
-1287.0	35	0.0
-1286.0	28	0.0
-1285.0	31	0.0
-1284.0	36	0.0
-1283.0	42	0.0
-1282.0	23	0.0
-1281.0	40	0.0
-1280.0	25	0.0
-1279.0	36	0.0
-1278.0	31	0.0
-1277.0	34	0.0
-1276.0	30	0.0
-1275.0	30	0.0
-1274.0	22	0.0
-1273.0	34	0.0
-1272.0	25	0.0
-1271.0	40	0.0
-1270.0	22	0.0
-1269.0	35	0.0
-1268.0	31	0.0
-1267.0	28	0.0
-1266.0	35	0.0
-1265.0	29	0.0
-1264.0	31	0.0
-1263.0	22	0.0
-1262.0	29	0.0
-1261.0	34	0.0
-1260.0	38	0.0
-1259.0	32	0.0
-1258.0	30	0.0
-1257.0	32	0.0
-1256.0	37	0.0
-1255.0	24	0.0
-1254.0	26	0.0
-1253.0	26	0.0
-1252.0	30	0.0
-1251.0	37	0.0
-1250.0	36	0.0
-1249.0	29	0.0
-1248.0	36	0.0
-1247.0	29	0.0
-1246.0	31	0.0
-1245.0	37	0.0
-1244.0	33	0.0
-1243.0	37	0.0
-1242.0	42	0.0
-1241.0	34	0.0
-1240.0	35	0.0
-1239.0	30	0.0
-1238.0	45	0.0
-1237.0	30	0.0
-1236.0	34	0.0
-1235.0	29	0.0
-1234.0	44	0.0
-1233.0	22	0.0
-1232.0	35	0.0
-1231.0	36	0.0
-1230.0	35	0.0
-1229.0	23	0.0
-1228.0	21	0.0
-1227.0	30	0.0
-1226.0	27	0.0
-1225.0	31	0.0
-1224.0	35	0.0
-1223.0	33	0.0
-1222.0	28	0.0
-1221.0	39	0.0
-1220.0	27	0.0
-1219.0	30	0.0
-1218.0	34	0.0
-1217.0	26	0.0
-1216.0	40	0.0
-1215.0	39	0.0
-1214.0	35	0.0
-1213.0	35	0.0
-1212.0	33	0.0
-1211.0	30	0.0
-1210.0	30	0.0
-1209.0	25	0.0
-1208.0	35	0.0
-1207.0	36	0.0
-1206.0	32	0.0
-1205.0	28	0.0
-1204.0	41	0.0
-1203.0	26	0.0
-1202.0	25	0.0
-1201.0	38	0.0
-1200.0	31	0.0
-1199.0	37	0.0
-1198.0	41	0.0
-1197.0	23	0.0
-1196.0	31	0.0
-1195.0	28	0.0
-1194.0	41	0.0
-1193.0	34	0.0
-1192.0	27	0.0
-1191.0	27	0.0
-1190.0	37	0.0
-1189.0	27	0.0
-1188.0	35	0.0
-1187.0	27	0.0
-1186.0	28	0.0
-1185.0	35	0.0
-1184.0	23	0.0
-1183.0	35	0.0
-1182.0	27	0.0
-1181.0	30	0.0
-1180.0	37	0.0
-1179.0	28	0.0
-1178.0	34	0.0
-1177.0	33	0.0
-1176.0	24	0.0
-1175.0	37	0.0
-1174.0	28	0.0
-1173.0	35	0.0
-1172.0	33	0.0
-1171.0	39	0.0
-1170.0	34	0.0
-1169.0	33	0.0
-1168.0	28	0.0
-1167.0	34	0.0
-1166.0	31	0.0
-1165.0	36	0.0
-1164.0	36	0.0
-1163.0	28	0.0
-1162.0	30	0.0
-1161.0	33	0.0
-1160.0	50	0.0
-1159.0	30	0.0
-1158.0	37	0.0
-1157.0	43	0.0
-1156.0	33	0.0
-1155.0	35	0.0
-1154.0	32	0.0
-1153.0	35	0.0
-1152.0	33	0.0
-1151.0	35	0.0
-1150.0	27	0.0
-1149.0	26	0.0
-1148.0	34	0.0
-1147.0	28	0.0
-1146.0	34	0.0
-1145.0	17	0.0
-1144.0	30	0.0
-1143.0	20	0.0
-1142.0	27	0.0
-1141.0	48	0.0
-1140.0	29	0.0
-1139.0	29	0.0
-1138.0	20	0.0
-1137.0	28	0.0
-1136.0	42	0.0
-1135.0	22	0.0
-1134.0	39	0.0
-1133.0	36	0.0
-1132.0	36	0.0
-1131.0	37	0.0
-1130.0	32	0.0
-1129.0	24	0.0
-1128.0	33	0.0
-1127.0	34	0.0
-1126.0	34	0.0
-1125.0	37	0.0
-1124.0	31	0.0
-1123.0	35	0.0
-1122.0	35	0.0
-1121.0	34	0.0
-1120.0	34	0.0
-1119.0	31	0.0
-1118.0	28	0.0
-1117.0	35	0.0
-1116.0	29	0.0
-1115.0	31	0.0
-1114.0	31	0.0
-1113.0	35	0.0
-1112.0	27	0.0
-1111.0	37	0.0
-1110.0	35	0.0
-1109.0	32	0.0
-1108.0	32	0.0
-1107.0	28	0.0
-1106.0	28	0.0
-1105.0	35	0.0
-1104.0	41	0.0
-1103.0	33	0.0
-1102.0	28	0.0
-1101.0	27	0.0
-1100.0	45	0.0
-1099.0	26	0.0
-1098.0	27	0.0
-1097.0	42	0.0
-1096.0	32	0.0
-1095.0	28	0.0
-1094.0	32	0.0
-1093.0	36	0.0
-1092.0	20	0.0
-1091.0	36	0.0
-1090.0	29	0.0
-1089.0	37	0.0
-1088.0	42	0.0
-1087.0	36	0.0
-1086.0	36	0.0
-1085.0	40	0.0
-1084.0	27	0.0
-1083.0	34	0.0
-1082.0	42	0.0
-1081.0	39	0.0
-1080.0	23	0.0
-1079.0	30	0.0
-1078.0	35	0.0
-1077.0	32	0.0
-1076.0	28	0.0
-1075.0	37	0.0
-1074.0	43	0.0
-1073.0	35	0.0
-1072.0	32	0.0
-1071.0	31	0.0
-1070.0	30	0.0
-1069.0	33	0.0
-1068.0	38	0.0
-1067.0	34	0.0
-1066.0	31	0.0
-1065.0	32	0.0
-1064.0	42	0.0
-1063.0	42	0.0
-1062.0	31	0.0
-1061.0	25	0.0
-1060.0	35	0.0
-1059.0	25	0.0
-1058.0	24	0.0
-1057.0	25	0.0
-1056.0	38	0.0
-1055.0	35	0.0
-1054.0	33	0.0
-1053.0	26	0.0
-1052.0	39	0.0
-1051.0	28	0.0
-1050.0	48	0.0
-1049.0	28	0.0
-1048.0	33	0.0
-1047.0	30	0.0
-1046.0	29	0.0
-1045.0	27	0.0
-1044.0	35	0.0
-1043.0	31	0.0
-1042.0	31	0.0
-1041.0	34	0.0
-1040.0	39	0.0
-1039.0	32	0.0
-1038.0	35	0.0
-1037.0	33	0.0
-1036.0	27	0.0
-1035.0	33	0.0
-1034.0	35	0.0
-1033.0	28	0.0
-1032.0	38	0.0
-1031.0	48	0.0
-1030.0	32	0.0
-1029.0	31	0.0
-1028.0	26	0.0
-1027.0	40	0.0
-1026.0	31	0.0
-1025.0	29	0.0
-1024.0	34	0.0
-1023.0	26	0.0
-1022.0	36	0.0
-1021.0	30	0.0
-1020.0	36	0.0
-1019.0	28	0.0
-1018.0	32	0.0
-1017.0	32	0.0
-1016.0	28	0.0
-1015.0	26	0.0
-1014.0	37	0.0
-1013.0	41	0.0
-1012.0	28	0.0
-1011.0	29	0.0
-1010.0	43	0.0
-1009.0	37	0.0
-1008.0	35	0.0
-1007.0	31	0.0
-1006.0	38	0.0
-1005.0	29	0.0
-1004.0	36	0.0
-1003.0	30	0.0
-1002.0	25	0.0
-1001.0	37	0.0
-1000.0	31	0.0
-999.0	33	0.0
-998.0	26	0.0
-997.0	34	0.0
-996.0	35	0.0
-995.0	36	0.0
-994.0	27	0.0
-993.0	42	0.0
-992.0	34	0.0
-991.0	38	0.0
-990.0	29	0.0
-989.0	37	0.0
-988.0	32	0.0
-987.0	45	0.0
-986.0	31	0.0
-985.0	32	0.0
-984.0	34	0.0
-983.0	27	0.0
-982.0	29	0.0
-981.0	33	0.0
-980.0	23	0.0
-979.0	25	0.0
-978.0	31	0.0
-977.0	26	0.0
-976.0	27	0.0
-975.0	30	0.0
-974.0	29	0.0
-973.0	28	0.0
-972.0	19	0.0
-971.0	29	0.0
-970.0	29	0.0
-969.0	36	0.0
-968.0	24	0.0
-967.0	28	0.0
-966.0	28	0.0
-965.0	28	0.0
-964.0	30	0.0
-963.0	35	0.0
-962.0	37	0.0
-961.0	35	0.0
-960.0	33	0.0
-959.0	31	0.0
-958.0	38	0.0
-957.0	37	0.0
-956.0	25	0.0
-955.0	32	0.0
-954.0	27	0.0
-953.0	41	0.0
-952.0	25	0.0
-951.0	31	0.0
-950.0	30	0.0
-949.0	38	0.0
-948.0	34	0.0
-947.0	34	0.0
-946.0	32	0.0
-945.0	41	0.0
-944.0	33	0.0
-943.0	42	0.0
-942.0	32	0.0
-941.0	35	0.0
-940.0	39	0.0
-939.0	36	0.0
-938.0	41	0.0
-937.0	35	0.0
-936.0	30	0.0
-935.0	46	0.0
-934.0	34	0.0
-933.0	37	0.0
-932.0	33	0.0
-931.0	45	0.0
-930.0	36	0.0
-929.0	30	0.0
-928.0	41	0.0
-927.0	35	0.0
-926.0	24	0.0
-925.0	23	0.0
-924.0	23	0.0
-923.0	43	0.0
-922.0	26	0.0
-921.0	33	0.0
-920.0	23	0.0
-919.0	27	0.0
-918.0	31	0.0
-917.0	21	0.0
-916.0	32	0.0
-915.0	29	0.0
-914.0	36	0.0
-913.0	38	0.0
-912.0	38	0.0
-911.0	32	0.0
-910.0	34	0.0
-909.0	25	0.0
-908.0	24	0.0
-907.0	38	0.0
-906.0	31	0.0
-905.0	28	0.0
-904.0	22	0.0
-903.0	35	0.0
-902.0	34	0.0
-901.0	36	0.0
-900.0	32	0.0
-899.0	33	0.0
-898.0	30	0.0
-897.0	26	0.0
-896.0	43	0.0
-895.0	37	0.0
-894.0	28	0.0
-893.0	30	0.0
-892.0	37	0.0
-891.0	29	0.0
-890.0	27	0.0
-889.0	33	0.0
-888.0	26	0.0
-887.0	35	0.0
-886.0	25	0.0
-885.0	31	0.0
-884.0	25	0.0
-883.0	36	0.0
-882.0	35	0.0
-881.0	34	0.0
-880.0	26	0.0
-879.0	36	0.0
-878.0	35	0.0
-877.0	27	0.0
-876.0	33	0.0
-875.0	26	0.0
-874.0	43	0.0
-873.0	38	0.0
-872.0	38	0.0
-871.0	23	0.0
-870.0	25	0.0
-869.0	33	0.0
-868.0	26	0.0
-867.0	37	0.0
-866.0	34	0.0
-865.0	33	0.0
-864.0	24	0.0
-863.0	32	0.0
-862.0	35	0.0
-861.0	34	0.0
-860.0	29	0.0
-859.0	34	0.0
-858.0	34	0.0
-857.0	38	0.0
-856.0	45	0.0
-855.0	31	0.0
-854.0	32	0.0
-853.0	28	0.0
-852.0	40	0.0
-851.0	32	0.0
-850.0	40	0.0
-849.0	34	0.0
-848.0	33	0.0
-847.0	27	0.0
-846.0	29	0.0
-845.0	32	0.0
-844.0	25	0.0
-843.0	27	0.0
-842.0	39	0.0
-841.0	34	0.0
-840.0	32	0.0
-839.0	38	0.0
-838.0	32	0.0
-837.0	29	0.0
-836.0	29	0.0
-835.0	39	0.0
-834.0	35	0.0
-833.0	50	0.0
-832.0	29	0.0
-831.0	32	0.0
-830.0	37	0.0
-829.0	29	0.0
-828.0	42	0.0
-827.0	33	0.0
-826.0	22	0.0
-825.0	32	0.0
-824.0	36	0.0
-823.0	29	0.0
-822.0	35	0.0
-821.0	36	0.0
-820.0	35	0.0
-819.0	38	0.0
-818.0	38	0.0
-817.0	33	0.0
-816.0	27	0.0
-815.0	39	0.0
-814.0	47	0.0
-813.0	32	0.0
-812.0	38	0.0
-811.0	24	0.0
-810.0	30	0.0
-809.0	39	0.0
-808.0	30	0.0
-807.0	35	0.0
-806.0	27	0.0
-805.0	20	0.0
-804.0	33	0.0
-803.0	45	0.0
-802.0	27	0.0
-801.0	35	0.0
-800.0	19	0.0
-799.0	30	0.0
-798.0	45	0.0
-797.0	41	0.0
-796.0	44	0.0
-795.0	30	0.0
-794.0	39	0.0
-793.0	32	0.0
-792.0	37	0.0
-791.0	29	0.0
-790.0	30	0.0
-789.0	18	0.0
-788.0	33	0.0
-787.0	32	0.0
-786.0	37	0.0
-785.0	37	0.0
-784.0	35	0.0
-783.0	32	0.0
-782.0	32	0.0
-781.0	22	0.0
-780.0	32	0.0
-779.0	29	0.0
-778.0	35	0.0
-777.0	33	0.0
-776.0	22	0.0
-775.0	40	0.0
-774.0	35	0.0
-773.0	39	0.0
-772.0	29	0.0
-771.0	29	0.0
-770.0	34	0.0
-769.0	27	0.0
-768.0	33	0.0
-767.0	32	0.0
-766.0	43	0.0
-765.0	23	0.0
-764.0	35	0.0
-763.0	40	0.0
-762.0	41	0.0
-761.0	33	0.0
-760.0	29	0.0
-759.0	26	0.0
-758.0	34	0.0
-757.0	40	0.0
-756.0	38	0.0
-755.0	34	0.0
-754.0	32	0.0
-753.0	38	0.0
-752.0	33	0.0
-751.0	27	0.0
-750.0	35	0.0
-749.0	31	0.0
-748.0	32	0.0
-747.0	33	0.0
-746.0	39	0.0
-745.0	40	0.0
-744.0	38	0.0
-743.0	31	0.0
-742.0	34	0.0
-741.0	36	0.0
-740.0	34	0.0
-739.0	40	0.0
-738.0	22	0.0
-737.0	36	0.0
-736.0	38	0.0
-735.0	34	0.0
-734.0	41	0.0
-733.0	35	0.0
-732.0	36	0.0
-731.0	28	0.0
-730.0	42	0.0
-729.0	22	0.0
-728.0	38	0.0
-727.0	45	0.0
-726.0	35	0.0
-725.0	30	0.0
-724.0	32	0.0
-723.0	35	0.0
-722.0	28	0.0
-721.0	39	0.0
-720.0	24	0.0
-719.0	29	0.0
-718.0	38	0.0
-717.0	32	0.0
-716.0	29	0.0
-715.0	35	0.0
-714.0	23	0.0
-713.0	33	0.0
-712.0	39	0.0
-711.0	31	0.0
-710.0	32	0.0
-709.0	30	0.0
-708.0	40	0.0
-707.0	32	0.0
-706.0	35	0.0
-705.0	32	0.0
-704.0	30	0.0
-703.0	26	0.0
-702.0	35	0.0
-701.0	34	0.0
-700.0	29	0.0
-699.0	38	0.0
-698.0	35	0.0
-697.0	36	0.0
-696.0	29	0.0
-695.0	37	0.0
-694.0	34	0.0
-693.0	36	0.0
-692.0	43	0.0
-691.0	46	0.0
-690.0	41	0.0
-689.0	31	0.0
-688.0	27	0.0
-687.0	36	0.0
-686.0	31	0.0
-685.0	26	0.0
-684.0	33	0.0
-683.0	42	0.0
-682.0	34	0.0
-681.0	30	0.0
-680.0	37	0.0
-679.0	26	0.0
-678.0	23	0.0
-677.0	29	0.0
-676.0	33	0.0
-675.0	27	0.0
-674.0	30	0.0
-673.0	32	0.0
-672.0	37	0.0
-671.0	30	0.0
-670.0	33	0.0
-669.0	39	0.0
-668.0	30	0.0
-667.0	27	0.0
-666.0	45	0.0
-665.0	25	0.0
-664.0	23	0.0
-663.0	25	0.0
-662.0	33	0.0
-661.0	22	0.0
-660.0	31	0.0
-659.0	29	0.0
-658.0	34	0.0
-657.0	28	0.0
-656.0	27	0.0
-655.0	41	0.0
-654.0	27	0.0
-653.0	32	0.0
-652.0	47	0.0
-651.0	33	0.0
-650.0	35	0.0
-649.0	39	0.0
-648.0	33	0.0
-647.0	27	0.0
-646.0	33	0.0
-645.0	39	0.0
-644.0	25	0.0
-643.0	39	0.0
-642.0	30	0.0
-641.0	38	0.0
-640.0	30	0.0
-639.0	36	0.0
-638.0	34	0.0
-637.0	36	0.0
-636.0	34	0.0
-635.0	23	0.0
-634.0	35	0.0
-633.0	27	0.0
-632.0	31	0.0
-631.0	30	0.0
-630.0	39	0.0
-629.0	23	0.0
-628.0	32	0.0
-627.0	33	0.0
-626.0	33	0.0
-625.0	28	0.0
-624.0	39	0.0
-623.0	31	0.0
-622.0	27	0.0
-621.0	32	0.0
-620.0	23	0.0
-619.0	35	0.0
-618.0	39	0.0
-617.0	46	0.0
-616.0	22	0.0
-615.0	32	0.0
-614.0	40	0.0
-613.0	23	0.0
-612.0	38	0.0
-611.0	46	0.0
-610.0	23	0.0
-609.0	29	0.0
-608.0	35	0.0
-607.0	28	0.0
-606.0	39	0.0
-605.0	17	0.0
-604.0	33	0.0
-603.0	26	0.0
-602.0	26	0.0
-601.0	26	0.0
-600.0	33	0.0
-599.0	29	0.0
-598.0	29	0.0
-597.0	33	0.0
-596.0	26	0.0
-595.0	23	0.0
-594.0	36	0.0
-593.0	33	0.0
-592.0	36	0.0
-591.0	29	0.0
-590.0	46	0.0
-589.0	22	0.0
-588.0	33	0.0
-587.0	35	0.0
-586.0	33	0.0
-585.0	34	0.0
-584.0	38	0.0
-583.0	32	0.0
-582.0	28	0.0
-581.0	41	0.0
-580.0	27	0.0
-579.0	32	0.0
-578.0	34	0.0
-577.0	40	0.0
-576.0	42	0.0
-575.0	29	0.0
-574.0	24	0.0
-573.0	41	0.0
-572.0	28	0.0
-571.0	42	0.0
-570.0	28	0.0
-569.0	38	0.0
-568.0	32	0.0
-567.0	25	0.0
-566.0	37	0.0
-565.0	36	0.0
-564.0	30	0.0
-563.0	32	0.0
-562.0	35	0.0
-561.0	29	0.0
-560.0	34	0.0
-559.0	27	0.0
-558.0	27	0.0
-557.0	30	0.0
-556.0	28	0.0
-555.0	30	0.0
-554.0	28	0.0
-553.0	39	0.0
-552.0	29	0.0
-551.0	41	0.0
-550.0	34	0.0
-549.0	26	0.0
-548.0	30	0.0
-547.0	23	0.0
-546.0	35	0.0
-545.0	34	0.0
-544.0	44	0.0
-543.0	36	0.0
-542.0	36	0.0
-541.0	39	0.0
-540.0	34	0.0
-539.0	23	0.0
-538.0	36	0.0
-537.0	35	0.0
-536.0	39	0.0
-535.0	27	0.0
-534.0	34	0.0
-533.0	28	0.0
-532.0	26	0.0
-531.0	51	0.0
-530.0	41	0.0
-529.0	32	0.0
-528.0	34	0.0
-527.0	34	0.0
-526.0	34	0.0
-525.0	32	0.0
-524.0	35	0.0
-523.0	37	0.0
-522.0	39	0.0
-521.0	31	0.0
-520.0	42	0.0
-519.0	31	0.0
-518.0	30	0.0
-517.0	51	0.0
-516.0	32	0.0
-515.0	42	0.0
-514.0	41	0.0
-513.0	28	0.0
-512.0	36	0.0
-511.0	28	0.0
-510.0	31	0.0
-509.0	34	0.0
-508.0	32	0.0
-507.0	39	0.0
-506.0	28	0.0
-505.0	44	0.0
-504.0	32	0.0
-503.0	31	0.0
-502.0	31	0.0
-501.0	35	0.0
-500.0	36	0.0
-499.0	39	0.0
-498.0	29	0.0
-497.0	40	0.0
-496.0	38	0.0
-495.0	32	0.0
-494.0	40	0.0
-493.0	34	0.0
-492.0	29	0.0
-491.0	37	0.0
-490.0	25	0.0
-489.0	39	0.0
-488.0	31	0.0
-487.0	33	0.0
-486.0	38	0.0
-485.0	36	0.0
-484.0	39	0.0
-483.0	35	0.0
-482.0	31	0.0
-481.0	37	0.0
-480.0	27	0.0
-479.0	27	0.0
-478.0	46	0.0
-477.0	22	0.0
-476.0	42	0.0
-475.0	35	0.0
-474.0	29	0.0
-473.0	41	0.0
-472.0	35	0.0
-471.0	38	0.0
-470.0	28	0.0
-469.0	39	0.0
-468.0	40	0.0
-467.0	37	0.0
-466.0	37	0.0
-465.0	31	0.0
-464.0	26	0.0
-463.0	29	0.0
-462.0	28	0.0
-461.0	39	0.0
-460.0	42	0.0
-459.0	30	0.0
-458.0	40	0.0
-457.0	38	0.0
-456.0	32	0.0
-455.0	46	0.0
-454.0	44	0.0
-453.0	29	0.0
-452.0	33	0.0
-451.0	24	0.0
-450.0	36	0.0
-449.0	39	0.0
-448.0	35	0.0
-447.0	30	0.0
-446.0	44	0.0
-445.0	30	0.0
-444.0	35	0.0
-443.0	30	0.0
-442.0	41	0.0
-441.0	44	0.0
-440.0	41	0.0
-439.0	35	0.0
-438.0	42	0.0
-437.0	39	0.0
-436.0	36	0.0
-435.0	38	0.0
-434.0	33	0.0
-433.0	45	0.0
-432.0	34	0.0
-431.0	29	0.0
-430.0	30	0.0
-429.0	36	0.0
-428.0	42	0.0
-427.0	31	0.0
-426.0	27	0.0
-425.0	39	0.0
-424.0	40	0.0
-423.0	35	0.0
-422.0	30	0.0
-421.0	34	0.0
-420.0	44	0.0
-419.0	44	0.0
-418.0	41	0.0
-417.0	36	0.0
-416.0	29	0.0
-415.0	39	0.0
-414.0	37	0.0
-413.0	46	0.0
-412.0	33	0.0
-411.0	37	0.0
-410.0	25	0.0
-409.0	36	0.0
-408.0	31	0.0
-407.0	37	0.0
-406.0	40	0.0
-405.0	40	0.0
-404.0	31	0.0
-403.0	37	0.0
-402.0	47	0.0
-401.0	27	0.0
-400.0	25	0.0
-399.0	29	0.0
-398.0	37	0.0
-397.0	33	0.0
-396.0	37	0.0
-395.0	32	0.0
-394.0	40	0.0
-393.0	37	0.0
-392.0	36	0.0
-391.0	41	0.0
-390.0	34	0.0
-389.0	29	0.0
-388.0	36	0.0
-387.0	33	0.0
-386.0	31	0.0
-385.0	36	0.0
-384.0	27	0.0
-383.0	37	0.0
-382.0	43	0.0
-381.0	37	0.0
-380.0	33	0.0
-379.0	40	0.0
-378.0	26	0.0
-377.0	39	0.0
-376.0	27	0.0
-375.0	34	0.0
-374.0	29	0.0
-373.0	41	0.0
-372.0	41	0.0
-371.0	33	0.0
-370.0	40	0.0
-369.0	30	0.0
-368.0	42	0.0
-367.0	35	0.0
-366.0	32	0.0
-365.0	34	0.0
-364.0	34	0.0
-363.0	42	0.0
-362.0	15	0.0
-361.0	47	0.0
-360.0	33	0.0
-359.0	37	0.0
-358.0	40	0.0
-357.0	39	0.0
-356.0	36	0.0
-355.0	37	0.0
-354.0	29	0.0
-353.0	34	0.0
-352.0	32	0.0
-351.0	27	0.0
-350.0	33	0.0
-349.0	38	0.0
-348.0	41	0.0
-347.0	37	0.0
-346.0	26	0.0
-345.0	42	0.0
-344.0	31	0.0
-343.0	31	0.0
-342.0	42	0.0
-341.0	24	0.0
-340.0	45	0.0
-339.0	29	0.0
-338.0	32	0.0
-337.0	28	0.0
-336.0	39	0.0
-335.0	36	0.0
-334.0	34	0.0
-333.0	41	0.0
-332.0	42	0.0
-331.0	26	0.0
-330.0	29	0.0
-329.0	39	0.0
-328.0	33	0.0
-327.0	36	0.0
-326.0	30	0.0
-325.0	29	0.0
-324.0	32	0.0
-323.0	38	0.0
-322.0	39	0.0
-321.0	38	0.0
-320.0	28	0.0
-319.0	46	0.0
-318.0	33	0.0
-317.0	41	0.0
-316.0	28	0.0
-315.0	30	0.0
-314.0	34	0.0
-313.0	30	0.0
-312.0	46	0.0
-311.0	33	0.0
-310.0	33	0.0
-309.0	35	0.0
-308.0	43	0.0
-307.0	37	0.0
-306.0	35	0.0
-305.0	43	0.0
-304.0	40	0.0
-303.0	30	0.0
-302.0	37	0.0
-301.0	38	0.0
-300.0	30	0.0
-299.0	35	0.0
-298.0	33	0.0
-297.0	35	0.0
-296.0	37	0.0
-295.0	29	0.0
-294.0	29	0.0
-293.0	32	0.0
-292.0	39	0.0
-291.0	44	0.0
-290.0	42	0.0
-289.0	34	0.0
-288.0	25	0.0
-287.0	34	0.0
-286.0	36	0.0
-285.0	30	0.0
-284.0	32	0.0
-283.0	33	0.0
-282.0	42	0.0
-281.0	32	0.0
-280.0	35	0.0
-279.0	34	0.0
-278.0	47	0.0
-277.0	39	0.0
-276.0	31	0.0
-275.0	36	0.0
-274.0	32	0.0
-273.0	28	0.0
-272.0	40	0.0
-271.0	43	0.0
-270.0	38	0.0
-269.0	39	0.0
-268.0	40	0.0
-267.0	40	0.0
-266.0	29	0.0
-265.0	37	0.0
-264.0	33	0.0
-263.0	33	0.0
-262.0	34	0.0
-261.0	41	0.0
-260.0	38	0.0
-259.0	31	0.0
-258.0	36	0.0
-257.0	32	0.0
-256.0	38	0.0
-255.0	31	0.0
-254.0	35	0.0
-253.0	46	0.0
-252.0	30	0.0
-251.0	40	0.0
-250.0	36	0.0
-249.0	38	0.0
-248.0	31	0.0
-247.0	30	0.0
-246.0	30	0.0
-245.0	26	0.0
-244.0	24	0.0
-243.0	37	0.0
-242.0	35	0.0
-241.0	31	0.0
-240.0	26	0.0
-239.0	39	0.0
-238.0	26	0.0
-237.0	27	0.0
-236.0	37	0.0
-235.0	29	0.0
-234.0	33	0.0
-233.0	24	0.0
-232.0	39	0.0
-231.0	33	0.0
-230.0	33	0.0
-229.0	35	0.0
-228.0	40	0.0
-227.0	43	0.0
-226.0	46	0.0
-225.0	32	0.0
-224.0	33	0.0
-223.0	25	0.0
-222.0	34	0.0
-221.0	39	0.0
-220.0	42	0.0
-219.0	28	0.0
-218.0	36	0.0
-217.0	36	0.0
-216.0	38	0.0
-215.0	27	0.0
-214.0	44	0.0
-213.0	39	0.0
-212.0	32	0.0
-211.0	34	0.0
-210.0	29	0.0
-209.0	37	0.0
-208.0	28	0.0
-207.0	39	0.0
-206.0	44	0.0
-205.0	39	0.0
-204.0	23	0.0
-203.0	37	0.0
-202.0	40	0.0
-201.0	38	0.0
-200.0	30	0.0
-199.0	34	0.0
-198.0	27	0.0
-197.0	32	0.0
-196.0	26	0.0
-195.0	33	0.0
-194.0	38	0.0
-193.0	33	0.0
-192.0	33	0.0
-191.0	45	0.0
-190.0	42	0.0
-189.0	47	0.0
-188.0	34	0.0
-187.0	37	0.0
-186.0	49	0.0
-185.0	34	0.0
-184.0	41	0.0
-183.0	36	0.0
-182.0	34	0.0
-181.0	23	0.0
-180.0	33	0.0
-179.0	28	0.0
-178.0	26	0.0
-177.0	36	0.0
-176.0	35	0.0
-175.0	41	0.0
-174.0	35	0.0
-173.0	26	0.0
-172.0	29	0.0
-171.0	26	0.0
-170.0	29	0.0
-169.0	27	0.0
-168.0	36	0.0
-167.0	25	0.0
-166.0	29	0.0
-165.0	33	0.0
-164.0	28	0.0
-163.0	21	0.0
-162.0	33	0.0
-161.0	33	0.0
-160.0	38	0.0
-159.0	30	0.0
-158.0	21	0.0
-157.0	34	0.0
-156.0	29	0.0
-155.0	36	0.0
-154.0	34	0.0
-153.0	33	0.0
-152.0	43	0.0
-151.0	37	0.0
-150.0	33	0.0
-149.0	23	0.0
-148.0	36	0.0
-147.0	30	0.0
-146.0	33	0.0
-145.0	18	0.0
-144.0	28	0.0
-143.0	34	0.0
-142.0	40	0.0
-141.0	35	0.0
-140.0	24	0.0
-139.0	39	0.0
-138.0	29	0.0
-137.0	27	0.0
-136.0	35	0.0
-135.0	26	0.0
-134.0	22	0.0
-133.0	40	0.0
-132.0	29	0.0
-131.0	37	0.0
-130.0	28	0.0
-129.0	33	0.0
-128.0	48	0.0
-127.0	26	0.0
-126.0	30	0.0
-125.0	33	0.0
-124.0	34	0.0
-123.0	39	0.0
-122.0	35	0.0
-121.0	40	0.0
-120.0	44	0.0
-119.0	33	0.0
-118.0	34	0.0
-117.0	35	0.0
-116.0	39	0.0
-115.0	31	0.0
-114.0	33	0.0
-113.0	34	0.0
-112.0	44	0.0
-111.0	40	0.0
-110.0	29	0.0
-109.0	33	0.0
-108.0	39	0.0
-107.0	37	0.0
-106.0	25	0.0
-105.0	26	0.0
-104.0	32	0.0
-103.0	31	0.0
-102.0	25	0.0
-101.0	38	0.0
-100.0	27	0.0
-99.0	28	0.0
-98.0	38	0.0
-97.0	29	0.0
-96.0	25	0.0
-95.0	34	0.0
-94.0	23	0.0
-93.0	33	0.0
-92.0	36	0.0
-91.0	30	0.0
-90.0	31	0.0
-89.0	44	0.0
-88.0	28	0.0
-87.0	27	0.0
-86.0	22	0.0
-85.0	40	0.0
-84.0	31	0.0
-83.0	35	0.0
-82.0	38	0.0
-81.0	35	0.0
-80.0	30	0.0
-79.0	42	0.0
-78.0	35	0.0
-77.0	35	0.0
-76.0	31	0.0
-75.0	25	0.0
-74.0	33	0.0
-73.0	38	0.0
-72.0	30	0.0
-71.0	35	0.0
-70.0	24	0.0
-69.0	40	0.0
-68.0	43	0.0
-67.0	26	0.0
-66.0	38	0.0
-65.0	33	0.0
-64.0	29	0.0
-63.0	27	0.0
-62.0	40	0.0
-61.0	21	0.0
-60.0	36	0.0
-59.0	25	0.0
-58.0	41	0.0
-57.0	33	0.0
-56.0	32	0.0
-55.0	32	0.0
-54.0	34	0.0
-53.0	30	0.0
-52.0	30	0.0
-51.0	34	0.0
-50.0	36	0.0
-49.0	35	0.0
-48.0	34	0.0
-47.0	37	0.0
-46.0	35	0.0
-45.0	29	0.0
-44.0	36	0.0
-43.0	25	0.0
-42.0	31	0.0
-41.0	28	0.0
-40.0	34	0.0
-39.0	31	0.0
-38.0	28	0.0
-37.0	25	0.0
-36.0	33	0.0
-35.0	36	0.0
-34.0	28	0.0
-33.0	35	0.0
-32.0	34	0.0
-31.0	38	0.0
-30.0	38	0.0
-29.0	25	0.0
-28.0	29	0.0
-27.0	23	0.0
-26.0	33	0.0
-25.0	37	0.0
-24.0	34	0.0
-23.0	27	0.0
-22.0	32	0.0
-21.0	33	0.0
-20.0	36	0.0
-19.0	37	0.0
-18.0	34	0.0
-17.0	31	0.0
-16.0	39	0.0
-15.0	25	0.0
-14.0	28	0.0
-13.0	41	0.0
-12.0	33	0.0
-11.0	38	0.0
-10.0	31	0.0
-9.0	34	0.0
-8.0	23	0.0
-7.0	34	0.0
-6.0	41	0.0
-5.0	45	0.0
-4.0	43	0.0
-3.0	34	0.0
-2.0	39	0.0
-1.0	30	0.0
0.0	27	0.0
1.0	31	0.0
2.0	29	0.0
3.0	32	0.0
4.0	43	0.0
5.0	34	0.0
6.0	34	0.0
7.0	31	0.0
8.0	37	0.0
9.0	24	0.0
10.0	29	0.0
11.0	35	0.0
12.0	33	0.0
13.0	29	0.0
14.0	34	0.0
15.0	34	0.0
16.0	26	0.0
17.0	23	0.0
18.0	42	0.0
19.0	26	0.0
20.0	35	0.0
21.0	31	0.0
22.0	34	0.0
23.0	37	0.0
24.0	35	0.0
25.0	38	0.0
26.0	40	0.0
27.0	29	0.0
28.0	39	0.0
29.0	33	0.0
30.0	29	0.0
31.0	26	0.0
32.0	28	0.0
33.0	34	0.0
34.0	26	0.0
35.0	37	0.0
36.0	34	0.0
37.0	27	0.0
38.0	30	0.0
39.0	25	0.0
40.0	36	0.0
41.0	33	0.0
42.0	17	0.0
43.0	32	0.0
44.0	37	0.0
45.0	30	0.0
46.0	35	0.0
47.0	25	0.0
48.0	28	0.0
49.0	34	0.0
50.0	29	0.0
51.0	30	0.0
52.0	31	0.0
53.0	38	0.0
54.0	36	4036.086033834853
55.0	34	7645.432594743122
56.0	23	10862.855658261251
57.0	34	13720.649156776311
58.0	30	16248.755311838415
59.0	34	18474.923988730283
60.0	41	20424.86175732754
61.0	43	22122.37130173419
62.0	65	23589.481782117433
63.0	67	24846.570715399892
64.0	71	25912.477906939937
65.0	87	26804.611932816002
66.0	72	27539.049641801234
67.0	93	28130.629117386627
68.0	80	28593.036513209714
69.0	85	28938.887149874077
70.0	63	29179.801237280506
71.0	69	29326.4745641714
72.0	76	29388.74447551617
73.0	62	29375.651438566045
74.0	61	29295.496479787318
75.0	82	29155.89475740856
76.0	64	28963.825517882382
77.0	52	28725.67866912898
78.0	51	28447.29818893318
79.0	56	28134.022573245766
80.0	47	27790.722516350816
81.0	57	27421.836002848187
82.0	46	27031.400980117767
83.0	58	26623.08576934252
84.0	55	26200.217363219122
85.0	55	25765.807749151176
86.0	61	25322.578387951024
87.0	55	24872.982969853634
88.0	42	24419.228561920187
89.0	51	23963.29525366452
90.0	61	23506.954400935076
91.0	54	23051.78556170375
92.0	57	22599.192211427366
93.0	48	22150.416320033837
94.0	50	21706.55186731122
95.0	45	21268.557368548823
96.0	37	20837.26747763251
97.0	60	20413.403730465303
98.0	60	19997.58448750262
99.0	56	19590.334130374256
100.0	49	19192.09156399117
101.0	49	18803.218072172283
102.0	58	18424.00457168969
103.0	46	18054.678306680253
104.0	48	17695.409022613298
105.0	42	17346.314656418832
106.0	67	17007.466576958395
107.0	43	16678.894407751268
108.0	43	16360.590461748454
109.0	39	16052.513815953003
110.0	52	15754.594051830114
111.0	41	15466.734685701866
112.0	52	15188.816311694458
113.0	41	14920.699478279967
114.0	34	14662.2273180246
115.0	50	14413.227948822705
116.0	47	14173.516663645636
117.0	55	13942.897924666435
118.0	33	13721.167176530409
119.0	48	13508.11249251979
120.0	49	13303.516066407585
121.0	51	13107.155561903995
122.0	41	12918.805330765563
123.0	38	12738.237509859833
124.0	41	12565.22300675135
125.0	45	12399.532382696952
126.0	50	12240.936641303828
127.0	39	12089.207930514907
128.0	39	11944.120165031845
129.0	56	11805.449575774317
130.0	43	11672.975192491733
131.0	50	11546.479265198384
132.0	42	11425.747629683685
133.0	48	11310.570021962918
134.0	47	11200.740346168803
135.0	65	11096.056900049449
136.0	46	10996.32256192247
137.0	44	10901.344942642663
138.0	54	10810.936505869224
139.0	51	10724.914659664164
140.0	38	10643.101822218974
141.0	52	10565.325464286694
142.0	47	10491.418130693242
143.0	52	10421.217443113324
144.0	47	10354.566086119094
145.0	47	10291.311778348168
146.0	49	10231.307230485249
147.0	40	10174.410091610913
148.0	34	10120.482885342084
149.0	38	10069.392937066446
150.0	35	10021.012293462367
151.0	41	9975.21763539157
152.0	33	9931.890185156459
153.0	53	9890.91560902441
154.0	44	9852.183915840698
155.0	39	9815.589352474464
156.0	42	9781.030296773086
157.0	40	9748.409148635308
158.0	48	9717.632219754043
159.0	48	9688.609622524637
160.0	44	9661.255158563927
161.0	50	9635.486207239015
162.0	42	9611.223614561215
163.0	35	9588.391582762359
164.0	41	9566.917560833128
165.0	35	9546.732136271366
166.0	47	9527.76892825687
167.0	53	9509.964482441923
168.0	49	9493.258167521237
169.0	44	9477.592073721973
170.0	39	9462.910913332988
171.0	35	9449.161923373602
172.0	43	9436.294770484403
173.0	34	9424.261458106796
174.0	35	9413.0162360036
175.0	39	9402.515512159911
176.0	46	9392.717767091912
177.0	45	9383.583470580314
178.0	36	9375.07500083608
179.0	30	9367.156566097221
180.0	40	9359.794128648042
181.0	36	9352.955331245414
182.0	36	9346.609425930614
183.0	26	9340.727205200104
184.0	45	9335.280935503817
185.0	32	9330.244293035817
186.0	35	9325.592301778195
187.0	35	9321.301273756586
188.0	39	9317.348751462841
189.0	45	9313.71345239826
190.0	40	9310.3752156893
191.0	45	9307.314950725771
192.0	50	9304.514587770993
193.0	43	9301.957030492069
194.0	48	9299.62611035816
195.0	38	9297.50654285409
196.0	33	9295.58388545665
197.0	43	9293.844497320773
198.0	51	9292.275500623195
199.0	50	9290.864743511273
200.0	40	9289.600764605473
201.0	34	9288.472759004106
202.0	54	9287.47054574011
203.0	45	9286.58453664008
204.0	34	9285.805706536657
205.0	42	9285.125564786367
206.0	43	9284.536128046004
207.0	49	9284.02989426137
208.0	49	9283.599817823613
209.0	42	9283.239285849155
210.0	54	9282.942095540546
211.0	50	9282.702432586446
212.0	42	9282.514850560334
213.0	31	9282.37425127838
214.0	34	9282.27586607838
215.0	38	9282.215237982431
216.0	37	9282.188204707565
217.0	44	9282.190882489233
218.0	42	9282.219650684077
219.0	42	9282.271137119173
220.0	34	9282.342204156326
221.0	34	9282.42993544075
222.0	39	9282.531623304907
223.0	51	9282.644756798813
224.0	48	9282.767010319758
225.0	39	9282.89623281471
226.0	45	9283.030437530231
227.0	36	9283.167792285258
228.0	27	9283.306610243299
229.0	36	9283.44534116131
230.0	38	9283.582563093536
231.0	40	9283.716974529354
232.0	42	9283.847386944999
233.0	43	9283.97271774999
234.0	33	9284.091983609518
235.0	55	9284.204294125342
236.0	45	9284.308845857837
237.0	40	9284.404916673084
238.0	61	9284.491860399368
239.0	43	9284.569101777928
240.0	40	9284.6361316938
241.0	54	9284.692502672955
242.0	45	9284.73782463256
243.0	38	9284.771760871907
244.0	42	9284.794024291923
245.0	55	9284.804373831763
246.0	40	9284.802611111641
247.0	30	9284.788577271323
248.0	46	9284.762149994267
249.0	57	9284.723240708006
250.0	46	9284.67179195149
251.0	36	9284.607774900858
252.0	48	9284.53118704519
253.0	43	9284.442050004534
254.0	34	9284.340407482538
255.0	50	9284.226323346542
256.0	50	9284.099879828334
257.0	39	9283.961175839082
258.0	43	9283.810325392142
259.0	47	9283.647456128043
260.0	36	9283.472707935784
261.0	47	9283.286231665412
262.0	28	9283.0881879265
263.0	47	9282.878745968028
264.0	52	9282.658082634776
265.0	43	9282.426381396132
266.0	64	9282.183831443046
267.0	43	9281.930626849222
268.0	43	9281.666965792905
269.0	31	9281.393049835653
270.0	38	9281.109083254723
271.0	31	9280.815272426022
272.0	55	9280.511825254465
273.0	30	9280.198950648986
274.0	43	9279.876858039446
275.0	38	9279.545756932906
276.0	45	9279.205856506813
277.0	50	9278.857365236874
278.0	31	9278.500490557293
279.0	41	9278.135438551546
280.0	45	9277.762413671522
281.0	35	9277.381618483356
282.0	34	9276.993253438135
283.0	42	9276.597516665859
284.0	40	9276.19460379118
285.0	49	9275.78470776929
286.0	33	9275.368018740786
287.0	34	9274.944723904058
288.0	40	9274.515007404048
289.0	43	9274.079050236176
290.0	45	9273.637030164475
291.0	33	9273.189121652647
292.0	41	9272.735495807427
293.0	40	9272.276320333027
294.0	37	9271.811759496022
295.0	36	9271.341974099738
296.0	50	9270.867121467507
297.0	45	9270.387355434004
298.0	43	9269.90282634401
299.0	40	9269.413681057997
300.0	49	9268.920062963962
301.0	50	9268.42211199494
302.0	46	9267.919964651668
303.0	54	9267.413754030014
304.0	46	9266.903609852567
305.0	54	9266.389658504111
306.0	48	9265.872023070533
307.0	61	9265.350823380802
308.0	50	9264.826176051647
309.0	51	9264.29819453475
310.0	34	9263.76698916594
311.0	47	9263.23266721632
312.0	41	9262.695332944959
313.0	43	9262.155087652953
314.0	62	9261.612029738608
315.0	40	9261.066254753585
316.0	39	9260.517855459757
317.0	43	9259.966921886693
318.0	39	9259.413541389511
319.0	33	9258.85779870702
320.0	52	9258.299776019989
321.0	53	9257.739553009435
322.0	45	9257.17720691482
323.0	43	9256.612812591975
324.0	37	9256.046442570825
325.0	41	9255.47816711262
326.0	44	9254.908054266769
327.0	38	9254.336169927137
328.0	39	9253.762577887666
329.0	44	9253.187339897442
330.0	44	9252.610515714961
331.0	42	9252.032163161744
332.0	48	9251.452338175006
333.0	43	9250.871094859678
334.0	44	9250.288485539408
335.0	44	9249.704560806786
336.0	37	9249.119369572616
337.0	44	9248.532959114247
338.0	40	9247.945375123001
339.0	49	9247.356661750606
340.0	37	9246.766861654727
341.0	37	9246.176016043433
342.0	48	9245.584164718804
343.0	47	9244.991346119437
344.0	40	9244.397597362113
345.0	47	9243.802954282351
346.0	42	9243.207451474125
347.0	36	9242.611122328492
348.0	31	9242.01399907137
349.0	38	9241.416112800298
350.0	52	9240.817493520271
351.0	31	9240.218170178672
352.0	39	9239.618170699237
353.0	43	9239.017522015158
354.0	42	9238.416250101283
355.0	40	9237.814380005384
356.0	57	9237.211935878662
357.0	50	9236.608941005285
358.0	44	9236.005417831177
359.0	44	9235.40138799193
360.0	45	9234.796872339935
361.0	38	9234.191890970726
362.0	48	9233.586463248557
363.0	38	9232.980607831163
364.0	49	9232.374342693845
365.0	46	9231.76768515283
366.0	42	9231.16065188787
367.0	44	9230.55325896418
368.0	42	9229.945521853702
369.0	44	9229.337455455714
370.0	36	9228.729074116767
371.0	45	9228.120391650009
372.0	40	9227.511421353933
373.0	31	9226.902176030466
374.0	46	9226.29266800251
375.0	44	9225.68290913091
376.0	31	9225.0729108309
377.0	36	9224.462684087985
378.0	41	9223.852239473268
379.0	36	9223.24158715836
380.0	38	9222.630736929737
381.0	44	9222.019698202612
382.0	40	9221.408480034373
383.0	31	9220.797091137563
384.0	47	9220.185539892418
385.0	32	9219.57383435897
386.0	49	9218.961982288776
387.0	46	9218.349991136176
388.0	41	9217.737868069258
389.0	42	9217.125619980361
390.0	42	9216.513253496269
391.0	49	9215.90077498802
392.0	44	9215.288190580402
393.0	35	9214.675506161097
394.0	32	9214.062727389506
395.0	39	9213.44985970526
396.0	38	9212.836908336452
397.0	44	9212.223878307574
398.0	49	9211.610774447125
399.0	35	9210.997601395025
400.0	38	9210.38436360969
401.0	42	9209.77106537492
402.0	54	9209.157710806478
403.0	40	9208.544303858474
404.0	33	9207.930848329514
405.0	46	9207.317347868608
406.0	32	9206.703805980858
407.0	37	9206.09022603298
408.0	47	9205.47661125859
409.0	53	9204.86296476329
410.0	55	9204.24928952959
411.0	46	9203.635588421648
412.0	34	9203.021864189834
413.0	35	9202.408119475078
414.0	33	9201.794356813141
415.0	39	9201.180578638676
416.0	48	9200.566787289119
417.0	40	9199.952985008498
418.0	33	9199.33917395104
419.0	35	9198.725356184686
420.0	34	9198.111533694417
421.0	36	9197.497708385532
422.0	30	9196.883882086739
423.0	42	9196.270056553183
424.0	45	9195.656233469272
425.0	42	9195.042414451522
426.0	38	9194.42860105117
427.0	33	9193.814794756767
428.0	35	9193.200996996671
429.0	32	9192.587209141344
430.0	45	9191.973432505745
431.0	47	9191.35966835145
432.0	47	9190.74591788879
433.0	34	9190.132182278861
434.0	52	9189.518462635517
435.0	38	9188.904760027239
436.0	36	9188.291075478912
437.0	29	9187.677409973565
438.0	52	9187.063764454091
439.0	39	9186.450139824776
440.0	39	9185.836536952904
441.0	36	9185.2229566702
442.0	43	9184.609399774263
443.0	38	9183.995867029938
444.0	47	9183.382359170639
445.0	35	9182.768876899596
446.0	44	9182.15542089107
447.0	41	9181.541991791537
448.0	46	9180.92859022078
449.0	46	9180.31521677299
450.0	41	9179.7018720178
451.0	41	9179.088556501254
452.0	53	9178.475270746781
453.0	32	9177.862015256102
454.0	40	9177.248790510119
455.0	38	9176.635596969752
456.0	47	9176.022435076758
457.0	40	9175.409305254485
458.0	49	9174.796207908665
459.0	45	9174.18314342809
460.0	47	9173.570112185325
461.0	49	9172.957114537363
462.0	35	9172.344150826264
463.0	43	9171.731221379752
464.0	41	9171.118326511827
465.0	49	9170.505466523298
466.0	36	9169.892641702343
467.0	42	9169.27985232502
468.0	32	9168.667098655773
469.0	38	9168.054380947877
470.0	34	9167.44169944394
471.0	42	9166.829054376312
472.0	38	9166.216445967533
473.0	47	9165.603874430695
474.0	39	9164.991339969887
475.0	39	9164.37884278051
476.0	39	9163.766383049679
477.0	34	9163.15396095654
478.0	38	9162.541576672616
479.0	42	9161.929230362111
480.0	52	9161.31692218221
481.0	39	9160.704652283379
482.0	57	9160.092420809648
483.0	35	9159.480227898868
484.0	39	9158.868073682956
485.0	39	9158.255958288175
486.0	31	9157.64388183534
487.0	43	9157.03184444005
488.0	36	9156.41984621291
489.0	38	9155.807887259762
490.0	35	9155.195967681808
491.0	33	9154.584087575919
492.0	42	9153.972247034695
493.0	48	9153.360446146733
494.0	35	9152.748684996752
495.0	40	9152.13696366576
496.0	43	9151.525282231229
497.0	37	9150.913640767205
498.0	53	9150.302039344491
499.0	44	9149.690478030754
500.0	40	9149.07895689069
501.0	39	9148.467475986105
502.0	38	9147.856035376053
503.0	33	9147.244635116986
504.0	35	9146.633275262804
505.0	48	9146.021955865015
506.0	46	9145.410676972811
507.0	41	9144.799438633143
508.0	41	9144.188240890871
509.0	37	9143.577083788798
510.0	35	9142.965967367805
511.0	37	9142.354891666877
512.0	46	9141.743856723248
513.0	49	9141.132862572395
514.0	34	9140.521909248195
515.0	37	9139.910996782944
516.0	39	9139.300125207428
517.0	48	9138.689294551006
518.0	45	9138.078504841642
519.0	40	9137.467756105993
520.0	35	9136.857048369438
521.0	40	9136.246381656172
522.0	48	9135.635755989197
523.0	34	9135.025171390429
524.0	48	9134.414627880707
525.0	42	9133.804125479865
526.0	35	9133.193664206749
527.0	30	9132.583244079276
528.0	43	9131.972865114483
529.0	37	9131.362527328534
530.0	49	9130.752230736776
531.0	34	9130.14197535378
532.0	37	9129.531761193359
533.0	47	9128.921588268613
534.0	47	9128.311456591957
535.0	47	9127.701366175139
536.0	41	9127.09131702928
537.0	41	9126.481309164885
538.0	46	9125.871342591912
539.0	38	9125.261417319734
540.0	36	9124.65153335721
541.0	43	9124.041690712691
542.0	46	9123.431889394045
543.0	42	9122.822129408662
544.0	46	9122.212410763506
545.0	42	9121.602733465112
546.0	34	9120.99309751959
547.0	34	9120.383502932684
548.0	52	9119.773949709754
549.0	30	9119.164437855796
550.0	39	9118.554967375472
551.0	46	9117.945538273132
552.0	47	9117.336150552786
553.0	41	9116.726804218159
554.0	39	9116.117499272685
555.0	41	9115.50823571953
556.0	37	9114.89901356159
557.0	30	9114.289832801514
558.0	36	9113.68069344172
559.0	43	9113.07159548437
560.0	43	9112.462538931439
561.0	44	9111.853523784654
562.0	45	9111.244550045574
563.0	46	9110.63561771556
564.0	42	9110.026726795775
565.0	41	9109.417877287202
566.0	40	9108.809069190678
567.0	30	9108.200302506859
568.0	33	9107.591577236251
569.0	47	9106.98289337922
570.0	37	9106.374250935974
571.0	37	9105.765649906612
572.0	63	9105.157090291083
573.0	44	9104.548572089207
574.0	39	9103.9400953007
575.0	38	9103.331659925165
576.0	29	9102.723265962091
577.0	44	9102.114913410851
578.0	30	9101.506602270758
579.0	41	9100.898332540983
580.0	44	9100.290104220632
581.0	50	9099.681917308719
582.0	36	9099.073771804173
583.0	43	9098.465667705848
584.0	52	9097.857605012532
585.0	48	9097.24958372291
586.0	30	9096.641603835622
587.0	36	9096.033665349236
588.0	26	9095.425768262261
589.0	45	9094.817912573131
590.0	41	9094.210098280237
591.0	31	9093.6023253819
592.0	38	9092.994593876401
593.0	46	9092.386903761972
594.0	48	9091.779255036778
595.0	41	9091.171647698953
596.0	51	9090.564081746586
597.0	26	9089.95655717772
598.0	46	9089.349073990352
599.0	46	9088.74163218245
600.0	36	9088.134231751936
601.0	48	9087.526872696704
602.0	40	9086.91955501461
603.0	52	9086.312278703477
604.0	42	9085.7050437611
605.0	42	9085.097850185244
606.0	42	9084.490697973639
607.0	46	9083.883587123997
608.0	32	9083.276517634002
609.0	47	9082.6694895013
610.0	37	9082.06250272355
611.0	35	9081.455557298335
612.0	45	9080.848653223251
613.0	36	9080.241790495878
614.0	34	9079.63496911376
615.0	26	9079.028189074425
616.0	52	9078.421450375372
617.0	30	9077.814753014118
618.0	39	9077.208096988128
619.0	37	9076.60148229487
620.0	51	9075.994908931785
621.0	51	9075.388376896317
622.0	44	9074.781886185867
623.0	35	9074.175436797852
624.0	42	9073.569028729673
625.0	48	9072.962661978694
626.0	60	9072.356336542296
627.0	42	9071.750052417841
628.0	40	9071.143809602665
629.0	44	9070.537608094111
630.0	45	9069.93144788952
631.0	42	9069.325328986195
632.0	38	9068.719251381455
633.0	37	9068.113215072604
634.0	45	9067.507220056932
635.0	42	9066.901266331728
636.0	39	9066.295353894273
637.0	46	9065.689482741836
638.0	41	9065.083652871695
639.0	36	9064.477864281096
640.0	40	9063.87211696731
641.0	44	9063.266410927565
642.0	50	9062.660746159117
643.0	36	9062.055122659203
644.0	36	9061.449540425052
645.0	31	9060.843999453886
646.0	38	9060.238499742944
647.0	35	9059.633041289435
648.0	41	9059.02762409058
649.0	46	9058.422248143586
650.0	50	9057.816913445653
651.0	45	9057.211619993992
652.0	44	9056.606367785806
653.0	48	9056.001156818296
654.0	43	9055.395987088636
655.0	42	9054.790858594046
656.0	40	9054.185771331684
657.0	38	9053.580725298754
658.0	39	9052.97572049244
659.0	44	9052.37075690991
660.0	41	9051.765834548356
661.0	45	9051.160953404946
662.0	43	9050.556113476858
663.0	34	9049.951314761252
664.0	35	9049.34655725531
665.0	42	9048.741840956207
666.0	40	9048.137165861088
667.0	37	9047.53253196714
668.0	49	9046.927939271509
669.0	47	9046.323387771363
670.0	42	9045.718877463867
671.0	50	9045.114408346177
672.0	29	9044.50998041545
673.0	49	9043.90559366884
674.0	49	9043.301248103508
675.0	32	9042.696943716606
676.0	45	9042.092680505286
677.0	46	9041.488458466702
678.0	46	9040.884277598001
679.0	38	9040.280137896341
680.0	48	9039.676039358872
681.0	29	9039.071981982737
682.0	27	9038.46796576509
683.0	37	9037.863990703077
684.0	42	9037.260056793843
685.0	35	9036.656164034532
686.0	34	9036.052312422296
687.0	33	9035.448501954277
688.0	33	9034.844732627622
689.0	51	9034.241004439476
690.0	45	9033.63731738698
691.0	34	9033.033671467276
692.0	36	9032.43006667752
693.0	55	9031.826503014825
694.0	32	9031.222980476365
695.0	38	9030.619499059276
696.0	43	9030.01605876069
697.0	41	9029.412659577743
698.0	40	9028.809301507594
699.0	41	9028.20598454738
700.0	53	9027.602708694225
701.0	51	9026.999473945292
702.0	32	9026.396280297713
703.0	34	9025.79312774863
704.0	44	9025.19001629518
705.0	47	9024.586945934494
706.0	50	9023.98391666373
707.0	43	9023.380928480017
708.0	42	9022.777981380503
709.0	41	9022.175075362326
710.0	47	9021.572210422612
711.0	49	9020.96938655852
712.0	44	9020.366603767176
713.0	41	9019.763862045731
714.0	43	9019.161161391308
715.0	45	9018.558501801064
716.0	39	9017.955883272129
717.0	40	9017.35330580165
718.0	39	9016.750769386752
719.0	47	9016.148274024594
720.0	39	9015.545819712308
721.0	44	9014.943406447022
722.0	32	9014.341034225894
723.0	31	9013.738703046063
724.0	52	9013.136412904643
725.0	57	9012.53416379881
726.0	51	9011.93195572568
727.0	42	9011.329788682402
728.0	44	9010.727662666117
729.0	44	9010.125577673958
730.0	52	9009.523533703074
731.0	42	9008.921530750604
732.0	57	9008.319568813688
733.0	43	9007.717647889465
734.0	46	9007.115767975074
735.0	40	9006.513929067667
736.0	57	9005.912131164374
737.0	41	9005.310374262335
738.0	49	9004.708658358708
739.0	41	9004.106983450614
740.0	44	9003.505349535202
741.0	34	9002.903756609621
742.0	38	9002.302204671001
743.0	41	9001.700693716492
744.0	38	9001.09922374324
745.0	44	9000.49779474838
746.0	36	8999.896406729062
747.0	36	8999.295059682425
748.0	42	8998.693753605605
749.0	36	8998.092488495755
750.0	52	8997.491264350007
751.0	36	8996.890081165518
752.0	42	8996.288938939431
753.0	31	8995.687837668878
754.0	48	8995.086777351014
755.0	34	8994.485757982977
756.0	38	8993.884779561913
757.0	38	8993.283842084964
758.0	47	8992.68294554928
759.0	45	8992.082089952002
760.0	48	8991.481275290276
761.0	32	8990.880501561249
762.0	50	8990.279768762064
763.0	36	8989.679076889866
764.0	49	8989.078425941807
765.0	36	8988.477815915023
766.0	43	8987.877246806664
767.0	49	8987.276718613883
768.0	32	8986.676231333811
769.0	35	8986.075784963614
770.0	35	8985.475379500424
771.0	51	8984.875014941394
772.0	48	8984.274691283674
773.0	42	8983.674408524404
774.0	30	8983.074166660741
775.0	36	8982.473965689824
776.0	36	8981.873805608808
777.0	36	8981.273686414836
778.0	46	8980.673608105057
779.0	48	8980.073570676614
780.0	34	8979.473574126676
781.0	30	8978.873618452371
782.0	35	8978.273703650859
783.0	44	8977.673829719282
784.0	38	8977.073996654792
785.0	35	8976.474204454546
786.0	39	8975.874453115688
787.0	38	8975.274742635365
788.0	48	8974.67507301073
789.0	33	8974.07544423894
790.0	39	8973.475856317134
791.0	35	8972.87630924247
792.0	43	8972.276803012108
793.0	32	8971.677337623181
794.0	41	8971.07791307285
795.0	47	8970.478529358264
796.0	46	8969.87918647658
797.0	41	8969.279884424945
798.0	43	8968.680623200516
799.0	39	8968.081402800444
800.0	36	8967.482223221872
801.0	45	8966.883084461972
802.0	33	8966.283986517878
803.0	37	8965.684929386756
804.0	39	8965.08591306576
805.0	33	8964.486937552036
806.0	32	8963.888002842737
807.0	47	8963.289108935021
808.0	42	8962.690255826048
809.0	34	8962.091443512967
810.0	39	8961.492671992932
811.0	33	8960.893941263095
812.0	50	8960.295251320622
813.0	51	8959.696602162661
814.0	38	8959.097993786358
815.0	39	8958.499426188893
816.0	39	8957.900899367396
817.0	37	8957.302413319041
818.0	49	8956.703968040976
819.0	40	8956.105563530362
820.0	41	8955.50719978435
821.0	48	8954.908876800107
822.0	42	8954.310594574772
823.0	37	8953.71235310552
824.0	32	8953.114152389511
825.0	36	8952.515992423881
826.0	42	8951.917873205817
827.0	41	8951.319794732444
828.0	50	8950.721757000949
829.0	37	8950.123760008477
830.0	41	8949.525803752196
831.0	39	8948.92788822925
832.0	43	8948.33001343681
833.0	41	8947.73217937203
834.0	45	8947.134386032076
835.0	50	8946.536633414096
836.0	32	8945.938921515262
837.0	40	8945.341250332736
838.0	49	8944.743619863662
839.0	48	8944.146030105216
840.0	39	8943.548481054551
841.0	34	8942.950972708828
842.0	48	8942.353505065219
843.0	50	8941.756078120869
844.0	42	8941.158691872952
845.0	39	8940.561346318624
846.0	45	8939.964041455047
847.0	47	8939.366777279394
848.0	34	8938.769553788812
849.0	39	8938.172370980465
850.0	37	8937.575228851523
851.0	47	8936.978127399154
852.0	73	8936.381066620517
853.0	44	8935.784046512761
854.0	38	8935.187067073068
855.0	48	8934.590128298594
856.0	55	8933.993230186514
857.0	29	8933.396372733969
858.0	34	8932.79955593814
859.0	35	8932.202779796191
860.0	33	8931.606044305283
861.0	47	8931.009349462583
862.0	32	8930.412695265257
863.0	38	8929.816081710467
864.0	33	8929.21950879539
865.0	63	8928.622976517176
866.0	47	8928.026484873002
867.0	47	8927.430033860028
868.0	41	8926.83362347542
869.0	46	8926.237253716352
870.0	47	8925.640924579988
871.0	46	8925.044636063492
872.0	45	8924.448388164035
873.0	35	8923.852180878777
874.0	47	8923.256014204902
875.0	50	8922.659888139558
876.0	37	8922.063802679932
877.0	44	8921.46775782317
878.0	54	8920.871753566464
879.0	39	8920.275789906967
880.0	55	8919.679866841849
881.0	36	8919.083984368293
882.0	39	8918.488142483455
883.0	36	8917.892341184504
884.0	42	8917.296580468623
885.0	42	8916.700860332961
886.0	35	8916.105180774717
887.0	34	8915.50954179103
888.0	25	8914.913943379088
889.0	60	8914.318385536064
890.0	43	8913.722868259114
891.0	34	8913.127391545426
892.0	40	8912.531955392167
893.0	26	8911.936559796499
894.0	46	8911.341204755605
895.0	32	8910.745890266657
896.0	48	8910.150616326819
897.0	39	8909.55538293327
898.0	33	8908.960190083173
899.0	48	8908.365037773709
900.0	42	8907.769926002058
901.0	37	8907.17485476538
902.0	38	8906.579824060847
903.0	41	8905.984833885648
904.0	36	8905.389884236944
905.0	48	8904.794975111918
906.0	52	8904.20010650773
907.0	39	8903.60527842157
908.0	43	8903.010490850607
909.0	43	8902.415743792015
910.0	42	8901.82103724297
911.0	38	8901.226371200639
912.0	34	8900.631745662207
913.0	38	8900.037160624848
914.0	44	8899.442616085742
915.0	43	8898.848112042062
916.0	49	8898.25364849097
917.0	41	8897.659225429661
918.0	49	8897.064842855316
919.0	44	8896.470500765088
920.0	38	8895.876199156175
921.0	36	8895.281938025742
922.0	51	8894.687717370976
923.0	42	8894.093537189041
924.0	41	8893.499397477139
925.0	32	8892.905298232423
926.0	63	8892.31123945208
927.0	34	8891.71722113329
928.0	34	8891.123243273236
929.0	32	8890.529305869093
930.0	35	8889.935408918038
931.0	44	8889.341552417247
932.0	36	8888.747736363903
933.0	41	8888.153960755193
934.0	37	8887.560225588293
935.0	39	8886.96653086037
936.0	44	8886.372876568623
937.0	33	8885.779262710223
938.0	48	8885.185689282354
939.0	41	8884.592156282199
940.0	41	8883.99866370693
941.0	38	8883.405211553725
942.0	31	8882.811799819783
943.0	41	8882.21842850228
944.0	49	8881.625097598393
945.0	38	8881.031807105304
946.0	29	8880.438557020201
947.0	40	8879.845347340259
948.0	44	8879.252178062667
949.0	46	8878.659049184598
950.0	38	8878.065960703252
951.0	43	8877.472912615796
952.0	35	8876.879904919431
953.0	51	8876.286937611318
954.0	42	8875.694010688661
955.0	48	8875.101124148636
956.0	51	8874.508277988421
957.0	38	8873.915472205212
958.0	37	8873.32270679619
959.0	42	8872.729981758539
960.0	33	8872.13729708944
961.0	49	8871.54465278608
962.0	37	8870.952048845651
963.0	41	8870.359485265337
964.0	25	8869.766962042322
965.0	39	8869.174479173787
966.0	49	8868.58203665692
967.0	40	8867.989634488917
968.0	38	8867.397272666962
969.0	41	8866.804951188235
970.0	43	8866.21267004993
971.0	41	8865.620429249226
972.0	43	8865.02822878331
973.0	50	8864.436068649386
974.0	34	8863.843948844626
975.0	39	8863.251869366228
976.0	45	8862.659830211369
977.0	39	8862.06783137725
978.0	36	8861.47587286105
979.0	45	8860.883954659965
980.0	45	8860.292076771184
981.0	42	8859.700239191885
982.0	43	8859.108441919274
983.0	40	8858.51668495053
984.0	42	8857.924968282849
985.0	29	8857.333291913417
986.0	54	8856.741655839427
987.0	49	8856.150060058064
988.0	50	8855.558504566525
989.0	42	8854.966989362
990.0	31	8854.375514441681
991.0	42	8853.784079802757
992.0	39	8853.192685442418
993.0	30	8852.601331357864
994.0	38	8852.010017546276
995.0	29	8851.418744004855
996.0	38	8850.827510730789
997.0	53	8850.23631772127
998.0	38	8849.64516497349
999.0	33	8849.054052484647
1000.0	41	8848.462980251928
1001.0	46	8847.871948272534
1002.0	37	8847.280956543655
1003.0	35	8846.690005062486
1004.0	54	8846.099093826218
1005.0	41	8845.50822283204
1006.0	31	8844.917392077157
1007.0	49	8844.326601558758
1008.0	39	8843.735851274048
1009.0	58	8843.145141220206
1010.0	46	8842.554471394438
1011.0	35	8841.963841793939
1012.0	37	8841.373252415895
1013.0	40	8840.78270325751
1014.0	41	8840.19219431598
1015.0	46	8839.601725588494
1016.0	42	8839.011297072264
1017.0	33	8838.42090876447
1018.0	33	8837.830560662322
1019.0	45	8837.24025276301
1020.0	39	8836.649985063725
1021.0	45	8836.059757561681
1022.0	40	8835.469570254058
1023.0	36	8834.87942313807
1024.0	34	8834.289316210901
1025.0	34	8833.699249469752
1026.0	41	8833.10922291183
1027.0	44	8832.519236534334
1028.0	48	8831.929290334449
1029.0	36	8831.33938430938
1030.0	41	8830.749518456336
1031.0	35	8830.1596927725
1032.0	50	8829.569907255098
1033.0	49	8828.980161901301
1034.0	28	8828.39045670832
1035.0	52	8827.800791673355
1036.0	46	8827.211166793611
1037.0	47	8826.621582066284
1038.0	36	8826.032037488572
1039.0	39	8825.442533057685
1040.0	43	8824.85306877081
1041.0	48	8824.263644625165
1042.0	38	8823.674260617945
1043.0	28	8823.084916746348
1044.0	37	8822.495613007583
1045.0	33	8821.906349398841
1046.0	54	8821.317125917345
1047.0	41	8820.727942560277
1048.0	31	8820.138799324845
1049.0	36	8819.549696208254
1050.0	46	8818.960633207707
1051.0	38	8818.371610320419
1052.0	36	8817.782627543573
1053.0	40	8817.193684874386
1054.0	37	8816.604782310058
1055.0	51	8816.015919847794
1056.0	46	8815.427097484804
1057.0	45	8814.838315218276
1058.0	44	8814.249573045428
1059.0	44	8813.66087096347
1060.0	35	8813.072208969594
1061.0	44	8812.483587061019
1062.0	46	8811.89500523494
1063.0	39	8811.306463488563
1064.0	33	8810.7179618191
1065.0	44	8810.129500223757
1066.0	51	8809.541078699736
1067.0	31	8808.95269724425
1068.0	43	8808.364355854497
1069.0	39	8807.776054527689
1070.0	46	8807.187793261033
1071.0	38	8806.59957205174
1072.0	33	8806.011390897014
1073.0	36	8805.42324979406
1074.0	48	8804.835148740092
1075.0	40	8804.247087732309
1076.0	31	8803.659066767934
1077.0	44	8803.071085844163
1078.0	39	8802.483144958214
1079.0	46	8801.895244107283
1080.0	55	8801.3073832886
1081.0	41	8800.719562499358
1082.0	41	8800.131781736765
1083.0	46	8799.544040998047
1084.0	34	8798.956340280398
1085.0	45	8798.368679581028
1086.0	35	8797.781058897166
1087.0	47	8797.193478226
1088.0	40	8796.605937564756
1089.0	47	8796.01843691064
1090.0	41	8795.43097626087
1091.0	45	8794.843555612642
1092.0	52	8794.256174963177
1093.0	31	8793.668834309692
1094.0	50	8793.081533649389
1095.0	40	8792.49427297949
1096.0	33	8791.9070522972
1097.0	53	8791.319871599731
1098.0	45	8790.732730884301
1099.0	36	8790.145630148123
1100.0	44	8789.558569388411
1101.0	46	8788.971548602374
1102.0	42	8788.384567787223
1103.0	34	8787.797626940175
1104.0	43	8787.210726058453
1105.0	33	8786.623865139265
1106.0	40	8786.037044179811
1107.0	57	8785.450263177334
1108.0	42	8784.86352212903
1109.0	44	8784.276821032116
1110.0	40	8783.690159883807
1111.0	49	8783.103538681315
1112.0	31	8782.516957421873
1113.0	40	8781.93041610268
1114.0	43	8781.343914720965
1115.0	38	8780.757453273925
1116.0	42	8780.171031758793
1117.0	44	8779.584650172777
1118.0	51	8778.998308513104
1119.0	50	8778.412006776978
1120.0	54	8777.82574496163
1121.0	51	8777.239523064269
1122.0	45	8776.653341082107
1123.0	46	8776.067199012376
1124.0	47	8775.481096852282
1125.0	46	8774.895034599054
1126.0	41	8774.309012249898
1127.0	34	8773.723029802042
1128.0	46	8773.137087252706
1129.0	42	8772.551184599102
1130.0	32	8771.965321838454
1131.0	35	8771.37949896798
1132.0	45	8770.793715984897
1133.0	42	8770.207972886428
1134.0	36	8769.622269669791
1135.0	41	8769.036606332209
1136.0	41	8768.450982870909
1137.0	56	8767.865399283095
1138.0	39	8767.279855566003
1139.0	50	8766.694351716846
1140.0	44	8766.10888773284
1141.0	44	8765.52346361122
1142.0	32	8764.938079349198
1143.0	50	8764.352734944001
1144.0	34	8763.767430392849
1145.0	36	8763.182165692968
1146.0	39	8762.596940841571
1147.0	43	8762.011755835894
1148.0	40	8761.426610673143
1149.0	44	8760.841505350556
1150.0	42	8760.256439865352
1151.0	42	8759.67141421475
1152.0	43	8759.086428395985
1153.0	45	8758.50148240626
1154.0	39	8757.91657624282
1155.0	36	8757.33170990288
1156.0	38	8756.746883383661
1157.0	45	8756.162096682394
1158.0	36	8755.577349796304
1159.0	38	8754.992642722606
1160.0	38	8754.407975458547
1161.0	35	8753.823348001328
1162.0	36	8753.238760348186
1163.0	41	8752.654212496353
1164.0	40	8752.069704443042
1165.0	34	8751.485236185481
1166.0	44	8750.900807720907
1167.0	48	8750.316419046538
1168.0	43	8749.732070159609
1169.0	37	8749.147761057337
1170.0	55	8748.563491736953
1171.0	44	8747.97926219569
1172.0	36	8747.39507243076
1173.0	36	8746.810922439407
1174.0	45	8746.226812218853
1175.0	47	8745.642741766333
1176.0	45	8745.05871107906
1177.0	33	8744.474720154274
1178.0	37	8743.890768989204
1179.0	38	8743.306857581068
1180.0	32	8742.72298592712
1181.0	52	8742.139154024557
1182.0	58	8741.555361870636
1183.0	38	8740.971609462566
1184.0	39	8740.38789679759
1185.0	40	8739.804223872938
1186.0	47	8739.220590685834
1187.0	35	8738.63699723352
1188.0	37	8738.053443513207
1189.0	49	8737.469929522145
1190.0	39	8736.886455257552
1191.0	47	8736.303020716667
1192.0	56	8735.719625896721
1193.0	51	8735.136270794941
1194.0	42	8734.552955408564
1195.0	35	8733.969679734826
1196.0	41	8733.386443770949
1197.0	42	8732.803247514175
1198.0	34	8732.22009096173
1199.0	43	8731.636974110852
1200.0	43	8731.053896958769
1201.0	33	8730.470859502711
1202.0	47	8729.887861739928
1203.0	47	8729.30490366764
1204.0	38	8728.721985283079
1205.0	46	8728.139106583494
1206.0	44	8727.5562675661
1207.0	35	8726.97346822815
1208.0	41	8726.390708566865
1209.0	32	8725.807988579489
1210.0	39	8725.225308263249
1211.0	38	8724.642667615388
1212.0	41	8724.06006663314
1213.0	51	8723.47750531374
1214.0	44	8722.894983654416
1215.0	43	8722.31250165242
1216.0	32	8721.73005930497
1217.0	50	8721.14765660932
1218.0	50	8720.565293562691
1219.0	35	8719.982970162335
1220.0	37	8719.400686405483
1221.0	47	8718.81844228937
1222.0	44	8718.236237811228
1223.0	32	8717.654072968313
1224.0	37	8717.071947757844
1225.0	42	8716.489862177066
1226.0	37	8715.90781622322
1227.0	48	8715.325809893544
1228.0	37	8714.743843185273
1229.0	40	8714.16191609565
1230.0	48	8713.580028621915
1231.0	37	8712.998180761306
1232.0	41	8712.416372511054
1233.0	50	8711.83460386841
1234.0	37	8711.252874830612
1235.0	36	8710.671185394895
1236.0	44	8710.089535558503
1237.0	42	8709.507925318676
1238.0	53	8708.926354672656
1239.0	52	8708.344823617677
1240.0	53	8707.763332150987
1241.0	41	8707.181880269833
1242.0	44	8706.60046797145
1243.0	41	8706.019095253067
1244.0	36	8705.437762111942
1245.0	51	8704.856468545326
1246.0	47	8704.275214550431
1247.0	39	8703.69400012453
1248.0	47	8703.112825264843
1249.0	39	8702.531689968626
1250.0	43	8701.950594233123
1251.0	45	8701.369538055571
1252.0	36	8700.788521433211
1253.0	51	8700.207544363295
1254.0	29	8699.626606843061
1255.0	53	8699.045708869757
1256.0	40	8698.464850440625
1257.0	48	8697.884031552907
1258.0	37	8697.303252203856
1259.0	45	8696.722512390703
1260.0	45	8696.141812110705
1261.0	45	8695.561151361104
1262.0	57	8694.980530139148
1263.0	41	8694.399948442075
1264.0	42	8693.81940626714
1265.0	35	8693.238903611578
1266.0	31	8692.658440472645
1267.0	41	8692.07801684759
1268.0	41	8691.497632733644
1269.0	33	8690.917288128068
1270.0	46	8690.336983028112
1271.0	32	8689.756717431002
1272.0	32	8689.176491334014
1273.0	29	8688.596304734372
1274.0	51	8688.01615762933
1275.0	43	8687.436050016146
1276.0	33	8686.85598189206
1277.0	39	8686.275953254317
1278.0	45	8685.695964100178
1279.0	47	8685.116014426883
1280.0	34	8684.536104231678
1281.0	39	8683.95623351182
1282.0	26	8683.376402264548
1283.0	40	8682.796610487125
1284.0	44	8682.21685817679
1285.0	38	8681.637145330798
1286.0	39	8681.057471946395
1287.0	45	8680.47783802084
1288.0	38	8679.898243551379
1289.0	50	8679.318688535252
1290.0	43	8678.73917296973
1291.0	43	8678.159696852052
1292.0	41	8677.580260179471
1293.0	48	8677.000862949239
1294.0	40	8676.421505158607
1295.0	44	8675.842186804823
1296.0	40	8675.26290788515
1297.0	42	8674.683668396841
1298.0	42	8674.104468337127
1299.0	39	8673.525307703287
1300.0	46	8672.946186492558
1301.0	31	8672.367104702198
1302.0	47	8671.788062329457
1303.0	38	8671.209059371593
1304.0	45	8670.630095825862
1305.0	47	8670.051171689514
1306.0	39	8669.4722869598
1307.0	43	8668.893441633976
1308.0	38	8668.314635709306
1309.0	50	8667.73586918304
1310.0	41	8667.15714205242
1311.0	38	8666.578454314711
1312.0	50	8665.99980596717
1313.0	39	8665.42119700705
1314.0	37	8664.84262743161
1315.0	40	8664.264097238107
1316.0	45	8663.68560642378
1317.0	50	8663.107154985906
1318.0	41	8662.528742921739
1319.0	46	8661.950370228527
1320.0	40	8661.37203690354
1321.0	55	8660.793742944015
1322.0	49	8660.21548834722
1323.0	33	8659.637273110415
1324.0	42	8659.059097230864
1325.0	37	8658.480960705809
1326.0	33	8657.902863532512
1327.0	42	8657.324805708233
1328.0	42	8656.746787230237
1329.0	38	8656.16880809578
1330.0	30	8655.590868302112
1331.0	54	8655.012967846504
1332.0	44	8654.43510672621
1333.0	49	8653.857284938487
1334.0	34	8653.279502480598
1335.0	25	8652.701759349799
1336.0	37	8652.124055543352
1337.0	48	8651.546391058526
1338.0	38	8650.968765892569
1339.0	47	8650.391180042743
1340.0	39	8649.813633506312
1341.0	41	8649.236126280537
1342.0	33	8648.658658362681
1343.0	52	8648.081229750009
1344.0	46	8647.50384043977
1345.0	45	8646.926490429234
1346.0	47	8646.349179715658
1347.0	43	8645.771908296318
1348.0	43	8645.194676168454
1349.0	44	8644.617483329348
1350.0	49	8644.040329776259
1351.0	49	8643.463215506437
1352.0	40	8642.886140517163
1353.0	29	8642.309104805689
1354.0	49	8641.732108369286
1355.0	37	8641.155151205214
1356.0	52	8640.578233310727
1357.0	37	8640.00135468311
1358.0	32	8639.424515319608
1359.0	44	8638.847715217493
1360.0	59	8638.270954374031
1361.0	46	8637.694232786493
1362.0	46	8637.117550452134
1363.0	45	8636.540907368224
1364.0	45	8635.964303532022
1365.0	42	8635.387738940806
1366.0	38	8634.811213591827
1367.0	43	8634.234727482366
1368.0	38	8633.658280609676
1369.0	37	8633.081872971035
1370.0	41	8632.505504563702
1371.0	49	8631.929175384947
1372.0	41	8631.352885432034
1373.0	32	8630.776634702233
1374.0	37	8630.200423192813
1375.0	44	8629.62425090104
1376.0	35	8629.048117824183
1377.0	36	8628.472023959506
1378.0	43	8627.895969304282
1379.0	32	8627.319953855776
1380.0	33	8626.743977611259
1381.0	43	8626.168040568
1382.0	36	8625.59214272327
1383.0	43	8625.01628407433
1384.0	40	8624.44046461846
1385.0	39	8623.864684352915
1386.0	45	8623.288943274985
1387.0	41	8622.713241381924
1388.0	35	8622.137578671005
1389.0	38	8621.561955139505
1390.0	40	8620.986370784689
1391.0	41	8620.410825603825
1392.0	45	8619.8353195942
1393.0	52	8619.259852753064
1394.0	43	8618.6844250777
1395.0	27	8618.109036565376
1396.0	48	8617.533687213365
1397.0	37	8616.958377018946
1398.0	39	8616.383105979374
1399.0	25	8615.807874091943
1400.0	33	8615.232681353906
1401.0	41	8614.657527762543
1402.0	45	8614.082413315136
1403.0	49	8613.507338008949
1404.0	47	8612.932301841249
1405.0	45	8612.357304809328
1406.0	47	8611.782346910435
1407.0	37	8611.207428141865
1408.0	51	8610.632548500891
1409.0	38	8610.057707984775
1410.0	47	8609.482906590798
1411.0	45	8608.908144316234
1412.0	50	8608.333421158364
1413.0	40	8607.758737114445
1414.0	41	8607.184092181778
1415.0	40	8606.60948635762
1416.0	42	8606.034919639253
1417.0	53	8605.460392023951
1418.0	43	8604.885903508988
1419.0	52	8604.311454091649
1420.0	40	8603.737043769199
1421.0	29	8603.162672538927
1422.0	36	8602.588340398099
1423.0	46	8602.014047343997
1424.0	39	8601.4397933739
1425.0	42	8600.865578485078
1426.0	44	8600.291402674817
1427.0	29	8599.71726594039
1428.0	44	8599.143168279075
1429.0	36	8598.569109688153
1430.0	40	8597.995090164906
1431.0	36	8597.421109706604
1432.0	46	8596.847168310529
1433.0	37	8596.27326597396
1434.0	33	8595.699402694183
1435.0	35	8595.125578468462
1436.0	44	8594.551793294091
1437.0	36	8593.97804716834
1438.0	32	8593.404340088495
1439.0	46	8592.830672051843
1440.0	51	8592.257043055646
1441.0	38	8591.6834530972
1442.0	33	8591.109902173783
1443.0	37	8590.536390282667
1444.0	51	8589.96291742114
1445.0	51	8589.389483586487
1446.0	38	8588.816088775982
1447.0	45	8588.24273298691
1448.0	44	8587.669416216557
1449.0	40	8587.096138462195
1450.0	38	8586.522899721118
1451.0	38	8585.949699990599
1452.0	42	8585.376539267932
1453.0	44	8584.80341755039
1454.0	42	8584.230334835254
1455.0	38	8583.657291119818
1456.0	37	8583.08428640135
1457.0	43	8582.511320677157
1458.0	32	8581.9383939445
1459.0	31	8581.365506200678
1460.0	51	8580.792657442958
1461.0	41	8580.219847668646
1462.0	46	8579.647076875017
1463.0	39	8579.074345059355
1464.0	38	8578.501652218938
1465.0	50	8577.928998351066
1466.0	44	8577.356383453018
1467.0	47	8576.783807522072
1468.0	32	8576.211270555532
1469.0	29	8575.638772550656
1470.0	38	8575.066313504758
1471.0	50	8574.493893415114
1472.0	41	8573.921512279006
1473.0	49	8573.349170093727
1474.0	33	8572.77686685656
1475.0	29	8572.204602564798
1476.0	37	8571.632377215716
1477.0	38	8571.060190806616
1478.0	50	8570.488043334775
1479.0	48	8569.915934797491
1480.0	40	8569.343865192046
1481.0	31	8568.771834515723
1482.0	60	8568.19984276582
1483.0	41	8567.627889939624
1484.0	42	8567.05597603442
1485.0	52	8566.484101047505
1486.0	48	8565.912264976158
1487.0	31	8565.34046781767
1488.0	35	8564.768709569338
1489.0	34	8564.19699022845
1490.0	43	8563.625309792289
1491.0	46	8563.053668258153
1492.0	47	8562.48206562333
1493.0	38	8561.910501885111
1494.0	43	8561.33897704078
1495.0	41	8560.767491087641
1496.0	36	8560.196044022974
1497.0	38	8559.62463584408
1498.0	49	8559.053266548242
1499.0	42	8558.481936132757
1500.0	43	8557.910644594915
1501.0	47	8557.33939193201
1502.0	34	8556.768178141328
1503.0	40	8556.197003220173
1504.0	31	8555.625867165836
1505.0	44	8555.054769975595
1506.0	47	8554.48371164676
1507.0	37	8553.912692176616
1508.0	47	8553.341711562454
1509.0	40	8552.770769801578
1510.0	55	8552.19986689128
1511.0	43	8551.629002828848
1512.0	42	8551.058177611581
1513.0	37	8550.487391236766
1514.0	53	8549.916643701705
1515.0	38	8549.345935003692
1516.0	45	8548.775265140028
1517.0	43	8548.204634107995
1518.0	46	8547.634041904897
1519.0	45	8547.063488528032
1520.0	43	8546.492973974684
1521.0	48	8545.922498242162
1522.0	45	8545.352061327756
1523.0	52	8544.781663228767
1524.0	43	8544.211303942482
1525.0	43	8543.640983466208
1526.0	37	8543.070701797244
1527.0	45	8542.500458932876
1528.0	36	8541.930254870413
1529.0	34	8541.36008960714
1530.0	37	8540.789963140369
1531.0	49	8540.219875467386
1532.0	39	8539.649826585488
1533.0	43	8539.07981649199
1534.0	47	8538.509845184177
1535.0	33	8537.93991265935
1536.0	41	8537.370018914808
1537.0	44	8536.800163947855
1538.0	46	8536.230347755787
1539.0	31	8535.660570335896
1540.0	45	8535.090831685498
1541.0	38	8534.521131801872
1542.0	40	8533.951470682343
1543.0	52	8533.381848324194
1544.0	41	8532.812264724731
1545.0	38	8532.24271988125
1546.0	42	8531.673213791059
1547.0	50	8531.103746451454
1548.0	35	8530.534317859741
1549.0	44	8529.964928013218
1550.0	40	8529.395576909184
1551.0	42	8528.826264544943
1552.0	50	8528.256990917807
1553.0	47	8527.687756025065
1554.0	47	8527.11855986403
1555.0	41	8526.54940243199
1556.0	40	8525.980283726263
1557.0	40	8525.411203744141
1558.0	40	8524.842162482937
1559.0	30	8524.27315993995
1560.0	36	8523.704196112483
1561.0	54	8523.135270997836
1562.0	32	8522.56638459332
1563.0	46	8521.997536896239
1564.0	48	8521.428727903889
1565.0	46	8520.85995761359
1566.0	41	8520.291226022626
1567.0	50	8519.722533128319
1568.0	36	8519.153878927968
1569.0	35	8518.585263418881
1570.0	48	8518.016686598361
1571.0	38	8517.44814846371
1572.0	39	8516.879649012242
1573.0	41	8516.311188241256
1574.0	49	8515.742766148067
1575.0	41	8515.174382729972
1576.0	49	8514.606037984286
1577.0	47	8514.037731908313
1578.0	39	8513.469464499349
1579.0	37	8512.901235754722
1580.0	35	8512.333045671721
1581.0	49	8511.76489424767
1582.0	41	8511.19678147986
1583.0	60	8510.628707365619
1584.0	32	8510.060671902233
1585.0	45	8509.492675087029
1586.0	36	8508.924716917298
1587.0	52	8508.356797390372
1588.0	32	8507.788916503538
1589.0	36	8507.221074254117
1590.0	27	8506.653270639415
1591.0	43	8506.085505656745
1592.0	38	8505.517779303407
1593.0	46	8504.950091576728
1594.0	58	8504.382442474005
1595.0	44	8503.814831992551
1596.0	33	8503.247260129678
1597.0	30	8502.679726882696
1598.0	48	8502.11223224891
1599.0	39	8501.544776225648
1600.0	41	8500.977358810205
1601.0	50	8500.409979999895
1602.0	27	8499.842639792036
1603.0	46	8499.275338183936
1604.0	39	8498.708075172917
1605.0	37	8498.140850756274
1606.0	40	8497.573664931324
1607.0	48	8497.006517695389
1608.0	38	8496.439409045779
1609.0	36	8495.8723389798
1610.0	43	8495.305307494773
1611.0	34	8494.73831458801
1612.0	56	8494.171360256816
1613.0	48	8493.604444498522
1614.0	44	8493.037567310423
1615.0	36	8492.47072868985
1616.0	39	8491.903928634101
1617.0	33	8491.337167140502
1618.0	50	8490.770444206373
1619.0	43	8490.203759829015
1620.0	45	8489.637114005753
1621.0	39	8489.070506733895
1622.0	26	8488.503938010761
1623.0	39	8487.937407833662
1624.0	37	8487.370916199923
1625.0	42	8486.804463106855
1626.0	43	8486.238048551777
1627.0	58	8485.671672532004
1628.0	43	8485.105335044844
1629.0	34	8484.539036087635
1630.0	31	8483.97277565767
1631.0	43	8483.40655375228
1632.0	50	8482.840370368784
1633.0	37	8482.274225504496
1634.0	44	8481.708119156725
1635.0	43	8481.14205132281
1636.0	29	8480.576022000047
1637.0	50	8480.010031185771
1638.0	44	8479.444078877292
1639.0	41	8478.878165071927
1640.0	33	8478.312289767005
1641.0	39	8477.746452959838
1642.0	46	8477.180654647746
1643.0	33	8476.614894828048
1644.0	37	8476.049173498066
1645.0	32	8475.483490655117
1646.0	33	8474.917846296532
1647.0	35	8474.352240419616
1648.0	36	8473.786673021694
1649.0	43	8473.221144100096
1650.0	39	8472.655653652131
1651.0	33	8472.090201675126
1652.0	34	8471.524788166404
1653.0	36	8470.959413123288
1654.0	42	8470.394076543093
1655.0	51	8469.828778423147
1656.0	50	8469.263518760758
1657.0	55	8468.698297553265
1658.0	48	8468.133114797994
1659.0	41	8467.567970492251
1660.0	45	8467.002864633365
1661.0	46	8466.437797218663
1662.0	40	8465.872768245463
1663.0	42	8465.3077777111
1664.0	42	8464.742825612877
1665.0	44	8464.177911948138
1666.0	27	8463.613036714203
1667.0	42	8463.048199908384
1668.0	40	8462.483401528014
1669.0	38	8461.918641570423
1670.0	36	8461.353920032921
1671.0	35	8460.789236912855
1672.0	43	8460.224592207533
1673.0	43	8459.659985914277
1674.0	37	8459.095418030425
1675.0	48	8458.530888553298
1676.0	46	8457.966397480228
1677.0	54	8457.401944808526
1678.0	39	8456.837530535531
1679.0	47	8456.273154658567
1680.0	44	8455.70881717496
1681.0	48	8455.144518082034
1682.0	43	8454.58025737712
1683.0	42	8454.016035057546
1684.0	30	8453.451851120628
1685.0	45	8452.887705563717
1686.0	30	8452.323598384117
1687.0	47	8451.759529579176
1688.0	37	8451.195499146204
1689.0	49	8450.631507082544
1690.0	43	8450.067553385514
1691.0	46	8449.503638052449
1692.0	49	8448.939761080674
1693.0	43	8448.375922467523
1694.0	47	8447.812122210325
1695.0	44	8447.248360306401
1696.0	42	8446.68463675309
1697.0	27	8446.120951547722
1698.0	32	8445.557304687629
1699.0	36	8444.993696170126
1700.0	52	8444.430125992561
1701.0	37	8443.866594152263
1702.0	18	8443.30310064655
1703.0	49	8442.739645472764
1704.0	45	8442.176228628228
1705.0	39	8441.612850110294
1706.0	35	8441.049509916265
1707.0	49	8440.486208043494
1708.0	31	8439.922944489299
1709.0	49	8439.359719251024
1710.0	38	8438.796532325994
1711.0	52	8438.233383711546
1712.0	38	8437.670273405009
1713.0	38	8437.107201403718
1714.0	36	8436.544167705015
1715.0	28	8435.981172306214
1716.0	42	8435.418215204665
1717.0	38	8434.855296397698
1718.0	44	8434.29241588264
1719.0	42	8433.729573656832
1720.0	44	8433.1667697176
1721.0	51	8432.604004062292
1722.0	49	8432.041276688236
1723.0	44	8431.478587592772
1724.0	27	8430.915936773223
1725.0	43	8430.35332422693
1726.0	47	8429.790749951231
1727.0	34	8429.228213943465
1728.0	43	8428.665716200965
1729.0	35	8428.103256721055
1730.0	51	8427.54083550109
1731.0	35	8426.978452538397
1732.0	33	8426.41610783031
1733.0	34	8425.853801374176
1734.0	31	8425.291533167323
1735.0	31	8424.729303207092
1736.0	45	8424.167111490824
1737.0	35	8423.60495801584
1738.0	37	8423.042842779501
1739.0	39	8422.48076577913
1740.0	51	8421.918727012067
1741.0	48	8421.356726475662
1742.0	41	8420.794764167233
1743.0	35	8420.232840084132
1744.0	43	8419.670954223702
1745.0	41	8419.109106583273
1746.0	34	8418.547297160187
1747.0	42	8417.98552595178
1748.0	47	8417.423792955398
1749.0	48	8416.86209816838
1750.0	63	8416.300441588062
1751.0	39	8415.738823211788
1752.0	27	8415.177243036898
1753.0	38	8414.615701060733
1754.0	40	8414.054197280635
1755.0	38	8413.492731693934
1756.0	47	8412.931304297983
1757.0	43	8412.369915090128
1758.0	46	8411.808564067702
1759.0	40	8411.24725122804
1760.0	32	8410.685976568497
1761.0	27	8410.124740086407
1762.0	41	8409.563541779115
1763.0	35	8409.002381643966
1764.0	43	8408.441259678304
1765.0	46	8407.880175879465
1766.0	47	8407.319130244801
1767.0	44	8406.758122771642
1768.0	53	8406.197153457348
1769.0	39	8405.636222299248
1770.0	49	8405.075329294697
1771.0	40	8404.514474441034
1772.0	40	8403.953657735596
1773.0	35	8403.392879175746
1774.0	40	8402.83213875881
1775.0	54	8402.271436482144
1776.0	30	8401.710772343089
1777.0	45	8401.150146338996
1778.0	43	8400.589558467202
1779.0	44	8400.02900872505
1780.0	46	8399.468497109894
1781.0	46	8398.908023619084
1782.0	37	8398.347588249953
1783.0	42	8397.787190999858
1784.0	46	8397.226831866143
1785.0	55	8396.666510846153
1786.0	51	8396.106227937238
1787.0	34	8395.545983136735
1788.0	45	8394.985776442007
1789.0	39	8394.425607850391
1790.0	48	8393.865477359232
1791.0	35	8393.305384965885
1792.0	44	8392.745330667702
1793.0	42	8392.185314462024
1794.0	52	8391.6253363462
1795.0	39	8391.065396317574
1796.0	41	8390.505494373507
1797.0	39	8389.94563051134
1798.0	35	8389.385804728421
1799.0	47	8388.82601702211
1800.0	38	8388.266267389734
1801.0	34	8387.706555828674
1802.0	42	8387.146882336257
1803.0	39	8386.587246909836
1804.0	30	8386.027649546766
1805.0	44	8385.468090244398
1806.0	42	8384.908569000081
1807.0	42	8384.349085811165
1808.0	50	8383.789640675006
1809.0	48	8383.230233588945
1810.0	35	8382.670864550344
1811.0	46	8382.11153355655
1812.0	47	8381.552240604922
1813.0	32	8380.992985692803
1814.0	49	8380.43376881754
1815.0	46	8379.874589976496
1816.0	45	8379.315449167027
1817.0	44	8378.756346386475
1818.0	45	8378.1972816322
1819.0	42	8377.63825490155
1820.0	34	8377.079266191888
1821.0	37	8376.520315500555
1822.0	42	8375.961402824914
1823.0	35	8375.402528162316
1824.0	43	8374.843691510112
1825.0	37	8374.284892865659
1826.0	44	8373.726132226313
1827.0	34	8373.167409589429
1828.0	41	8372.608724952363
1829.0	43	8372.050078312459
1830.0	48	8371.491469667088
1831.0	49	8370.932899013591
1832.0	35	8370.374366349335
1833.0	44	8369.815871671675
1834.0	32	8369.25741497796
1835.0	52	8368.698996265553
1836.0	44	8368.140615531804
1837.0	40	8367.582272774072
1838.0	32	8367.023967989717
1839.0	43	8366.465701176097
1840.0	42	8365.907472330564
1841.0	36	8365.349281450473
1842.0	31	8364.791128533183
1843.0	47	8364.233013576064
1844.0	42	8363.674936576464
1845.0	43	8363.116897531738
1846.0	33	8362.558896439248
1847.0	43	8362.000933296358
1848.0	46	8361.443008100414
1849.0	38	8360.885120848789
1850.0	51	8360.327271538827
1851.0	41	8359.769460167898
1852.0	41	8359.211686733359
1853.0	31	8358.653951232567
1854.0	47	8358.096253662894
1855.0	56	8357.538594021684
1856.0	36	8356.9809723063
1857.0	39	8356.423388514118
1858.0	47	8355.865842642474
1859.0	39	8355.308334688745
1860.0	35	8354.750864650283
1861.0	44	8354.19343252446
1862.0	28	8353.636038308632
1863.0	56	8353.07868200016
1864.0	42	8352.52136359641
1865.0	36	8351.964083094728
1866.0	39	8351.406840492496
1867.0	35	8350.849635787066
1868.0	42	8350.292468975811
1869.0	46	8349.735340056079
1870.0	45	8349.178249025239
1871.0	34	8348.621195880653
1872.0	44	8348.064180619682
1873.0	48	8347.5072032397
1874.0	39	8346.95026373806
1875.0	45	8346.393362112129
1876.0	36	8345.836498359264
1877.0	59	8345.279672476845
1878.0	48	8344.722884462233
1879.0	51	8344.166134312783
1880.0	53	8343.60942202586
1881.0	55	8343.052747598837
1882.0	49	8342.49611102907
1883.0	47	8341.93951231393
1884.0	36	8341.382951450782
1885.0	39	8340.826428436993
1886.0	37	8340.269943269932
1887.0	41	8339.713495946953
1888.0	37	8339.157086465431
1889.0	52	8338.600714822736
1890.0	44	8338.044381016223
1891.0	47	8337.488085043267
1892.0	52	8336.931826901236
1893.0	51	8336.375606587493
1894.0	40	8335.819424099409
1895.0	39	8335.263279434352
1896.0	46	8334.707172589677
1897.0	39	8334.151103562774
1898.0	27	8333.59507235099
1899.0	35	8333.039078951706
1900.0	45	8332.483123362292
1901.0	30	8331.927205580105
1902.0	41	8331.37132560252
1903.0	44	8330.815483426915
1904.0	25	8330.259679050643
1905.0	43	8329.703912471081
1906.0	39	8329.14818368561
1907.0	45	8328.592492691576
1908.0	38	8328.036839486373
1909.0	46	8327.481224067351
1910.0	46	8326.925646431891
1911.0	35	8326.370106577368
1912.0	40	8325.81460450114
1913.0	36	8325.259140200587
1914.0	46	8324.703713673085
1915.0	38	8324.148324915988
1916.0	41	8323.592973926683
1917.0	62	8323.037660702536
1918.0	38	8322.482385240915
1919.0	44	8321.927147539203
1920.0	43	8321.371947594762
1921.0	37	8320.816785404972
1922.0	41	8320.261660967197
1923.0	38	8319.70657427882
1924.0	52	8319.151525337202
1925.0	45	8318.59651413973
1926.0	43	8318.041540683762
1927.0	46	8317.486604966685
1928.0	38	8316.931706985868
1929.0	49	8316.376846738687
1930.0	40	8315.822024222503
1931.0	38	8315.26723943471
1932.0	47	8314.712492372671
1933.0	40	8314.15778303377
1934.0	38	8313.603111415365
1935.0	50	8313.048477514849
1936.0	29	8312.493881329583
1937.0	50	8311.939322856955
1938.0	46	8311.384802094331
1939.0	45	8310.830319039089
1940.0	44	8310.275873688608
1941.0	42	8309.721466040259
1942.0	38	8309.167096091433
1943.0	47	8308.612763839485
1944.0	51	8308.058469281807
1945.0	46	8307.504212415772
1946.0	47	8306.949993238755
1947.0	36	8306.39581174813
1948.0	40	8305.841667941291
1949.0	43	8305.287561815589
1950.0	42	8304.733493368429
1951.0	44	8304.179462597174
1952.0	31	8303.62546949921
1953.0	36	8303.0715140719
1954.0	37	8302.517596312642
1955.0	46	8301.963716218808
1956.0	36	8301.40987378777
1957.0	35	8300.856069016912
1958.0	43	8300.302301903615
1959.0	47	8299.748572445256
1960.0	48	8299.194880639221
1961.0	41	8298.641226482881
1962.0	47	8298.087609973629
1963.0	43	8297.534031108826
1964.0	37	8296.98048988587
1965.0	38	8296.42698630213
1966.0	43	8295.873520354997
1967.0	42	8295.320092041842
1968.0	47	8294.766701360055
1969.0	44	8294.21334830701
1970.0	40	8293.660032880101
1971.0	38	8293.10675507669
1972.0	42	8292.553514894174
1973.0	36	8292.000312329941
1974.0	50	8291.447147381352
1975.0	41	8290.894020045804
1976.0	42	8290.340930320683
1977.0	43	8289.78787820336
1978.0	38	8289.234863691227
1979.0	45	8288.68188678166
1980.0	35	8288.128947472056
1981.0	46	8287.576045759784
1982.0	45	8287.023181642231
1983.0	31	8286.470355116791
1984.0	45	8285.91756618084
1985.0	29	8285.36481483176
1986.0	50	8284.812101066946
1987.0	42	8284.25942488377
1988.0	35	8283.70678627962
1989.0	40	8283.154185251888
1990.0	44	8282.60162179796
1991.0	45	8282.049095915208
1992.0	50	8281.496607601031
1993.0	52	8280.944156852815
1994.0	37	8280.391743667942
1995.0	41	8279.839368043793
1996.0	51	8279.287029977768
1997.0	42	8278.734729467244
1998.0	39	8278.182466509605
1999.0	47	8277.63024110224
2000.0	41	8277.078053242547
2001.0	41	8276.525902927902
2002.0	35	8275.973790155698
2003.0	32	8275.421714923319
2004.0	44	8274.869677228156
2005.0	36	8274.317677067595
2006.0	44	8273.765714439025
2007.0	40	8273.213789339832
2008.0	38	8272.661901767413
2009.0	40	8272.110051719155
2010.0	45	8271.558239192438
2011.0	37	8271.006464184657
2012.0	36	8270.4547266932
2013.0	52	8269.90302671546
2014.0	46	8269.351364248834
2015.0	48	8268.79973929069
2016.0	36	8268.24815183844
2017.0	43	8267.696601889464
2018.0	39	8267.145089441152
2019.0	43	8266.593614490901
2020.0	39	8266.0421770361
2021.0	48	8265.490777074137
2022.0	44	8264.939414602402
2023.0	35	8264.388089618293
2024.0	35	8263.836802119195
2025.0	36	8263.285552102505
2026.0	39	8262.734339565617
2027.0	40	8262.183164505914
2028.0	48	8261.632026920797
2029.0	46	8261.080926807657
2030.0	58	8260.52986416389
2031.0	30	8259.978838986877
2032.0	43	8259.427851274022
2033.0	39	8258.876901022719
2034.0	40	8258.325988230346
2035.0	45	8257.77511289432
2036.0	37	8257.224275012024
2037.0	50	8256.673474580846
2038.0	48	8256.122711598193
2039.0	45	8255.571986061446
2040.0	38	8255.021297968013
2041.0	36	8254.470647315278
2042.0	29	8253.920034100644
2043.0	31	8253.369458321507
2044.0	41	8252.818919975247
2045.0	35	8252.268419059283
2046.0	42	8251.717955570988
2047.0	28	8251.167529507777
2048.0	40	8250.617140867036
2049.0	38	8250.066789646162
2050.0	41	8249.51647584256
2051.0	40	8248.96619945361
2052.0	46	8248.415960476725
2053.0	51	8247.865758909295
2054.0	50	8247.31559474872
2055.0	44	8246.765467992393
2056.0	46	8246.215378637717
2057.0	52	8245.665326682089
2058.0	43	8245.115312122907
2059.0	47	8244.565334957562
2060.0	37	8244.015395183458
2061.0	35	8243.465492798001
2062.0	44	8242.915627798577
2063.0	42	8242.365800182592
2064.0	30	8241.816009947446
2065.0	43	8241.266257090538
2066.0	40	8240.716541609261
2067.0	39	8240.166863501028
2068.0	29	8239.617222763223
2069.0	34	8239.067619393256
2070.0	28	8238.518053388529
2071.0	39	8237.968524746431
2072.0	52	8237.419033464377
2073.0	42	8236.869579539758
2074.0	35	8236.320162969983
2075.0	45	8235.770783752447
2076.0	36	8235.221441884549
2077.0	44	8234.672137363701
2078.0	42	8234.122870187295
2079.0	35	8233.573640352735
2080.0	33	8233.024447857431
2081.0	42	8232.47529269877
2082.0	32	8231.926174874174
2083.0	40	8231.377094381025
2084.0	34	8230.82805121674
2085.0	44	8230.279045378715
2086.0	39	8229.730076864367
2087.0	41	8229.181145671082
2088.0	57	8228.632251796265
2089.0	37	8228.083395237336
2090.0	45	8227.534575991687
2091.0	34	8226.98579405672
2092.0	32	8226.437049429842
2093.0	37	8225.888342108461
2094.0	38	8225.339672089982
2095.0	42	8224.791039371808
2096.0	38	8224.242443951343
2097.0	43	8223.693885825991
2098.0	34	8223.145364993157
2099.0	45	8222.596881450256
2100.0	39	8222.048435194683
2101.0	40	8221.500026223848
2102.0	32	8220.951654535158
2103.0	42	8220.403320126019
2104.0	49	8219.855022993837
2105.0	42	8219.30676313602
2106.0	29	8218.758540549978
2107.0	47	8218.210355233112
2108.0	36	8217.662207182833
2109.0	35	8217.11409639655
2110.0	37	8216.566022871664
2111.0	50	8216.01798660559
2112.0	36	8215.46998759573
2113.0	47	8214.922025839493
2114.0	49	8214.374101334297
2115.0	33	8213.82621407754
2116.0	36	8213.278364066637
2117.0	43	8212.730551298991
2118.0	43	8212.182775772015
2119.0	41	8211.635037483124
2120.0	36	8211.087336429719
2121.0	40	8210.539672609213
2122.0	38	8209.99204601902
2123.0	28	8209.44445665654
2124.0	41	8208.896904519192
2125.0	38	8208.34938960438
2126.0	42	8207.801911909515
2127.0	40	8207.254471432023
2128.0	44	8206.707068169295
2129.0	31	8206.159702118755
2130.0	42	8205.612373277809
2131.0	49	8205.065081643868
2132.0	30	8204.51782721435
2133.0	37	8203.970609986656
2134.0	47	8203.423429958204
2135.0	40	8202.876287126419
2136.0	37	8202.329181488687
2137.0	46	8201.782113042444
2138.0	33	8201.235081785095
2139.0	44	8200.688087714052
2140.0	44	8200.141130826729
2141.0	51	8199.594211120537
2142.0	34	8199.047328592893
2143.0	48	8198.500483241205
2144.0	48	8197.953675062901
2145.0	46	8197.40690405538
2146.0	44	8196.860170216065
2147.0	35	8196.313473542365
2148.0	42	8195.766814031704
2149.0	50	8195.22019168149
2150.0	38	8194.673606489132
2151.0	47	8194.127058452055
2152.0	57	8193.580547567673
2153.0	31	8193.034073833407
2154.0	37	8192.487637246657
2155.0	51	8191.941237804856
2156.0	36	8191.394875505408
2157.0	34	8190.848550345732
2158.0	35	8190.302262323257
2159.0	42	8189.756011435384
2160.0	40	8189.209797679528
2161.0	43	8188.663621053124
2162.0	41	8188.117481553573
2163.0	33	8187.571379178306
2164.0	57	8187.025313924729
2165.0	33	8186.479285790264
2166.0	34	8185.933294772329
2167.0	38	8185.387340868344
2168.0	48	8184.841424075733
2169.0	48	8184.295544391897
2170.0	38	8183.749701814269
2171.0	40	8183.203896340272
2172.0	37	8182.658127967314
2173.0	35	8182.11239669282
2174.0	52	8181.566702514198
2175.0	36	8181.021045428887
2176.0	43	8180.475425434298
2177.0	41	8179.929842527854
2178.0	39	8179.384296706966
2179.0	35	8178.838787969063
2180.0	36	8178.293316311562
2181.0	50	8177.747881731884
2182.0	32	8177.202484227456
2183.0	43	8176.657123795693
2184.0	26	8176.111800434019
2185.0	47	8175.56651413985
2186.0	30	8175.021264910623
2187.0	37	8174.476052743741
2188.0	37	8173.930877636634
2189.0	41	8173.385739586725
2190.0	44	8172.840638591446
2191.0	49	8172.295574648197
2192.0	48	8171.75054775442
2193.0	46	8171.205557907533
2194.0	48	8170.660605104958
2195.0	41	8170.115689344119
2196.0	41	8169.570810622446
2197.0	34	8169.025968937346
2198.0	53	8168.481164286261
2199.0	36	8167.936396666603
2200.0	44	8167.391666075807
2201.0	42	8166.846972511286
2202.0	44	8166.302315970475
2203.0	38	8165.75769645079
2204.0	41	8165.2131139496605
2205.0	35	8164.668568464511
2206.0	38	8164.124059992775
2207.0	41	8163.579588531864
2208.0	44	8163.035154079209
2209.0	37	8162.490756632244
2210.0	39	8161.946396188384
2211.0	42	8161.402072745067
2212.0	42	8160.857786299708
2213.0	54	8160.313536849735
2214.0	37	8159.769324392587
2215.0	43	8159.225148925675
2216.0	33	8158.681010446438
2217.0	46	8158.136908952303
2218.0	31	8157.592844440695
2219.0	42	8157.048816909038
2220.0	40	8156.5048263547615
2221.0	49	8155.960872775294
2222.0	28	8155.416956168072
2223.0	43	8154.873076530514
2224.0	37	8154.32923386005
2225.0	35	8153.785428154116
2226.0	42	8153.241659410136
2227.0	43	8152.697927625537
2228.0	36	8152.154232797748
2229.0	45	8151.610574924211
2230.0	49	8151.0669540023455
2231.0	51	8150.523370029577
2232.0	45	8149.979823003345
2233.0	39	8149.436312921081
2234.0	41	8148.892839780207
2235.0	54	8148.349403578159
2236.0	40	8147.806004312363
2237.0	46	8147.262641980263
2238.0	36	8146.719316579279
2239.0	35	8146.176028106841
2240.0	27	8145.632776560393
2241.0	41	8145.0895619373505
2242.0	40	8144.546384235163
2243.0	43	8144.00324345125
2244.0	49	8143.460139583043
2245.0	31	8142.917072627984
2246.0	44	8142.374042583503
2247.0	43	8141.831049447031
2248.0	41	8141.288093216001
2249.0	38	8140.745173887844
2250.0	40	8140.202291459999
2251.0	43	8139.659445929902
2252.0	35	8139.116637294973
2253.0	31	8138.573865552659
2254.0	40	8138.031130700395
2255.0	48	8137.488432735607
2256.0	37	8136.945771655738
2257.0	36	8136.403147458215
2258.0	36	8135.860560140474
2259.0	31	8135.318009699959
2260.0	39	8134.775496134093
2261.0	30	8134.233019440329
2262.0	35	8133.6905796160845
2263.0	43	8133.148176658801
2264.0	53	8132.6058105659195
2265.0	36	8132.063481334871
2266.0	40	8131.521188963099
2267.0	37	8130.978933448025
2268.0	35	8130.436714787108
2269.0	46	8129.894532977768
2270.0	44	8129.352388017447
2271.0	46	8128.810279903584
2272.0	45	8128.268208633613
2273.0	44	8127.7261742049795
2274.0	46	8127.184176615118
2275.0	55	8126.64221586146
2276.0	41	8126.100291941451
2277.0	34	8125.558404852524
2278.0	41	8125.01655459212
2279.0	40	8124.474741157682
2280.0	45	8123.932964546647
2281.0	51	8123.391224756458
2282.0	43	8122.84952178454
2283.0	59	8122.30785562835
2284.0	33	8121.766226285315
2285.0	31	8121.224633752882
2286.0	52	8120.683078028493
2287.0	29	8120.141559109577
2288.0	41	8119.600076993588
2289.0	48	8119.058631677956
2290.0	54	8118.517223160135
2291.0	46	8117.975851437552
2292.0	41	8117.434516507654
2293.0	42	8116.893218367884
2294.0	44	8116.35195701568
2295.0	45	8115.810732448493
2296.0	42	8115.2695446637545
2297.0	41	8114.728393658907
2298.0	42	8114.187279431398
2299.0	38	8113.646201978665
2300.0	52	8113.10516129816
2301.0	47	8112.564157387318
2302.0	45	8112.02319024359
2303.0	46	8111.4822598644005
2304.0	34	8110.9413662472125
2305.0	43	8110.400509389466
2306.0	48	8109.859689288594
2307.0	41	8109.318905942051
2308.0	50	8108.778159347283
2309.0	45	8108.237449501723
2310.0	33	8107.696776402823
2311.0	31	8107.156140048033
2312.0	31	8106.61554043479
2313.0	48	8106.074977560542
2314.0	43	8105.534451422728
2315.0	54	8104.993962018805
2316.0	43	8104.453509346205
2317.0	46	8103.913093402385
2318.0	51	8103.372714184786
2319.0	47	8102.832371690857
2320.0	51	8102.292065918047
2321.0	55	8101.751796863794
2322.0	45	8101.211564525553
2323.0	47	8100.671368900759
2324.0	34	8100.131209986874
2325.0	33	8099.591087781338
2326.0	41	8099.051002281599
2327.0	33	8098.510953485104
2328.0	33	8097.970941389302
2329.0	39	8097.430965991639
2330.0	37	8096.891027289564
2331.0	46	8096.351125280533
2332.0	44	8095.811259961979
2333.0	45	8095.271431331364
2334.0	41	8094.731639386131
2335.0	27	8094.191884123731
2336.0	40	8093.652165541619
2337.0	61	8093.112483637232
2338.0	49	8092.572838408028
2339.0	36	8092.033229851453
2340.0	38	8091.493657964959
2341.0	33	8090.954122746
2342.0	41	8090.414624192021
2343.0	40	8089.8751623004755
2344.0	43	8089.335737068805
2345.0	32	8088.796348494478
2346.0	35	8088.256996574929
2347.0	40	8087.717681307622
2348.0	46	8087.178402689996
2349.0	42	8086.639160719516
2350.0	51	8086.099955393626
2351.0	34	8085.560786709781
2352.0	32	8085.021654665421
2353.0	48	8084.482559258017
2354.0	49	8083.943500485018
2355.0	28	8083.404478343871
2356.0	36	8082.865492832027
2357.0	49	8082.326543946938
2358.0	46	8081.78763168607
2359.0	51	8081.248756046865
2360.0	50	8080.70991702678
2361.0	29	8080.17111462327
2362.0	40	8079.63234883378
2363.0	26	8079.0936196557805
2364.0	48	8078.5549270867195
2365.0	45	8078.016271124043
2366.0	46	8077.477651765216
2367.0	47	8076.9390690076825
2368.0	41	8076.400522848919
2369.0	53	8075.862013286356
2370.0	39	8075.3235403174585
2371.0	54	8074.78510393969
2372.0	46	8074.246704150497
2373.0	47	8073.708340947338
2374.0	34	8073.170014327674
2375.0	39	8072.631724288951
2376.0	43	8072.093470828626
2377.0	52	8071.555253944169
2378.0	33	8071.017073633034
2379.0	34	8070.4789298926635
2380.0	55	8069.940822720535
2381.0	36	8069.402752114091
2382.0	31	8068.864718070788
2383.0	48	8068.326720588095
2384.0	50	8067.788759663466
2385.0	43	8067.250835294352
2386.0	43	8066.712947478223
2387.0	42	8066.1750962125325
2388.0	47	8065.63728149474
2389.0	34	8065.099503322297
2390.0	33	8064.5617616926775
2391.0	43	8064.024056603321
2392.0	36	8063.486388051708
2393.0	39	8062.9487560352845
2394.0	31	8062.411160551511
2395.0	49	8061.873601597856
2396.0	41	8061.336079171772
2397.0	55	8060.798593270724
2398.0	39	8060.2611438921695
2399.0	43	8059.723731033569
2400.0	56	8059.186354692384
2401.0	42	8058.649014866077
2402.0	36	8058.1117115521065
2403.0	33	8057.574444747939
2404.0	41	8057.037214451033
2405.0	40	8056.500020658853
2406.0	47	8055.962863368857
2407.0	39	8055.425742578509
2408.0	40	8054.88865828527
2409.0	37	8054.351610486598
2410.0	46	8053.814599179967
2411.0	34	8053.277624362839
2412.0	34	8052.740686032671
2413.0	52	8052.203784186926
2414.0	34	8051.666918823065
2415.0	37	8051.130089938561
2416.0	40	8050.5932975308715
2417.0	38	8050.056541597463
2418.0	52	8049.519822135802
2419.0	35	8048.983139143345
2420.0	41	8048.446492617567
2421.0	39	8047.909882555922
2422.0	34	8047.373308955881
2423.0	31	8046.836771814907
2424.0	52	8046.300271130466
2425.0	36	8045.76380690003
2426.0	45	8045.227379121055
2427.0	37	8044.690987791002
2428.0	32	8044.154632907354
2429.0	48	8043.61831446757
2430.0	40	8043.082032469112
2431.0	42	8042.545786909444
2432.0	27	8042.009577786048
2433.0	40	8041.473405096381
2434.0	45	8040.9372688379035
2435.0	41	8040.401169008088
2436.0	37	8039.86510560441
2437.0	48	8039.329078624327
2438.0	42	8038.793088065316
2439.0	40	8038.257133924837
2440.0	33	8037.721216200359
2441.0	31	8037.185334889355
2442.0	42	8036.6494899892805
2443.0	44	8036.113681497627
2444.0	42	8035.577909411845
2445.0	41	8035.042173729413
2446.0	39	8034.506474447791
2447.0	50	8033.970811564461
2448.0	43	8033.435185076883
2449.0	33	8032.8995949825285
2450.0	42	8032.364041278871
2451.0	46	8031.828523963372
2452.0	27	8031.29304303352
2453.0	44	8030.757598486764
2454.0	39	8030.222190320591
2455.0	40	8029.686818532461
2456.0	48	8029.151483119854
2457.0	39	8028.616184080228
2458.0	37	8028.08092141107
2459.0	54	8027.545695109845
2460.0	37	8027.010505174025
2461.0	38	8026.475351601077
2462.0	42	8025.940234388484
2463.0	38	8025.4051535337085
2464.0	42	8024.87010903423
2465.0	39	8024.335100887519
2466.0	40	8023.800129091038
2467.0	41	8023.265193642277
2468.0	43	8022.730294538702
2469.0	44	8022.1954317777845
2470.0	57	8021.660605356999
2471.0	39	8021.125815273824
2472.0	44	8020.591061525722
2473.0	45	8020.056344110177
2474.0	47	8019.521663024665
2475.0	39	8018.9870182666555
2476.0	46	8018.452409833623
2477.0	40	8017.917837723048
2478.0	39	8017.383301932394
2479.0	25	8016.84880245915
2480.0	29	8016.314339300781
2481.0	35	8015.779912454774
2482.0	28	8015.2455219185895
2483.0	49	8014.711167689711
2484.0	39	8014.17684976562
2485.0	42	8013.642568143782
2486.0	44	8013.108322821683
2487.0	42	8012.574113796798
2488.0	43	8012.039941066594
2489.0	45	8011.505804628563
2490.0	45	8010.971704480172
2491.0	44	8010.437640618907
2492.0	37	8009.903613042232
2493.0	37	8009.369621747638
2494.0	40	8008.835666732598
2495.0	35	8008.301747994587
2496.0	45	8007.767865531087
2497.0	38	8007.234019339581
2498.0	52	8006.700209417536
2499.0	38	8006.166435762439
2500.0	35	8005.632698371764
2501.0	52	8005.098997243001
2502.0	40	8004.565332373613
2503.0	40	8004.031703761101
2504.0	33	8003.498111402921
2505.0	44	8002.964555296569
2506.0	58	8002.431035439521
2507.0	45	8001.897551829248
2508.0	49	8001.364104463252
2509.0	52	8000.8306933389895
2510.0	44	8000.297318453962
2511.0	36	7999.763979805634
2512.0	40	7999.2306773915
2513.0	37	7998.697411209034
2514.0	43	7998.164181255713
2515.0	52	7997.630987529024
2516.0	48	7997.09783002646
2517.0	45	7996.564708745487
2518.0	27	7996.03162368359
2519.0	48	7995.498574838251
2520.0	42	7994.965562206965
2521.0	42	7994.4325857872
2522.0	42	7993.899645576445
2523.0	32	7993.366741572183
2524.0	39	7992.833873771901
2525.0	50	7992.301042173069
2526.0	34	7991.768246773185
2527.0	35	7991.235487569732
2528.0	38	7990.702764560189
2529.0	44	7990.170077742038
2530.0	50	7989.637427112773
2531.0	40	7989.104812669865
2532.0	40	7988.572234410813
2533.0	39	7988.0396923330945
2534.0	43	7987.507186434189
2535.0	46	7986.974716711594
2536.0	39	7986.442283162791
2537.0	34	7985.909885785263
2538.0	42	7985.377524576492
2539.0	36	7984.845199533971
2540.0	32	7984.312910655188
2541.0	42	7983.780657937622
2542.0	44	7983.248441378764
2543.0	40	7982.716260976102
2544.0	37	7982.1841167271195
2545.0	46	7981.6520086293
2546.0	32	7981.119936680143
2547.0	32	7980.587900877128
2548.0	34	7980.055901217745
2549.0	40	7979.52393769947
2550.0	40	7978.992010319811
2551.0	39	7978.4601190762405
2552.0	42	7977.928263966259
2553.0	43	7977.396444987349
2554.0	37	7976.864662136994
2555.0	43	7976.332915412693
2556.0	41	7975.801204811922
2557.0	43	7975.269530332187
2558.0	40	7974.73789197097
2559.0	38	7974.206289725752
2560.0	39	7973.674723594033
2561.0	47	7973.143193573302
2562.0	47	7972.611699661049
2563.0	31	7972.0802418547655
2564.0	51	7971.548820151929
2565.0	37	7971.017434550053
2566.0	35	7970.4860850466075
2567.0	41	7969.954771639094
2568.0	47	7969.423494325002
2569.0	38	7968.892253101825
2570.0	49	7968.361047967053
2571.0	43	7967.829878918176
2572.0	39	7967.298745952682
2573.0	47	7966.767649068073
2574.0	49	7966.236588261841
2575.0	42	7965.705563531466
2576.0	50	7965.1745748744515
2577.0	26	7964.643622288296
2578.0	39	7964.112705770473
2579.0	47	7963.581825318492
2580.0	50	7963.05098092984
2581.0	46	7962.52017260201
2582.0	37	7961.989400332502
2583.0	42	7961.458664118802
2584.0	44	7960.927963958414
2585.0	39	7960.39729984882
2586.0	37	7959.866671787524
2587.0	47	7959.33607977202
2588.0	37	7958.8055237997905
2589.0	40	7958.275003868352
2590.0	44	7957.7445199751755
2591.0	45	7957.214072117778
2592.0	44	7956.683660293638
2593.0	46	7956.153284500266
2594.0	42	7955.62294473515
2595.0	38	7955.092640995782
2596.0	46	7954.5623732796685
2597.0	36	7954.032141584297
2598.0	34	7953.501945907171
2599.0	31	7952.971786245777
2600.0	46	7952.441662597626
2601.0	46	7951.911574960207
2602.0	33	7951.38152333102
2603.0	52	7950.851507707561
2604.0	37	7950.321528087327
2605.0	40	7949.791584467809
2606.0	53	7949.261676846526
2607.0	41	7948.731805220959
2608.0	47	7948.201969588605
2609.0	35	7947.672169946972
2610.0	45	7947.142406293548
2611.0	40	7946.612678625842
2612.0	37	7946.082986941357
2613.0	52	7945.553331237576
2614.0	24	7945.023711512014
2615.0	38	7944.494127762161
2616.0	46	7943.9645799855225
2617.0	36	7943.435068179596
2618.0	30	7942.9055923418755
2619.0	51	7942.376152469873
2620.0	32	7941.846748561085
2621.0	35	7941.317380613012
2622.0	39	7940.788048623148
2623.0	44	7940.258752589003
2624.0	38	7939.729492508074
2625.0	50	7939.200268377867
2626.0	52	7938.671080195874
2627.0	31	7938.141927959607
2628.0	34	7937.612811666564
2629.0	37	7937.083731314251
2630.0	32	7936.554686900159
2631.0	31	7936.025678421803
2632.0	42	7935.496705876681
2633.0	37	7934.967769262291
2634.0	29	7934.438868576146
2635.0	47	7933.910003815745
2636.0	34	7933.381174978583
2637.0	34	7932.852382062181
2638.0	40	7932.323625064022
2639.0	32	7931.794903981632
2640.0	47	7931.266218812498
2641.0	38	7930.737569554125
2642.0	48	7930.208956204034
2643.0	25	7929.68037875971
2644.0	37	7929.151837218664
2645.0	43	7928.623331578408
2646.0	40	7928.094861836443
2647.0	47	7927.566427990273
2648.0	50	7927.038030037402
2649.0	46	7926.509667975338
2650.0	40	7925.981341801588
2651.0	51	7925.453051513659
2652.0	45	7924.924797109051
2653.0	32	7924.396578585279
2654.0	45	7923.86839593984
2655.0	43	7923.3402491702545
2656.0	32	7922.812138274012
2657.0	44	7922.284063248636
2658.0	51	7921.756024091617
2659.0	34	7921.22802080048
2660.0	42	7920.70005337272
2661.0	46	7920.1721218058565
2662.0	31	7919.644226097383
2663.0	42	7919.116366244823
2664.0	40	7918.588542245672
2665.0	30	7918.060754097445
2666.0	40	7917.533001797649
2667.0	37	7917.005285343792
2668.0	32	7916.477604733386
2669.0	51	7915.949959963945
2670.0	43	7915.422351032963
2671.0	40	7914.894777937965
2672.0	39	7914.367240676452
2673.0	47	7913.839739245938
2674.0	27	7913.312273643931
2675.0	38	7912.784843867942
2676.0	40	7912.257449915484
2677.0	46	7911.730091784062
2678.0	51	7911.202769471199
2679.0	64	7910.675482974391
2680.0	42	7910.148232291155
2681.0	42	7909.621017419004
2682.0	48	7909.093838355452
2683.0	47	7908.566695098008
2684.0	45	7908.039587644178
2685.0	40	7907.512515991482
2686.0	39	7906.985480137429
2687.0	39	7906.458480079538
2688.0	37	7905.931515815313
2689.0	44	7905.404587342268
2690.0	34	7904.877694657916
2691.0	36	7904.350837759778
2692.0	44	7903.824016645358
2693.0	32	7903.297231312182
2694.0	37	7902.770481757742
2695.0	37	7902.243767979571
2696.0	27	7901.717089975175
2697.0	58	7901.190447742073
2698.0	37	7900.663841277779
2699.0	41	7900.137270579797
2700.0	57	7899.610735645654
2701.0	45	7899.084236472866
2702.0	38	7898.557773058937
2703.0	42	7898.031345401391
2704.0	38	7897.504953497744
2705.0	36	7896.978597345505
2706.0	39	7896.452276942193
2707.0	42	7895.925992285324
2708.0	35	7895.399743372421
2709.0	56	7894.873530200991
2710.0	37	7894.347352768552
2711.0	38	7893.821211072622
2712.0	35	7893.295105110722
2713.0	47	7892.769034880359
2714.0	44	7892.243000379063
2715.0	49	7891.7170016043465
2716.0	36	7891.19103855372
2717.0	50	7890.66511122471
2718.0	33	7890.139219614835
2719.0	44	7889.61336372161
2720.0	48	7889.0875435425505
2721.0	44	7888.561759075172
2722.0	41	7888.036010317009
2723.0	42	7887.510297265569
2724.0	47	7886.984619918368
2725.0	42	7886.458978272928
2726.0	41	7885.933372326776
2727.0	36	7885.407802077424
2728.0	41	7884.8822675223955
2729.0	41	7884.356768659201
2730.0	40	7883.831305485374
2731.0	38	7883.305877998433
2732.0	34	7882.780486195886
2733.0	35	7882.255130075263
2734.0	28	7881.729809634085
2735.0	38	7881.204524869876
2736.0	39	7880.6792757801495
2737.0	41	7880.154062362427
2738.0	49	7879.628884614241
2739.0	41	7879.103742533102
2740.0	45	7878.578636116533
2741.0	45	7878.053565362063
2742.0	35	7877.528530267203
2743.0	38	7877.003530829488
2744.0	42	7876.478567046433
2745.0	39	7875.95363891556
2746.0	32	7875.428746434403
2747.0	39	7874.903889600465
2748.0	42	7874.379068411293
2749.0	51	7873.854282864391
2750.0	47	7873.3295329572875
2751.0	33	7872.804818687518
2752.0	36	7872.280140052593
2753.0	33	7871.755497050035
2754.0	43	7871.230889677382
2755.0	37	7870.706317932144
2756.0	49	7870.1817818118625
2757.0	41	7869.65728131405
2758.0	45	7869.132816436231
2759.0	41	7868.608387175936
2760.0	49	7868.0839935306885
2761.0	47	7867.55963549801
2762.0	40	7867.035313075433
2763.0	41	7866.51102626048
2764.0	42	7865.986775050677
2765.0	32	7865.462559443556
2766.0	38	7864.938379436635
2767.0	34	7864.414235027449
2768.0	39	7863.890126213515
2769.0	35	7863.366052992366
2770.0	46	7862.842015361526
2771.0	44	7862.318013318534
2772.0	46	7861.794046860899
2773.0	43	7861.270115986155
2774.0	52	7860.7462206918435
2775.0	36	7860.222360975476
2776.0	45	7859.698536834593
2777.0	46	7859.174748266704
2778.0	41	7858.650995269364
2779.0	46	7858.12727784008
2780.0	43	7857.603595976392
2781.0	37	7857.079949675825
2782.0	30	7856.5563389359095
2783.0	34	7856.0327637541795
2784.0	57	7855.509224128154
2785.0	64	7854.98572005537
2786.0	33	7854.462251533362
2787.0	43	7853.93881855965
2788.0	39	7853.415421131761
2789.0	41	7852.892059247246
2790.0	43	7852.368732903621
2791.0	47	7851.845442098411
2792.0	30	7851.32218682916
2793.0	45	7850.798967093399
2794.0	34	7850.275782888655
2795.0	38	7849.752634212456
2796.0	53	7849.229521062342
2797.0	31	7848.7064434358335
2798.0	45	7848.18340133047
2799.0	29	7847.660394743789
2800.0	38	7847.1374236733145
2801.0	22	7846.614488116581
2802.0	45	7846.091588071123
2803.0	36	7845.56872353447
2804.0	37	7845.045894504157
2805.0	39	7844.523100977728
2806.0	48	7844.000342952696
2807.0	43	7843.4776204266145
2808.0	43	7842.954933397001
2809.0	36	7842.4322818614
2810.0	35	7841.909665817343
2811.0	38	7841.387085262365
2812.0	35	7840.864540194001
2813.0	36	7840.342030609781
2814.0	37	7839.819556507243
2815.0	33	7839.2971178839225
2816.0	40	7838.774714737357
2817.0	36	7838.252347065081
2818.0	44	7837.730014864628
2819.0	42	7837.207718133541
2820.0	27	7836.685456869339
2821.0	44	7836.163231069574
2822.0	36	7835.641040731775
2823.0	37	7835.118885853487
2824.0	66	7834.596766432235
2825.0	42	7834.074682465568
2826.0	47	7833.552633951011
2827.0	39	7833.0306208861075
2828.0	28	7832.508643268399
2829.0	47	7831.986701095412
2830.0	39	7831.464794364697
2831.0	38	7830.942923073783
2832.0	34	7830.421087220213
2833.0	32	7829.899286801513
2834.0	52	7829.3775218152405
2835.0	34	7828.855792258926
2836.0	43	7828.334098130104
2837.0	35	7827.812439426318
2838.0	46	7827.290816145106
2839.0	52	7826.769228284005
2840.0	47	7826.247675840563
2841.0	38	7825.72615881231
2842.0	38	7825.204677196788
2843.0	48	7824.683230991541
2844.0	42	7824.161820194109
2845.0	44	7823.640444802026
2846.0	44	7823.119104812842
2847.0	43	7822.597800224085
2848.0	48	7822.0765310333045
2849.0	41	7821.55529723805
2850.0	33	7821.034098835842
2851.0	49	7820.512935824241
2852.0	45	7819.9918082007825
2853.0	39	7819.4707159630025
2854.0	54	7818.949659108445
2855.0	36	7818.428637634658
2856.0	47	7817.90765153918
2857.0	37	7817.38670081955
2858.0	44	7816.865785473318
2859.0	28	7816.344905498026
2860.0	32	7815.824060891213
2861.0	35	7815.30325165042
2862.0	37	7814.782477773196
2863.0	46	7814.26173925708
2864.0	34	7813.741036099624
2865.0	51	7813.220368298358
2866.0	53	7812.699735850842
2867.0	28	7812.179138754607
2868.0	40	7811.658577007211
2869.0	32	7811.13805060618
2870.0	38	7810.6175595490795
2871.0	37	7810.097103833439
2872.0	42	7809.5766834568085
2873.0	41	7809.056298416738
2874.0	29	7808.5359487107635
2875.0	40	7808.015634336435
2876.0	48	7807.495355291306
2877.0	45	7806.97511157291
2878.0	37	7806.454903178804
2879.0	31	7805.934730106528
2880.0	53	7805.414592353626
2881.0	30	7804.894489917654
2882.0	39	7804.374422796147
2883.0	34	7803.854390986664
2884.0	46	7803.3343944867465
2885.0	30	7802.81443329394
2886.0	32	7802.2945074057925
2887.0	47	7801.774616819856
2888.0	41	7801.254761533682
2889.0	44	7800.7349415448025
2890.0	38	7800.21515685078
2891.0	43	7799.695407449162
2892.0	45	7799.175693337488
2893.0	44	7798.656014513321
2894.0	37	7798.136370974192
2895.0	51	7797.6167627176665
2896.0	42	7797.09718974129
2897.0	42	7796.5776520426025
2898.0	47	7796.058149619161
2899.0	38	7795.538682468521
2900.0	47	7795.0192505882205
2901.0	42	7794.499853975817
2902.0	47	7793.980492628865
2903.0	37	7793.461166544908
2904.0	48	7792.94187572149
2905.0	41	7792.4226201561805
2906.0	31	7791.903399846515
2907.0	32	7791.3842147900505
2908.0	36	7790.865064984338
2909.0	41	7790.345950426933
2910.0	40	7789.826871115375
2911.0	40	7789.307827047233
2912.0	52	7788.788818220048
2913.0	50	7788.269844631378
2914.0	41	7787.750906278764
2915.0	58	7787.2320031597765
2916.0	36	7786.713135271955
2917.0	43	7786.194302612853
2918.0	36	7785.675505180035
2919.0	45	7785.15674297104
2920.0	44	7784.638015983432
2921.0	33	7784.119324214755
2922.0	53	7783.60066766257
2923.0	29	7783.082046324434
2924.0	40	7782.563460197897
2925.0	37	7782.044909280513
2926.0	37	7781.526393569831
2927.0	49	7781.007913063419
2928.0	43	7780.489467758817
2929.0	29	7779.9710576535945
2930.0	41	7779.452682745297
2931.0	46	7778.9343430314875
2932.0	48	7778.416038509713
2933.0	41	7777.897769177531
2934.0	40	7777.379535032505
2935.0	45	7776.8613360721865
2936.0	46	7776.343172294127
2937.0	43	7775.825043695891
2938.0	36	7775.306950275026
2939.0	34	7774.788892029104
2940.0	67	7774.270868955662
2941.0	33	7773.7528810522745
2942.0	45	7773.234928316495
2943.0	33	7772.717010745869
2944.0	42	7772.199128337963
2945.0	46	7771.6812810903475
2946.0	40	7771.163469000553
2947.0	40	7770.645692066163
2948.0	42	7770.1279502847265
2949.0	43	7769.610243653798
2950.0	41	7769.092572170938
2951.0	40	7768.574935833713
2952.0	48	7768.057334639675
2953.0	42	7767.539768586384
2954.0	34	7767.022237671396
2955.0	40	7766.504741892281
2956.0	38	7765.987281246584
2957.0	41	7765.469855731879
2958.0	41	7764.952465345726
2959.0	33	7764.4351100856675
2960.0	37	7763.917789949291
2961.0	41	7763.400504934136
2962.0	33	7762.883255037768
2963.0	37	7762.366040257754
2964.0	45	7761.84886059165
2965.0	34	7761.33171603702
2966.0	44	7760.814606591422
2967.0	50	7760.2975322524235
2968.0	46	7759.780493017577
2969.0	50	7759.263488884453
2970.0	34	7758.7465198506125
2971.0	39	7758.229585913618
2972.0	37	7757.712687071033
2973.0	46	7757.195823320412
2974.0	59	7756.678994659328
2975.0	43	7756.162201085343
2976.0	43	7755.645442596015
2977.0	46	7755.12871918891
2978.0	37	7754.612030861586
2979.0	34	7754.095377611621
2980.0	36	7753.578759436569
2981.0	37	7753.06217633399
2982.0	42	7752.545628301459
2983.0	29	7752.029115336535
2984.0	41	7751.512637436775
2985.0	30	7750.996194599762
2986.0	53	7750.47978682305
2987.0	42	7749.963414104201
2988.0	44	7749.447076440788
2989.0	38	7748.930773830372
2990.0	42	7748.414506270517
2991.0	37	7747.898273758796
2992.0	35	7747.382076292772
2993.0	44	7746.865913870005
2994.0	41	7746.349786488077
2995.0	51	7745.833694144539
2996.0	35	7745.317636836955
2997.0	37	7744.801614562913
2998.0	39	7744.285627319961
2999.0	33	7743.769675105671
3000.0	45	7743.253757917608
3001.0	38	7742.737875753351
3002.0	47	7742.222028610456
3003.0	41	7741.706216486494
3004.0	36	7741.190439379042
3005.0	48	7740.674697285658
3006.0	44	7740.158990203907
3007.0	36	7739.643318131368
3008.0	48	7739.127681065605
3009.0	38	7738.612079004195
3010.0	36	7738.096511944696
3011.0	38	7737.580979884676
3012.0	36	7737.065482821719
3013.0	54	7736.550020753382
3014.0	50	7736.0345936772355
3015.0	43	7735.519201590853
3016.0	34	7735.003844491807
3017.0	42	7734.488522377662
3018.0	38	7733.973235245996
3019.0	44	7733.457983094374
3020.0	38	7732.942765920368
3021.0	37	7732.427583721555
3022.0	38	7731.912436495493
3023.0	51	7731.397324239764
3024.0	40	7730.882246951943
3025.0	45	7730.367204629587
3026.0	47	7729.852197270282
3027.0	52	7729.337224871593
3028.0	36	7728.822287431099
3029.0	54	7728.30738494637
3030.0	37	7727.792517414967
3031.0	47	7727.277684834478
3032.0	46	7726.7628872024725
3033.0	32	7726.248124516518
3034.0	47	7725.7333967741915
3035.0	39	7725.218703973069
3036.0	45	7724.704046110715
3037.0	39	7724.189423184721
3038.0	49	7723.674835192641
3039.0	41	7723.160282132063
3040.0	36	7722.6457640005565
3041.0	38	7722.131280795703
3042.0	34	7721.616832515056
3043.0	39	7721.102419156218
3044.0	40	7720.588040716748
3045.0	34	7720.073697194217
3046.0	50	7719.559388586218
3047.0	40	7719.045114890309
3048.0	35	7718.530876104079
3049.0	40	7718.016672225096
3050.0	39	7717.5025032509375
3051.0	42	7716.988369179179
3052.0	31	7716.474270007403
3053.0	28	7715.960205733178
3054.0	39	7715.44617635409
3055.0	34	7714.932181867705
3056.0	35	7714.418222271607
3057.0	45	7713.904297563377
3058.0	31	7713.390407740589
3059.0	41	7712.876552800814
3060.0	34	7712.362732741636
3061.0	30	7711.848947560633
3062.0	32	7711.335197255379
3063.0	51	7710.821481823457
3064.0	34	7710.307801262446
3065.0	32	7709.794155569927
3066.0	47	7709.280544743476
3067.0	38	7708.766968780666
3068.0	49	7708.253427679081
3069.0	42	7707.739921436302
3070.0	40	7707.226450049907
3071.0	45	7706.7130135174775
3072.0	42	7706.19961183659
3073.0	33	7705.686245004831
3074.0	50	7705.172913019771
3075.0	48	7704.659615879003
3076.0	38	7704.146353580096
3077.0	48	7703.63312612064
3078.0	41	7703.119933498202
3079.0	30	7702.606775710379
3080.0	38	7702.093652754746
3081.0	51	7701.580564628886
3082.0	37	7701.067511330373
3083.0	33	7700.5544928568
3084.0	35	7700.04150920574
3085.0	49	7699.528560374783
3086.0	35	7699.015646361505
3087.0	53	7698.502767163491
3088.0	46	7697.989922778328
3089.0	47	7697.477113203587
3090.0	42	7696.964338436865
3091.0	48	7696.451598475738
3092.0	33	7695.938893317783
3093.0	41	7695.426222960597
3094.0	42	7694.9135874017575
3095.0	42	7694.400986638849
3096.0	43	7693.888420669452
3097.0	36	7693.3758894911525
3098.0	49	7692.863393101543
3099.0	39	7692.3509314982
3100.0	35	7691.838504678706
3101.0	48	7691.326112640647
3102.0	36	7690.813755381611
3103.0	44	7690.301432899186
3104.0	39	7689.789145190958
3105.0	55	7689.276892254498
3106.0	29	7688.764674087414
3107.0	47	7688.252490687276
3108.0	30	7687.740342051673
3109.0	43	7687.228228178195
3110.0	34	7686.716149064428
3111.0	36	7686.204104707958
3112.0	40	7685.692095106363
3113.0	48	7685.18012025725
3114.0	46	7684.668180158186
3115.0	45	7684.15627480677
3116.0	45	7683.644404200583
3117.0	37	7683.132568337222
3118.0	38	7682.620767214261
3119.0	39	7682.109000829302
3120.0	43	7681.597269179928
3121.0	27	7681.085572263719
3122.0	47	7680.573910078277
3123.0	40	7680.062282621184
3124.0	34	7679.550689890029
3125.0	42	7679.039131882403
3126.0	29	7678.527608595891
3127.0	44	7678.016120028085
3128.0	35	7677.504666176582
3129.0	34	7676.9932470389585
3130.0	39	7676.481862612809
3131.0	33	7675.970512895729
3132.0	28	7675.459197885306
3133.0	32	7674.947917579127
3134.0	49	7674.436671974785
3135.0	32	7673.925461069868
3136.0	38	7673.414284861979
3137.0	43	7672.903143348688
3138.0	35	7672.392036527607
3139.0	45	7671.880964396314
3140.0	41	7671.369926952408
3141.0	32	7670.85892419348
3142.0	36	7670.347956117113
3143.0	46	7669.837022720918
3144.0	48	7669.326124002464
3145.0	38	7668.815259959366
3146.0	50	7668.304430589201
3147.0	36	7667.7936358895695
3148.0	30	7667.282875858052
3149.0	45	7666.77215049226
3150.0	49	7666.261459789777
3151.0	39	7665.7508037482
3152.0	39	7665.24018236512
3153.0	41	7664.7295956381295
3154.0	38	7664.21904356482
3155.0	39	7663.708526142795
3156.0	42	7663.198043369649
3157.0	42	7662.687595242966
3158.0	47	7662.177181760352
3159.0	38	7661.666802919392
3160.0	40	7661.156458717683
3161.0	42	7660.646149152824
3162.0	43	7660.135874222413
3163.0	40	7659.625633924043
3164.0	38	7659.115428255306
3165.0	33	7658.605257213793
3166.0	35	7658.095120797122
3167.0	39	7657.585019002863
3168.0	35	7657.074951828632
3169.0	43	7656.564919272015
3170.0	36	7656.054921330615
3171.0	43	7655.544958002016
3172.0	45	7655.03502928384
3173.0	35	7654.525135173657
3174.0	40	7654.015275669085
3175.0	39	7653.505450767707
3176.0	31	7652.9956604671315
3177.0	38	7652.485904764949
3178.0	38	7651.97618365876
3179.0	42	7651.466497146172
3180.0	31	7650.956845224769
3181.0	38	7650.447227892155
3182.0	36	7649.93764514593
3183.0	36	7649.428096983695
3184.0	51	7648.918583403047
3185.0	33	7648.409104401584
3186.0	42	7647.899659976905
3187.0	40	7647.390250126618
3188.0	33	7646.880874848316
3189.0	44	7646.371534139599
3190.0	38	7645.862227998061
3191.0	36	7645.352956421319
3192.0	42	7644.843719406958
3193.0	48	7644.334516952589
3194.0	35	7643.825349055804
3195.0	30	7643.316215714209
3196.0	32	7642.807116925409
3197.0	37	7642.298052686995
3198.0	37	7641.789022996578
3199.0	48	7641.280027851756
3200.0	41	7640.77106725013
3201.0	35	7640.262141189309
3202.0	49	7639.753249666889
3203.0	43	7639.244392680469
3204.0	40	7638.735570227661
3205.0	38	7638.226782306058
3206.0	46	7637.7180289132775
3207.0	36	7637.209310046905
3208.0	35	7636.700625704553
3209.0	38	7636.191975883821
3210.0	32	7635.683360582319
3211.0	41	7635.174779797646
3212.0	41	7634.666233527409
3213.0	50	7634.1577217692075
3214.0	34	7633.649244520652
3215.0	56	7633.140801779344
3216.0	42	7632.632393542885
3217.0	43	7632.1240198088835
3218.0	37	7631.615680574943
3219.0	42	7631.107375838671
3220.0	40	7630.599105597671
3221.0	37	7630.090869849552
3222.0	39	7629.582668591906
3223.0	36	7629.074501822364
3224.0	45	7628.566369538508
3225.0	31	7628.058271737956
3226.0	36	7627.550208418312
3227.0	37	7627.0421795771845
3228.0	43	7626.534185212177
3229.0	43	7626.026225320893
3230.0	43	7625.51829990095
3231.0	45	7625.010408949949
3232.0	33	7624.502552465496
3233.0	39	7623.994730445206
3234.0	40	7623.4869428866705
3235.0	48	7622.979189787521
3236.0	35	7622.471471145343
3237.0	48	7621.963786957759
3238.0	33	7621.456137222373
3239.0	36	7620.9485219367925
3240.0	31	7620.440941098631
3241.0	37	7619.93339470549
3242.0	38	7619.425882754985
3243.0	38	7618.918405244723
3244.0	54	7618.410962172309
3245.0	32	7617.903553535357
3246.0	42	7617.396179331477
3247.0	24	7616.888839558281
3248.0	32	7616.381534213381
3249.0	46	7615.874263294371
3250.0	41	7615.3670267988855
3251.0	33	7614.859824724521
3252.0	49	7614.352657068887
3253.0	44	7613.845523829601
3254.0	35	7613.338425004268
3255.0	45	7612.831360590502
3256.0	44	7612.324330585915
3257.0	35	7611.817334988125
3258.0	35	7611.310373794732
3259.0	29	7610.803447003355
3260.0	40	7610.296554611601
3261.0	43	7609.78969661709
3262.0	37	7609.282873017427
3263.0	36	7608.776083810231
3264.0	55	7608.2693289931185
3265.0	39	7607.762608563685
3266.0	36	7607.255922519561
3267.0	41	7606.749270858352
3268.0	38	7606.242653577677
3269.0	26	7605.736070675137
3270.0	34	7605.2295221483655
3271.0	47	7604.723007994958
3272.0	52	7604.21652821254
3273.0	40	7603.710082798726
3274.0	35	7603.203671751123
3275.0	37	7602.697295067345
3276.0	37	7602.1909527450225
3277.0	43	7601.684644781754
3278.0	33	7601.1783711751605
3279.0	34	7600.672131922857
3280.0	33	7600.165927022458
3281.0	42	7599.659756471587
3282.0	39	7599.153620267849
3283.0	59	7598.647518408866
3284.0	47	7598.141450892258
3285.0	40	7597.635417715632
3286.0	49	7597.129418876609
3287.0	43	7596.623454372804
3288.0	38	7596.1175242018435
3289.0	39	7595.611628361331
3290.0	51	7595.1057668488875
3291.0	41	7594.599939662137
3292.0	40	7594.0941467986895
3293.0	47	7593.588388256172
3294.0	43	7593.082664032196
3295.0	42	7592.576974124375
3296.0	45	7592.071318530339
3297.0	29	7591.565697247693
3298.0	37	7591.060110274065
3299.0	53	7590.554557607079
3300.0	33	7590.049039244338
3301.0	42	7589.543555183471
3302.0	25	7589.0381054221025
3303.0	43	7588.532689957835
3304.0	28	7588.027308788307
3305.0	48	7587.5219619111285
3306.0	38	7587.016649323914
3307.0	35	7586.511371024299
3308.0	42	7586.006127009897
3309.0	52	7585.500917278318
3310.0	33	7584.995741827197
3311.0	45	7584.490600654155
3312.0	44	7583.985493756806
3313.0	36	7583.480421132762
3314.0	32	7582.975382779667
3315.0	42	7582.470378695129
3316.0	55	7581.965408876766
3317.0	28	7581.460473322205
3318.0	44	7580.9555720290755
3319.0	43	7580.450704994983
3320.0	49	7579.945872217567
3321.0	33	7579.441073694439
3322.0	39	7578.936309423231
3323.0	35	7578.431579401554
3324.0	39	7577.92688362704
3325.0	42	7577.422222097311
3326.0	37	7576.917594809982
3327.0	30	7576.413001762688
3328.0	44	7575.908442953054
3329.0	33	7575.4039183786845
3330.0	44	7574.899428037229
3331.0	40	7574.394971926297
3332.0	38	7573.89055004351
3333.0	37	7573.3861623865
3334.0	33	7572.881808952894
3335.0	42	7572.377489740313
3336.0	39	7571.873204746381
3337.0	44	7571.368953968726
3338.0	41	7570.864737404968
3339.0	40	7570.360555052741
3340.0	38	7569.856406909666
3341.0	39	7569.352292973361
3342.0	45	7568.848213241468
3343.0	46	7568.344167711602
3344.0	50	7567.840156381395
3345.0	43	7567.33617924847
3346.0	40	7566.832236310459
3347.0	43	7566.328327564984
3348.0	40	7565.824453009673
3349.0	53	7565.320612642152
3350.0	39	7564.816806460051
3351.0	53	7564.31303446099
3352.0	43	7563.809296642612
3353.0	45	7563.305593002538
3354.0	58	7562.80192353839
3355.0	42	7562.298288247803
3356.0	52	7561.794687128402
3357.0	50	7561.29112017782
3358.0	39	7560.7875873936855
3359.0	40	7560.284088773618
3360.0	35	7559.780624315254
3361.0	40	7559.27719401623
3362.0	36	7558.773797874159
3363.0	46	7558.270435886682
3364.0	31	7557.767108051429
3365.0	38	7557.263814366028
3366.0	35	7556.760554828105
3367.0	28	7556.257329435296
3368.0	36	7555.754138185233
3369.0	51	7555.250981075538
3370.0	46	7554.747858103848
3371.0	41	7554.244769267789
3372.0	41	7553.741714565004
3373.0	41	7553.238693993113
3374.0	44	7552.73570754975
3375.0	34	7552.23275523255
3376.0	41	7551.729837039141
3377.0	41	7551.226952967156
3378.0	38	7550.724103014236
3379.0	47	7550.22128717799
3380.0	38	7549.718505456074
3381.0	37	7549.215757846116
3382.0	44	7548.713044345741
3383.0	45	7548.210364952585
3384.0	39	7547.707719664287
3385.0	43	7547.205108478472
3386.0	30	7546.702531392783
3387.0	36	7546.19998840484
3388.0	41	7545.697479512286
3389.0	45	7545.195004712762
3390.0	41	7544.692564003889
3391.0	32	7544.190157383308
3392.0	31	7543.687784848651
3393.0	22	7543.185446397555
3394.0	50	7542.683142027648
3395.0	48	7542.180871736579
3396.0	36	7541.678635521976
3397.0	34	7541.17643338147
3398.0	36	7540.674265312694
3399.0	42	7540.1721313133
3400.0	36	7539.670031380909
3401.0	52	7539.167965513165
3402.0	40	7538.6659337077
3403.0	41	7538.1639359621495
3404.0	34	7537.6619722741525
3405.0	51	7537.160042641348
3406.0	44	7536.658147061368
3407.0	46	7536.156285531847
3408.0	46	7535.6544580504315
3409.0	37	7535.152664614758
3410.0	31	7534.650905222461
3411.0	37	7534.149179871172
3412.0	28	7533.647488558536
3413.0	35	7533.145831282194
3414.0	46	7532.644208039778
3415.0	48	7532.142618828925
3416.0	48	7531.641063647284
3417.0	36	7531.139542492484
3418.0	42	7530.638055362168
3419.0	48	7530.136602253971
3420.0	56	7529.635183165541
3421.0	30	7529.1337980945045
3422.0	26	7528.6324470385125
3423.0	37	7528.131129995202
3424.0	43	7527.629846962203
3425.0	43	7527.128597937173
3426.0	42	7526.627382917744
3427.0	42	7526.126201901552
3428.0	45	7525.625054886246
3429.0	36	7525.123941869462
3430.0	37	7524.6228628488325
3431.0	38	7524.121817822016
3432.0	49	7523.6208067866455
3433.0	37	7523.11982974036
3434.0	46	7522.618886680805
3435.0	35	7522.117977605619
3436.0	50	7521.617102512443
3437.0	39	7521.116261398927
3438.0	40	7520.615454262707
3439.0	44	7520.114681101419
3440.0	50	7519.613941912721
3441.0	47	7519.1132366942475
3442.0	42	7518.612565443642
3443.0	41	7518.111928158549
3444.0	46	7517.611324836603
3445.0	42	7517.1107554754635
3446.0	32	7516.610220072767
3447.0	35	7516.109718626146
3448.0	39	7515.609251133256
3449.0	35	7515.1088175917475
3450.0	46	7514.608417999256
3451.0	42	7514.1080523534165
3452.0	33	7513.607720651897
3453.0	42	7513.10742289232
3454.0	48	7512.607159072341
3455.0	40	7512.106929189611
3456.0	41	7511.6067332417615
3457.0	50	7511.106571226445
3458.0	46	7510.606443141309
3459.0	51	7510.106348983994
3460.0	37	7509.606288752156
3461.0	38	7509.106262443431
3462.0	43	7508.606270055469
3463.0	46	7508.106311585919
3464.0	43	7507.606387032415
3465.0	48	7507.1064963926265
3466.0	42	7506.606639664177
3467.0	39	7506.106816844732
3468.0	46	7505.607027931931
3469.0	37	7505.107272923418
3470.0	42	7504.607551816848
3471.0	49	7504.107864609866
3472.0	30	7503.608211300116
3473.0	36	7503.108591885246
3474.0	51	7502.609006362914
3475.0	45	7502.109454730764
3476.0	47	7501.609936986438
3477.0	37	7501.110453127596
3478.0	35	7500.611003151877
3479.0	39	7500.111587056933
3480.0	39	7499.612204840418
3481.0	48	7499.112856499974
3482.0	45	7498.613542033264
3483.0	47	7498.114261437917
3484.0	47	7497.615014711601
3485.0	44	7497.115801851954
3486.0	38	7496.61662285664
3487.0	31	7496.1174777233
3488.0	35	7495.618366449581
3489.0	27	7495.119289033146
3490.0	48	7494.620245471633
3491.0	38	7494.1212357627055
3492.0	38	7493.622259904003
3493.0	34	7493.123317893189
3494.0	39	7492.624409727909
3495.0	34	7492.125535405811
3496.0	46	7491.626694924552
3497.0	35	7491.127888281786
3498.0	42	7490.629115475159
3499.0	40	7490.130376502324
3500.0	34	7489.631671360939
3501.0	37	7489.133000048662
3502.0	41	7488.634362563134
3503.0	37	7488.13575890201
3504.0	42	7487.637189062946
3505.0	29	7487.1386530435975
3506.0	39	7486.640150841622
3507.0	35	7486.141682454666
3508.0	38	7485.643247880381
3509.0	51	7485.144847116428
3510.0	35	7484.646480160457
3511.0	51	7484.148147010132
3512.0	30	7483.649847663096
3513.0	40	7483.1515821170005
3514.0	36	7482.653350369516
3515.0	36	7482.155152418289
3516.0	42	7481.6569882609765
3517.0	44	7481.158857895235
3518.0	36	7480.660761318713
3519.0	46	7480.162698529079
3520.0	50	7479.664669523979
3521.0	32	7479.1666743010655
3522.0	42	7478.668712858008
3523.0	38	7478.17078519246
3524.0	43	7477.672891302067
3525.0	38	7477.175031184498
3526.0	38	7476.677204837408
3527.0	44	7476.179412258449
3528.0	40	7475.6816534452855
3529.0	39	7475.18392839557
3530.0	45	7474.686237106958
3531.0	44	7474.188579577107
3532.0	41	7473.690955803686
3533.0	35	7473.193365784344
3534.0	42	7472.695809516738
3535.0	54	7472.198286998538
3536.0	52	7471.700798227383
3537.0	45	7471.203343200956
3538.0	47	7470.705921916892
3539.0	46	7470.208534372869
3540.0	46	7469.71118056654
3541.0	28	7469.21386049556
3542.0	43	7468.716574157586
3543.0	44	7468.219321550296
3544.0	43	7467.72210267133
3545.0	30	7467.224917518362
3546.0	43	7466.727766089041
3547.0	44	7466.230648381037
3548.0	39	7465.733564392006
3549.0	29	7465.2365141196115
3550.0	29	7464.7394975615125
3551.0	35	7464.242514715374
3552.0	50	7463.745565578851
3553.0	40	7463.248650149611
3554.0	36	7462.751768425311
3555.0	37	7462.254920403614
3556.0	31	7461.758106082182
3557.0	40	7461.261325458681
3558.0	31	7460.764578530769
3559.0	37	7460.267865296114
3560.0	46	7459.771185752375
3561.0	43	7459.27453989721
3562.0	44	7458.777927728289
3563.0	46	7458.281349243269
3564.0	46	7457.784804439822
3565.0	36	7457.288293315609
3566.0	47	7456.791815868288
3567.0	48	7456.295372095523
3568.0	47	7455.7989619949885
3569.0	55	7455.302585564339
3570.0	52	7454.806242801244
3571.0	41	7454.309933703363
3572.0	43	7453.813658268365
3573.0	38	7453.317416493913
3574.0	34	7452.821208377668
3575.0	42	7452.325033917307
3576.0	45	7451.828893110486
3577.0	49	7451.332785954872
3578.0	37	7450.836712448127
3579.0	26	7450.34067258793
3580.0	46	7449.844666371934
3581.0	42	7449.348693797811
3582.0	37	7448.852754863221
3583.0	43	7448.356849565841
3584.0	39	7447.860977903329
3585.0	40	7447.365139873352
3586.0	26	7446.869335473589
3587.0	39	7446.373564701693
3588.0	49	7445.877827555338
3589.0	27	7445.382124032186
3590.0	40	7444.8864541299145
3591.0	42	7444.390817846184
3592.0	42	7443.8952151786625
3593.0	44	7443.399646125018
3594.0	44	7442.904110682928
3595.0	46	7442.408608850051
3596.0	47	7441.913140624056
3597.0	36	7441.417706002622
3598.0	40	7440.922304983405
3599.0	38	7440.426937564077
3600.0	25	7439.931603742316
3601.0	31	7439.436303515786
3602.0	33	7438.941036882152
3603.0	34	7438.44580383909
3604.0	40	7437.950604384269
3605.0	42	7437.455438515358
3606.0	56	7436.9603062300275
3607.0	42	7436.465207525952
3608.0	47	7435.970142400801
3609.0	44	7435.475110852233
3610.0	33	7434.980112877936
3611.0	48	7434.4851484755745
3612.0	37	7433.990217642819
3613.0	40	7433.495320377343
3614.0	37	7433.000456676819
3615.0	41	7432.505626538912
3616.0	37	7432.010829961302
3617.0	45	7431.516066941655
3618.0	47	7431.02133747765
3619.0	37	7430.526641566946
3620.0	45	7430.031979207237
3621.0	46	7429.537350396184
3622.0	38	7429.042755131455
3623.0	50	7428.548193410729
3624.0	32	7428.053665231683
3625.0	50	7427.559170591985
3626.0	40	7427.064709489315
3627.0	38	7426.570281921338
3628.0	33	7426.0758878857305
3629.0	31	7425.581527380171
3630.0	47	7425.087200402327
3631.0	32	7424.592906949885
3632.0	36	7424.098647020509
3633.0	38	7423.604420611875
3634.0	45	7423.110227721653
3635.0	39	7422.61606834754
3636.0	36	7422.121942487186
3637.0	41	7421.627850138279
3638.0	45	7421.133791298499
3639.0	45	7420.639765965506
3640.0	37	7420.145774136988
3641.0	42	7419.651815810625
3642.0	39	7419.1578909840755
3643.0	41	7418.663999655038
3644.0	38	7418.1701418211715
3645.0	40	7417.676317480163
3646.0	33	7417.182526629687
3647.0	41	7416.688769267418
3648.0	34	7416.195045391042
3649.0	34	7415.701354998223
3650.0	33	7415.2076980866495
3651.0	43	7414.714074653989
3652.0	34	7414.220484697933
3653.0	35	7413.72692821615
3654.0	46	7413.233405206323
3655.0	39	7412.739915666129
3656.0	44	7412.246459593248
3657.0	42	7411.753036985349
3658.0	43	7411.2596478401265
3659.0	41	7410.766292155248
3660.0	37	7410.272969928396
3661.0	36	7409.779681157255
3662.0	28	7409.2864258395
3663.0	46	7408.793203972809
3664.0	35	7408.300015554866
3665.0	37	7407.806860583349
3666.0	31	7407.31373905594
3667.0	41	7406.820650970317
3668.0	37	7406.327596324155
3669.0	42	7405.8345751151555
3670.0	31	7405.341587340973
3671.0	43	7404.848632999314
3672.0	36	7404.355712087842
3673.0	39	7403.86282460424
3674.0	44	7403.369970546191
3675.0	30	7402.877149911387
3676.0	36	7402.384362697499
3677.0	53	7401.891608902214
3678.0	44	7401.39888852321
3679.0	38	7400.906201558173
3680.0	51	7400.413548004789
3681.0	45	7399.920927860732
3682.0	37	7399.428341123685
3683.0	36	7398.935787791346
3684.0	38	7398.443267861377
3685.0	38	7397.950781331482
3686.0	45	7397.45832819933
3687.0	53	7396.965908462607
3688.0	41	7396.473522119
3689.0	34	7395.981169166195
3690.0	43	7395.4888496018775
3691.0	53	7394.996563423726
3692.0	41	7394.504310629427
3693.0	37	7394.012091216666
3694.0	43	7393.519905183125
3695.0	39	7393.027752526495
3696.0	35	7392.535633244457
3697.0	37	7392.043547334697
3698.0	53	7391.551494794903
3699.0	34	7391.0594756227565
3700.0	40	7390.567489815945
3701.0	44	7390.075537372163
3702.0	24	7389.583618289077
3703.0	47	7389.091732564392
3704.0	38	7388.5998801957885
3705.0	40	7388.108061180959
3706.0	42	7387.61627551758
3707.0	32	7387.124523203336
3708.0	32	7386.632804235928
3709.0	46	7386.141118613034
3710.0	44	7385.649466332345
3711.0	47	7385.157847391551
3712.0	45	7384.666261788332
3713.0	45	7384.174709520382
3714.0	50	7383.683190585392
3715.0	38	7383.191704981041
3716.0	40	7382.700252705034
3717.0	43	7382.208833755041
3718.0	34	7381.717448128753
3719.0	36	7381.226095823874
3720.0	42	7380.734776838077
3721.0	45	7380.243491169065
3722.0	44	7379.75223881452
3723.0	46	7379.261019772131
3724.0	40	7378.7698340395855
3725.0	42	7378.278681614583
3726.0	46	7377.787562494809
3727.0	42	7377.296476677949
3728.0	41	7376.8054241616965
3729.0	44	7376.31440494375
3730.0	42	7375.823419021794
3731.0	48	7375.332466393513
3732.0	39	7374.841547056607
3733.0	30	7374.350661008765
3734.0	36	7373.859808247679
3735.0	47	7373.368988771043
3736.0	41	7372.878202576541
3737.0	21	7372.387449661871
3738.0	43	7371.896730024729
3739.0	34	7371.406043662799
3740.0	38	7370.915390573771
3741.0	33	7370.4247707553495
3742.0	38	7369.93418420522
3743.0	41	7369.44363092108
3744.0	37	7368.953110900624
3745.0	40	7368.462624141531
3746.0	40	7367.972170641508
3747.0	32	7367.481750398248
3748.0	38	7366.991363409438
3749.0	45	7366.501009672786
3750.0	34	7366.010689185966
3751.0	47	7365.520401946683
3752.0	47	7365.030147952636
3753.0	32	7364.53992720151
3754.0	46	7364.049739691011
3755.0	39	7363.559585418825
3756.0	34	7363.069464382647
3757.0	37	7362.579376580173
3758.0	32	7362.089322009107
3759.0	52	7361.599300667132
3760.0	37	7361.109312551952
3761.0	48	7360.61935766126
3762.0	30	7360.129435992755
3763.0	37	7359.639547544133
3764.0	45	7359.149692313088
3765.0	45	7358.659870297317
3766.0	33	7358.170081494514
3767.0	40	7357.68032590238
3768.0	46	7357.190603518612
3769.0	34	7356.700914340907
3770.0	33	7356.211258366961
3771.0	47	7355.721635594469
3772.0	34	7355.232046021141
3773.0	40	7354.742489644658
3774.0	41	7354.25296646273
3775.0	46	7353.76347647305
3776.0	38	7353.27401967332
3777.0	38	7352.78459606124
3778.0	61	7352.295205634504
3779.0	38	7351.8058483908035
3780.0	51	7351.3165243278545
3781.0	35	7350.827233443346
3782.0	31	7350.337975734976
3783.0	31	7349.848751200456
3784.0	53	7349.3595598374695
3785.0	47	7348.870401643728
3786.0	45	7348.381276616923
3787.0	43	7347.892184754767
3788.0	40	7347.403126054951
3789.0	48	7346.914100515172
3790.0	39	7346.425108133145
3791.0	36	7345.936148906556
3792.0	36	7345.447222833111
3793.0	50	7344.958329910516
3794.0	45	7344.469470136466
3795.0	40	7343.980643508665
3796.0	33	7343.4918500248195
3797.0	37	7343.00308968262
3798.0	42	7342.514362479783
3799.0	43	7342.025668413996
3800.0	28	7341.53700748297
3801.0	54	7341.048379684406
3802.0	51	7340.559785016009
3803.0	34	7340.071223475481
3804.0	53	7339.582695060516
3805.0	33	7339.094199768835
3806.0	38	7338.605737598124
3807.0	33	7338.117308546093
3808.0	37	7337.628912610446
3809.0	41	7337.140549788896
3810.0	34	7336.652220079129
3811.0	41	7336.163923478858
3812.0	40	7335.675659985793
3813.0	51	7335.187429597628
3814.0	35	7334.69923231207
3815.0	34	7334.2110681268305
3816.0	37	7333.722937039611
3817.0	39	7333.234839048118
3818.0	37	7332.746774150053
3819.0	47	7332.258742343122
3820.0	32	7331.77074362503
3821.0	32	7331.282777993489
3822.0	28	7330.794845446198
3823.0	36	7330.306945980861
3824.0	38	7329.819079595202
3825.0	43	7329.3312462869035
3826.0	31	7328.843446053684
3827.0	38	7328.355678893253
3828.0	42	7327.867944803316
3829.0	41	7327.380243781575
3830.0	42	7326.892575825734
3831.0	47	7326.404940933513
3832.0	48	7325.917339102611
3833.0	43	7325.429770330747
3834.0	40	7324.94223461561
3835.0	38	7324.454731954916
3836.0	35	7323.967262346385
3837.0	29	7323.479825787705
3838.0	45	7322.992422276601
3839.0	41	7322.505051810775
3840.0	37	7322.017714387943
3841.0	49	7321.530410005801
3842.0	47	7321.043138662065
3843.0	36	7320.555900354445
3844.0	40	7320.068695080644
3845.0	42	7319.581522838388
3846.0	39	7319.094383625372
3847.0	34	7318.6072774393115
3848.0	32	7318.120204277919
3849.0	46	7317.633164138896
3850.0	50	7317.14615701996
3851.0	40	7316.6591829188255
3852.0	41	7316.172241833187
3853.0	41	7315.685333760775
3854.0	41	7315.198458699297
3855.0	43	7314.711616646448
3856.0	37	7314.224807599963
3857.0	51	7313.738031557537
3858.0	34	7313.2512885168835
3859.0	51	7312.764578475723
3860.0	39	7312.27790143176
3861.0	42	7311.791257382705
3862.0	42	7311.304646326285
3863.0	35	7310.818068260196
3864.0	48	7310.331523182156
3865.0	31	7309.845011089879
3866.0	33	7309.358531981083
3867.0	44	7308.872085853473
3868.0	35	7308.385672704766
3869.0	44	7307.8992925326775
3870.0	34	7307.412945334915
3871.0	50	7306.926631109203
3872.0	39	7306.440349853253
3873.0	29	7305.954101564767
3874.0	39	7305.467886241472
3875.0	35	7304.981703881077
3876.0	40	7304.495554481297
3877.0	34	7304.009438039851
3878.0	43	7303.523354554453
3879.0	39	7303.0373040228205
3880.0	35	7302.551286442655
3881.0	40	7302.065301811695
3882.0	35	7301.579350127634
3883.0	47	7301.0934313882
3884.0	39	7300.607545591107
3885.0	34	7300.121692734071
3886.0	42	7299.635872814804
3887.0	40	7299.150085831037
3888.0	47	7298.664331780466
3889.0	39	7298.178610660823
3890.0	34	7297.692922469824
3891.0	37	7297.207267205178
3892.0	41	7296.721644864606
3893.0	43	7296.236055445825
3894.0	34	7295.750498946558
3895.0	43	7295.264975364524
3896.0	35	7294.779484697427
3897.0	43	7294.294026942998
3898.0	41	7293.80860209895
3899.0	26	7293.3232101630065
3900.0	36	7292.837851132885
3901.0	49	7292.3525250062985
3902.0	40	7291.867231780964
3903.0	34	7291.381971454614
3904.0	41	7290.896744024958
3905.0	39	7290.411549489714
3906.0	43	7289.926387846605
3907.0	43	7289.441259093357
3908.0	41	7288.95616322768
3909.0	43	7288.471100247302
3910.0	47	7287.986070149934
3911.0	40	7287.501072933303
3912.0	40	7287.016108595135
3913.0	36	7286.5311771331335
3914.0	39	7286.046278545042
3915.0	48	7285.561412828556
3916.0	40	7285.076579981419
3917.0	34	7284.591780001349
3918.0	39	7284.107012886052
3919.0	42	7283.622278633267
3920.0	28	7283.137577240705
3921.0	41	7282.652908706095
3922.0	49	7282.168273027153
3923.0	42	7281.683670201613
3924.0	44	7281.199100227178
3925.0	48	7280.714563101587
3926.0	27	7280.230058822566
3927.0	41	7279.745587387821
3928.0	43	7279.261148795086
3929.0	44	7278.776743042082
3930.0	37	7278.292370126538
3931.0	39	7277.808030046165
3932.0	32	7277.323722798702
3933.0	34	7276.839448381862
3934.0	49	7276.355206793378
3935.0	38	7275.870998030967
3936.0	43	7275.386822092354
3937.0	33	7274.902678975269
3938.0	46	7274.418568677428
3939.0	34	7273.9344911965645
3940.0	33	7273.450446530402
3941.0	43	7272.966434676659
3942.0	38	7272.482455633069
3943.0	40	7271.998509397357
3944.0	37	7271.514595967249
3945.0	33	7271.030715340462
3946.0	50	7270.546867514737
3947.0	31	7270.063052487786
3948.0	49	7269.579270257346
3949.0	46	7269.0955208211335
3950.0	33	7268.611804176882
3951.0	41	7268.128120322319
3952.0	48	7267.644469255171
3953.0	34	7267.160850973168
3954.0	52	7266.677265474027
3955.0	51	7266.193712755483
3956.0	39	7265.710192815269
3957.0	45	7265.226705651106
3958.0	37	7264.7432512607165
3959.0	36	7264.259829641839
3960.0	39	7263.7764407921995
3961.0	50	7263.293084709522
3962.0	32	7262.809761391543
3963.0	38	7262.326470835983
3964.0	37	7261.843213040572
3965.0	39	7261.3599880030515
3966.0	46	7260.876795721135
3967.0	43	7260.393636192556
3968.0	32	7259.91050941505
3969.0	45	7259.427415386343
3970.0	41	7258.944354104165
3971.0	40	7258.461325566255
3972.0	35	7257.978329770325
3973.0	37	7257.495366714118
3974.0	50	7257.012436395366
3975.0	49	7256.529538811787
3976.0	37	7256.046673961134
3977.0	47	7255.563841841117
3978.0	30	7255.0810424494775
3979.0	38	7254.598275783944
3980.0	42	7254.115541842241
3981.0	46	7253.63284062212
3982.0	50	7253.1501721212935
3983.0	38	7252.6675363375125
3984.0	33	7252.184933268485
3985.0	41	7251.702362911964
3986.0	28	7251.219825265672
3987.0	41	7250.7373203273455
3988.0	49	7250.25484809472
3989.0	27	7249.772408565518
3990.0	48	7249.29000173749
3991.0	42	7248.807627608349
3992.0	31	7248.325286175844
3993.0	49	7247.8429774377
3994.0	46	7247.360701391654
3995.0	33	7246.878458035445
3996.0	29	7246.396247366802
3997.0	33	7245.914069383456
3998.0	54	7245.431924083142
3999.0	43	7244.949811463606
4000.0	43	7244.46773152257
4001.0	34	7243.98568425778
4002.0	43	7243.503669666958
4003.0	39	7243.021687747849
4004.0	40	7242.53973849819
4005.0	43	7242.057821915709
4006.0	42	7241.575937998149
4007.0	43	7241.0940867432355
4008.0	37	7240.612268148714
4009.0	34	7240.130482212321
4010.0	46	7239.648728931797
4011.0	38	7239.167008304863
4012.0	36	7238.685320329268
4013.0	33	7238.2036650027385
4014.0	40	7237.7220423230265
4015.0	35	7237.240452287858
4016.0	41	7236.758894894975
4017.0	37	7236.27737014212
4018.0	37	7235.795878027021
4019.0	38	7235.314418547414
4020.0	45	7234.832991701048
4021.0	38	7234.351597485661
4022.0	42	7233.870235898984
4023.0	43	7233.388906938757
4024.0	42	7232.907610602719
4025.0	39	7232.426346888608
4026.0	21	7231.9451157941685
4027.0	37	7231.463917317134
4028.0	29	7230.982751455241
4029.0	34	7230.501618206241
4030.0	35	7230.020517567869
4031.0	40	7229.539449537855
4032.0	39	7229.058414113951
4033.0	34	7228.5774112938925
4034.0	40	7228.096441075414
4035.0	55	7227.615503456267
4036.0	41	7227.134598434192
4037.0	38	7226.653726006914
4038.0	37	7226.172886172196
4039.0	44	7225.692078927764
4040.0	43	7225.211304271363
4041.0	30	7224.730562200732
4042.0	32	7224.249852713618
4043.0	49	7223.769175807757
4044.0	42	7223.288531480905
4045.0	41	7222.807919730778
4046.0	33	7222.327340555143
4047.0	34	7221.846793951729
4048.0	48	7221.366279918289
4049.0	42	7220.885798452556
4050.0	36	7220.40534955227
4051.0	39	7219.9249332151885
4052.0	42	7219.444549439044
4053.0	33	7218.96419822158
4054.0	33	7218.4838795605465
4055.0	41	7218.003593453683
4056.0	38	7217.523339898731
4057.0	39	7217.043118893435
4058.0	44	7216.562930435545
4059.0	35	7216.082774522799
4060.0	32	7215.6026511529435
4061.0	41	7215.122560323724
4062.0	44	7214.642502032888
4063.0	43	7214.162476278182
4064.0	40	7213.682483057342
4065.0	36	7213.202522368117
4066.0	38	7212.722594208253
4067.0	40	7212.242698575495
4068.0	54	7211.762835467591
4069.0	45	7211.283004882294
4070.0	32	7210.803206817328
4071.0	39	7210.323441270465
4072.0	37	7209.843708239435
4073.0	47	7209.364007721985
4074.0	39	7208.88433971587
4075.0	30	7208.404704218838
4076.0	45	7207.925101228625
4077.0	35	7207.44553074299
4078.0	43	7206.965992759671
4079.0	38	7206.4864872764165
4080.0	29	7206.007014290979
4081.0	31	7205.5275738011105
4082.0	42	7205.048165804547
4083.0	41	7204.5687902990385
4084.0	33	7204.089447282345
4085.0	30	7203.610136752204
4086.0	27	7203.130858706367
4087.0	37	7202.651613142593
4088.0	40	7202.172400058613
4089.0	47	7201.693219452181
4090.0	44	7201.214071321057
4091.0	41	7200.734955662981
4092.0	40	7200.2558724757055
4093.0	32	7199.776821756983
4094.0	41	7199.297803504559
4095.0	39	7198.818817716185
4096.0	31	7198.339864389608
4097.0	42	7197.860943522584
4098.0	36	7197.382055112866
4099.0	31	7196.903199158198
4100.0	47	7196.424375656332
4101.0	33	7195.945584605015
4102.0	42	7195.466826002012
4103.0	40	7194.988099845058
4104.0	48	7194.509406131918
4105.0	39	7194.03074486034
4106.0	44	7193.552116028068
4107.0	22	7193.073519632865
4108.0	36	7192.594955672474
4109.0	25	7192.116424144653
4110.0	37	7191.637925047157
4111.0	34	7191.159458377732
4112.0	35	7190.68102413414
4113.0	35	7190.202622314116
4114.0	38	7189.724252915434
4115.0	38	7189.2459159358295
4116.0	30	7188.767611373075
4117.0	42	7188.289339224907
4118.0	38	7187.8110994890885
4119.0	41	7187.332892163373
4120.0	45	7186.854717245509
4121.0	29	7186.376574733256
4122.0	35	7185.8984646243725
4123.0	50	7185.420386916599
4124.0	39	7184.942341607706
4125.0	37	7184.464328695434
4126.0	43	7183.986348177551
4127.0	42	7183.508400051807
4128.0	33	7183.030484315955
4129.0	42	7182.5526009677515
4130.0	31	7182.074750004956
4131.0	56	7181.596931425319
4132.0	43	7181.119145226604
4133.0	33	7180.641391406558
4134.0	37	7180.1636699629435
4135.0	41	7179.685980893517
4136.0	36	7179.208324196033
4137.0	29	7178.730699868242
